Wavenumbercm-1,1.30e+01 M,8.68e+00 M,6.51e+00 M,5.21e+00 M,4.34e+00 M,3.47e+00 M,2.60e+00 M
3000,-0.025430003619826603,-0.002010439520242032,0.013224143786168967,-0.025706174648354407,-0.009517214491895852,0.0022332218039386206,-0.021977198468532456
2998,0.00240333658843505,0.04428037511447261,0.030878899316125377,0.0017145608827486892,0.033027334163392964,0.029955963410041326,0.027588322767477753
2996,0.030845748001574042,0.06567207549523216,0.047903515530971864,0.014899011380290383,0.05980865624229036,0.03664242328317247,0.06452168101519987
2994,0.06203306323163971,0.06930243026649648,0.07399154005977725,0.028895520928853124,0.08104938921897083,0.04156278730562212,0.09016224412588056
2992,0.09135055708895604,0.07483408608845439,0.10697711270281333,0.061511160146389486,0.1080872833289613,0.0637263312966039,0.11583272905807457
2990,0.11526872249590325,0.09550099513002892,0.1347228424005787,0.11085241915123528,0.13805561015104406,0.10411368082388488,0.15023896222156571
2988,0.13681222000196322,0.1261971844956386,0.14541973241754563,0.15686582136098262,0.16011624968137128,0.14706509593044848,0.18730811580647014
2986,0.1583322061700544,0.15420277870579643,0.14223385688159906,0.18701105090511438,0.17439207687806857,0.17832222926383182,0.21673025266768606
2984,0.17528960064620153,0.1728729762564959,0.14189332333465568,0.20704613296730168,0.19035173549436396,0.1962306242030686,0.2398853842527845
2982,0.18423033240522774,0.18140678860516976,0.156325757743271,0.22442356720641948,0.21155687684515823,0.20805203902084501,0.2630673323860479
2980,0.18863209919376733,0.1805244968240825,0.18199656169634137,0.23852677972390704,0.23385724064011343,0.2183160456748918,0.282385419738642
2978,0.19414044050523707,0.17554223128646176,0.2090486581573375,0.2519766127001807,0.2568783768882406,0.22774980013384158,0.2916333535458713
2976,0.2009907486562934,0.1755829498069829,0.23091636712698152,0.2710898039683444,0.28294940741756186,0.23686494021062815,0.2939756312045315
2974,0.20611339175005466,0.18592830786368106,0.24586611211676787,0.2921035144471563,0.30614377641114204,0.2439073091179331,0.29682966158406004
2972,0.21414858403566067,0.20705499760842463,0.2584131435486435,0.30627051968306807,0.3202506919696908,0.2538626830052003,0.31104435862013013
2970,0.23177194913435115,0.23252423305352335,0.2722440766665688,0.31257984828110386,0.32744902995761327,0.27813708064347736,0.34382558587852613
2968,0.24869797006067804,0.24441489603824845,0.27926342742397225,0.3107914152661915,0.32369750486770815,0.30949418631346015,0.37802983285772196
2966,0.24248551202610222,0.22669271048746245,0.26686940855137586,0.29417397261748396,0.293647849172065,0.31613214678962254,0.3779498666914371
2964,0.20979982385619927,0.18929315530014215,0.2382187100940049,0.26341117196185937,0.2390548616787432,0.27974670677054264,0.3332513980927604
2962,0.17673441304945176,0.16403632305775384,0.21104106202972966,0.23533680323906428,0.19329220673612085,0.22242752934518475,0.27558115872061717
2960,0.16965091030034907,0.16819886356911798,0.19723038056180955,0.22522974209989421,0.18592807615665194,0.1820244733651167,0.24027789867663218
2958,0.18516453266265023,0.18206241729913322,0.19132313574640075,0.2247198384885965,0.20536407511530613,0.17102108510556843,0.22684043533261813
2956,0.2011868658456822,0.1794588974844601,0.18526742837627108,0.21943041070557684,0.21994252167820574,0.177672408407865,0.21622322001137115
2954,0.20383758969153318,0.16068612987667436,0.17803171459379083,0.21129396048147425,0.21690701644906876,0.18705525835521425,0.2008362382228901
2952,0.19153698857057783,0.14073087057580663,0.16339780877302942,0.19868848830483954,0.19781294528142038,0.18037320649969518,0.17506690267747904
2950,0.16798458716504436,0.12589482114329928,0.13457243335447114,0.1659248494488078,0.16133401685694584,0.14575537794911747,0.13031539527495806
2948,0.14272981901376075,0.11503741617220724,0.10247033442943938,0.11038252851889412,0.10978044670266902,0.0970674962926333,0.07165144791931942
2946,0.13307027514348285,0.11360645610123803,0.09351498093827884,0.06403981990694396,0.06422523509701175,0.06956681015622038,0.029899518258867424
2944,0.152945724961382,0.12983214945168148,0.12069597260691531,0.0665317989359309,0.0523514086032559,0.08568385553738501,0.03842348701750123
2942,0.19689862243587078,0.15847128518000972,0.16621855936154628,0.118248152384345,0.0803842395872098,0.13133795289452307,0.09696379212537674
2940,0.23964537289310747,0.1797887049420781,0.19684517583313837,0.17616050902793745,0.12264562770865604,0.16778239834169661,0.16290436690583002
2938,0.2593216729863186,0.182054419342518,0.19578213470724395,0.20410659582552831,0.14629468687536545,0.172560842513299,0.19465839083312964
2936,0.25557040488326793,0.17271502261633392,0.17434328295418994,0.2042869830017561,0.14064126291373621,0.1546072180698145,0.18702245053713426
2934,0.2420960632057958,0.16463803672485733,0.15416968128516373,0.19356936369933084,0.1182334173190984,0.12928906582604965,0.1564744269612582
2932,0.22971569469169548,0.1630834891285493,0.1468821021957243,0.17839642788965251,0.09949243613844146,0.10304100463296811,0.12018238362986378
2930,0.2183159987840968,0.1644951224877378,0.14643848644141477,0.15876270777669887,0.0928222852238453,0.07744793158987065,0.08860623124538305
2928,0.20404354182958226,0.16301727715296765,0.1397891505422734,0.14074350159872512,0.08710601696124035,0.05587381615327109,0.06487425217743749
2926,0.18839858903440118,0.15669825561573017,0.12547612058870317,0.13078530977713893,0.06726976009157137,0.04186985565955184,0.047602198321667274
2924,0.17817322961534565,0.1507766290801235,0.1189001620626406,0.12668971558457598,0.03869354984256483,0.03722032484963176,0.03614009704912258
2922,0.18049841871292105,0.15715443882604366,0.13445750895896055,0.1289929828702521,0.030305282898677188,0.048176293006981806,0.03780922533646292
2920,0.19684217757763248,0.17915284869216028,0.16293675880700892,0.1414581261939212,0.05677396049520385,0.07525274608281433,0.05589617967354328
2918,0.2234142215936502,0.2050494336120962,0.18328474828163116,0.16274490331936473,0.09921362627056439,0.10803027329897533,0.08293354147414093
2916,0.25671913621965387,0.22766299389109662,0.19568847675138493,0.1929283671930046,0.14065963962193412,0.1432605986754472,0.11855420257714423
2914,0.2921429626185293,0.2527283211781466,0.2179678463397152,0.23506565614329483,0.18668607132690346,0.18769109395267786,0.16957909322858192
2912,0.3201364334641717,0.28046717572339247,0.2529597827121664,0.28242150476587585,0.2386743680707843,0.2405216649715391,0.22885905161445105
2910,0.3323289791702609,0.2974055242421706,0.2839032859700063,0.31696006050888803,0.2776415446884222,0.2882591832503889,0.2744499262975399
2908,0.33106791440808303,0.2955027817602404,0.30183372508417944,0.32759591732692384,0.28852289084816574,0.317776703757064,0.29397664463243267
2906,0.3257387571310141,0.28723423099210205,0.31601514887701004,0.32345009328848123,0.28347712361890276,0.3292002145314685,0.3009977438719407
2904,0.3211947968752005,0.2899231436726619,0.3315068209163427,0.319448338962729,0.2832126105281309,0.33036536960215807,0.31299400673032546
2902,0.3160548253098855,0.3019460471678702,0.3370986199680937,0.3163579185604635,0.2871849494663322,0.3252819202039189,0.3243320017116408
2900,0.3093959444798207,0.30623826449334907,0.3242627805520138,0.3070765392370915,0.2810368520225768,0.31420799917190906,0.3185050657864556
2898,0.30093202441446604,0.29341300926026687,0.3022125549762008,0.29387602705023863,0.2634724812095787,0.29739164134509694,0.2966486785740183
2896,0.28735264179241293,0.2708139518610271,0.28435923148725617,0.2865132421562235,0.24781674338658602,0.2754057297211105,0.27641085069898846
2894,0.26869911358771376,0.2516233513682851,0.2734139876780958,0.28749124651097024,0.24292023640250066,0.2529663765905202,0.2691901971885129
2892,0.25606211362994064,0.2447316018656719,0.267986287283725,0.2918153864355468,0.24806204052264236,0.24248651629393275,0.2731368289595008
2890,0.26136118879986486,0.25207954392700266,0.27067591248598016,0.2986266847413523,0.261597939030484,0.2548156812742769,0.2850007793844882
2888,0.28126818355776856,0.2687041517473556,0.28211421141980747,0.31033021976545844,0.28210360444645555,0.28514217676055353,0.3052617231433953
2886,0.30196859603877296,0.2862688936281492,0.2979048586864166,0.3233233438192538,0.3037683167930643,0.31673845398090356,0.3308289965739945
2884,0.31820551321497376,0.30052954095344836,0.31696296657795064,0.33206520302490744,0.3205202879044755,0.3396591624745784,0.3538940257794011
2882,0.33535783834533955,0.31360569878353656,0.3414601576592938,0.3397135040848101,0.33210384190184183,0.3555743449332501,0.36973207375482536
2880,0.3527668944870061,0.32650746143586246,0.36374673825825804,0.3522107388541428,0.33860619519193186,0.36375692515917785,0.37817930904252745
2878,0.3597774520598595,0.3346174974409511,0.3671782115512696,0.36434324615867225,0.33555802695677356,0.35775084582127764,0.37906498695373764
2876,0.35224193110223934,0.3341528524870161,0.3481149332385464,0.36424959558264197,0.3226164916009189,0.34095789587156217,0.37314359217303744
2874,0.3380145757586967,0.3266117652289197,0.32293201414986106,0.34939265691756954,0.3088064545201834,0.3284897163593492,0.36392171535606005
2872,0.32095934744092874,0.3118367102161029,0.30487218857836024,0.32620300487998155,0.29983557597997895,0.32488748268176537,0.35159814438088555
2870,0.2931752683398529,0.2847988948357319,0.28778264302937623,0.29652749633365977,0.28675722522091157,0.3146351078455731,0.32919520982395717
2868,0.25019911175090065,0.2459214532936712,0.26122535297203753,0.25708855565877664,0.25669261909382435,0.2827027471233896,0.2916937010910184
2866,0.20241714822240595,0.20611372366487973,0.22798919967416048,0.21239756594809792,0.21097080962137882,0.2338887430533128,0.24563296032364884
2864,0.1615071759794618,0.1736275516854625,0.19339525239708535,0.1743669418242135,0.16173402952976365,0.1821790589666217,0.20067242615011288
2862,0.12558337331677216,0.14228234386777022,0.15053144441054978,0.14614237968302615,0.11609662166988792,0.1324854594694679,0.1559764270451077
2860,0.08727885092172974,0.10128404791413138,0.09204669523300302,0.1175765683476554,0.07484295853628634,0.08415989201780397,0.1052901469186001
2858,0.048620815996864915,0.052893851060333286,0.028257687175327565,0.08040099656853923,0.04042526925991702,0.04162244485724521,0.05147019219031166
2856,0.018274700824900465,0.011171468539675928,-0.021040321626686297,0.03886943370829713,0.014117195712130203,0.008722264122899014,0.005428427385948737
2854,-0.00043540792981026173,-0.013949997990323683,-0.04752671808908494,0.0020816964207889758,-0.01078428130655694,-0.01995790949613811,-0.027410334618927407
2852,-0.009840641012382618,-0.02394324195926094,-0.05559515690780913,-0.025310554210892316,-0.038909610398758246,-0.04739973814590912,-0.04849246821604331
2850,-0.011397736822083775,-0.024533087133669862,-0.04843211076787711,-0.04072647216821387,-0.05778165442330285,-0.06090767885952901,-0.05466407032633592
2848,-0.008217112072003128,-0.020137140625263873,-0.029011946130785962,-0.042799087123566906,-0.05133059348892425,-0.05034714169211612,-0.042079182637584076
2846,-0.007430590562213234,-0.015682073176597772,-0.00881537635302385,-0.03534867085177231,-0.0252594361676844,-0.02684659942949885,-0.01887021796306445
2844,-0.01117552642683188,-0.0142515027054422,0.0012402523136836345,-0.02370117977612843,-0.0014114363128125808,-0.007863309935919525,0.002201215734967381
2842,-0.01247943015194718,-0.0139121728896474,0.00305371714050571,-0.00928651345421258,0.007454224837262387,0.003364023347270865,0.01823008464228257
2840,-0.006846720808559581,-0.011611037799478575,0.004934389662665921,0.006563796816421549,0.005675752933544547,0.01251278486541843,0.03231440710254585
2838,-0.0010014357841265787,-0.007416692846782689,0.009317443187087946,0.017899733146978014,0.0023194582231761242,0.019438366010883137,0.042473427975517924
2836,-0.002805061707619442,-0.0016935419332340196,0.014007459793885515,0.021073705657901114,0.002519949736429734,0.022310624446394242,0.045694136859387384
2834,-0.009711886461578521,0.006322894912293972,0.017994579093758855,0.021414532015328502,0.007458065238218023,0.026844937840757394,0.04645199655718887
2832,-0.014389824762711502,0.013738416545088672,0.019364834825230316,0.025286901296453793,0.014370935062854378,0.03874321033806304,0.051473886600155824
2830,-0.015256363586409577,0.014139000025778859,0.014387547102897438,0.029909680674916585,0.018308783121702688,0.05203018249446893,0.05892100408960906
2828,-0.014550962750893787,0.006307562288978042,0.004884725268925984,0.028570217214573135,0.01824681760560056,0.05543757229214511,0.060855233597424487
2826,-0.0113608942692561,-0.0031367318384569963,-6.570802261008302e-05,0.022137338107595512,0.01924599985464794,0.047713651910538994,0.05518108871607326
2824,-0.004586780885715612,-0.00887062630161874,0.004540637785732642,0.016734565095493897,0.025573284159558566,0.037948448453678854,0.047417885465232915
2822,0.0007464949828643687,-0.012392747399806961,0.013024021757071244,0.013747720985028803,0.03468874053218315,0.03366822150134473,0.04194698250318451
2820,-0.0011140930926753845,-0.01494969383787354,0.019331993665528843,0.011675947078164793,0.04196130632478821,0.03615559365137099,0.039893265594138534
2818,-0.006984895697936117,-0.01184842488965835,0.026110865841441674,0.01468589732105449,0.04793275896444656,0.04449301496087446,0.043689479126055385
2816,-0.008034153983627267,0.0002560917756710606,0.03626963659103149,0.028175021145007372,0.05551723252967587,0.05626406570894837,0.05418548488370337
2814,-0.0014296921282322263,0.01599447731907916,0.04406326696039813,0.046549926348810194,0.06318749128772595,0.06636795403226145,0.06456239166280817
2812,0.006850179364689458,0.026617838159104054,0.043776096388781334,0.05598913021766242,0.06599152981596162,0.0716227768990195,0.06617052507419319
2810,0.009667709814655878,0.028114733151625212,0.039872677669457235,0.05041967545077985,0.06121921106869181,0.07387017521809984,0.05939761863687183
2808,0.0045347899679751705,0.020506441199305687,0.03929359683418746,0.0361079235396097,0.05012479165197041,0.07396133472772339,0.05072027951157428
2806,-0.005704576671698212,0.006424481229043079,0.04043003161229727,0.021415247318801102,0.03694655986789239,0.06812912220439409,0.04156063943553991
2804,-0.013002631152860522,-0.005026220321803163,0.03896705586927645,0.011478915614994985,0.028504726747622205,0.056299786920730045,0.029984255644255598
2802,-0.009034462377700782,-0.002157839526620433,0.03829111955754012,0.0112282859214009,0.02991850476109858,0.0478796291922763,0.02160605848166755
2800,0.0054513676045958226,0.015037474478025926,0.04335837708265785,0.02260578113412451,0.03841685588360249,0.051365797985350244,0.026663444884618973
2798,0.01963897731590694,0.03252722614671734,0.05024818537749406,0.038808629836067435,0.046490391625822726,0.06393468253625834,0.04533886300574429
2796,0.024654605851270658,0.03994195034691508,0.05215806247414791,0.05001451032395164,0.052575062525301204,0.07758542216984055,0.06616623823067465
2794,0.02292020467867362,0.04165808935511141,0.05038691091966484,0.05488434466522833,0.061339316911051746,0.08850761831624095,0.07967591087197745
2792,0.021882880672553718,0.04441018728286741,0.050633269236932586,0.05964603516065283,0.07187684839704601,0.09493227568453977,0.08523593934088206
2790,0.023559126066337945,0.0450528854290119,0.0530557638090114,0.06618887135107908,0.07523799482829087,0.09343515002372674,0.08407810335220466
2788,0.02536533471289602,0.04049539996732996,0.054566786892352406,0.0697815801103279,0.06796193262644085,0.08490718174272152,0.07515303435936406
2786,0.02657816747241084,0.03903960934146045,0.05614163338512847,0.06857190466251728,0.05882317351879378,0.07730482405264942,0.06111085744935079
2784,0.02796194556879549,0.048217925893012735,0.05907084203878865,0.06620089054434891,0.05622900355238534,0.07523555795364244,0.05044804202844752
2782,0.02856718131404943,0.05919319527754427,0.05896191752967232,0.06444720826475907,0.05773203021005909,0.07374746796218105,0.0498044546878661
2780,0.02782032765839268,0.057706139035450445,0.05194635695087845,0.06046856599973761,0.05730424912188647,0.06893011395559558,0.05787800107164375
2778,0.027050305939052204,0.04510537888486721,0.04203156673846786,0.052263548972909524,0.05384754603735324,0.06600157164108916,0.06781096666420336
2776,0.025316165004335797,0.034484882800343584,0.03492751565927951,0.04117652191297267,0.047649931656128484,0.06915945071731001,0.07296230022171625
2774,0.019276349716708864,0.03093751743758738,0.030771595404873443,0.029914740691839106,0.03865419971585799,0.07340690012157416,0.07181310329732488
2772,0.011343198911895955,0.029410205446057762,0.029737320295811633,0.023862773915826665,0.03319237169384397,0.0750935144824664,0.07028455139130262
2770,0.010752165432153267,0.028259348263175093,0.03621157382546774,0.03001075125411537,0.040347320497620104,0.07923086827172972,0.07574197661121562
2768,0.020905896447987425,0.030885150871732957,0.04900655497021691,0.046650972630122,0.055425303198535655,0.08700915781085998,0.08571763560422968
2766,0.032421659635295696,0.03536982760970765,0.05606127285479799,0.05882729829009869,0.06014572059240737,0.08819057698806897,0.08845633158635471
2764,0.03477451497558057,0.03522236215988979,0.04879146853100994,0.0538296576221433,0.04688782994094973,0.07707686420776139,0.07813150676030203
2762,0.028543205944667884,0.0305632855864319,0.03472483581120556,0.03768457275353458,0.029746865297399547,0.06459059276433343,0.06235312083916756
2760,0.020245820285979828,0.027883999791756285,0.026491704756471633,0.026338471638210712,0.023360286384041123,0.06155561505653285,0.05068678984789526
2758,0.01265877664862794,0.029544229647603226,0.02598325681754919,0.02513727157922484,0.024671662066380592,0.061219724225390446,0.04440574406797771
2756,0.007814791344022043,0.033964691491387866,0.02961375982452409,0.029144642124040686,0.02695802973523114,0.05449395429191289,0.04387657823664067
2754,0.011619642406870604,0.04373172515566923,0.04002922822494355,0.038990069514699445,0.03707447609468278,0.05167801279507805,0.055679109721743225
2752,0.025197673375793657,0.06075168223171523,0.05850574816415762,0.059324746575672486,0.061698487054811645,0.0682380906011976,0.08069260778941478
2750,0.03735117462135541,0.07499540422151306,0.07314248008028226,0.08203304748433833,0.08811895266370079,0.09612534687940054,0.10337310541078265
2748,0.0366304504368846,0.07247164581229332,0.07080619923426346,0.08929709273666937,0.09804778681404554,0.11123322250867793,0.1074996497081742
2746,0.026901232340379565,0.05518035491999522,0.05649966197926975,0.07720384184911941,0.09304114576539,0.10652119643288087,0.09759124736289923
2744,0.020578589011623225,0.03948186605880663,0.04550522528414743,0.06044838165649739,0.0870349480333986,0.09618337450599182,0.08991710129617478
2742,0.020859205163028697,0.03386301197395708,0.04022673207381982,0.04983284514680027,0.08038059936255275,0.08846808314978624,0.08672783995327941
2740,0.02202936433013573,0.032572759654117246,0.031686452042919255,0.041191906024179,0.06301771452608386,0.07711193952084598,0.07693221758768022
2738,0.02419166007731857,0.03367827689330399,0.022601785569354705,0.032975433548016395,0.040147619768603995,0.06291782225620032,0.06099836075340389
2736,0.033926922770578405,0.0461324073586085,0.028897424615136752,0.03689080862010832,0.032067596399231686,0.06084416171692699,0.05512286810288005
2734,0.050105967576356526,0.07120845204771732,0.05419538137541835,0.05888411906992307,0.04609568285499947,0.07651476093767724,0.06693254050839134
2732,0.06135688308753558,0.09164905383891311,0.07971879179821045,0.082855165330922,0.06589691045632476,0.09280128396895072,0.08331698668263143
2730,0.0606192701636997,0.09080682067431686,0.08695599566916802,0.08801166205271765,0.07366396707126978,0.09148818010606775,0.08887651831173961
2728,0.052886213920658065,0.0735712860918418,0.07820199216925176,0.0746642088933851,0.0688601562299746,0.07631915601859161,0.08377881047800684
2726,0.04593562304473134,0.057948265771780194,0.06770227388862791,0.06004890840824201,0.060427664681809976,0.06437594901457411,0.07728139310201594
2724,0.04198008007812491,0.05332248284829452,0.06322684894325703,0.05541247222751194,0.05447337698133339,0.06511343114943688,0.07469932763676261
2722,0.040796633670696955,0.05674605417275623,0.06390786608702738,0.059335123191003154,0.05507066093639863,0.0766967506031747,0.07720005386632448
2720,0.04300043896443786,0.06356012748931938,0.0678885604928766,0.06807746002252574,0.06525592095582149,0.093987114175932,0.08550528431910662
2718,0.04677544020500765,0.07018764697178838,0.0736322360171616,0.07945770618610613,0.08085370732292532,0.11094099856008147,0.09699043965866547
2716,0.04708149806610178,0.06996133337341545,0.07747402896988698,0.08803820759404556,0.0910828698527804,0.12034856103592334,0.10523709321332494
2714,0.04132116903140187,0.05727642594674093,0.07569752394464893,0.08746569291187922,0.08938620613186188,0.11809049075759047,0.10648388171542623
2712,0.03202477833830813,0.03675006160934241,0.06750706005600461,0.07818791586395075,0.07802357819937288,0.10564707721639155,0.10089774643925571
2710,0.02253927331784766,0.020609411672238738,0.05399684598046281,0.06540582540492951,0.06117978487515641,0.08619386462550674,0.0869387764788572
2708,0.014019335305563192,0.015265006434395652,0.03700743800250118,0.050363353839656774,0.041039761557221714,0.061859201190584794,0.06265927530811491
2706,0.007450807336347416,0.01596567623493599,0.020456249173738776,0.03140329988884665,0.02197367720610604,0.036735447481599466,0.03455890732334205
2704,0.004419956481559854,0.015773790659174516,0.009595037977213939,0.013098159596537259,0.010792025132548507,0.01816244493891474,0.01644289669665963
2702,0.004535528077179548,0.013861850997644759,0.006540461771194924,0.0049123868298187765,0.00925319513694165,0.011395142017864512,0.014602028571042742
2700,0.005370868215281709,0.01286499773020048,0.008098644556468292,0.0082140639243488,0.011799284930681848,0.014872558538353375,0.020619639106114186
2698,0.005706619436837609,0.012836651518848167,0.009416444012607007,0.012874031863302566,0.013531161025568502,0.022344248602695762,0.02342708026316706
2696,0.006432726131057957,0.012218412490567846,0.008987885075930497,0.011306068613745382,0.015729865495346548,0.028259420689976358,0.022838541501867062
2694,0.008699057640945704,0.012872166611896153,0.01010701110297752,0.009590153801563658,0.021771989210354805,0.031507632133373716,0.026803444956769926
2692,0.013395306167978252,0.01930986457955412,0.017932536593266477,0.018923355274464686,0.03212849321513115,0.03626824083887634,0.0395234007630627
2690,0.020873701506652218,0.03197404189603156,0.03337623409866038,0.0391663330765049,0.044723954886670816,0.047559706624068276,0.05610763036776197
2688,0.028982278086847807,0.044786785220359046,0.04953630192853677,0.05809983767034507,0.056837306497167166,0.06339520455041554,0.06720073652368069
2686,0.033651654929836225,0.051561549183748466,0.05745187818610125,0.06655897824844001,0.06582753353442501,0.07457006001498244,0.06715846449617961
2684,0.034716442450298576,0.05337944286766779,0.05688031106709112,0.06819580184938591,0.07096773947353971,0.07649590293775639,0.0599694507657575
2682,0.03788899803010277,0.05656295541190439,0.0563945692478551,0.07146760956995798,0.07401686351213278,0.0761802889566852,0.0561862214597876
2680,0.04650881677250999,0.06334950042618995,0.0600978403624794,0.07648371863008804,0.07538483748687316,0.08094641961419162,0.06103010542799273
2678,0.05458337386769797,0.06822489316786073,0.06063450463900054,0.07521269935182698,0.07187372055206549,0.08543736857073062,0.06718198502855319
2676,0.053254018642041184,0.0646611101988767,0.05036105750441493,0.06326384533406515,0.061442908078643554,0.07835052300024033,0.0630548328902936
2674,0.041897267069236216,0.0523642850859289,0.03378772991700509,0.04579941561033635,0.047715605113696984,0.05921951170888099,0.04740005082946688
2672,0.027853878718949718,0.03663722657299643,0.022563942627704323,0.031086210733881812,0.03606968607182489,0.03960210914772908,0.030413214348474125
2670,0.018052332797868203,0.023724309022343175,0.02214205110186395,0.023579945095828607,0.02837888077086898,0.029265954421973123,0.02165953087726582
2668,0.016052550430484,0.018326385431114256,0.02924281258236345,0.02461803078987717,0.0249925278160762,0.02892208584304347,0.022423815870282776
2666,0.02388265915222218,0.022558994512709818,0.03894940651118368,0.03416170222849654,0.027515695199360913,0.034725661872859706,0.028286826293263324
2664,0.03969556210984345,0.03432988473165573,0.04783395917650844,0.048301270449301305,0.03508503026724345,0.04161398467798968,0.033144737438522615
2662,0.05486378154432961,0.04752246802351766,0.05256002279557539,0.05904682191972166,0.042155440857847594,0.04349073553013718,0.0319934019323019
2660,0.06015906291796977,0.055937566559814154,0.05171400735885102,0.06105734651335022,0.04504538347683972,0.038605277222811124,0.026098192154387516
2658,0.055216230666991696,0.0570595361661045,0.047880958914740326,0.05678757790118097,0.046870730963527764,0.03451466270438352,0.024249612489998785
2656,0.04724001565733489,0.05213949614778763,0.04399351720970901,0.05217966704268851,0.0513370714175599,0.04015051969242731,0.032779134945375626
2654,0.04169337697898988,0.044881086732290146,0.04012449144387704,0.04982543398528691,0.056458039059551095,0.053280258040871636,0.04583035445177079
2652,0.039272004418012055,0.040512658026154745,0.03712205919254239,0.04906680874261097,0.059713880393955615,0.06321952370783153,0.052249335562732646
2650,0.04013264545801243,0.04250886537422683,0.03858065454142223,0.04936760634093127,0.06345711998192867,0.06477527990095411,0.050268749841955125
2648,0.044140847818209594,0.04828554346508009,0.044036521628503494,0.049002684560536046,0.06767252945841795,0.06021281602657268,0.04612140731941129
2646,0.04720574159526199,0.05119767147538257,0.04567239335100278,0.04361367762712679,0.06395699400213356,0.04937943744210043,0.04017207875684517
2644,0.04451466751035612,0.048648950337629525,0.03891044252324235,0.03182049581545801,0.047198107369572175,0.030337754249772947,0.026578721571604513
2642,0.03757272462731587,0.044160975040642966,0.03046236210128853,0.01953864926017646,0.0274037528940824,0.00990255863338432,0.007225373565764879
2640,0.03177734486870755,0.03968111017696376,0.02756264621555428,0.012978766109687675,0.018076959750947745,0.00014435781380163547,-0.006215033557603753
2638,0.027945825752243716,0.032091565594136784,0.02576867662691717,0.009998957357393446,0.01745849884312741,0.001394696214703413,-0.007237792360913636
2636,0.02325453478361261,0.021323477295221972,0.017808019722741385,0.004365317113896311,0.013837012448318283,0.0006508374430118776,-0.0022680574538860953
2634,0.019771797381873776,0.015870738016568044,0.009035050915906555,-0.0036839601757493205,0.0062750244997889296,-0.008303989908574177,-0.00012915694981443997
2632,0.02336109127158493,0.023322120743076942,0.011215598872968713,-0.007769154811791975,0.0055761541270783555,-0.014617578588699198,-0.002315049475457377
2630,0.03332912177846565,0.038967169065053923,0.02423295815381947,-0.004130593558485245,0.015682097380092252,-0.005855651014768745,-0.005670931967362871
2628,0.04201170640037772,0.0511090090039612,0.03745942957144841,0.00680932891783851,0.029190452676034723,0.01663976171886723,-0.005131500110539395
2626,0.046399763295623446,0.05557880305589599,0.04779925351396462,0.025357762029193848,0.04253663849187155,0.04379457976900795,0.006895549492004153
2624,0.05102838170483722,0.057215474216073654,0.06114523090889298,0.0506721783644316,0.06046350123094524,0.0692789991915983,0.03307251431307212
2622,0.057224967135661005,0.05905581831496003,0.0758552694540213,0.07444707293402039,0.08196643469171343,0.0875153448427886,0.06126023014873452
2620,0.058675142015755466,0.057931637183222306,0.07979803566689872,0.08479886110784278,0.09477604692620473,0.09132554300323703,0.07254362582091765
2618,0.05096143881464315,0.050154236935048765,0.06638179573842819,0.07679217023048347,0.0883166385456348,0.07876523606305642,0.06148921193192742
2616,0.03797888477291167,0.035612237072830594,0.04222609077026983,0.05404241211355743,0.06374574142174692,0.05629509570343925,0.03913814777715187
2614,0.026020693388231188,0.01719792100629028,0.017837079017566464,0.02355145260320751,0.030329452429456717,0.0316838631506992,0.01687761642058141
2612,0.01809947674250012,0.0008389745423407924,0.00018716876537606497,-0.004755988227201924,-0.0004417204683090402,0.009867790122022652,-0.001106936746153323
2610,0.0158970517570152,-0.006157481997634025,-0.006146728988218034,-0.018300800767755764,-0.017922361789621824,-0.00358374035115649,-0.010280596306901155
2608,0.020687287707432212,-0.0009027892172778749,-5.125683702251228e-05,-0.010701005618396922,-0.01729728456405886,-0.0030901225220781744,-0.004187420545692721
2606,0.029950441998410737,0.012910448146693499,0.013147899729465838,0.011313794388187904,-0.0018358720354921083,0.010509110240672196,0.01591445560089824
2604,0.038788506236530386,0.031152259908637472,0.027700931057936213,0.03649521991024518,0.02368200748415607,0.03093839977927446,0.04015571971437191
2602,0.04578836019801297,0.05230571159941194,0.04365333441023391,0.05989087396724058,0.05624855496374367,0.05372739986746239,0.060654641709212025
2600,0.051482527089897145,0.07034383847975927,0.05866558953700124,0.07720045719633796,0.08560364105620911,0.07388504765792873,0.07351716943873315
2598,0.051907374854359443,0.07326627281762553,0.061080745932987054,0.07752667394346005,0.09319527955355313,0.07994439564314978,0.07355173623833203
2596,0.04218106467972762,0.05720180471118777,0.04438278811660768,0.0561213821749702,0.07324481067757393,0.06394202298178772,0.06022182520186375
2594,0.026934111618625575,0.03590724498293253,0.02340069394042176,0.029372254197958744,0.04625643939475839,0.03763222537423181,0.046553459647499774
2592,0.01880191238614035,0.027694858565320155,0.021047127897993324,0.021738060672569365,0.03783498935657938,0.025731981965175257,0.04784417945097594
2590,0.02435778297423179,0.03631570639711056,0.04073836736603354,0.03839215499548365,0.05070742644608901,0.040255540937635156,0.06214070558532245
2588,0.03770420639234871,0.05104233552698965,0.0649339909746504,0.0629211366428076,0.06914457153616911,0.07037388731452207,0.07510205791459436
2586,0.049275164184847765,0.06122094112984711,0.0784706607984398,0.07984673200008376,0.08231994024071165,0.09821722616786026,0.0821825153327109
2584,0.054128339170573456,0.0631264022571319,0.0791429210740368,0.08574097187748905,0.08811934601738072,0.11351428350660428,0.09009499690058934
2582,0.05125272663299164,0.05775348110031428,0.06885741371397654,0.08057905575716029,0.08323062785656422,0.11242198569062954,0.09825961707502602
2580,0.04246893755255706,0.05014637112519042,0.05053765228057944,0.06451304758110255,0.06753167628217673,0.0955822649455444,0.09627915428480222
2578,0.0339102161524121,0.047307125736384,0.03337002431889914,0.04576266378382151,0.05299004273101331,0.0713433166471029,0.08252608882791773
2576,0.0321197827318414,0.05048308346197717,0.02746845036679674,0.037777809656891474,0.052089469462045145,0.05185114932757397,0.06938613974586975
2574,0.03674928936504611,0.05318330682741126,0.03197210724733771,0.04383460922414565,0.061595876352780146,0.04257174433624301,0.06589666150283031
2572,0.041659342793338314,0.051871853224949305,0.03837310022951727,0.05374051064255109,0.07066341473514808,0.04076032893143947,0.06774646040713965
2570,0.043479220927835044,0.05215694584348686,0.04440880812916886,0.05854308445724589,0.07770495186093147,0.04357966134803322,0.06808677591634918
2568,0.04398063338444919,0.05856893838434098,0.05336466284998005,0.059332530102346966,0.08523477495888708,0.05066988234299314,0.0670560178626506
2566,0.045018112099868175,0.06625305816434277,0.06294987160216846,0.060658342824211404,0.08835555041629642,0.06079392713287133,0.06802882418906507
2564,0.04674798268223315,0.06957797019283024,0.06711274883773276,0.06435172293883602,0.08476884309006122,0.07249546717850874,0.07291975258110552
2562,0.049985279298659056,0.07086797195634198,0.06620443837342778,0.0708351256847795,0.08630831929084859,0.08603827922646956,0.08204726101492518
2560,0.055019930704274696,0.07277949866325342,0.06472133490734859,0.07928379119601194,0.10261224391262647,0.09941614290558422,0.09237646856906463
2558,0.05954100700303109,0.07130900259781374,0.06325636859777435,0.08564341161228785,0.12155841857169163,0.10702498576403503,0.09758295268080222
2556,0.06257954816533101,0.06522397191569762,0.06265983835343414,0.0867590490907654,0.12451069685824316,0.10848624316221069,0.096429141650815
2554,0.06765535074601083,0.0630379385699812,0.06950660138753867,0.08571917517656466,0.1136830189071805,0.11147198006490365,0.09607108302894019
2552,0.07686544440012458,0.070592621307511,0.08569909097449606,0.08757783600243133,0.10597336260742672,0.1190901321455869,0.10005306407913482
2550,0.08538994521180357,0.07955528769345074,0.09933355272824401,0.09213278795818652,0.10766519579356834,0.12331846701908318,0.10181203774093961
2548,0.08741312277192247,0.07872533198717738,0.09844887910996802,0.09581916175078134,0.1127699245082217,0.11824592631965845,0.09823422797915851
2546,0.08323143804035212,0.06901719458376182,0.0866863006354116,0.09666669670597142,0.11733655919439957,0.10943161365831999,0.09777455924955533
2544,0.07534207993206943,0.05764602137665388,0.0734934666842503,0.09229773898533526,0.11765653171295104,0.10160125166307055,0.10389768030434207
2542,0.06353202862678022,0.046699282844210745,0.058907436172607956,0.07976777043064827,0.10379232016152201,0.08998032741216637,0.10376816813413481
2540,0.05040024565848361,0.03759342908739182,0.04183792516649315,0.06356715848297335,0.07399911286521373,0.07392455046797705,0.0878205527763896
2538,0.04413899606780224,0.03709551085331852,0.03220701849186692,0.0554264609170137,0.04682199521883398,0.06478150360507938,0.06798594380323353
2536,0.047293406925981704,0.04690781140882602,0.037207142275632474,0.05885009529009404,0.039265960933820086,0.06698849402735244,0.0596471140782116
2534,0.049901803413667754,0.05563272364604138,0.04472457453777017,0.062466997857876516,0.0427849313029891,0.0661114717278641,0.05802890102914473
2532,0.04360814649008689,0.05356255423190259,0.03931077529367473,0.05696913677288839,0.040261211122089774,0.051298165786816126,0.05042910459449756
2530,0.03549410702318317,0.04709306373262866,0.026710547469676778,0.04875239678910751,0.035581509753314436,0.03546079088761001,0.0400479932784844
2528,0.037060289472641464,0.04680366169714433,0.02388465209507813,0.0473021672112612,0.04373180525244833,0.03586738173728429,0.03800810468541375
2526,0.0462568223819701,0.05078264501031328,0.0322634859783822,0.05007261245240696,0.06149986459448562,0.04825429307023639,0.04230247734233638
2524,0.052191959324910144,0.0521107026017759,0.039716743289663875,0.05132607528572599,0.0725819921130188,0.057982854716972634,0.04464225771216924
2522,0.0520837183139115,0.05335382616539508,0.04233107318998193,0.0548313426929507,0.07480293191159992,0.06464760300421586,0.04843487569747803
2520,0.05079871740541653,0.05930661284592519,0.04447463921292393,0.0642910161924552,0.07775426243648896,0.07486639672913428,0.059204425324992906
2518,0.04883668458691287,0.06408530082734634,0.04411702312855615,0.07156782605249526,0.07978189507800391,0.0818678235377502,0.06715529550819671
2516,0.04407786321836558,0.060655374364935816,0.038535465780961856,0.06981580625647779,0.0723863869831996,0.07551731057274623,0.06207251656382798
2514,0.04088520612061603,0.055116174252088646,0.037509876060404915,0.06803143691753984,0.062353276347744825,0.063635294696051,0.055414114115402674
2512,0.04459884757720397,0.05656890728857184,0.04977469419477791,0.07616525779622146,0.06416180996808873,0.061373147795261374,0.06364235137598773
2510,0.050672917495616414,0.06060089287609565,0.06278514895035343,0.08607113242325479,0.07428331640998004,0.06693315784367236,0.07896985119151452
2508,0.051670231061339784,0.05815925183544261,0.058480642173885634,0.08453124235689598,0.07662796157979826,0.06848877498645137,0.08146508496829297
2506,0.05061912237350788,0.053082959527582414,0.043173883801993815,0.07576604299769234,0.06965511703234308,0.06702484886732511,0.07203717344620225
2504,0.05393583451873002,0.05400902705794622,0.03758486375568036,0.07168291825294623,0.06443403128309334,0.06983956780100321,0.066899093960992
2502,0.056395287258181374,0.05631196631706088,0.04297922299193483,0.06877375697099446,0.06081891466471273,0.06973987188540214,0.06629483429043044
2500,0.048751508919614925,0.04994629119938732,0.04278611322686374,0.05571610762763182,0.05030580129605673,0.055712842872095256,0.05666848741392543
2498,0.0368612610551801,0.039796688954417604,0.03521504108952506,0.037706785217212664,0.0389576567333374,0.03829757323065738,0.04004913880762621
2496,0.0361385058991301,0.03951086276995213,0.03627361487366632,0.031105194492968846,0.04117483402699076,0.03859542619473782,0.03271154444671831
2494,0.04766668015295066,0.04845976825209381,0.04823435455728125,0.036647297088003426,0.05228841894683424,0.05475729921915558,0.03624097917367539
2492,0.056416877649480036,0.05272295945013083,0.05209809067020332,0.03871667304292398,0.052746185122684995,0.06311439741954517,0.036142008288977644
2490,0.05395660871158324,0.04676135398289075,0.03742317575059501,0.03012833235164149,0.038594221303796104,0.051634486126209564,0.028176827106956626
2488,0.04701069213823846,0.03732793274097688,0.016692409580042845,0.018444796049858003,0.023220710605779273,0.030492174623296908,0.020801683373795277
2486,0.04206745059294907,0.028098155268966384,0.0035205866928118114,0.008694480632255362,0.010861964072949619,0.011019108144768357,0.013545486079023087
2484,0.036917526152939424,0.017756279954532075,-0.0034442262206787794,-0.0010728298595683058,-0.005156759114057455,-0.003875453937718192,-0.0001421210647013849
2482,0.031057444682353087,0.012166077414431974,-0.007827971471516183,-0.006643549390129353,-0.017915912473510803,-0.009033648916929354,-0.009891442935638414
2480,0.030602945030571965,0.020958648262417136,-0.005249787043690754,0.0013142473761897058,-0.008865370749968337,0.0014897875335874201,0.0032631873141604553
2478,0.037592227391929495,0.04036899338599971,0.005814596343644351,0.020563707412032863,0.02105257034109104,0.020383039306738265,0.034041441109854714
2476,0.04552025764930546,0.05460465985408802,0.01831753307524534,0.03730770991931953,0.04719077025030032,0.032851302478589174,0.05519639851807099
2474,0.049883189607941004,0.056801505513474626,0.028854568011424588,0.04495528492038388,0.05470694581332891,0.037460195079841205,0.05565838082190284
2472,0.05355775530028146,0.05514104183638395,0.04191799274306097,0.04898609643932847,0.05379341027958233,0.044651217336517036,0.05062621108297067
2470,0.05825529627331812,0.056140814254332226,0.05629644789934463,0.05236077216731589,0.055395738842597964,0.055014085691928206,0.05030290931661367
2468,0.06040854560909713,0.05569329038134648,0.061489696212644517,0.05063207717490192,0.05449264654957041,0.0568503892479611,0.045543242912192666
2466,0.05980701756955214,0.051231491582568456,0.054734022154425584,0.043923097131366357,0.04669409214539697,0.04700162425867087,0.03222054650736672
2464,0.06299856512957162,0.050512698873037325,0.04878042074619778,0.0405483960058524,0.04162149091830279,0.03733185563220504,0.024156929953361266
2462,0.07263353458043952,0.06107102779044511,0.05436986740806559,0.04493984541435998,0.04764669026273989,0.037783742025665215,0.03056032348799039
2460,0.08061924424400294,0.07744628971200752,0.06446115685239337,0.05128633512556762,0.05682903635574818,0.045584243072492266,0.0398506678286196
2458,0.07778955066630207,0.08531634133889594,0.06434413337173674,0.05197080627802072,0.05612365602794239,0.05273168012990866,0.03789557094098256
2456,0.06561020211740141,0.0761374706542229,0.050890184173746175,0.04503916512251813,0.0436930516138038,0.05368867087406122,0.027454826366534183
2454,0.053786532297777294,0.055108293436192564,0.034556569358645914,0.0330329901035779,0.026829854285715594,0.045814563896688504,0.019450790118722885
2452,0.049334738355934625,0.03615660153542234,0.026003773021484978,0.0214722657931956,0.012336591589033934,0.032220491773946286,0.017589274993810248
2450,0.051074187217684495,0.02901428776041833,0.025575645176965315,0.016648309071107113,0.0040003269854079265,0.022037663835875423,0.01938709395986012
2448,0.05302169252184999,0.031083226542940264,0.025276422021472865,0.01834759783425828,0.002568698041443849,0.0188776280543064,0.021887743518939108
2446,0.05107775758618946,0.03359254417527405,0.01920341362235311,0.01810842598828314,0.004201261502863995,0.01452692924321327,0.02060319604653347
2444,0.04724612455969211,0.034071028499526895,0.011414595440980354,0.011374309682960495,0.004495495618953245,0.0036841207171854394,0.012229804740965338
2442,0.0471177831869625,0.03709560442890039,0.010988009299926299,0.005976643818265546,0.004739096136520864,-0.0036061629569350247,0.002223886872939254
2440,0.052312331133829874,0.04260452482999293,0.01888700579404105,0.010146160738849198,0.0079491121055158,0.0028882435163495933,-6.77289391689677e-05
2438,0.05819675218695595,0.04371603337323584,0.026307104541983567,0.019434105799049365,0.012261306069858188,0.016282657100095233,0.006283007382206772
2436,0.06144087028583701,0.04011294831639934,0.029166488114691233,0.02610800725893583,0.016404553352560865,0.02574931045198337,0.016192547515881915
2434,0.06538724863135977,0.04233086270437006,0.03491279213338803,0.03328771530185338,0.026073870289502563,0.03594930219182151,0.029826752763481207
2432,0.07341534526886874,0.05554721689651461,0.04833183408780191,0.04643926595470745,0.044164138450787566,0.05439196384155907,0.048357325142780155
2430,0.08147250669323132,0.06907133399205952,0.06038023608209418,0.058083032710000385,0.06020465834287337,0.06965925282756535,0.06251447463436013
2428,0.0834441345289831,0.07100073534525857,0.06106462362368182,0.05641330830002677,0.06247521358754162,0.06448010729591326,0.061154131690926046
2426,0.08034069901574539,0.06446568049157524,0.05473185326232093,0.04428233802585824,0.055349019563370204,0.04370637731325452,0.04818676223021869
2424,0.07730342608454024,0.059382558621297585,0.05054168836619445,0.034031011099762726,0.050215109058543254,0.02672465221019583,0.03499299092466296
2422,0.07503484018724818,0.056859493097273145,0.04594837414693596,0.02797518369046891,0.04579987813264746,0.01819902641799242,0.021270157366439727
2420,0.07117606703389001,0.052741851625990946,0.033081923272383164,0.019341567965320505,0.033944654795587094,0.008584160849360454,0.00169849343910542
2418,0.06681876708369888,0.04858134794577028,0.015157640187310943,0.00864066534745777,0.019206622422488117,-0.0017719465217671175,-0.014877899510127385
2416,0.06442866056411395,0.0475896646409234,0.0030864376389912298,0.003507113547423966,0.014535566729627159,-0.0028107169570747016,-0.014531966705947095
2414,0.062078587729513836,0.046274053169297245,0.00018078617217581774,0.0046080956776329155,0.020670410477118793,0.003890901891906257,-0.0025988207207728216
2412,0.05699260968087511,0.04133833199825009,0.00222364863221877,0.006129171490667697,0.02690609548652743,0.006943565214771316,0.0032281962077531654
2410,0.05234453027579896,0.03871987461755812,0.007858912824502809,0.007992458678476057,0.02992996578942898,0.006838937633861181,0.0019386303736468441
2408,0.05317439496163755,0.04458644149581508,0.01686612936608368,0.013925855758964153,0.034617987007074386,0.013749706908330871,0.007762096820141336
2406,0.057771369999756815,0.05331994148577976,0.023106221350256577,0.020588914419713562,0.03895591440526214,0.02549967900511433,0.021924873487087857
2404,0.06046102919670084,0.05590218595959832,0.021897280025196423,0.022493020014669254,0.03637168903203045,0.030170436360082813,0.0312903797634664
2402,0.06066207801181866,0.053823658043419466,0.019321957778151804,0.023388083600010302,0.030510329645442688,0.02887106997752651,0.03418732349577632
2400,0.061294324660258304,0.05266621705653221,0.021736203368468553,0.028077635426579,0.029304896070553695,0.032526354950684906,0.040395115209132956
2398,0.06068136999011647,0.04888992989973465,0.022317074050973378,0.028518091439581634,0.02727144210157726,0.03765783439505574,0.04541310017483873
2396,0.05442262184603413,0.036144875447170564,0.011225011424536902,0.014353522533148541,0.012486822917596984,0.02918075479082114,0.03279326971998024
2394,0.04409672070105602,0.01971597054863171,-0.006545461373022121,-0.007003645962284142,-0.010122916156875605,0.007850851586724286,0.005733932937801781
2392,0.03670331894041541,0.011665948903631923,-0.01692130919102741,-0.017342362726004486,-0.020830772847363642,-0.007138492506088959,-0.00991704103525528
2390,0.035591299416347096,0.014478226034249354,-0.015382446676341014,-0.011402302669975425,-0.010594155831496968,-0.004436800464894307,0.00038355965820871437
2388,0.03769850884610291,0.020718122618330708,-0.007250590115880911,0.0024012931289855753,0.012531024457009514,0.010867529050415787,0.027043575685873383
2386,0.03909464568673297,0.02577771828750368,0.004837255121840813,0.021519496714241124,0.041835344813915286,0.034979480699808496,0.06219169970731079
2384,0.03761236994793227,0.029509806449863354,0.019301976320113667,0.05101577198685983,0.07800161461988427,0.06938801521765328,0.11177774963151504
2382,0.03139360094845462,0.028369510422183247,0.026932211771486508,0.0877529875130234,0.11681418451973503,0.10607348929767574,0.17462649208045253
2380,0.021176013637616568,0.01870511835180327,0.020851913424658836,0.12277738297483637,0.15179311161354228,0.13301275062994788,0.23753240339758103
2378,0.013690390937663385,0.007937391441232667,0.01437488862706025,0.16248157287993914,0.19430955983989504,0.16144940269403857,0.3058042855633704
2376,0.01667087379814643,0.010710279289041029,0.031982152670944036,0.22811406320656408,0.2709087486409282,0.22426874323443727,0.4136119216486982
2374,0.028484140958629212,0.02934850560752604,0.07632170280810811,0.3223485768945852,0.38532881437852495,0.3290068002211832,0.5762776254997397
2372,0.0380471915522538,0.047735049281001384,0.11949542353670935,0.41232045364378916,0.49840391949499446,0.4304670140876522,0.7473429451165029
2370,0.03829232024676943,0.05213861506316544,0.13902570425176025,0.466258803041129,0.5693446323667575,0.4797043371192873,0.8622940619676088
2368,0.034019528039327125,0.048678443378952496,0.14561513535208973,0.49396250232116234,0.6049514910400539,0.4874702870568328,0.9190415536869021
2366,0.03335602151046156,0.05132057928191424,0.15916966620826278,0.526396903295257,0.6405954898122401,0.5031690285181671,0.9689547523178642
2364,0.03877765367796354,0.06292870385803932,0.17772015297674026,0.5696103472357438,0.6868443745108109,0.5448075590991509,1.033362711014825
2362,0.0486785636539166,0.0763624349814446,0.1890412525321351,0.6050214956539628,0.725168376511202,0.5881895755876746,1.0810149272773277
2360,0.05917855742646202,0.08409616457253001,0.1921372405220581,0.6194534012791377,0.7406174029381534,0.6100867149786277,1.0855177413435941
2358,0.06350939284757885,0.08113369990008051,0.18817587164485924,0.6066173983326096,0.7257463564373031,0.6012259334281242,1.0497485131145559
2356,0.058463258415873076,0.06844376603857152,0.17025526114392386,0.5556708170465825,0.66841136956174,0.5516377147098297,0.9733107765462216
2354,0.05037686782185397,0.05536090453062621,0.13920298406339515,0.47128580256600267,0.5733706079131061,0.46687538216550395,0.8552084055502411
2352,0.04521229899490042,0.04785050867080835,0.10912576596548992,0.38712064332318835,0.4783538595077288,0.3823968498565755,0.7279390498617235
2350,0.0384447611194726,0.03921291044058092,0.08710605655265673,0.33382681787258883,0.41901918465061716,0.3295602416954622,0.6385443603346515
2348,0.023453520453229192,0.021724859443653714,0.06882249423120038,0.3179189885448129,0.4034129535651634,0.3130897857971808,0.6107787240907725
2346,0.0027233777686577164,3.614601535062763e-05,0.0529547197975226,0.332037109150273,0.4214472994545686,0.32403252701415863,0.6396932811625755
2344,-0.01286451431862555,-0.011826106474931496,0.04590497171627989,0.3612443775036087,0.4522746175991038,0.3478945273623228,0.692510169227631
2342,-0.017582398862804334,-0.010508444623741852,0.04763927840138273,0.3803099973705098,0.465461828283072,0.3593383432720447,0.7147955314629723
2340,-0.018588993621164125,-0.011002115274537894,0.045078313133343,0.3701878335816576,0.44375889225704307,0.33748841291350506,0.6777895261341531
2338,-0.021645626261487673,-0.02123274156264944,0.034253283587987966,0.3430975733631372,0.40749344763497825,0.29758617998119047,0.6177270363552726
2336,-0.021966049502494894,-0.02864349246100466,0.03120721065625308,0.331708241839099,0.39622864222065823,0.283287775046157,0.598809273456602
2334,-0.014877025748116418,-0.020745616875851705,0.048226006522607556,0.351436132662188,0.42537111191653443,0.31747059103326986,0.6432890128014048
2332,-0.004113223500783736,-0.0033297569737221096,0.0726954203954908,0.38098759722910874,0.46630375071717994,0.3700606330544735,0.7046157658421265
2330,0.00477052824107567,0.009699821167747017,0.08221223343451002,0.3871276218299016,0.47744770260461583,0.39119662648596387,0.718761062316618
2328,0.011413576565683465,0.013909832662550086,0.07150421594344249,0.36074140835201135,0.4476721396374836,0.36657619742308434,0.6710542687734352
2326,0.018259989683672498,0.015011331354039315,0.0546256510395189,0.32047857368258603,0.4005856517570935,0.32405169430063846,0.5994708201889238
2324,0.026762751849993407,0.019488690090407188,0.047111676722007806,0.28841854034621195,0.3636451841872099,0.2943837943572402,0.5435321908651246
2322,0.036944125109969465,0.02896070256126237,0.05256560044946956,0.2707315267391913,0.3427667800811186,0.28104018780154577,0.5078240756966899
2320,0.04643698982545638,0.03961939617448966,0.06258597487593472,0.2594986272646726,0.325726020499409,0.2680046822508636,0.4749672057724906
2318,0.050637281773088204,0.045923626532599224,0.0660930440358969,0.24619602688421094,0.30284776941458846,0.2461619490581414,0.4381853543737626
2316,0.04871114863561549,0.04838541908742232,0.061848602047416844,0.2314177407198029,0.2796017692224864,0.22525486284030702,0.40941025612907606
2314,0.04667461740038721,0.05421445365487331,0.05934512521464783,0.2212455597586985,0.26687067455265306,0.22006817624406433,0.3988188708128757
2312,0.04974194577734411,0.06619332393029274,0.0647432482171674,0.21645475201243886,0.2643474719740253,0.23146469762141056,0.3996780584124544
2310,0.05440949950224345,0.07531758982614611,0.06982496184423151,0.20778042046705572,0.2571519372037726,0.24117247756258584,0.39235256756812764
2308,0.05391822693943962,0.07156663790077136,0.061586090313586236,0.18493415683583142,0.23054372103429857,0.22731068617266909,0.35996989259384915
2306,0.04955782390833512,0.058509436581006116,0.04112362858956183,0.14948976775899533,0.18653731227128614,0.18723599337591013,0.30268969379139044
2304,0.048732881371739374,0.04840567919551585,0.02315855282734749,0.1138160036174832,0.14159634938067367,0.14034906724694404,0.23748693372515062
2302,0.05361961997291598,0.04657155311872466,0.01752406731970757,0.08750530351838251,0.10930162770801118,0.10748376004253471,0.18298077562084913
2300,0.058992335052949936,0.049033306535329134,0.019355639720624474,0.06831343908516112,0.08759165678793737,0.08939936462065692,0.14085756738924482
2298,0.06156331535877988,0.05383323801451031,0.020103979789268787,0.04832717765010764,0.06458244559340609,0.06981644444611597,0.09569089185243629
2296,0.06390864815983949,0.06280885995338709,0.018766805269906296,0.024225511326342312,0.033402639604169275,0.03648742698698634,0.03575787107734252
2294,0.06729135101324703,0.0702969125255855,0.016439346861563398,-0.002301543799017027,-0.0019874361344027996,-0.007540168531568526,-0.030496196081947903
2292,0.06886721139085,0.06562160520741984,0.01005810898397344,-0.02781900547096951,-0.03148430255821971,-0.04928392101808313,-0.08124840416650024
2290,0.06874503668510294,0.05245502680717317,-0.00012991304132564243,-0.04596467134405429,-0.04703718555843564,-0.07513225400832074,-0.10137618708345204
2288,0.06953077154362458,0.04665355734252108,-0.007663482800473451,-0.050143973718332874,-0.048903989527995136,-0.07621626616505203,-0.09191266070050415
2286,0.06849661613432118,0.052012977900686326,-0.00967523059011884,-0.041328403921688656,-0.044231786791394195,-0.0533321224014111,-0.06519024726322187
2284,0.060656119476118306,0.05485159602621727,-0.01020611044570146,-0.027631975228537362,-0.03788434635875704,-0.018662289671860805,-0.035981042785915636
2282,0.04921256740557332,0.0453305159701262,-0.011482435665090787,-0.014228503403595433,-0.026220505532513164,0.013177092197604953,-0.013269532947462718
2280,0.04424389367951086,0.030971781789182463,-0.0104015719947722,-0.00022104671522141548,-0.00420207091094227,0.03560756991013598,0.0029221900819431943
2278,0.04999076555350768,0.024735865905835198,-0.005814749159636161,0.013586152185792627,0.02338113564482229,0.0500475463739462,0.01831570072844415
2276,0.060597540156589726,0.029006783033629184,-0.00044244262780590506,0.022924098195962545,0.04620201775861749,0.06046994727651874,0.039061638336790855
2274,0.06974191283668538,0.03804898633033029,0.0071572896476902945,0.029014994634755084,0.06310174184355764,0.07094863054900645,0.06734627118497748
2272,0.07512513894742492,0.047740673627270816,0.021143132025075714,0.039169612221018474,0.08010078912611644,0.08435804395577283,0.09698212103414679
2270,0.07432579702294818,0.056870705097744265,0.03796958709628799,0.05622843795612491,0.09751866382803268,0.1011887154754564,0.11638215807071016
2268,0.06771687474966101,0.06675490904313407,0.05017088406182682,0.0770133878845181,0.11257849542675472,0.12258431177534912,0.12474410850050724
2266,0.0642549214256374,0.08267575421557599,0.06068615223957702,0.10225705428462144,0.13064078833908396,0.15266274918967587,0.1394568918981896
2264,0.07181229273467656,0.10681908788173738,0.07730857095304014,0.13390637383296877,0.15752934800868953,0.1904739656315586,0.175216200286323
2262,0.08246908874453095,0.1294997445835704,0.09460333566815157,0.160669058027842,0.18345744704332123,0.22209685221131986,0.22086887496799096
2260,0.08380765418552286,0.142425543814192,0.10320331082794997,0.16600928012895322,0.19629980688836454,0.23630435225165264,0.25544378778976456
2258,0.09186989306358594,0.16768858323188487,0.12602118580888053,0.16295734778584064,0.21844173508795692,0.25647041684648375,0.2945073279202414
2256,0.1613157580520641,0.261535298084188,0.22828500443259864,0.21517472702056195,0.3157613117016194,0.34981908110680165,0.4077755381263891
2254,0.31215821904983354,0.42877149619347393,0.4170771145814917,0.3596998674215008,0.4948084484884442,0.5262350676647752,0.6050650953944958
2252,0.445321902315564,0.5469139405468991,0.5459544313172298,0.4864893711943685,0.6032572841769424,0.6327529141779841,0.7161361801496708
2250,0.48799165867863703,0.5569315741598335,0.5456509809655736,0.5228492660578349,0.5889057972601451,0.6196651822914034,0.6917692074512638
2248,0.46310573454682735,0.5072489692728142,0.4854258140745853,0.5071421490541101,0.5372921010037084,0.572235460290889,0.6371725927878522
2246,0.3992838797686527,0.4283756875809436,0.4065923607451259,0.4549346515598675,0.47038387069479115,0.5093090549704257,0.5714301536337077
2244,0.3170504920303087,0.3373870908978596,0.3187111262193525,0.37675285821736526,0.3841004805862403,0.4275024044813627,0.4824184680989201
2242,0.24309261954924133,0.2602506979049645,0.24140650515138065,0.30287829455778226,0.30535952642585396,0.3509789760845707,0.3949079885254785
2240,0.1988234259614043,0.21542610539644644,0.1969558391890793,0.2567161614474585,0.2643125855270589,0.3047889936847645,0.33931669607430814
2238,0.18252670512233038,0.1978916408433558,0.18542275369571326,0.23464946280087604,0.2579744377990786,0.2881641879496072,0.3139181169176007
2236,0.1743473214230586,0.189125685699306,0.1853357000557614,0.219181015958139,0.2602358194987004,0.2833707962610187,0.2959674056851402
2234,0.16031867858477505,0.1785211570431904,0.180614166651674,0.20380753645265012,0.257898902346187,0.27957247028115906,0.2789344754518102
2232,0.1427032404421906,0.16630975157619776,0.1725406878903559,0.19375896024809355,0.2546447291116806,0.27617719372761135,0.2752132374925301
2230,0.1290132264824216,0.15296078995970203,0.1658910786211544,0.18971244818915828,0.24877280067339846,0.27092464796985977,0.2863070089975187
2228,0.12270624212314082,0.13948706015914153,0.16054594542107273,0.18755677968494225,0.23437451692943212,0.26150262516252293,0.295564006185994
2226,0.12482395350894501,0.13283549468587458,0.1582639075809475,0.1901381494273055,0.2205330091517198,0.2547633375410225,0.29490463069244377
2224,0.13337806440341407,0.13765642106104503,0.16184225464312096,0.20212204477954998,0.22273883788176949,0.2592499004540901,0.2957773426900921
2222,0.13995351556703117,0.14755081407627782,0.16589695944594143,0.21665026297918427,0.23691656900648053,0.27378534469678334,0.30981272495260576
2220,0.13776277247797183,0.15568125799798824,0.16327950463616508,0.2236463398715768,0.24645335538348376,0.29255647636115417,0.33598712902722017
2218,0.1332169196375424,0.16731773048494625,0.16002276704392368,0.2280620642673366,0.2533421296535912,0.3147810303027743,0.36872354012205527
2216,0.1377788660183359,0.1882769629922228,0.16693866674991656,0.2421603070715143,0.2738883419544076,0.3377100365256018,0.4001391185909191
2214,0.15010585657311198,0.209335330180613,0.17929616207248011,0.26368429542279775,0.30481261431225043,0.3507238593772824,0.4155514629591048
2212,0.15777697130591098,0.21788979151435398,0.18343876573403933,0.27777312536975973,0.32102755755742585,0.3501215814271689,0.4058361658565049
2210,0.15545004567213705,0.2158921324158147,0.18178165504277397,0.27727500093915597,0.3107531317447331,0.3448414552064504,0.3820984389756858
2208,0.14924486472006046,0.21092568720896507,0.18996171877020737,0.2653745690679513,0.2891373530113503,0.33636433650798875,0.3635758726592969
2206,0.14647934348863215,0.2035823969876352,0.2115389016681325,0.2474975880715511,0.27840041375335645,0.3145118299356228,0.3588014725279704
2204,0.15181584856899133,0.19840143065193136,0.23414060042756243,0.23482663656220132,0.28971784976635784,0.28595140246616985,0.3665018387943399
2202,0.16833078342009195,0.21048353314671092,0.2505918152727271,0.24240473005338825,0.32103533594556855,0.28227375762829304,0.38595994752579754
2200,0.19187308725056945,0.24251854092217975,0.2636885189006086,0.2680560006861544,0.3562096237329707,0.31817848056010917,0.4119173062949549
2198,0.20881932402550424,0.2703955125891058,0.27212983577710065,0.2866552370223339,0.37120601325441893,0.36429693261976503,0.4298544536537712
2196,0.21143279845759821,0.2745301089641572,0.2722186749973856,0.28392407816886284,0.36088031519975255,0.38642915535326544,0.4352830248402222
2194,0.20836860426541257,0.26881623406950983,0.26961829330902864,0.2798222372439334,0.34926364013575906,0.3898481864047636,0.4435950881194622
2192,0.20916397237200318,0.274453494462237,0.2736441272577856,0.2977377987089221,0.35846347055992045,0.397916746144146,0.4661709683940421
2190,0.21107146150578215,0.28567613453537993,0.2846795402035374,0.3297739637189845,0.3847038720677745,0.4130310538057361,0.4957385480498179
2188,0.21188459427250358,0.286488903858022,0.29972035005792297,0.3542452347480146,0.4168328396944199,0.42826883884032396,0.5272218939607549
2186,0.22056316690779185,0.28344400956098464,0.320824814152316,0.3706219637420741,0.4542771738189911,0.4511926840890219,0.5666484414099985
2184,0.23973401774073216,0.2934520011172431,0.34503588527890955,0.38894150285194884,0.4872124941829151,0.4859212258837904,0.6027279429836249
2182,0.2524855828425652,0.31247749173183365,0.357935939474851,0.4028325342522396,0.4889352974390347,0.5149122757216708,0.6031612535541155
2180,0.2485516516066683,0.32547046810784275,0.3583025329664707,0.4067813512170413,0.4612637224387982,0.5313869937011041,0.5719352308562565
2178,0.24493275273310638,0.3345317677138978,0.3672805211046315,0.4176932046926009,0.4491051814809961,0.5580007124307447,0.5639611423281722
2176,0.2573288734577225,0.345526741995132,0.39235104557759115,0.44548167997902177,0.4755509745024467,0.5986000237742226,0.6084942183271818
2174,0.2729352207019833,0.3483614769489286,0.4104471527363844,0.4681713381000197,0.5057227305104748,0.6148019152045403,0.6650453845977699
2172,0.2727624723084493,0.3373285359478636,0.40636938710146203,0.4658672110034833,0.5053322019115873,0.5858490412087324,0.68552496034959
2170,0.26573018211794946,0.33195368021721,0.401071904393341,0.45758370793723335,0.4979097309188607,0.5514641070542612,0.6834195974638938
2168,0.27617705240618906,0.3542039273594407,0.42174829402372727,0.47616004494285163,0.5263782892349356,0.5630232416744582,0.7023520251000753
2166,0.31158762494592923,0.4006796920781145,0.4684853913539873,0.5268244059385505,0.5926615063536261,0.6267425804120694,0.7570899445002284
2164,0.36183375944770574,0.4554834779734153,0.5290603462294634,0.5969043505189302,0.6739432945020183,0.7196776272542448,0.8408321008466182
2162,0.4159825438229439,0.5137322328763695,0.602364279926193,0.6844252997399263,0.7682753439891209,0.8329367906222995,0.9543174495211186
2160,0.4525855382818496,0.5588017192580853,0.666074901734489,0.7687809517158137,0.8589348916105886,0.9382117265492492,1.0647437918002545
2158,0.43834246929957094,0.5494094658974977,0.6595553081169013,0.7871018345476006,0.8748685778506871,0.9580282174982363,1.0814295721278635
2156,0.3785748242476796,0.4814503650058892,0.5708643405686316,0.7158154532031158,0.7847009529472135,0.8662139443374594,0.9759574588098361
2154,0.31922501970053746,0.4013159590783444,0.46427398123915425,0.6084461067130374,0.6518985618735882,0.7272514014468409,0.8241203751731468
2152,0.282889757018747,0.3379319862928979,0.38694736491134185,0.5133670927114408,0.5389312157005556,0.6008174809749649,0.6858687479100587
2150,0.25240687655546473,0.2838235163667265,0.33291709366990735,0.4346340167340821,0.45037989582722493,0.49929569484077313,0.5667273124923574
2148,0.21216566640095416,0.23339986376625588,0.28535580676252087,0.36556778951226365,0.37209358337165643,0.4219667026450288,0.4660522266720551
2146,0.1728811680358511,0.19707055272019466,0.24663878202894046,0.3122392089480267,0.30938641581950765,0.3746858691451894,0.394841454609989
2144,0.1482266902929183,0.1754251435125697,0.22096794873487527,0.27722606295675173,0.2690941921593437,0.349848332420358,0.3514620537127056
2142,0.13177413440586488,0.15181316083604765,0.1974536224918878,0.24839032782810713,0.23715215913865242,0.3209224371511372,0.3172407297414588
2140,0.11186906492243877,0.12236369456533377,0.16726988229331757,0.21696542080790562,0.19984969690413043,0.2755085444570961,0.28392564277407445
2138,0.09212481128299178,0.10527460013960369,0.1380323256803861,0.18861213221008385,0.16806047768544366,0.23194539345979903,0.2620179305842373
2136,0.08065664440796975,0.10796493409721912,0.11727404277192631,0.1660211520866602,0.155725689389537,0.20776482418164388,0.2516878282040233
2134,0.07382377754603675,0.10996422672965596,0.0993972432745561,0.14015329358819884,0.15162180095573083,0.19390662126747382,0.23203843670181823
2132,0.06399055361017676,0.0926781450839159,0.07890582912654599,0.10818506583804313,0.1351336788234021,0.17270712381540404,0.1914866627385272
2130,0.05161376879451988,0.06413714872761006,0.06080813020407631,0.08100496794397645,0.10633181854604797,0.14293590658817215,0.1444039759952193
2128,0.037993351121430124,0.03814190928838721,0.047780936132963185,0.06407403326231903,0.07754528932336723,0.11153633349417219,0.10596594137106677
2126,0.019102620856655258,0.01462995539178316,0.032811137553617496,0.04798577450912821,0.050910448435799886,0.07902251627095576,0.07393680660162777
2124,-0.003897132393185032,-0.008586641517357082,0.012678589700719304,0.02575997434759809,0.021970725310279167,0.046184081541915015,0.04189922085876666
2122,-0.018730199492104072,-0.02298787279739441,-0.0038901607853776836,0.006382232038600112,-0.004244853758336715,0.022464903766772484,0.015243914150433803
2120,-0.016046149416727332,-0.020706297440349575,-0.009542388835564993,0.0010993030873745245,-0.016568117563423447,0.015357081931340626,0.0036607819358738442
2118,-0.0024402838796020844,-0.008008409434449507,-0.00868705186637427,0.006820935792228229,-0.013201256147525755,0.019484623892294224,0.0063346892184670345
2116,0.009516136236842353,0.005000027368310744,-0.00569132908438363,0.015083881303058842,-0.0006818685332704552,0.02740863126605008,0.01684602660910888
2114,0.017506633659765763,0.018871021351182515,0.004963209815994423,0.0277288254132167,0.018403950101856633,0.04262652210666343,0.035375287448697425
2112,0.0239684123161925,0.03376161566334912,0.022966932481944907,0.04645898009738676,0.040508958031140935,0.06545373524886386,0.060005942163837325
2110,0.022849983016928137,0.034980744097041126,0.028985944865562163,0.05487097477993126,0.0483083705338804,0.07459158501967883,0.0714835826034053
2108,0.00840690147044504,0.011299189334078938,0.008080045200351051,0.03404218179473839,0.02614091073498785,0.04781837164504087,0.04943849568771256
2106,-0.00853185306845259,-0.020261766630817832,-0.022552056063259312,-0.006102921353215114,-0.01228598439984097,-0.0018919402740034106,0.003345697711151547
2104,-0.011093281575754416,-0.03094673849382827,-0.032529498055197274,-0.0334237408453332,-0.03390448101876099,-0.0362494469636516,-0.03319176159649527
2102,0.00016878147162087737,-0.01601972703366543,-0.017480190368324055,-0.030085033698021506,-0.023921200633526502,-0.035275815280077005,-0.03701445156026021
2100,0.009281928592217584,0.003699704451189897,0.0006261997866684303,-0.007647591409915951,0.0018896232736676294,-0.01291844190637752,-0.012677525247863653
2098,0.009102274772589975,0.012967972881550724,0.008128023463843764,0.01449133204202732,0.023339086397600285,0.010977635762419674,0.022050520329971998
2096,0.006408151719289236,0.013264260737425414,0.010202310371601428,0.02714147434723647,0.03409284926724916,0.031002765020836754,0.05067999489986168
2094,0.004613074392957754,0.007243248317295259,0.01030957675542515,0.02737279094875154,0.03296812502929514,0.04518799334367016,0.05968196343086616
2092,-0.00026709395946846305,-0.004455193238155683,0.004511945699363677,0.016936905002275005,0.01996364724845503,0.04840739646987043,0.04743445840756358
2090,-0.006443704052531284,-0.012981751747114639,-0.003741611637881121,0.0056703664797949525,0.0038033583622229025,0.04248697680694401,0.030100100913352763
2088,-0.006872715735749942,-0.00912874920019455,-0.005788291099858215,0.0016017281524721735,-0.004594812612983515,0.03407626229026101,0.02297486374517233
2086,-0.003262570680076551,1.051595206153435e-05,-0.004211674694871253,-0.0011426461763893324,-0.0074444533543549,0.021190347217746146,0.02121083188946794
2084,-0.004649294281386312,0.0003375462258655494,-0.00820325177154042,-0.01137082018568702,-0.013852617668289451,-0.0010165048219603371,0.012439307411762827
2082,-0.010728002705203146,-0.00483624198424362,-0.013265696539950939,-0.02127093652666156,-0.019080142314774614,-0.020789172851848267,0.00232377176165695
2080,-0.011215238644177401,0.00019664352984467742,-0.005684075845964743,-0.014790746458201217,-0.00916692119924622,-0.016679880763007127,0.00684488711429588
2078,-0.0038400749870658377,0.015408654030652134,0.012226811877981301,0.005640815907223211,0.011980211091947038,0.011054402659958417,0.02177666635285911
2076,0.001794924467872122,0.0235915903351032,0.022291481198850615,0.020089558355493767,0.0216826488345013,0.034714396086145884,0.02425057420574852
2074,0.0029258433273207673,0.020209472955919905,0.02034693164913772,0.022846012530251633,0.012831857519409044,0.03636039417066023,0.010426193849277057
2072,0.009271322492681271,0.019305744722291365,0.021646250783098103,0.029297237371569702,0.0053347193251067635,0.028960718110952403,0.0037393344755409182
2070,0.02356515470937736,0.02506478915705632,0.031156541262413823,0.045908898433258696,0.014590670456059322,0.02980374537141031,0.017751072552476158
2068,0.032239470709401565,0.02245650812411935,0.03297329792186091,0.05597603740235632,0.02936779963552057,0.033867320581373074,0.035665521491859836
2066,0.0240927322680186,0.004632478752842001,0.01751047735851135,0.04444149675863451,0.031630439486392,0.027499023833455736,0.0388707499620473
2064,0.004611897315379796,-0.013705532643324515,-0.0037805323828256467,0.01713592029934706,0.019121441341462334,0.011146076465321493,0.031081952974124652
2062,-0.014029915842889516,-0.01980562486016502,-0.01856604475403016,-0.011183088024309147,-0.00045725986513746856,-0.005742365240233059,0.02198859415538442
2060,-0.025723346496098805,-0.01941642739367426,-0.028093915933877143,-0.03166364680081107,-0.0193012848427822,-0.019095728962897237,0.009228292438014216
2058,-0.02841954196046231,-0.019496002092462997,-0.0334433794902219,-0.03921475220135529,-0.027464474901090878,-0.028623260745045488,-0.010782147167341162
2056,-0.02151884965711515,-0.01587700911474054,-0.028487138399509105,-0.03140209960479125,-0.018809128011814853,-0.03199202822518534,-0.03127824219079564
2054,-0.011740183509307084,-0.007760343508357236,-0.015001890808168123,-0.016855311275057853,-0.005493335729909913,-0.02948370780085709,-0.04449749104771239
2052,-0.009375236850237067,-0.0037532969336331735,-0.005191434441772849,-0.008759563540545379,-0.007675391751010023,-0.02424904541749971,-0.04868431197797066
2050,-0.01230844944905196,-0.0025582013578594916,-7.458466215649656e-05,-0.003288156210559704,-0.020305887407069446,-0.01098150474713511,-0.03698265503855426
2048,-0.006116484173126336,0.012981145948028842,0.01404919062169089,0.01709584568483836,-0.011268747603290183,0.021056152964329673,0.003441224830249682
2046,0.013257038557932541,0.047383003284528186,0.03697092260897683,0.051302027484499704,0.03421654838144269,0.06392476540646777,0.06509716447109612
2044,0.03011817783694328,0.07609220035963338,0.04695189431358428,0.07393816161418469,0.08660725868446328,0.09146552294206116,0.11562811524165652
2042,0.03405703379485134,0.07905198314327884,0.03774242837406317,0.07506149093972252,0.11381161247845217,0.09659581632852483,0.1389619164910363
2040,0.03361609468614834,0.06541034837729182,0.030989619620794804,0.07264007849825833,0.11636631020555545,0.09796861861583166,0.1470238179664941
2038,0.03944503658841179,0.05510879250283719,0.04445653317435192,0.08262425623833568,0.11188912273171879,0.11148267702102381,0.15316549717459488
2036,0.05077792773885882,0.05686142161537178,0.07112246818742575,0.10163679083238063,0.11472016155012864,0.13704628856830153,0.16228174005523466
2034,0.06312369357137905,0.06903077567292573,0.09685455286720077,0.12197818119641361,0.13158630477584426,0.17070749474930383,0.18001272454316578
2032,0.07551179420467136,0.08727074049507025,0.11557012655906444,0.14032372898019926,0.15751672916422865,0.20601622008053797,0.20626100802979397
2030,0.08527240108405904,0.10330234427965412,0.12366047263653358,0.14959227799077157,0.1742990398860875,0.22588619304542595,0.22443315363205044
2028,0.09052721563116017,0.11256018940126566,0.12496417161061359,0.1485524226133598,0.17516587920323257,0.22217134098377256,0.22326315282678788
2026,0.09463194685027111,0.12019170334749299,0.13336401972096457,0.14869249189019557,0.17861238264719803,0.21021297226677838,0.2141331895169915
2024,0.09741751886208821,0.12767755855620827,0.1518382945701937,0.1552605595527991,0.19884453529426918,0.20720973356724373,0.2099794980846134
2022,0.09171136665439922,0.12512280684834354,0.16147270653819745,0.15859262105456046,0.22425596186511693,0.21715928376151858,0.21294800690841492
2020,0.07881136920947115,0.11136287285968857,0.1515257516274288,0.15638739899584417,0.24047102255099878,0.23885650266949676,0.22700720272866756
2018,0.07221326455368181,0.10385220116960048,0.14113387882171147,0.16251954828493437,0.2517237683119696,0.26607233812000936,0.25699514264152323
2016,0.07546779149680617,0.11127429043009743,0.14563485916751187,0.17758985362593901,0.2580772423451373,0.27345284674706416,0.28361684209406307
2014,0.07344593304753422,0.11526868444577026,0.1467692745281774,0.1772015485227262,0.24191971292963205,0.2354327410277954,0.27336895214945117
2012,0.05862818759690258,0.10037388490498823,0.1254494915404375,0.15127484964144744,0.20221519957434583,0.17382917239026352,0.2311095543941552
2010,0.044409811635503865,0.07876803836452556,0.09625789854220591,0.12229309008913034,0.16513737722724134,0.13810352129522868,0.19398832543984354
2008,0.03973756776785406,0.06711797022467947,0.07953156991348799,0.1072725766963691,0.14477979590106274,0.1400664594741845,0.17369362096548274
2006,0.03312024012028671,0.06051932407685545,0.0675174130787759,0.09454360856131555,0.126857752518616,0.1459191391996031,0.1501738496482588
2004,0.016333835648491706,0.04658723515493506,0.04525500236807677,0.07334451057822794,0.10211112622562034,0.13481911487095163,0.12223853690196151
2002,0.002756055407353195,0.02971512339260039,0.023779503771638358,0.05804828713501415,0.08486585458970827,0.12326050236092911,0.1126925194481606
2000,0.005866271135547432,0.02063943798186058,0.023405603977911717,0.06202923489592669,0.08600350810254392,0.12231239185785196,0.12337331292287508
1998,0.0186878421374616,0.019146773434517744,0.0429598892258696,0.076358491292028,0.09838168748041244,0.1206121572280295,0.13309151587898277
1996,0.028844552127785066,0.023144128708816308,0.06702433318854685,0.09031394535930808,0.11771058011625167,0.11815495738775945,0.14068166781855654
1994,0.04116887999486969,0.04175637731230219,0.09406472080244425,0.1127806353633225,0.15366493068565704,0.13836440926151894,0.17043375528076748
1992,0.06438807918103828,0.07860874936979971,0.12773757407149286,0.14934759589814525,0.19876890186656734,0.18487479215627414,0.21771244750052304
1990,0.0879139195384802,0.11229253667118518,0.1516824380903455,0.1771332174588074,0.21342060526360898,0.21739363924399124,0.23198778836018583
1988,0.0984260501838463,0.12493934751081233,0.15131448543090564,0.17787975345211687,0.1832619262257747,0.20840970016676047,0.19514900887164335
1986,0.10662153980691137,0.1348079973509077,0.14637298414499772,0.1717145867861972,0.15106868297326523,0.1855403019666462,0.15749995722750346
1984,0.12844868660736855,0.16529790067378267,0.16396210469369515,0.1830200955605665,0.15574782047488617,0.1817026209787461,0.15993984314726659
1982,0.1563243343104512,0.2034100080822074,0.19803269013877978,0.20424507597751101,0.18546393743701384,0.19320967942788256,0.18439229481609096
1980,0.17165253746428624,0.2169838365208722,0.2207396975319204,0.21628230600760434,0.20904883592348514,0.20665382097659377,0.20154001697122212
1978,0.1783532152015265,0.2083591357122063,0.2301793516536176,0.22726818597897808,0.23285571892013324,0.2365061116487396,0.23033445600090297
1976,0.1917769186391385,0.20985248359557648,0.24615782460055205,0.25462300518712216,0.2779507513823746,0.29360369552648896,0.2939357750310689
1974,0.20597688194359415,0.23266663122316458,0.26780074405651355,0.2887012482998368,0.32509989418880275,0.34860315957734284,0.35885410467654155
1972,0.20993491273155185,0.26160828392823027,0.283798290447613,0.3186155021193829,0.35000732167693716,0.3846514371041794,0.3964259069223253
1970,0.21831878456945175,0.293651262598808,0.30598844806736336,0.35812424194068376,0.3718744659681784,0.42797562548216683,0.43645601530892014
1968,0.24820519874371677,0.3329309842527427,0.34538998109608676,0.40686683782999555,0.4086559503603265,0.48073259668051493,0.4926583560443043
1966,0.2857752363127584,0.3636410560149998,0.37985395025321866,0.4321134372732616,0.43542988280985406,0.49890458757368084,0.5198080359623033
1964,0.3077250836535925,0.3719837072053993,0.3873713707676537,0.4260724087975136,0.4338520073433911,0.4764698753219013,0.4986141601220889
1962,0.3197304135468854,0.3733110662926246,0.3867799104590049,0.42711286077664645,0.4337657533491925,0.46937400213231734,0.48093667303280746
1960,0.3373496670403302,0.3848748305548563,0.40247592690396605,0.4533344181775752,0.45877981581704036,0.5017814287818829,0.4998552540854601
1958,0.35562271503071446,0.39958339115627556,0.4238569470270736,0.4717508935839461,0.4841099789544864,0.5281496237771713,0.5199543015385848
1956,0.3643506720113625,0.40552554253094764,0.42900340586519087,0.4586434220923076,0.4816996684647568,0.5138012129564096,0.5077985083193666
1954,0.3713876680427701,0.40895057608240853,0.42283672678571993,0.4402068591453834,0.4659787563062562,0.4875792990553397,0.4862922475159534
1952,0.38630359831047,0.4176118414104169,0.42092832341092046,0.4438307269240742,0.46067427052639515,0.48120169381716826,0.482534546819038
1950,0.4024807438907859,0.42561270789541944,0.42498020205384146,0.4612880099780989,0.4670086531469609,0.4883324046582963,0.4903755463272958
1948,0.414458424713641,0.43188749869027016,0.43612171394218896,0.48019899751185763,0.4862148043049476,0.5051148796412925,0.5093211907535315
1946,0.4349825806072784,0.4527575085791452,0.4681867592137854,0.5141412628611942,0.535207347750286,0.554256708214833,0.5632316313766665
1944,0.47340757026809316,0.49542243579404954,0.5216159393969058,0.566726287380536,0.6067721162332582,0.6288460985110778,0.6406402307693838
1942,0.5128512962356464,0.5361713491910151,0.5615558216145534,0.5989971191751515,0.6453517007450629,0.6608478148989848,0.6670081453900132
1940,0.5373553400010428,0.555111316386275,0.5647871974748537,0.5856708547262608,0.6220996837386809,0.6175137024124011,0.6113733210803126
1938,0.5644268939306063,0.5718580640673909,0.5620471485313423,0.5641363330483268,0.586854559625716,0.5633480915635917,0.5461631581417065
1936,0.6180736711300017,0.6120916437808834,0.5909130401191327,0.5776927481650084,0.592034769765223,0.5621922637306949,0.538030742061115
1934,0.6973891790248922,0.6736579152172467,0.6494081271044855,0.6250847049142715,0.6326153310737764,0.603386706995673,0.5736003039112091
1932,0.7921827068487786,0.7461128043204531,0.7155471798966828,0.6850500329023311,0.6786441142686652,0.6446124418628923,0.609511116477725
1930,0.9164623718629558,0.8449879083128147,0.7958847536248849,0.7650822982630253,0.7377243741046227,0.6917029527485188,0.6537469710359755
1928,1.0955819827719282,0.9957546270715613,0.9191296188587103,0.8893877864523371,0.8436699784581032,0.7848572462928286,0.7450384195386797
1926,1.3274873039235286,1.1947329777479894,1.0914107199256184,1.055110560119873,1.0020323099069102,0.9314983700153318,0.8841217539698861
1924,1.584607394506586,1.4128558495202415,1.288989212577623,1.2356936021403087,1.1841102359464106,1.0994983808171288,1.0351968827532414
1922,1.8448851056783895,1.6279819485066087,1.486321517354521,1.4124929379637672,1.361057988161956,1.2597025407781524,1.1730433142217267
1920,2.0740257924511356,1.8099717679923222,1.6489133606461106,1.55654198213221,1.4972217001222228,1.3803674280296838,1.2711777036138627
1918,2.2003724770269426,1.898465430604933,1.7194360888846922,1.6094889661471834,1.5377716692558172,1.4088528939978184,1.280034681399419
1916,2.1825290403043307,1.8636176974484582,1.6761507255088055,1.5512793808073109,1.4719460755193334,1.334944171889973,1.1941510568775295
1914,2.054655327148277,1.7427155306604492,1.561208370055582,1.432960556149672,1.3553298035934234,1.2191104365601002,1.0799405872969583
1912,1.853786459520481,1.5713896634457032,1.4094011306949383,1.2946260337812903,1.225255712234872,1.1055147781971306,0.9820376370198706
1910,1.5886134793445679,1.3532274061605594,1.2180395536019217,1.125732964317926,1.0654615515901384,0.9751561211761026,0.8730370116461303
1908,1.2891548252109946,1.1046635912081815,0.9944080339255168,0.9194715722543075,0.8657672091181448,0.8023658125212116,0.7166653693743105
1906,1.0094098549864867,0.8663899697738218,0.7760590694725519,0.7111067679795564,0.6635673631167626,0.6135335088094175,0.5384529263536534
1904,0.7744304724261906,0.6618434650630994,0.590748772772269,0.53789362405176,0.4993880404738786,0.4542724440436605,0.3899821612566573
1902,0.5781046817013591,0.4901985097917435,0.43958761193125984,0.40527352318050613,0.3772631106433202,0.3383227195151114,0.28591114253363564
1900,0.4181905417477158,0.35266103209959365,0.3196858124264932,0.3043257688814889,0.28446418468985707,0.25503972529749347,0.21252388211637077
1898,0.3013916259148044,0.2564412761081425,0.2359838188121458,0.23440567856515757,0.22095794629578913,0.20134898372274695,0.168757586013437
1896,0.2253772276405361,0.19863591145155104,0.1890478123397862,0.19713562191040943,0.19271933125324722,0.18233738439697486,0.16485874538929673
1894,0.17591244429615452,0.163327376468494,0.1653603101497784,0.18124475230826337,0.1889863299189497,0.1878888697168295,0.18919373109967372
1892,0.14003040683042842,0.13610783563032372,0.14703700426736602,0.16844342513187996,0.18607392436210768,0.1928185154303657,0.20882478345704372
1890,0.11281460785160076,0.11329665757804407,0.12653821320143172,0.15025437566839708,0.17124384907285475,0.18227131638499805,0.20474148931461753
1888,0.090965999841759,0.09401162469033215,0.1043628519055291,0.12616912993158946,0.14511523352207012,0.15707894063590264,0.1782420573476361
1886,0.07058846235657808,0.07509576490951442,0.08144436960858382,0.09591503979020943,0.11048942601267664,0.12152581136595005,0.1337353322273413
1884,0.05384349394524716,0.05861513193652471,0.06211322721974145,0.06636524196051347,0.07591486844249598,0.0848294471195807,0.08322327029584994
1882,0.046757285732975405,0.0511407368223373,0.052876021950983544,0.05037963329494891,0.054527270702868905,0.060017694536123475,0.04761019082438822
1880,0.04819186138774631,0.05117687920189257,0.050896111043589085,0.04804204634199128,0.045661144364277415,0.04623956969638806,0.03143218990539859
1878,0.04908525435212659,0.04857566186759593,0.044439652382410405,0.04334729776515321,0.0327663039353974,0.02781504455518664,0.015662879041097345
1876,0.046709106206436396,0.043533059817114646,0.03552717023185763,0.03480787090224038,0.018038890432412552,0.010567342751280365,0.0017766399154704837
1874,0.05038467833865144,0.05294606051781508,0.04816272644010747,0.05207162477272967,0.03953163228176196,0.03786274422141921,0.03848627081969035
1872,0.06544531231880743,0.08634616186586277,0.09823575813136659,0.11829921189277813,0.12587973858736,0.14069633788991517,0.16366769209443444
1870,0.07787803872239098,0.12073827238979977,0.15685262975361133,0.19822708376089973,0.2325533739836381,0.2673091614716149,0.3150065509350757
1868,0.06508084179294985,0.11428783420506607,0.16140310659611778,0.2090943040847019,0.2529299783559813,0.2950669344222459,0.3441474425587715
1866,0.029807985547333556,0.06555647991770203,0.10065832813421523,0.13411533776149298,0.16269157777380294,0.19438957169730667,0.21910336177672468
1864,-0.0041160505899396705,0.013600529150664165,0.02847702719994374,0.043385752926308585,0.05156413567400704,0.06674439138798509,0.06701735905753137
1862,-0.022495246848084207,-0.016607640772401726,-0.014515285101676847,-0.011115556198119922,-0.011956952584979629,-0.008596243348686078,-0.017377457938876253
1860,-0.02474564858654907,-0.025420436940495294,-0.026864538708064475,-0.02999475841096165,-0.03042122810908139,-0.03242675893342383,-0.040470898614248706
1858,-0.01652019796184614,-0.021863546568065172,-0.02389098157082932,-0.03237730116913808,-0.033419896234166656,-0.037222860639984326,-0.04489597619506001
1856,-0.006598082267162533,-0.013444894789935592,-0.01649024539338904,-0.026327743317506102,-0.03218207559407075,-0.03626724045003625,-0.04509576938054207
1854,-0.0025895529808051257,-0.004989682544388161,-0.007335786707149185,-0.010811260996120715,-0.019105438364074547,-0.021817569912912737,-0.02936310980663152
1852,-0.002750250259706861,0.004479578308047417,0.007142518726983547,0.01501914688683635,0.012604329818374196,0.014306231109434001,0.011976932761012657
1850,0.003437433755886159,0.023048996778042757,0.03558532596877331,0.054931749907994376,0.06630290615675913,0.07735411941243509,0.08509526391776655
1848,0.02156896663917866,0.05493381877030984,0.08136921862797913,0.11129411944698854,0.1407521940374789,0.16623116219920095,0.19001597990445385
1846,0.04125788547659566,0.08594479600276114,0.12518403811390594,0.16396015223313068,0.2096687733728706,0.24868940424455152,0.2871772599603789
1844,0.04499916428284081,0.09095283386140503,0.13180729849330486,0.1722106028720792,0.2226363425409567,0.2638037334804152,0.299554541635413
1842,0.03278403585959617,0.06874750747002734,0.09754867570388745,0.1297270776523428,0.1694683503166592,0.200001907254574,0.2144363131505625
1840,0.018717928587337736,0.04221530744038933,0.05607403441747248,0.07703522740140958,0.09899079343187456,0.11633277917202162,0.11032561391456923
1838,0.008344030672885087,0.02408810696377181,0.030250585672425286,0.044722121272307014,0.05240540384317381,0.06151499709244949,0.04906370609890395
1836,0.0009417547024045025,0.014742308459646707,0.02227574722350289,0.037102772772865104,0.03985782028955438,0.04660471986608552,0.03928583274257564
1834,0.0012752780480875738,0.018445318442885886,0.03389253621454794,0.054541122467171195,0.0631516803140097,0.07365135225950954,0.07731617834705808
1832,0.015911606143039613,0.041983767659534,0.06927451890097457,0.09929786957644346,0.12196880504861317,0.1437614933585882,0.1638641466134504
1830,0.03901333903260431,0.07631602154770895,0.11456087207038189,0.15412058382303828,0.1909232825818419,0.22799145988657096,0.2676894032443126
1828,0.05184020898582381,0.09345657787144293,0.13257147370101005,0.17579196494363578,0.21534811458270897,0.259724008242354,0.30968503563357186
1826,0.04382363973566858,0.0765939246765621,0.10234935747258897,0.13970605223278706,0.1664710973640411,0.20187552375992773,0.24362588184018003
1824,0.023086731173803318,0.039110286378344135,0.04657267454441527,0.07165956313513457,0.0779337826818773,0.09502084190985154,0.11966871876193626
1822,0.001107267264865932,0.0013745096848755596,-0.002702248067957015,0.008573114962419394,-0.003942822587663597,-0.00253195461630929,0.010113296220421116
1820,-0.015753226359766708,-0.02670260285291444,-0.03401954663727791,-0.03593641107114533,-0.06159628601410754,-0.06908707316831432,-0.06206937178902339
1818,-0.02099725083429045,-0.03817222282272009,-0.045644687352499574,-0.058086537653353316,-0.0891180385550439,-0.10051288483614418,-0.09845700716278971
1816,-0.009535342816270477,-0.026267769376380146,-0.032427744301418024,-0.04877392485221068,-0.07485005117195502,-0.08550349443457708,-0.08801193726436297
1814,0.013648709169944154,0.004579689445998763,0.0042503296148895,-0.007268828126441797,-0.01971527580835913,-0.023810846155325124,-0.02694957874833501
1812,0.03350078437906163,0.03423770196818233,0.043164157303882476,0.041242922531158646,0.04208993808739313,0.04738550263920887,0.04532566018687288
1810,0.036823114632183976,0.04150576484422954,0.0549259062731266,0.05952703943789043,0.06381818099571136,0.07387077238857047,0.06827991931319126
1808,0.024568263368166147,0.025832386132768954,0.0346916785263607,0.039198769428806984,0.038532085795556385,0.0455081461132565,0.0329935122600073
1806,0.008943310958136559,0.006209102359004834,0.008862438875310328,0.010919473477410171,0.007169451470009208,0.008907958061310138,-0.005225863775765763
1804,0.00043385712012020957,-0.0014597506876049009,0.0025740907818002493,0.005250982270095202,0.005402625232992912,0.006429359669173018,-0.0004834975477062389
1802,0.0020054857061182186,0.004045227411563828,0.016676888489689772,0.023558321288485153,0.029763744558564443,0.03506460246003803,0.03851961712667008
1800,0.009117789135476192,0.013526591031288662,0.03337642730869955,0.04473731646947492,0.05268926311463208,0.06305492027617207,0.07377768220116718
1798,0.01490448594864287,0.02074321081806737,0.042706354413192725,0.05790592239489046,0.0657753255584766,0.08040999451951211,0.09809505805361196
1796,0.019212824585531914,0.030381657125592057,0.05536372441626313,0.07685484167286726,0.09003279946624514,0.11082426274100264,0.14105917208228155
1794,0.026703868106987206,0.04649292034555425,0.07843312968458206,0.10832035990637366,0.13112836628366106,0.1591383599290597,0.2027783743501653
1792,0.035695897573514795,0.05752894662875956,0.09150288252116126,0.12267028812866675,0.14714441833275363,0.17462240064623039,0.2159148539701878
1790,0.037936658047362036,0.0487651009104092,0.07140853521264558,0.08987721476996637,0.10057849786191686,0.11446831222839296,0.13138840517115052
1788,0.03594705003251287,0.032610286094476186,0.03936772874065061,0.04107738931936502,0.03411259520788123,0.03133793329067889,0.020540863759845596
1786,0.041387021409233754,0.03293086444617911,0.03191806935042722,0.026132745966581463,0.011164362861034992,0.0004469982290181472,-0.02321043743231785
1784,0.055738440748925415,0.05321582059775862,0.05457813738873089,0.05342225251216054,0.04247492424714344,0.035283464113847515,0.016857147797149367
1782,0.06283940148422493,0.06955331798327376,0.07588776019721113,0.08362508479237464,0.08150648213825865,0.0836770443737761,0.07956509613576673
1780,0.0497739640836109,0.06072671882929585,0.06817961869229852,0.080569546110582,0.08458157855248138,0.09449660280191025,0.10192613248087465
1778,0.02983575368646224,0.04227416629112986,0.05132935795358659,0.06738005459569346,0.07775260548092025,0.0941339162071284,0.11073878997624761
1776,0.024211132070514313,0.04267716495564984,0.06156755448512909,0.08890949581142756,0.11336130115937566,0.14016874917239788,0.17300371282304347
1774,0.03599044280047041,0.06515549262019985,0.10066552371813671,0.14627406213933467,0.1900290357001243,0.23051876284825068,0.2880521161106747
1772,0.04498367297579641,0.0781149914151883,0.1220739862817533,0.1772761975989458,0.22719513301570543,0.27297273807544986,0.346384969287334
1770,0.036063001945003,0.05780867424457844,0.09128143251576229,0.13533475615052357,0.16684357368964942,0.20081803270581688,0.2647635208169242
1768,0.022184374501986195,0.026003990108274807,0.04067181302667074,0.06329909847386683,0.06835961671329133,0.08265148457007611,0.12315631967060926
1766,0.01710873942520953,0.009300814560846056,0.011417662438276629,0.017974224256502032,0.008641115564903252,0.009183821502340449,0.032667201727289354
1764,0.018246986759464047,0.00914425981312537,0.00827047542268863,0.009492001393920826,0.00133894389056724,-0.0008534347568402568,0.018481913113038755
1762,0.016735539145235765,0.012490802746649854,0.012864300491729055,0.016522468298911627,0.016432139096192202,0.01881482047634912,0.040521153124239345
1760,0.007348730765052868,0.005542397650822235,0.004164835785508278,0.010487589608046795,0.014366803667341,0.019738903509224096,0.04025952528734633
1758,-0.006562167824385032,-0.01288206245867158,-0.02002465342788079,-0.01651332856603088,-0.01524793246998543,-0.01363557585473948,-0.00017421217210754336
1756,-0.013056232222678802,-0.02332225086419201,-0.03170145250734354,-0.03150959929797716,-0.029852617839516964,-0.0314737379958267,-0.02068274843463414
1754,0.00123679304750573,0.00022107333187402443,0.005326064022066566,0.013887150754294657,0.0303837928515788,0.03877779733263139,0.06399506339975183
1752,0.039637316545465685,0.0657181959546505,0.1012441264932577,0.13651897519139367,0.18523248427558345,0.2216855603523352,0.2817326224592247
1750,0.07755914787685433,0.13322990319444883,0.19993478743366963,0.26672641313614975,0.349839898858863,0.4171004370589909,0.5140189581402752
1748,0.07848790440362616,0.14142894884710844,0.21545478728364498,0.2923388188169775,0.3878965698543896,0.46357154409284684,0.5701469317167642
1746,0.05040398538519674,0.10108389110855229,0.16121348050239992,0.22696610080861854,0.31440751438959014,0.3784726721278716,0.4694824364441942
1744,0.025747480379639618,0.06425925207909869,0.10919540469998536,0.16209913352103286,0.23906679588523047,0.291431056884323,0.36480264339654195
1742,0.013010734402126082,0.046176325000534806,0.08398168436305227,0.13031294379022454,0.2031685594108664,0.25172372490027994,0.3173127916708656
1740,-0.00030002346667908585,0.029490544232291607,0.06626530753799366,0.10847474045192564,0.18355480070666075,0.2322052238410256,0.2994529449455975
1738,-0.016209832461035224,0.012283406582461132,0.0527673697304938,0.09369261412686995,0.17993428227638697,0.23134620253426014,0.3102818804680139
1736,-0.018931329608094974,0.017957329072646876,0.0692509628648092,0.11901099577568625,0.22953538252057276,0.29108393297897506,0.3948483040421703
1734,-0.005453318973776741,0.04605912378365743,0.10823437743829133,0.17278404268890213,0.3072020534695584,0.3813471718626159,0.5076872581033842
1732,-0.006720770148230414,0.0425204784686241,0.09689746108153985,0.15886595791772423,0.28550305420813393,0.35509981317094547,0.4673447521294477
1730,-0.035063714333797964,-0.010169906794095534,0.018784819604407636,0.05655625759285759,0.14490108383672493,0.19136473667928552,0.25622124563862125
1728,-0.0639038717105721,-0.06607603771751865,-0.061980067667931876,-0.050210684968628246,-0.0032675080485178535,0.019123773339933557,0.03722111239195333
1726,-0.07418404153813005,-0.09289057227624554,-0.10325297458556686,-0.10661524062864028,-0.08894087084379153,-0.08123630690508364,-0.08989561675762439
1724,-0.06800778520339675,-0.0906247034144462,-0.10424042909051244,-0.11030364336735145,-0.10555065284409694,-0.10190092559281241,-0.11476295073310856
1722,-0.05217125610392449,-0.06627731888260265,-0.07150510716513887,-0.06755578307742066,-0.05613397064426718,-0.04536966595734731,-0.04241196009397685
1720,-0.02177818827992577,-0.010371438309500972,0.010223248905508395,0.04254243839107391,0.08588421156327322,0.1197031699044485,0.1618923354072479
1718,0.023664687102861796,0.07507843743614864,0.13754585423486618,0.21340434979497644,0.3054886496281494,0.3750616820288182,0.47720959620248476
1716,0.04297559217935425,0.11287750791606159,0.1968977648237239,0.2914241190208736,0.39967300175556625,0.4831538636447461,0.6200730995844399
1714,0.010537406299641951,0.05504186305055171,0.11557122821798606,0.18078635817135671,0.25028418437710076,0.3066730922375186,0.4184964897771655
1712,-0.030352087866602852,-0.02062122547686004,0.005553907794234207,0.032345858058497545,0.05645464802693921,0.07873402111221463,0.14660831992348936
1710,-0.04678957471806323,-0.052607294925286166,-0.0412273397150632,-0.031019245929245712,-0.02448520138629155,-0.016341768482274126,0.029102800189996017
1708,-0.04036880020922051,-0.039516304140200895,-0.018826122377410274,-9.976736452895426e-05,0.018008352954760994,0.03508799365084494,0.08994333683078275
1706,-0.027890057078251585,-0.010501863063770408,0.03048071505609894,0.07001159130248541,0.11053091506877932,0.14754352249595043,0.2311208662528138
1704,-0.013981079869753549,0.019700626748566073,0.07870465241027601,0.14044454434626086,0.19808108609024874,0.25418741679221096,0.366057859321082
1702,0.016047559077339162,0.07077438670429197,0.1486598598988861,0.23793687837529284,0.31190438945990473,0.3883194382586164,0.521725898690872
1700,0.06210443661842222,0.1444138848154347,0.24587681404860667,0.3667706965904904,0.46146403822355464,0.5599005827706474,0.7074461706737049
1698,0.08581878383823667,0.17645206735703892,0.28316239520213377,0.409060457897267,0.5031446326257222,0.6012295175005637,0.7399949989564142
1696,0.06975414421623849,0.13352230769558282,0.20975362303720038,0.29867286487301736,0.3525473402882578,0.4144180201082715,0.5154410391034473
1694,0.047228531318015375,0.07732216561063053,0.11449730668750979,0.15934028461871455,0.16563780406613632,0.18523249976804276,0.2456495029585707
1692,0.04060045675636839,0.05674428458636289,0.07505044732157352,0.09906993160866837,0.082634628740073,0.08176253865908785,0.12164781303474854
1690,0.05151669824024488,0.0778462651287106,0.10366736608945351,0.1344998002438104,0.12555720043214652,0.13096863976171766,0.17557347774414783
1688,0.08555557180028323,0.1434118491185938,0.19993269459268637,0.26116792301734015,0.2839904498244854,0.3182187083957779,0.39254271430901366
1686,0.1523322709967091,0.25666907773701947,0.3592618419700127,0.46696220350517664,0.5342548946119597,0.6109789997775638,0.7363552754901734
1684,0.22707399664812075,0.3656592359529332,0.5013996425003696,0.6432693604265347,0.7363508408498608,0.8424111818145427,1.0115443351964197
1682,0.25961466622271284,0.391698434854794,0.5180841453190614,0.6517307787281643,0.7256289759700607,0.8228277871886766,0.990804254103045
1680,0.26661807099914436,0.3700844803215967,0.462271563393878,0.5634121851535058,0.5969784814231017,0.6647559398082379,0.8016390327685442
1678,0.294657261986887,0.37660445467360537,0.4400170729962024,0.514789585555772,0.5194391107341222,0.5635737292269106,0.6735710170390404
1676,0.36518249944674036,0.4442999544966784,0.4996905856072104,0.5684172459599243,0.5712130627913202,0.610022461072049,0.7145519329571419
1674,0.47824756351536135,0.5691045769956753,0.6368978767743777,0.7181651533354503,0.7437706397988303,0.7950674124419531,0.9134487887405949
1672,0.6135322088860213,0.712845887128068,0.7937293578557149,0.886426322408334,0.9338941874724566,0.9979039364244062,1.1266279173864937
1670,0.726181526781873,0.8166730247798571,0.8901784374139996,0.9732905063070331,1.015958132453071,1.0730015136099225,1.1883701029813096
1668,0.7760008633576301,0.8487717608088605,0.9004520234604994,0.9592546037889267,0.9786575462479501,1.0138518048314555,1.1037475105935532
1666,0.764737721407571,0.8264090934307711,0.8605557063115306,0.8987979671817634,0.8988469808477944,0.915773946095539,0.9896937237639056
1664,0.7270544975948297,0.7883514454120445,0.8150674596460545,0.8433055139263077,0.834192132090346,0.8440295223128729,0.914522708027189
1662,0.6977074564897261,0.7636532093515872,0.7877932244666865,0.812827537297316,0.799424206122849,0.8090034206835618,0.8788525432485008
1660,0.6855719991756276,0.756219567126233,0.7799426301896704,0.8058865048337327,0.7921945554182185,0.8040429322838547,0.8727871380443649
1658,0.6833793672280243,0.7616890771747603,0.7919359945685108,0.8267079679600432,0.8232706509764465,0.8430396707879576,0.918328455667414
1656,0.6985308862872555,0.795274200256271,0.8457375430075633,0.9038974266423254,0.9275452951951442,0.9676586658125245,1.0652294781727174
1654,0.7547665874409427,0.8826658300554097,0.9667555081614029,1.0626811238394682,1.126658369311764,1.1995907634016747,1.3310078655546305
1652,0.8336472421326518,0.9841562269016539,1.0947790729770965,1.219847676613792,1.3128511604267932,1.4102916874892208,1.5637769975791875
1650,0.8666364578883174,1.0113973674567256,1.1242650186433691,1.250546075339063,1.3469315751808102,1.4445867280447442,1.5999990334659784
1648,0.8633560721671385,0.9885646450791775,1.0911515465892074,1.2052370295577692,1.294363152451165,1.3818235516025628,1.5337075326263248
1646,0.8729044991343945,0.975527951518848,1.0611499436778415,1.1576974683068346,1.2299376036915899,1.3026878228358225,1.439389345106756
1644,0.902013213968488,0.9801064793553418,1.0425412561762004,1.1162213355543213,1.1586608980520359,1.2109186000480905,1.3130534791493045
1642,0.930146234027333,0.9884393293775522,1.0326073926693167,1.0884445719094937,1.1052878642768453,1.1415229352350755,1.2112095710721404
1640,0.9608974413999417,1.011860553992967,1.0530576324418492,1.1070868012318202,1.1204762196020848,1.1565741183974818,1.2198312512245928
1638,1.0192281003110961,1.076273279208125,1.1289679808468498,1.1976894453458506,1.2307761159305277,1.2823078215273334,1.3678590594557838
1636,1.1035238741373967,1.1651525879581213,1.22498261391726,1.3058730475356723,1.3561143297427198,1.4170978291641274,1.525523154759971
1634,1.1496644861543854,1.1915789551219758,1.231898973722216,1.296674666364281,1.3272051517434384,1.3668108758111952,1.4587413054945395
1632,1.1472368445588073,1.1587022180865334,1.1718142091024069,1.210193141361822,1.2077593408456442,1.2186134645487816,1.278024893100965
1630,1.149624415261892,1.141775391512414,1.142562679441127,1.1691245886378128,1.1531408862052295,1.1538393994028435,1.2001509148032856
1628,1.1840327960678274,1.1701167501467586,1.1743395315548688,1.2057956989543825,1.1985930825684732,1.2080094570526905,1.2635777956554481
1626,1.2497375667656676,1.2297944030516545,1.23976158520868,1.2802497895592349,1.2883029031160536,1.3100563071029583,1.3802566474809774
1624,1.3358319152922893,1.2937923030070708,1.2957458248673914,1.3339852992535397,1.3448437633393406,1.36564323116063,1.43655244483927
1622,1.4482344983647266,1.3693276621638235,1.3505336790426399,1.3755591006064383,1.3784285179350007,1.386882535024635,1.445394602074055
1620,1.6070309232454316,1.4847164696647621,1.4404015122058085,1.4478212204723264,1.4409355457976945,1.4337952128458706,1.47333375280105
1618,1.8164689257107598,1.6435353072203571,1.5679444916023304,1.5516114921064748,1.5295361336948627,1.5015438341692897,1.5111910621471627
1616,2.044796308907685,1.8104267235213043,1.693600550228656,1.6432141891441214,1.592956587055037,1.5343815874907365,1.5000232508761242
1614,2.244317823595546,1.946495900915823,1.7851871581164798,1.695968439219117,1.6119763195163288,1.519312401580095,1.438003502348859
1612,2.3714108435160357,2.0277842830697965,1.833488445682929,1.7124455563467589,1.6042429839530872,1.4851868836827617,1.3684848502319182
1610,2.3968279512490476,2.038867608177998,1.8321635593829648,1.6948264594290552,1.5785099424294544,1.4465884539736098,1.3127381586255806
1608,2.339905754095207,1.9924640306542998,1.788597927631989,1.6497569172251911,1.5356921406063733,1.4019244125753985,1.2653989194789805
1606,2.2494049135150886,1.9178644904707884,1.7187110161348225,1.5845910554586615,1.472444490351424,1.3408390190818251,1.206304728738473
1604,2.130865975156249,1.8126271466664485,1.6151159572060987,1.4855403712299577,1.3707456380313894,1.2415892266916253,1.109115513872461
1602,1.954499037497778,1.6544807550625467,1.461664340402683,1.3375270090322893,1.2204805478818466,1.0956116303133918,0.9694992465734519
1600,1.7363975263528852,1.4632055644101987,1.2818803139180446,1.167162741915698,1.054215684416254,0.9373824820568621,0.8255607889550765
1598,1.5320604537582245,1.2879883695371437,1.1215079260366747,1.0197560960738257,0.9167458124695852,0.8113270646774571,0.7182277083079422
1596,1.3586650336475985,1.1423238845181183,0.9924250571575189,0.9045836663335277,0.8114489464667125,0.7198309579970614,0.644108978554552
1594,1.187852530958621,0.9992618827114805,0.8694280652382971,0.7934666610448223,0.7033146952150563,0.6257468513706018,0.5627360731853176
1592,1.0111310634894155,0.8472671581821706,0.7371609664851394,0.668637539173036,0.5733317860158021,0.5061566737718516,0.4503655939944362
1590,0.8568584057048603,0.7096033931227012,0.6114234403043024,0.5464866631623838,0.44418077371646836,0.38234733233022317,0.3290386189821023
1588,0.7345539845364399,0.5992698407887741,0.5063132777163875,0.44463684179168655,0.33985328655966257,0.28120832579104377,0.22926954062406985
1586,0.6267790367025835,0.5058994751203562,0.42046241154755826,0.3651633553676962,0.2641712313855246,0.2104004780576044,0.16585148925963247
1584,0.5287917975566055,0.42465940953793907,0.35396577629781173,0.30961748106362186,0.2182454643811462,0.17358082904889144,0.14698292356262704
1582,0.4527334480068618,0.3661902396793468,0.3165222740859733,0.28908455377152925,0.21465340861606907,0.1852606348761743,0.18600877020039422
1580,0.40548225863617593,0.3420910642641683,0.3198003061563553,0.31709799715359777,0.26836348972052754,0.26105990931916173,0.29579835013369044
1578,0.382205079565438,0.35003177032361427,0.3585841200861198,0.38480123474606237,0.36442849720056497,0.38025313090791757,0.44870585340362834
1576,0.36719357881449183,0.3626280983109825,0.39378768175743323,0.4414648546434381,0.4390349926410404,0.4677034391742044,0.5573995945915622
1574,0.3507327824618157,0.3586620491989411,0.39864153813897896,0.45663744699457265,0.46047229317019733,0.4914863595974073,0.5881894913749115
1572,0.34328095930208014,0.35474189643667187,0.39848069199889974,0.4640907804951585,0.47272138445214823,0.5058761557288322,0.6048129895206134
1570,0.35757888844312047,0.3716006143872029,0.41943413531383394,0.4919952226459339,0.5052832857533021,0.5425624294547038,0.6411543832404805
1568,0.38366638105602074,0.3967923789280819,0.44407673994552166,0.5151325884269264,0.5260731510585618,0.562359218050316,0.6523033501178549
1566,0.3946040466348609,0.4012737111802197,0.44199621749287255,0.50329409442665,0.5081512792943091,0.5380619211502078,0.6144040809969173
1564,0.38217201889440844,0.38674981895860666,0.42678439972590887,0.48562282197252093,0.4968560338940894,0.5275993831374215,0.6023461512332539
1562,0.3589419535838492,0.38234845028016096,0.44484189082835823,0.5275154091561445,0.5737122862787526,0.6276870815537425,0.7329396739960417
1560,0.33293944169528533,0.40532881883469724,0.5215556046449732,0.6617487284715446,0.7723306206076981,0.8762698926848729,1.0524149971672943
1558,0.2880734078302772,0.40046293402291677,0.5580765221920169,0.741586171391975,0.8899251165070841,1.0276003272407683,1.25699078606647
1556,0.2210773744219999,0.31597071135231214,0.45246653782762836,0.6130233942019914,0.7273780425650497,0.8412495008402658,1.0405271763260149
1554,0.16317795433448984,0.22495126816659486,0.32414001716676194,0.44655670508961975,0.5145458694406168,0.5932755859240563,0.7394807818384141
1552,0.12704092716624352,0.17117653628433402,0.24950579698044148,0.3529132494446747,0.3934737723946934,0.45362667012627494,0.5658003691401796
1550,0.1104964260981795,0.151419493158975,0.22474069798531138,0.3264310145947945,0.3566343782010513,0.41286969574159926,0.5098667212555222
1548,0.10587741172108357,0.15299561590995198,0.23327155197257826,0.3448228470248171,0.3810874389245255,0.4445086530568606,0.5433284269521261
1546,0.10788436106168346,0.1722561595802928,0.2734196388011637,0.4076341695186919,0.47065867356491226,0.5544432488018675,0.6784318380300015
1544,0.12237371537708433,0.21984975388955838,0.35928340407890863,0.5325506176822128,0.6444547569670894,0.7644297805616718,0.94251000318888
1542,0.15478537180836377,0.2896850357298771,0.4696241592126306,0.6817862388369718,0.8427116387662074,0.998304727786783,1.2347976346394505
1540,0.1720684781067229,0.3080965370468173,0.486098067099586,0.6911323970716302,0.8474603471565983,0.9950858106012082,1.2245544822730168
1538,0.14662095147005394,0.2546566888857788,0.39971607913334256,0.5681341902500968,0.6829578520518123,0.7948754453023062,0.9698541570396805
1536,0.11071447085909052,0.20258125627214973,0.3290890069786375,0.4791796494996119,0.5689465389385527,0.662283988931101,0.8052224644506275
1534,0.0845860932027901,0.172259617113712,0.29400315793065024,0.44072813981871206,0.5201043880622385,0.6095899518360971,0.741970538955797
1532,0.06773882876713018,0.14849854875442486,0.2637156805956177,0.40365474610476365,0.47099806260035953,0.5546947014893421,0.6748333696348686
1530,0.05625676452912355,0.12679926080108148,0.2330615375490834,0.3623994157870088,0.41821121797499694,0.4925744298028299,0.5983405065532932
1528,0.052241345600899804,0.12319315012807223,0.2316452782572112,0.3632000914970282,0.4241695167302801,0.499605356528047,0.6090016049334989
1526,0.06246681355688313,0.15279631947956201,0.2822649409385365,0.4381174908872502,0.5288898363104134,0.6249394535759076,0.7659175658153012
1524,0.08825826038284822,0.20939853298556002,0.3710505753096227,0.5631180917160473,0.6982553083821659,0.8274403501378553,1.0137615405573144
1522,0.11185034880591109,0.2546318611226883,0.43983895037247245,0.6552498393391766,0.8236041645865169,0.9770959693582698,1.1929456913252485
1520,0.10979701062763554,0.25509663246023695,0.44516485871247596,0.661417064724701,0.8398188808808245,0.9983197530144112,1.2203871290716797
1518,0.07846691255756742,0.2106860205343216,0.38825159592903447,0.5893783468207182,0.7606248805400335,0.9094271734587057,1.1236154374186997
1516,0.031082221325411483,0.1388143060928008,0.2897268696062273,0.4649812059440896,0.6168307143775068,0.7455333302043615,0.9393314203368328
1514,-0.007107216489358834,0.08181015714270598,0.21164941567931664,0.36869414017647045,0.5070036410299684,0.6210925885549301,0.8000892717582453
1512,-0.015258256461024109,0.0822896682244914,0.22129528673278184,0.3915889547367273,0.5478087339147192,0.6747200596041937,0.8748782290084383
1510,0.017032764063019658,0.15712998047831495,0.342422073909337,0.5643329103397977,0.778093226104608,0.9530057367902907,1.2206226116660857
1508,0.07705684115218756,0.257739130296591,0.487837480489815,0.7583824789897207,1.020951781380298,1.2411529696259,1.5673653033549833
1506,0.09064544653556961,0.2358391676242278,0.43013811454129447,0.6623486863693178,0.8701179271165027,1.0525723992323448,1.321591856133855
1504,0.045620739091618234,0.12365684498793604,0.24853162234019674,0.4075142145878833,0.5234607171713328,0.634143762732815,0.8064459356225309
1502,0.004306658309949027,0.050353311436965614,0.14284403495936251,0.2686628746019394,0.3427314238350121,0.42033194689739084,0.552674900709296
1500,-0.015918584517558516,0.02704526598237856,0.11714718772443887,0.24074557903439067,0.3107561041851497,0.3862833926633291,0.5184586202335659
1498,-0.02445721508817057,0.01836900283897851,0.10863321682162605,0.23134862645798376,0.2986563413218264,0.37370296662315666,0.5023518108096285
1496,-0.030835126008682674,0.001505813968499355,0.08136616416671082,0.19321902974724964,0.24205554246426755,0.30401646031974383,0.40999458259657634
1494,-0.022861008261746307,0.004242445676675321,0.07997939402486912,0.19104924737142887,0.22811197749873457,0.2829519557038287,0.3769193475347941
1492,0.0257344021018864,0.06616875654122802,0.15707929508035612,0.2892422460565256,0.33878192047675765,0.4067855249834004,0.517536801390026
1490,0.12472953702267098,0.18290009364704213,0.2923131318263495,0.4465860973972862,0.5147699248368115,0.5999148798000885,0.7330366667477806
1488,0.2334674085171822,0.28306009300309415,0.382450749462514,0.5249873991494834,0.5821624542190844,0.656953015471477,0.7788251835582105
1486,0.3052876593815539,0.31971688406950005,0.3814027511545252,0.4831125505180775,0.5023431435959161,0.5418079092887754,0.6225945701902633
1484,0.3514508656351563,0.33198018784535793,0.3569076818895581,0.4209562451934787,0.4080970933203366,0.41569909319563064,0.4588770085427407
1482,0.3902424720918672,0.35406532948903197,0.3589835658036384,0.40342634814997647,0.379311064550172,0.3716981455477638,0.3967797565500755
1480,0.4157385120072625,0.3819568879490665,0.3864963484414311,0.4310785399831575,0.41511652816182765,0.4092506897315677,0.4397364027456346
1478,0.4251796311163484,0.4103879921470516,0.4333351523904075,0.4976100693162075,0.5059182699511771,0.5178654778630035,0.578382315654607
1476,0.4383203905522946,0.455119050431577,0.51114877208344,0.6107931998293659,0.6562479016640332,0.6999384332531402,0.8061565562771041
1474,0.4738057157262568,0.5195879361166724,0.6050900391457104,0.7347428212167428,0.8110660823971461,0.8834595465792796,1.0167634828709342
1472,0.5112795815737369,0.5563872909659228,0.6383199642541986,0.7610262111185948,0.8293315714014804,0.8982144985801234,1.0045405321569658
1470,0.527683595187953,0.5440406719396855,0.5940186358420944,0.6814335893553661,0.7122497068841516,0.7516601341653476,0.8055212798217031
1468,0.5424251470623224,0.5279218996195004,0.54623857254357,0.6018064292208755,0.6033856582295336,0.6176924301189725,0.6377950205797659
1466,0.5695114618745457,0.536089308565285,0.5358162787467591,0.5741407587362191,0.5700245067398233,0.5750613495072848,0.5856620531897029
1464,0.5880220585575736,0.5509368896485205,0.5460937097167493,0.5803299811981218,0.5887379480716738,0.5966109330925748,0.610755067641569
1462,0.5719634430393661,0.5472336875909329,0.5519762185727167,0.5951460797342184,0.6251200816286849,0.6445054153839347,0.6723248574511563
1460,0.5268987095961153,0.5325631680235408,0.5636667315932931,0.6313887641664038,0.6924303659908154,0.7365747522788787,0.7981576617062898
1458,0.4699523620836857,0.5199463871461105,0.5886023573491426,0.6875566189562082,0.7863464191016156,0.8672574401750809,0.980875445341137
1456,0.40385104184848974,0.4788789343713104,0.5608169860640041,0.6603828327442838,0.7689822178426295,0.8650269126131281,0.9989707401701529
1454,0.33491634218371613,0.3910946167439856,0.441660861505728,0.4998120622697274,0.5734262146366061,0.6406781503159185,0.7296775028809346
1452,0.27629242350849775,0.3020357296349146,0.3134415868513773,0.3295832935618304,0.3658105783958735,0.3962432828309713,0.4260035769973014
1450,0.22470843134324492,0.23064544326658007,0.21741826841746117,0.20815205884851917,0.22603317025754413,0.2342360843278379,0.2251918801665711
1448,0.1643764521720935,0.15501545817492918,0.1264835302651292,0.09862988890441612,0.10488052948109738,0.09979387381825039,0.07082590792598269
1446,0.08829963910326395,0.05714811639464111,0.011866187939219137,-0.03846932981374006,-0.05455673142521404,-0.07511935691771328,-0.11773278220077833
1444,0.01666939994118802,-0.035553052776773675,-0.09591689391180781,-0.16586817520888195,-0.2065897523050912,-0.24069584143547446,-0.29446000233902164
1442,-0.02821709968008628,-0.08479545877458534,-0.1458525485722704,-0.21777945526536857,-0.2637248945136448,-0.2961178469379898,-0.34772178821861977
1440,-0.040251072675312055,-0.07913243411435332,-0.12067988622274928,-0.17012700417766516,-0.19521900890712424,-0.2059754124651355,-0.2304278645437335
1438,-0.029767339008955753,-0.039994572978962965,-0.05125371634312593,-0.06252404807821119,-0.05542478466483738,-0.0364142968777974,-0.013684731604435596
1436,-0.02208699334845992,-0.014724693601369477,-0.005836455048596983,0.011707921682897901,0.036777115145979165,0.07134947543773378,0.13110424653158037
1434,-0.02677260298119909,-0.017989334084281324,-0.0038632423032631713,0.02214463410950004,0.047955522017186954,0.08082167571181319,0.14918030096289425
1432,-0.031107635003842744,-0.02560858510008399,-0.009911843737901991,0.01586518492231842,0.039667963992798476,0.06771704409650058,0.12902013108129146
1430,-0.031127459183950167,-0.029141458632748373,-0.012613819994213045,0.012102983162875947,0.035239485907432894,0.060580722382968515,0.11151697139938839
1428,-0.03470129627526716,-0.03789511668102211,-0.024857672611800476,-0.0026527353363217567,0.01877281696205685,0.040169775753913964,0.07967306292530013
1426,-0.04092065283956273,-0.047693369777428954,-0.039123506785770014,-0.01900602011890705,0.0035111654449767335,0.020399427732188596,0.05163333795730461
1424,-0.03724191536817093,-0.03981502105470307,-0.02812303763671347,-0.0038393606130923603,0.028811303248917106,0.04675941891860071,0.08199155303157575
1422,-0.018685382896343763,-0.00907114877883502,0.01516150839979793,0.0507041556225298,0.10024880476028802,0.12774910779537085,0.18181874431695338
1420,-0.00029683307498788025,0.01969338145917898,0.0549875345294011,0.09818397836154832,0.15860441930641125,0.1965506345943889,0.26797747437728164
1418,0.00017345896752231067,0.017025285855053546,0.048256125681778894,0.08224216098872668,0.13713336151501773,0.17273825436713025,0.23512734493505905
1416,-0.009480557457535715,-0.007839655821150999,0.006276222885624544,0.017948156095043324,0.05575566700771467,0.07460209934120109,0.10330248948159253
1414,-0.012546395489363328,-0.02783814964946595,-0.03205808802555879,-0.04088517167918499,-0.02258961684439761,-0.02331605491314262,-0.02838241734502896
1412,-0.0055712104790918895,-0.03256718077219219,-0.04947853493990805,-0.06785473485671364,-0.0671345618978519,-0.08020155922175007,-0.10253793441119576
1410,0.009893602974169599,-0.02154414317058879,-0.04353951422671396,-0.058701000642113706,-0.06971219877633225,-0.08451485913423505,-0.10432295236555503
1408,0.03326717383780071,0.0024648097794107066,-0.01792510841503824,-0.020949772645648793,-0.034856768420716625,-0.043888879796667196,-0.047319934542058906
1406,0.05896836900840126,0.029278968953451282,0.013482829874215067,0.023530628332939976,0.012756031489229056,0.009638220887948289,0.023234816470024115
1404,0.07970526321633196,0.05143098157086766,0.04147521313278287,0.0617948051558888,0.05540651531950526,0.05495964313322935,0.07661299475033677
1402,0.10185406439800093,0.08206680144480905,0.08390819970507651,0.11868982078673755,0.12072323583128373,0.12585538159662457,0.1529545544699399
1400,0.14104813350291234,0.14095842764449554,0.16514713914370535,0.2266870755567898,0.24757695125846188,0.26877798785390894,0.3123903932628315
1398,0.19267767827447127,0.21452642929979462,0.26425637020962944,0.3578813972794897,0.40294976650021475,0.44674128462232926,0.517103657581898
1396,0.21797742557076724,0.24670799387973263,0.3069478084613518,0.4160192081220147,0.47148569472105606,0.5276848552631423,0.6138421700953354
1394,0.1917991394610554,0.21039552671515344,0.2614153537790581,0.3621026534768712,0.407272328577273,0.4578874373265162,0.5380632680482967
1392,0.1412489902549224,0.14910856285992607,0.18781799921636916,0.27568305119084313,0.30699934948298063,0.34668133064279,0.4177223379928842
1390,0.10100631490064861,0.10755160805263386,0.14342885355835452,0.22980975609317209,0.25792762533085173,0.2936733288959381,0.3698299001182656
1388,0.07668901886898322,0.08669836260671882,0.1256705647905118,0.21802954671582275,0.2498252143058135,0.2873982891802981,0.37681797732821476
1386,0.053493213472542704,0.062396775318831595,0.09967540668614415,0.19213988306419177,0.22233856999245394,0.25869496964043626,0.3499207105745993
1384,0.021932459069870527,0.023413872391325925,0.05090943910894231,0.1329293841805202,0.15355441876348208,0.18258550564753745,0.25787025313819617
1382,-0.011954209155805844,-0.019100828131605747,-0.004284974573918697,0.06201585697859638,0.07366716144630893,0.09462880329222575,0.14889891759555082
1380,-0.0350801832609863,-0.04966155918645859,-0.04802256607413882,-0.0019313103063446067,0.007553563163227334,0.023677627069243087,0.06253350416534054
1378,-0.023806147987510285,-0.04637479049814545,-0.06185307019668923,-0.04681587066807157,-0.03421026710677681,-0.021798046674666376,0.006316804214203104
1376,0.058890130662317436,0.02816596967656774,-0.008760398189709358,-0.0334248556700851,-0.017881183543022164,-0.012003802770279808,0.004902261445990053
1374,0.20906107039594546,0.17596687378941395,0.12486074635973067,0.07537550413783149,0.08962438533095637,0.0877725146365563,0.09460417157291041
1372,0.34056793086610737,0.31414342848487625,0.267014533958361,0.2246921345018128,0.23433964074718122,0.22952461147862196,0.23546613601276858
1370,0.3887955668971654,0.37469992411399233,0.34564685773865766,0.33090372767048065,0.33778719086401593,0.33707042430830386,0.3559512096479611
1368,0.368952381967138,0.3702194158804007,0.36542916735465414,0.3840943969927358,0.3957840007044633,0.40588059942080557,0.4505333988643232
1366,0.3226820311022878,0.34141461334428325,0.36248030855496105,0.415521058407332,0.44154578472709377,0.4681556180631386,0.5442692948669393
1364,0.2774445467781028,0.311897548820018,0.354853500686189,0.43902489738270795,0.4828067235918492,0.5267011287198019,0.6251261268874391
1362,0.2388081871336531,0.28005213134754525,0.33323756516857744,0.43641357088414545,0.4888343411260766,0.5414321568917787,0.6398575111704738
1360,0.20429821568416773,0.24098580191764224,0.29098615758200225,0.39623594961203706,0.44231020756965383,0.49046052871995566,0.5716437867099188
1358,0.18263530493247315,0.21033498049731766,0.2514596176034204,0.34831020343117736,0.3804027279158501,0.41703731443082637,0.47995710977717776
1356,0.1896085124024951,0.2128124571135849,0.24802530347830104,0.33584425867281853,0.35568337304034836,0.3824017561572355,0.4329665369740513
1354,0.22662880693172222,0.2532798577036256,0.2884451657923509,0.3719145273194502,0.3843280378519084,0.4064882893867656,0.44829082242522456
1352,0.2685902700211306,0.3024558069344777,0.34028759043968776,0.4237897018400475,0.4317644771508082,0.45304419602047047,0.4883208694395246
1350,0.28175166555565895,0.3186704612185331,0.3566463118072899,0.4407851348507251,0.44439035292553664,0.46453299481358595,0.4963225160971216
1348,0.2584680342803535,0.29158980746807556,0.326313449278753,0.4093977403622696,0.40827545279340965,0.42575123922299996,0.45585063167740897
1346,0.22444551208669827,0.2540925971680367,0.2883520763848634,0.3723573753633087,0.3703946456839032,0.38770713979215954,0.418127135450432
1344,0.20971696116286162,0.24659361802978577,0.29095959038912655,0.38495160452304233,0.3925903490485157,0.4180705922434617,0.4575393595464847
1342,0.21931619116594295,0.27579645374318695,0.3407081199366715,0.45472305553790554,0.4831738038119786,0.5248420026119808,0.5869338402748313
1340,0.23139878633108402,0.3070514582067089,0.390017935079439,0.521741566537932,0.569679726643338,0.6242170620473273,0.7102501914661719
1338,0.2220744989051831,0.2990279360227618,0.3809731943294014,0.5109994624917612,0.5583904229377329,0.6085605048602805,0.6956466997321769
1336,0.19290078403057262,0.25239439977858524,0.3142205274140513,0.42355031066588755,0.44902079905104225,0.4798195679118146,0.5416640204887672
1334,0.16255423503514674,0.2019918102018201,0.2412524663075103,0.3288469478444686,0.32988226575301344,0.3428735259743406,0.37704513831994463
1332,0.14101559221383705,0.17022180096851058,0.19717072816804843,0.2742767362063702,0.2630341981100184,0.2697749696013023,0.29184803000180953
1330,0.1270675146859753,0.15643491163754547,0.18202269869662663,0.258181665641489,0.24603294787033791,0.254801297848219,0.2775626982218247
1328,0.11821186799554848,0.1530399121624493,0.1829003307904772,0.2606689451332382,0.25086845411426145,0.26228628587660635,0.28841513400447577
1326,0.11460304542726718,0.15731112177113254,0.19375150873603444,0.27332882016406584,0.26590477056160694,0.2790229691297015,0.30963870609122
1324,0.11652440008693586,0.17032715030245693,0.21631102647982178,0.3001489904775137,0.29861568140925665,0.31669800067148596,0.3572362148278917
1322,0.12213067751818286,0.1899712269511581,0.24844959384401175,0.33902183399883745,0.3485882671032361,0.37627593263369413,0.43012063893588537
1320,0.12714988638881378,0.20789271599199366,0.2778160217522201,0.3733210324546374,0.394298398803165,0.4314691817119807,0.4941042208759887
1318,0.12671058927683176,0.2150152920902805,0.2905204341418131,0.3853101835768226,0.4112665783040472,0.45263082514432773,0.5171464277328065
1316,0.12063755744234324,0.211830977904887,0.2867974857359214,0.37563877290839137,0.3981760143057406,0.43862295766856296,0.5033546472995395
1314,0.11673261029325428,0.21067078293229663,0.2832210385639646,0.36388859249322975,0.37749974904568334,0.4154596733527981,0.4818528844160345
1312,0.12379831409983995,0.2235306274478621,0.29585542666276865,0.3689522025846498,0.3725606892857028,0.40884909193909663,0.47623050556380125
1310,0.13892485796096712,0.24616290779001784,0.3207180821962353,0.3884199829768776,0.38461374080540106,0.4203023763800021,0.4873543947033697
1308,0.14702218924156837,0.25911089058350856,0.3353257118954095,0.3996857841967051,0.39219489705482585,0.4276217801327637,0.49585264121764666
1306,0.1370557039841664,0.24825524755320577,0.3228969789100463,0.38485458855317745,0.3759724207225189,0.4107271166842087,0.4822735532689192
1304,0.11488842476022597,0.22069778419106922,0.2912745961361604,0.3516170441845103,0.34240929792750446,0.3763165448704369,0.4497672318598922
1302,0.09495750336398859,0.19485222480670697,0.26205404254498604,0.32282125213231,0.315540117434913,0.34981042694881737,0.4210566293969139
1300,0.08211768632823696,0.17737126772236747,0.24338875713781327,0.30695754987146784,0.30522995243339274,0.3416040127083294,0.40769846978468116
1298,0.07080677973899023,0.1608156570227501,0.22597783153379275,0.29281943208675226,0.2983919632854499,0.3366793863367119,0.39680861082582164
1296,0.060499610808641795,0.1433912156144036,0.20599873647353303,0.27485616081617537,0.2856448329519597,0.3233817369235655,0.377778036217906
1294,0.06059859052505622,0.13710619949039632,0.1964880691272321,0.2670587267305057,0.27973104633205603,0.3151633083830144,0.36535798957378635
1292,0.07694554662327291,0.15060476752243407,0.20824759115509311,0.2818442717922755,0.2947901847023262,0.3287753699893156,0.3777583578430577
1290,0.10381757638592426,0.1758809655563318,0.23247844709200913,0.3090080452014518,0.32112042979636435,0.3548092609486129,0.4049569808859983
1288,0.13524786667947244,0.2014823979310632,0.2544911006665952,0.3301849675878064,0.33854815762384616,0.37051256512566916,0.4218242923259472
1286,0.1767204035001702,0.23178423662375858,0.27787781278317614,0.3474805240470463,0.3490464366137,0.37654385873753715,0.4278388476536935
1284,0.23507255650588674,0.2795074696310562,0.3189870956105411,0.3794941108215808,0.37455910430330924,0.39706633578471223,0.44768707677151226
1282,0.2985788517636907,0.3395474459709804,0.3766803595142613,0.4281407822179027,0.4199268665286347,0.4397486012983496,0.4891799585973956
1280,0.33889623238235406,0.38485362544749807,0.4243326501971909,0.46879199643360703,0.45981209522419514,0.4797466329854608,0.5279344981206614
1278,0.33998808690078564,0.3967200473792129,0.4415325401989406,0.4829627082210994,0.47352341074823934,0.49554039780669806,0.5458770203118332
1276,0.3200339695074737,0.3919028149322637,0.4448466768065821,0.48899833922951536,0.4792621048390041,0.5053229626330811,0.5655562977893103
1274,0.31647389216487964,0.40851991440764324,0.4735092672729099,0.5253491592169846,0.5168710744723887,0.5493113857065074,0.6263707772564862
1272,0.3522318920459125,0.468333367233536,0.5481607226654115,0.6083643544185605,0.602585909903774,0.6429357402707451,0.7365407008310069
1270,0.42007523515760253,0.5599945719696225,0.6536270773185299,0.718273883120738,0.7146359474690461,0.7629875447232004,0.8659681950628807
1268,0.4979594828746863,0.6589999284868754,0.7632540880925569,0.8275684835841046,0.8244563802641661,0.880603678412884,0.9856929440986947
1266,0.5734895400753479,0.7552803747665976,0.8690635250207679,0.9305104276369304,0.927868242413693,0.9921435862353054,1.0969154706474766
1264,0.6486474175330588,0.8541060087715471,0.9789675975560586,1.035974784117862,1.0358916866807357,1.1080195828868702,1.2140489875432168
1262,0.7266941241987666,0.9579447893759039,1.0943451275673977,1.1434237933663318,1.1476616863520281,1.2255704203523672,1.336122668134584
1260,0.8059081965897862,1.0619688221106298,1.207823754422528,1.2443016952249752,1.2519898207669047,1.3330720954513264,1.4523811801091744
1258,0.8894582980793645,1.1693531824083547,1.3236614078520048,1.345543861825525,1.3542714779947436,1.437728294545378,1.5693358482047517
1256,0.9914855255365218,1.2970725043412679,1.4623934175853268,1.4716737222504275,1.4801953734954083,1.5672891444728576,1.710668094892653
1254,1.1233305059879781,1.4568460625299025,1.6360327478707832,1.6353858750432535,1.6436631475151169,1.735622955975164,1.8855140971082212
1252,1.274105676538805,1.6339976133835001,1.8257778914775105,1.8152219819713997,1.8217283650400333,1.9178560726291491,2.0685002992360104
1250,1.410680018050729,1.7916685128037402,1.9914585147643031,1.9697847015972167,1.9709226349016526,2.0690806919157896,2.218905428874262
1248,1.4993116848410726,1.896272829598606,2.101025230343954,2.0702895834919057,2.0644026525497168,2.163429134867471,2.3150680680663136
1246,1.5243272849770195,1.9339851815562261,2.144281930284031,2.1110462898895337,2.1018869659215382,2.202968823242623,2.359038196049852
1244,1.4833038530046456,1.9005195831030104,2.117007429506306,2.0879003202322557,2.0813608664636516,2.1860368552097094,2.3453099853292567
1242,1.3744426775575145,1.7879137340461684,2.006879965039167,1.9835937053799961,1.9810298091301601,2.087767657616985,2.245043522651225
1240,1.204936304592571,1.5992383518431414,1.812899906749718,1.7924091366536787,1.7898546099589496,1.8936525636484773,2.0425840219551232
1238,1.0077885729734706,1.3707529278826176,1.5713897922497302,1.5504279456923085,1.544764127289237,1.6405657673114864,1.7763451112697197
1236,0.8288673842872277,1.1556641669031844,1.3383875807894001,1.3163785513580895,1.309028026101917,1.3945159266564926,1.5139520598324385
1234,0.6898541941416378,0.9795772087984704,1.1416907132204988,1.1195595973988963,1.1126329367618095,1.1873462505600296,1.2871851486097206
1232,0.5744495647948007,0.8251052753316761,0.9649196332064502,0.9432212401925012,0.9353012770900464,0.9988096215722221,1.0757394250053403
1230,0.4569203311458108,0.6657785068342196,0.783256484347963,0.7632106091629139,0.7519988088984197,0.8045049036897914,0.8581401071006252
1228,0.33647744157657195,0.5045030083774055,0.6024111779854266,0.5881074056658906,0.5754013626678175,0.6191800885424736,0.6543941491941624
1226,0.2350685446889196,0.3687325013287592,0.45189565451071917,0.44915099458485674,0.43966936976130333,0.47796543630592253,0.5024616901294326
1224,0.1679393626635761,0.2756257243353159,0.3481824600720472,0.35972814026788125,0.3551780772368837,0.38946554665031036,0.40840860571738996
1222,0.12955588999502948,0.21693601385172795,0.28017939183705104,0.30266975515471023,0.29953121733155397,0.32908367934466265,0.34344038272914745
1220,0.10974848176087197,0.17998405543771054,0.2335281931609828,0.2607428998514427,0.25424645371407445,0.2787854255458339,0.28986284415823566
1218,0.10949369431505399,0.16760119752303013,0.212966944795869,0.24166641378417217,0.23015704531231584,0.2518615319147468,0.2651954925707278
1216,0.13022466037973415,0.1847550599121329,0.2268879681501904,0.25817316072095586,0.2435893554506224,0.2657819129950776,0.28730808301972405
1214,0.15620051470262616,0.21467042399995065,0.25886067937731466,0.2939822772647112,0.2798715088749781,0.30424744406428617,0.33333458885899364
1212,0.16343252276329723,0.2270731833861352,0.27489785254933535,0.3119064520104146,0.3013012810141975,0.32720363597536206,0.3579435901329031
1210,0.14810485632732553,0.21325497020979028,0.2628274398626994,0.2986510626693488,0.2925096369382755,0.318700870051523,0.3496144020145568
1208,0.1349607432631543,0.19933676529151734,0.24900994125033932,0.2831171167313151,0.28019626638470735,0.30636566938405857,0.3443457130555052
1206,0.15116591434609528,0.21655315376785586,0.2664932089051446,0.3002664766151156,0.2989308345264437,0.32499837420459454,0.3755649390665148
1204,0.19699151935405773,0.2654563330786838,0.315498763464609,0.3487787706827666,0.3486272107031623,0.3732746913974679,0.42960735584032994
1202,0.24772859419793725,0.317825520714825,0.3661599827364308,0.39709785800770714,0.39825504702559694,0.419437629316441,0.46653179469703215
1200,0.2802578612599783,0.3488542674406599,0.3943294025803994,0.42305492828316654,0.424869502913872,0.4423447991820378,0.4725266099022504
1198,0.29271510632261094,0.359202185014022,0.4036104045657421,0.43375880292750024,0.4356484968351333,0.45224757003303506,0.4727560004375987
1196,0.3011132166665908,0.3675880327058745,0.4139042774286472,0.4493040573363951,0.4523221180392869,0.47172181182235196,0.4958268957845732
1194,0.32540150619483904,0.39289665992545947,0.44159962827552307,0.4827316791128001,0.48870299424042224,0.5121150064334496,0.5463064224365365
1192,0.3826106181925964,0.44868093235634693,0.49672675064934063,0.5408381359181861,0.5501450211261177,0.5757654515468159,0.6168054155198369
1190,0.48507162179618735,0.544828474557123,0.587540216064397,0.6301853357070144,0.6416500778011098,0.6667042714859972,0.7068376205423049
1188,0.6322828133479641,0.6802786458381783,0.7132603927284575,0.7486834291436767,0.761052189548579,0.7830313294770249,0.8146033240167616
1186,0.798872254491228,0.8304486313675198,0.8508018028369271,0.8733697976737269,0.8851022810089929,0.901280059341088,0.9191184583779112
1184,0.9365020196510914,0.9501521467577344,0.9581530364521987,0.9666044973964406,0.9744555054296308,0.9824254811437173,0.9871592620380324
1182,1.0,1.0,1.0,1.0,1.0,1.0,1.0
1180,0.9776194795264279,0.9728557486735758,0.971078081155793,0.9713641088729481,0.9619371513638592,0.9575336943286166,0.9641462356456572
1178,0.8946438502447434,0.8930255624212547,0.8938071382857493,0.8997073488749364,0.8827460642091902,0.878127573348981,0.8964691634151958
1176,0.7911751182419866,0.7949990187561978,0.7993601734543795,0.8109153051622124,0.7897097041328601,0.7869822200747595,0.8112894649087866
1174,0.6990388023782921,0.706157916724132,0.7133921633468403,0.728374429798345,0.7054426955351231,0.7051423481489554,0.7239109607019935
1172,0.632976996777887,0.6420312264539929,0.651674577142974,0.6680494499345085,0.6446224391908568,0.647551456045901,0.6542193136788992
1170,0.5929813460441065,0.6067020829647916,0.6193813186416465,0.6352590981359744,0.6114159108035997,0.6184733763002022,0.618166742091672
1168,0.5688914202888344,0.5926802467090472,0.6106070932142007,0.6248201152197869,0.6001522251602628,0.6111609552734125,0.6176667354840623
1166,0.5466641939484835,0.585055163231156,0.6120000236735388,0.6260387679650519,0.6014583764007903,0.6160052059781767,0.6415107279109167
1164,0.5188557930018666,0.5735465291212983,0.6129255044907884,0.630476010915708,0.6089826039508743,0.6283232945139046,0.6750740791855014
1162,0.4915550679545132,0.5617130384945785,0.6137155304718157,0.6366017064771595,0.6205187718023666,0.646886993725135,0.7078945952648426
1160,0.4773507112167448,0.560589371347807,0.6215756477709538,0.6467640253060718,0.6344546265963479,0.6678783932547008,0.734173077527804
1158,0.47923150861486047,0.5722483601718054,0.6373960326710599,0.6592489694409344,0.646645844600626,0.6835724215840444,0.750018509541146
1156,0.4834818796516093,0.5825649095496677,0.6487221081852936,0.664323861715479,0.6496797445609294,0.68547245456538,0.751494789580792
1154,0.4703298806839204,0.5720590403411563,0.6381271652483791,0.6501835965409134,0.6348382805163335,0.667136928333344,0.7348290626857761
1152,0.4314110932117944,0.5336739811672112,0.5997481822977023,0.6148319173152127,0.5990654152378267,0.6287382358969047,0.7003524217242411
1150,0.378551626482146,0.48172071502751995,0.549093333579993,0.5734260292595185,0.5547905154363113,0.5847289207901377,0.659344410255417
1148,0.33771431599590906,0.4450744209889603,0.5163859358752824,0.5526763362283983,0.5302960486120328,0.5638182586215206,0.6357964703913319
1146,0.33216496807720824,0.4484100094217837,0.5262411986687862,0.5734459349981579,0.5516198831329117,0.5911115723141119,0.6541706369249075
1144,0.36473431790899224,0.49276578540435023,0.5774635631058924,0.6326158896384982,0.6173623901586627,0.6631254696480692,0.7171585798553396
1142,0.4125658831733277,0.5510749294567971,0.6403327210418677,0.700306229734737,0.6927383209467594,0.7426571831154214,0.7951261997765973
1140,0.4433587515507676,0.5878264358500189,0.6787193625228638,0.7409049167238231,0.7358572917182596,0.7864693629346783,0.8464626295092611
1138,0.44090350031727144,0.5873041053291581,0.6786731167080923,0.7413531950302412,0.7325428265860616,0.7809822613610242,0.8532987735535383
1136,0.4142579760765836,0.5617099261398759,0.6546554216187888,0.7176295319146941,0.7030879759806302,0.7487288988486412,0.8332197311865067
1134,0.3827852274187712,0.5326738379443998,0.628984452926124,0.6933251407967973,0.6760429259709904,0.7207445149396924,0.8142495533171178
1132,0.35659109607930406,0.5096664844824592,0.6097618590457125,0.6761477492273343,0.6605279055702499,0.7070055569036263,0.8051573737695612
1130,0.3338190119640095,0.4884223698941066,0.5905373365509838,0.6580614463567788,0.6461577913570874,0.69560133494809,0.795763360733718
1128,0.31081926446643005,0.4630291197265156,0.5640284484598053,0.6309584480177538,0.6218454661756693,0.6730130800182214,0.7769504356481306
1126,0.2866268811585107,0.43101642814663393,0.5277654259612602,0.5926327538606427,0.5849759782084446,0.6355682713176063,0.7466402162618763
1124,0.25858826369776466,0.3894514357548959,0.4796124011851627,0.541021087879296,0.5353759354100786,0.5838635401129715,0.6999928779790515
1122,0.22186395208412202,0.3359130017416108,0.41829819621478215,0.4752508527280754,0.4728258803474925,0.5187442503474494,0.6306877017606858
1120,0.17669841897994587,0.27583621589973056,0.35090713376357513,0.4051332520244978,0.40463217891400777,0.4478126741006288,0.5462474482773154
1118,0.13216739688754792,0.2225091412432523,0.2924152509270847,0.34926834119565536,0.3465139282695067,0.3867693593537291,0.46915215189706894
1116,0.09983653535382699,0.18664187660341935,0.25388962850218166,0.31833630477182195,0.3095802795472476,0.34691026785592044,0.4162823438573491
1114,0.08558942032388572,0.16958862229819466,0.2353233696230045,0.3070102514700794,0.2917503204488448,0.32639828382523534,0.3865213912544431
1112,0.0874786438878962,0.16665921528899375,0.23052348769242983,0.3048089164132999,0.2853996037536458,0.3180353126895595,0.37131153361036034
1110,0.09730752787733113,0.17091955109038123,0.23246314807922838,0.30628634685472933,0.28607217888668324,0.3182483658365744,0.36516822575247976
1108,0.10343603830709518,0.17261700019158685,0.23214173648558237,0.3065465864510855,0.2883352728871309,0.32208452829179984,0.3612753059413396
1106,0.0962021593476085,0.1612615434572005,0.2189410048766557,0.2954400714391345,0.2799308143613624,0.316090276204135,0.3485379608219097
1104,0.0737270388798807,0.13249173445427728,0.18701355350209023,0.2640591249645935,0.24888505158635557,0.28596497933414955,0.31971533082673576
1102,0.042199532563726466,0.09114658747911794,0.13962511755867388,0.2139900780021102,0.19550170761608754,0.23059000292988052,0.2748950117138113
1100,0.010709156226979355,0.04701568338112365,0.08654513937633986,0.1565015520556956,0.13306964634143756,0.16350597118453186,0.21572390569174135
1098,-0.012704012199262975,0.01065351210387045,0.04052411353913423,0.1066369693098651,0.07914681836133719,0.10320558621579225,0.14892618243555727
1096,-0.022622666611683603,-0.00863335430040655,0.01423855333916531,0.07867699840411597,0.0478992314922404,0.06501756157513384,0.09665739904972238
1094,-0.01974501152443734,-0.008679774266722133,0.011842774546751174,0.0778927552850043,0.043409203222853715,0.05480874189095625,0.0839167642521929
1092,-0.012638628928709405,0.00047172741690303794,0.02217393816853857,0.09282093691979251,0.055288127262418704,0.0638906138491184,0.10763448136548455
1090,-0.010339377557828917,0.004897402657322321,0.02868852799557708,0.1045169602824092,0.06711418902926425,0.07607663426806278,0.13635602862494037
1088,-0.012764551252467681,0.0016650150511746077,0.027381338753060532,0.10690444881853702,0.07323814981932134,0.08475135578868381,0.14919695767911195
1086,-0.014011074343830057,-0.0021511097580715426,0.025808296483980312,0.10823125389021532,0.07993006977295763,0.09533397083796306,0.15584084184778532
1084,-0.015027323475699673,-0.006105886611255529,0.023650050526480268,0.10948580338831031,0.0867248629639619,0.10648388268813304,0.16715573140599885
1082,-0.024095470400151888,-0.019900229521701004,0.008969883982969816,0.09737754915339503,0.08029838233083059,0.10318604913010515,0.17048944975902633
1080,-0.04090699306791132,-0.04372392829655727,-0.01830511454563532,0.06988494052622647,0.05801980712377898,0.08164567146051079,0.1561838099754151
1078,-0.04936905174301714,-0.05719968445422782,-0.033769329014353026,0.05330831761028341,0.044294848343755855,0.06753015019758057,0.1476710564855083
1076,-0.03486579179949069,-0.041045390958154286,-0.015046418400949784,0.07402273596430538,0.06407533435642715,0.08777632634756356,0.17363598183325638
1074,-0.002584610768643631,-0.0023293300407722403,0.028310591703947154,0.12233013595290065,0.10812203423085137,0.13249492487927442,0.22253419292738646
1072,0.030011103581419746,0.03515171374247572,0.06773133511773867,0.16512614515175858,0.1457742535507838,0.1689360536377319,0.25795491173931756
1070,0.05295060333323266,0.059135763367834465,0.09063127655930156,0.18767089238191775,0.16608504305289198,0.1871535537342807,0.2713447072885475
1068,0.06507523805983234,0.07161968971447516,0.10272648905775893,0.19848933497114318,0.18022661551074406,0.20200018084659577,0.2826312531348052
1066,0.061130223166104905,0.06839195023656959,0.1004928745649276,0.19584864156742862,0.18456963530922088,0.21009037204171177,0.28998050255477814
1064,0.03539421566854246,0.03964618474768082,0.06963973668725183,0.16218371474156684,0.15597961664593443,0.18314968608494098,0.2627028336647969
1062,0.0007067461342391726,-0.003562112087984639,0.018403816617982457,0.10271737226319116,0.09677129637516074,0.11958939243846041,0.1977328079534542
1060,-0.014785924259868518,-0.027261463687602086,-0.015187387106203333,0.05867964775846061,0.051424914707339814,0.06680204128426967,0.14220022387593026
1058,-0.0005934664744676236,-0.014516599824233624,-0.00824505729704287,0.05858225023570959,0.05248504683543713,0.0629818649178961,0.13249915869187207
1056,0.018984558095641972,0.008333949384117913,0.012984006635324053,0.07635559771438255,0.0725089602943389,0.08198229079364812,0.14142324268350495
1054,0.013475591551480414,0.0033878451482248447,0.005675217556785174,0.06404805101083312,0.059791673813922495,0.06933229704764862,0.11797891807272914
1052,-0.01547444089461767,-0.02973354890595932,-0.03299535262568699,0.015673126053845916,0.009353954136274576,0.018621191505657445,0.06027380879005289
1050,-0.0387202335632095,-0.05635467839398,-0.06573262897391818,-0.02986804916984961,-0.03515361683374724,-0.025600467807768614,0.011760121267231444
1048,-0.03842926189354016,-0.0547523189191114,-0.06870742335081503,-0.04758508228075732,-0.04788708488994661,-0.0382414876154021,-0.008248297533103355
1046,-0.027138539973168778,-0.04155781063956265,-0.06159323343098172,-0.06048627185048432,-0.056280587450098465,-0.05013974298323167,-0.03414416729181253
1044,-0.025224712333886373,-0.04341523702226139,-0.07543814700080487,-0.10303626468659934,-0.09734669768209255,-0.09997207352333774,-0.10334602175019023
1042,-0.031127797763135515,-0.05749884591803452,-0.10546844034666045,-0.16587061520566573,-0.15912456027070163,-0.17235051517313105,-0.19671168591768654
1040,-0.021937585169533407,-0.051774320121232606,-0.11005406971816425,-0.19348723980414997,-0.1843155497090367,-0.20348527101176656,-0.24379908252265717
1038,0.021275376299744894,-0.00026600868827124987,-0.0545584664429772,-0.13807444157447885,-0.1272356661963517,-0.14294372860806012,-0.18498801486415828
1036,0.0958260186234997,0.0910990871146974,0.05350817249860819,-0.007104227111520255,0.004372910869328043,0.000734157339075551,-0.026603539734103
1034,0.18395848523592712,0.19393391523026637,0.1755382897482189,0.1475319098481332,0.16119148086377647,0.171574794656237,0.16442758519248116
1032,0.270899158438052,0.28459920954393286,0.2785064963409203,0.2778058269292471,0.29358433712259535,0.31228993961254886,0.3180771782117161
1030,0.3559901553973158,0.361705491120506,0.35879709537275,0.37370799201211036,0.3863269512585383,0.4060309068199574,0.4171984310075373
1028,0.4452845346786739,0.43808052229903155,0.43327485737318927,0.4553584854488572,0.4593204159991373,0.47808392629984503,0.4971573277225975
1026,0.531761857937298,0.5146873634559204,0.5082211183526784,0.5354002692076715,0.5313513556226866,0.5525504851088121,0.5894233215756587
1024,0.591306809380944,0.5713194098993526,0.5664700797499979,0.6000825960640798,0.593579712224251,0.6202766862195672,0.6821217219323664
1022,0.6075277555939205,0.5917782945551234,0.5927001985509455,0.6343370123785346,0.6306693425116182,0.6630917834280075,0.7479290333442431
1020,0.5943628702629138,0.589078191471704,0.5997163254162884,0.6505935872364608,0.6533329601205347,0.6918098109320395,0.7903231692603343
1018,0.583154686562953,0.5923373700177091,0.6148978394789931,0.675263186078,0.6871764195954965,0.733675470089872,0.8362470912817878
1016,0.5928953524417016,0.6166148707081902,0.6503318048665531,0.7180002317585534,0.7393276717576137,0.7941932813820074,0.8969670391180665
1014,0.6223735518836693,0.6591581067431208,0.7024247236881382,0.7740791261374614,0.8010649211419465,0.8612536924129394,0.9663641777420027
1012,0.6606803436294189,0.7133066456389833,0.7677960013811455,0.8433631474619451,0.8720672952107994,0.9352355184554143,1.0457079168292513
1010,0.6878110679337618,0.7633552085562114,0.8335652520003265,0.9167900197807741,0.94755842170802,1.015590891255751,1.13133731184001
1008,0.6740304022095603,0.7752919846845794,0.862269148132144,0.9542426369195176,0.9893790242175781,1.0650124096143765,1.1847033597265277
1006,0.6061714173094309,0.7262271943739156,0.8241372292049934,0.9182539647266724,0.9565828057698978,1.0383098202697738,1.1636067545384627
1004,0.5163243743629138,0.64579769150551,0.7475741658348121,0.8346721501598643,0.8723264350124195,0.9558496003924869,1.0912589006018978
1002,0.4582645480088364,0.5954583237084072,0.7000450490343965,0.7777847509647765,0.8139017025343299,0.8975846424684345,1.0455378151056232
1000,0.44659494436929076,0.5950949307897561,0.7054976919909609,0.7789233689255035,0.8164064035386571,0.9019683928479503,1.0589516976836166
998,0.4403644283873062,0.5981857775007271,0.7134897801690501,0.7864620061660349,0.8264228502624426,0.9145322024296069,1.0726295004326416
996,0.4006809249399765,0.5592676035243087,0.6736667270083385,0.7441522594331547,0.7831742264828739,0.8717543599757244,1.0246925236850912
994,0.34446209106289755,0.5009410475757493,0.6122326482255052,0.6774980762055881,0.7116940298453235,0.799471768102943,0.948449902911586
992,0.31994898449457415,0.4846233138049123,0.5994939675051939,0.6614043532268857,0.6902455470437273,0.7792541922382185,0.9329600471042928
990,0.34256602649468904,0.5294236611582795,0.6569586210260069,0.7185624936989506,0.7433248298127917,0.8362722384014748,1.002887094596211
988,0.37873506725450956,0.590321873641886,0.7318839489206225,0.7915158291260844,0.8125536548418943,0.9090154526311011,1.086515781138023
986,0.3882106675974387,0.612244110707691,0.7598922156256428,0.8127571051194532,0.8299062704273172,0.9259350230799447,1.1016733288702965
984,0.36034521865484087,0.578255851006267,0.7211488183099217,0.7656210862125921,0.7791077852279608,0.8692958318407147,1.03040155122409
982,0.3092413162727667,0.5049407550313151,0.6347845922650134,0.6737676292127079,0.6832286373731045,0.7627998530201902,0.9053592972703041
980,0.2528466333389634,0.416279968641023,0.5285024146190384,0.5655310169576779,0.5702404909548303,0.6371036275698075,0.7642592861521025
978,0.20242251175688453,0.3307486480729066,0.4247524952902751,0.46255572816054996,0.4642060246909026,0.5203939408507136,0.6355582442032996
976,0.16128414738182442,0.2589679086130202,0.33856539455573076,0.38138474107029235,0.3847593166375436,0.43507384402715094,0.5412486704607886
974,0.12974451539571308,0.20562325401714157,0.2771498851417693,0.33064036649959716,0.3398438765031129,0.38818714921656,0.4912606358680599
972,0.11659524384244814,0.17916798797134229,0.24772542476752699,0.31498733721413663,0.3303072468071189,0.37770687615735465,0.4842777846943764
970,0.140024364975393,0.19488455381841369,0.2624815959320491,0.3417524998222043,0.36099954230075837,0.40684855666684006,0.5176507523684032
968,0.2037954439404434,0.2534347822338509,0.319796289012657,0.40620927089445663,0.4266141970167956,0.46980640114489736,0.5788114222346697
966,0.2759008550269028,0.3197665346925561,0.38330165391709814,0.47131798086716276,0.4885276270074127,0.5267794356728643,0.6279257762207359
964,0.30802364275793065,0.34362164424372166,0.4020149992130889,0.48682673272582183,0.49500304521298777,0.5254147139322602,0.6178722487344138
962,0.2777284049812507,0.303569523367761,0.3551770239434128,0.43461115870688555,0.4308842658347098,0.4529359873173536,0.5394732429379286
960,0.20063838826740188,0.21774453586339107,0.2627176776431505,0.3385580214370479,0.3265118447668695,0.3432196974825796,0.42639099514349726
958,0.1073750359813595,0.11735760868446651,0.15686882923021273,0.23262997946392194,0.21906456112505004,0.2338057676792379,0.31482821145391143
956,0.024030469864730668,0.027871854329318317,0.06320945109685905,0.14053933017436715,0.12951337209600036,0.14309812647908712,0.22228231958952824
954,-0.02882474394107898,-0.02831009669874766,0.005288028507280753,0.08431573682378324,0.0763366776294404,0.08878293270229898,0.1653807989376773
952,-0.03942866763263164,-0.03663762942191841,-0.0008573591182739284,0.08139004554408368,0.07692384618218581,0.09033414974825711,0.16209053943037272
950,-0.013794977909451509,-0.005159078184067842,0.035168845442107646,0.12278930734224566,0.1231686125407115,0.14024082463374382,0.20353010437557992
948,0.03324535099759789,0.04538296574852915,0.08871036191359515,0.18098982438991407,0.18579828345350055,0.20640053019744634,0.25822387162924015
946,0.09762982017109072,0.10932358081426553,0.15317807138878872,0.24733736813899349,0.253360979429232,0.2750269980443386,0.31758965915627385
944,0.17842641444834484,0.1900823627345443,0.23491803436603761,0.33055162147041156,0.33361312693553485,0.3546484664457197,0.39784363294493935
942,0.2512824480216776,0.26499649454852275,0.311906693397326,0.41084111198076545,0.4073677213372617,0.4270399309736037,0.4814487782272063
940,0.2772110484294752,0.29007398504161286,0.33610065860948235,0.43745154237852046,0.4252553394801707,0.4418387528798949,0.5065008509750926
938,0.24806687540025418,0.2542459481723865,0.294814373909507,0.3949933649750752,0.3751184914309576,0.3872017985884774,0.44914568015576023
936,0.19999860498353178,0.1998321074358864,0.2362112921438401,0.3356420452164415,0.3134375606274318,0.3234676546379008,0.3734205993117836
934,0.16931316830618237,0.17074870890456442,0.21034249470547806,0.31551188071830233,0.2972226775045226,0.3104120609431506,0.35429826391835595
932,0.15456210454637714,0.16411801416044014,0.2117801287963252,0.3276771912142153,0.31502839829352164,0.33351907947030385,0.38274369901712685
930,0.1368087060276661,0.1539567117690939,0.2070558042391627,0.3310639979777343,0.3206918987822353,0.34133346853702307,0.3962064867473351
928,0.11510732891978923,0.1365268318468267,0.18955530444147353,0.31425761823372766,0.30235721773927915,0.3209632298992487,0.3709472025728142
926,0.09883715772574668,0.12218619864476316,0.17072158741499138,0.2868904995873394,0.2725147662974872,0.28723864763951973,0.3241834037274634
924,0.0786998825026484,0.09873861664379958,0.13506714163656428,0.22732034808779303,0.21098572676477287,0.21964008074231547,0.24157024716720618
922,0.03456956166773571,0.04074709024960734,0.05069211450029807,0.09661008182240427,0.07834070209701746,0.07568002448954644,0.07842369400789226
920,-0.02072262481146984,-0.033977027628854156,-0.05814613381934315,-0.06780294466522285,-0.08666699489354093,-0.10296512699713511,-0.12328974560254063
918,-0.027868349116950464,-0.045951659187586646,-0.08294961392223565,-0.11290589886505688,-0.12716962129299922,-0.14617815529661682,-0.1727747554991777
916,0.03939808727887176,0.0412260971616983,0.030792905893105918,0.041073301176183005,0.03663525011908982,0.03227692032951382,0.0322688229488655
914,0.12224616417721407,0.15075409855616836,0.18139259328741014,0.25378772681785067,0.2591339895972697,0.2735980567855178,0.3095273060753171
912,0.1652340614650289,0.2097702553888156,0.2673827555955713,0.3816811250233856,0.3935426964895363,0.4190423569146717,0.47325887987119036
910,0.16178640598760177,0.2097686628762542,0.27609538440642883,0.4067906365125713,0.4214714035913681,0.45045150611783397,0.5054930590755462
908,0.1302141949003463,0.17338192236498953,0.23851592256738088,0.37185839389159603,0.3855047373302787,0.41463242641174447,0.4656214866684688
906,0.09549319670414207,0.13062640098336303,0.19221435304677015,0.3234441103879809,0.3331149820267404,0.36101513012526043,0.40884637534789886
904,0.07432098779841538,0.10309257150366005,0.16150428675307138,0.2887375513565761,0.29420405958136564,0.3197451752809877,0.3632975332667078
902,0.061521922984584324,0.08752413928733452,0.1429074126046451,0.2656741177740461,0.26856005643045294,0.29147694773891036,0.33095387706408946
900,0.039051368735644715,0.06273712333005281,0.11453519210508392,0.2334257285139321,0.23414999883667903,0.254896461808381,0.2959368687354454
898,0.004624042129234712,0.023014333739427073,0.07090955932884811,0.18579073518004552,0.182899726110924,0.20123797839311103,0.24866385949340927
896,-0.01931716008195485,-0.006318922340212957,0.039342566590330266,0.15023277439345467,0.14326420940167583,0.15895835043215042,0.20971467609761207
894,-0.014736776558690639,-0.0010589991131452804,0.04603441052382121,0.15621694033943287,0.1474867405427356,0.16284455308422802,0.2100259500260962
892,0.006735578943867662,0.02709380147656741,0.07782656616767487,0.19220060343469708,0.184679852639659,0.20400682637042403,0.24475104960943184
890,0.02206436079510799,0.048164100710897544,0.10047226920017895,0.2196068030114402,0.21426896049529795,0.2394474676473377,0.2755357693144036
888,0.030986529673294596,0.058489025244447254,0.10915701052570254,0.22898555059130418,0.22542626843162616,0.25384224085640195,0.2884582589889039
886,0.05283189019241471,0.08251465755207311,0.13297108361925766,0.25189425137264165,0.25055087552940203,0.27886691798738955,0.31633485221452506
884,0.09316754988374387,0.13082417974347094,0.18710947995158173,0.3090019802168268,0.3112074103486512,0.33947825584292035,0.38398027547256347
882,0.13267261592373508,0.18059296202492045,0.2467593353523709,0.3745753477615219,0.3806244622134507,0.41092318293237895,0.46130661848431903
880,0.1507784138017094,0.20358468478254102,0.2769316903629707,0.40725056407380195,0.41539735673916595,0.44762518578487265,0.4971746659927294
878,0.14667202676255287,0.19682366105818358,0.27047113347748075,0.3976170330261312,0.4051548826355577,0.43647056689878594,0.48142555999324155
876,0.13526721153374852,0.1801673421611933,0.24912306637540832,0.3720032196424171,0.37748260444207465,0.4058483128916585,0.44991539641884193
874,0.1330774905255848,0.17623101315289819,0.2408980669162485,0.3631035997997099,0.3684036373875463,0.3952652668451551,0.4420647840408681
872,0.1465990983624337,0.1936828007332116,0.25883367379723715,0.3843937462883918,0.3945453228628195,0.4237335741631434,0.47010877826588787
870,0.1652066473800391,0.2191496254471167,0.2895281134853111,0.4210660699746133,0.4401435658984045,0.47469811508462084,0.5174513510313523
868,0.168703923372257,0.22685380464038796,0.3024527082554862,0.4408054503274765,0.4666639464714798,0.5062799206989527,0.5515731359803646
866,0.1506791666247688,0.20643210223963862,0.281850596342939,0.42400257224944127,0.4480640896684456,0.48861959858362985,0.5477444850796228
864,0.12887889455199183,0.17693615518359376,0.24614953247683005,0.3850594315030844,0.39883818964453005,0.4348201933636107,0.5115671368064105
862,0.12295753621013823,0.16252447455495822,0.22377980117362464,0.35341481016093257,0.3550956475951663,0.38384191876594187,0.4705942386402067
860,0.1327596331591963,0.16590397212284363,0.22155743454598165,0.34201494277982036,0.3364516173859067,0.3605322951386556,0.445622283451107
858,0.15430161622058183,0.184197242231101,0.23792877618580904,0.3547658575551941,0.3488040373200195,0.3739341328075317,0.4494446847916356
856,0.20779521329054196,0.23903479335462358,0.2945613666234207,0.41412800895845014,0.41298371856541194,0.44320571517010554,0.507377426818303
854,0.32788810901568655,0.36238372625985515,0.421132156266617,0.5460766649060741,0.5517028585381982,0.5857779617633938,0.6409634781744378
852,0.5226257298624613,0.5495005686066475,0.604609049369605,0.7300901356466247,0.7391749595607615,0.7701340746099209,0.8174513621540693
850,0.7498050160825367,0.7434453480380031,0.7779145565283101,0.8906805701199134,0.8941262630011659,0.9120272578759142,0.9472705249434855
848,0.9312146529812015,0.8699728337072773,0.8684508538697543,0.9544366828163624,0.9429668488252533,0.9406328839240319,0.9589504291914864
846,0.989951319077997,0.8811061137447956,0.8470989845813047,0.9048221469221183,0.8783406899826085,0.8575093349245113,0.8633591407616077
844,0.8976914050150432,0.7785093854862378,0.7358246776622398,0.7808901947657668,0.7513555270355952,0.7236228580939988,0.7306350452948118
842,0.7112906582355548,0.6206310962690453,0.5941657192305057,0.6472564150510448,0.630077114876539,0.6098416230761705,0.6274613315648195
840,0.5489793963759593,0.4993901100656874,0.4965245173641101,0.567999556546852,0.5705223974189483,0.56552261547916,0.5906167357516441
838,0.49868234179749793,0.4763682367711407,0.48836197671165765,0.5761041879586127,0.5950051791529994,0.6034115051309692,0.6283770342456159
836,0.5484249575392551,0.5340390994268456,0.5506032776276018,0.6486454299499245,0.6763407598034785,0.6918909900182553,0.7156129726569591
834,0.6187727064628112,0.6041276036263283,0.622293671372549,0.726335792919147,0.7569872764663556,0.7753130804153685,0.8018301451560911
832,0.6541062442383005,0.6421672375849342,0.6634002810213288,0.7691972181692154,0.7987969187227674,0.8189269229014112,0.8496663560207686
830,0.6606451963255172,0.6554190729477866,0.6795222766632356,0.7813501869931939,0.8054031827928686,0.8272140182577087,0.8593495193433351
828,0.6621635770036299,0.6620421236961104,0.6860367193998961,0.7793480544887865,0.79339632160691,0.8155984189673343,0.8454856622013351
826,0.6568183223944393,0.6573060226264423,0.6788054408152601,0.7632984941459419,0.7658265396569648,0.7867567298011866,0.8121724112053957
824,0.6314980531544362,0.6318442883936962,0.6523225279731126,0.7317818633497745,0.7256462603338529,0.7452870598849515,0.7681140447403252
822,0.5916677415063402,0.5961805643375233,0.6208241761681266,0.7003909487698077,0.6915669083316606,0.7121551143066138,0.7408510965323584
820,0.5577137755889056,0.5699781762042784,0.603556472326642,0.686278120865304,0.6814445695180643,0.7057037927831936,0.7485847642777169
818,0.5446384190035498,0.5621293971928059,0.6037618321400992,0.6883078040498509,0.6917870252114112,0.7201466390871857,0.7720922603466931
816,0.5543979340516172,0.5695189902355142,0.611368562873425,0.6933403848237685,0.7038507606098592,0.7331766772738219,0.775699468742
814,0.5737478166689233,0.5784695671357062,0.6104843964777331,0.6866291394057377,0.6971543753426607,0.7224053292444491,0.7425448324088808
812,0.5736942383994753,0.563114994111963,0.5801057870960256,0.6505268646767958,0.6537176344202488,0.671275005103339,0.6753891201882245
810,0.5271663274714083,0.5023916549206967,0.5075755316304331,0.5737298389889597,0.5685244235511816,0.5784459138620807,0.5833534131332637
808,0.4340923661925396,0.40382821471695735,0.40594555609110894,0.4684680503186802,0.46029216771837456,0.4657308596083265,0.482842791938543
806,0.3178486519825313,0.2935897747387055,0.2999045750485711,0.3595032152258486,0.35357530848835955,0.35818537541623097,0.3910387997812752
804,0.20006051024185703,0.18612186088315147,0.19749054291276183,0.25621468545554127,0.25232522541261176,0.25828216003318366,0.30678803055378273
802,0.0971718092422832,0.08758672973479023,0.10049649041048614,0.16090698421569827,0.1555972895623366,0.16394664856583416,0.2218425298713809
800,0.03464257135873818,0.022565964919568793,0.035604095945628494,0.10007691823537015,0.09223353892922051,0.10430973760581157,0.15784484099588666
798,0.03521617865563377,0.02181948999343047,0.03793365620841116,0.1088504759062111,0.10161384136941434,0.11856551058208595,0.1562244459893949
796,0.09102511113346826,0.08117797719936198,0.10256353371480924,0.18034018642139238,0.17841437388561318,0.19860219501772136,0.21915013388923
794,0.17093733856240725,0.16427043491694154,0.18783618210297454,0.2682666463760505,0.2744489834117642,0.2927689706305815,0.2999130056259519
792,0.2541694624369796,0.24663099503986385,0.26738258464378434,0.34481354335103664,0.3581233367148015,0.37018893621711335,0.36626724746197614
790,0.3315414415636926,0.3237902639784721,0.3411937151672936,0.41614984193244825,0.4320448059658639,0.4393612207212938,0.42944293832002567
788,0.37929759133231383,0.3773604458417745,0.3955248806186977,0.4756702078263395,0.488677239283491,0.4980987298139332,0.4920879229689052
786,0.36975465839996535,0.37769595107554255,0.4004207354794588,0.49144389014247625,0.49882821399764127,0.5161200748493002,0.5192767880250745
784,0.31549737090417607,0.3322333371225855,0.3607029808941864,0.4589593339742435,0.4619347264106093,0.4867266788547054,0.4945462600948113
782,0.26815345325439893,0.29104179348639014,0.32538744089232546,0.42222915449912957,0.42359951439758,0.4510763260271536,0.46065267940395094
780,0.2594923736650359,0.28620599323858387,0.3258847124902225,0.4170765976320099,0.41897513020156996,0.4451406301530013,0.4648112032862684
778,0.27154967262145235,0.2985278324247158,0.34123902585935145,0.42971925626295643,0.43419650159228446,0.45834184303959835,0.49834426575223406
776,0.27521995574099295,0.2991169551695398,0.34241532142365144,0.43386405590070726,0.44366471457577394,0.46670916283823227,0.5269124448861755
774,0.2673960028986375,0.2882383132646036,0.33202653696723405,0.42979626592609704,0.4462163634016146,0.46838005198368937,0.5431999630134993
772,0.2552403187479343,0.2735316091589652,0.3176865477552402,0.41940416210875026,0.4396803347072102,0.4599793828341286,0.5469692348699497
770,0.23765976206209277,0.24854061578261222,0.288358019966261,0.38446677189139705,0.40311852948031546,0.42028940408550475,0.5123319927531061
768,0.2252938883638007,0.22122170786370296,0.2493093724578409,0.3273328853508283,0.3405746641797846,0.3543938592571079,0.43033632635152025
766,0.2466123891456409,0.2271620047692285,0.24061684656592466,0.2945964862658649,0.302855705185881,0.31493822589250864,0.35262174919002354
764,0.3020575030601001,0.27603236733002656,0.27795578282689887,0.3124841378926571,0.31901503653675267,0.33185089208688157,0.32884493026981865
762,0.3366049480537811,0.31266409562454966,0.3059095284355361,0.32838541320761716,0.33636644171173163,0.35074497527401005,0.32175886716967894
760,0.29377977752453693,0.2730656791772275,0.2568695231460663,0.2679926700721951,0.2782760378065096,0.291681846431486,0.2495802103989491
758,0.18309672956295933,0.1619777751811059,0.1362375768121479,0.1313992221810415,0.14151484008381612,0.14960934297203754,0.10110385801539795
756,0.06539932498789883,0.040496899479054056,0.00898838779758597,-0.012801603983112256,-0.007332714770825951,-0.00734226608334688,-0.05142410481670036
754,-0.012280504783811952,-0.04308654647375515,-0.07590893710553062,-0.10771107893097752,-0.1098067597602684,-0.11652411244459829,-0.1428045849749682
752,-0.0372413848939943,-0.07266214889096217,-0.10334951509527941,-0.1327510662128809,-0.14168854683144355,-0.1491653247717244,-0.15445079883082935
750,-0.006599928027925868,-0.038491475348965944,-0.060070881739180126,-0.07225208627139645,-0.08623338721916833,-0.08700763678746866,-0.07456244796252791
748,0.06938886364186318,0.05000308790232151,0.04744288858372585,0.06547809491104321,0.046741476439616333,0.055645212860983076,0.09111841651861381
746,0.148379674075458,0.1394481514834463,0.15783061306103577,0.20879414778540126,0.18731676469716915,0.20095460268512308,0.26485153020066454
744,0.19076547981330325,0.18145597870593333,0.2106004460427063,0.2837395413962511,0.26668458681284246,0.27728310061713185,0.3549810775573279
742,0.20444121336774654,0.19040335304934067,0.2201430427615199,0.30180044864188044,0.2966508006318331,0.3030342993849112,0.37050989597336287
740,0.2167461950472915,0.2047237314998133,0.23559759526601756,0.3213346109413763,0.32802981261172803,0.33799864329689766,0.3909602425241663
738,0.22339393178825193,0.21995186917693163,0.2579096390036218,0.35118805308340295,0.362568965166575,0.38531912515301087,0.4404014905744526
736,0.20405714722013396,0.20825825382124483,0.2538851630822848,0.3568891114003643,0.36677967628213126,0.4047587873373656,0.47307658947592895
734,0.17125096075449744,0.18089862363795128,0.22858764645788274,0.3391176706976911,0.34710035648460674,0.3958842908570455,0.46915511341942234
732,0.16147996784292648,0.17899298618489987,0.22381237821741706,0.33806609314847025,0.3461928250941284,0.3999211181596336,0.4621090801680842
730,0.1791471511664321,0.20640430573030677,0.24733229441835117,0.359538143312566,0.3678004587605848,0.4223607812009202,0.4633018044936107
728,0.1850171983151738,0.2169826867790194,0.254779248711557,0.35512870410209757,0.3621519008973888,0.41432115723322577,0.4327358672233982
726,0.15014501243643608,0.1783018648004303,0.2139499389477019,0.2937054076391924,0.29959298316611876,0.3463530245164628,0.3515189675357246
724,0.09493097364216073,0.11440607286086278,0.14924343344698457,0.21012752631010648,0.2155662486807592,0.2556689937177202,0.2673950115483143
722,0.06027453337251951,0.07041967601239715,0.10494116058793294,0.15947555488031193,0.16234588790690002,0.1978127251693729,0.23397202551982296
720,0.05712364016866003,0.058253503588050454,0.0906040685193518,0.15045818567176356,0.14618004197175605,0.18137441229756926,0.24197246596757446
718,0.06031560026872938,0.05381524104760395,0.08118394910094026,0.14691210202321314,0.1338944863392009,0.17263262789292616,0.24222742701034916
716,0.04639173568969588,0.03657145877181066,0.05835638839702647,0.1220946873277784,0.10588617290681378,0.14899123562129554,0.21352489821039314
714,0.023449339592243157,0.01688658173683504,0.03635390367840206,0.09262022583971677,0.0831030747883015,0.12876839585638572,0.18297515120419788
712,0.020132401049640546,0.02406561477338709,0.04767253456861648,0.10025070543602597,0.10438940349604921,0.15141968203758424,0.19582876190647422
710,0.04741593461136884,0.06768114484586922,0.10158350899874476,0.1606617927844757,0.17808636963785898,0.22803904224421082,0.271190209512946
708,0.07559190742946559,0.11156912427578536,0.15549678819145887,0.22762141632179914,0.25285498291530195,0.307017999750017,0.3667818782624775
706,0.06156036879109422,0.10296954251466316,0.14763383614273715,0.2277785315490178,0.25586753108585425,0.31003499451228145,0.3990151448811
704,0.0028389837533097225,0.03758522265328333,0.07237009406664793,0.14793616998845793,0.1774096662408688,0.22271434404402363,0.3336574427930884
702,-0.05175259420764286,-0.024059991878187637,0.0004373469929540657,0.06496089121004127,0.09679884969450697,0.12756583427528453,0.24447446900924144
700,-0.05443218942224233,-0.02140021829744696,0.0032144660181413127,0.0638732045409528,0.10027815036107243,0.11926802274840531,0.23739122598282877
698,-0.005467998439672477,0.04398131065513515,0.07898521659312178,0.14869481423654962,0.1929016852167784,0.20823836199673193,0.328418154269587
696,0.06270326953729291,0.12830315887238344,0.1773106661491909,0.2625990181570584,0.3173184032635823,0.33746472072025896,0.44899891153627475
694,0.12660227821779538,0.20205123957680166,0.2667635495504288,0.3665404967569598,0.4315989903467814,0.46398236365038625,0.5562531206495023
692,0.17725254463493223,0.25828601060426076,0.341319647570232,0.45425431179200726,0.5272029937139752,0.575609004055614,0.665105602753792
690,0.20395997295458332,0.2868240615484273,0.38407045405770196,0.5104318545274162,0.5895086285310316,0.6475323602998028,0.767088137072078
688,0.2004149306788905,0.278251567134502,0.37351975021426054,0.5088170007156181,0.5919646731940171,0.6424236996071301,0.7977324384744493
686,0.17956148569878577,0.2457318193191089,0.3201289779223154,0.4525160712010226,0.532289255870445,0.5598456877734447,0.7197462356708161
684,0.16076862131226316,0.212557915358585,0.2592577730467007,0.37748110036931476,0.4416841609286437,0.44600130409194405,0.5844016288506781
682,0.1497799629083793,0.1873945447417772,0.21538479111253359,0.3185607052669498,0.3605914441336129,0.35287278416040113,0.4774304503091393
680,0.1505715065820395,0.17933325914224982,0.20682174838088374,0.30553878388906314,0.3326267527095366,0.3230820505944895,0.45178984318718735
678,0.18106585750574214,0.21671140086491783,0.2626668506737585,0.3712237878232605,0.39945702093367663,0.3949241991829847,0.5273500303185593
676,0.24743624001792244,0.30797485942810915,0.38225135033395,0.5084107331021499,0.5504016860178532,0.5591061644175918,0.6878026991992399
674,0.3191679405092464,0.4048420663931154,0.501875623727098,0.6442680143493714,0.705247349029958,0.7320542478877404,0.8668093730470942
672,0.3598505592461064,0.4484739651259214,0.5531256499113338,0.7087607868342038,0.7919548321013478,0.8279646578749421,0.9907743180425685
670,0.36181319264018,0.4262400069772483,0.5239730382866913,0.6928440170275635,0.7987008370987899,0.8219957846263815,1.0246656228049722
668,0.3364578109328254,0.3670062052182325,0.44661422534757,0.6216113971468366,0.7366084060432567,0.7320176610785669,0.9596875879171282
666,0.29032500041467124,0.30082867891268517,0.35093070593198555,0.5098578140733726,0.6087238862404377,0.5904228621622526,0.8039019335208983
664,0.2318703474133951,0.24457290386227687,0.25674226776938536,0.38331177580827136,0.45709163611107917,0.4513854447851309,0.6123258351385038
662,0.18346122624926364,0.21577695672706215,0.19532806240686792,0.2992663288891574,0.3631306921885362,0.37922686127873595,0.47064449731442276
660,0.16900318673913617,0.23040010163416494,0.19633691542563853,0.30576269580435317,0.37896164152028505,0.410789593494244,0.44364960016349647
658,0.1915334279920936,0.2766272463535233,0.25084487665089483,0.38485607234066754,0.4718268360222002,0.5079410975526159,0.5208109522992284
656,0.22504748541583067,0.31326660457933914,0.3143309496335052,0.46026670864724706,0.5498406697013823,0.5783979660410096,0.6189037517693096
654,0.24318613203614547,0.32134491250258385,0.3677801290815312,0.49672565666189095,0.5814185136383684,0.5958527311491302,0.6957730906220766
652,0.24303179833615066,0.3174383038558732,0.4218787272510803,0.5232253372926554,0.6079019728277401,0.6150611047255969,0.7810034170889678
650,0.24416342609585684,0.3239267888232962,0.4703263522827051,0.5645790382673952,0.6524809514837046,0.6725914603345559,0.8805331384898677
