Wavenumbercm-1,2.72e+01 M,2.18e+01 M,1.81e+01 M,1.36e+01 M,1.09e+01 M,9.07e+00 M,6.80e+00 M,5.44e+00 M,4.53e+00 M,3.63e+00 M,2.72e+00 M
3000,-0.027455439155466402,-0.023150546057195322,-0.022999870295036,-0.023167588872057332,-0.023925512219772866,-0.024844683758452335,-0.025648706312665567,-0.02621042048229805,-0.0259314177513966,-0.0215069549385853,-0.0221509377056271
2998,-0.027009248030201452,-0.0226198342069125,-0.0226556469771594,-0.022728564306408766,-0.02354587631578663,-0.024461502643088332,-0.0253140870588973,-0.0258881857709983,-0.0256793676749454,-0.021224299226738047,-0.0218772899753011
2996,-0.02651539762013425,-0.02199613683852525,-0.022339660616577096,-0.022295507884974766,-0.023098316345921934,-0.0240370423067591,-0.024897957578644467,-0.0255279210297329,-0.02530340514206835,-0.020939973890965552,-0.0214955505568869
2994,-0.026117034024680498,-0.021493431486394224,-0.022082622608777868,-0.022016824784393266,-0.0227358104203005,-0.02374158528697053,-0.024527253464394435,-0.02523815497938145,-0.024950152809151402,-0.020738770087889,-0.0211743618069083
2992,-0.0258905992689519,-0.021191679232885376,-0.02185606702517277,-0.021885842700283733,-0.0225520073786116,-0.023564064980328564,-0.024272042061547535,-0.025061038165992047,-0.024750520226153552,-0.02064540955879175,-0.0210525034146471
2990,-0.025791827396929173,-0.021048852081175577,-0.021632856936422366,-0.021791310189198065,-0.022510811296872296,-0.02341268160136717,-0.024131438081502334,-0.02494414721619275,-0.0246808272050167,-0.020630682722692452,-0.0210999313531299
2988,-0.025729411926579574,-0.0209994675467497,-0.021444386822154965,-0.021666643164992668,-0.022516126815291,-0.0232799274314716,-0.024068928670731866,-0.0248376151788086,-0.02464252274905225,-0.02062148865013835,-0.0211544477150624
2986,-0.025636339300209702,-0.0209716509523874,-0.021313661282528037,-0.021520604241333202,-0.02247780177649743,-0.0231923615592719,-0.02400963651168607,-0.02473713944792075,-0.02458813037691155,-0.0205211091532147,-0.0210830781662301
2984,-0.0254748066902279,-0.02089111379414325,-0.0212016035049398,-0.021367601771567896,-0.022351909086872863,-0.0230954152035534,-0.023860723753409533,-0.02462410201838955,-0.02450018907914345,-0.0202946960901491,-0.020880323478598
2982,-0.025286943633198975,-0.020791134905534175,-0.0211183077058669,-0.021252025639703936,-0.022215092169049332,-0.022968473408115,-0.023648784945236496,-0.02451728785527085,-0.024374969546317002,-0.0200826278912631,-0.0206834426774912
2980,-0.025189787716517226,-0.020797700798678823,-0.021141175236457834,-0.021254370049493303,-0.022208451866149236,-0.0229215748301695,-0.023530262269445833,-0.024508888095546702,-0.0242736232404358,-0.0200805691787894,-0.0206618807524819
2978,-0.02521631651099045,-0.02091746230889275,-0.021245646246183834,-0.021353841997162434,-0.02232763875788597,-0.023012459703329366,-0.023576495121991267,-0.02461349622957355,-0.02427561741559375,-0.0202656173993747,-0.0208254700845732
2976,-0.02524280087558655,-0.020970320247651098,-0.021263301563658268,-0.021382410242502436,-0.022382720898545202,-0.023101302791645,-0.023667072678369438,-0.024683379430565353,-0.02435245376221535,-0.02039563209841705,-0.0209936657152337
2974,-0.025166958784390348,-0.0208315471529291,-0.0211156469911044,-0.0212498691453037,-0.02227517015436567,-0.0230500112598401,-0.0236883849582476,-0.02461181463058645,-0.024401431246491148,-0.020342277468065252,-0.0210011537833151
2972,-0.02504456316271935,-0.0206015504691869,-0.020942615688618438,-0.021077975392932168,-0.022140952372341333,-0.0229257698961688,-0.023682020448575935,-0.024491271064999952,-0.0243808837681395,-0.020223852175675648,-0.0208498384548431
2970,-0.024957294463634802,-0.0204224898259864,-0.020876061392762033,-0.02098689883525823,-0.0220844049819868,-0.022848983491201864,-0.02368722315898113,-0.02443688233844865,-0.024318749966581503,-0.020134750090435652,-0.0206350263256686
2968,-0.024897998200563324,-0.02031789989715745,-0.020879949325218333,-0.020949216272899533,-0.022023046707847337,-0.022819983945578232,-0.023650814972828404,-0.02443443499888535,-0.02426578217637805,-0.0200286678465018,-0.0204674400581177
2966,-0.024836823210835,-0.02027150077341185,-0.02088891976983273,-0.02092024489518397,-0.0219094528978674,-0.022802879450940405,-0.0235697599391626,-0.0244361326399589,-0.0242620496271407,-0.0199185761595448,-0.0204540763989322
2964,-0.0247552714220898,-0.020259869091517425,-0.020893723832761963,-0.020903788040266703,-0.02184106240898807,-0.02279499822550597,-0.023508029821245766,-0.024423236796032248,-0.02425955931048375,-0.019890481388166,-0.0205705968804207
2962,-0.024655333480595128,-0.0202305141539543,-0.020884748943611402,-0.020901501792253734,-0.0218868732497557,-0.0227936210648223,-0.0234743050076467,-0.02438410665138355,-0.0241709400540489,-0.01992421326548785,-0.0206576796941284
2960,-0.0245943244127226,-0.0201743228586302,-0.0208522714737945,-0.020922477400653467,-0.021985991100354697,-0.022802269417445602,-0.023426872846483367,-0.0243350791694819,-0.02401891450390925,-0.01992065589820495,-0.0206417488039989
2958,-0.024660957402941375,-0.020191228508188674,-0.020847563542707268,-0.02102041197416223,-0.022062494938191235,-0.0228634872661221,-0.023385780031068035,-0.02435137572463635,-0.023940809184480702,-0.019884740769908052,-0.020637030288433
2956,-0.02485533062986745,-0.020360562525677327,-0.0209267101205025,-0.021210226166119433,-0.022128755428757804,-0.022991115582180366,-0.02342084701797653,-0.0244828058657797,-0.0239998057053899,-0.01990494674588795,-0.0207448599771175
2954,-0.025039526137943576,-0.0205680447269539,-0.021007520592975337,-0.021356063536115633,-0.02218792302854727,-0.023071747753173468,-0.023494589482109533,-0.02461236399942625,-0.02405805446368495,-0.019936008339735002,-0.0208402030285811
2952,-0.025137992384355125,-0.020677069349867676,-0.02100317352973857,-0.0213669280199151,-0.022229235047856465,-0.023021288731175867,-0.02354250671854587,-0.02461135547467075,-0.02401885018564005,-0.01988658474030005,-0.020796250388796
2950,-0.025193326824650922,-0.020699896911391277,-0.020948302841562336,-0.02133787133487433,-0.022257237355078268,-0.022906734824636097,-0.023580357484791703,-0.0245122927185388,-0.02393698638131265,-0.01977504474111315,-0.0206491816361234
2948,-0.025214715595703575,-0.020699663555929875,-0.0209194976200766,-0.021407480721816568,-0.0222796645320095,-0.0228525868647456,-0.023650806621625036,-0.0244496812888813,-0.0238922553539461,-0.01969331077563525,-0.0204675126031639
2946,-0.025129023390501673,-0.020642519026627372,-0.020914235822516964,-0.021547136491935764,-0.02227507294440983,-0.022886431520056833,-0.023736853348239068,-0.02448248644351545,-0.0239000177039673,-0.0196795051067502,-0.0202450896196007
2944,-0.024918907944127523,-0.020456873273897898,-0.020866619982474268,-0.021579490441743635,-0.022198164956855768,-0.022936113325585466,-0.0237666245891055,-0.024527201214013902,-0.023924219700748102,-0.019693812885965202,-0.0199891325562013
2942,-0.024672504863891123,-0.02016591842256565,-0.020733523407183665,-0.02138268587335257,-0.022010316375911932,-0.022914470392698033,-0.023666540013300697,-0.024442488931803202,-0.02389720613121,-0.019668011662540452,-0.0197872225924124
2940,-0.0244973231584559,-0.019925348486168927,-0.020570786364688266,-0.021057810301213665,-0.021771747259732934,-0.022833383181737766,-0.023465865120324735,-0.02422399632394035,-0.023798446097885097,-0.0195944605824864,-0.019747681034297
2938,-0.024403186488920526,-0.01983941022068525,-0.0204606927907874,-0.0207944258759135,-0.021595586334259065,-0.022750774395839335,-0.02327818555793047,-0.0240139147839302,-0.02369735744330695,-0.0195125879109914,-0.0198615229387489
2936,-0.024312774561296727,-0.0198269114727658,-0.020401263301428166,-0.020646918113125665,-0.021497132380483164,-0.022637588047754436,-0.023164395134006532,-0.0238986640283974,-0.023666581048435602,-0.01943293431315635,-0.0199899631271116
2934,-0.0242288290327664,-0.019811477488428052,-0.020390848151342133,-0.0205958072231774,-0.0214602221911351,-0.02248022943580227,-0.0231399120413275,-0.02388036906073685,-0.0237223489515119,-0.0194025083114457,-0.0200633055636306
2932,-0.024222960616885298,-0.019829468222949273,-0.0204562478922545,-0.0206328135089579,-0.02150535038358327,-0.022349880092619765,-0.023188883894847,-0.0239387779530019,-0.0237931776651731,-0.01947440850691265,-0.0201321905994892
2930,-0.024290241102823577,-0.0199047808481948,-0.020564867406793464,-0.02071343245921453,-0.021614359315222164,-0.022299815463918165,-0.023248991240312836,-0.0240428711285387,-0.0237971966726924,-0.01959414138169525,-0.0202297320358601
2928,-0.024359280285543173,-0.0199819326383197,-0.0206337740934869,-0.020747873993298166,-0.021692806085078665,-0.022308440107694134,-0.023259060203861103,-0.0241471915542376,-0.023767915230859547,-0.0196403315307252,-0.0203152754966846
2926,-0.0243914232767002,-0.019991353998209824,-0.02061420520105457,-0.020690327679380602,-0.0216557986794102,-0.022337135328874033,-0.023200963604801565,-0.0241945626430968,-0.0237907170332144,-0.01956043988855185,-0.0203232502378537
2924,-0.024417501143126075,-0.0199494769542862,-0.020557860362164466,-0.020633942025190834,-0.021566099201051802,-0.022410982977904767,-0.023138829024929832,-0.02419649676172965,-0.0238736855471373,-0.019462753807583,-0.0202410641170323
2922,-0.024434569386223223,-0.019897173670319748,-0.0205089439189952,-0.020661255436142032,-0.021540286385503867,-0.022526470007317168,-0.023114191913325335,-0.0242014393460364,-0.0239182468290891,-0.019450847328210952,-0.0201055525841098
2920,-0.02438619393556495,-0.019830373361589874,-0.020433084386102866,-0.020704778535339165,-0.021561741584564434,-0.022585846259509334,-0.023087300297188168,-0.02419290688523385,-0.023861774693055948,-0.019490477798044498,-0.0199766597888685
2918,-0.024267039383716826,-0.019755194297129,-0.020313530935441,-0.020663291284799965,-0.021513025443183165,-0.022505659323393365,-0.023025911532015098,-0.024109533767885098,-0.0237599853365235,-0.019504085046163452,-0.0199023385888809
2916,-0.0240754470614041,-0.019643050029228552,-0.02014480178488483,-0.0204919139777134,-0.021303246186921965,-0.0222614782072863,-0.022896936542723335,-0.02388918336763345,-0.0236273908258908,-0.019405684082369902,-0.019815880058752
2914,-0.0237883368901291,-0.019431458512699097,-0.019922626631790497,-0.02022443664070137,-0.020978376020410968,-0.021907129926797265,-0.022687550388358697,-0.023553721778688,-0.02341595923778025,-0.01916044229422055,-0.0196196990541023
2912,-0.023479422913327202,-0.019159345421717523,-0.019711485867569833,-0.019970058440494733,-0.0207070204239122,-0.021589718318329898,-0.022471948569695102,-0.02324999058728375,-0.023174783084762153,-0.0188821196512466,-0.0193824520939316
2910,-0.023336739429231,-0.018997831393550678,-0.0196321190939166,-0.019852000802137698,-0.020631413401998866,-0.02146525647886467,-0.022358136980963134,-0.02313937758750035,-0.0230470077781916,-0.018755778342771,-0.0192925964262172
2908,-0.02347431375402955,-0.019071496451926698,-0.019732594504499934,-0.01991070967472493,-0.020750093103299765,-0.021567321460955167,-0.0223749043681083,-0.02324960812191025,-0.0230973617955575,-0.018835041297028052,-0.0194066482862394
2906,-0.023757604178408276,-0.019270757344234224,-0.019882219121600066,-0.020038109508678466,-0.020915196655526432,-0.0217447749515178,-0.022424489038986,-0.0234371136524723,-0.0232104719405617,-0.018960189142294,-0.0195505955417024
2904,-0.023958224406345374,-0.019392630106065102,-0.01991762869543477,-0.0200953819814387,-0.0209862105277047,-0.0218169363379883,-0.022406809358323437,-0.02353646313299565,-0.0232462036695068,-0.01897231270749405,-0.019565124558611
2902,-0.02402643827504395,-0.0194168532628127,-0.019861604400547767,-0.02007908755738407,-0.020970115826600497,-0.021770621667934,-0.022345051371196467,-0.02351802423708665,-0.0232099500122965,-0.01891911426829295,-0.0195165193919958
2900,-0.0240614568184903,-0.0194626329856539,-0.019856535309705298,-0.020069250505181598,-0.020946351684628467,-0.021707238817552568,-0.022293206695376534,-0.0234432133909193,-0.023162654457316,-0.018913701565384147,-0.0195282916769198
2898,-0.024098055576934098,-0.019543348966495074,-0.0199326976640218,-0.020069640919578597,-0.020922210729838336,-0.021666218436000365,-0.022214207988391233,-0.023336182188301052,-0.02308365189481105,-0.018912953314541,-0.0195425946833918
2896,-0.0240932315529709,-0.0195667910099414,-0.019994146014910733,-0.020023589422555933,-0.0208591585560683,-0.021623067067746932,-0.022072235927572764,-0.02319448265379695,-0.022951567324937902,-0.01881270397978315,-0.0194380300355434
2894,-0.024072674541089023,-0.019542876143141874,-0.020002207566767367,-0.019948511753416266,-0.020788387963006867,-0.02160422169539353,-0.021959309364894066,-0.023070690314108203,-0.02285682370204185,-0.01866830565299125,-0.0192725176643653
2892,-0.024121176853687847,-0.019599206779359973,-0.020026332570350133,-0.019938190948174266,-0.0207926872072264,-0.02166794012085553,-0.022000286097628968,-0.0230501980816121,-0.022904529300828348,-0.0186357377236675,-0.0192283801391283
2890,-0.024235598327891527,-0.0197679899388366,-0.020106648806754168,-0.020021257098503432,-0.020881965484199336,-0.02178718750713997,-0.02217345562232237,-0.023139559734616698,-0.02305421742098905,-0.0187341724123467,-0.0193549856999598
2888,-0.02431461068180235,-0.019907230883627447,-0.0201755348880979,-0.020106730576561534,-0.020967521651282735,-0.021854436696133666,-0.022328976347022,-0.023237980065173053,-0.02316335044690095,-0.018829854694241602,-0.0195108642295285
2886,-0.024301535995882424,-0.019888042946441878,-0.020158825111299534,-0.020103197184073565,-0.020975773796147967,-0.021817055242198267,-0.022369879660856167,-0.0232491891628284,-0.023162802770623353,-0.01884218554618015,-0.0195644950069492
2884,-0.024222093619396676,-0.019732547838833724,-0.020064890963101302,-0.020005514247627334,-0.020908131455224698,-0.02171546579858953,-0.022310739916351834,-0.02317179301702105,-0.023082118902331902,-0.018802151581024253,-0.0195134796879996
2882,-0.0240762621964507,-0.019518762463650998,-0.019930399674554535,-0.0198389710551531,-0.020770912523739166,-0.021575942750232464,-0.022172070962784934,-0.02305846278333425,-0.02293292587583575,-0.0187085698168501,-0.0193889683856972
2880,-0.02382227821539415,-0.01927630345884685,-0.0197587155143585,-0.019615027730186665,-0.020542319710590465,-0.021374347410034498,-0.021946356561568698,-0.02294094553375045,-0.02269757181178235,-0.01850269978292495,-0.0191833791839092
2878,-0.0235068380790523,-0.019041303642622347,-0.0195635697865677,-0.019390207550138566,-0.020263944776355732,-0.021144019435987833,-0.021691878475468936,-0.022829043445736052,-0.02243643769185745,-0.0182247329152807,-0.0189289217670107
2876,-0.02329251134200975,-0.0189012601645462,-0.019412240660693,-0.01927969716694,-0.020079896815947133,-0.02100959802712557,-0.021541495180167833,-0.02274328515244855,-0.0222829565044666,-0.018032438759166103,-0.0187416891977473
2874,-0.023298983376821902,-0.018908483148198523,-0.0193754822713713,-0.0193458215668713,-0.020104830643072568,-0.0210494553577437,-0.0215631546976419,-0.02271026446794605,-0.0222954019544639,-0.0180040911856905,-0.0187161290427497
2872,-0.023502509151043148,-0.019029194820065626,-0.019474476178855834,-0.019530604178196336,-0.020301380668924965,-0.021204447382224934,-0.021688614424670932,-0.0227391928292149,-0.0224043201555233,-0.0180601052501876,-0.0188287749761855
2870,-0.0238056623793551,-0.019218104916782098,-0.019684039719959166,-0.019731630316774704,-0.020532922676911602,-0.021359775247089468,-0.021806214482544998,-0.02281293286314615,-0.0225145303052083,-0.01811324855908145,-0.01896808409536
2868,-0.024145176940835678,-0.019476977514732877,-0.019955509263137234,-0.019909984543065234,-0.020716979847926136,-0.021475064066489802,-0.02188205253508323,-0.02290628285844945,-0.02260063229708805,-0.018192375285031898,-0.0190524536424902
2866,-0.024505993718957026,-0.019798718924549798,-0.020238441083590936,-0.0200903988664539,-0.020881448965560965,-0.0215974549141603,-0.021962775552893363,-0.02300944517877415,-0.022678995212112252,-0.01834832120939145,-0.0190983054302943
2864,-0.024881915383498328,-0.020129112642225874,-0.0205152850959251,-0.02029703916235223,-0.021079089762150335,-0.0217759978950603,-0.02210359862060837,-0.02313734968392445,-0.0227562123051781,-0.0185345735950319,-0.0191748803259227
2862,-0.025287106043684424,-0.0204439741548522,-0.020825606118826865,-0.02055207110860023,-0.021322367715048432,-0.022026435307836198,-0.022339881693548835,-0.0233267700947957,-0.022862400917104002,-0.0186902430363551,-0.0193270654265751
2860,-0.02574652799074285,-0.020784809778391176,-0.021204249165991635,-0.02088645862165353,-0.02159708368287917,-0.022337406554380063,-0.0226662806793077,-0.0236012634314712,-0.0230559630504088,-0.018848153840026048,-0.0195322939653142
2858,-0.026221066114256775,-0.021160002894760648,-0.02158870442152853,-0.021282897389413833,-0.021877420969418,-0.022654549288603634,-0.023004094751860434,-0.0239225324596832,-0.023339206029256,-0.0190640561756902,-0.0197276940617175
2856,-0.026595341828930946,-0.021483851725102476,-0.02185204028166687,-0.021637011020018634,-0.022118679611680302,-0.02289192842474767,-0.02324186891334797,-0.024195629564550097,-0.0236213349800992,-0.01930199557756905,-0.0198805405427726
2854,-0.026797355765663,-0.0216827230028018,-0.021953788919089,-0.021840602062319234,-0.0222792038460855,-0.023010438715852132,-0.0233437502074277,-0.02434656618001095,-0.0238193988334179,-0.0194782225067133,-0.0200122550456808
2852,-0.026886501200734728,-0.021793512120015374,-0.021990184487016468,-0.021889003714141902,-0.022361855468226537,-0.0230571739651744,-0.023369520913675335,-0.0243865509394585,-0.0239450286564691,-0.0195677289577948,-0.0201351869508789
2850,-0.026951328850488374,-0.021869898367563027,-0.02203821699674903,-0.021843189042975303,-0.02239023136898817,-0.023071147921946433,-0.0233506851731908,-0.0243612599735727,-0.024014911419988,-0.01957586548886995,-0.0201981061323199
2848,-0.0270025245624761,-0.0218884597371874,-0.022067485665524866,-0.021745495234308004,-0.022366426221430067,-0.023024924633123597,-0.023259407852099966,-0.02429408191837895,-0.02397783965601885,-0.01949295322289685,-0.0201603283606126
2846,-0.027001286951808853,-0.021814468459336225,-0.022030817869417366,-0.021614323235557436,-0.022271180294883435,-0.022892234979882197,-0.0231053767303705,-0.0241855418333509,-0.023792224027536252,-0.0193338866942249,-0.020042986609821
2844,-0.026920829831323774,-0.021675931670290426,-0.021932400690953934,-0.021472362299791367,-0.022094603727249935,-0.02270435365853977,-0.022947730272933634,-0.024026765187625553,-0.023509981494948,-0.019151770359638852,-0.0198565105143901
2842,-0.02676755685865395,-0.021531330053136722,-0.021795228620844667,-0.021344343746933964,-0.021870744795350335,-0.022518020405119465,-0.022811426106216736,-0.02383025978635525,-0.0232472096370595,-0.01899512034498575,-0.019589826151402
2840,-0.026585149119361128,-0.02142211053293945,-0.021639919897437368,-0.021242700701526136,-0.021679566160074503,-0.022370287317106937,-0.022674507253668468,-0.02364760804808385,-0.02308745674155585,-0.0188881238036429,-0.0193121956974751
2838,-0.026455274759296977,-0.0213834490946982,-0.0215130108269519,-0.0211760244795937,-0.021599059455209402,-0.022284430875499098,-0.0225508588952007,-0.02354359363536305,-0.023039061009788503,-0.018850005632915202,-0.0191772057683214
2836,-0.026444088852771074,-0.0214407025191097,-0.021468557847802338,-0.02115075252410997,-0.021638009770081002,-0.022275320357032165,-0.02250512735404057,-0.023535171648130952,-0.023059665769744102,-0.0188779685005512,-0.019242883886513
2834,-0.026534117802766925,-0.0215663044246466,-0.021512455546775333,-0.021161731774113235,-0.0217314900913793,-0.022333402407923402,-0.0225637223928344,-0.023573053395370948,-0.0231060229734395,-0.0189170444533135,-0.019379062924603
2832,-0.02663240343762605,-0.021679349755090026,-0.021590498491631135,-0.021191686627177065,-0.021803104008027364,-0.022415519422580733,-0.022660762718293103,-0.023592367448734948,-0.02315435535527885,-0.0188999028056189,-0.0194291249132835
2830,-0.026665797173329626,-0.0217316619784875,-0.021650886445398237,-0.021231373531599,-0.021823751539411965,-0.022471255342712503,-0.022712811742637066,-0.023569984262299698,-0.023194632212601,-0.018834058655880753,-0.0193999298608164
2828,-0.0266573989506103,-0.021764766660416247,-0.021702173780177535,-0.021294405025326466,-0.021816037746886063,-0.0224847828076964,-0.022716658105550167,-0.0235299275307121,-0.02323252999350495,-0.018802167999618202,-0.0194093603267046
2826,-0.026681484877467552,-0.021833282029764627,-0.021779144528388462,-0.0213915787951484,-0.021815665782960264,-0.022476336679905368,-0.022724022721133035,-0.02350484043247655,-0.023283405558938153,-0.0188480823708303,-0.0194916483286804
2824,-0.026757653384447775,-0.021906827342904476,-0.0218722767627214,-0.021493664347717333,-0.021835413829348737,-0.022462027630713866,-0.022749565313871466,-0.0235048406564426,-0.02334191329494885,-0.01891482875340805,-0.0195654989314192
2822,-0.026823264653289325,-0.021900760593068475,-0.021925535309932565,-0.02153574468816673,-0.021851871609368634,-0.0224262712502655,-0.02275485861017253,-0.0235094488461535,-0.02336034484464145,-0.01892195508266745,-0.0195680528374303
2820,-0.026813850212338026,-0.02179265591657135,-0.0219008276525824,-0.021472969940997535,-0.021823754982547,-0.022345670528341532,-0.022713084328383166,-0.0234834791457274,-0.023286701377942802,-0.01886119113347445,-0.0195178170291222
2818,-0.0267457079811265,-0.021660079686163,-0.021826039460398464,-0.021335230079372134,-0.021736396610925437,-0.0222366180648952,-0.022646778909663167,-0.02341871955379415,-0.02313863732322765,-0.0187857448262783,-0.0194529083925142
2816,-0.026692654433802948,-0.02159182775131975,-0.021770701729481798,-0.021213226728345497,-0.021629155873166966,-0.022156983598691633,-0.022591051584571864,-0.0233594810600377,-0.0230090076827938,-0.0187355758604986,-0.0193885267381222
2814,-0.026689321290204626,-0.021593104725089674,-0.021774688142325197,-0.0211749548645533,-0.021562444967258832,-0.02214453391735963,-0.02254721751046636,-0.023359253291204002,-0.022970629529779,-0.01870655655873455,-0.0193391299119588
2812,-0.02669427994992615,-0.021596788978084452,-0.021805717280558735,-0.021197430299031764,-0.02155423172083294,-0.02216761677279633,-0.02248861101404903,-0.02340559998977295,-0.02299271777304225,-0.0186763712013301,-0.0193141203558441
2810,-0.026669047233839227,-0.021559352897124677,-0.02180457872612797,-0.021205789569110168,-0.021575541672407998,-0.022170918883635232,-0.02240658513816157,-0.023427283400504352,-0.0229900096399673,-0.018641100075659098,-0.0192941652589386
2808,-0.0266486328336195,-0.021515863726842277,-0.021764426148805364,-0.021173324983191934,-0.021605655067818266,-0.022156501587490867,-0.0223337247201667,-0.02338633544928275,-0.0229339588757144,-0.0186259251464366,-0.0192617002229417
2806,-0.0266755849646812,-0.021515520469703002,-0.021728047665351,-0.021136967793796733,-0.021643907588464403,-0.022165966024957965,-0.02230266796616427,-0.0233156765766626,-0.022859806677394102,-0.018650879590432698,-0.019233860557796
2804,-0.026709627885317902,-0.021541315656490274,-0.021718571743834767,-0.021128067914705367,-0.021676224135205768,-0.02220258907772067,-0.022305877036251167,-0.023261870666415,-0.0227925056374605,-0.01869655035009945,-0.0192329926979423
2802,-0.026668813281581973,-0.021529762953605078,-0.021706541378914635,-0.021123320941027663,-0.02166656403160587,-0.02221560658282883,-0.02230901551812797,-0.0232254485192618,-0.022724695460653747,-0.01871169428367745,-0.019234513415924
2800,-0.026552100521167576,-0.02146568190497955,-0.021664812950986167,-0.021087256830675364,-0.021604296706762366,-0.022175793728034066,-0.022299504616687237,-0.023192032013864702,-0.0226708483421183,-0.018672458538575652,-0.0191959398359885
2798,-0.0264550175460176,-0.02141427995816765,-0.021618788145420065,-0.021033174222147098,-0.0215303798117413,-0.022120658244100033,-0.0222995689369657,-0.0231831538360718,-0.0226775870533584,-0.01861970684517345,-0.0191332036475946
2796,-0.02642850908306405,-0.021415951958488725,-0.021587108429778998,-0.02098373937321364,-0.021470210434152166,-0.0220755207850559,-0.022303888349062467,-0.023209496688494147,-0.022736077727514348,-0.018587935265421802,-0.0190821649493853
2794,-0.026412034168780824,-0.021416003553447777,-0.021530471301869764,-0.020918143302235237,-0.021393972429336633,-0.022002342063794065,-0.02225858517213387,-0.023220022963796348,-0.022761370569356648,-0.01853948094386745,-0.0190201407126449
2792,-0.026352473911086326,-0.021357492680953098,-0.021420886530657934,-0.0208148382789587,-0.021287210931099133,-0.021881115333743432,-0.022145699420558936,-0.0231582098925005,-0.0227076550734358,-0.01843095494679935,-0.0189110700600018
2790,-0.0262993191831639,-0.0212847350816959,-0.0213171176841756,-0.020715434532242033,-0.021208811450581334,-0.021779578947396433,-0.02204392624089843,-0.02304802670953085,-0.02263875851466135,-0.018312605059310948,-0.0188013386105171
2788,-0.026318267740913424,-0.021280073646674974,-0.0212995366285056,-0.0206886740366059,-0.0212228450473448,-0.02177457265860237,-0.02204631810297403,-0.0229717283329132,-0.02263073383261385,-0.018284275010966702,-0.0187848015910972
2786,-0.0263795311465804,-0.021334811824602225,-0.0213550957833933,-0.020741617306735034,-0.021303568062385703,-0.02183892288076697,-0.02213739491677143,-0.022969659953721598,-0.022660700728634298,-0.018359101251446,-0.0188715705116903
2784,-0.026407389632537775,-0.021366169236607224,-0.021400323877812464,-0.020814901036479767,-0.02136623060057577,-0.021876034070357698,-0.02221018707866097,-0.0230074634848661,-0.02265745107373145,-0.0184444514266108,-0.018967027892937
2782,-0.026391217471280523,-0.021346199881307454,-0.0214019395023053,-0.020857992991396165,-0.021375194234983602,-0.021847818399428665,-0.022200477352625467,-0.02303586520779405,-0.02261491762253925,-0.01846389221684125,-0.0189885362710984
2780,-0.0263683463082278,-0.021324900553689123,-0.0213960468135595,-0.02086105654847713,-0.021361004678162498,-0.0217975961975732,-0.022143281974294868,-0.02303384542709045,-0.0225749517601706,-0.018426945352101147,-0.0189377945910278
2778,-0.02633606845307045,-0.021325342892405723,-0.02139425238263673,-0.020820856622716735,-0.0213427869287663,-0.021759710720615968,-0.022089435676603403,-0.022993590959365852,-0.0225327294169787,-0.01836579314149705,-0.0188517104302367
2776,-0.026269912767816025,-0.021312211472100696,-0.021362848063924262,-0.020735594912637965,-0.021307395245655832,-0.021729228092208435,-0.022040056480593335,-0.02291926113855965,-0.0224557141526333,-0.0182859336096973,-0.0187564044280149
2774,-0.026192010515102424,-0.021268355125927552,-0.021295913092529734,-0.0206285812909871,-0.02125608389147827,-0.0217046770113325,-0.021975823681478702,-0.0228405665718821,-0.022366520483747203,-0.01819916511143925,-0.0186778490529531
2772,-0.0261402947563485,-0.0212216791974943,-0.0212285809991965,-0.020532823184468436,-0.02120866702082733,-0.02168755767243853,-0.02189509329217153,-0.0227849009379982,-0.0223160568040526,-0.018137712980633998,-0.0186353744900214
2770,-0.026105387011250425,-0.021187626594206505,-0.02117350193089383,-0.020459639110823897,-0.0211656783855817,-0.021654247615356167,-0.021812803505999536,-0.022742681327776453,-0.02229660818577595,-0.0181109848211438,-0.0186170069224314
2768,-0.02606544729945045,-0.0211490565253784,-0.021112042291458865,-0.0204102667770809,-0.021112363572703668,-0.021585245947395932,-0.021753179505531434,-0.0226910448032731,-0.022261447710356652,-0.018093130062318802,-0.0185974047252321
2766,-0.026047887544523425,-0.0211072630756328,-0.021059986888157634,-0.020401530116116767,-0.0210586901838283,-0.0215136748022535,-0.021746131470651003,-0.022639985423242748,-0.0222205367082007,-0.01807398047267585,-0.0185767428520101
2764,-0.026082006976051897,-0.02108949061140907,-0.021070604078315135,-0.020439608790160334,-0.021028647315595634,-0.021488170563746332,-0.021794607980622164,-0.02261594713251125,-0.0222322790841417,-0.01807562714436255,-0.0185687330428394
2762,-0.026121418800061923,-0.021086534059198123,-0.0211455923416602,-0.0204831495154446,-0.021009845412662636,-0.0214926958038143,-0.021842176583859802,-0.0226085336430203,-0.022292199538413403,-0.0180979389004221,-0.0185627181758575
2760,-0.02609516280707565,-0.021044547357351725,-0.021203840934269597,-0.020477212555835633,-0.020959943429905866,-0.02146105341536413,-0.021812938860279435,-0.02257686969666935,-0.02231012899142465,-0.0180939960009819,-0.0185372941420461
2758,-0.02601318480801525,-0.0209407633533739,-0.021169996329619568,-0.020414972833500668,-0.0208639180906727,-0.0213677290266822,-0.0216946917911602,-0.02250266212177435,-0.022221067307675098,-0.0180225007398308,-0.0184927617289382
2756,-0.02593913487370912,-0.020814483964722876,-0.021050932932829433,-0.0203278524403708,-0.02074574521790633,-0.0212492553166998,-0.021550647623792496,-0.0223982327177688,-0.022057777744547598,-0.01788965725153275,-0.0184288307050895
2754,-0.0258779398989675,-0.020705308955799626,-0.020902857229641036,-0.020231848126908234,-0.020627880257886567,-0.021140160735497734,-0.0214425718341661,-0.0222747982918663,-0.021892412184184952,-0.017727098024833098,-0.0183224356458468
2752,-0.025783369754702527,-0.020616721648534977,-0.020771269471316665,-0.0201327483105497,-0.02052346173633213,-0.02104838823794353,-0.0213793461688055,-0.0221516637786712,-0.0217673903756028,-0.0175718101075523,-0.0181802841439762
2750,-0.025670451378892477,-0.020558982554564623,-0.020688847854771566,-0.0200675230143167,-0.020464047304130165,-0.020993813381407867,-0.0213450951603006,-0.02208810253930745,-0.021706108437361003,-0.0174792248570958,-0.0180812798549662
2748,-0.025625764152363974,-0.02056827096257565,-0.0206833327076154,-0.020079577652495267,-0.020483759049298934,-0.021007462477001332,-0.021334972313308203,-0.022145387586709052,-0.0217283729968887,-0.017502975846933548,-0.0180993265516185
2746,-0.025689091547186124,-0.020650631830710878,-0.020748026368372533,-0.0201511869285744,-0.020566793818083465,-0.021078231868004532,-0.021346270850356064,-0.02230285301913075,-0.0218168768348855,-0.017632077097823,-0.0182035401944847
2744,-0.025799521355512403,-0.0207521219056368,-0.0208295267861386,-0.020212345376430935,-0.020650570148385967,-0.02114935536194393,-0.02136525708070047,-0.02245442736584055,-0.021909908888629398,-0.01778116776217105,-0.0183005272055645
2742,-0.0258791433580866,-0.020820939417769947,-0.0208780140685802,-0.020229237036061967,-0.0206965409434824,-0.02118579366226887,-0.021386060571889267,-0.0225099112246998,-0.02196568233549475,-0.017870013648699203,-0.0183565461015756
2740,-0.025908801440761478,-0.020863821855576854,-0.020895200654965234,-0.020240294735437436,-0.0207262677762951,-0.021207688206767633,-0.021422673475793533,-0.022475121127376152,-0.0220025426305944,-0.017891735213430647,-0.0184080077887094
2738,-0.025898669545893878,-0.020905771350744,-0.02090760508292293,-0.0202850008076787,-0.020767882932683168,-0.021238712453388136,-0.021478801491711132,-0.0224141718102088,-0.02204087268695505,-0.01788318031244815,-0.0184609672615299
2736,-0.025848453237219148,-0.02093327725950535,-0.020916897276399667,-0.0203420420042481,-0.020802412605041634,-0.0212633529035875,-0.021524950196303332,-0.0223710581438114,-0.022050293670505698,-0.017864608233018497,-0.0184639405921357
2734,-0.025763903967032452,-0.02091039648260025,-0.020896103537336567,-0.020351387506431232,-0.020778488993936934,-0.021247047053100297,-0.0215154386814326,-0.0223459810947788,-0.02198872986713835,-0.01782833153475885,-0.0183832199550429
2732,-0.02566759590690815,-0.020827595425583198,-0.0208234967530329,-0.020269904050895966,-0.020661964969375265,-0.021166976222959297,-0.021419608322955266,-0.0223127602911234,-0.0218633484851921,-0.017757320743865497,-0.0182410914966272
2730,-0.025576395059242075,-0.020709853374820175,-0.020711385849855,-0.020105595333784133,-0.0204717712244715,-0.02102388126687907,-0.021248011478954634,-0.0222433620147638,-0.021725157274891452,-0.0176446465362943,-0.0180828805028707
2728,-0.025503709649511597,-0.02059461798207815,-0.020609700499598264,-0.019924474607104236,-0.0202845841461029,-0.02085842185534573,-0.021069022456814135,-0.02213957233387335,-0.0216261483693821,-0.017520197217453952,-0.0179642824173347
2726,-0.025481746873691424,-0.0205158850196974,-0.020574181681979168,-0.019818150403255335,-0.0201923384407091,-0.0207485832896754,-0.020982486105911333,-0.0220486120391487,-0.02159886038751,-0.0174527826088595,-0.017956461637205
2724,-0.0255252974853998,-0.0204823294449427,-0.020604351200553702,-0.019823753264870535,-0.020218770790314866,-0.0207372386870932,-0.0210299226027659,-0.022016611319143398,-0.021641326312100702,-0.0174798426459365,-0.0180785002999545
2722,-0.025579187971844775,-0.020462912776795076,-0.020628219265786337,-0.019882627433285834,-0.020288419745860167,-0.02077161874007163,-0.021136528618439936,-0.02202627473558565,-0.02170174078627385,-0.01754096852669875,-0.0182265429229594
2720,-0.025566584228123548,-0.020421179627576173,-0.020583960894485734,-0.019912295051977003,-0.020311418875062368,-0.020769518947916236,-0.021185203067170966,-0.0220174952271871,-0.021710236654712098,-0.0175364437317045,-0.0182575389306667
2718,-0.025492510262081453,-0.020368601846060902,-0.020504126938625734,-0.019903637441484934,-0.020285553860060965,-0.020732972286783332,-0.02114506903422267,-0.02196935728760665,-0.02165163131695685,-0.0174564136148734,-0.0181553576845755
2716,-0.025434936649607248,-0.020349295274651673,-0.0204735081847632,-0.019905658232125232,-0.020274013161319767,-0.020732275825224366,-0.021081886535508337,-0.0219182472311057,-0.02158225356155105,-0.0173892686154375,-0.0180364893940423
2714,-0.025433885246520176,-0.020375855143104096,-0.020520716511030265,-0.0199403794655279,-0.020307223246288534,-0.020791007437719066,-0.021053550129358865,-0.02189712877418525,-0.0215626158393769,-0.017394301249854152,-0.0179882352166451
2712,-0.0254610007098321,-0.020423617470840125,-0.020607242382682935,-0.019992977052154734,-0.020367816389001397,-0.020864256110389834,-0.021062337869451598,-0.0219058722287996,-0.0216040741996385,-0.0174401362602939,-0.0179903317466832
2710,-0.02549110665883768,-0.020475363026471276,-0.020697203488143603,-0.0200573271195111,-0.020443159213148668,-0.0209207525953983,-0.021098659140801033,-0.0219384526561198,-0.0216794768612864,-0.0174776074762245,-0.017998376356231
2708,-0.025530441342633922,-0.0205301493032689,-0.020776845162854635,-0.020125802108195635,-0.020526488743987367,-0.02096956767324727,-0.021160116365282134,-0.0219932886226799,-0.02175209611322655,-0.0175045278521323,-0.0180133253457185
2706,-0.0255685210134994,-0.020574206711792224,-0.020817852855555766,-0.0201520471190402,-0.0205789661781834,-0.021001607544948165,-0.021217734546898803,-0.0220481374214528,-0.02178835468379135,-0.01753174950235135,-0.0180402025255339
2704,-0.025569806632214927,-0.020584983188906097,-0.020785711789014335,-0.020090932686410934,-0.020553343620674,-0.020979711751249266,-0.0212214904980226,-0.0220611893220697,-0.021771538918295148,-0.01753956046185755,-0.0180455970975901
2702,-0.0255305528080408,-0.020565484380508325,-0.02069388111044543,-0.0199711771574167,-0.020458329595583302,-0.020907298784337464,-0.02116154390610753,-0.02201096874542425,-0.02171696773986205,-0.017504869458693298,-0.0179944060895856
2700,-0.025486263502989825,-0.020537097150771424,-0.0205965627622653,-0.01986605249766853,-0.0203483939481986,-0.02083912409691373,-0.02108120139679597,-0.0219119805528291,-0.02165202953457645,-0.0174346602786884,-0.0178889031015172
2698,-0.025449506378156753,-0.020501979032969603,-0.020518354642482698,-0.019796582539920633,-0.020250812003236068,-0.020799590037077435,-0.02101471684337203,-0.021791431620512648,-0.0215792145231489,-0.0173455703402446,-0.017757168020846
2696,-0.025395485817101524,-0.020451579745012476,-0.0204393457481211,-0.019728789013748634,-0.020155988633717297,-0.020752887684273233,-0.020957683852498497,-0.02167938812141965,-0.021485169496066603,-0.0172436032225309,-0.017642987326867
2694,-0.0253166553719636,-0.020398598388071072,-0.0203480899616235,-0.019654204540830635,-0.020070311875156566,-0.0206735517530693,-0.020903718214994035,-0.021607672368929798,-0.0213756148257973,-0.017139826805857752,-0.0176008936799042
2692,-0.0252354740520042,-0.020355546743546175,-0.020259658015475565,-0.0196011164598865,-0.020016760933211267,-0.020588956290308633,-0.020859802413879303,-0.0215766020235709,-0.021266256059434302,-0.017051907991292352,-0.0176434067128967
2690,-0.025155005542202177,-0.020295643011216176,-0.02017999085435253,-0.019568183675308232,-0.0199865138969956,-0.020528699594182367,-0.02081376971344223,-0.021535466992684403,-0.0211494993154859,-0.01697816627924495,-0.0176962977346536
2688,-0.025057197709887524,-0.020190379237371,-0.0201043619999924,-0.019523130057884634,-0.0199518828190683,-0.020486765765948198,-0.0207386938486124,-0.021445835504910297,-0.0210187091322469,-0.016904428865755848,-0.017667260509005
2686,-0.024957085365878276,-0.0200740424951562,-0.02004999091968927,-0.0194727796582926,-0.019923916391162602,-0.020456352440199065,-0.020644869085856332,-0.02135167758432245,-0.02091701418896995,-0.01684073324618315,-0.0175579099900709
2684,-0.02489858474566545,-0.0200134435503783,-0.02004220899252467,-0.019463388875089836,-0.0199378460084492,-0.020451909463603132,-0.02058063582572643,-0.021330824692580602,-0.020904609097443648,-0.0168160159563246,-0.0174541403068849
2682,-0.024883849222436576,-0.020014910091951,-0.0200666237769581,-0.019497667435061265,-0.0199785678881322,-0.020469488131408465,-0.020562672136077067,-0.02137798962905755,-0.0209686624159193,-0.016830523604870598,-0.0174070825349436
2680,-0.024870641694032525,-0.0200248641507059,-0.020086047901174565,-0.019521513699131302,-0.01998649283709537,-0.0204730683103288,-0.02055398532596597,-0.0214052535883151,-0.02102471356479875,-0.0168565569453838,-0.0173907629534097
2678,-0.024845207176243327,-0.02001237733321235,-0.020093486258175267,-0.019499105441298632,-0.019937175417449767,-0.0204396492126898,-0.020519810100599965,-0.021361531190024402,-0.0210173669741699,-0.016879651935301852,-0.0173716734340091
2676,-0.024836715101560547,-0.019990772930737224,-0.0200987905460553,-0.019443146147110364,-0.019860414775741003,-0.020380385505105864,-0.020462050858411397,-0.02128845935039695,-0.02097016261812125,-0.0168964110063365,-0.0173471498643321
2674,-0.024852486150797673,-0.019967183901687575,-0.020082139786748568,-0.019370576534340336,-0.019782919553859867,-0.020309986922845535,-0.020393818225049865,-0.02124532120806505,-0.020929634863130202,-0.0168843265711491,-0.0173119689469266
2672,-0.024855376866498625,-0.019928396948061724,-0.020017015861383533,-0.0192851724843968,-0.019704726170952997,-0.020232678856592967,-0.020321711862230665,-0.021236024707135752,-0.020907080055651152,-0.01682404768671485,-0.0172561999059859
2670,-0.024827306441420748,-0.0198847783837421,-0.01993381251986427,-0.0192141814481542,-0.0196399412256593,-0.020167485124458734,-0.020268426145364768,-0.0212394866129305,-0.0208941284259061,-0.01675291247442065,-0.0172097963900504
2668,-0.024800348645245628,-0.01986934983719675,-0.019893420232209268,-0.019196686818975465,-0.019618279284436435,-0.020139925518262,-0.020265397051351733,-0.0212553884298933,-0.020886057650776647,-0.0167353830655275,-0.0172207573337933
2666,-0.0247954863503982,-0.019877096800315047,-0.019891465898663366,-0.0192164129296819,-0.01962817573673813,-0.020134304982526566,-0.0203012477071947,-0.0212791101205832,-0.02086199656993795,-0.016766880960073102,-0.0172730704819355
2664,-0.0247838889849995,-0.019862567568695925,-0.019862466297387433,-0.019210955706504464,-0.019618414731511866,-0.020104630448040166,-0.02032453031525397,-0.02127780198319265,-0.02079055695858485,-0.0167701136087271,-0.0172920329707236
2662,-0.024742374880630826,-0.01981305759977275,-0.0197938124113955,-0.019168245939691367,-0.0195772950710355,-0.020049381601967935,-0.02031870361219837,-0.02123650004948765,-0.0206888043252914,-0.016705169672796,-0.0172463772143269
2660,-0.024702258989761274,-0.019770608870504598,-0.019761813912069565,-0.019152151737473904,-0.019557029184170866,-0.0200270958205573,-0.020327986508289268,-0.0211979017292066,-0.020635698573505452,-0.016625109375733103,-0.0171855280578094
2658,-0.024707119540236674,-0.01976497965679005,-0.0198232363401631,-0.019206782951864534,-0.019595275267172498,-0.020074909749196432,-0.020380847966213065,-0.02121407160435455,-0.02068856863685205,-0.0165974302242777,-0.0171578774263839
2656,-0.02475360996732205,-0.019776095848345023,-0.01993202828391127,-0.0192932536281242,-0.0196606531565003,-0.020155381485275136,-0.02043244408755397,-0.0212776714170749,-0.02081180982272675,-0.0166229399931307,-0.0171524265990353
2654,-0.024802504620690825,-0.019780139672196002,-0.019999372902709898,-0.019350113238342296,-0.01970079068005143,-0.020208598743416798,-0.0204207883427515,-0.0213332853771744,-0.02091736852971105,-0.01666017308276425,-0.0171417257243074
2652,-0.024824404149028926,-0.019785280913919047,-0.0199919611686639,-0.0193659721138837,-0.019704255109752766,-0.020219744407303734,-0.020350523581599302,-0.02134344539599155,-0.0209541891776722,-0.016684022307893148,-0.01712539003073
2650,-0.0248114960654011,-0.019799535111889824,-0.019935189522587767,-0.019358698622540832,-0.01968741871441593,-0.020207069899770568,-0.020278598159924534,-0.021313537407118402,-0.020929876069364597,-0.0166881977807155,-0.0171058709068686
2648,-0.02476980023353555,-0.019805980848382924,-0.0198604303365041,-0.019331371143457034,-0.0196574306565877,-0.020179114971805766,-0.0202380928930182,-0.02126308252901865,-0.02086982354301415,-0.01666858107399615,-0.0170734806503768
2646,-0.024720355898491576,-0.019789009440821577,-0.019788228215262434,-0.019285657693978765,-0.0196150341556906,-0.020133938172291335,-0.020215045052304967,-0.0212012143925773,-0.02079243036434205,-0.0166321672050315,-0.0170356992063601
2644,-0.02468197914278345,-0.019743818450405827,-0.019728295518462967,-0.0192354231403828,-0.019562001001067,-0.020071598137262236,-0.020183923146806632,-0.0211250973858072,-0.020708346126923002,-0.01658658369996955,-0.0170082903137209
2642,-0.0246383268915042,-0.0196515859487896,-0.019664632682428965,-0.019174782663850132,-0.019489292828803798,-0.019987066225340133,-0.020134314042398332,-0.0210270822116402,-0.0206150611870055,-0.0165048859097892,-0.016962999355936
2640,-0.02455713381929575,-0.019503895936017302,-0.019577604399710766,-0.019082419812805933,-0.019396977597690334,-0.019884777479428867,-0.0200780651403205,-0.02091714832348215,-0.020509659760207202,-0.016357809276068447,-0.0168540270360085
2638,-0.02444988556994178,-0.019360198340339023,-0.019495658716802002,-0.018981791540581966,-0.019328006463220766,-0.019806919395502266,-0.020048505222641733,-0.02083720207575895,-0.02042076093518935,-0.01619627967414045,-0.0167100733800194
2636,-0.024368875553794248,-0.0193089898926055,-0.0194755527289928,-0.01893711832543603,-0.0193285242898355,-0.019799859083032636,-0.02007126823629443,-0.02082421942136865,-0.020397193793298553,-0.01612913474603365,-0.0166220937539302
2634,-0.02434088606056895,-0.019357490234210673,-0.019520291706760232,-0.018965989179709934,-0.019376503501221932,-0.019849519927073997,-0.020128504155932966,-0.020864202798150648,-0.0204504320590735,-0.01619177602395625,-0.0166246995062945
2632,-0.024350601199409575,-0.01942996184921535,-0.019572970240982267,-0.019016153259742232,-0.019412414924933997,-0.01990244514067267,-0.020177746947846933,-0.020917284879954152,-0.0205397020803993,-0.016304429060277452,-0.0166676040825338
2630,-0.024386107364587302,-0.019480945431807176,-0.019600863110797433,-0.019045924395683634,-0.019433220702904635,-0.0199453003728127,-0.0202023805135911,-0.020973979061362398,-0.02061898544721355,-0.016380988265762203,-0.016710729042931
2628,-0.02443718223781655,-0.019523110694311202,-0.0196153153879671,-0.0190543190789958,-0.019471666488290098,-0.019990522558971935,-0.020201703145392467,-0.0210301743049527,-0.0206555378708155,-0.0164024193973105,-0.0167518720226322
2626,-0.0244492926159565,-0.019532135152656872,-0.019594693780967332,-0.019013346869837036,-0.019483982097692233,-0.019987221748196667,-0.02013999617915393,-0.02102298272150225,-0.020604593218397,-0.01635975426014705,-0.0167517091069332
2624,-0.02436689082028885,-0.019446587575913124,-0.01948922514070783,-0.018877275453001066,-0.019380725661127734,-0.019859607138921268,-0.019984319203569766,-0.0208878971496226,-0.02044532843141285,-0.01623237451774545,-0.0166585102402121
2622,-0.024230023446809773,-0.01929367875002275,-0.019327818942926064,-0.01869244417394107,-0.0191862601109679,-0.019648224641148734,-0.019793861648661936,-0.0206829949946537,-0.020254737321293,-0.0160667224540934,-0.0165272537157859
2620,-0.024135036474159127,-0.0191911370947251,-0.019211495925893534,-0.018581653048551836,-0.019036197947179066,-0.01949253102308573,-0.01967772431823257,-0.02054990078302755,-0.02015488911114205,-0.0159657194135367,-0.0164795777759402
2618,-0.024088239775363274,-0.019173985936200073,-0.019162825845656865,-0.0185704884136213,-0.018981404913257238,-0.019440198143089737,-0.019646107693641866,-0.0205232568796554,-0.0201532533852355,-0.01594182823093,-0.0165122464853889
2616,-0.024007446701097324,-0.019145280627029,-0.019097762418775168,-0.018549135983566833,-0.0189337179180375,-0.01939951255065533,-0.0196068365982199,-0.0204939383218487,-0.0201329225700311,-0.01589145333322175,-0.0164892445879267
2614,-0.02388985838376735,-0.01905937398400205,-0.0189978429951895,-0.018464567844006866,-0.01885501578225393,-0.019324620291290565,-0.01953424553063163,-0.020402106421896,-0.020042939237405202,-0.0157728476747936,-0.0163712361256834
2612,-0.023850215222436175,-0.01901734441373705,-0.018979583063907398,-0.018419893833519066,-0.018845467852148166,-0.0193053672175163,-0.019521243733942397,-0.020341082539523603,-0.0199868380558212,-0.0156902683832032,-0.0163010193118091
2610,-0.023935308158576776,-0.0190902843217947,-0.019106361232293066,-0.0184956537424775,-0.018956063448796332,-0.019395004355307697,-0.019608107473126968,-0.02039115189909795,-0.02004729068316905,-0.01572170663559315,-0.0163842599342984
2608,-0.02402702377850865,-0.01917676414945465,-0.019251744626673967,-0.018599895909090836,-0.019057653416690665,-0.0194861986105495,-0.0196802679596194,-0.020464801577283802,-0.0201340976773581,-0.01578480340903925,-0.0165308079332403
2606,-0.02400793350546395,-0.0191468866412405,-0.019256566547540734,-0.018605169753798334,-0.019013411758678465,-0.019462861242418635,-0.01962143479225763,-0.0204218521919503,-0.020109868311597348,-0.015772781127681098,-0.0165989519903211
2604,-0.023920101821953223,-0.01903136458962645,-0.019138654188828565,-0.018534844025870835,-0.0188771850616495,-0.019370344050015097,-0.01947623042128313,-0.02026220492339265,-0.019984003492103948,-0.0157188019055881,-0.0165698287978784
2602,-0.023866493977385873,-0.01894874692147185,-0.019033232787832133,-0.018490104604604735,-0.018793295995453537,-0.019319646532312936,-0.019363632843185704,-0.02009544966198835,-0.0198635149029934,-0.01571114071513245,-0.016486690707385
2600,-0.02384840761445845,-0.018923616875228574,-0.0189934240911681,-0.0184738548006142,-0.018784872633179434,-0.019311124361843634,-0.019308220658293733,-0.01997985516046545,-0.019776294423051198,-0.01573444679232485,-0.0163468031153645
2598,-0.023804294863258125,-0.01889410962271865,-0.018965497845969334,-0.018416291979324668,-0.018766571334413534,-0.019271332906392366,-0.019254675808309533,-0.019898953753351697,-0.01967282915352815,-0.015712570334091153,-0.0161591661355574
2596,-0.0237423758055176,-0.018845047378008697,-0.018916581547121402,-0.018322207446844933,-0.018706205331792968,-0.019198900272789098,-0.019191837272181964,-0.019857007082092,-0.0195707412198447,-0.01564672022009705,-0.0160085889945502
2594,-0.023724980925305724,-0.018821341797984174,-0.018876031898291633,-0.018266896962007898,-0.018651641186876466,-0.019154428305748598,-0.019161088723639464,-0.019889817884117852,-0.01956102606851895,-0.015597786473397,-0.0159568756148157
2592,-0.023754162980003123,-0.01883573377670735,-0.018860930263919596,-0.0182720826413124,-0.018629570508846168,-0.0191434890368882,-0.019170855388554533,-0.019985168390013852,-0.019659373527556298,-0.015575813903456151,-0.015960101248282
2590,-0.023762003069594476,-0.018849051423633228,-0.018841103993852734,-0.0182812898711851,-0.018614541069067302,-0.019109948231004734,-0.019181292903542,-0.020066903855780548,-0.019755650619289848,-0.015540346424082049,-0.0159517662719533
2588,-0.023701606246799973,-0.018828944696055228,-0.018783963994589602,-0.018245083083815367,-0.018583731356992535,-0.019029135169845533,-0.019161349016885803,-0.02007103143334235,-0.01974536202724885,-0.0154779911732984,-0.0159211701133559
2586,-0.02358750780132662,-0.018774216455280324,-0.018691043528704567,-0.018164506944649595,-0.018534886232381368,-0.0189319492925486,-0.019110169097790734,-0.019997859373173,-0.0196413886768439,-0.015403424456432,-0.0158550385543313
2584,-0.0234593970813312,-0.018697916252204426,-0.0185918189709538,-0.018062768429707367,-0.018464508971138032,-0.018848670524949335,-0.01903837428136143,-0.0198913758183726,-0.019520044801384848,-0.015311808437036951,-0.015708254175588
2582,-0.023356607480260548,-0.01862630848298335,-0.018523514266848767,-0.0179701280166798,-0.018378884325395365,-0.018786650364001834,-0.018967354112981134,-0.0198021182746849,-0.019422544993829602,-0.0151980382161092,-0.0155067879962594
2580,-0.023308572816134424,-0.018583395299149423,-0.018496402040688465,-0.017910975438922835,-0.0183011483575525,-0.0187420237663086,-0.018917065125436266,-0.0197586770375642,-0.01934744289434375,-0.0150884881172046,-0.0153743964396368
2578,-0.023311196054573623,-0.0185538845505894,-0.018471410412743333,-0.017864502858149903,-0.018233036632352765,-0.0186944904372137,-0.0188692335036819,-0.01975059948007645,-0.01929746105440925,-0.015004390807102249,-0.0153753103300148
2576,-0.023323429431519577,-0.018501347943982074,-0.018402503412642632,-0.017773569672662266,-0.018147400534200702,-0.018614783525130466,-0.01877790862768337,-0.01974331000420135,-0.0192817365919766,-0.01493431602581855,-0.0154285980311852
2574,-0.023303042998696902,-0.018426383525528826,-0.018297645360338635,-0.017622992349574765,-0.0180395124198519,-0.018503359356366,-0.018638516596682767,-0.019709912136515448,-0.019274088131190602,-0.0148710403175756,-0.0154364217819202
2572,-0.023235339197894774,-0.0183566738556592,-0.0181999962493874,-0.017470462797331568,-0.017942390877323765,-0.018394798179885433,-0.018507127786750333,-0.019637235022782952,-0.019216335832541002,-0.014827231865641749,-0.0153963594313902
2570,-0.02313311407406085,-0.018287352941183374,-0.0181246474628337,-0.01737665246087833,-0.017879379244580034,-0.018315382227233334,-0.0184335416338504,-0.0195211308824141,-0.019089659347709398,-0.01479537786777295,-0.0153332849975558
2568,-0.023030745338548448,-0.018197725439149975,-0.01806353618902833,-0.017346726910174567,-0.017844654527582566,-0.018270299102030135,-0.018414007487341368,-0.0193852297561391,-0.01895460056176025,-0.0147468030371887,-0.0152253685284947
2566,-0.022970861702366653,-0.01812353436721687,-0.018033166550332703,-0.017356797374957236,-0.017834557812586232,-0.01826605834933843,-0.0184187549968519,-0.019285359281656547,-0.01888402012538215,-0.0146886210219908,-0.0150750459534538
2564,-0.022960269663783277,-0.018126322264010748,-0.0180518367399724,-0.01738338772408673,-0.017842553795283735,-0.018291640096356903,-0.0184217358453736,-0.0192499739823892,-0.01886623576457365,-0.01465542301251395,-0.0149602922583602
2562,-0.022953030957196474,-0.01818739323293275,-0.018088324632393033,-0.0173939108119439,-0.017828843836335134,-0.018291870528231464,-0.018401440205451366,-0.0192385429565872,-0.018824668194229552,-0.014632506798942051,-0.0149373519896391
2560,-0.022915834985040726,-0.018224369867192676,-0.018104018109507302,-0.017365199403032133,-0.017765106644115635,-0.018225531157709966,-0.01835664469052953,-0.01920946443266365,-0.01873659945955225,-0.014567802474862251,-0.0149732221426279
2558,-0.0228793526146743,-0.018213591174995724,-0.018120013365749,-0.017325320358624666,-0.017700643000022734,-0.01813889642301497,-0.0183226840602678,-0.01919329007770495,-0.01866793395835225,-0.01447324394269155,-0.0150252734102309
2556,-0.022880979986253953,-0.018208537633072102,-0.018171544921218166,-0.017327720313407066,-0.017708754981031,-0.018114610165842832,-0.0183324529728071,-0.019237405934972147,-0.0186736750548897,-0.01443181348546475,-0.015108600607276
2554,-0.0228940277616776,-0.018228262671550872,-0.01822645399130333,-0.017376168322801634,-0.017771843561135335,-0.01815501609146293,-0.018366740650280867,-0.01930963780168735,-0.01872761199101095,-0.0144768632648044,-0.015232523920142
2552,-0.022875780148965127,-0.018223280609875124,-0.0182308358104144,-0.0174265162985687,-0.017802914100640235,-0.018194748770089735,-0.01838179477838753,-0.019333485445696,-0.0187832602869398,-0.014545534919187999,-0.0153447560828663
2550,-0.022843605461348997,-0.0181657564772406,-0.018198452875675532,-0.0174515682791382,-0.017767978314988938,-0.018204687544045434,-0.018359161909646565,-0.0192916107671895,-0.01882923807470635,-0.01456707320112275,-0.0153810799624812
2548,-0.0228313796167096,-0.018084036813804074,-0.018164724035282836,-0.017446066023132468,-0.017700220742080233,-0.018196210293355636,-0.018286077054506102,-0.019218205875519298,-0.01884024560950605,-0.01452145519807045,-0.0153081428780851
2546,-0.022810616088197226,-0.017995331843586,-0.018092640375611466,-0.01738587566977767,-0.01760657187831127,-0.0181457558893281,-0.018134391842853433,-0.019116410320319598,-0.018756932390493197,-0.01440808194556795,-0.0151085663282804
2544,-0.022742831494842877,-0.017896315290737673,-0.017938401540809966,-0.017266687093115102,-0.017470691857160336,-0.018026008950725866,-0.0179315482826643,-0.01897947355484915,-0.0185880608737284,-0.0142525125326884,-0.0148191019686445
2542,-0.022671074816459073,-0.0178213979952504,-0.017772274125557735,-0.017165330330389333,-0.017345325178276333,-0.017900262684340636,-0.017798392045419102,-0.0188626043964814,-0.01845893560619045,-0.014147305946407701,-0.0145900056015819
2540,-0.02266932740581565,-0.017820715893598574,-0.017713098601317197,-0.017170336832622233,-0.0173231205937652,-0.017869344707194163,-0.017822703141479768,-0.0188338338882037,-0.018470948824668598,-0.01417953431455525,-0.0145875566103636
2538,-0.0227280339983703,-0.0178760444680205,-0.017765352994524333,-0.01725691355494577,-0.0173993052614686,-0.017923559574159566,-0.01793565922807117,-0.01886931224653015,-0.0185666922100819,-0.0143033852408879,-0.0148036809102872
2536,-0.02277602572699125,-0.017918272035091526,-0.0178344654717294,-0.017313380248724797,-0.01746624182893383,-0.017956389224966434,-0.018006695268976334,-0.01888890449112395,-0.018618612436842,-0.01438397099616205,-0.015058209284366
2534,-0.02278941941503517,-0.017922132571833,-0.017873504823789566,-0.017282164085483664,-0.0174551354323294,-0.017920625316128834,-0.018012458082031033,-0.0188764033196875,-0.018593544373427848,-0.0143741031629811,-0.015198572082019
2532,-0.022786024676160598,-0.017901517083753676,-0.017891813480018132,-0.017190595056023533,-0.017387700341584267,-0.0178554892315024,-0.018006863510105633,-0.01886553881224045,-0.018535832078502602,-0.014340223047791,-0.01520008157552
2530,-0.022741836967521127,-0.017830470285950577,-0.017849020651754904,-0.017060055836876333,-0.0172874427413514,-0.017765732166760168,-0.017975764055334634,-0.018831268730714952,-0.01844324289329785,-0.0143048003023404,-0.0150763739284743
2528,-0.02261671826767415,-0.017671025496351203,-0.017687887959514467,-0.016891265607214965,-0.017150824095662,-0.0176096857950362,-0.017860457783418368,-0.018713459978422747,-0.0182794704309894,-0.01419896004988375,-0.0148367398833309
2526,-0.0224471254023508,-0.01746987206736195,-0.017468319279785666,-0.0167334960065945,-0.01701869853676013,-0.01742363182088773,-0.017700399007448634,-0.0185450025410864,-0.0180810713165593,-0.01400826615086855,-0.0145649893053984
2524,-0.022315676370768926,-0.01732367279595485,-0.0173288354708535,-0.0166541740780285,-0.016961982907423165,-0.01731967904480257,-0.017608209962010835,-0.01843842389989315,-0.0179382354753854,-0.01383594766176675,-0.0143945525897202
2522,-0.022239068452329223,-0.017254566412218852,-0.017304211297718766,-0.01663169377905037,-0.016971773764246603,-0.017323369379361866,-0.0176000007638209,-0.018431303308842,-0.01787734352111285,-0.01376214253062275,-0.0143501016483112
2520,-0.02217973976274197,-0.0172238256023221,-0.017309346120934332,-0.016584131329792032,-0.016964317814030034,-0.017337756915420832,-0.017583432623006868,-0.0184541386963863,-0.01785821671378135,-0.013750054592462351,-0.0143317707215939
2518,-0.022145024780217577,-0.01724105174915515,-0.01730103404566367,-0.0165048949274053,-0.0169105062602313,-0.017300797572522664,-0.017519220012257364,-0.018458497280462748,-0.01786933775375355,-0.01374446535886355,-0.0142868858214812
2516,-0.0221725848261508,-0.017341337521180375,-0.0173246946759012,-0.016468224466448734,-0.016868131927447266,-0.0172659171160773,-0.017469985387779535,-0.0184670953974043,-0.01793118980471595,-0.013763017356987501,-0.0142749448332676
2514,-0.02222953279567575,-0.017468224358119,-0.017391679904647434,-0.016494481494746967,-0.016870974640535833,-0.017285746033005065,-0.0174720915941856,-0.01847803451529345,-0.01801387357107815,-0.01382534969998515,-0.0143222209449437
2512,-0.022233737225237075,-0.017510020547255298,-0.017442400051905935,-0.016519762896256833,-0.0168865271007693,-0.0173282175662348,-0.017483259367919567,-0.0184339276899413,-0.018050291667888997,-0.01388293527100765,-0.0143496211466954
2510,-0.022178599469370376,-0.017457612745869676,-0.017452490763180967,-0.0165124143672922,-0.01689922270015473,-0.017354343786820933,-0.01747928357969603,-0.01832659894179515,-0.0180309490349138,-0.01388724890574005,-0.0143078906913742
2508,-0.022144997246858148,-0.0174071008431674,-0.017458538940669368,-0.016513929787135232,-0.016933276540121302,-0.017377724891036433,-0.0174881952624613,-0.018238664111522453,-0.018002442979624597,-0.0138559696866767,-0.0142630193173329
2506,-0.02217988569975115,-0.017401207974877424,-0.01746062981065807,-0.0165453506862948,-0.016974879459330437,-0.017400243507355636,-0.017505424091290134,-0.018235057632985552,-0.017977587342681803,-0.01381584112224445,-0.0142780464281131
2504,-0.022248777626266477,-0.0173981780213634,-0.017418774939075968,-0.016579962353883464,-0.016978513180169533,-0.0173885481386847,-0.017490504629705767,-0.01829457916333825,-0.01793587479143005,-0.01375605462800445,-0.0143234439720858
2502,-0.022309013876667623,-0.017397172937928522,-0.017358855323699768,-0.016623488006080364,-0.016967495156345835,-0.017357431009331233,-0.017465821021476532,-0.01837412240550915,-0.01790012635816545,-0.0136832219735162,-0.0143610616536579
2500,-0.022345172773244028,-0.0174477556741345,-0.017357113488095967,-0.01671131622948253,-0.017017425836997033,-0.01737582682324693,-0.0175000169269908,-0.0184584237339435,-0.0179163129681338,-0.01364572741564845,-0.0144019855428991
2498,-0.022332871210965426,-0.017517585250946974,-0.0174012428269355,-0.016803400586285964,-0.01711351466542217,-0.0174440244782977,-0.01757163678844283,-0.0185212323107807,-0.0179602777990871,-0.0136543406785438,-0.0144221893775092
2496,-0.022259265857678127,-0.017499620687431078,-0.017396287404429334,-0.016797873703855465,-0.01714320948487137,-0.017468938587045398,-0.01757361264378217,-0.018524994538247998,-0.017962147809185897,-0.013653471492249051,-0.0143457944846763
2494,-0.02218433130595075,-0.017384784519419376,-0.0173257742501838,-0.016683701232553666,-0.017065223356295362,-0.017408482238520036,-0.017482251454605368,-0.01848705125400225,-0.01791926101084815,-0.0136118383205426,-0.0141852483891499
2492,-0.02218958428726,-0.017290254749988625,-0.017276017057438,-0.016572483133353633,-0.016972090932971366,-0.0173379209260635,-0.017397530553169366,-0.01846402225779005,-0.01789047468841895,-0.013566249814703949,-0.0140801783814947
2490,-0.02225633448797125,-0.017272438800156675,-0.017273613101257235,-0.016533505071948364,-0.016935474092642303,-0.017313754572916968,-0.017372273800124568,-0.018445622611391252,-0.017876378607691548,-0.0135371023559029,-0.0141095627611552
2488,-0.022275752188789674,-0.01724698453392405,-0.017234258975174832,-0.0164998926070586,-0.016898594161215866,-0.017272731940058197,-0.017326204493733233,-0.018350660006772,-0.0178058680929561,-0.0134829096219348,-0.0141720897833707
2486,-0.022186095249416,-0.017143880398130248,-0.0171091981070453,-0.016383766543342237,-0.016781583402130002,-0.017138405433054903,-0.017187302355356166,-0.01815932318741775,-0.01765452257605855,-0.013383588255173651,-0.0141327012653269
2484,-0.022031558222842376,-0.01701804747830605,-0.016963347758144866,-0.016198841808177735,-0.016609224052823435,-0.01695155271966617,-0.0170142336702318,-0.0179669438076752,-0.01748978080076855,-0.01329433961223,-0.0139978541375117
2482,-0.021879713057167377,-0.0169404415244014,-0.016861214560894035,-0.016020161853723434,-0.016467114368601304,-0.016813569714003065,-0.016905379543397367,-0.0178636608838183,-0.0173766206874151,-0.01325992800394825,-0.013862639552068
2480,-0.021752274778585174,-0.016886621239926375,-0.0167817646813635,-0.01589309193015,-0.016391192470199396,-0.016753700771502036,-0.0168674620449369,-0.017832306184402298,-0.0173126974549846,-0.0132386466522111,-0.0137657231526546
2478,-0.02164658738623925,-0.016803487920371223,-0.016695752286493334,-0.015828606783376036,-0.0163571356892835,-0.016722953748308234,-0.016840473446583532,-0.01780287757675155,-0.0172709484413954,-0.0131667918119409,-0.0136854524629613
2476,-0.021562914459522176,-0.016701677223874774,-0.016628921161385535,-0.015823886786812832,-0.0163304034509141,-0.016679311555490833,-0.016789489761123034,-0.01774035710131765,-0.017235920341671,-0.0130510165780451,-0.013616253879582
2474,-0.0215014460735338,-0.016622533862016124,-0.016601910997641665,-0.0158494546150819,-0.016288345261953035,-0.0166250446939299,-0.01671881658112333,-0.01764650680348355,-0.017188700125080947,-0.0129513751431443,-0.01356915925238
2472,-0.021468253028031726,-0.01657762000559715,-0.016587743359577297,-0.0158618177905896,-0.016228384201582697,-0.0165821698426156,-0.016641785226876968,-0.01753570487740015,-0.01711717911555955,-0.01290687542649955,-0.0135357260296749
2470,-0.021473378725209047,-0.01656299406992435,-0.0165635565211074,-0.015848631999512867,-0.016174570991266735,-0.01656657132652,-0.016576003713097934,-0.01744381822130405,-0.017045789459050352,-0.0129090331441154,-0.0135025747203493
2468,-0.021491766976387324,-0.01657460037372045,-0.016536551527395398,-0.01582493093578687,-0.016145751069256566,-0.016570328034940865,-0.016533400468766068,-0.0174105388708783,-0.01700606381156245,-0.01291715374292705,-0.0134637239769729
2466,-0.021461578658182174,-0.016581245611154077,-0.0164993521897059,-0.015784894865540765,-0.0161159772917155,-0.016554960067033102,-0.016496142393724735,-0.0174256031183249,-0.01698611746513715,-0.01288390517364655,-0.0133927064505554
2464,-0.021367797642766126,-0.016544223393711324,-0.016434808959057332,-0.015711731653378764,-0.01605095602780263,-0.0164897410478065,-0.016442654811133432,-0.0174377278454329,-0.0169620276837599,-0.012802893276022902,-0.0132641144415061
2462,-0.021287089667941274,-0.016482697914071174,-0.0163770443799478,-0.0156336355660239,-0.015972920304819633,-0.0163998022293211,-0.01639656167610973,-0.01742623688525655,-0.016954225036300202,-0.0127359768518612,-0.013125946824161
2460,-0.021296951834137025,-0.016460103360159274,-0.01639211254460263,-0.015611002043571201,-0.015939319822438635,-0.016347481463872434,-0.016402518539462566,-0.0174190219433634,-0.0169920134703789,-0.0127529107386726,-0.0130793293617268
2458,-0.021378075978135645,-0.0164916232545219,-0.016482841017631564,-0.0156634728505974,-0.015967387070720564,-0.016367026096321402,-0.0164613879467178,-0.0174319464445859,-0.0170465202088123,-0.012842361986889851,-0.0131531849484687
2456,-0.021457712281464925,-0.016524093587888748,-0.01657990592036473,-0.015754268331255598,-0.016028560334347464,-0.01644311682780197,-0.0165376313793875,-0.017439664414335698,-0.0170643657019658,-0.01292334486683025,-0.0132617172696159
2454,-0.0214972659527471,-0.0165092899005524,-0.016624734729028232,-0.015830243827904766,-0.016090861056821535,-0.016530593091113367,-0.0166067824915667,-0.017413039388037198,-0.017041920942859452,-0.012932271595043749,-0.0133070574720193
2452,-0.02148030430097585,-0.016437363718928927,-0.016594557855274934,-0.015833593719125367,-0.01611036846592957,-0.016558024660274766,-0.016635526466241637,-0.01734099625858815,-0.016998467955525752,-0.01285428468243675,-0.0132656888048401
2450,-0.021378103271866324,-0.016310091803446874,-0.016470022157072967,-0.015713453232612164,-0.01602260493895903,-0.016453161238668166,-0.016554940211754365,-0.017222097357167197,-0.016912992105666748,-0.0126965804201613,-0.0131629741902366
2448,-0.0212121325632153,-0.016160315386555175,-0.016276011036204432,-0.0155013088152167,-0.01582829201619253,-0.01623389767909743,-0.016349436800305435,-0.017089800482861697,-0.01677669709293745,-0.012506551756088849,-0.0130433064071023
2446,-0.021095832117432975,-0.016082380931987775,-0.016135331269159465,-0.015340779746256234,-0.015654565369526797,-0.016042868622835965,-0.016145229127120932,-0.017029924470888448,-0.01667167751620995,-0.0123932866185443,-0.0129817143555602
2444,-0.021112788567317475,-0.0161427899902252,-0.016158721287455567,-0.0153448013204152,-0.015626888418090967,-0.016004999296084097,-0.016094403789286203,-0.0170956863679997,-0.01668650533418885,-0.01242983337239705,-0.0130285897514374
2442,-0.021194219314917974,-0.0162661319137823,-0.0162814260114434,-0.015446539331605766,-0.015700456301012234,-0.0160707185976109,-0.0161761830868641,-0.01721578578084855,-0.0167727415572995,-0.0125402777900235,-0.0131172106364394
2440,-0.021213379736506173,-0.01631366876051555,-0.016330185948563967,-0.015489008655072833,-0.015724831864030935,-0.016090720935152136,-0.016232307305145768,-0.01726767280769055,-0.01680097609906985,-0.01257982038775335,-0.0131167404874289
2438,-0.02115407099476003,-0.016265780532980424,-0.016250552083843902,-0.015428429171877268,-0.015650521869899833,-0.01601842935785337,-0.016190036752889367,-0.017229082776381452,-0.016743689644047502,-0.01251488624978605,-0.0129984924955834
2436,-0.021088809431725725,-0.01622068413304295,-0.0161494125809292,-0.015346697474827165,-0.015563156191969468,-0.015939853056850167,-0.016125407280838902,-0.0171762376837209,-0.016689755896639798,-0.01243270946457075,-0.0128610469188257
2434,-0.021040305093459402,-0.016222710298118375,-0.016112741126286235,-0.015296444394823167,-0.01553337208837107,-0.015922270420907266,-0.016106088158698934,-0.017146523393666048,-0.0166866606681703,-0.012387568586926849,-0.0127765479000055
2432,-0.020978459345278876,-0.016216017706182497,-0.016114965723755,-0.0152610340917187,-0.015552221775666565,-0.015945080864012365,-0.0161075505273952,-0.01710175353259575,-0.016686984006844152,-0.01234785834315735,-0.0127216983670151
2430,-0.0209169714025056,-0.01617042519483285,-0.016120824521530398,-0.015248481732716567,-0.015601782287489235,-0.0159750809145779,-0.01610530362357943,-0.017023233676076298,-0.01665109814334605,-0.01229459226818465,-0.0126805811996807
2428,-0.0208941265703966,-0.0161236348767017,-0.016139830415759768,-0.015288246139752834,-0.015667966335445233,-0.016000847277496,-0.016121056458212366,-0.016941556200432452,-0.0165903218397961,-0.0122568314429333,-0.0126893439970851
2426,-0.020884214371566474,-0.016084707905876277,-0.016154666052740366,-0.0153392232641527,-0.015693089655503065,-0.0159933539498333,-0.016145669725043933,-0.0168679559291737,-0.0165064201030124,-0.0122371175330488,-0.0127411699000981
2424,-0.020841313229176525,-0.01602347587868105,-0.016122271579182633,-0.015331244892217133,-0.015637205644519033,-0.015937023730790832,-0.01613308422489877,-0.01679629605480775,-0.016398714322424048,-0.01220795845677255,-0.0127639589662674
2422,-0.02080252051567865,-0.01597118473284125,-0.016072327046362966,-0.015294074404931565,-0.015574445347591734,-0.015895320698967968,-0.016100122453242667,-0.01677156323537905,-0.01632953151318825,-0.01218709335786295,-0.0127360801672706
2420,-0.020832368711662178,-0.016001132301370798,-0.016083514133541667,-0.0153178833748917,-0.015603539731396601,-0.015937881833053367,-0.016119503121174102,-0.01684401875169035,-0.016364696511860302,-0.01221055838879005,-0.0127173107570181
2418,-0.020891147158366576,-0.0160856210540049,-0.016137394089505198,-0.015387640758203,-0.015678410858936603,-0.016009822367792532,-0.0161878127470505,-0.016950637044540598,-0.016448551444819298,-0.0122325453250438,-0.0127275315884671
2416,-0.020880069819646848,-0.01610660559425305,-0.016125192756579396,-0.0153957877138875,-0.0156699615984171,-0.015992927694407133,-0.016215777378225434,-0.0169627245004014,-0.01646336735516435,-0.0121752248828798,-0.0127101408055291
2414,-0.020796957326026877,-0.016036215472612823,-0.016024148001016966,-0.015323522171213466,-0.015580865399157267,-0.015887278533355902,-0.016171199168564934,-0.01686438197836275,-0.0164081093400326,-0.0120759890091175,-0.0126517083927741
2412,-0.020730369988458175,-0.015975570589192852,-0.015936361208019032,-0.015264558694519233,-0.015538408508519999,-0.015804802297565663,-0.0161147154406291,-0.016768679842517252,-0.0163865127790997,-0.01205255044554425,-0.0126183898097246
2410,-0.02070673578133185,-0.015973489830277025,-0.0159123605289401,-0.015245924943503367,-0.015563045537682667,-0.015776189611958234,-0.016064530026882833,-0.01673416083525835,-0.0164104117472254,-0.01210774414900005,-0.0126234136354354
2408,-0.020662365234415375,-0.01594259599058965,-0.0158693101542908,-0.015173966840294298,-0.0155187426868445,-0.015707556078082666,-0.0159532431431437,-0.0166918480746688,-0.01636606433308175,-0.0121091331762237,-0.0125826512122641
2406,-0.02057018648091285,-0.015815559674869625,-0.015739716462345097,-0.015003667031638865,-0.015336833790060733,-0.0155578556417481,-0.015764642685250633,-0.016592165532773,-0.0162110396547492,-0.011991880141412399,-0.0124633119723992
2404,-0.02048165916514815,-0.015660682096256377,-0.015582597166072167,-0.014827672730046834,-0.015129586027806001,-0.015418177993195633,-0.015591445267439066,-0.01649543258651725,-0.01605661932381565,-0.01184358447934925,-0.0123543176705265
2402,-0.02043074954949315,-0.015569521722029174,-0.015484750340717335,-0.014739307591858167,-0.0150172082933128,-0.01536523363488613,-0.015502816410993067,-0.0164577404642735,-0.015993915900934852,-0.0117459215118059,-0.0123196089446964
2400,-0.02039598964788195,-0.015537026828684627,-0.015454504814320766,-0.014722916061293534,-0.014982741058355765,-0.015360714934932032,-0.015463673998996867,-0.0164424910230627,-0.01597361538500825,-0.0116724588777074,-0.0123003708961392
2398,-0.020364007728795652,-0.015517643037311474,-0.015464289413174001,-0.014725026358075967,-0.014959331786840701,-0.015342789371686002,-0.015427247700420933,-0.016406769954920852,-0.015922264723121,-0.011592834171129,-0.0122313310351336
2396,-0.0203417121768453,-0.015505599875207176,-0.015503490551954234,-0.014727195861149733,-0.014934687008744433,-0.015308840544021233,-0.015401199045879499,-0.01637536932793255,-0.01585769886134535,-0.0115451862488983,-0.012144212455688
2394,-0.020306939933731123,-0.0155006095849273,-0.015544088696438335,-0.014709996003922468,-0.014908412087431433,-0.015265458395316801,-0.015383027640407434,-0.0163677471821658,-0.01581899567681085,-0.011545083866391099,-0.0120867484408745
2392,-0.020229985783435375,-0.01547488562333015,-0.015538702007153134,-0.014644895551684434,-0.0148544006397729,-0.0151965848993152,-0.015336517699234267,-0.0163398716881894,-0.01578321795677365,-0.01153519354260075,-0.0120405920302364
2390,-0.020140644380689826,-0.015423351572528401,-0.015487628800664099,-0.014556407808471334,-0.014781005749964833,-0.015121067419002899,-0.0152720712221791,-0.01625673925396335,-0.0157217059289972,-0.011480275034141549,-0.0119833023660115
2388,-0.020101641141460624,-0.015378238736838124,-0.015436902051794599,-0.014505315019940901,-0.014740110195255167,-0.015092255050552034,-0.0152533503862226,-0.01615135730151775,-0.0156606636563088,-0.01141483700831995,-0.0119350956410297
2386,-0.020129092526846373,-0.015345765615948274,-0.015400138255816766,-0.014494881646313934,-0.014743976249789334,-0.015113835479355965,-0.015294701890021167,-0.01607045993274655,-0.01563203247053885,-0.0113581896189098,-0.0118877149451721
2384,-0.020215390360369977,-0.015312067165931751,-0.015375173861935565,-0.014495693790803267,-0.014772790303919467,-0.015156078269725532,-0.015359768422322465,-0.0160437606226806,-0.0156445730223175,-0.01129432419648075,-0.0117955376164569
2382,-0.02040666129397585,-0.015337291354594777,-0.0154449010044558,-0.0145744648808306,-0.014887702181158266,-0.015277462438547334,-0.015491575952867468,-0.0161446851400179,-0.0157526255332251,-0.01127925154966395,-0.0117021127580202
2380,-0.020763634126457174,-0.015540422996761425,-0.015739840164016236,-0.0148700026090279,-0.015212191663607868,-0.0156102898579435,-0.01581721228704543,-0.0164795438402661,-0.01606179849083915,-0.0114424141006991,-0.0117621820743991
2378,-0.021244267086148502,-0.015927192805305773,-0.01624513217090093,-0.015382493065590567,-0.015738088666512034,-0.01616190431276353,-0.016348769505244134,-0.01703519902726935,-0.01658380646174995,-0.01179621458740085,-0.0120358656315497
2376,-0.02171820662769735,-0.016317225442873277,-0.016748077301771802,-0.0158985321798811,-0.016262586923577033,-0.016733204126167436,-0.016887858072047034,-0.0176135181028721,-0.017150065313629552,-0.01214449506238125,-0.0123457554303633
2374,-0.022130562850503098,-0.016544955387668175,-0.017080141920379068,-0.016239227013964134,-0.016634876229181566,-0.017148089621781035,-0.017258487135565503,-0.01803637979504005,-0.01758044822683005,-0.012310710992616249,-0.0124810495838525
2372,-0.022565582727913,-0.0166880211902662,-0.017346140842244433,-0.016514697485176897,-0.016987630839562534,-0.0175011736329562,-0.01757583496060387,-0.0183854583331923,-0.017918197277773648,-0.0123999262567718,-0.0125059606982921
2370,-0.023079876854874302,-0.01695141148916718,-0.01776187008823123,-0.016962782569806666,-0.01754037887259287,-0.0180082732347178,-0.018092211221416,-0.018878703952883498,-0.0183562771928748,-0.012650021588209149,-0.0126682823208127
2368,-0.0235751662055558,-0.017353090329829523,-0.018317687990668435,-0.017579286289571467,-0.018228080156504334,-0.01864856962024013,-0.018795336626193832,-0.0195159038903112,-0.0189304332604094,-0.01306218763446745,-0.0130028060699483
2366,-0.0239405863169383,-0.017718795984599852,-0.0188093310358298,-0.018131746543372396,-0.0187720748196231,-0.019181649399725068,-0.019405988614911968,-0.02005826444626195,-0.01946768670925705,-0.013423403655801299,-0.0132836143399796
2364,-0.024183971441858576,-0.017944093882304973,-0.019128568239861334,-0.018482572416733435,-0.019055545585082066,-0.01947639957511033,-0.019753134873789567,-0.020348706574874,-0.01982948795586665,-0.0136401207731515,-0.0133747582585926
2362,-0.024321289952977478,-0.01805561239531005,-0.019304428042498333,-0.0186658889702022,-0.0191729342910807,-0.019593491644465968,-0.019899449983924667,-0.02043532742321915,-0.02001685714131975,-0.013779797077483849,-0.0133585244240893
2360,-0.024297062057679626,-0.018071091465381127,-0.019342024590300433,-0.018708975779532535,-0.019183369999748068,-0.0195939396099942,-0.019921821194628566,-0.0203959489942627,-0.0200512944088127,-0.013847327324378801,-0.0133202252971541
2358,-0.024084010073937397,-0.01797127111915,-0.01919833848493593,-0.0185657387289135,-0.019034206677058,-0.0194503988339577,-0.019776691686977668,-0.020211944679121352,-0.01989291749887015,-0.0137618155033404,-0.0132379244194729
2356,-0.0236990828269378,-0.0177408127826729,-0.018837801288485532,-0.018179994944264064,-0.018662633942243833,-0.019101598868070165,-0.019373758735562734,-0.019809638664087352,-0.01947003928921295,-0.013488617908529399,-0.0130696409877311
2354,-0.023137844760819475,-0.017349787425632774,-0.0182502695441254,-0.0175488192678289,-0.018061567361267166,-0.0185183365568383,-0.0186990931455005,-0.019163989358079,-0.01877306723759575,-0.013046450950048801,-0.0127896847731679
2352,-0.022475031473265374,-0.016816225531037975,-0.017533985050445334,-0.0168044145846998,-0.017342270555728064,-0.017803055555760935,-0.017909168651307036,-0.0184045180275798,-0.01796744195766285,-0.012494565118767401,-0.0124044971191524
2350,-0.02193436204948395,-0.016291851828978,-0.0169231229376936,-0.016197840374805733,-0.01673736797332377,-0.017197004831190965,-0.017279195149199834,-0.0177849205531852,-0.017341343744387352,-0.011979085927962,-0.0120124904154088
2348,-0.0217337360150967,-0.015985986908446475,-0.016646270860929832,-0.0159502734180757,-0.016472143350342198,-0.01693240835827463,-0.01703781170158607,-0.01752918473505615,-0.017122602418434302,-0.01169171772406705,-0.0117727748997512
2346,-0.021914942865021898,-0.01602054855954925,-0.016775372851476667,-0.016123651748304633,-0.0166214223386262,-0.017086604717595297,-0.017239425796131868,-0.01771009414345715,-0.0173544621295748,-0.01174795894276175,-0.0117887509019029
2344,-0.022278010727039,-0.016313172400637375,-0.017144130130247133,-0.016546183348106033,-0.017014670921874198,-0.017492977944682565,-0.017687982967699967,-0.018166219392725398,-0.017830435200886903,-0.01206618576682325,-0.012003640316013
2342,-0.022532199115707124,-0.016617584771525203,-0.017460428163046198,-0.016914153551020068,-0.0173465933895443,-0.01784592615734513,-0.018054940890786436,-0.018583256022442,-0.01821441272631195,-0.012405932828433601,-0.0122499979534757
2340,-0.0226116031076943,-0.01678968839622445,-0.0176088950798595,-0.017092346813819433,-0.017510308909498767,-0.018021895026111,-0.01821735731679613,-0.01880731489304515,-0.0183806029758488,-0.012626381540144,-0.012450630235426
2338,-0.022637790337412676,-0.016855814158886026,-0.017644187032370296,-0.01712481782884277,-0.017587843379450865,-0.018084446506774234,-0.018256385669078102,-0.0188872116987775,-0.01841912596502865,-0.012728274312465149,-0.0125919451626848
2336,-0.022622751517866125,-0.016797283915788302,-0.01753684650840003,-0.016985320538176,-0.01753518018768663,-0.017996086017068966,-0.018149570876393965,-0.01880111206475145,-0.018320221018478203,-0.0126470540235701,-0.0125508384998589
2334,-0.02248181829245555,-0.016552466804015002,-0.017241175865788102,-0.016633887558761,-0.01723749846113867,-0.017668453548977267,-0.017821038734754265,-0.01847909118472235,-0.017998390373044952,-0.01232203176921405,-0.012243126226627
2332,-0.022237866396621474,-0.0162133475759083,-0.016905827545526133,-0.016229838408648632,-0.016804544557038902,-0.017226554136010864,-0.01740576646142687,-0.01805386346934955,-0.0175603954254245,-0.01192358369180135,-0.0118767347393091
2330,-0.022011752419919223,-0.01598167537023485,-0.0167419925971239,-0.016015815837764864,-0.016504777071110935,-0.016928686613262467,-0.0171555451727904,-0.0177925311150673,-0.01725915220302555,-0.01172525516534275,-0.0117602328098268
2328,-0.02185728120060835,-0.015916858710906073,-0.016738122421856065,-0.016024997537544935,-0.016421606741127234,-0.016843358447122567,-0.017112855524824035,-0.0177674729131759,-0.0171841304594797,-0.0117628650856391,-0.0118898016912202
2326,-0.021731719825928874,-0.0158831175272105,-0.016695459862309334,-0.016071803124793834,-0.016386940381903633,-0.0168035804617885,-0.017088597879769667,-0.0177873042468481,-0.01718166497265805,-0.01181930570419925,-0.0119651235547845
2324,-0.021585724874556424,-0.0157500489658335,-0.016499585527307566,-0.015992598966910167,-0.016237256854893967,-0.01665742173941327,-0.0169329632744239,-0.0176606819017521,-0.017076584019241448,-0.01172748281428745,-0.0117988090367344
2322,-0.021394315965272276,-0.0155277439611195,-0.016210512315655203,-0.0157685724808688,-0.015973942428537367,-0.0164083322234708,-0.0166637672548588,-0.0173852373072067,-0.016838921586926348,-0.011523432904267949,-0.0115096450120438
2320,-0.0211338665998238,-0.0152925908322783,-0.015915653455916,-0.015448266981895267,-0.015671122117615066,-0.016114500059426665,-0.016342909256322865,-0.01706211604498705,-0.01653130397040985,-0.01130101890387295,-0.0112893841426884
2318,-0.02080759421755045,-0.0150726129931966,-0.015622912864516267,-0.015074564316182834,-0.015356127225183933,-0.015786381085048665,-0.015976815864253435,-0.016741563972537052,-0.01620438319353725,-0.0110640537631847,-0.0111375707269257
2316,-0.020465826541615377,-0.0148438872796807,-0.015306390897831068,-0.014679221436493898,-0.015013053734731633,-0.015414921733391434,-0.015565042286941935,-0.016401532908422348,-0.015869522363306098,-0.0107709067747895,-0.0109250737060911
2314,-0.02014686242191085,-0.014586693823258376,-0.0149549657648268,-0.014266085317726801,-0.014621008161807834,-0.015005515171653433,-0.015131548701329434,-0.016015076229658497,-0.01551160509032755,-0.010414174790459401,-0.0106009188497944
2312,-0.019846298261704025,-0.0143130185879531,-0.014569817131267634,-0.0138237891375047,-0.014171646308294832,-0.014565226296925367,-0.014689944587584167,-0.0155892072399153,-0.015113297041273049,-0.0100147441494828,-0.0102164325910277
2310,-0.019567626934434326,-0.014073280353803924,-0.014198515928882901,-0.013407955561020734,-0.013718988174364066,-0.014133521310194033,-0.014268684952683866,-0.01517777964325325,-0.0147069804349454,-0.009631952243714301,-0.0098573435542159
2308,-0.019341779962456597,-0.01393335727194385,-0.0139478815471472,-0.013150519384123335,-0.0133949194521101,-0.013814825104653533,-0.0139571324823445,-0.01486770790466145,-0.01438601029364245,-0.00938379581904195,-0.0096267785659724
2306,-0.01916564335504345,-0.013901478427918026,-0.013872653821059499,-0.013107823908949767,-0.013287928204456132,-0.013690121035772334,-0.013824616109097567,-0.014704441501745099,-0.014207735585591599,-0.009350799587900999,-0.0095982544517138
2304,-0.0189819786728381,-0.013887347996038999,-0.0138765059426805,-0.0131582996578145,-0.0133214032962502,-0.013699956389264967,-0.013801982537803034,-0.01462969397266395,-0.014110022890674,-0.00944846128022675,-0.0097143150970519
2302,-0.018758941947253725,-0.013780744542616723,-0.013803125849486899,-0.013131521448204368,-0.013324224314027902,-0.0136914612965068,-0.013740438048124068,-0.014538503377311201,-0.0139819442364791,-0.0094834858369112,-0.0097949371856157
2300,-0.018552772206293852,-0.013589821184168174,-0.013633915283533166,-0.013024956653172867,-0.013240608306675667,-0.013611906195452167,-0.0136192104766328,-0.0144215929915537,-0.0138209846398577,-0.0093851926461208,-0.0097364110342459
2298,-0.018453473495511998,-0.013449024227643476,-0.013509985315519233,-0.012998093398539566,-0.0131940223204239,-0.013581352343852833,-0.013597064990401865,-0.01439650382813645,-0.01375130278032015,-0.0092939006340632,-0.0096467012339336
2296,-0.018496079450129377,-0.013467851921561325,-0.013539932649435699,-0.013146636762243868,-0.013307423466598032,-0.013723764899516667,-0.0138000656888616,-0.0145587602117466,-0.01386356268693065,-0.0093619019918122,-0.0096945995131574
2294,-0.01863507182685405,-0.013608610814483876,-0.013663997145005935,-0.013374257894641734,-0.013530365888700033,-0.013984034814459867,-0.014129158941769934,-0.01483596085180755,-0.014088041447331001,-0.009550933828988,-0.0098765583160116
2292,-0.0187615570869498,-0.0137273868330455,-0.013732597137397433,-0.013509387466623467,-0.013689913951187035,-0.014170325029466501,-0.014349284596875234,-0.0150342073703071,-0.0142554087926181,-0.0096922408360283,-0.0100191935031066
2290,-0.018746089852823798,-0.013711823498255175,-0.013655152453492,-0.013460290542578067,-0.013665368309862402,-0.0141463625909289,-0.014323973891347735,-0.01501774621297905,-0.0142478369329381,-0.00968257579420065,-0.0099913403456961
2288,-0.018539107371522427,-0.013557479491527224,-0.013438070422920565,-0.0132252661947313,-0.013452840836827901,-0.013913268506076734,-0.014074793702060768,-0.014789992709265,-0.014054342593732599,-0.009527836645152402,-0.0098065808665245
2286,-0.018243347021121625,-0.013343460038255824,-0.013160032145725335,-0.012872474594088967,-0.0131275996386308,-0.0135609027183091,-0.013699631487318233,-0.0144473380873684,-0.0137466127575945,-0.0092782405523115,-0.0095506256778668
2284,-0.01801114900648905,-0.013153526299340423,-0.012929946525220634,-0.0125286847339839,-0.012793773655177266,-0.0131993615200531,-0.013314071555174068,-0.01410430484534745,-0.0134351293891985,-0.009005469721766149,-0.0093091235201943
2282,-0.017869734891635923,-0.0130032976739292,-0.012802621961993402,-0.012288937610342566,-0.012520169843242534,-0.012893734230320532,-0.012999622895917065,-0.0138239240682775,-0.01319267717781035,-0.00877672199551265,-0.0091368817871284
2280,-0.01773201095093245,-0.01284846622414025,-0.012733659077119666,-0.012132817934633265,-0.0123064756634303,-0.012638070859454899,-0.012759486070392468,-0.0135964965684011,-0.013003602137746501,-0.0086007359275694,-0.0090268594410603
2278,-0.017566812221808722,-0.012668025780967599,-0.012654769871604734,-0.0119848255096581,-0.012128002381138167,-0.012403483062015467,-0.012553417110022834,-0.0133895780639232,-0.01280993967483975,-0.008436294313784148,-0.0089208895656529
2276,-0.017439522861991998,-0.0125006350609833,-0.0125657035597816,-0.011832642782453,-0.0119833388860288,-0.012194577057097367,-0.012374888702084334,-0.0132000328419803,-0.012592671145763,-0.0082687203286386,-0.0087857968624754
2274,-0.017361494222564576,-0.012371856302698825,-0.012486487105863234,-0.011705059358542302,-0.011857690885549799,-0.012024352859403733,-0.012240550708070569,-0.0130320849005931,-0.012372002869540901,-0.00811755538272535,-0.0086385926934706
2272,-0.017254838179886427,-0.012251650754617451,-0.0123757668150057,-0.011575538144872867,-0.011693328818603266,-0.011870279238733567,-0.012122045379758634,-0.0128647436319328,-0.012166802116609251,-0.00797123324946295,-0.0084788088323961
2270,-0.017103376705073774,-0.012118187999209624,-0.012191658613940832,-0.011394866342060701,-0.011467690861656632,-0.011708448671808334,-0.011965717262627665,-0.012685789485823551,-0.01200110478404435,-0.00779313354496175,-0.0082654749592123
2268,-0.0169703476373447,-0.0119809214185292,-0.011974309148733266,-0.011175243204786732,-0.011242967223573734,-0.011549431086935201,-0.011764120018645135,-0.01251074565310285,-0.01189149128917475,-0.0075844903015896,-0.007991795607037
2266,-0.016808829698951377,-0.011791655229948374,-0.011752023399987599,-0.010925339863117936,-0.011045801077859267,-0.011376438774859533,-0.011516940264724532,-0.01231352759243495,-0.011769513072035949,-0.0073493228867726,-0.0077050320572855
2264,-0.0164578716335742,-0.011440447059833126,-0.011441712097632367,-0.010566076306230432,-0.0107762968099993,-0.0111020473276374,-0.011152835986822101,-0.01199874159470675,-0.011486537092288949,-0.0070150036605847,-0.0074157911217606
2262,-0.015919205934454374,-0.010925379217073226,-0.010971095419758832,-0.010052386063979367,-0.010349608645615667,-0.010680829799878333,-0.010618331931361266,-0.01152800788867965,-0.010982007451917151,-0.00650034524335565,-0.0070475584778098
2260,-0.01543889899268455,-0.010424005470582923,-0.010429218209335166,-0.009531336772922033,-0.009870035828539,-0.010233503367645698,-0.010042614974556033,-0.01103279107609845,-0.01040251223127135,-0.00585924828107455,-0.0065198761888576
2258,-0.0151590579207553,-0.010058454656109675,-0.009927873792920067,-0.009207506803374333,-0.0095134720474005,-0.009939136899438433,-0.009670772055030167,-0.01068784050699805,-0.009936763755818149,-0.0052230363360638,-0.0058105181414874
2256,-0.01480535149235135,-0.009622739060087749,-0.0093250450242564,-0.009017945075017334,-0.009226469022264034,-0.009767510743435867,-0.009567982430674067,-0.010461494488910601,-0.0095484480830006,-0.00458392799777785,-0.0048932395745745
2254,-0.01408250339711175,-0.008886488908982975,-0.0084868883321128,-0.008719176134790167,-0.008847544070785867,-0.009534093770369933,-0.009556212350068167,-0.010213580887088,-0.00912994886377115,-0.00396081343034905,-0.0039420220097847
2252,-0.013626494758632925,-0.008471757028030925,-0.0081136297718824,-0.0086575836627756,-0.008819539502743633,-0.009558596233854,-0.009771695879100801,-0.01028913093923565,-0.0091409946095923,-0.0039833155729779,-0.0037620559379184
2250,-0.0138450737607515,-0.008766007534941824,-0.008542550479134433,-0.008972436680799467,-0.009237625359653933,-0.009890389857243333,-0.010120542939093933,-0.010678685056678499,-0.0096460156272632,-0.004722419168855451,-0.0045147554703484
2248,-0.014172006174191275,-0.009228349392646376,-0.009114628178940333,-0.009176617303600833,-0.0094975771417401,-0.009991413333813365,-0.010161525192038766,-0.01081175759020375,-0.009973333271601149,-0.0053667021072592,-0.0053725506118724
2246,-0.01441515033155075,-0.009627661052032175,-0.009567339223041633,-0.0092699149143946,-0.009572949397058333,-0.009913953252194666,-0.010066029216026966,-0.01076260105961235,-0.01005200766640525,-0.0057337157234309,-0.0060134530322312
2244,-0.014717232178769777,-0.0100065879829827,-0.009973541676304766,-0.009421956077076299,-0.009687390543590234,-0.009912749826397166,-0.010081416550131466,-0.01082511987766575,-0.0101437526977897,-0.00602790145466085,-0.0064779978086006
2242,-0.01503876955182735,-0.010324687790366825,-0.010307747491346067,-0.009580938636153365,-0.009832388374443201,-0.009977603531294366,-0.010141347697738867,-0.010992357785508049,-0.01030108575443635,-0.0062861726623963995,-0.0067363650984661
2240,-0.015202265930944424,-0.0105070881783757,-0.010470670172595035,-0.0096250190786721,-0.009882098945894702,-0.009997920730196333,-0.010109840671355367,-0.0110983861748611,-0.01041750442005455,-0.0064078500431637,-0.0067728345202421
2238,-0.01518801587687205,-0.01056987745823745,-0.010457883224817366,-0.0095615108890163,-0.009820646453347933,-0.0099758419171227,-0.010007315009181533,-0.011085695591602,-0.0104434805965192,-0.0063540483300082,-0.0066951531875565
2236,-0.015184415618240375,-0.010610003151843149,-0.010407757915415932,-0.009517605661916166,-0.0097732487349905,-0.0099972434667671,-0.009966950129219034,-0.0110528557388833,-0.01044785021315425,-0.00623526630758845,-0.0066605062648019
2234,-0.015313796738005975,-0.010677693211837525,-0.010450395912055868,-0.009562912192942533,-0.0098267031139512,-0.0100699562774692,-0.010039039439289233,-0.0110849756814351,-0.010490360832920351,-0.0061933928118498,-0.0067315325782219
2232,-0.015478569315429451,-0.01073978308400695,-0.010571281630030467,-0.009634831961762,-0.009916447803313933,-0.010111554408241399,-0.010130942563698033,-0.0111445231641276,-0.010534219879140251,-0.00625061954161885,-0.0068603393546033
2230,-0.015548408454416726,-0.01077706355268095,-0.010673781763424067,-0.0096591811323256,-0.009936248103413,-0.010092090995516468,-0.010136223018440433,-0.0111557270590458,-0.0105279689748399,-0.0063200251753665,-0.0069707459237306
2228,-0.015542247512946025,-0.010814002537472424,-0.010708763051951667,-0.009648041350241367,-0.009873662133117633,-0.010070583917821466,-0.010040669211676467,-0.0111064315002957,-0.01048707786799815,-0.0063195634759529,-0.007006836662963
2226,-0.0155140625746563,-0.010816013204266676,-0.010667095094373233,-0.009617494543458801,-0.009759584911541932,-0.0100564105574808,-0.009863983344512666,-0.01100654758202975,-0.01042515066253535,-0.0062153742317437,-0.0069248309186945
2224,-0.015429996489090525,-0.01069393745000255,-0.010533268624054732,-0.0095257557707793,-0.009586367391205667,-0.009970329340240865,-0.0096151986462809,-0.0108551795440454,-0.0103121099369413,-0.00601482066909,-0.0067241957425894
2222,-0.015289493507341774,-0.010477490825536524,-0.0103462324809096,-0.009380030429251401,-0.009376458789367168,-0.009799180469152166,-0.009374005573069,-0.0107186651856402,-0.010172359649267701,-0.005802521220834,-0.0065022339038398
2220,-0.01519439593238915,-0.010338296100923726,-0.010216198544375632,-0.009278467404207999,-0.009224363047247166,-0.0096542136020504,-0.009283724645437834,-0.01071010579853525,-0.01010238144589755,-0.0057063095853889,-0.006376461905854
2218,-0.015162359751993698,-0.01033755496889115,-0.010175048583698566,-0.009243623146625166,-0.009163746493139733,-0.009587882872168168,-0.009364744813879099,-0.010803290159183649,-0.0101029922363864,-0.005735828802696651,-0.0063261334159864
2216,-0.01504667367598685,-0.0103101485629539,-0.010104861760143134,-0.009143166302500968,-0.009095703087050334,-0.009498884239548299,-0.0094388668053375,-0.01079346251295095,-0.010024519102685349,-0.0057277896129923,-0.0062075312439886
2214,-0.014776318076029126,-0.010104497887955026,-0.009909034717051866,-0.0088888430192257,-0.008943576360079468,-0.009308019399908433,-0.009328212455885734,-0.0105429542355376,-0.0097818698064924,-0.0055403999738289,-0.0059480760262302
2212,-0.014523350875999201,-0.0098181020831993,-0.009679174235144066,-0.008616336065413267,-0.008794677814192665,-0.009107233182671867,-0.009079452281882934,-0.010188646754586451,-0.0095242415967289,-0.00525836743259805,-0.0056535873534381
2210,-0.0144745156519989,-0.009654035319771749,-0.009575047268629133,-0.008521887382604365,-0.008771558978028766,-0.009023569254183466,-0.008885053688774366,-0.009969540529342,-0.00944780031137455,-0.0050820532801633,-0.0054732194049873
2208,-0.014582513649372174,-0.009656656848186125,-0.009614526733357366,-0.008613898935538433,-0.008841650461418599,-0.009036789857273934,-0.0088459910496699,-0.0099400627415079,-0.00952858495982095,-0.005075636018992,-0.0054391788104895
2206,-0.0146648271511193,-0.009712779057190875,-0.009677695280432901,-0.008737981754792734,-0.008863521168394,-0.0090326911455926,-0.0089063542860758,-0.0099722469288427,-0.009568217187514,-0.005127370928914901,-0.0054712034902816
2204,-0.014631316221441124,-0.00973149886496995,-0.0096610380559799,-0.008777836739867033,-0.008778760873916134,-0.0089636826747291,-0.008968760650183732,-0.009965358422578351,-0.00945082056378915,-0.0051164106426327995,-0.0054764830918853
2202,-0.014504565678409024,-0.009706604087910175,-0.0095553555030902,-0.008737596830462732,-0.008656673402317733,-0.0088695793187921,-0.0089911053993103,-0.00992949387280825,-0.00923571539883445,-0.0050264508680798,-0.0054164499257733
2200,-0.014320672155343675,-0.009646797906352575,-0.009409624565346166,-0.008655864848206733,-0.008574007621862433,-0.0087985272317013,-0.008972412066182099,-0.00988683422503835,-0.0090279735163576,-0.00489330349672615,-0.0053020724238865
2198,-0.014124124995267126,-0.009549202121929124,-0.009284012789507133,-0.008538036248553,-0.008534292827884366,-0.008766086708906067,-0.008908027504123233,-0.00979942506624755,-0.0088723543929277,-0.0047330479241698,-0.0051530718023598
2196,-0.013964369392882224,-0.009419977459623051,-0.009197199040723367,-0.008364021158922,-0.008473008603343301,-0.0087338625679719,-0.008776658112385633,-0.0096111428005773,-0.00875575515436805,-0.0045374381875321005,-0.0049644438571915
2194,-0.013824935702091425,-0.009256664277120876,-0.009089712339267234,-0.008105413940460967,-0.008306761125057667,-0.008609825423652332,-0.008552794386251034,-0.00931310934224185,-0.0086365939297521,-0.0042913901730916495,-0.0047238271113361
2192,-0.0136633822050813,-0.00906118725952865,-0.008909843208211332,-0.007788043184612767,-0.008030054439040967,-0.008346951091037433,-0.008257643139661966,-0.00898327231293445,-0.0084905253498787,-0.00401502497711775,-0.0045007456797517
2190,-0.013544876634195801,-0.008902464160729675,-0.0087326922483944,-0.007555847318076868,-0.0077841622768272,-0.008066005810603934,-0.008000348937699799,-0.00876792825059145,-0.00835763704915225,-0.00381493714807155,-0.0044465760799133
2188,-0.0135863584872827,-0.008877071461374,-0.008687638151892134,-0.007556247067817767,-0.007730026913302633,-0.007956050695403267,-0.007891242938319235,-0.008748144955831,-0.0083039401795378,-0.0038081136347855498,-0.0046017424961636
2186,-0.013728860762660701,-0.008959271466010499,-0.008743963938571098,-0.0077319119450928,-0.007818063123985934,-0.0080027630021234,-0.007899746131284734,-0.008808211011692251,-0.008311078471304599,-0.0039424358896389,-0.0047753786213924
2184,-0.0137496131552467,-0.00899307882351465,-0.0087259025692447,-0.007853346273242067,-0.007826789577915032,-0.007989993275286867,-0.007897088297987466,-0.00874678770645125,-0.00828778613944255,-0.0040019915669135,-0.0047357449192127
2182,-0.01354381931065045,-0.0088612858267068,-0.008554302077831033,-0.007772276932600499,-0.007636924486963501,-0.0077925767901367675,-0.007809421140643866,-0.0085143152279031,-0.00818620480766515,-0.0038337360198811,-0.0044639413132793
2180,-0.01324813756125595,-0.008603675577446174,-0.008340749261279133,-0.007559572599567233,-0.0073637627705993,-0.0075348036139403,-0.007654537111333234,-0.0082559160466417,-0.0080364710986124,-0.0035262679529886997,-0.0041315785069449
2178,-0.013015439659981825,-0.008329327992047001,-0.008191428157583733,-0.0073472660034072665,-0.007164840357253034,-0.007378605158918733,-0.0074533345116059,-0.00808636483329675,-0.00785825573605485,-0.0032763688293927003,-0.0038487427391033
2176,-0.0128719146503612,-0.0081223996466275,-0.008106102091844399,-0.0071843876947741,-0.007073126024355132,-0.007330460876965833,-0.0072316524276973,-0.007984901433391499,-0.007662108006188,-0.0031630001037459,-0.0036245722533508
2174,-0.012809112629507725,-0.008015844607439825,-0.0080664348711735,-0.007067205805332932,-0.007039405277890501,-0.007304331543240133,-0.0070668002349993,-0.007905541221035501,-0.0075122652825294,-0.00310461375495385,-0.0034782021995688
2172,-0.012817500482353774,-0.00796384878017505,-0.008058473979241467,-0.006977256901329133,-0.007003064949739401,-0.007248159854489533,-0.007009595813389866,-0.00785460099436745,-0.00746513403778745,-0.00298640628929885,-0.0034102250050238
2170,-0.0128246191376323,-0.00787364085425895,-0.008013905225805501,-0.006875053293485399,-0.006909546765473999,-0.007162780970760166,-0.0070027648251119,-0.00784512841416065,-0.007455950114404751,-0.002793858785264,-0.0033409082136203
2168,-0.012730542268474625,-0.0076977410351452506,-0.007839957358392933,-0.006723015912575067,-0.006731597499855034,-0.007043928094477167,-0.0069496341656185,-0.0078326160623492,-0.0073343837749544,-0.0025936557391510002,-0.003189777504819
2166,-0.012511609308027749,-0.007456986387698499,-0.0075133819398037335,-0.006504341710667234,-0.0064875031877917,-0.006838571442455934,-0.006796934967777534,-0.0077126900257431,-0.007006598509528301,-0.0024112812209461003,-0.0029566110779995
2164,-0.012203100160180273,-0.007148374972595825,-0.007081261252844067,-0.006175298655597233,-0.006192713763332033,-0.006450497021534367,-0.006502364871396833,-0.0073715288007414,-0.0065161131685935,-0.00216902529366855,-0.0026646831717875
2162,-0.011800383736702523,-0.00672136818442085,-0.006571593869501033,-0.005656034164089767,-0.0058082512762219,-0.0058259928279842665,-0.005994452233997833,-0.0067743892193299505,-0.0059799763260760495,-0.0017830616728353,-0.0022874056605227
2160,-0.01141844157192215,-0.006337065680396025,-0.006137188871351666,-0.005090384932507366,-0.005439028705551433,-0.0052059048981938335,-0.0054109780633881666,-0.0061620209744361,-0.00561104360529685,-0.00141490077929215,-0.0019381178514735
2158,-0.011448563570893699,-0.0064563446875661,-0.006194362256288899,-0.004986197551971934,-0.005474852085179634,-0.005157469977331433,-0.0052587392120594005,-0.006060712715800149,-0.00572331784072715,-0.0014866085438123,-0.0020034130669173
2156,-0.012013885730560048,-0.007158335414317674,-0.006856056957502233,-0.0055231357208223,-0.006032120262972365,-0.005807551578973599,-0.0057530373004523,-0.00659015213111085,-0.00629066889800905,-0.0020726507948652,-0.0025927165409571
2154,-0.012686965274242176,-0.0079226348766652,-0.0076558245227205,-0.006225166909505967,-0.006690987670682067,-0.006603514079899367,-0.006460368305266101,-0.00726274583471125,-0.006910029282697849,-0.00275263927949675,-0.003295157990099
2152,-0.0131246580363108,-0.00842001094651425,-0.008238103264028766,-0.006731772095078266,-0.0071343492024545,-0.007154309750828067,-0.0069986346875175335,-0.00774819048307355,-0.007389349152272051,-0.0032811686000111,-0.0038362692046552
2150,-0.013345440551533173,-0.008718982597006575,-0.0086062327150819,-0.007079201913605366,-0.0073755759120725664,-0.0074795226858490995,-0.0073279088867911,-0.0080788847675137,-0.007771028068538551,-0.0036810469056297998,-0.0042482094370779
2148,-0.0134920756490687,-0.00894151498084645,-0.008862808932264666,-0.0073963183395605,-0.0075400729832234,-0.007718907484212366,-0.007541878113610401,-0.0083781986264032,-0.00808695371919855,-0.0039783509511222,-0.0045892466835498
2146,-0.013605790331550125,-0.009081318768427224,-0.0090233553678309,-0.007675245885685367,-0.0076808124210207,-0.0079287914641285,-0.007693721416521501,-0.008669995541024801,-0.008324624238567849,-0.0041632438982027505,-0.0048384795607298
2144,-0.013674746517295826,-0.009126077011883501,-0.009074886151448134,-0.0078481649484505,-0.007784491203439399,-0.008095607786932,-0.007803529271454166,-0.00889070070752955,-0.0084911608472132,-0.0042700127685137,-0.0049888419016109
2142,-0.01375282070065335,-0.0091577923391204,-0.0090833509829821,-0.007933350899702866,-0.007854550870019801,-0.008209876445797699,-0.0079071985788808,-0.0089892331336588,-0.0086069447160454,-0.00435877127066005,-0.0050870471272335
2140,-0.013895574937655475,-0.009251244062977976,-0.009139857706491667,-0.008000437073151033,-0.007918201014692833,-0.008281145410702498,-0.008024178040657767,-0.0089901921548125,-0.00867559977972095,-0.0044576156834968995,-0.0051793358227321
2138,-0.014046544804223876,-0.009364675355979152,-0.009234205415200035,-0.0080466054230769,-0.007976253978944033,-0.008310570683213734,-0.008114533150189432,-0.0089659422425409,-0.008697367941381151,-0.00455804523826065,-0.0052620310990562
2136,-0.0141146597763274,-0.009421396693920375,-0.0092962202335123,-0.008028852800467267,-0.0080153818688829,-0.008303666226842766,-0.008137713547817766,-0.00897504097630065,-0.00870017210131225,-0.00465026467768025,-0.0053096809329605
2134,-0.014123264442080175,-0.009438897277646149,-0.0093297367469501,-0.0079951850772643,-0.008064858182656433,-0.008304877116055933,-0.008139566993847802,-0.00904545003476475,-0.00873660560330895,-0.0047340242190685,-0.0053283971353014
2132,-0.014172919087346124,-0.009502282546724524,-0.0094068349846502,-0.008057095954717333,-0.008174121185622002,-0.008371394162816402,-0.008215185387287533,-0.00918531471874885,-0.0088395181581439,-0.00481880476383675,-0.0053535957878076
2130,-0.01428009896830255,-0.009637557921409926,-0.0095330792777565,-0.008221827069771934,-0.008327961039836967,-0.008503692480300666,-0.008378184689347668,-0.00937166807955215,-0.00898354516321805,-0.0049089302056922,-0.0053995010264425
2128,-0.014371971705786775,-0.009785174273427,-0.0096277410740472,-0.008376874768651834,-0.008448308013689532,-0.0086394302427403,-0.008539303666751333,-0.009537074251032101,-0.009102839699633051,-0.004978755215389451,-0.0054445344530138
2126,-0.0144104222285565,-0.009878606443706577,-0.0096480222006999,-0.008447048088034365,-0.008495687937221334,-0.008723003214241234,-0.0086198628220144,-0.00961318431042405,-0.009148649358653251,-0.0049852648008287,-0.005468062070396
2124,-0.0144322981536697,-0.00990881964982235,-0.009657995892372267,-0.008487083825983533,-0.008530367727991567,-0.008768660709895766,-0.008646618448334099,-0.00960653156265205,-0.0091401399466266,-0.00493010954857915,-0.0054882588802943
2122,-0.0144596884515918,-0.00989985306147585,-0.009717101102502833,-0.008565504620322066,-0.008613899542243167,-0.008818464096287467,-0.008685702244782934,-0.0095764092552246,-0.00912711156143155,-0.004865436629745,-0.0055251743953169
2120,-0.01444802262626695,-0.009851834600798,-0.009764720888490902,-0.0086287970050327,-0.008690343165501602,-0.0088532152853155,-0.00871845266585,-0.009533663992281099,-0.00910971875304405,-0.0048150763888421995,-0.0055363197937528
2118,-0.014364863179648425,-0.0097537446426266,-0.0097022349257471,-0.008578629670314766,-0.008651205312550899,-0.008811010224516733,-0.008670298133241933,-0.00943751672150835,-0.00905239864555475,-0.00475277482321105,-0.005457361988768
2116,-0.014263480902825301,-0.0096378322564716,-0.009557542498773266,-0.0084466117641495,-0.008512229035151033,-0.008699957944742534,-0.008553072232500935,-0.00930337722887815,-0.008972298393060501,-0.0046845434858001495,-0.0053201094159203
2114,-0.014223019992386125,-0.009567882194076775,-0.009467756577766733,-0.008374397989928365,-0.008425567130927201,-0.0086194523116942,-0.008481064334218467,-0.0092268603391528,-0.0089391956404275,-0.00467965033042985,-0.0052487640569067
2112,-0.014253957454340325,-0.009570664184685275,-0.009502379353982966,-0.008419722796608567,-0.0084923633329666,-0.008642562920775332,-0.008520894416122034,-0.0092648290403345,-0.0089728706541684,-0.00477061624320135,-0.0053055372228706
2110,-0.014299438651689499,-0.009608199917314252,-0.009591574154117365,-0.008488504823390934,-0.0086433958537678,-0.0087283262664214,-0.008603728256840732,-0.0093577074006868,-0.0090088198943469,-0.004876693435716249,-0.0054001469281709
2108,-0.014296864958347099,-0.009621220029357676,-0.009633086934098102,-0.008478664336810667,-0.008735446668339867,-0.008778535085304134,-0.008622721165471867,-0.0094120977583179,-0.0089920907802851,-0.00489058068389335,-0.005397562987781
2106,-0.014213622053180748,-0.009580953365470025,-0.0095936571061068,-0.008402804238619435,-0.008709834436101333,-0.0087455118142159,-0.008560000026221133,-0.0094103441274703,-0.0089426957960458,-0.0048031394286616996,-0.0052721344465005
2104,-0.01406224913683205,-0.009496406544724275,-0.009484335444666534,-0.0083240158777269,-0.008599765939715733,-0.008645209576870634,-0.0084661140401544,-0.009383899378806449,-0.00889287655056675,-0.00467455460903645,-0.0050978307273793
2102,-0.013921803552179575,-0.0094011798090586,-0.009328047019203199,-0.0082575056603663,-0.008451099400461834,-0.008512222604747467,-0.008376978595130632,-0.009337338518046651,-0.00883034897634965,-0.0045406925456287495,-0.0049479888106279
2100,-0.013897612196699577,-0.0093400423963832,-0.009187223185461434,-0.0081879193393208,-0.008303725894658533,-0.008388902184791634,-0.0083036814897829,-0.00926585632135465,-0.00875114868579545,-0.0044204705405526,-0.0048646150644096
2098,-0.01401151668482255,-0.009342394374790976,-0.009142228842546266,-0.008125086579005934,-0.0082040236233574,-0.0083223369192548,-0.008259027377066267,-0.0092018274583287,-0.00870387026167965,-0.0043651510111367,-0.0048740439579589
2096,-0.014171762007764774,-0.009399502094512124,-0.009205809194947701,-0.0080931712069437,-0.0081798855933969,-0.0083313317049114,-0.008248265630529867,-0.0091829014493909,-0.00872717226716665,-0.00441523875038065,-0.0049603314796137
2094,-0.014271920187766926,-0.009467741663313574,-0.009303350882043,-0.0080940495934375,-0.008212189610146333,-0.008384533902156367,-0.008254758505097168,-0.00920353829671155,-0.0087894257190923,-0.00452299713338275,-0.0050397362674461
2092,-0.0142848872888471,-0.00949559109338075,-0.0093590403227887,-0.008111847765139133,-0.008256735872006699,-0.008434863828700068,-0.008261597516810134,-0.009239285858247851,-0.0088369242600248,-0.0045908855469375,-0.0050369699505744
2090,-0.014231634456190424,-0.009449454386119376,-0.0093547930014714,-0.008130240951877832,-0.008283237436480467,-0.008462606855271932,-0.008264528786703668,-0.0092823837208899,-0.00885414518857465,-0.0045788142556482,-0.0049733828486921
2088,-0.01411782358515715,-0.00933088278333425,-0.0092953740414539,-0.008133006710581932,-0.008280660721647933,-0.0084664782392235,-0.008253490731788033,-0.009315887100078149,-0.0088333526307867,-0.0045130205490164,-0.0049164008936607
2086,-0.013956321151782499,-0.009186971687868825,-0.0091872895655519,-0.0081107524543355,-0.008249749235468931,-0.008440239249284534,-0.008216120865142,-0.0092944795308452,-0.008743271883728601,-0.004419841670122699,-0.0048740012866366
2084,-0.013801160234445498,-0.009083759252381274,-0.009066169919215867,-0.008073642190710733,-0.008205622470061466,-0.008382661732235133,-0.008169911646190332,-0.009200446309549349,-0.00858237481748705,-0.004310642710446001,-0.0047971889832111
2082,-0.013705413518255601,-0.009045217358048,-0.008983558545961232,-0.008032207742146734,-0.008162496731796734,-0.008309787899221233,-0.0081465623192225,-0.00908420445361115,-0.0084178308271667,-0.00420906712542205,-0.0046771427084376
2080,-0.013675676938932551,-0.009039715996768874,-0.008950626039895734,-0.007977139008232733,-0.0081110160155516,-0.008238911705458166,-0.0081350711298514,-0.0090034505234209,-0.0083203824508965,-0.0041412957497109,-0.0045797162653931
2078,-0.013687534825783049,-0.009032322125335075,-0.008937182738001167,-0.007911820341790568,-0.008039180438424401,-0.008173609414203467,-0.008088183436720466,-0.00895306094289555,-0.0082903044476004,-0.00410516125674825,-0.0045671869027904
2076,-0.01370886892532505,-0.009021094633859826,-0.008929087443391867,-0.007881961957820099,-0.0079732228358276,-0.008115998624949966,-0.008002446788479401,-0.00889127664376075,-0.00828041707471475,-0.0040817041342105995,-0.0046213098871627
2074,-0.01369953418888565,-0.009002172244435325,-0.008934026009914367,-0.007910804820763867,-0.0079487842130492,-0.008070916054669067,-0.007931753213453298,-0.0088082430506644,-0.0082640169727837,-0.0040624194705998,-0.004669624454966
2072,-0.01364130615837995,-0.00894694080798515,-0.008932405234300767,-0.007932602108630334,-0.007943935126712466,-0.008028954645440532,-0.0078985565477953,-0.00873219310513175,-0.0082446048094905,-0.00403831937816955,-0.0046676070189497
2070,-0.013590683236784775,-0.008863356402927375,-0.008892884233401033,-0.0078682914955437,-0.007898330993414132,-0.007970742207951733,-0.007859324345898934,-0.00869601672950515,-0.008232730509604099,-0.00399419895854315,-0.004633948626292
2068,-0.0136329901203762,-0.008834343213051751,-0.008845319544010168,-0.0077548231279176,-0.007805539569034133,-0.0078964511951456,-0.007786140736644267,-0.0087209172932417,-0.00824839453630445,-0.00394950168252205,-0.0046238316332753
2066,-0.013745719918888576,-0.008916224076079424,-0.0088530372239961,-0.007700087443939833,-0.007723830084367433,-0.007828515718043135,-0.007715266078650533,-0.008794250023435899,-0.00830162857392955,-0.00395592761833655,-0.004664809713295
2064,-0.01379247229756535,-0.00903190367191235,-0.0089015052423274,-0.007717560156555034,-0.007686928571088898,-0.007782628224493034,-0.007680360122489666,-0.0088449978949,-0.00834335901121165,-0.004015171303220251,-0.0047154786483861
2062,-0.013698735672715377,-0.0090384627690717,-0.008900010365643566,-0.007710494781765467,-0.0076663886986427,-0.007757206825062867,-0.0076607705032748,-0.00878996065992035,-0.008293046974390199,-0.0040485586220290505,-0.004696698670813
2060,-0.013557078151310575,-0.00890396911661985,-0.008815695796722601,-0.007629877542037933,-0.007635863338970567,-0.007749966631645,-0.007635186573325001,-0.00864186448149195,-0.00815627838339925,-0.0040016640445011496,-0.0045779352933084
2058,-0.013488536888908201,-0.008738626510737826,-0.008716703347545833,-0.007542836033718067,-0.007614440737167767,-0.007763613270901733,-0.007629092013206167,-0.008508368526358199,-0.0080385352945255,-0.0039222142807711,-0.004414184293282
2056,-0.013504078113787926,-0.008661643725505826,-0.008662761331194367,-0.007523527659795567,-0.007626172905761834,-0.007795801580854633,-0.0076686382784663665,-0.0084693086626323,-0.0080129337981803,-0.00387930418216565,-0.0042944399366928
2054,-0.013551553640401375,-0.0087000539150528,-0.0086336138317038,-0.0075623150231044,-0.0076540662706772,-0.0078302613796451,-0.007724816999988633,-0.0085060851419759,-0.008039953445542,-0.0038596197661531,-0.0042648759438443
2052,-0.0135940263813703,-0.00878643542109735,-0.008580631249693401,-0.007594378927720233,-0.007648206624031133,-0.007833040222656601,-0.0077368080914318,-0.00855163000145835,-0.00804172731844035,-0.0037993425295247503,-0.0042843485690858
2050,-0.013582957420443674,-0.008817752274424651,-0.008483945859568201,-0.007557150664817267,-0.007554971479929833,-0.007750482121355768,-0.007666017731078233,-0.00855687086522615,-0.00799583608179015,-0.0036786971745016,-0.0042541633871983
2048,-0.013437758442925777,-0.008717372191965025,-0.0083350713062009,-0.007400706973958666,-0.007340313571092067,-0.007537703911129867,-0.0074984768779112,-0.0084787542156265,-0.00790352356717645,-0.00351980996963745,-0.0040930948565572
2046,-0.013169041480057549,-0.00850871759643145,-0.008144285291199866,-0.007139193559367634,-0.007054319082643367,-0.007248697656299233,-0.0072601273152982995,-0.0082949098414244,-0.007753536770841099,-0.0033418935086403003,-0.0038241633498144
2044,-0.01292805400877875,-0.0083093582242516,-0.007973818755169301,-0.006893977327235168,-0.006829454736765733,-0.0070302692260647,-0.007030636102754367,-0.008070295566178848,-0.00757804776030625,-0.0031593490212136503,-0.0035705906361246
2042,-0.012796997515005475,-0.00817340685148665,-0.007879035318759166,-0.006767408686090166,-0.0067230347001877,-0.006939435474359334,-0.006867432255963066,-0.0079005712372625,-0.00744878145677195,-0.00299056818266585,-0.0034086269941711
2040,-0.012720519526363026,-0.00807368183617455,-0.007873398459354867,-0.006755048597608434,-0.006688394840415633,-0.006917961200024167,-0.006781725023214666,-0.00781628501309255,-0.007404996397467001,-0.0028718985273736,-0.0033404970109828
2038,-0.012684090659896351,-0.0080355957150933,-0.0079661165294542,-0.006814459285199266,-0.006701978481130567,-0.0069358925187612335,-0.0067879962815875,-0.007790799563971801,-0.0074224435894627,-0.0028370741290983997,-0.0033844580132955
2036,-0.012747089857510923,-0.0081235701853516,-0.008143552233115135,-0.0069148761006904,-0.006787311450115133,-0.007015915562538634,-0.0068853692511326335,-0.0077953113083415,-0.00745057953382445,-0.0028651182520972,-0.0035464415283536
2034,-0.012846243785474,-0.008273757982699751,-0.008302289556267701,-0.0069842763532354,-0.0068927918918822995,-0.007111899387049501,-0.006986374249113733,-0.00780367759274775,-0.00745554505289585,-0.0028755170040069,-0.0037204912075214
2032,-0.01278668966879295,-0.0083000572598021,-0.008286615843818268,-0.0069122016585975,-0.006873953417520533,-0.007109589431602133,-0.006954660410751601,-0.007763466443975299,-0.0074092424499475,-0.0028040929312941,-0.0037333283503862
2030,-0.012526244979407748,-0.00811421116755855,-0.008059945371031567,-0.006687970465711633,-0.006683206942154535,-0.006994138119053933,-0.006757067238802,-0.007635820695955101,-0.00728022533328145,-0.0026707584887889,-0.0035283874528879
2028,-0.012256729206263774,-0.007819552759080275,-0.0077666577113943,-0.006445284799742767,-0.006464197188962733,-0.006882550901532533,-0.006507643127156101,-0.0074572672058773,-0.00706587328424645,-0.0025386461526297,-0.0032413120708903
2026,-0.012089593986156999,-0.007520924241208176,-0.0075193894164625,-0.0062673724550267665,-0.0063347831507704665,-0.006813148015582,-0.0062971561582797,-0.00728296267994195,-0.006808458908682849,-0.0024169696826064,-0.0030149604765656
2024,-0.01196076265810885,-0.00725617394925125,-0.0073051062326785,-0.006115253115815534,-0.0062555608372479,-0.006683453201851801,-0.006122666262543999,-0.0071223726222241004,-0.00658080447065325,-0.0022933182685416003,-0.002889460533006
2022,-0.01186296438831265,-0.007100083118065675,-0.007116688270574767,-0.0059598091958767,-0.006149628020089966,-0.0064296072974275335,-0.0059792515976635,-0.006958729472146,-0.0064472351251935005,-0.00219383284281865,-0.0028526843073326
2020,-0.01189476941414525,-0.007122180326534749,-0.007021267083471168,-0.0058552975996561335,-0.006036714797759533,-0.0061440730560921334,-0.0059073555932990665,-0.0068145471396365,-0.0064195237619022,-0.0021561192263219,-0.0028777512108265
2018,-0.01202786741948355,-0.007246696946125725,-0.007046098414393267,-0.005840539336866401,-0.005981499595173999,-0.0059497105846909,-0.005920305128687333,-0.0067546805203819,-0.0064630369564423005,-0.0021695985440857,-0.0029129646167262
2016,-0.0120752780060211,-0.007319458811549274,-0.007116471172493433,-0.0058698072271731,-0.0059885129188450665,-0.0058791570750121,-0.0059711683092322,-0.0068136964188977005,-0.0065384033150814,-0.0021822406211069,-0.0029043441782717
2014,-0.01195056188102305,-0.007290569142968625,-0.007140798111091833,-0.0058699790625619,-0.0059975383326838,-0.005886835997450067,-0.005997684119680433,-0.0069197602500339,-0.00658387036472575,-0.00214974521688795,-0.0028458354332577
2012,-0.01180070788548565,-0.007248176122340949,-0.0071287428786499666,-0.005841200996698333,-0.0059697850406449995,-0.0059153651840336,-0.005987983124792933,-0.0069672094619427,-0.0065505408230546,-0.002088083865852,-0.0028070925363335
2010,-0.011782143671257676,-0.00726581986430345,-0.007173971533948167,-0.005853445395900533,-0.0059421550072447996,-0.005951676537301667,-0.005986251857195934,-0.0069600723377471,-0.006480162474952049,-0.00207006611311505,-0.0028748780000656
2008,-0.011879877240893375,-0.00732693341367365,-0.007322556146731667,-0.0059450203959471,-0.0059669472031676,-0.006016780305054467,-0.006024861443684866,-0.006974497952603249,-0.00645799424227805,-0.0021477151983223,-0.0030438661378779
2006,-0.011990452278506852,-0.007387812712266399,-0.007499153797521567,-0.006062213784151934,-0.006041030773861866,-0.0061128393494638,-0.0060781930831696335,-0.00701907613896325,-0.0064898466225301495,-0.0022688830472697,-0.0031702086291942
2004,-0.012043610067515451,-0.00742258486407155,-0.007577362329068666,-0.006100560193239401,-0.0060904009801582,-0.006182228744936967,-0.006083207236557767,-0.0070216983772656005,-0.0064886852626932,-0.0023197775333348002,-0.0031033449888088
2002,-0.012015277129732948,-0.00740548419975275,-0.007512501322874134,-0.006015075968393033,-0.006049874281025033,-0.006163155131598767,-0.006006202496236,-0.0069698439388131,-0.00643246156414115,-0.0022744249880846,-0.0028766866754936
2000,-0.011912277125425976,-0.007322911259774601,-0.007353784005708733,-0.005851682302607034,-0.005927557481604767,-0.0060635974795659004,-0.005869094535839533,-0.0069308908015001496,-0.0064093382576638006,-0.0021935188723488,-0.0026491727146108
1998,-0.011795010787534501,-0.007196962056418125,-0.007157660329870367,-0.005681991060498499,-0.005766094522483734,-0.0059293773986061,-0.0057171937816469,-0.0069167081898261,-0.0064495242406101,-0.0020937802804261,-0.0025035525972462
1996,-0.011746087265489775,-0.0070819027499287,-0.006955631047508566,-0.005552656594439567,-0.0056028512318251,-0.005789918005399234,-0.005593632879053033,-0.00685887700272125,-0.0064542805247226,-0.0019427398916688002,-0.0023892090528992
1994,-0.011749185900860775,-0.007005453349890349,-0.006769199777031933,-0.0054708753430322,-0.0054598901052895004,-0.0056445525359422,-0.005516475497504933,-0.0067251774576442,-0.0063372430570346,-0.0017550618290126,-0.0022551498578841
1992,-0.01169107853037505,-0.00695253905431935,-0.0066399764428859325,-0.005437474492687634,-0.005374249323773666,-0.005517752756488233,-0.0054825083702813,-0.0065803465552282,-0.00614999604298215,-0.0016134331250785999,-0.0021663104844884
1990,-0.011531124399738626,-0.006911141834326225,-0.006620536601017466,-0.0054652741798695,-0.005400509193346867,-0.0054920642276986,-0.0054903642808462995,-0.00651735747110655,-0.0060339518151635,-0.0015788228724454001,-0.0022198518051169
1988,-0.01136814134157925,-0.0068735180663060755,-0.006686766527969234,-0.005534953219158766,-0.005524740564165134,-0.005602450990772466,-0.005540633938467166,-0.00654531211678875,-0.00605156586384885,-0.0016132177141232,-0.0023697843172929
1986,-0.011245915004129374,-0.0067780105899874,-0.0067118047659672,-0.0055659825692689,-0.005631470372051532,-0.0057455859313812335,-0.005602108241475033,-0.00658901985113125,-0.0061178169976098,-0.00164823589811825,-0.0024529965668431
1984,-0.011070916795643624,-0.0065409947602574,-0.0065754515916186,-0.005465590608256733,-0.005595616821227033,-0.005771085439021933,-0.0055963541228767335,-0.0065679714575373,-0.0061115273639475495,-0.00166081418401695,-0.0023700150733968
1982,-0.0107586695924624,-0.00615754607562065,-0.0062529213304148,-0.005184885642231667,-0.005365933216919533,-0.0055883499129051675,-0.0054211777695218335,-0.0064008122187191,-0.005936634312959,-0.0016129545070294,-0.0021382691804342
1980,-0.010350853876786126,-0.00573956830038435,-0.005834365654677501,-0.0047658688138737665,-0.0050055400356213,-0.005226199828510966,-0.005051600935656534,-0.006054855091209449,-0.00557415817379625,-0.0014369300337105,-0.0018490037100149
1978,-0.009909155538392927,-0.0053859296113468,-0.005419588491735233,-0.0043021057570554,-0.004616162297294667,-0.004779736826651267,-0.004584211857112267,-0.00561921731791035,-0.005120686776861,-0.00113125909746985,-0.0015836476847833
1976,-0.0094391071950384,-0.005108866286733775,-0.005053739874997734,-0.0038957177011715665,-0.0042689701302674665,-0.0043559098079042,-0.004175858247961733,-0.00527771996749475,-0.004751879346028149,-0.0008099629408925,-0.0013798951107269
1974,-0.0090067393250605,-0.004897959754397825,-0.0047677656461395665,-0.0036312732360272333,-0.0040082840852096666,-0.004065469933075667,-0.003939033844623634,-0.0051425944046109996,-0.004584490347009151,-0.0005908453299922641,-0.001226039796454
1972,-0.0086828348536037,-0.004693067196421576,-0.0045216197326032334,-0.0034355333723234665,-0.0037822915497769667,-0.0038850589333642668,-0.0038022155969894664,-0.00508170114409955,-0.0045068954302435,-0.0004130195530074,-0.0010202292704465
1970,-0.008376625041292425,-0.00436551940887325,-0.004194101846781633,-0.003121110254063333,-0.0034640856323753665,-0.0036549876627361,-0.0035976964069117,-0.0049031831064656,-0.00433547959002095,-0.0001453326162789,-0.0006790765183292
1968,-0.007968048510217499,-0.0038781826537584003,-0.003765881682089667,-0.0026653309391060664,-0.0030474999765242997,-0.0033249895850210333,-0.003304623310923067,-0.00461965285238985,-0.0040887148421275,0.00016433030630310004,-0.0003004784891784
1966,-0.00752875030943235,-0.0033965130555967753,-0.0033976225698884,-0.0022873599639364334,-0.0027070135068460333,-0.0030441478921995335,-0.003064608736658,-0.00438220861644455,-0.0039380367591947,0.0003417999192288,-8.65994227387141e-05
1964,-0.0072242344175067995,-0.003096762700810425,-0.0032096195024502,-0.002140745619129267,-0.0025560392643539,-0.0029199875729174663,-0.002954505616441933,-0.0042253898703782,-0.00392311124001395,0.0003599112453404,-6.91177317856397e-05
1962,-0.00706300165913685,-0.002956140562033625,-0.003126782201621934,-0.0021055618551729664,-0.0024952760618490665,-0.002851017208677967,-0.002892398205845,-0.00406073002253635,-0.0039148772652359,0.00035397112221705,-9.47710511934443e-05
1960,-0.006989003048857575,-0.002921122182754075,-0.0030806088715945993,-0.0020569282765584666,-0.0024374196795455666,-0.0027514857919853333,-0.002832269549901367,-0.0039072565860203,-0.0038653626131255,0.00037977400061939997,-9.25680400529855e-05
1958,-0.007026032396684575,-0.0030141484605162,-0.0031069446284748333,-0.0020384405714165,-0.0024319350522008336,-0.002690194629437967,-0.0028295836850626,-0.00387941873900315,-0.00384242396414225,0.00040091308863825,-9.9901491095241e-05
1956,-0.007161216807095526,-0.003179917010454325,-0.003194167357060733,-0.0021040318074264336,-0.002515220333752167,-0.0027309110853345336,-0.002894820961749633,-0.0039693212666204,-0.0038670234255438,0.00042143991703109994,-0.000117676144109
1954,-0.007253962167866725,-0.003249874600917975,-0.0032286748075503334,-0.002174893423943433,-0.0026062570109031333,-0.0027951632078405003,-0.0029347379860109,-0.00404257250437435,-0.0038791411314734996,0.00047643001288025,-0.0001118339512506
1952,-0.007181414035759899,-0.00312449476716285,-0.0031347016848006,-0.0021417169982037663,-0.0026057448745012667,-0.0027725608315391,-0.0028664535205988662,-0.0040197244402475005,-0.00383784972881695,0.0005550124071452036,-9.56760010347558e-05
1950,-0.006993590737299099,-0.0028864929616022753,-0.0029535646797004002,-0.0019913925951609668,-0.002490362094022067,-0.0026519959861505,-0.0027003815077796998,-0.0039136925446112995,-0.00373900881427845,0.000640554793707749,-7.55437651700823e-05
1948,-0.006848676371569325,-0.00269480867979135,-0.0027684127316407667,-0.0017953421419429668,-0.0023037552031298335,-0.0025047797028925002,-0.002511243804689167,-0.0037608634706884,-0.0035826544874308502,0.0007642453631768,1.80618508901816e-05
1946,-0.0067912196745307995,-0.002587252669884175,-0.0026024977336424333,-0.0016153237523009335,-0.002094203199653,-0.0023802684792694332,-0.0023580677570615,-0.00359570355091015,-0.00339104696486995,0.00093675602731185,0.0002322559838296
1944,-0.006713603070228325,-0.002490225926946525,-0.002460814006295067,-0.0014961077370112333,-0.0019192590394450334,-0.0022929798924102,-0.002276414047370967,-0.0034921692107052,-0.0032502327824660998,0.0010638204498373501,0.0004589932346858
1942,-0.006510520400158625,-0.002355466080672575,-0.0023820538879514666,-0.0014786047529613,-0.0018558406129977666,-0.0022614721626797334,-0.002286568903913967,-0.0035252565535407497,-0.00324782625947875,0.0010328843467816,0.0005071456102988
1940,-0.006185321788588125,-0.002193090986515225,-0.002348598872344667,-0.0015155587879268665,-0.0018933294526708,-0.0022715791642209334,-0.002344880066822867,-0.00363962103197035,-0.0033337915492961997,0.0009011620814521,0.0003744919638327
1938,-0.005759227382721376,-0.001981410485736875,-0.0022413793333529667,-0.0014787271267661,-0.0019114622938510332,-0.0022563621510966335,-0.002365167063104367,-0.00369850927325005,-0.0033759475383721496,0.00082870602486625,0.0002514961797969
1936,-0.00519475285335335,-0.001647637588536875,-0.0019588313684157,-0.0012906685623409668,-0.0018141965277297667,-0.0021645390326064666,-0.0022987247289167003,-0.0036409042404200002,-0.0033225723987138,0.0008724081827193001,0.0002429863054707
1934,-0.004457507569139875,-0.00113377616421125,-0.0014933400253705669,-0.0009641841683513999,-0.0015810288713766333,-0.0019868869409090666,-0.0021444669233773666,-0.00348062662036735,-0.00319697529257115,0.0009918759317226,0.0003084869106047
1932,-0.003533875866056825,-0.0004259869321771473,-0.0008757182226369666,-0.0005243292397190466,-0.0012189167374956668,-0.0017153304136408667,-0.0019163194488658333,-0.0032373125202365,-0.00301908288562815,0.001156128392529,0.0003935311314367
1930,-0.0023394002476041253,0.0005111322669473924,-5.062500605329119e-05,9.424469289636664e-05,-0.0006931202591467,-0.0012950474934769667,-0.0015992628184023667,-0.0029058242039766997,-0.0027767419530342003,0.00138616343922295,0.0005226701310751
1928,-0.00073565090652965,0.001764738376207,0.0011089799985488666,0.0010080858778481333,5.897470006171499e-05,-0.0006517827562939666,-0.0011434779820897667,-0.00247148815503735,-0.00244641404813015,0.0017173639768760002,0.0007577392123697
1926,0.001292349023570625,0.003369324498359475,0.0026331116738595,0.0022321089384427333,0.0010362331991121,0.00021589452568573803,-0.0005182546228041666,-0.0019304854402687499,-0.0020101358951450004,0.00216399060042095,0.0011291296071706
1924,0.0035795186612135,0.0052256134700833,0.0043780530541665,0.003622647658205967,0.002140604813273533,0.0011980128838035666,0.0002271375851857555,-0.00130000067280905,-0.0014748394904491,0.00270309271604825,0.0016142744230622
1922,0.00590970818596585,0.0071310131397252,0.006120096642050099,0.004973732166302266,0.003228113115987733,0.0021355420975844,0.0009573895293776666,-0.00065539003772435,-0.0009214925261053215,0.0032485850573502504,0.0021281934044822
1920,0.007935756674916125,0.008722452722206425,0.007533724589322666,0.006019589881437933,0.004077970505718866,0.002827939915993233,0.001467929489394,-0.00019201069129535982,-0.00054066570054915,0.0036289937687513,0.002502965370738
1918,0.009077692208165351,0.009500683718848674,0.0081796364309264,0.006439081513464301,0.004405522584487933,0.0030550687489274003,0.0015738239393280667,-0.00013523858622938834,-0.0005166487698021501,0.00368222553118,0.0025681139936168
1916,0.0090163703556161,0.0092977768376248,0.0079114027836773,0.006170396446877234,0.004156083584525,0.0028024922738082002,0.0013123554710338667,-0.00046136324062275003,-0.00079365063975635,0.0034575257181544,0.0023611514495016
1914,0.0079648907508606,0.0083984473436691,0.007007171204364966,0.0054682363934640335,0.0035572363501982333,0.002275685470398133,0.0008843532307263334,-0.0009281300633077001,-0.0011567396188184001,0.00314414020524385,0.0020826605419755
1912,0.0061314643090266,0.0069979376943954,0.005682671962510767,0.004488198320068967,0.0027498690808056333,0.0015926768727775667,0.0003699811501192667,-0.00141458550001035,-0.0015353359010772,0.00279965841420235,0.0018112887389301
1910,0.00361571417339245,0.005121411539545625,0.0039852899661084,0.0032112151198218663,0.0017129524280659334,0.0007329664034170999,-0.0002776603589077105,-0.0019727713548005,-0.0020037750132885,0.00234702805880635,0.001464003479426
1908,0.000848259890318425,0.0030290343900001245,0.0021294891031967,0.0017519523251292,0.0005262028734925333,-0.0002493886738361667,-0.0010269912071093,-0.0026154223412841,-0.0025631901456552,0.0017753566243845001,0.0009974589279597
1906,-0.0015873195787125245,0.001147205703594675,0.00046249634079190003,0.0003888484777747,-0.0005877412777598,-0.0011903565780959668,-0.0017384057299725999,-0.00323404593938885,-0.0030900541569183,0.0011999971860144501,0.0005130813222643
1904,-0.003531476816338975,-0.0003752084238502008,-0.0008850515799515334,-0.0007267195339576999,-0.0014995522674923333,-0.0019898858781015666,-0.0023284235029523005,-0.0037348082990203,-0.0034970253926455003,0.00072612648219705,0.0001255971911525
1902,-0.005145105807855075,-0.0016387235484259998,-0.0019867635193339334,-0.0016223996127201334,-0.0022277870470010334,-0.0026442210186018336,-0.0028088835417811667,-0.0041115307527243,-0.00379591804759235,0.00038182330643735,-0.0001506097266962
1900,-0.006495031442080926,-0.0026982772515876502,-0.0028989551851036333,-0.002346472689176033,-0.0028127911517268,-0.003160821707013367,-0.0032052117451455996,-0.0043978007297028505,-0.00402716170879305,0.00014888391883889998,-0.0003699304397055
1898,-0.00753424626971835,-0.0035246593346128,-0.0036208663094694,-0.0029033491557082665,-0.0032565407537647998,-0.0035377796166032997,-0.0035188155953533,-0.004619332088046451,-0.0042104892567839496,-1.3141846230450014e-05,-0.0005754710554738
1896,-0.00829317842613785,-0.004120925740656,-0.004156256875457734,-0.0032838609844791666,-0.0035459278461849333,-0.0037791884171208337,-0.0037380148524649,-0.00477509053859585,-0.00434336118846415,-0.00013325787377485002,-0.0007543520242285
1894,-0.008869878961648474,-0.004530105253509576,-0.004512800229939333,-0.0034949419145395,-0.003687214599399,-0.003898007367038833,-0.0038585869534602333,-0.0048455752357969995,-0.0044119901208316496,-0.00019744847449464998,-0.0008577235623143
1892,-0.009310163341121674,-0.00480147416457175,-0.0047150140530662,-0.0035959179636285,-0.0037419517194919,-0.0039416108936434335,-0.0039190188318588325,-0.00484633078258845,-0.0044261630616159,-0.00019399776526084997,-0.0008795353127253
1890,-0.009615255993918525,-0.0050103494409247,-0.004852233993858934,-0.0037012989740381665,-0.0038181733582594002,-0.004002798850747767,-0.0039973623113195664,-0.0048636055977957,-0.00444893488006445,-0.00018715153443075002,-0.0009015219062539
1888,-0.00981550259728175,-0.005234739854401376,-0.0050285617159717,-0.0038895832032336667,-0.003981835681058099,-0.004148197107320067,-0.004128240228365567,-0.0049810412219206,-0.0045430602279115505,-0.00026654813741755,-0.0010073663034596
1886,-0.0099532194844594,-0.0054665996333324255,-0.005239070626616033,-0.004109358587412367,-0.004181381123432533,-0.004335249166422799,-0.0042466506315395666,-0.0051653510615187505,-0.00467603291750075,-0.00041248268959685,-0.001163594317959
1884,-0.01003651647726725,-0.005626622999642575,-0.005386244964118833,-0.0042451056286174,-0.004314728362369233,-0.004463767115222933,-0.004277679466051633,-0.00529427954818535,-0.004748047042700499,-0.0005096071609430499,-0.0012610126280591
1882,-0.010069228674586376,-0.005699564038285225,-0.005445632497259799,-0.004280750682321167,-0.004369481045633433,-0.004513973262145234,-0.004255730455144966,-0.0053190425968432,-0.004739650185439551,-0.00052348038861435,-0.0012779765699987
1880,-0.0100813380169089,-0.00575235661504725,-0.005498333144462266,-0.004305708890863367,-0.0044175325509708,-0.004549827950163134,-0.004277482161997266,-0.00530741202037525,-0.00473982924854675,-0.00054025456256215,-0.0012960450135994
1878,-0.010086341527432626,-0.005799885665798975,-0.005574705734571968,-0.004358326993125034,-0.0044752033174306665,-0.004587592897886734,-0.004350137131570633,-0.00531764693908485,-0.0047979535322226,-0.0005979490260838,-0.0013367950815471
1876,-0.010050012796212874,-0.005745949679598775,-0.005556660701055867,-0.004327946599205633,-0.004430606169856267,-0.004525817784485266,-0.004341870755331133,-0.00528757938852065,-0.0048034756519334,-0.00056558185758995,-0.0012618950235917
1874,-0.009962903675398324,-0.005532036768264825,-0.005330489369365234,-0.004086472123725166,-0.004171803344987834,-0.004261870010536834,-0.004138131874883333,-0.0051147442362961,-0.0046101352363825,-0.0002966576146872,-0.0009307681409856
1872,-0.009913288469407474,-0.00527377772728985,-0.004976861773853367,-0.0036787401926385,-0.0037512980305593664,-0.0038434753078618994,-0.0037924489576250664,-0.0048206137591490505,-0.0042442065988422505,0.00015091903177555003,-0.0004155807417144
1870,-0.01003181021722455,-0.0052186616030578245,-0.0047880544131485995,-0.0033865624625838333,-0.0034450074036453337,-0.003530981991602667,-0.0035464935976108336,-0.0046139545777151,-0.00396859897176,0.0004611354136285,-6.40901077901188e-05
1868,-0.010291946207530451,-0.0054789267121007,-0.005000797778452766,-0.003512904812750567,-0.0035564633816962,-0.003624841232840067,-0.0036469315683621667,-0.0047158635023806,-0.0040644488417019,0.0003192524960401,-0.000222497092366
1866,-0.0104663422956688,-0.00580796944974155,-0.0054143936694678345,-0.003930649460921466,-0.0039752889520967664,-0.004036755303481666,-0.003991215130878166,-0.0050115711276013004,-0.0044094998768447,-0.00011668305814039996,-0.0007065727117536
1864,-0.01044338378857085,-0.0059362691770058,-0.0056583153399019,-0.004245355637556867,-0.0043147874429782995,-0.004391272325430034,-0.004258506470865766,-0.0051976299497407,-0.0046470968901549,-0.00042678765805814994,-0.0010412584686312
1862,-0.010329250523359975,-0.0058661760584756495,-0.005641685038588266,-0.004301726375198034,-0.0044070001065763,-0.004501891204066866,-0.004313888509163067,-0.0051817257310471,-0.0046583729305704,-0.00045959361238724996,-0.0010663164269301
1860,-0.010261179858505151,-0.005744380006433425,-0.0055126588374629,-0.004220310665005567,-0.004356412895583201,-0.0044516035838661,-0.004250085020763301,-0.0050948135068001,-0.0045767600256809505,-0.00035028014323215,-0.0009514261705236
1858,-0.0102668832511788,-0.005676729314841701,-0.005432405153544699,-0.004169162020300966,-0.004328191196206433,-0.004408618135074033,-0.0042118761187028,-0.0050756341339111,-0.00455460337365795,-0.00028196376468705,-0.000904990036764
1856,-0.010276851442209725,-0.005654830500112725,-0.005418029442646133,-0.004169031073061633,-0.004348390839553867,-0.0044193194157005,-0.004218683448628033,-0.00509434079738215,-0.0045818827998151505,-0.00028108360595500005,-0.0009375036417365
1854,-0.01023773650631535,-0.005610219638392475,-0.0053685312711139995,-0.004109433752340433,-0.004297960073121933,-0.0043726335703132,-0.004156882149906667,-0.00500498447204575,-0.0045242077191500005,-0.00021661807508989997,-0.0008897702159241
1852,-0.0101758500560212,-0.0055082854399743,-0.0052105672681853335,-0.003919209809437667,-0.004081485844129334,-0.004165316071832033,-0.003943408949928566,-0.0047505820417971505,-0.0043045969205517,2.0301677747500016e-05,-0.0006559042578937
1850,-0.01015112029739055,-0.005377115313772975,-0.004974555875811166,-0.0036478926083927665,-0.0037377952716443337,-0.0038353149205409332,-0.0036324617004622,-0.00443578189054275,-0.00398539003549335,0.00038905421125665004,-0.0003012028331284
1848,-0.0101883130561531,-0.005270208786207051,-0.004750171719179333,-0.003399887671850567,-0.0033981920472743,-0.0035213511841223,-0.0033579152242170667,-0.00421546039783675,-0.0037009682414497497,0.0007341607318791066,1.4894389654296e-05
1846,-0.01024786004710235,-0.00522246125740425,-0.004625389041014967,-0.0032700542320520335,-0.0032181788325358666,-0.0033684047846871666,-0.0032428984030717332,-0.0041875993732721,-0.0035855002373029,0.0008733230508890638,0.0001413201123418
1844,-0.010242758203191975,-0.005216042857853225,-0.004628690641291199,-0.0032964805847595334,-0.0032770098914580003,-0.003424112797903766,-0.0033140293498931665,-0.0043258662065819,-0.00368473253151785,0.0007403439447662765,4.01015831653221e-05
1842,-0.0101349241104072,-0.0051989817497969755,-0.004691671451450933,-0.0034047515007903997,-0.003451566524593467,-0.003564200180726767,-0.0034467755834729336,-0.0044791671798263995,-0.0038636126212280497,0.0005092949865521501,-0.0001414159354144
1840,-0.009983711720802452,-0.005159233382908249,-0.004734196759735333,-0.0034764613927466006,-0.0035407635882669336,-0.0036274223209810663,-0.003491132657380933,-0.00451886827559865,-0.00393779600424025,0.0004026200308962,-0.0002273000665211
1838,-0.0098608756863754,-0.005125570423494574,-0.004741621888377733,-0.0034605944088467663,-0.0034763697500956995,-0.0035658316542618667,-0.0034037602628086,-0.004424456913684149,-0.0038512422227672998,0.0004752416610525,-0.0001627715895079
1836,-0.009797850320997725,-0.0051106307081941,-0.004723279780802133,-0.0033691232885823996,-0.0033143636592809,-0.003419176285319767,-0.0032286473565144333,-0.0042386600083259,-0.0036571943527694,0.0006695057114459148,3.70868100012709e-05
1834,-0.009803974997568549,-0.0050960516932543,-0.004668615910691734,-0.0032336335571414663,-0.0031404442264167335,-0.0032543446854209662,-0.0030427640858304334,-0.0040255537044895495,-0.00343651682479965,0.00091717028617655,0.000348079350241
1832,-0.00989144000277725,-0.005072554051781451,-0.0045713053472535336,-0.003094391205267467,-0.0030170540269484334,-0.0031387427179121667,-0.0029200398663796335,-0.0038516758264097997,-0.0032525680739704504,0.0011579017997804,0.0007113942493196
1830,-0.010054769091085075,-0.005070291038195075,-0.004480717400457134,-0.0030174861968492333,-0.0029916838579403335,-0.0031333190382148335,-0.0029170083090315664,-0.00378059304873965,-0.0031610606411334,0.0012969803759971,0.000972907229317
1828,-0.01021616186128825,-0.005111469292388725,-0.0044805662629886995,-0.0030728842170466668,-0.003100280898143567,-0.0032641497886425337,-0.0030542105571083997,-0.0038580688409571504,-0.0032214251138109502,0.00122069123307615,0.0009389199362107
1826,-0.010262363308246049,-0.0051478059708101,-0.0045794349601183,-0.0032421534264411335,-0.0033060971180939,-0.0034708841956339665,-0.0032740984840665,-0.00405954840630675,-0.0034308923807715498,0.0009410577943783,0.0006067183966459
1824,-0.0101815051620327,-0.005122938416838975,-0.004695188899957166,-0.003413351151370567,-0.003497674969809333,-0.003641863231854834,-0.0034660930231109996,-0.00428357446649585,-0.00368341106860045,0.0006357035351876955,0.0002177651894935
1822,-0.010067119710983926,-0.005066345331548325,-0.004776121504966067,-0.0035123109234118,-0.0036024599315846333,-0.0037207612263036997,-0.0035672454713156,-0.0044367797450954,-0.0038631231987241,0.0004589570175376865,-1.84050796060385e-05
1820,-0.009988709178246276,-0.0050477268795533995,-0.004833728937865334,-0.003551008731222267,-0.0036323996515847004,-0.0037249592437585337,-0.0035928560301104334,-0.0044870286623941505,-0.00392405407765265,0.00043105996659225005,-7.85463088251759e-05
1818,-0.009935388014880801,-0.005073623172080649,-0.0048634219865540005,-0.0035498860102239995,-0.0036153204001318664,-0.0036811361311397,-0.003576103559374034,-0.004445684286294349,-0.003873817898512,0.0005089726991996977,-2.25889112495672e-05
1816,-0.009880712506664575,-0.005084031889765125,-0.0048206728587014995,-0.0034886675048401,-0.003543817086803133,-0.0035888509105775662,-0.0035164102610023337,-0.00434192726935955,-0.00374145524355525,0.0006644279656296076,0.0001215263668252
1814,-0.009850870720195025,-0.0050536122829432,-0.0047027624040164,-0.0033669481564038667,-0.0034219886640747,-0.003460082084147,-0.0034103855578091007,-0.00422436583200105,-0.0035844837101464497,0.0008565821555036499,0.0003294651476008
1812,-0.009886151830995575,-0.005037382838247075,-0.004599700886624767,-0.0032698935680441333,-0.003323312333532767,-0.0033632505262721,-0.0033133257466696335,-0.0041664926709729,-0.0034987609289433,0.0009782978309686,0.0004973292501224
1810,-0.009955336738751925,-0.0050802800569332745,-0.0046051914880407335,-0.0032985535011583332,-0.0033300064177070998,-0.0033705024938680667,-0.003308665367721333,-0.0042190022606201,-0.0035523858454481003,0.0009322527837021,0.0004976193939551
1808,-0.009977159057944425,-0.005126994631271325,-0.004684814019982733,-0.0034205178570931335,-0.0034053635488670666,-0.003447802324228467,-0.0033882913303449,-0.00433144371656045,-0.0036797212828605,0.0007890768841346499,0.0003610664519667
1806,-0.009939517109491099,-0.005100327091972924,-0.0047225038906348335,-0.0034949533301586334,-0.0034280309483713666,-0.003482956062728633,-0.0034450790961238,-0.004387411098689949,-0.00373014366050145,0.00073287444117665,0.0002696615878806
1804,-0.00990572653302255,-0.005015812751953775,-0.004674628909781167,-0.003448932843423,-0.0033534571365127666,-0.0034284794591978667,-0.0034086482763373664,-0.00432351299943815,-0.0036297881472431995,0.0008368615891864,0.0003329907737274
1802,-0.009902711688646076,-0.004945260665091925,-0.004582317356016433,-0.0033218916070781,-0.0032406137404750665,-0.0033315354537043,-0.0033000998064144,-0.00416139617083555,-0.00342566972869815,0.00101396789272475,0.0005000480023685
1800,-0.009871441280358675,-0.004903498187603874,-0.0044747679106266,-0.003168348361088,-0.003135794339714233,-0.0032367710132037,-0.0031632939801837998,-0.00396319066880395,-0.0032149862022773,0.00116357662623365,0.0006720574061399
1798,-0.009776715868506775,-0.00483578695174155,-0.004335203150445133,-0.002984111942928033,-0.0029978060622452667,-0.003115101071670267,-0.0030009678343366334,-0.00377774594401945,-0.0030486761148262,0.0013065105417329,0.0008401828572877
1796,-0.009705919488177025,-0.004750688090039749,-0.004189837116238967,-0.0027788060089111665,-0.0028121921753724998,-0.0029550682078618,-0.0028312068176678667,-0.0036405150757586498,-0.00293270271012245,0.001479492227918,0.0010260207430234
1794,-0.00976897744123415,-0.004762119481863975,-0.004156861435606967,-0.0026765817939726996,-0.0027138264875436,-0.0028749844067605334,-0.0027712012348385666,-0.0036276278583815998,-0.0029234113370673,0.00156233675663845,0.001120696741939
1792,-0.009930466164878724,-0.004934083961615175,-0.004326831961460734,-0.002837344387208733,-0.0028849888549543,-0.0030376999389736662,-0.0029532316794117666,-0.0038150448250016,-0.00309832892457315,0.0013762832550199,0.0009471103182981
1790,-0.009992110447252924,-0.0051004811254975,-0.0045544078156135,-0.0031659797372849997,-0.003230120513627433,-0.0033546842733341003,-0.0032587188127914334,-0.00409334058338485,-0.00335849411636175,0.00103944410693885,0.0006026131358871
1788,-0.009871826732278976,-0.0050681535948797,-0.004607193767439333,-0.0033576675516013336,-0.0034212689077705665,-0.0035247014403189335,-0.003401508041524767,-0.00423932193589675,-0.0034878773808323504,0.00088932696059885,0.000423949429497
1786,-0.00967708276046005,-0.0048739065991864,-0.004465646623529,-0.0032983217699112002,-0.0033337983551257333,-0.0034327050242609664,-0.0033025405477491664,-0.00418495795699725,-0.00342497039790345,0.0010134179781275,0.0005234232181559
1784,-0.0095140097661508,-0.00466770143673495,-0.004250295248499234,-0.0030803004415657664,-0.0030712557479308338,-0.0031763674976702,-0.0030724140661498333,-0.003992173534592049,-0.0032446107924281,0.0012589410925523,0.0007608282213392
1782,-0.00941296954838865,-0.0045598983880157,-0.0040780932419412,-0.0028527963263113,-0.0028100510632338665,-0.002924412163683733,-0.0028557841196119333,-0.00375922193698495,-0.0030515244237563502,0.0014496688377876501,0.0009466139279101
1780,-0.009346490118165926,-0.0045264158328663755,-0.003965471802370367,-0.002686788133331067,-0.002642186426691033,-0.002765090290315367,-0.0027042578479681335,-0.00356208138420225,-0.00290171724098695,0.00156271706000625,0.0010444427462917
1778,-0.00929892671287475,-0.0044684677187462,-0.0038392146353692334,-0.00251869312904,-0.002494194711620733,-0.0026278473629264333,-0.0025490959294444332,-0.0034050492518854,-0.00276910110402,0.0017112998825895,0.0011869188289438
1776,-0.009307306188099275,-0.00436628829692585,-0.0036706689447204665,-0.0022867605802504,-0.0022810126305092666,-0.0024320929421925,-0.002343721001485367,-0.0032793903287454,-0.00263164809944315,0.00193761573966425,0.0014508160172831
1774,-0.00941846622433935,-0.004312177501296425,-0.0035564610105152665,-0.0020769469570871666,-0.002074680007018067,-0.0022452179020792337,-0.0021813851711997,-0.0032503918617204502,-0.00256268359316385,0.00210689237137085,0.0017115507131336
1772,-0.009576556096253526,-0.004406277723436325,-0.0036492698907748997,-0.0021015429715106333,-0.0020902424415834998,-0.002264554252695433,-0.0022475287738607003,-0.00340927953454995,-0.00268727108098475,0.0020010125199211998,0.0017048538813296
1770,-0.009606157840330075,-0.0045672486458117004,-0.0038996322296015,-0.0023790755393295333,-0.0023605249531921998,-0.00251747068471,-0.0025259596297148666,-0.0036682340556573,-0.00295329213847275,0.0016563430884874,0.0013979560754112
1768,-0.009448555574547449,-0.004604436903145725,-0.0040499064921376,-0.0026144694364762665,-0.002595457733049,-0.0027371528106515334,-0.0027321997402697334,-0.0037950548612165997,-0.0031165236482085,0.0014050460729306,0.0011164399245791
1766,-0.009235644857650575,-0.004476822508274575,-0.0039751377313497005,-0.0025971280563122667,-0.0025788356021955,-0.0027237629850439334,-0.0026861524164578337,-0.00369581981352845,-0.0030471204439177996,0.0014514193916366001,0.0011029227765209
1764,-0.009119132622116674,-0.004294706368061625,-0.0037652713457761006,-0.002380549438101,-0.0023633630735936666,-0.0025202551411439,-0.002455756958396833,-0.0034610213349649003,-0.0028221141562365,0.0017262480088929,0.0013221907954929
1762,-0.009146393497845524,-0.00418800173958445,-0.0035916139410035667,-0.0021630373372504004,-0.0021551003996677,-0.002312823162437,-0.0022444378252557333,-0.003259939813112,-0.0026188029396043,0.0020039250254852,0.0015753270720875
1760,-0.00921900001601385,-0.0041912473213401,-0.003557008574843233,-0.0021129349439632,-0.0021300916191239333,-0.0022710489817528334,-0.0022237803908726666,-0.00322090744406295,-0.0025695596865209997,0.0020794378366103,0.0016677346466054
1758,-0.00918391477131445,-0.0041983959880490754,-0.003578990791211,-0.0021837938559652,-0.002236534250262367,-0.002360362414077267,-0.0023405589777496997,-0.0032921931523740003,-0.002610767069823,0.0020022235395547,0.0016225426379656
1756,-0.0090341951677989,-0.004100220327746,-0.0034878582965808,-0.0021581439164076,-0.0022406723625937332,-0.002365284534446,-0.0023634639351453,-0.0032808893769812,-0.00254462035497495,0.0020411250485331,0.0016758099702128
1754,-0.00890007695433645,-0.0039169047814779255,-0.0032320385075165,-0.0019100047449971999,-0.002002890566684933,-0.002145455350569333,-0.002158679867998633,-0.00306632057195835,-0.0022701986704473003,0.00234578836950005,0.0019830536578195
1752,-0.00889086520576675,-0.0037511342027214253,-0.0029032318967051,-0.0014990901559636665,-0.0015719529246367332,-0.0017388838877974001,-0.0017709349596048331,-0.0026769377492587,-0.0018491804593009,0.00282010233205955,0.0024730316494735
1750,-0.009001224289037475,-0.003702371308657975,-0.0026864088137177667,-0.0011611091411766002,-0.0011839270740141667,-0.0013668677864031335,-0.0013996811810493334,-0.00230961505967605,-0.0014966753070514,0.0031764143216776496,0.0028557442566824
1748,-0.00911035690541795,-0.0037624509692668253,-0.0026927477231624,-0.0011208438867714666,-0.0010973354068817,-0.0012758033485319,-0.0012639352159862667,-0.0022032131639855,-0.00142155156045385,0.00320668195008645,0.0028897550867378
1746,-0.009164513113875675,-0.0038432139246236748,-0.002826232395735867,-0.0013094660986035336,-0.0012761639239806666,-0.0014341721849071669,-0.0013553572014084667,-0.00233249733030095,-0.00156389240890905,0.00303836704216495,0.0027015206642651
1744,-0.0092178848956662,-0.003917219442425475,-0.0029909843221860998,-0.0015638456695835333,-0.001549597174845,-0.0016839191304631668,-0.0015592636000552667,-0.0025276613122913,-0.0017646835603708998,0.0028317398380308502,0.0024782530967928
1742,-0.00928531356628425,-0.0039856005031474245,-0.003168078544673733,-0.001806419066331467,-0.0018144036419740668,-0.0019315738161330333,-0.001799774704025367,-0.00268871092375755,-0.0019394154759935001,0.00263205762629565,0.0022665149763723
1740,-0.0093199729828575,-0.004009843733790125,-0.0032977762235193333,-0.001954197423051133,-0.0019708324214993667,-0.0020832299444448663,-0.0019739360831973335,-0.0027572835153639,-0.00201441420562475,0.00253044779339145,0.0021440241963178
1738,-0.009318439226132675,-0.0039627258143288,-0.0032935372961643,-0.0019244802813782665,-0.0019352998815501336,-0.0020581800882521666,-0.0019872788123508002,-0.0026952387051221,-0.0019316956600341501,0.0026402721713015,0.0022438035041695
1736,-0.009354387715602874,-0.0038950523871107245,-0.0031705707908924,-0.0017497389085537,-0.0017395945138632331,-0.0018902364716056666,-0.0018646124569053999,-0.00252898147739985,-0.00173293549565115,0.00291125037033425,0.0025607636383006
1734,-0.009468488796916126,-0.0039075195250515005,-0.0031082619174652667,-0.0016507258751391333,-0.0016025343720839668,-0.0017868492878337667,-0.0017814240930158667,-0.0024145839815639,-0.001620391615845,0.00304273400087745,0.002781020844271
1732,-0.009537589994116951,-0.0040050370457705,-0.0032668184019514334,-0.0018427872162701,-0.0017666224669403003,-0.0019554189973002667,-0.0019047297372863333,-0.00253200529436435,-0.00178933282641365,0.00278783170268435,0.0025392549583308
1730,-0.009435824141292825,-0.004060675339999425,-0.0034957387314886,-0.0021627912878239668,-0.0021015492969044,-0.0022557045665230666,-0.0021296797052747997,-0.00278133512690935,-0.0020934510043911,0.00239164068540945,0.0020429374289409
1728,-0.00920526120760755,-0.0040188717060206745,-0.0035974987020031004,-0.0023607815182437666,-0.0023437130051912666,-0.0024516982411832335,-0.0022844155386866,-0.00296321238686205,-0.0023035237647981,0.00214537306848455,0.0016818026868224
1726,-0.008941185888168725,-0.00391647309210425,-0.003550498297473033,-0.0023845532545386998,-0.002402782547075167,-0.0024764270475325003,-0.0023229558639519337,-0.00302141776378095,-0.0023610981655527,0.00208826169453935,0.0015690524978041
1724,-0.008737080014052552,-0.003799993583416775,-0.003411493135418967,-0.0022716526713465334,-0.0022869998703040333,-0.0023481067896772667,-0.0022492448356696334,-0.00297659040817205,-0.00228197191417025,0.00219683401951495,0.0016853749505038
1722,-0.00866680550365005,-0.0036885506022615246,-0.0032085963911963,-0.0020342966138644334,-0.0020086595805102665,-0.0020824790323688332,-0.0020542399618444667,-0.00282573542700255,-0.00206178699377285,0.0024960696170687998,0.0020204915381455
1720,-0.0087738901685289,-0.003592510568534625,-0.0029239809515685003,-0.0016442480282039668,-0.0015621965882969668,-0.0016802245609280665,-0.0017201805876391335,-0.0025121248210439,-0.001664916439538,0.00301259194689095,0.0025753078829315
1718,-0.0090553451222512,-0.003579644476311375,-0.0026444852547505998,-0.0012153850032355,-0.0010875204104218,-0.0012795580057163333,-0.0013504633400157002,-0.00207872738867955,-0.0011922222938494501,0.00354113701780875,0.0031408293879296
1716,-0.00931552284157235,-0.0037213119589755753,-0.0026752218281551666,-0.0011802128936108667,-0.0010375885061515,-0.0012794445680536,-0.0012903188850177333,-0.0019197984967529499,-0.001086886236763575,0.00352532563213025,0.0031437156344025
1714,-0.00930939566551755,-0.0038609520741663753,-0.0029898766251258333,-0.0015773050771007331,-0.0014474060602251,-0.0016685891114130668,-0.0015736682308956334,-0.0022187444039357502,-0.001459417769836,0.0030009811334456,0.0026038945672046
1712,-0.0091175298281221,-0.0038159804462652752,-0.003157063629456067,-0.0018557846305299,-0.0017509149572776668,-0.0019290517166874,-0.0017773145471737,-0.00253284064414105,-0.00179133037472215,0.0026533843919737,0.0022357579798594
1710,-0.008889569481865525,-0.003584046106158625,-0.0029862208325662338,-0.0017352282595395664,-0.0016626552748493333,-0.0018223973500068001,-0.0016827955925196331,-0.00254330471754815,-0.0017775725135811,0.0027624258983625,0.0023487782436422
1708,-0.008699223258257076,-0.0032593035409042748,-0.0025605855933066666,-0.0012809930516533,-0.0012407847699789332,-0.0014137515600447668,-0.0013320652196799003,-0.0022413129608561,-0.00144241072996805,0.0032299721000153,0.0028518641818054
1706,-0.008579183010558425,-0.0029785748586486247,-0.0021203374150672665,-0.0007568041009939666,-0.000732063675127,-0.0009313584436555334,-0.0009157677076522667,-0.00182639082247065,-0.0010041440660219017,0.0037883953199984,0.0034643484392973
1704,-0.0085303264570228,-0.00282325854396655,-0.0018544719580221667,-0.0003897448593685,-0.0003462298069376667,-0.0005662955885678667,-0.0006021608931229,-0.0015086469577999,-0.0006695644991989,0.004222469837376,0.0039561596488062
1702,-0.008570160445873524,-0.0027880744619536253,-0.0017506182106511333,-0.00018188920414933241,-7.936231930421857e-05,-0.00031622396132315863,-0.00039998458494306673,-0.00130639579769995,-0.00044437286477665004,0.0045199197906736,0.0043183661012299
1700,-0.00874039366280625,-0.0029011390132198753,-0.0017981908853036,-0.00014174337354490543,4.023487916595297e-05,-0.00020934720975954957,-0.00034412056887950004,-0.00120815754497845,-0.00032767211099979994,0.00461672897624745,0.0044804376884463
1698,-0.008893742994360774,-0.0031613534234422,-0.0021033407404690333,-0.0004594249620446303,-0.0002433130957471,-0.0004767589114121,-0.0006241638775685,-0.0013762853762587,-0.0005196395505719499,0.00425268152392725,0.0041238893150988
1696,-0.008707248560068374,-0.0033158945171926253,-0.0025030646238641996,-0.0010090053930345668,-0.0008466671445404667,-0.0010366474638842998,-0.0011307918124725334,-0.0017670559777407,-0.0009703030386067051,0.0035867346036965,0.0033748076750714
1694,-0.00820482912971625,-0.003162462118979175,-0.0026312687349568328,-0.0013147167813558666,-0.0012412767087790668,-0.0014042603770061,-0.0014258115672359333,-0.00200218312031795,-0.0012427779299769,0.0032137765916023502,0.002894534312294
1692,-0.0076798803288805,-0.002791562791678275,-0.0024070012658413665,-0.0011956062137850668,-0.0011860963480339333,-0.0013566124438916334,-0.0013328361160682334,-0.0018979316088688,-0.00112704046795035,0.0033759020674459,0.0029937862607913
1690,-0.0073044516520532005,-0.002345755173710825,-0.0019388173765126665,-0.0007388875775940666,-0.0007518881058037333,-0.0009528069732766333,-0.0009273479188361667,-0.001506422473239,-0.00069087693882705,0.003970270471175,0.003591629203679
1688,-0.007050951530317625,-0.0018564494195988748,-0.0012863046847621665,-1.6479768565866656e-05,-1.5262080648978863e-05,-0.00025721427393163434,-0.00028190262655699997,-0.0008809687464474,-1.920849767799999e-05,0.00485439768840805,0.0045395447261465
1686,-0.00675103759664295,-0.001278579649558575,-0.00046392398454303064,0.0009246242287201667,0.0009669023916180332,0.0006810857163643,0.0005576021220318332,-5.18372798161505e-05,0.00082109002719895,0.00584388454242145,0.0056118739822425
1684,-0.006231146591749325,-0.0006621998834128251,0.00030993965511606666,0.0017648862026694,0.0018425213245322665,0.0015318720160489333,0.0013201881178906,0.00069654374679585,0.00152840289512605,0.00649543966839755,0.0062687543862339
1682,-0.0055274511178583,-0.00013649627456987506,0.0007427179700669999,0.0021099880631272666,0.0021670417035119334,0.0018693191319856335,0.0016506284644521333,0.0009646400795869,0.00174142267204585,0.0065539951606241,0.0062263280544376
1680,-0.004710231023663801,0.00041573828211255003,0.0010524103340205,0.0022373944844991,0.002219121243939533,0.0019425540856699668,0.0017570826854871665,0.0009721836207214,0.0017138753028365,0.0064906688495978,0.006059440842
1678,-0.0037293551959573746,0.00117457216624205,0.0015772919010004667,0.002585288507951167,0.0024733756240038667,0.0021880706589106,0.0020152468514671664,0.00115225808996245,0.00187174005327495,0.00672494096398165,0.0062463178487765
1676,-0.002604983028706125,0.002143235258430825,0.0024014756000411337,0.0032891134023135,0.0030961460829874335,0.002756907318693233,0.0025584417221347668,0.0016843736491497,0.00238648968300815,0.00732367554114295,0.0068484120389756
1674,-0.001434557864697375,0.0032206839300974,0.0034495640318647335,0.0042705202162916,0.004016931007140266,0.003591145049488633,0.0033230362783147334,0.002507106274108,0.003193237375606,0.00814460460121605,0.0076950426738482
1672,-0.00022853468724024997,0.004357177652375775,0.0046113122822318,0.0053408209596435335,0.0050112970695913,0.0045078215672864665,0.004122128670876233,0.00335995355540275,0.00402176828561655,0.0089210720249712,0.008473247140478
1670,0.0010187528785151,0.00550682517693345,0.005732178183455133,0.006280820125279867,0.005826958897507833,0.005290742115354533,0.004768583926137466,0.0039695238118501504,0.0046006720257004505,0.0094569813031107,0.0089545904273886
1668,0.00205612955988525,0.006429671836442824,0.0065613930455330005,0.006916188578062366,0.0063397819995786,0.005809763038753634,0.0051953633549962665,0.00429195720589775,0.004912271027705899,0.00977222291096265,0.009184904045325
1666,0.0025972296929784003,0.006880498498319549,0.0069266128161386,0.0071868668270289,0.006569268282811666,0.006062126144145666,0.0054374652842284,0.0044453849290122995,0.00508204465679115,0.00995568046486655,0.0093043896624929
1664,0.00268183850170495,0.00690828480756865,0.0069145620364974335,0.007191862205961867,0.006631036908453867,0.0061503318116748,0.005585756838402133,0.0045505549952756,0.00520211986355865,0.0100622595992507,0.0093946632495856
1662,0.002625074443700175,0.0068333913012045755,0.006834720317734567,0.0071756272536463,0.006712534523833367,0.006248501028692267,0.005766085970414467,0.00469996064391755,0.00534403571893495,0.0101792097482391,0.0095369800649259
1660,0.0026701549128909253,0.0069278858541800496,0.006949471782531166,0.007351272104305667,0.006954912754390266,0.0064845741433899,0.0060506556346050675,0.0049275078683263,0.00556387678516585,0.01042197961191785,0.0098231022385877
1658,0.0027846085485756997,0.007169576750200175,0.0072517812759609,0.007726459704212668,0.007348253993792734,0.0068473852214655,0.006402093614644333,0.0052048210669357,0.0058646044855164,0.010829087566216249,0.0102755302609179
1656,0.0028524681647927,0.007384917886792299,0.007591546086761,0.008185737848917933,0.007802075073253867,0.007252531017145301,0.0067361710142256,0.0055037022288568,0.00621103278900725,0.0113299729291894,0.0108139392718197
1654,0.002897202167033575,0.007440291435069425,0.007830688654456465,0.008571065387081167,0.0081823319257924,0.007575385172565,0.006950896986933134,0.005804390005775749,0.00653324043738455,0.011722476899162799,0.0112028216126841
1652,0.0031043581797071,0.0074014372574267495,0.0079479415824009,0.008740688797786299,0.008353230906696901,0.007703532687720967,0.007009039519487733,0.006048489329299651,0.00673903811463875,0.01178848098598275,0.0111931029718116
1650,0.003513637434404175,0.00753393368748135,0.0081422763890577,0.008854733056252733,0.0084686525163703,0.007804640573985767,0.007114403047861966,0.00622177721091865,0.00687858983421285,0.011767900246137001,0.0111058238347709
1648,0.0040595778828681,0.0079371650723109,0.008558780629178801,0.0091611110123411,0.008771356474340268,0.008106248286751166,0.007428696738545667,0.0064165725839737,0.0070676989955865,0.011975537362295001,0.0113301933220211
1646,0.0048379446189126,0.008590244714613475,0.009157526168777966,0.009635678845406434,0.0092250645133357,0.008568036781399365,0.007891038335729067,0.00668897373486135,0.0073035712218447995,0.012323321947791451,0.0117301990832495
1644,0.0057849557051184745,0.009384390960184199,0.009792591075445833,0.010117843100268533,0.009660320615511968,0.009020040859027868,0.008359154686382465,0.00703266664967165,0.00757640691302375,0.0126637536174099,0.0120757968124013
1642,0.00663213916259885,0.010156548834162626,0.010387779217655567,0.010581108759219434,0.010065717276200167,0.0094327296706625,0.008795480014634366,0.007457299384871999,0.007960467531761849,0.0130730667291217,0.0124405859330607
1640,0.007336530727956175,0.010911060544265851,0.011049591118812234,0.011172650240368301,0.010603640138521832,0.0099511332992887,0.009305778676033633,0.00802440239657865,0.0085375143687615,0.01370235980580865,0.0130416436595133
1638,0.00806943280907865,0.011734049017506576,0.011869033892093567,0.011968938287167568,0.0113448912651345,0.010645396770413469,0.009942518619808834,0.0087407191249071,0.00926832997807095,0.01449914690740715,0.0138796091144681
1636,0.008906177980686023,0.012496879970403125,0.012603760298367434,0.012661244367537766,0.011963836905719632,0.011223475526413765,0.010458261957128567,0.009303647842647051,0.009785838199849,0.0149683541296847,0.0144437424793664
1634,0.009612014310689325,0.012910628141649299,0.012845433913816802,0.012789469782719132,0.012009272816365468,0.011282006502003767,0.0105294788050066,0.00934101525205625,0.009742709775750449,0.01474363107982345,0.0142462978014264
1632,0.010078994153140723,0.013152581080659276,0.012894625165029166,0.012724435926037567,0.011882167127123833,0.011187987020346034,0.0104793953536116,0.00924529176722725,0.0096157302340255,0.01450745204741835,0.0139518401275921
1630,0.010414824910003676,0.013439562760589774,0.013090829014271234,0.012861755610841968,0.011981031572117102,0.011293727511684467,0.010592049008346635,0.009374624151597899,0.0097512355283843,0.014649666749759399,0.0140471508267968
1628,0.010590351231102175,0.013662328844558124,0.013320978206961735,0.013076031309096766,0.012173022377651133,0.0114596658846505,0.010728544886043365,0.00959577139509625,0.009975536732514601,0.01492008290239865,0.0143361743790806
1626,0.010665934527942,0.013741685531329274,0.013426913703384032,0.013144489001258733,0.0122121388858391,0.011448242346653566,0.010674923609204134,0.00963025121235055,0.01000286005932335,0.0149845276948678,0.0144752414670686
1624,0.011037534556495,0.013960417416063525,0.013595045710765535,0.0131785674891194,0.012167917277973367,0.011340117451981968,0.010511504526398166,0.00945792377675485,0.009832571415719499,0.0148634529361589,0.0144096828594499
1622,0.0119323287074388,0.01456711149745,0.014080879409729631,0.013439826370285067,0.012286185983502132,0.011379230236400901,0.0104549936555063,0.009280211150411201,0.0096633911418476,0.01476823949275315,0.0142962802913359
1620,0.013167133519321927,0.01541825670818655,0.014794339740638466,0.013879903332105767,0.012528622565627234,0.0115179616990364,0.010450651392645033,0.0090903944874795,0.009451145695039149,0.01459221640192225,0.0140340659743479
1618,0.014571066367189474,0.016312651670901297,0.015520607621768568,0.0142931467879141,0.012704145655393233,0.011569422909948168,0.010341098609338666,0.0087956715321197,0.00906280154373405,0.01413964852993275,0.0134544317545101
1616,0.016170363169303724,0.017273134467323824,0.016233417327553266,0.014652166376595367,0.012817460275738135,0.0115603044256077,0.010188750550556033,0.008546320502732949,0.0086577628229822,0.013621735169564449,0.0128051895397319
1614,0.017810721216431673,0.01826476909103185,0.0169423968875989,0.015011216924351733,0.0129727234879442,0.0116152632117282,0.010124549572094068,0.0084961632015412,0.00845400454044935,0.0133588572758691,0.012426460460586
1612,0.01891713717266275,0.018902303032150625,0.017393525059240467,0.0152076939797088,0.013056855332079167,0.011638069183987632,0.010059985454547333,0.008479609199906701,0.0083412107194995,0.0132439978445055,0.0122109205076733
1610,0.0190238482981173,0.0188706938305144,0.017359260842878633,0.015080250418764334,0.0129278865812183,0.011501782726659401,0.009887892129975033,0.008301662414195901,0.008140368855201651,0.013052827635925801,0.0119460248340516
1608,0.018394808975086226,0.01840891015365735,0.0170337050161817,0.0147852966218625,0.012694455455025533,0.011304665688928767,0.0096930619135689,0.00802734283754725,0.0078860446945152,0.01280967846923195,0.0116732558897885
1606,0.017697927049937175,0.01799441624608835,0.01676729677889933,0.014578056958612267,0.012540043649237567,0.011199422125918965,0.009590085469419633,0.00782622980784565,0.00769727489364045,0.012641851123055148,0.0115138167893921
1604,0.01705245886347145,0.01761385131758,0.016482474213468202,0.014370972993326334,0.012376948755992498,0.011089463632252399,0.009491066807071234,0.0076625833741273,0.00753248019112435,0.01249134606727485,0.0113883171049886
1602,0.016003331906584227,0.016843925706534226,0.01579574588429353,0.0138565431580919,0.0119574688042689,0.010742847113693268,0.0092199436135331,0.00734569862527165,0.00725019630438125,0.01219595257324265,0.0111265863921472
1600,0.014431081631179173,0.015615244294652601,0.014681981761245867,0.013017605809277667,0.011274345409487033,0.010149447092032067,0.008776208319683032,0.0068391219610874,0.00684164663734065,0.01176214824735385,0.0107404973463315
1598,0.012716594557067525,0.01426134631763835,0.013457389376339701,0.0120822105754344,0.010503088915386233,0.009460920211834466,0.0082559808081277,0.0062645544717008,0.006395308878708849,0.011302640684292601,0.0103415946429343
1596,0.01105735869229365,0.01291146412395295,0.012220969371142134,0.011084226242766665,0.009652504650595134,0.008681839907658633,0.007622552653624899,0.005653501364442551,0.00590406708013485,0.01080792102203835,0.0099141628908172
1594,0.009351012267506474,0.01146386288947185,0.010875085099546699,0.009919527154360433,0.0086378058054125,0.007745830729318034,0.006805147871133299,0.00494791376540475,0.00530602282189765,0.010220171342788999,0.0094025579657652
1592,0.007674217520299625,0.010051729613364726,0.009571270129012701,0.008740054369017666,0.007604612443365866,0.0067960253208525995,0.005933192393450467,0.00420488608342985,0.00466166877702015,0.0096357216576606,0.0089041366825805
1590,0.0062436498714987755,0.008917215163657923,0.008545105658339101,0.0077859053877045005,0.006753441547972301,0.0060057038615421,0.005163046937279667,0.0035541120737578,0.00408218034675105,0.0091564213753378,0.0084980306894731
1588,0.005006289278559801,0.007965582440513048,0.007679664871384499,0.006989076211456433,0.0060181242383565,0.005308442862502966,0.004470882311134867,0.00302940002965365,0.0035926367483140997,0.00871642187208865,0.0080854951040371
1586,0.00385493416205195,0.0070310425502682255,0.0068058000976908,0.006234163535555534,0.0053293714991112,0.004664262986612666,0.0038911904733940996,0.00265833257768805,0.0032500039813762,0.0083289125170051,0.0076845451257578
1584,0.002906493039735675,0.006240404225444575,0.006080808390669166,0.005662209160129766,0.004848162453094467,0.004240591576508233,0.0035808826399730998,0.0025107765882102003,0.0031511144042085,0.00818886405551605,0.0075387668062741
1582,0.002195473234380575,0.005699415819063,0.005646654637221434,0.005382902584578767,0.0046692012548076,0.0041106965559946996,0.0035362122924231,0.0025705864205611,0.00326663463703565,0.0083480350419254,0.0077253564927637
1580,0.0015278118086067501,0.005256773462013,0.005359973214408099,0.005277269784908966,0.0046697000400920665,0.004144153123784133,0.0036000702338867333,0.002722657871719,0.0034588452949266,0.008609200567018749,0.0080306788712538
1578,0.0007694948629670868,0.004745571388355525,0.0050107267907081665,0.005162423901334333,0.0046674344384837,0.0041740191435701,0.0036511923333660667,0.00281064836402495,0.0035674835522587498,0.0086910508880449,0.0081513975193435
1576,0.00012600983267275004,0.00428481596804055,0.004642626735970433,0.005017680198762133,0.004614639326149066,0.004164786508909067,0.003703985036643933,0.0027609773902233497,0.0035314778495965,0.00853284373880795,0.0080250642200312
1574,-0.00013089737364824997,0.0041090276282416,0.004488206742586167,0.004989126283280468,0.0046346913383475,0.0042256223855508005,0.003840040719721167,0.0027093945422264,0.00349101076056995,0.0084261350056722,0.0079496795708308
1572,-6.197519915727496e-05,0.0041644376357131,0.004552816156382066,0.005099470383838733,0.004772449914287,0.004384715321035001,0.0040426080391264335,0.0027869654061044,0.00356429132912475,0.008536870416851399,0.008077203672339
1570,0.00013416750900120005,0.004235549915985725,0.004625383493126033,0.005179924435183233,0.004886246516434967,0.004500781093930167,0.004183074576571066,0.0029061833582670503,0.00365456086536465,0.00867185913450855,0.0081926594513053
1568,0.00028322540486192503,0.004201478439545575,0.004544595562313799,0.005068164942389867,0.004812465880333401,0.0044190831266211665,0.0041402484883134,0.00286750847176955,0.0035760783229548,0.0085805439328997,0.0080500748327836
1566,0.00025999785120712495,0.004113351134982425,0.0043781830996008995,0.0048439017329211,0.004617688647269166,0.0042126255370516,0.003978413936627067,0.0026694110856398997,0.0033562844360935998,0.0083544689525682,0.0077769315945243
1564,2.5900739648250016e-05,0.004053342936554175,0.004292892079819866,0.004736027337626367,0.0045347007438794,0.004113317967503899,0.0038891255448868334,0.00254649199624185,0.00324379275341085,0.0083186937630875,0.007724550788399
1562,-0.00046493348387465004,0.003969591228090175,0.004324715774594,0.004857798898722667,0.004690663647482534,0.0042451891452878,0.0039688078494042,0.0026983246657446003,0.00343278668549195,0.008641133613004299,0.0080702049269267
1560,-0.00135147442414445,0.0035960563190966,0.004264274856015466,0.005053442460679467,0.0049336033984009,0.0044656421459765665,0.004080703953503333,0.00309039438271115,0.00386959280848875,0.0091170638255983,0.0086234689260017
1558,-0.0024256739803153,0.002743903591422825,0.0037394927677854,0.004802177702595933,0.0047238875669903995,0.004274693121523967,0.003830594471630367,0.0031972967525215,0.0039977318032305,0.0090277909756134,0.0086317418675709
1556,-0.002905836486218125,0.00207512448379315,0.0030823238932528667,0.004171161652493167,0.004121570566407967,0.0037315266198365005,0.0033654164615148333,0.00278287032051685,0.003591530135691,0.0084110675591107,0.0080313312738773
1554,-0.00290450370533025,0.0018974200241117498,0.0027702399012005997,0.0037819004324731336,0.0037650038139760665,0.003420835893770433,0.0031618021897562997,0.00243092270201285,0.00326422065277755,0.00807239066022635,0.0076595547105787
1552,-0.0028393540420941247,0.0018837286316255252,0.002660736169680667,0.0036332022167212333,0.0036429902842539334,0.003321585273793433,0.003139172833411467,0.00227219566187985,0.0031240271531983495,0.007981175282221201,0.0075564599611417
1550,-0.0028291263732235,0.00185572817305645,0.002597749187271467,0.003567390548341033,0.003580535078292533,0.0032640942799096336,0.0031199765228921,0.0021709976529800503,0.0030054129158899002,0.00789139630030065,0.0074983836980001
1548,-0.002899668780021825,0.0018103081451766997,0.002591903169701,0.003591490279052867,0.0035946510899397,0.0032665994788747665,0.003107406621326733,0.00211334108704685,0.00290529568805525,0.00783754895532355,0.0075111656295469
1546,-0.0030997238325327,0.001762010253596175,0.0026963505087533664,0.0037985643332069997,0.0038144307454069664,0.0034583011679263664,0.0032202637054707,0.0021945420956471,0.0029654429993273496,0.0080276062944618,0.0077853011572912
1544,-0.0035539899192999,0.001581670089284125,0.0027980399180693003,0.0041169414499661995,0.0041889090588993665,0.0037916702670910997,0.0034209705314995,0.0023846552961871003,0.0031791413188075497,0.0084300098430924,0.0082776839617327
1542,-0.0043591858264782,0.00101965716267205,0.0025000582270646335,0.004078197238422667,0.004212254831855167,0.0037877020222434666,0.0032981365718112664,0.0023454814314751,0.0031664660365204,0.008466768797804499,0.0083583375537754
1540,-0.00499625689705675,0.0003636564534565618,0.0017241297627576,0.0033344011834195667,0.0034462247427719003,0.0030615688012809333,0.002608127447681633,0.0018630245010185999,0.00264945227682175,0.007682959635284349,0.007476397461924
1538,-0.004896593130293276,0.0003514375777479906,0.0013449064118575334,0.0027894992840776334,0.0028334142072222665,0.0025207008705172003,0.002202727798951433,0.0016008258853800498,0.00235523230961535,0.00714631935715935,0.0067992796177669
1536,-0.004519223627861675,0.0007257301237502,0.001481462793659,0.002823880093236567,0.002839932044415934,0.002568359195929367,0.002341068266639433,0.0017494689403769,0.00252544335715995,0.0072918315815734495,0.0068981183896688
1534,-0.0042301334643467005,0.0010208740470666025,0.0016554642565021667,0.0029611008619872,0.0029779340277451,0.002720132106462967,0.0025425432390066335,0.0018934959501317999,0.00269680541660725,0.0075157712690541,0.007153770900482
1532,-0.004101800711801725,0.001065334083309599,0.0016010591984926001,0.0028566909396038668,0.0028751891415624334,0.0026233527640082337,0.002489954045913133,0.0017705434141289502,0.0025647981130134,0.0074041002875647,0.0070881372555639
1530,-0.00411485078467975,0.0009509448739778185,0.0014203017327913665,0.002624230315020567,0.0026452570576166,0.002401467453807,0.0023060409510802997,0.0015388983024151501,0.0023104699041392,0.0071484532031768,0.0068468916735772
1528,-0.004247141185569,0.0008353530882369,0.0013465372015186666,0.0025734505592167,0.0026127735475209666,0.0023729017358311336,0.0022849302634096002,0.00150004475072015,0.0022870909474222998,0.0071592284093865005,0.0068578629513341
1526,-0.004510933543947875,0.000731564546656775,0.0014320798324736,0.0027746704159483334,0.0028483484182602,0.0025950448494459666,0.0024718549806419664,0.00169986391563305,0.00254880672412165,0.00749554353953725,0.0072217903501572
1524,-0.004861482130973926,0.00060743746957005,0.0016064851994152332,0.003072281576411233,0.0031785698385253997,0.0028861470022807003,0.002700326774603733,0.00198768331885405,0.0028975699720952,0.00792868548381055,0.0077158760626798
1522,-0.0051099834044769,0.000546924551203725,0.0018142870049357334,0.0032887677383831334,0.0034078119637583337,0.0030643460863509,0.0028367446993858,0.0022195758683749003,0.00312675398143505,0.008245812668957249,0.0080793257812445
1520,-0.005176882345299975,0.000586824456968975,0.0019790360823269,0.003373262513541933,0.0034871112235272,0.003112391275111133,0.0028922605690916334,0.00233605940965145,0.0031829581455823,0.00839817373440995,0.0082319566262419
1518,-0.0051648766553116,0.0005916549265446,0.001953979813759067,0.0032807636067777334,0.0033720723031592,0.003003525187985133,0.0028173432733915,0.00223429993703795,0.0030142111667626503,0.00827362150708515,0.0080847802643954
1516,-0.005038665874553349,0.0005874738469673751,0.0017856712822287002,0.0030737927926288663,0.003126787306595233,0.002797288166566466,0.002644303204687467,0.00195772397943985,0.0027051659256798,0.0079196519099676,0.0077035664004297
1514,-0.00473996769723465,0.00080479266098565,0.0018381974628048335,0.0031230067851136002,0.003153734939581633,0.002864433241651467,0.0027226876809099665,0.0019188429025187499,0.00270137834234505,0.0078838344646712,0.0076555725569313
1512,-0.004400546504936025,0.00131798234005975,0.0023636423933550664,0.0037230477969855333,0.003776036296929467,0.003493049751265567,0.0033208262742504334,0.0024462036524425003,0.0033330355392748,0.00860751672709705,0.0084187263701534
1510,-0.004235394211501875,0.001919245231455975,0.0032206512100237,0.0047474263479451,0.004855184643463266,0.004531419379034534,0.0042706148344526336,0.00342151444365195,0.0044415818274353,0.00990277900382215,0.0098301489338747
1508,-0.004407311513899699,0.002000267969361575,0.003583953566482933,0.0052289032770946,0.005343280590392667,0.0049662438052048,0.0045950918529616335,0.003923330518899501,0.0049842786656676,0.010466199394909101,0.0105108328890561
1506,-0.004622279131865825,0.001216753932935763,0.0025916357827972334,0.004049055924696166,0.004047858463508833,0.0037018201500192333,0.003352057263818134,0.00287126479073095,0.0037916579464310498,0.00891150521488265,0.0088654406932437
1504,-0.00452456620467605,0.00064722572971775,0.0015938121963231001,0.0027885078528583998,0.002689776082455433,0.002423348744504,0.0022025021779701667,0.0017250693392478,0.00253187445376845,0.0073636395844315,0.007124041789069
1502,-0.004380360751491725,0.0006179857878291499,0.0013730449363800335,0.002464822235312967,0.0023620232161873,0.0021392186194495334,0.0020113597963824664,0.00145144209999495,0.0022584152371323,0.00706388063876265,0.0067164747228923
1500,-0.004363189175870275,0.0007462038120533249,0.0014954467814239333,0.0025881723080378332,0.0025437112918805,0.0023278024021971,0.0022250124125983667,0.0015833310443852,0.0024333504446804,0.0073204746924356,0.0069330868375536
1498,-0.004380516262860775,0.000794107520700025,0.0015303379463664668,0.002632893373930533,0.002669418423770933,0.0024474784974691,0.0023107385358086333,0.00159446457829715,0.0024754365176760003,0.00742400140428115,0.0069925695163082
1496,-0.00423299765091845,0.0008361263654395211,0.0014543398059946666,0.0025415984289354665,0.002635041211339567,0.0024093590109782333,0.0022207784446631336,0.001420631828058,0.0023211693650467,0.0072957068956031,0.0067915635343631
1494,-0.0039374084271056,0.00109308595109385,0.0016132014717829331,0.002702969939836,0.002814443575014067,0.0025738125564132666,0.0023550151622834664,0.0014618361905145,0.00240149293286685,0.0074414308876544,0.0068982210269707
1492,-0.003585706099093425,0.0016367596692034498,0.0021833752869594666,0.003296378284393567,0.0033938604491048664,0.0031094234053721335,0.0028786116018314997,0.0018935102049800001,0.0028825100178626,0.0080362189829395,0.0075392180449411
1490,-0.0030278670182469747,0.002415984373102175,0.003034822505219633,0.0041036941043402,0.004140949206835834,0.0037929194766736667,0.0035527496192287,0.00247861667402685,0.0034733483896992002,0.00870662609649565,0.0083101026137931
1488,-0.0020328352963975022,0.003265324922095125,0.0038266391381964666,0.0047076470961727665,0.004635238329085467,0.004241477806348867,0.0039886723714513675,0.00282344202783605,0.0037485350876252004,0.008955995632719201,0.0085930043240749
1486,-0.000755536794111975,0.004054572652504125,0.004421987239940033,0.005050045074086334,0.004860667410153233,0.004451935116754333,0.004182870281254867,0.0029267364201783497,0.0037571134689568996,0.0088922373830992,0.0084376507126014
1484,0.000455647421995292,0.004816846125717474,0.004992607041305067,0.0054053964549915,0.0051184964732124,0.004703165042785767,0.004412395056499366,0.0030806767800911497,0.003840212327962,0.00893469728519535,0.0083489316124527
1482,0.001373320985448875,0.005519995180427225,0.0055763445767699,0.005839911260322566,0.005478426395526668,0.0050596245511193,0.004739484210736834,0.0033618530565294,0.0040823407923385,0.00918043932441665,0.0085157616935641
1480,0.0018504479164189748,0.006011705517030674,0.006041722586100467,0.0062475495558921,0.0058505062253853,0.005440217494464067,0.005077322558444233,0.00368051427594385,0.00440108409273165,0.00955403284910325,0.0089034401618386
1478,0.00188173806217085,0.006206143868644225,0.006327922146984699,0.006599127924651033,0.0062237045742570335,0.005826782943022933,0.005393875891630067,0.003984057701490899,0.00474738752677175,0.0100182654057951,0.0094643887947918
1476,0.0015975278236689,0.00614473108911945,0.006475178123870401,0.006924167248245766,0.006620974257688033,0.0062178089864212,0.0056776814040037996,0.00425615476763065,0.0050772391566242005,0.01048987350048255,0.010065526976524
1474,0.001216645342336825,0.005923650340728875,0.006444571669383767,0.007066594124061967,0.006840745177628167,0.0064013316458484334,0.0057528559377386665,0.00436276019581845,0.0051940664200769,0.010639546519212551,0.0102931633254516
1472,0.00113053692250125,0.005790960480536925,0.0062453066157503664,0.006841756184501,0.006633226231832233,0.006157161318707534,0.005483611407014334,0.00420491626744305,0.004969581018176799,0.0102606018114711,0.0098718318598515
1470,0.001560528028275725,0.0060122011784748755,0.0061927812729825,0.0065711782188627,0.0063198085735856994,0.005825373049875733,0.005204082158518733,0.00406711474458675,0.0047547575461986,0.0098761229945318,0.0093806685636574
1468,0.0022876116328458002,0.006515906412048025,0.0064634361028202665,0.0065897522804419335,0.006275467445212633,0.005758732464139167,0.0051872544620417,0.0041737863921697,0.00482546039795635,0.0099101271943936,0.0093201405291465
1466,0.002936302891499975,0.0070019498126686255,0.006856604513724568,0.006783253325455966,0.006398259230196633,0.0058507375919900325,0.005302888465901333,0.0043850135955753496,0.00504363372137395,0.010210584823020799,0.0095411819367482
1464,0.0031183006712635,0.007148241138735625,0.007031206919948234,0.006862438821588,0.006412313133484,0.0058521427643831,0.005323759313936566,0.0044538869202217,0.00516353017518,0.01046297434765645,0.009717535694711
1462,0.0027197923033828748,0.006906055992167475,0.006899823114519,0.0067700775670092,0.006292982950669699,0.0057503186422527995,0.005248780219430301,0.0043757649425398,0.0051771497502772,0.01059492020389235,0.0097947451449164
1460,0.001970676126191925,0.0065045121929603,0.006702154651911333,0.006714183319239033,0.006268638631473634,0.005743195377208966,0.0052542262045214005,0.004387681081207601,0.0053011237374653505,0.0107840418718235,0.0099899902049681
1458,0.0010897239477448506,0.006048489687500925,0.0065467699174561675,0.006701208839736933,0.0063363814817397,0.005798890271635634,0.005285669441585134,0.0045232645771353,0.005537737059607,0.01099339068850775,0.0103039038330365
1456,0.00033793286691253816,0.0055073580864169,0.0061967785682288,0.006315793091129466,0.0060337731088926675,0.005484823165900633,0.0049346115330394,0.0043528635343559,0.005417082522075151,0.01075989045853705,0.0102298768374825
1454,-5.523310975675015e-06,0.005084196236162049,0.0056680406941151335,0.005563392820083433,0.005325773345918001,0.0048054511330886006,0.004250295279164799,0.0037634324474091,0.0048334969417303,0.010121207902228799,0.0096577085902919
1452,-0.00015638099856317498,0.004877485908637725,0.005290604858972901,0.004964706015516067,0.0047649031344004006,0.004271264967092466,0.0037251242403978334,0.00325092061005565,0.004332613430470551,0.0096679943484831,0.009174150372479
1450,-0.00042261195107665004,0.004681803663436775,0.005039182188773433,0.004555308813378133,0.004408681125180366,0.003906634994143667,0.0033680416376706004,0.0029176232310597497,0.00402510709639965,0.00943071154503985,0.0088981604955496
1448,-0.0008535364820057001,0.004310123060580951,0.0046808938481642,0.0040904221595562335,0.003986405232861433,0.0034618723844819666,0.0029558650145783,0.002549958547982,0.0036813188110868,0.0091190105821053,0.0085901016852721
1446,-0.0012247140681323,0.00385846293018915,0.004166255934013766,0.0035230167192591,0.0034121539487948667,0.0028996744802124003,0.0024693562476915,0.00208890312600385,0.0032294520558077498,0.00866763354751625,0.0081858569677429
1444,-0.0013790387912439497,0.003598560509778175,0.003754919798799433,0.0031092670076347667,0.002959026682047767,0.0024949389761494,0.0021396765582612997,0.0017845950784453,0.002921654137393,0.00838692472429765,0.0079604202326908
1442,-0.0014889117875809498,0.00353083015908515,0.0035840758896964336,0.0029768897484566334,0.0028056677924879667,0.0023820856390979,0.0020600634260988,0.00178481987425275,0.0029134004979921996,0.008446775256835501,0.0080710676787833
1440,-0.001745682670243,0.0034602798291577253,0.0035414578481081996,0.0030274973122772,0.002883231092865833,0.0024719641846150334,0.002155385287366,0.0019958479051522503,0.00311455187708415,0.00872362545616545,0.0084051920544628
1438,-0.0021222088479182504,0.00325754782318525,0.0034524531855333333,0.0030970645704772,0.0030388505634975998,0.002629561734911767,0.002338065919374833,0.00222886274282345,0.00334548043804765,0.008996113842756101,0.0087313762840979
1436,-0.0024053805558367793,0.002985210613240875,0.0032452569737220667,0.0030629830554693665,0.0031297887092727335,0.0027395712451869334,0.0025195009264232,0.00234599490068875,0.0034786440697703,0.009121447113062502,0.0088726512932051
1434,-0.0025255693121858003,0.002769001806568925,0.003011698430661133,0.0029498567093795332,0.0031323792945867333,0.002769581050637167,0.0026295712454848,0.0023782262270506003,0.0035304857709007502,0.0091442270215142,0.0088762907603397
1432,-0.002598051638225075,0.0026134896687948998,0.002840608038995333,0.002839635946388934,0.0030989843530369334,0.002747276210302067,0.0026512412074094997,0.0023598396373627,0.0035129955196371,0.0091021499543266,0.0088163368024043
1430,-0.002659568411920775,0.0025065794434196,0.0027560405493794004,0.0027694827091842666,0.0030624787511459,0.002707374023453967,0.0026089731692676664,0.0022447285861754,0.0033852779629792,0.00895903925319095,0.0086685970350843
1428,-0.00267243004035295,0.002487029563285325,0.0027673551762766335,0.0027639948829216005,0.0030600778357427,0.0027076188900293998,0.0025720171277120334,0.002072462405785,0.0032179596526435497,0.00878436442240645,0.0084882805052972
1426,-0.00265615863529885,0.0025594471373552,0.0028666093261477663,0.002852516977689733,0.0031411586645710998,0.0028049807571203004,0.0026176672954222337,0.00200835968758795,0.0031968954265096,0.00876331542437935,0.0084552693207313
1424,-0.00267910785747275,0.0026576900782647,0.003017112190464933,0.0030370899262620334,0.0033149029190096997,0.0029939388093428334,0.0027584558484276002,0.0021554715339345,0.0034095751269222997,0.0089853781820942,0.0086782596339912
1422,-0.002763959948210675,0.002703050525033075,0.0031569540287397662,0.0032573610873251335,0.0035137719002429333,0.003190315997291,0.0029204890952826,0.0024249126358171997,0.0037301510422019,0.0093270794159603,0.0090556738156084
1420,-0.0028371215705527,0.00266834362288885,0.0032092960280888003,0.003385539238407767,0.0036073041003857336,0.003268012451145833,0.002978443524064633,0.0025721673517055997,0.003891694566636,0.009509397377147049,0.0092930654005103
1418,-0.0027657519787822,0.002627729391513275,0.0031572394110035,0.003341174735637833,0.0035258881608305668,0.0031825955113461333,0.0028837173321072996,0.0024343616834426,0.0037547031344774004,0.0093632747039988,0.0091547670806436
1416,-0.00249229145298215,0.00270451800321435,0.003102732711163633,0.0032244498919958334,0.003375082407969933,0.00304690312043,0.0027563165424428337,0.0021611584473525,0.00349939242373755,0.0090606263825374,0.0087744434183866
1414,-0.0020713437242895253,0.0029494385354865253,0.0031562865811256995,0.0031835456562136003,0.0032973014354931002,0.002981554905096767,0.002729016074301,0.0019958376904062,0.00335226409181345,0.008850670738295902,0.0084431536852132
1412,-0.0015967161900662498,0.0033199721551922497,0.0033462165972678332,0.0032722719910663668,0.0033464954957009665,0.003023810688034067,0.0028298274833994663,0.00203984271097535,0.00338465602864715,0.0088222500323989,0.0083112761303472
1410,-0.0011805690183743,0.0036948796948535253,0.0036217922442549,0.0034688674926842667,0.0035064393616170667,0.003160897805672667,0.0030130552097488335,0.0022709235763452,0.00357031113245355,0.008953370383920349,0.0083953066559535
1408,-0.0009287500002969,0.00390689447852035,0.0038670957816336997,0.003700744072364433,0.0037058615975225,0.0033388763828243336,0.0031937482250120664,0.00256746532630045,0.00380338064360855,0.00914888537362595,0.0086118187584505
1406,-0.000847415592942425,0.0038899120682090753,0.003988439158640267,0.0038925609523141665,0.0038687826829444,0.003498098241160467,0.0033134287544093334,0.0027789390917727502,0.00394654538885315,0.00929865732854785,0.008837382968375
1404,-0.000780443523953325,0.003833381911435625,0.004076302406892533,0.004089898277436367,0.004046130059774501,0.0036857328208831,0.003447404775850867,0.0029272247281481503,0.0040271680857013,0.00944761391117375,0.0090876614810835
1402,-0.0005328150957899,0.004035113424775025,0.004376046556523066,0.004475055852615367,0.004425210911581766,0.0040661079944989,0.0037743856421393,0.00324673629400605,0.0042892524360718005,0.00981594266596805,0.009554689856567
1400,-5.62844584108751e-05,0.004583606406623926,0.005007394499619167,0.005155173304448766,0.005106355320908266,0.0047249913733932,0.004377093247698767,0.00389109445456595,0.00489802104258445,0.0105136467290885,0.0103227694796075
1398,0.0004718915938662,0.0052289225235969,0.005728045466447933,0.0059217965158306326,0.005865344307134333,0.0054569320011923,0.005072922342101633,0.0046382808439932,0.00562900399761275,0.0112626914825434,0.0110831958174538
1396,0.000724352712872925,0.0055426552029326755,0.006034106198142133,0.006299750274763799,0.006216660786898667,0.0058201888187882,0.005473697039420866,0.00497690436891195,0.00595457726422325,0.0115358105164484,0.0113022408043725
1394,0.00056984756527445,0.005394096988110825,0.0057739637617610995,0.0061263153514756,0.006004294213826499,0.005668604595457833,0.0054354720601037,0.0047570448111626,0.0057217597379722,0.01125739394170505,0.010954438012585
1392,0.00020220723431574995,0.0050318201835194,0.005313177218208,0.005747837450236634,0.0055902839562103,0.005323519363426701,0.005210394728563367,0.00437791187585805,0.0053448029771259505,0.0108945201330293,0.0105511406589308
1390,-0.00019502279060052503,0.0046187349666343,0.004908223426687466,0.0054215569884139,0.005248864628234133,0.005028613208743566,0.004989872846070866,0.0041343651560436,0.00512237482928455,0.010702801181475551,0.0103333180024018
1388,-0.0005722489375397,0.004150289854824225,0.0045153986053593,0.0050997772571794,0.004950888700499667,0.004758283713039667,0.004742380193207734,0.003979004492791,0.0049932926202851,0.01053153418757335,0.0101143449842101
1386,-0.0008972197091052249,0.0037028666809696,0.0040909026191214,0.004709741692652566,0.004623931249267,0.004455806843237966,0.0044278585428911,0.0037720108929942,0.0048090262701863005,0.0101985465783182,0.0097070600031094
1384,-0.0011256887850376,0.0034633301404005754,0.003775616706957967,0.0043611939251491,0.004343935394296867,0.004196935092008633,0.004136262882005766,0.00351030511978585,0.0045808629801876,0.009808575434376049,0.0092509081694566
1382,-0.00126818126883855,0.0034835670326561,0.0036970517817156,0.0041704756089526,0.0041949972075900665,0.0040481476363732,0.0039319899262675664,0.0032573104276383,0.0043909508452179,0.0095729431441073,0.0089893469100916
1380,-0.0013441087063106,0.00365507837847325,0.0038159895587574332,0.0040811876368980335,0.004121257254911599,0.0039357931829784336,0.0037279633087483333,0.00299936412720865,0.0042214405124631,0.00951809176723935,0.0089603376101891
1378,-0.0012361058261103,0.0039268065263736,0.004067229685513666,0.0039930346177443005,0.0040366161456907995,0.003762754102227967,0.003419486596472667,0.00273409010641595,0.004036647768794499,0.009543733949767399,0.0090641156902035
1376,-0.0006660494933730751,0.0044269012224485,0.0045163907751553,0.004000974944016067,0.0040289214771619996,0.0036286309894833,0.003139467127624867,0.0026564882710897,0.0039785412830576,0.00962296884545105,0.0092377801776653
1374,0.0004068037324858,0.005223386299629675,0.005212187641900633,0.004361044440442333,0.004328560816770133,0.003828456145295966,0.003269857102035666,0.0030311548018775,0.0042851162871481,0.00985178866697135,0.0094949754942833
1372,0.0014788037580540183,0.0060288489707124495,0.005922503873849734,0.005047418371221166,0.004927197792815267,0.004422138264255833,0.0039091558382634,0.0037478289361733497,0.0048910820804089,0.010258075701104201,0.0098479813560222
1370,0.002146191991065975,0.0065769573963096245,0.006434402212715701,0.0057903490890211665,0.005610198766725467,0.0051779192172014335,0.004761908236963299,0.0045058061470686,0.00555464496357045,0.0107714042369304,0.0103039154212791
1368,0.0024506846803016,0.006891508346458025,0.006800233528723967,0.0064753801482633,0.006289800128325367,0.005944142032467968,0.0056139962917996005,0.00522101564118135,0.00620627645471135,0.0113521714883287,0.010862348537784
1366,0.00253110805501805,0.007042545860651725,0.0070987413979886,0.007078395144939333,0.006931731739055866,0.0066444936064428,0.0063795100833005,0.0058823237652574495,0.0068213126751301995,0.01192976970749495,0.0114267578230244
1364,0.0024406007032086252,0.00701063366451885,0.007256114472177667,0.0074766892631194,0.0073759311545963,0.007117921251608699,0.0069136351473994,0.00633743233268275,0.0072316817605698,0.01231785674052935,0.0117842649277085
1362,0.0022462113843203253,0.006817324823487825,0.007167304324747534,0.007535745427373367,0.007434716638523966,0.007206001363917733,0.007061005876951933,0.0063959727218024,0.0072433810345408495,0.0123534539899607,0.0117943544729126
1360,0.0021159126294696,0.006645252646688025,0.0069434981162966,0.007371813112976334,0.007206135559205267,0.007024642110121468,0.0069187199243461,0.006150838494474949,0.00695615091550025,0.0121525600945892,0.0116106606756112
1358,0.002174548333904275,0.006652930839756225,0.0068131954171383345,0.007259335437263834,0.007012319628333367,0.006877004858523599,0.006783657786441,0.005920265111543,0.0066908786159183,0.0119820219023836,0.0114822239092605
1356,0.0023855432507113253,0.00680098513224615,0.006832498738118167,0.007299893726712868,0.007015734260378833,0.006900466461349233,0.006811633994352033,0.00587060797913165,0.0066130832715183,0.0119310672748046,0.011448641287151
1354,0.0026289522927877753,0.00695324363226585,0.006893759715878733,0.007397228260139066,0.007133450234128167,0.007009200357467934,0.006931876171240733,0.0059371019470933,0.0066650732484202,0.01191337417193905,0.0114062740774389
1352,0.002801558239718325,0.00702241978675165,0.0069041472234549995,0.007435068160206,0.007205199294268366,0.0070568901888711,0.006991982300177267,0.005980210774747349,0.00671618620725715,0.01184221943343,0.0112900953744666
1350,0.0028359940432720497,0.006988494617770374,0.0068554296066866,0.007380542079063934,0.007150423193580733,0.006975197326986634,0.006912690674720067,0.005912604880306,0.00667093640389795,0.0117065126865486,0.0111108833401382
1348,0.002680798005792825,0.0068455148588704995,0.0067600791357875336,0.007262716848817467,0.0070106068291516666,0.0068104249565758,0.006745415865759501,0.0057377907613559,0.0065125988766022,0.011547083314788001,0.0109173232654797
1346,0.0023369241862685004,0.006623096553798025,0.0066395488924483334,0.0071552905691904005,0.0069143531398206,0.006696527951740634,0.006633308193187433,0.0055612210463768,0.0063450549180236,0.0114600885723373,0.0108223959491785
1344,0.00191113040922645,0.006429472003900575,0.0065804924352616334,0.007178050646345267,0.0070044334168196665,0.006781565719504566,0.006718086406760266,0.005560270331390451,0.006371825891995199,0.01158715693730155,0.0109851259942736
1342,0.00156592224689895,0.006365235446535225,0.006671104207158568,0.0073907009217935,0.007301537906616733,0.0070827655990522665,0.0070081743068461,0.0058336399466434,0.0067131539669587,0.011969285743810499,0.0114216930812099
1340,0.001395682768894475,0.006380687591317375,0.0068261360941999335,0.007627543353928501,0.007577263551416767,0.007362049098155766,0.0072799951327348995,0.0062066787566684,0.0071704281440784,0.0123614811646501,0.011822939502757
1338,0.00135366960557035,0.006308449852444074,0.006794671049555033,0.007574126514464934,0.007493272326764367,0.0072794987096306,0.0072181229270286,0.00629311589360315,0.00729027634024125,0.012348549855658648,0.0117501692517377
1336,0.00132475116458125,0.0061121287237525255,0.006505518534873467,0.007191601802922699,0.007049207793397599,0.006843270401254633,0.006820397042109367,0.005970902884114599,0.0069147350485169005,0.0118636320459347,0.0111948189094053
1334,0.0012589828264854,0.005938091772737875,0.0061918214213532,0.0068020601140319666,0.0066144770983088,0.006424708601593433,0.0064265852497464,0.0055545427947207,0.00639864615024325,0.0112915866658399,0.0105818414200155
1332,0.001171025307716675,0.0058787207796231495,0.006046909605827633,0.0066468137756223004,0.006442472851473667,0.006269597233093833,0.0062829405007923,0.0053402430769368,0.006099831047155601,0.0109527745877727,0.0101972733954109
1330,0.001083442190663125,0.00587990572321955,0.006029602164331433,0.0066724109867278,0.006467388119021466,0.006307426568684767,0.006347987859567167,0.0053294761240582,0.0060529355181165,0.01086100536551475,0.0100248170508427
1328,0.0010250416835119749,0.005855975741929375,0.005997462268016799,0.0066908675131875,0.006482367956652,0.0063341544038023655,0.006427085827372867,0.0053621282847696496,0.0060927962455471,0.0108781317489493,0.0099665610978525
1326,0.0010253256355186,0.00580860286863245,0.005918140795866034,0.006633176502627367,0.006408280186731767,0.006272594016325233,0.0064128154482949,0.0053694708976414,0.00612112091353945,0.0109353523721955,0.0100160929507168
1324,0.0010705663142897251,0.005794306471489999,0.005879136160252467,0.0065924082462250665,0.0063479800197342,0.0062203775219233995,0.006376298358369,0.0054204986669902,0.0061871602817553505,0.0110758232638719,0.010217446141486
1322,0.001089967239440875,0.005821588572005,0.005925604033814033,0.006649351706181566,0.006403552318142166,0.006274681953900234,0.0064270168559289334,0.005541143673580801,0.0063223009862276,0.01131467964682615,0.0105432472479494
1320,0.0010139244247629499,0.0058347963822572,0.005990870519100799,0.0067605732144501674,0.006543398462028334,0.006408747594678532,0.006561812346767,0.005620320188288249,0.00642394724852075,0.01154633415272255,0.0108686467250506
1318,0.0008521422616982991,0.005778564155663125,0.0059825176539213,0.006815010743194634,0.006649840303104566,0.006515517966978899,0.006665794297346432,0.0055393908854315995,0.0063620740279139495,0.0116276475038818,0.0110538930826506
1316,0.0006861609402243652,0.0056544735426882,0.0058792420806098,0.0067513330388206,0.006650000798665501,0.006526118447258734,0.006643218171316133,0.00532497634659125,0.0061472439366414,0.011526892255796051,0.0110422631432687
1314,0.0005828619165877,0.00552279602486605,0.005725625348321266,0.006598552920536433,0.0065649630289568335,0.006457757082663734,0.006514497081712967,0.0051083629764994,0.0059183243180718995,0.01133907560121185,0.01087938842604
1312,0.000545158158949475,0.00545706588797975,0.0055825775067967,0.006435753128857434,0.006459695322531967,0.006372458182780867,0.0063792980043295665,0.004993130860398549,0.005800149730831049,0.01117848781011575,0.0106673230693894
1310,0.000529875453889525,0.0054657259556809,0.0054879178596715,0.0063222630508856,0.0063778782327398665,0.006313475279983733,0.006305792681278634,0.004994155367999549,0.005811131974289899,0.0110894042575088,0.0104934492454088
1308,0.00048490831990899414,0.0054602377830334,0.005427947770215633,0.0062492909803033994,0.006317180950493666,0.0062742892767458,0.0062724902462147,0.0050539335799458,0.00588352914332305,0.011051320225761649,0.0103859303448276
1306,0.00037809812439403744,0.0053480944514655,0.0053568635575986,0.006175247784424666,0.006262930492311933,0.006232587333189766,0.006228550548306267,0.0050917119743403,0.0059443873556473,0.0110462735197029,0.0103472906207215
1304,0.00022742268080935,0.005161752625982525,0.005265003695065666,0.006107695762157933,0.006232703986375667,0.006204645881104966,0.006183004598990533,0.00506901434086225,0.0059764278309328,0.0110878505168882,0.0103967060431346
1302,0.00011538667842029995,0.005046073006231575,0.005207904909018366,0.0061075166009001,0.006258558134765733,0.006231223150503533,0.006193223638377134,0.00503430439449655,0.006016616158767149,0.0111784599360665,0.010533461016576
1300,0.000142143538442825,0.00510095949827575,0.005244496756721267,0.006197792016475766,0.006327483099329533,0.006305776111595833,0.0062721241613179005,0.0050788605042409,0.0061019870666663,0.0112802885269521,0.0106949525026028
1298,0.00033856541742897505,0.0052955812204212496,0.0053765773501031995,0.0063275920202664,0.006389332682243468,0.0063715810144657666,0.006369243197366733,0.005243292827042,0.006233558840629001,0.0113679860008087,0.0108197859621539
1296,0.000625984152005425,0.005544077274936349,0.005572198804050366,0.0064589061908055,0.0064430526276717,0.006417879800314066,0.006463738999693866,0.0054952666582023,0.006403389271657,0.011485050012839101,0.0109370079306982
1294,0.00088753052476455,0.00579766950969025,0.0058133163957172,0.006634163576378999,0.0065649097700257,0.006525931744320999,0.006616412017989767,0.0057921114593057505,0.006629203461713249,0.01169436612102445,0.0111224256703231
1292,0.001091776692694725,0.006038481852808925,0.006087143650697534,0.006901235016584133,0.006806775621534866,0.0067630818159676335,0.006876781797013467,0.00611334765644925,0.0069225071054361004,0.011975411925610299,0.0113664931850466
1290,0.00131903279653385,0.006250472500528575,0.006361173443394566,0.007216393885334234,0.007107271703462099,0.007070330508872267,0.007179319600308699,0.006413305413458499,0.00722988673844765,0.01222625079917525,0.0115654526533903
1288,0.0016662736223408748,0.006456722420547874,0.006616243877007066,0.0074913209501392,0.007355388620701433,0.007318602355332534,0.007397579778489367,0.00661319247999545,0.00745803492958335,0.0123829810711612,0.0116632793321157
1286,0.002148415989667625,0.006735608914289325,0.006886886534527866,0.007715095626588166,0.0075258650205346994,0.007467875559064,0.007499285299911032,0.0067006250476914,0.00758416381801295,0.01250254490675965,0.0117414758129258
1284,0.0026915702495786753,0.007121733080084424,0.007210121867637801,0.007949893911168534,0.007692557115733867,0.0076028322048375995,0.007582234841753633,0.00677751093347375,0.0076934000475931495,0.0126912091316694,0.0119238493511726
1282,0.00318484431525605,0.007522656290302375,0.0075461813940078,0.008210682291748234,0.007912254772520432,0.0078030686117092326,0.0077424708214333,0.0069377030868559,0.00786694532693255,0.0129758872961735,0.0122381611234377
1280,0.0035275226735230246,0.007806208922135451,0.0078125589546794,0.008441421450390367,0.008168592716600866,0.0080585100614939,0.007978455015819565,0.00714790453588115,0.00808105869445885,0.013283147047874,0.0126078551921661
1278,0.0036905841104552754,0.00795759903604645,0.0079936334467449,0.008620245739256967,0.0084317094660974,0.0083258409698095,0.008237742957360865,0.0073160888480782,0.00825773429621225,0.0135281960039221,0.0129384391894919
1276,0.0037623806875856994,0.008079300002020624,0.008153003334589367,0.008802357115888332,0.008702285353139433,0.0085946978676362,0.0084935019737725,0.007444550983450499,0.008385493790612,0.01370055129925195,0.013190760926352
1274,0.0038888761614801997,0.00824239288043215,0.0083344101903194,0.0090304598405397,0.008974246534955134,0.008861928955301199,0.0087395393847673,0.0076302946959947,0.0085356643581394,0.01386369670285695,0.0133965220496992
1272,0.0041476328423425,0.008431718335660976,0.0085271244481697,0.009281030361745034,0.009216025801109933,0.009100342829443333,0.008961608677369034,0.00792214738964005,0.00876893313837775,0.01409073138918195,0.0136242469937532
1270,0.0044963950437258,0.008643994722868725,0.008738084632927133,0.009531983449378266,0.009423732267551733,0.009302018552792701,0.009164396088261167,0.008253512241069301,0.0090689855695586,0.0143950653058887,0.013906235439736
1268,0.004847517696015875,0.008934156218277402,0.009009135635848034,0.009806179977305167,0.009637654099524334,0.009504739773884467,0.009387895315745633,0.0085297065682376,0.0093671931569202,0.01470568366027625,0.01417998356681
1266,0.00514924386579585,0.009303348750837801,0.009318308761949667,0.0100897738275414,0.009859515539328833,0.009718625219225667,0.009637499896240668,0.008714052773765451,0.00959454442190945,0.01491782634889305,0.014334180172767
1264,0.005373539567694524,0.009621103349049875,0.009544871565647433,0.0102794788349897,0.010008011073661833,0.009870647465793367,0.0098261096010194,0.008801681775736,0.009702816029593251,0.0149823171668702,0.0143305884315259
1262,0.005506083538154275,0.00976536477524235,0.009615759767559967,0.0103068597674212,0.010027077948392466,0.0098984901428426,0.009862539322149866,0.008789983687899551,0.00968857979576995,0.0149493044285869,0.0142510333472759
1260,0.005618704366428875,0.009815631554452201,0.009638158611033034,0.010275706562769932,0.010004444349917034,0.009876172011365767,0.009797878613875733,0.008734264943575449,0.0096283944175885,0.0149215488447174,0.0142089268724058
1258,0.005880714877496874,0.009995955482231075,0.009797477985603967,0.0103755088883337,0.010104973375260033,0.0099635717282623,0.009806957501087232,0.0087751527889556,0.0096573500737325,0.0149813019461256,0.0142640921328174
1256,0.006409877296745026,0.010442370275243026,0.010177384698602,0.010699280297144531,0.0104189662146293,0.010253455407675832,0.010024426692499833,0.0090397920122187,0.00988008863347785,0.0151681589340379,0.014435540917233
1254,0.007148521683626075,0.01110427351082735,0.010741753718738768,0.011215080493556401,0.010924984914369466,0.010724912867752632,0.010448928551562734,0.0095179454270415,0.010289576557093099,0.01547515483915445,0.0147087134496785
1252,0.007936837919578825,0.0118291333463917,0.01140860340526,0.011841081821513033,0.011537524089118798,0.011294440685909434,0.010973207533310768,0.010050203918722,0.0107577336899028,0.0158338509570883,0.0150032288632603
1250,0.008643608777644425,0.012451795844272799,0.012051119386844299,0.012453452818063501,0.012119056360959867,0.011836226340578,0.011441289161653533,0.0104290623897932,0.0111045309282827,0.016138733180096,0.0152144469144556
1248,0.009146201538685676,0.012809570099060825,0.012472013551359434,0.012861504506560567,0.012484576401632566,0.012181991635364433,0.011692904888691201,0.010523868064595,0.01120660708857185,0.0163177874455123,0.0153201433689091
1246,0.009254349237893877,0.0127694137548572,0.0124908755058932,0.0128938585321198,0.0124922845200978,0.012198844911775066,0.011636911321677235,0.01035039878867075,0.01107334792749865,0.016364442535439998,0.0153825339121328
1244,0.008813237434106126,0.012308474226264774,0.012090783451298234,0.012543589355733666,0.0121562950599937,0.011897887828016866,0.011318461221486067,0.01003449073121095,0.01081611959783535,0.0162927391498359,0.0154223673010056
1242,0.007922875657016649,0.0115685306801004,0.011443500829727832,0.011980458846126899,0.011634826902013166,0.011426794633027234,0.010887944783242032,0.0097040945573572,0.010542255506197699,0.01611032191134545,0.0153813072768889
1240,0.00694588870621155,0.010807535783232774,0.010787246497071698,0.011412435159788167,0.0111059758835332,0.010948113505090534,0.010489657333237335,0.009422141967868,0.0102973258451267,0.01586784564374835,0.0152523261210032
1238,0.00620133716319935,0.0102454370817676,0.010274680712442667,0.010949192398394668,0.010659502774355234,0.010536296604286668,0.010175907618996267,0.00920026224896935,0.01008869034408435,0.0156683834066918,0.0151373443763181
1236,0.005689382837876449,0.009905587993887851,0.009894978090606599,0.010570830778804169,0.010275817527063899,0.010169097292945501,0.009905846390716934,0.00901791236472675,0.00990217243801,0.015553439090788601,0.0150869899050189
1234,0.0051835759154585,0.009608850708268024,0.009516228009931368,0.010187486463505901,0.009879323880536433,0.009784070760126102,0.0096049231365008,0.00880495004226275,0.0096788428003422,0.01542148922280335,0.0149789606437066
1232,0.00453150683466805,0.009152077620803924,0.0090239004407131,0.009732867468581699,0.009424054843829402,0.0093478338004896,0.009236502710169967,0.008466991539179701,0.009341390822491899,0.015142011609511799,0.0146730783778889
1230,0.0037880312255857747,0.008510615903099926,0.008446765397260766,0.009236640008651932,0.008955089815401501,0.008902197973603665,0.008846833726514099,0.0079962945329765,0.008898897416980099,0.01473724814435695,0.0142305634607367
1228,0.0031057142709073502,0.00785564666670345,0.007934376102222565,0.0088077844852991,0.008578593270185099,0.008542136303777334,0.0085374043679814,0.0075266655183839,0.0084825034394266,0.01436810461930075,0.0138515682462339
1226,0.002603870016789075,0.0073761676659095995,0.007599370495573267,0.008524934843756266,0.008354389433162468,0.008325342664891667,0.008367219556766335,0.0072070323545863,0.0082125209654682,0.01413422091038645,0.0136196015762276
1224,0.002340511399638975,0.0071182424077191,0.0074136316474954665,0.008354551914205434,0.0082354885596143,0.0082109574718525,0.008285748972088199,0.00703927946723335,0.00805875046965745,0.01397069686421255,0.0134324042775808
1222,0.002314199658163275,0.007006326027164775,0.007283481947608234,0.0082110199153303,0.008140847096025335,0.008119465167321233,0.008194815585812967,0.006917616380671751,0.007907281289401151,0.01377439987111,0.0131930553118965
1220,0.0024606941312897,0.0069803142251886495,0.007191449316032932,0.0080877608230212,0.008069469600227733,0.008046299708266267,0.0080775735010897,0.00681969135926505,0.00775419972992095,0.0135656063856276,0.0129591983962223
1218,0.0026769285967867,0.00704806641984185,0.007200522835990167,0.008067053238863668,0.008088876586935433,0.0080608971239933,0.008016523477458367,0.0068453999948662,0.00772846069614335,0.013456380931908402,0.012852276611025
1216,0.00285250551460385,0.00720004724418995,0.0073272995324561675,0.0081860767421031,0.008212760185849866,0.008184426275306399,0.008072470321107333,0.0070347171538835,0.007895118837014551,0.01348930747254525,0.0128914177389837
1214,0.0028927957578218,0.007351358964425675,0.007487138592005967,0.008359058945632767,0.0083553222531339,0.008333135765471934,0.008202363175329734,0.00726396693483485,0.00813617399314015,0.013579807190012949,0.0129774943168109
1212,0.002774344633452125,0.007429716430081725,0.007597731643855167,0.0084785975199471,0.008437160840306534,0.008421954447308934,0.008330747002534234,0.0074048302742673495,0.00829801059566365,0.0136317131767206,0.0130172052930791
1210,0.0026069832663679748,0.007476630108385875,0.007675960745820033,0.008539882812733367,0.008477772162619501,0.008466045986275367,0.008443705461426667,0.0074926319930926,0.0083781165119933,0.01365007449166615,0.0130100619080688
1208,0.0025788460752029247,0.007583148099124975,0.007779192206162234,0.008598867938658598,0.008532273091192167,0.008520451704991966,0.008550169513944833,0.0076302767233911994,0.00847125091613455,0.0136977677888262,0.0130090321408581
1206,0.0027724539714534,0.007739686245798075,0.0078962026419696,0.008650711129503667,0.0085849587626012,0.008567723084014033,0.008601479319479867,0.00780031391399115,0.00859360011178495,0.0137836461849857,0.0130389758627421
1204,0.0030679058640810247,0.007832234097632576,0.007963476956274767,0.008636099229642466,0.008576539548342267,0.008545242884230699,0.008539890760360368,0.00790065547187665,0.00867612332613885,0.01385425909150355,0.0130816642383767
1202,0.00328604635537175,0.007800542192626925,0.007968790772018767,0.008557866802381435,0.008515734991759066,0.008463833755759967,0.0084129515623635,0.00792456632581075,0.0087045182669975,0.01388172390557125,0.0131215858907621
1200,0.0033909966447292,0.0077240337017781754,0.007971438675811035,0.008506622240480866,0.008490039821233834,0.0084179324126449,0.008354092453929768,0.00796816896818095,0.008745303594861399,0.013898558664003649,0.013168530441172
1198,0.00349825959405135,0.007724845587384725,0.008027193510180866,0.008557674997209165,0.008564395111598401,0.008475941417495567,0.008437800547704067,0.0080667776674223,0.0088279438023701,0.013944814617566501,0.0132373518119706
1196,0.00372866547932385,0.007865638858209125,0.008168328765178067,0.008722449617213466,0.008739708859911334,0.008637613809329533,0.008627672824280066,0.0081570935501507,0.0089137013740855,0.014044185464735199,0.0133506539060723
1194,0.00414351161412745,0.008200930855311926,0.008475013385647068,0.009033811003812266,0.009030936392793199,0.008917465420374268,0.008887925052216701,0.00822928271214805,0.00901437231532985,0.014248582263362751,0.0135729804062308
1192,0.0048008710173023,0.008843436312872325,0.0090775633348648,0.0095879636561028,0.0095072842213284,0.009380825455247934,0.009259517046031167,0.0083926272502104,0.0092358112511964,0.0146282512464396,0.0139772650182626
1190,0.00576237447152895,0.009861593860104424,0.010013443204379966,0.010419362913061633,0.0101968361314521,0.010039192121654368,0.009774178810701332,0.00873015669019625,0.00963666556194675,0.015161620740791752,0.014525502713653
1188,0.007001437771401925,0.011127991352044675,0.011118783474674633,0.0113790009196968,0.010994892807851467,0.0107681073044533,0.010357663566888733,0.00917791306860365,0.01011509727588945,0.0156937322770652,0.0150380573094805
1186,0.0083459320099489,0.012357754105449825,0.012124438813758067,0.012218612370533566,0.011724134148354966,0.011394186200084,0.010883502890865532,0.0096113720232936,0.01050741357648095,0.0160759608574447,0.015358980440586
1184,0.009527234806955874,0.013297890956793899,0.012844252917058999,0.012786966821784367,0.012265291336082035,0.011834901621787632,0.0112860774646217,0.009975276512985048,0.01075318408221535,0.016310346782292,0.0155171074259914
1182,0.01027649554934865,0.013825688067637875,0.013232685308216,0.013091521002049732,0.012589392797547136,0.012103664478714067,0.0115639384427986,0.01026103356973345,0.0109006362991949,0.0164825051606345,0.0156351009243167
1180,0.01041046087022605,0.013887247814754899,0.013288276673401133,0.013176926920713665,0.012684392565555902,0.0122028474114224,0.011696288238495766,0.0104163373813707,0.01097999848521405,0.01658024304942375,0.0157028548893868
1178,0.00990742277279005,0.0134629247594724,0.012990555372060364,0.013023501456942999,0.012518665265617101,0.012084413199833633,0.011624123914987234,0.0103598200299558,0.0109409674304718,0.0164823374032993,0.0155683717385319
1176,0.00895541738981115,0.012661425099274176,0.012372442867030034,0.0126066042341007,0.0121031107329849,0.011732545747986498,0.011325474201104366,0.0100717332962199,0.0107167303688198,0.0161393562653549,0.0151741893744567
1174,0.007882052789944576,0.011753564215929449,0.0115874866831044,0.012000457335415167,0.011543945800974767,0.011232838572386232,0.010869621692262068,0.0096280651468216,0.010312806879470199,0.0156744579834925,0.0146828526792259
1172,0.006963078654434675,0.0110013318955862,0.010834305873385401,0.011364438024264933,0.010993732456864634,0.010728910061312866,0.010385756033409667,0.00916508637735015,0.00983748114163005,0.0152689873487684,0.0143148211211821
1170,0.006298752747119475,0.010486600540967499,0.010238673313238134,0.0108455299674807,0.0105679679878847,0.010339106643131167,0.010002926568143099,0.0088365093861994,0.00946351154398355,0.01502472584877285,0.0141681144786222
1168,0.0058630585070856,0.01015632062779385,0.009837746208027432,0.0105171559899881,0.010314841737794865,0.010120382128395134,0.0098034863403214,0.008747660855447651,0.0093265783814565,0.014965271393159101,0.0142420811409265
1166,0.00559625044122475,0.009960687370559823,0.009620300235135134,0.010366067974094199,0.010213847290969866,0.010055656312237567,0.0097747414148286,0.008858332906511349,0.00941084399324045,0.0150684692660694,0.0144953908014986
1164,0.005433050174176849,0.009878273734399,0.009535763710132332,0.010304441427327733,0.010181160847349635,0.010053108445857101,0.009805071414947,0.00898699185092095,0.009556767379795949,0.0152371280636567,0.0147900499355308
1162,0.0053129830444387,0.009861629321159126,0.0095051811015476,0.010229959953246335,0.0101206301427402,0.010004380706583134,0.009780585929901333,0.0089818848358948,0.0096243254792542,0.0153195381178997,0.0149024111222405
1160,0.00520546525746385,0.00983999335901935,0.009468796807406067,0.010105844858132833,0.009999816949634166,0.009873745413670566,0.009688393368425334,0.00885888941195435,0.0096131147582716,0.0152400785805833,0.0147296610879594
1158,0.005099196502359401,0.009765270411172275,0.009407815621018967,0.009968123884835934,0.009857274117566433,0.009710857855597834,0.009587843632949067,0.00871652493457575,0.009581996178373901,0.0150762943949418,0.0144353617486644
1156,0.004968274755821475,0.009622069137424475,0.009312288893599134,0.009855677430053734,0.009734875507012266,0.0095757938144563,0.009505191930740202,0.00857194295402015,0.009516076266781349,0.01495766273585235,0.0142783074403719
1154,0.0048013941281079995,0.00943365782934315,0.009182172475254567,0.009781597424745367,0.0096526839320489,0.009500253298415933,0.0094341548295172,0.00838350708507295,0.009370327540971349,0.0149381262798649,0.0143448703171294
1152,0.0046611222031913,0.00929354429573635,0.009083927162346834,0.009779118304108566,0.009656384141198335,0.009526685345210633,0.009430164091023832,0.00820530789698065,0.00921257466226575,0.015012815520361449,0.0145393100080364
1150,0.004632954446874225,0.009318026960476676,0.009126339197668367,0.009895493442390468,0.009804980270770133,0.0097014450003389,0.009590122791851332,0.00818989132326455,0.00920099114749315,0.01517948762249195,0.0147544295382165
1148,0.004687505262364175,0.00949165399063975,0.009311986977789533,0.010092682467356368,0.010057526885369,0.0099760589554902,0.009890849887640498,0.008406014169692149,0.00939328993636445,0.01539766665840425,0.0149240829109564
1146,0.0046672177327369,0.009617494122136274,0.009472534291321832,0.010222273515148534,0.010240626181776999,0.010180415559814235,0.010140371496245066,0.0087405162630424,0.0096661574889988,0.0155435975335007,0.0149678175501961
1144,0.004456468541461125,0.00951318388858575,0.009437131158099731,0.010174460500523069,0.010214048138387099,0.010177975111817733,0.010171770296981636,0.00901273716760775,0.0098555618376013,0.0155152842966109,0.0148487948301606
1142,0.0041189669192581504,0.0092291451786344,0.009235657974616033,0.010017432539119665,0.0100422992549287,0.010028206740481466,0.010039838913889234,0.0091280202057985,0.009912979686773099,0.015375365398713349,0.0146894640471277
1140,0.003826242912759175,0.008981865613530425,0.009049561060076167,0.009911804493128134,0.0099162169548035,0.0099158013168039,0.009943268104275668,0.00910224736780375,0.0098956247186536,0.01530042135321515,0.0146885189699973
1138,0.003690190796180825,0.00889109456129115,0.008982654779153202,0.009910042605416867,0.009915921645163634,0.009924398212851732,0.0099801495865486,0.00900174761174865,0.00986634521073185,0.01538397378184135,0.0148956817459917
1136,0.0036976477072170246,0.00887972945719825,0.008976847773874102,0.009923468581344132,0.0099430753415485,0.009962970330467233,0.010067976431959167,0.0089014065057339,0.009852871833434,0.015561638278646199,0.0151707428736496
1134,0.003761474839961425,0.008823624788969676,0.0089477021852363,0.009877636765272766,0.009895400605613834,0.009927629332595734,0.010095538238365101,0.0088576795877693,0.0098656967207242,0.015727986245603752,0.01537552395663
1132,0.003802357650724425,0.008702383270268624,0.008902010618208334,0.009811815828697733,0.009814930432193699,0.0098531457227111,0.010065763624365967,0.0088851961464284,0.009912304058671249,0.01585062624721685,0.0154994281068733
1130,0.0038167788625961,0.00858126177041795,0.008890962982604967,0.009802122299467933,0.0098136661855146,0.009851899162345733,0.010059222390155267,0.0089813362136405,0.01001013928987805,0.0159498676795105,0.0155719635544138
1128,0.0038833575318463747,0.008522454057580875,0.008923745401234634,0.009856708008613567,0.0099155475008928,0.009954557792429434,0.010118811727331534,0.00916379825587205,0.01018907007718445,0.01603342413880955,0.0155718826839242
1126,0.004052579464638525,0.008537311550752526,0.0089626645038132,0.009915470802031133,0.010026668091470266,0.0100675337655234,0.010206724901391866,0.0094178534106557,0.0104326990077329,0.01608431407861225,0.0154818046179532
1124,0.004212240193273625,0.00856269282414845,0.008947820010462267,0.009899900862818068,0.0100263287290334,0.010065850714766133,0.010236917551341066,0.0096062190319085,0.010611614874487151,0.0160691752696415,0.0153391677819853
1122,0.004141009048116525,0.008476546481805675,0.008810007621902165,0.009746563315066866,0.009850031485419268,0.009891397332031534,0.0101273667865543,0.0095358731708762,0.010555597212783051,0.015942043702879452,0.0151725729566757
1120,0.00375463383856545,0.008213935737254425,0.008531589768866199,0.009460677522969868,0.009529972639246168,0.009591692441094235,0.0098652424110268,0.009176490786005749,0.01024296608829345,0.0156900749679434,0.0149655625708729
1118,0.00324295916701455,0.007884271832140825,0.008218695949987866,0.0091664205469491,0.009203797377575033,0.009305809617950066,0.009552167699374234,0.00873760989125115,0.0098570576212491,0.015392152050800752,0.0147370721180687
1116,0.0028868280894199247,0.007680400145616525,0.008024089731236401,0.009020714665381435,0.009031470595537933,0.009172359300417201,0.0093368575439729,0.008444965250083949,0.0095864706277142,0.015174120145475749,0.014577457942714
1114,0.00278132342063345,0.0076378869036432245,0.007954742137476467,0.0090204770843723,0.009033290074071967,0.009188167420458,0.009258894238367399,0.0083040039049351,0.00942723797708495,0.0150795770859035,0.0145365637796622
1112,0.0028057558416447253,0.0075816042642824245,0.0078436004969887,0.008966918750695267,0.009037521513457767,0.009176268693428765,0.009194792171644267,0.008175992510266801,0.00926180893905295,0.015033941044279249,0.0145407935528313
1110,0.002810533190801175,0.0073691344345258245,0.007575582355730433,0.008699644869650067,0.008860364438005232,0.0089634479493152,0.0090079033702472,0.008022076194026201,0.009074032265333,0.014959710652779849,0.0144917734752632
1108,0.002749989102720975,0.00710240628469075,0.007263445256782501,0.008317273137678034,0.008529724065496933,0.008593726015756234,0.008729354943555999,0.0079430032492826,0.00897226302220935,0.0148761004778211,0.0143974860185973
1106,0.0026597016484831253,0.007006060999364975,0.007111108571978767,0.008071159012968366,0.0082575708913191,0.008297035732502466,0.008529633564251933,0.007989516405323801,0.0090102131418361,0.014845104996206601,0.0143333940739471
1104,0.0025935403256939,0.007148280153807225,0.0071632099628647665,0.008072156923162967,0.008196298643212,0.008237294880445568,0.008517849148807134,0.00806428343160805,0.00909503634796255,0.01486493159680425,0.0143176892420041
1102,0.0025925023563756503,0.007378771105539975,0.007291124993152333,0.0082044283393461,0.008303409322490332,0.008362453140091765,0.008632527898093566,0.00805768911107075,0.0091090914763131,0.01487844992483325,0.0143089583751062
1100,0.002662496268047325,0.0075346113256267505,0.007399285039199299,0.008330009630176867,0.008464486984691,0.008532655047641466,0.008751349167621401,0.00799924754710365,0.009057447625225399,0.01487607477653295,0.0143104097850082
1098,0.002772951634777675,0.00761498004783885,0.007530385423177333,0.008462608122344466,0.008655830151784,0.008712182270093833,0.008847934938535534,0.00801210811474105,0.0090486405415845,0.014927856011288699,0.0143875213971725
1096,0.0028893051637934753,0.0077165687265736,0.007744063427398733,0.008679765408494433,0.008912553939513432,0.0089515405146725,0.0089851269364168,0.008157490616524099,0.00916213476383885,0.01508382488323705,0.0145532445756706
1094,0.00298306387485965,0.0078586601992796,0.007983911804143798,0.008950401461750334,0.009197829909277366,0.009234304866951933,0.0091893989422505,0.0083729628501124,0.00936975332666085,0.01527297941749015,0.0146917787032795
1092,0.0030056782611936747,0.007940794789253499,0.008125250125727967,0.009148277366646267,0.009405574869242499,0.009455862273663166,0.009404335050712566,0.0085545520416468,0.009581240977138701,0.015353911175068298,0.0146568349882115
1090,0.0029154301805635746,0.007878722611776875,0.008117296636291634,0.009211903915364934,0.009488243034059901,0.009559585163570935,0.009571896422204967,0.0086683192774878,0.0097474486662783,0.0152803364133248,0.0144452446673512
1088,0.0027602547198664,0.007727819293658424,0.008024028236787033,0.0092003702501759,0.009497560928965665,0.009595855904872235,0.009691061586298967,0.00876674268733035,0.009898156746208898,0.015169876051778,0.0142249116716508
1086,0.0026556979337979004,0.0076182973848897,0.007926101415406533,0.009174380267059034,0.009474847268658932,0.0096063751042124,0.009760500812657434,0.008893738778476299,0.010061198533682252,0.01515806061146115,0.0141529933098534
1084,0.0026243552869024004,0.0075809482210483,0.007817409087309667,0.009090358838263833,0.009368030627387199,0.0095255168592454,0.0097146363757453,0.0089872152085844,0.0101629089850271,0.0152087320157871,0.0141900044594077
1082,0.00254235532353065,0.007512962754855275,0.007627381079321433,0.008863366174223898,0.0091104078880526,0.009266514511314333,0.0094836186603838,0.0089149465258608,0.010069461482203,0.015150400306382351,0.0141573671271148
1080,0.00232527979641805,0.007341947996233,0.007340609836633066,0.008504914139916865,0.008744857221036233,0.008867473207189199,0.009109375038372667,0.00862592602983735,0.0097504322777715,0.0149080547632025,0.0139756957789607
1078,0.00208405457875515,0.007146314396451725,0.0070567399963026,0.008143622886341033,0.008407677986575168,0.008479206014820833,0.0087424983156024,0.00822730721294865,0.00934346773185575,0.014611281993504699,0.0137679612271798
1076,0.00198438224782405,0.00705210202993555,0.0069075699081721335,0.007912641673151,0.008200496807437833,0.008221957320469132,0.008510986835466966,0.0078768308467495,0.00901325523010415,0.01443553206569885,0.0137024735210085
1074,0.0020257523249956,0.0070830838950968,0.006949455430291133,0.007871562025676534,0.008144924095667099,0.008130838125908266,0.008448387192788134,0.00765326738139505,0.008816704268767449,0.01443460820718505,0.0138289114900613
1072,0.002095169201136275,0.007196079331284025,0.0071649235293127665,0.008035076795228868,0.008253192402721035,0.0082281597384843,0.008554540153439434,0.00758355471295985,0.008764999736175,0.0145884688324816,0.0141162752521371
1070,0.0021725709190855,0.007385490130180625,0.0075075556054678,0.008385167880252132,0.008538719453824,0.008530823362825034,0.008828511439918899,0.00771004654318015,0.00891151207814915,0.014888436986333551,0.0145247492305994
1068,0.002309992501368625,0.007627582780045825,0.007873452598647267,0.008805050698022166,0.0089140677276626,0.0089418447098121,0.009185225673778299,0.00800990133212065,0.009243835198907601,0.015250047303077201,0.014930587525111
1066,0.002433086726745925,0.007778082399511076,0.008084550329337234,0.009082604642603,0.0091771470616468,0.0092416798801132,0.0094294029344333,0.0082897001037944,0.00954891471893695,0.015441663393783452,0.0150935190215441
1064,0.0023661722446980003,0.007697730341090675,0.008035602246038467,0.009090492054576666,0.009203524277637333,0.009293026303539299,0.0094303351624483,0.0083163589604365,0.0095647694302021,0.01528980063774485,0.0148833272483184
1062,0.0021004902721012,0.0074849917252555,0.007867875468176567,0.008950636939470234,0.0091117263250861,0.009210752223257568,0.009297979348413067,0.008090869344441351,0.00929774235248995,0.014942412821518699,0.0145060206748052
1060,0.00185701955921275,0.007403046035502651,0.007847767230393033,0.0089030068372394,0.009112177723357933,0.009207977541258667,0.009255443505176235,0.0078603823412389,0.009034686986695802,0.01473859360928455,0.0143104159392829
1058,0.0017959795570909498,0.007520396081337449,0.008012884410179466,0.008985622821470434,0.0091923288282214,0.009279511681139134,0.009319577593218668,0.0077964746443032005,0.008975235382601799,0.0147813401249765,0.0143559708833945
1056,0.001816349643193375,0.0075897720124900245,0.0080763548432876,0.008958197159511199,0.0090896614341351,0.009170828231843467,0.0092406996745132,0.007789445337704249,0.0089940041984354,0.01481170577809195,0.0143523116744412
1054,0.0017453417630856252,0.0073727199233201745,0.007782531179542133,0.008603661645252933,0.008631381432249932,0.008707388048327101,0.0088227908980381,0.0076464257052373495,0.0088546357382762,0.01457048965299575,0.014065309941922
1052,0.001595732003042725,0.006945672148196799,0.007249016597548267,0.008011232226385067,0.007985006779302866,0.008043014646056166,0.008194495455419367,0.0073750028538554,0.0085365351762066,0.014131769967387051,0.0136103267682412
1050,0.00149633570324275,0.006563415499889199,0.006819803713843601,0.007463187345680033,0.007472897250908733,0.007491107722675701,0.0076566459315466,0.00713003100394125,0.00821349114672445,0.0137689952041754,0.013260539132689
1048,0.0014576787692027748,0.006337890793517675,0.006658560096172467,0.007108647719692967,0.007217396570046767,0.0071850905112717,0.007333993072711233,0.0069499369553788996,0.0079852474047652,0.0136160826459028,0.0131268722138882
1046,0.00136786675678215,0.0061997766077858,0.006639458164834601,0.006863729946353266,0.007078174295389434,0.0070049416362991,0.007097038307745167,0.006715633377432,0.0077884280235293,0.01359773998497865,0.0131494753625172
1044,0.0011947219922434243,0.0061029033513405745,0.006609729095166567,0.006612598161496233,0.006902176492178999,0.006802760655064366,0.006805246131720767,0.0063780801470099,0.00756473683982385,0.0136182347145095,0.0132810903485971
1042,0.001044326030676975,0.006092831401484524,0.006586039712085133,0.006381792032849065,0.006707359107505267,0.006583949256533334,0.0064996436307146336,0.00607385529253235,0.007375746367184651,0.013660890567978451,0.0135089756245803
1040,0.00101701492764225,0.0061936875204075,0.006655122830061234,0.006283689579293333,0.006609893125005567,0.006455856910674,0.0063269644792435,0.0059606655802602,0.0073178543737854,0.01372687468608115,0.013758185948849
1038,0.00114829869283525,0.00640702945250715,0.0068579525821699005,0.006405919230872567,0.0067079105083036675,0.006522176320616066,0.006396081324149667,0.006070821665241951,0.00744353250200795,0.0138411039418431,0.0139584219987509
1036,0.0014899967644004884,0.0068065516383021,0.0072422186237593,0.006808058236616367,0.007072428561668166,0.006862455170094601,0.006757916381451067,0.00638734719719545,0.0077892682817672495,0.0140986633841929,0.0141576632496608
1034,0.002082733516914575,0.0074381830648408,0.0078422706939517,0.007493009853605333,0.007698878395151934,0.007477908668764767,0.0073857659739828335,0.00689005715694755,0.00833301347990335,0.0145334177734074,0.014398333922546
1032,0.002873807881649125,0.008192656716081251,0.008561702885446866,0.008329309071879468,0.008432614668733867,0.008220112052598432,0.008118452612695165,0.00747228011202545,0.0089250383477575,0.01500601287852455,0.0146113431710741
1030,0.0038112377217207,0.008960135436576476,0.009264289196951466,0.009143280046367133,0.0090983321821006,0.008911041279874,0.008771882958856168,0.008017715188554899,0.0094297629983895,0.0153812373497678,0.0147813884996537
1028,0.004935163727623275,0.009799444339553124,0.0099750680052375,0.009917558531272566,0.009716122137239233,0.009551192711678166,0.0093482028835055,0.0085899401974244,0.009916929998832948,0.0157249873845776,0.0150460297410518
1026,0.0062116799787436255,0.0107733826931196,0.010802163453935568,0.010760458507622734,0.010441794217290834,0.0102772822956447,0.010002323069924499,0.009350791251364749,0.01054981534149245,0.01618158224164945,0.015495463924546
1024,0.0073433118357385495,0.011699675276607376,0.011654954295239266,0.0116512729170219,0.011278205860751766,0.011097603906988232,0.010772682685959335,0.01025021024802235,0.0112909778775712,0.01672628578392915,0.0160076191512796
1022,0.00794562237133885,0.012255615820764275,0.012223356472836332,0.012352723130693568,0.011986221393436866,0.011798561747081432,0.011468793810692999,0.010970313806029051,0.0118766198416433,0.0171803639229439,0.016410334128282
1020,0.007947766245127826,0.012332045161150076,0.012313535525890465,0.012657005022219331,0.012345828498015734,0.012175479202330766,0.011886873061641332,0.0112747053338344,0.0121341455687118,0.01745287008816555,0.0167104141259519
1018,0.0076777046409473755,0.0121439449572967,0.012083278459282499,0.012630480415469367,0.0124011480100848,0.012260024572672232,0.012038687521041333,0.011288911118426202,0.0121952724795344,0.0176386523232037,0.0170219022895782
1016,0.0075094371120144245,0.0119832678031376,0.0118650928115072,0.012528846364623364,0.012369927683428797,0.012245885221449234,0.0120920307782928,0.01132531996529235,0.012312463620271899,0.0178620393165071,0.0173449534841403
1014,0.007509212290204525,0.011961740521288549,0.011828425846853667,0.012517673678113532,0.012384076997404134,0.0122583848455312,0.012158894592469766,0.011516287701329151,0.012554519794120849,0.01812555161534795,0.0175724001680517
1012,0.0074472257423261,0.011982570182105424,0.0118743720784266,0.012547066761975265,0.012398515497726999,0.012272608003563334,0.012221949109271534,0.01173125130766795,0.0127752472697075,0.01833760440823935,0.0176676724621687
1010,0.0070740171919266,0.011854438717317225,0.011798451534085467,0.012469979638081599,0.012309518822141166,0.012212348396321732,0.012219142705276234,0.011793087293573,0.012819863731321799,0.0184020379247259,0.0176680399889191
1008,0.006349123595497125,0.011427763337219326,0.011481787498376533,0.012206384410710999,0.012078132287686068,0.012045785433264166,0.012114584458565633,0.0116408853250492,0.0126538465538316,0.0182520902008978,0.0175364542881684
1006,0.005475107591560475,0.010738081072577598,0.010971130727666,0.0118053337668694,0.0117576374926745,0.011804078814575266,0.011915124076646834,0.011308245713028551,0.012323901421024349,0.0178858863971584,0.0171908223419564
1004,0.004748840461327625,0.0100469918518358,0.010448650702597666,0.011412354546735467,0.011464756629087967,0.0115719717000251,0.011691010048588066,0.0108782578024107,0.0119063793760428,0.017419203967962003,0.0167041793391438
1002,0.004335186397675925,0.009648754417069826,0.010109962496151233,0.011177564366776133,0.011312643835766698,0.011447565759263733,0.01155958425204453,0.0104886083843008,0.01151561014078235,0.01704705860845885,0.0163204509338636
1000,0.004154580613201575,0.00959425437837555,0.010015754343489567,0.011141979083815035,0.011316703130367934,0.011453737585407431,0.011577820880902132,0.010281737144854902,0.0112811144305486,0.016901028591551598,0.0162107460255179
998,0.004008814835614825,0.00965396880443495,0.010046894926608735,0.0111943624548704,0.0113643741967797,0.011492625588410367,0.0116555145008728,0.0102807779470032,0.0112499539274738,0.0169524303873696,0.0163116059077842
996,0.003817264256381875,0.00957937085027975,0.010027025245721568,0.011176245342573566,0.011322892541790234,0.011441536779931169,0.011642321708765167,0.010354411899745852,0.01132874650478505,0.017067592689064298,0.0164544459785538
994,0.0036759458003246,0.009342227344648277,0.009888132725003933,0.011041975337950169,0.011177101961424999,0.011293249929492833,0.011505541537553466,0.01035380013418365,0.011367013098282551,0.017130934617417548,0.0165567108729593
992,0.003683281046903825,0.0090916191888885,0.009705242951845999,0.010888048261535102,0.011027336193299367,0.011154657485763267,0.011361365956895601,0.0102591472252919,0.01129941135625655,0.01710043830593065,0.0166110395650616
990,0.0037945651945063747,0.008959350323839625,0.009595736016335033,0.010829064894834433,0.010967372619772034,0.0111143987806496,0.011325785982838734,0.010160558635905051,0.0111859526160918,0.01699102260961985,0.0165812853798234
988,0.0038879273221272496,0.008961914606002775,0.009607594510781166,0.010880587569092333,0.011005259385758298,0.011161919844564201,0.0113917052281741,0.01012011844513535,0.01111164770675545,0.01684324760394685,0.0164223649573791
986,0.0039026721808599497,0.0090352507746235,0.009688233037809833,0.010969357048527565,0.011091724076023199,0.011236179913974166,0.011469630681538967,0.010100383764499649,0.011075953992720999,0.01669043125433255,0.016168574149346
984,0.0038555943478701246,0.0090959340380035,0.009737924574945033,0.011019122536875633,0.011173107822678469,0.011296156697520867,0.011497335148881266,0.0100405589328407,0.0110154443444868,0.016537548089890497,0.0159149088228506
982,0.0037768840006652247,0.009085287176291677,0.009696146856660766,0.011002232906914634,0.011208103380641368,0.011323997591509335,0.011478197433321633,0.00996813560948595,0.01092374597275955,0.016382834477294002,0.0157175776334398
980,0.0036889267119361,0.008995654711116975,0.009576445078755233,0.010924247706280999,0.011171215443459899,0.011299563126858467,0.011437810855989735,0.009981006987379349,0.0108817285515065,0.016247663426412852,0.0155609082245804
978,0.0036060506338152,0.00884713458122105,0.009405262807172134,0.010780151809931566,0.011052088007179,0.011195094115983567,0.0113662736485563,0.0100938719713964,0.010923665725492051,0.0161414268692719,0.0154007968182309
976,0.003505156525336125,0.008642174393732875,0.009158408222074366,0.010540794137473433,0.010842099278810732,0.010984012999296402,0.011204512910942032,0.0101487484390632,0.01092976047829995,0.01600498105538015,0.0151945441340472
974,0.00333892934752125,0.00838831726229275,0.008817396337831601,0.0102004475167433,0.010543712020050265,0.0106657022434068,0.010903659627762399,0.0099570253165229,0.01074335045201625,0.0157613602583266,0.014920158213964
972,0.003125641546486075,0.008168121472296223,0.008479263109989466,0.009839136446068033,0.010217443832631767,0.010306323299653268,0.0105148180649132,0.00954021245768365,0.01038834189433375,0.0154474648198486,0.0146252329756355
970,0.002976420904886125,0.0081140233669209,0.008324530304258034,0.009600221764435235,0.009982476228377233,0.010030929564107631,0.010185632122023667,0.00914361111393695,0.010070139742080049,0.0152218779770419,0.0144319703152611
968,0.0029755855602439747,0.00826712603103265,0.008431528293829,0.009565818173013498,0.009910404212650166,0.009920169947161467,0.010020016629455201,0.00896435950716375,0.00993144593928845,0.01518734367474665,0.0144258193266396
966,0.003079872307654075,0.008501210687104174,0.008670557233521134,0.009663008372286466,0.0099285367339852,0.009914810146667234,0.009961768545594699,0.008937363691777299,0.0098961686276931,0.015257604591753252,0.0145433168509608
964,0.003202073943595775,0.008635221296951025,0.008830390290583233,0.009734843120529933,0.009894452403313733,0.009879690982593966,0.009879517211154433,0.00886358864420005,0.0098100554219037,0.0152677864306788,0.0146325961927627
962,0.0033417178932055253,0.008598178138422775,0.008814644497332533,0.009702484175888168,0.009767937561514067,0.009767943678503999,0.009750591834962267,0.00868630689133745,0.009652531501225,0.015174789645545798,0.0146209356405348
960,0.0035446895031822,0.0084638277149145,0.008683313448155434,0.009621427025102132,0.009644703125675533,0.0096628188121008,0.009678804551563567,0.00853094104274145,0.00952573221866785,0.01506869969981575,0.0145565644010214
958,0.0037763980213138997,0.008373052823983651,0.008564850466318467,0.009592550625265032,0.009618719861143666,0.0096527517564019,0.0097321028500998,0.00850935237884565,0.009499565728375101,0.0150178555737052,0.014490995248756
956,0.0039402462590490996,0.008440247208223051,0.008573262009374834,0.0096649777681136,0.009683056378392235,0.009733202289497866,0.009854208981712199,0.00860620035001315,0.00956361990715315,0.0149954101692029,0.0144030135044011
954,0.004008484011441575,0.00867155782447675,0.008750510677498635,0.009823202870290166,0.009788443306027567,0.009855897355734333,0.009965314090528933,0.0087615653298702,0.00969312755468485,0.0149661439923954,0.0142747281271201
952,0.004036704065751675,0.0089328108744939,0.009019371773105534,0.010011884977107534,0.009921329759441067,0.010000902005505066,0.0100598748248995,0.0089422366599891,0.009856671945760051,0.01495904104956345,0.0141754308849248
950,0.0040570227902132,0.009051928943889901,0.009223991951183,0.010154491892111534,0.0100719899007492,0.010148930551369867,0.0101539175335874,0.009093318011296099,0.00997285414969665,0.0150106058158419,0.0141978744788271
948,0.0040570992828605,0.009004964354943624,0.009280692211683634,0.010196863269804367,0.0101840886872293,0.010239647884141034,0.010212027195118767,0.009126659176201452,0.009960901033187551,0.01508645243304885,0.0143279339512398
946,0.004071314699734675,0.00894970746988325,0.009258621437829333,0.010158316572915868,0.010200846935515935,0.0102214832202794,0.010192266045219433,0.0090176657086666,0.009837187095651099,0.015105066951050251,0.0144383130606739
944,0.004191800433123,0.009032771129221925,0.009266628165750234,0.0101129507997245,0.0101381634470467,0.010120893162131167,0.010115578065794233,0.0088501848824615,0.00968933120833325,0.015023564989185601,0.0144217815989491
942,0.004450871557056775,0.009214222421097075,0.009310404307030102,0.010107064558768532,0.010066856589901868,0.010019036479173666,0.0100357562251954,0.00872622951446355,0.009569359101055101,0.0148799068786919,0.014296913461168
940,0.0047523876667164,0.00932582666081685,0.0093154781376531,0.010113816917122466,0.010027613513511465,0.009964724886910999,0.0099714952855647,0.008675472201529949,0.00947954123654035,0.014751442551187249,0.0141580877872152
938,0.004942382729496675,0.0092511122589841,0.009237659307947501,0.0100706083880583,0.009988127397555202,0.009930580099608467,0.0099063343577859,0.00866646646454295,0.00942883116403075,0.0146675901393828,0.0140358923094256
936,0.0049005898532577,0.0089944420911768,0.0090745720168513,0.009931618105721667,0.0098778050026736,0.009842412373789933,0.0098178495108292,0.008634270096373499,0.00939754635885215,0.01456334686735965,0.0138547862534979
934,0.0045831913704228,0.008637663564379849,0.0088190790760586,0.009690417722690033,0.0096552296904344,0.009643797697877233,0.009672924538461034,0.0084782140969222,0.00926774438689815,0.01434377962604815,0.013551649071152
932,0.004058154108840475,0.00829548372757705,0.008491731465793467,0.009392917558856134,0.0093565988828438,0.009357145485213067,0.0094409472289565,0.00812746754497955,0.00892494677156345,0.0140115573342421,0.0131983853710298
930,0.003493922313141575,0.008059900079303475,0.008182301099175733,0.009122470542542933,0.009074240254557468,0.009078938313148167,0.009145743365826867,0.007651574918312349,0.0084425555873663,0.01369366050320225,0.0129510217291834
928,0.003034306360393425,0.007911179616103724,0.007962969763575634,0.008916440209409267,0.008855787649523534,0.0088709495288375,0.008848373066629766,0.0072279441727183,0.00804027780890405,0.013509285827888101,0.0128843817131627
926,0.00264811753413995,0.00769713827173465,0.007763916601011968,0.0086707538191114,0.008607137910671065,0.008633839671167466,0.008522729257196935,0.00694007018637455,0.007815675990099,0.013430572520435901,0.0129142389104464
924,0.0021437706296664003,0.007259129883250649,0.007413258630476566,0.008171434079040934,0.008126387307252934,0.0081328645599549,0.007991679393679266,0.0066543169729137,0.00760648768177965,0.01330240413072775,0.0128810255310044
922,0.001379749309242625,0.006573238128132024,0.006816208731099634,0.007281884182922633,0.007284943715777333,0.007215725019996567,0.0070870298596978,0.00617348816828375,0.007193153995108,0.0129852575415828,0.0126635880038679
920,0.000497936549658575,0.005784146279477325,0.0060805651767955665,0.006180109325083067,0.006255253423858233,0.006088034572603266,0.005971363575140433,0.00553173441173905,0.0066102649466436,0.0124696390136643,0.0122121485131236
918,-1.387290362939999e-05,0.005210286385725099,0.005531242841539867,0.005472935928049267,0.0056166388113294,0.005413833635917367,0.005314105976688067,0.0051334839347339,0.00623856140174805,0.01195545087229545,0.0116289880028337
916,0.00023405065994455384,0.005182518540985925,0.005489604032699567,0.0056858195122662,0.005855465692199634,0.0057110756074520335,0.005669155033698067,0.005367339228999049,0.0064240400461341995,0.0117778988144592,0.0112412646028466
914,0.0009971355455841249,0.0056636242446271995,0.005911054094183366,0.006549397476614466,0.0066888739484394005,0.0066261300770615,0.0066679979334205,0.0060750734271691,0.00703436272845015,0.012034346230166,0.0112681337244911
912,0.001756082826564575,0.006288638969445376,0.006469534073562566,0.0074300983054511995,0.007502638279463767,0.007487516062344099,0.007598255590315067,0.0068281513146724,0.0077070322876478005,0.01249105576042445,0.0115704695160618
910,0.002186483063546275,0.006708952640270026,0.006850528283211601,0.007945616678306967,0.007948153122188934,0.007950762120844434,0.008102165355308766,0.00732801295768585,0.008162239590901451,0.0128573299084205,0.0118961369717702
908,0.002253407234286125,0.0068194901665898,0.006931472026627634,0.008051815540833432,0.0080174072275268,0.008030496837508234,0.0081999366658872,0.007488851112780401,0.00828353799709975,0.0130104450942077,0.0121398003690241
906,0.002203590945212875,0.006830987553888175,0.006889739472859067,0.008003677411624601,0.007981507383754999,0.008011191955644535,0.008182843688723266,0.0074902716948645,0.00822421542369065,0.0130854637607975,0.0123873901017578
904,0.0023100402013852247,0.007007908926765225,0.0070095486190996335,0.008115641842942866,0.0081331838286749,0.008188509589969334,0.0083549622260453,0.00762150369586715,0.0082939144675229,0.01327919661973875,0.0127030599699992
902,0.002504498104436875,0.007283206200734075,0.0072810079171544,0.008386061908916302,0.0084337401904085,0.008518824277044366,0.0086832552817182,0.00789818762059,0.008552790043479301,0.0135166538107287,0.0129155154585218
900,0.00245665190147715,0.00733261710805245,0.0073849995242353346,0.008492476647493799,0.008547299221592499,0.008653050488188168,0.008821024542125635,0.0079982158239426,0.0086873239178899,0.01350125892302365,0.0127954314764021
898,0.002085739580452325,0.0070537080458955,0.0071562048603142,0.0082473314535356,0.008301607660209133,0.008407998385675533,0.008576572432637099,0.0077206751082703005,0.008449277306517601,0.01316176686736995,0.0124422803309626
896,0.0017670113668335,0.0067437568231439,0.006852151532228867,0.007902854223645632,0.007963857966318034,0.008058315174406068,0.008219383219901734,0.00733619657009875,0.0080525320789551,0.0128383469701071,0.0122649595640171
894,0.00186840728611625,0.006700231951325075,0.006805061023974633,0.0078391860149815,0.007908827862431867,0.007997843695510433,0.008148947964664666,0.0072595555561359,0.0079040467069056,0.012868572750344899,0.0124833418739154
892,0.00227393194288235,0.0068514245463392,0.006986306777236367,0.008077297019351367,0.0081412804231883,0.0082363657525028,0.0083807430565339,0.0075069230678621,0.0080654142754057,0.0131578254032887,0.0128479119423428
890,0.002561502321341475,0.006922293959130125,0.007107262143338899,0.008299980928116133,0.008333631920087932,0.0084317687513676,0.008573731444265867,0.0077254078366987,0.00823526709202595,0.01333890991270725,0.0129747100519313
888,0.0025271869909396253,0.00681092968357375,0.007028737257482,0.008289965454895,0.008271391688658734,0.0083599168237948,0.008510428248902866,0.0076915025400205,0.0082048028105976,0.0132431773188037,0.01279679413616
886,0.0023124696311638,0.006632198350768651,0.0068567839103697995,0.008131464163939834,0.008058586450349367,0.0081361732369515,0.008315874677810366,0.00751596866872375,0.00806798029356275,0.01300993412552625,0.0125167717853569
884,0.002097548779062325,0.006497903381877026,0.0067049474754245,0.007985388333306101,0.0078891344284139,0.007970328817410133,0.008191755190598067,0.0073605467341585,0.00797178003832285,0.01280196519201765,0.0122595147962203
882,0.001927539631317325,0.006439510622486925,0.006590931845270633,0.007891895169733466,0.007822592272224933,0.0079204326025514,0.008170120397801099,0.0072239565186304,0.0079118618821665,0.0126441864515611,0.0120020899049524
880,0.0018195429767379249,0.00647856596495515,0.0065443534690918,0.0078402416629189,0.0078256193899492,0.007936428708682768,0.008189254512124433,0.0070592253601361,0.00783014939342795,0.0125249837989249,0.01176255425181
878,0.001801969769824275,0.006590211776829899,0.006599000548473433,0.007836707931393733,0.0078592058588899,0.007964202117769933,0.0082123288281777,0.00687261129494565,0.00770621992388625,0.0124421039579777,0.0116130583685971
876,0.0018115068806745251,0.006628934192596175,0.0066602149080486,0.0078246418972637,0.007854288304724667,0.0079313728399875,0.0081832323159983,0.00663739966355445,0.00749254787359825,0.01232414276041045,0.0115142012941211
874,0.0017455508054806499,0.006475660049978125,0.006586588270070933,0.007711779603047833,0.007751469204727467,0.007789350993012399,0.008044911320203933,0.006327857064453201,0.00716689091757585,0.0121035640137869,0.0113592323771259
872,0.0016654327558739998,0.0062672945990617495,0.006458289146159067,0.007577490865945567,0.007651098144793433,0.007659489650117167,0.007909692624952535,0.0061249533664713,0.00692929583651475,0.01191816044108535,0.0112164757033432
870,0.0017651187887203499,0.006296408912859725,0.0065585308139317,0.0076816174374011335,0.007781401549109233,0.007785433110394734,0.0080388519323968,0.00635688932195695,0.0071267325069114,0.0120461573321703,0.0113160944184032
868,0.0020755511087875503,0.006633498522661625,0.006980123152816001,0.008120203750589935,0.008200419049142434,0.008219588582415567,0.008505083356764467,0.00707765394944785,0.00782967657956915,0.01254698455426175,0.0117181324244932
866,0.002379606589915375,0.0070079693426498245,0.007422394672950301,0.008604463503394234,0.008638830635809698,0.0086739358699585,0.0090032875600399,0.007870131754673,0.0086299402934842,0.01311930268508275,0.0121751026082301
864,0.002514282871038325,0.00714559055657605,0.0075324507649977,0.008760227542366333,0.008775782462305202,0.008818679775663932,0.009160036141363235,0.00824455093992555,0.009019825602052799,0.013423837535150501,0.0124285780318993
862,0.0025953197325032998,0.007092905360927399,0.007339424737740766,0.008575300556943201,0.0086080691056066,0.008653498550694865,0.008954030816746632,0.00813285216539145,0.00888825384726915,0.01342789904015165,0.0124938211237063
860,0.0028241291472767497,0.0071058820846754255,0.0071979826931078,0.008387379559112935,0.008429631608315833,0.008467794179615134,0.008696573688089534,0.0078598368746844,0.00853472658407815,0.013337905243423851,0.0125451904933028
858,0.00322655072254695,0.007346830984434875,0.007392974681833733,0.0084973557156583,0.0085151246968031,0.008523771595460567,0.008689232490615133,0.0077668005861682,0.00832731478189235,0.0133369782333542,0.0126735315531056
856,0.00375901484497255,0.007847356195621,0.007968299678611034,0.008969210010648468,0.008948640923892167,0.0089082212552428,0.009040178399305666,0.008014386355938201,0.0084791130389716,0.013514289269716252,0.0128901946520793
854,0.004595369219845725,0.00870631572678475,0.008901894903934567,0.009776299063173134,0.009709975370583867,0.0096193528955352,0.009728695602765765,0.0086219850922096,0.009030544065894701,0.01392754477551,0.0132443134029831
852,0.00608292824537005,0.01011066877432045,0.0102351559725904,0.010925932459322866,0.010755201771842969,0.010615197868437266,0.0106570258452484,0.00948650663919465,0.00985390769854795,0.0145630997040553,0.0137688420535504
850,0.008293657274663576,0.01203759651943415,0.011906453409922168,0.012329765700078031,0.011947664997322268,0.011737200706308867,0.0116228507550028,0.0103740050035627,0.01068651658909495,0.015266654884485802,0.0143626773268442
848,0.0106468323622583,0.013987568863482226,0.013524675194927267,0.013649118325345433,0.012997982450433168,0.0126957891499481,0.012374297353957198,0.011035474668449851,0.01128769116215405,0.015830806189790998,0.0148527318704753
846,0.01210212587164155,0.01515625045778645,0.014456187559561165,0.014405131675279135,0.013568492830635867,0.0132063309717926,0.012743324325854967,0.011346835944296349,0.01157400537562675,0.0161336345939419,0.0151354872149293
844,0.0119222746137203,0.015015107872604901,0.014267144945147067,0.014309030132181202,0.013483705295700232,0.013150515397822466,0.012696636184923967,0.0112947890672862,0.01156348879452135,0.0161347926251226,0.0151737233071806
842,0.010376577119426026,0.013796805634443975,0.013146433736039765,0.013520150759666167,0.012881506615725666,0.012652292825828934,0.012315690700260935,0.010929232521702751,0.0112901190702574,0.01583999161488345,0.0149551724138268
840,0.008613213117212325,0.01236986539196355,0.011847023432246168,0.012580457369680699,0.012166329556774968,0.012037316000863099,0.011808151593888034,0.0104310122894196,0.010874350843554249,0.01539034787537475,0.0145927458973294
838,0.0077063517799883,0.011556775732327225,0.0111126921898083,0.012030914013386101,0.011744759686554265,0.011650951165515034,0.011460260600266134,0.01010187875948655,0.010561685240756302,0.0150793937895295,0.0143608288956471
836,0.007832110209801424,0.01153657171401855,0.0111217623569582,0.012022775442156533,0.011738062719355569,0.011620712570635133,0.011438826193025567,0.0101229704899806,0.0105311773304101,0.015105140201489401,0.0144410922075962
834,0.008383858163306751,0.011879087858130325,0.0114880722879221,0.012289387050251533,0.011952434843563701,0.0117958855514637,0.011647737905865999,0.01037714860566785,0.01071343982181245,0.0153431457745232,0.0146770932163234
832,0.008793634868089175,0.0121237949443176,0.0117846780802505,0.012512244106980633,0.012152155741971834,0.011967918597860366,0.011876482817173198,0.0106426812931586,0.010929989849589001,0.015525085154913399,0.0147745353375865
830,0.009060772712032325,0.012251357099084125,0.011978670251156532,0.0126610757078993,0.0123136549412494,0.012112332960622035,0.012065289635482167,0.0108967487938098,0.0111624871440675,0.01562011481601145,0.0147343203561082
828,0.009426416973047174,0.01251863937222325,0.0122750771466892,0.0128925445520873,0.012540592625146932,0.0123254220616429,0.012296064956473333,0.01124763249067625,0.0115104256118559,0.01583662482809205,0.0148501953511881
826,0.009798497952415726,0.0129379561322731,0.012655575394560734,0.013193284651103232,0.0127952738374377,0.012570389340188467,0.012542433965374066,0.0116108087317162,0.01189652113686435,0.0162152972811814,0.0152166855346332
824,0.009786599293658976,0.01314324133040155,0.012799289122441868,0.013314055707563966,0.012869991742539966,0.0126449934646979,0.012611288709988499,0.01169243735390885,0.01202640668654445,0.016447373692150748,0.0154846717092948
822,0.009251576832918176,0.01284434534851015,0.012503541278463468,0.013097611610238901,0.0126556932416765,0.012442644388515266,0.012398537154585268,0.0113613860227504,0.0117313610545097,0.01624271598926715,0.0152863491808359
820,0.0085433127060578,0.012232264134812074,0.011984446629273733,0.012702195493301533,0.0123048809092091,0.012111645204022367,0.012055050405673734,0.01084690315208285,0.0112023017074013,0.0157277648234416,0.0147415155740105
818,0.0081198460705839,0.0117653097829888,0.011624049657798065,0.012397614831110267,0.012049788139063032,0.011873468900833633,0.0117998021409611,0.010470659863909298,0.010777051048153349,0.01529863727425815,0.0143155909902275
816,0.008109465659803075,0.0116529655199492,0.011542269528063432,0.012261501246879067,0.011950106825696166,0.011777085185415067,0.011674812289711832,0.0103271426575331,0.010597851768654899,0.015163908926960849,0.0142563505370581
814,0.008317845218230825,0.011723941879410674,0.011563639012203733,0.012190066538395434,0.0119023609767095,0.011719121906920068,0.011583819735758434,0.0103153838505178,0.0105700489470585,0.01519623031302585,0.0143811122499918
812,0.0084969219543587,0.011738604422436575,0.011516560339195533,0.012107880923865368,0.011822188937663666,0.011629005074711101,0.011482821330865367,0.0103460092039397,0.0105656609589862,0.01518529827891315,0.0143940037095265
810,0.008461071225867575,0.011608640752787124,0.0113715346572632,0.012009032187501498,0.0116989019316326,0.011513485894567332,0.011399746679481265,0.010377590077402299,0.0105360424178256,0.015059839430526498,0.0142105071550941
808,0.008044428427264098,0.011286536295941526,0.011095142900881169,0.0118267050076057,0.011495298123242334,0.011343117331458832,0.0112993756952848,0.0103200830924924,0.010446684480163,0.01484113468890185,0.013924418561491
806,0.007161429873608075,0.010673644922286,0.010578201601668833,0.011433599083409266,0.011126835356496534,0.011025349933408932,0.011065484098939399,0.0100535149854497,0.010224422072790701,0.0145299508708583,0.0136138907805401
804,0.005977418271846774,0.009796803761267726,0.009824414770499399,0.010835752023341734,0.010603696906924332,0.010551256526737565,0.010666735711525268,0.00957677390941195,0.0098389081175956,0.0141390377024774,0.0132950280694754
802,0.00490901839478655,0.008950605453246,0.009093046731240067,0.010266569647058667,0.010124011741414333,0.010102200232638534,0.010270892035963,0.0090826160634714,0.0094148637698891,0.01378070101947255,0.0130063720801481
800,0.0043388605651485754,0.00848045966688325,0.008704898110322667,0.009996448086384334,0.009931079649693933,0.009920677149151466,0.010120887006278433,0.008842147331171,0.009198017774062199,0.0136229124847604,0.0128335043093145
798,0.004324232249491199,0.0084475003382494,0.0087245778079298,0.0100691611292488,0.010065251130004867,0.010061604287540866,0.010287107196146067,0.008979218455690451,0.00934230040312145,0.0137318030259687,0.0128331892303262
796,0.004627869031735475,0.00862340663667075,0.008926668094561099,0.010277696269919333,0.0103081960194256,0.010319180392855733,0.010572901745707367,0.00932932141161095,0.00971685924088925,0.0139868071287608,0.0129699542794775
794,0.0049948880312891755,0.008778038113565648,0.009056444992500034,0.0103875134236575,0.010400685720163167,0.010430918065993467,0.010697129314950468,0.009553063092113,0.00998626260772345,0.0141803698191891,0.0131487247695683
792,0.00532543816924915,0.0088658825915926,0.0090495014417205,0.010349887395211034,0.010300144174875,0.010342635858917766,0.010581938224907066,0.00946130140961365,0.009944504897673699,0.014215224221405951,0.0133103418461087
790,0.00560913586932205,0.00896753562504685,0.009017067059136533,0.010305647032976399,0.0102041639106968,0.010248508199201768,0.010437177038673634,0.00922778476204685,0.00974198876322775,0.0141919733626881,0.0134770829130372
788,0.005814812574262225,0.009159824655601124,0.009095095124664268,0.010408906967925832,0.010323335942650932,0.010365947262345033,0.010528357902696633,0.0092037891725194,0.0097074865262209,0.01427121954399015,0.0136724972552739
786,0.005912913641264175,0.00944832781083455,0.009324290089833667,0.010667094203773,0.010661200184988867,0.010703429867699434,0.010886608636645265,0.00952368900373685,0.00996850841758785,0.01446242404902395,0.0138137024245103
784,0.00595649326181755,0.009761025368463625,0.009635949012917035,0.010961083711607299,0.011041152615477834,0.011081163957630499,0.011303048647141165,0.00998124372696485,0.01034077432310885,0.01461715162169355,0.0137731526896277
782,0.006064210735121175,0.010008252115104524,0.009934791014489868,0.011205931573898565,0.011328311345083733,0.011360455831449701,0.011598808302857666,0.01031047460795665,0.01059729583507565,0.01465515831287545,0.0135917938449417
780,0.006307183981511151,0.010173252322589324,0.0101837125797394,0.011431212237459333,0.011550053953608032,0.0115731338307064,0.011798490523127531,0.01046987578572555,0.0107261148853702,0.0147018997382524,0.013524806381507
778,0.006634105699763301,0.010302754062945124,0.0103758935959279,0.011660332002174765,0.011754936230738498,0.01177844543123,0.011978806595161833,0.0105624040610227,0.0108406509909229,0.014901657600987401,0.0137525973962936
776,0.006916146009224575,0.010392884044339174,0.010449425648122734,0.011782929747597868,0.011843117229122133,0.011882569495371033,0.012060185494559533,0.01059098627319165,0.01094141994843855,0.015159915944060999,0.0141061990283969
774,0.007071264764889125,0.010379156867613724,0.0103351124397836,0.011671695817418568,0.011677923309635135,0.011741490270496235,0.0119063180939164,0.0104685290740842,0.0109238135017866,0.015231380028767,0.0142478658249173
772,0.007154303125703125,0.010299388007926149,0.010129891094427466,0.011426729969067165,0.0113630403453756,0.011441129657229232,0.011607087799776367,0.0102516125555468,0.010804593721531051,0.0150800622861201,0.0141316350927761
770,0.0073004255872186246,0.010340622324662926,0.010096450883355134,0.011351917131943168,0.011235499871132433,0.011303939491242566,0.011471471330071967,0.01016793938192855,0.01076451352638565,0.01497521457616745,0.0140847862689472
768,0.007542246052636625,0.010584307753914675,0.010358528276754266,0.011587895465871065,0.011466484135182767,0.0115016250226918,0.0116410672146333,0.01030958521982895,0.0108785833726904,0.015117400914471099,0.0143302713748013
766,0.0077120612987660745,0.010792202588659726,0.010663823252559367,0.011863725132659967,0.011773642043677666,0.011765786521977831,0.011837384562569499,0.01042265716278985,0.0109260883801232,0.0152990751851277,0.0146038564174404
764,0.007601497530609999,0.01063288309405895,0.010617162580622367,0.011761315002724133,0.011700432822163867,0.011655277852040234,0.011652982864685335,0.010165380481323,0.0106241457592441,0.01512776964996745,0.0144561898718236
762,0.007201390813634851,0.010088772591035924,0.010136824377055001,0.011190880720541,0.011143758834398465,0.011075866507069368,0.011037790677030201,0.00954237156460525,0.01001438098757885,0.014548166992764299,0.0138572237655331
760,0.006680583659393351,0.009459829141902926,0.0095249146890889,0.010461502399944764,0.010435762133794968,0.010362092304608134,0.010333741068017667,0.0089325693582545,0.009465167156723301,0.01394477020129765,0.0132637519866671
758,0.006124745823782999,0.00897631541848915,0.0090758620445964,0.009888797272977368,0.0099054689702594,0.0098394179648546,0.009839880644622967,0.00866080895894145,0.0092569399367227,0.013680238802224201,0.0130612538596364
756,0.00544296247758725,0.00859665842758065,0.0087760884587568,0.009490763014053235,0.009546946176417567,0.009493178950073266,0.009519002025397799,0.00866124554471365,0.00928106448055025,0.0136880812765642,0.0131361157374875
754,0.00461418950492555,0.00820894434927605,0.008446484397240701,0.009124603835762966,0.009192496821883734,0.009149927831967733,0.009194912762949333,0.008627420244067499,0.00921990887205895,0.013624038804636,0.0130941483778826
752,0.0038909844758286253,0.007826804711338476,0.008031887149923768,0.0087770592527314,0.0088412803734226,0.008815424245284668,0.0088821250257126,0.00841459738688605,0.008954812491596149,0.013326998722745901,0.0127658783281008
750,0.00359167265253025,0.0075150329963560745,0.0076481365451995,0.0085929647873045,0.008657011580483067,0.008665187627254933,0.008775498805669532,0.00820385122694455,0.00870276155990285,0.0129979200913253,0.0123573235072588
748,0.0037690898000873998,0.007328488194026375,0.0074506996825710325,0.008691033757941368,0.008737921982436532,0.008795446633858834,0.008994281642143968,0.00828116489183505,0.0087520196655117,0.0129300661883049,0.012162101746755
746,0.004245428698889675,0.00738915257728005,0.007547372172316501,0.0090671427455179,0.009054305308018868,0.0091601727802997,0.0094825283227184,0.008735163117371051,0.0091531994312797,0.0132000749794717,0.0122941990836822
744,0.0048160020611478505,0.00775302069984035,0.007903668037045633,0.009592459490273734,0.0095052913496149,0.009646186280262101,0.010069060044692065,0.009358080735741299,0.00967430168584895,0.013638712427131949,0.0126616481728725
742,0.005258120471794325,0.0081622013925457,0.008263659387207967,0.0100231577946213,0.0098992340600696,0.010058440649353366,0.010507356280810698,0.009779301240349,0.00998495671644225,0.01397304568647075,0.0130221385316259
740,0.00537317029259155,0.008243975527140625,0.008345412476983468,0.010156572125610134,0.010039129620310965,0.010197528785475066,0.010610845636381832,0.00976819063366155,0.0099273280368908,0.01400937219323135,0.0131172954135893
738,0.00521102406849285,0.008002411859595951,0.008183012960412834,0.010068621075913968,0.009962486277781001,0.010105193308936333,0.010479387981415433,0.0094827435240356,0.009676967063167799,0.01379202602038905,0.0129084938047685
736,0.005075347791726425,0.00783841020814215,0.008110883305893234,0.010068981926885967,0.009959572431323867,0.010092411341004399,0.010465007874562832,0.009349461089727899,0.0095936945813261,0.0135810438920236,0.0126493379270401
734,0.005148068677632326,0.008022607436233899,0.008344680616220434,0.010335886792589765,0.0102334818574701,0.010384198171126067,0.010790333038760466,0.009627237704789949,0.009863813596479,0.01360272078512125,0.0126160767266358
732,0.0052779971625827,0.008408511594757775,0.008746978601635034,0.0107273570839485,0.010672244680895468,0.010863678978145533,0.011315738053088465,0.010178815696514451,0.010360409324279701,0.0138509804586479,0.0128119670509327
730,0.0052956417629681,0.00875933886296155,0.009091606221979432,0.011045072037354465,0.0110713993276006,0.011296252327062535,0.011791577868829633,0.01073758973499305,0.010889484369672551,0.01418766119395145,0.0130481886757737
728,0.005328256441623476,0.009075946402258001,0.009361094875315232,0.011310021783432865,0.011411937917069933,0.0116404944277528,0.0121755457774564,0.0112351836180077,0.0114194850305305,0.014550295578148,0.0132485595349663
726,0.0055584671327617,0.00941372498861115,0.009622595566637299,0.011604466700454735,0.011734424517672334,0.011941388668771,0.012516492564200635,0.0116964882254924,0.01194294478184855,0.014938410092978749,0.0135041759327543
724,0.0058400659582373005,0.0096114213484054,0.009776686150670866,0.011792633845002698,0.011890677778401366,0.012066482549096034,0.012674303617422299,0.0119552625299764,0.0122579236573499,0.015252323874802999,0.0138329727834344
722,0.005870485975837975,0.009478292156962175,0.009668546107452533,0.011664646721856102,0.011697904666619801,0.011842901039351365,0.012449309273547232,0.0117748758759849,0.01213212443249255,0.01532456291474725,0.0140733655445868
720,0.005646819916732276,0.009121240906319125,0.0093701427904951,0.011301355641844667,0.011283033136438,0.011405971405940135,0.0119543501479798,0.01124942932622405,0.0116576826199129,0.0151429883302581,0.0140929962042136
718,0.0054054132898521505,0.00880858773396145,0.009106673595043933,0.0110064335573194,0.010975274863963302,0.011095082377832398,0.011550123102824333,0.0107766221456682,0.0111893323671326,0.01489481766312905,0.0139727322544383
716,0.0051601252265513755,0.008587323324306,0.0089280555007353,0.010863558279586566,0.010847826111875602,0.010984275524252301,0.011368968867998734,0.01053763077383095,0.0108866839961994,0.014729408646516801,0.0138884237846125
714,0.004726087951817176,0.008331546166444525,0.008713771685758634,0.010682674241725566,0.010690487865396165,0.0108541962177546,0.011225991151216702,0.01032153372032615,0.010597687389573701,0.014630099196995101,0.0139212255404587
712,0.004232162880268574,0.00811460340712325,0.008504021106987867,0.010441021109128432,0.0104747781599171,0.0106732631694178,0.011067656524866534,0.01000210635591895,0.0102747568530752,0.014590031749224599,0.0140803206988902
710,0.004171464237789175,0.00821987094161995,0.0085547423187841,0.010445591737360468,0.010505693402857966,0.010750248765067902,0.011167042199472033,0.0098797003860648,0.010214897944786399,0.014739829513364899,0.0143801493110908
708,0.00476812733284005,0.008741763630467324,0.008978123739519,0.010896110075735266,0.0109716106307687,0.011264268381178234,0.011705993767846166,0.010303493298953699,0.010690507736083349,0.0151621237272015,0.0147652921879925
706,0.005609391707285225,0.009412563299318374,0.009527347064835235,0.011533289164504199,0.011608444023875232,0.011928171533932502,0.012419477613188299,0.0111248694874036,0.011505598680545799,0.01568142894942545,0.0150519777037629
704,0.0061032607297721,0.00988699964565045,0.009849329564459733,0.011928839212206867,0.012002344404440432,0.012320621157235466,0.012870806706350301,0.01178896211900915,0.0121305412549233,0.0159887259451843,0.0150838002470461
702,0.006055274722516499,0.01000971515412255,0.009808828492964232,0.0119459128290259,0.012031904897081067,0.012338950614825468,0.012904576531379934,0.011903846721110549,0.0122113147446815,0.0159409513831936,0.0149031195864202
700,0.005650118896744126,0.0097823710499867,0.009491070057853566,0.011725993025517233,0.011842021049556001,0.012142125558494634,0.012649958257218166,0.0115414380243231,0.01182048610853825,0.01564473071754955,0.0146608014843704
698,0.005157224836260325,0.00930831338504615,0.009058749633601067,0.011412866351036466,0.011583377335447032,0.011872809759600133,0.012273508744056466,0.0110589409187738,0.0113058088316688,0.015308620464786551,0.0144303085783921
696,0.004865502930727525,0.008864003661520299,0.008731779748293067,0.011139574338683433,0.0113954288267161,0.011670609451052466,0.011962887393945099,0.0108252969419702,0.01105062168481495,0.01512924125844075,0.014244854697769
694,0.005023656861359875,0.0088031792191133,0.008747038845648133,0.011130643744933567,0.011467050016941501,0.011751799313857331,0.011974482277544565,0.01104082431269145,0.01127707538699635,0.015246281806190452,0.0142320960735224
692,0.0055572133823804755,0.009210706925532924,0.009147046603685498,0.011505710735943668,0.011847218054932168,0.0121780421036646,0.012396811182358067,0.01159030979212405,0.011871333729390601,0.01563588854561235,0.0145064868384802
690,0.006051102212757176,0.009790821196588674,0.009694808928597266,0.012053577534852264,0.012307619049751568,0.012681188091091167,0.0129658725634305,0.01211429430892075,0.0124509158315864,0.016076642890549497,0.0149554520813699
688,0.006244735433209275,0.010226283619819625,0.010135509017771799,0.012463280068309365,0.012613356845457299,0.012977897556356033,0.0133594922468356,0.01238282450693835,0.0127389241130378,0.0163580359760045,0.0153289056470185
686,0.006334072287088726,0.010510859924460025,0.010457328304649667,0.012713169268474966,0.012814589869089668,0.013129872266387033,0.013572993122908333,0.012517031166461901,0.012799907941159951,0.0164937491798928,0.015540751527718
684,0.0065598260834569,0.0107922719029585,0.010760065135335834,0.012969321730564767,0.013045710929082568,0.0133272198426172,0.013765106387376234,0.01267545434428045,0.01278772825532615,0.016583580462367152,0.0156776898135235
682,0.006768467382144551,0.011016939092986025,0.010962861672193366,0.013166182640635399,0.013177899072422132,0.013459871741865833,0.013860110120827634,0.0126805676933032,0.01261425437823415,0.01652347544611265,0.0156940405565835
680,0.00670234365824085,0.010956208428017148,0.0108586241264236,0.013039786247311233,0.012985847818570933,0.013263460191142468,0.0136453787154983,0.0122684370367781,0.01213123915736515,0.01610854119484785,0.0153819535648606
678,0.006492869548638375,0.010573652832202227,0.010464794355968534,0.0126131263351111,0.012593376976269601,0.012828952548599233,0.013223612810405334,0.01163770979020175,0.011563022986138,0.0154702406878285,0.0147789817459044
676,0.0065032284806596,0.0101954887147846,0.010132360297215266,0.012318524483713332,0.012427069899229967,0.0126029357241781,0.0130140932612545,0.01137666578317165,0.011417547306946399,0.01512988505653625,0.0143470298812232
674,0.006795653300884925,0.010186463971714226,0.010169766156442432,0.012464406938099568,0.012671409877767133,0.012805393948766534,0.013212356602546299,0.0117389858405837,0.01187439302607755,0.0154000259770394,0.0144501991435153
672,0.007165166083433575,0.010606140094913275,0.0105519005554567,0.012927875948866532,0.013135229398099732,0.0132471192131485,0.013621938555927499,0.01242529838966595,0.01262891245045335,0.016049808154469852,0.0149351481044977
670,0.007547825344151075,0.011253884384644001,0.011071123218553866,0.013462505820860332,0.013631176339418566,0.013722054628151266,0.014032830187549432,0.01306526006847,0.0133087045429873,0.01665945317298515,0.015427780399412
668,0.008033420963804749,0.011843506524649352,0.011563808617907833,0.013969057776538,0.014143247737877401,0.014214870517280565,0.014446305406409865,0.01355082214926115,0.0137666326257886,0.01705086868001235,0.0158046385694691
666,0.008497663844392449,0.01219917011148025,0.0119761253865457,0.014391615319878167,0.014602961579010467,0.014683427349274566,0.014878500817905335,0.0139233995081618,0.014056354913066,0.0173398942053583,0.0162183950514075
664,0.008699470788237625,0.012359207449415224,0.0122746535233572,0.014615345149668467,0.014843522752920035,0.014964772098210835,0.0152126773672052,0.0141654586019267,0.0142389608969352,0.0175598526052213,0.0166231434815993
662,0.008696564651922,0.01238143364088425,0.012390364911257732,0.014631264187775031,0.014862091777997799,0.015030337983365434,0.015412778542919066,0.014261742833610948,0.01430598439528465,0.01758478214411555,0.0167654293849174
660,0.008674214366333149,0.01228618982827455,0.012330528175877301,0.014601932921671534,0.014831151196167134,0.015027738235795634,0.015579539158078434,0.01427825946440575,0.0142671748771637,0.01745543187138025,0.0166329047294721
658,0.00869949702168025,0.012240942879234025,0.012306807917816265,0.014738113016575035,0.014933898958921665,0.0151305127307233,0.015816505491899033,0.014335363596597,0.0142408274347999,0.01748243970563285,0.0165781850462644
656,0.008779170568460176,0.01249503321468385,0.012573381944038467,0.015080511341601035,0.015211835540129934,0.015403631049172065,0.01613755872138607,0.014529720036446099,0.0144074792743034,0.01788501193143465,0.016898563618395
654,0.00897493182510255,0.012992334896061325,0.013059089728988435,0.015469266080945366,0.015576726970674498,0.0157882837179216,0.016497412633919167,0.01488086783231635,0.014822828421280649,0.01843276715834305,0.0173909546981974
652,0.009305440923013573,0.013395299948141301,0.013450109171135469,0.0157915785270911,0.015956397449065435,0.016190493317409932,0.0168584381471896,0.015324496642415999,0.015334701188330899,0.01879037413225235,0.0177012715195338
650,0.00962903528090665,0.0135310242464202,0.013611392561696198,0.0160750279461077,0.016302171951542602,0.016512143350101264,0.0171745411580484,0.01572843547427335,0.015714440658711,0.0189781344277773,0.0178607582077639
