Wavenumbercm-1,02:32:59,02:36:01,02:39:01,02:42:01,02:45:01,02:48:01,02:51:01,02:54:01,02:57:01,03:00:01,03:03:01,03:06:01,03:09:01,03:12:01,03:15:01,03:18:01,03:21:01,03:24:01,03:27:01,03:30:01,03:33:01,03:36:01,03:39:01,03:42:02,03:45:00,03:48:01,03:51:01,03:54:01,03:57:01,04:00:01,04:03:01,04:06:01,04:09:01
3000,-0.0265897410297265,-0.0275397471150747,-0.0278719749723835,-0.028425872604935,-0.0281750158074197,-0.0278646228009301,-0.0253562454085808,-0.0235043897401354,-0.0232035078364872,-0.0228028409842823,-0.0230914456678764,-0.0232948588486398,-0.0227906193964366,-0.0229141326400316,-0.0230741909323443,-0.0231103552720233,-0.0233182204118044,-0.0234426034747234,-0.0239001827737731,-0.0244337504108221,-0.0245487126897957,-0.0250712609739613,-0.0249140776116,-0.0253237289875717,-0.0259059068085156,-0.0257164831419094,-0.0260552000470914,-0.0263656409175047,-0.026829738844484,-0.0250330966583092,-0.0210294407698185,-0.0219844691073521,-0.0221509377056271
2998,-0.0261283509293792,-0.0269730690345061,-0.0275376765073795,-0.0280423562199858,-0.0277254398546194,-0.0273337189288374,-0.0249354771173632,-0.0229351189361584,-0.02264167662563,-0.0221817117677232,-0.0227208294981384,-0.0229223222320018,-0.0223791984721262,-0.0226654202273502,-0.0226186918232167,-0.0227760683361968,-0.0227909327598128,-0.0231126385050658,-0.0234921937315757,-0.0240327967107184,-0.0242224219105625,-0.0246520615148169,-0.0245100245038856,-0.0249915283899168,-0.0255277714828104,-0.0254229613039647,-0.0256550884022685,-0.0261212831397281,-0.0266686978930164,-0.0246900374568744,-0.0207628939036216,-0.0216857045498545,-0.0218772899753011
2996,-0.0255906475815514,-0.0263475461427762,-0.0271010932506682,-0.0275223858205227,-0.0272072766346794,-0.0269324653624558,-0.0243994626628791,-0.0222698288935235,-0.0220082046591719,-0.0214932819678027,-0.0222132318336029,-0.022543952437427,-0.0220551157387786,-0.0224199136735257,-0.02225072680131,-0.022353083900117,-0.0222827129534973,-0.0227650544868147,-0.0230126587266118,-0.0235172358243393,-0.0238088796429287,-0.0241427306471158,-0.0241595166302328,-0.0246175008598197,-0.0250130782004047,-0.025063293675709,-0.025281521920583,-0.0257743201388828,-0.026338723213897,-0.0242680870702397,-0.020431549040873,-0.0214483987410581,-0.0214955505568869
2994,-0.0250666506408988,-0.0258995551620119,-0.0266772341005626,-0.0270186239307215,-0.026788435710897,-0.0267308344543563,-0.0239302420027472,-0.0217796119737365,-0.0215298397850143,-0.0209764556029218,-0.0216878185839043,-0.0222088064115551,-0.021831716758004,-0.0222073446567745,-0.0220824869356999,-0.022009050089281,-0.0219589373281989,-0.0224765759767566,-0.0226279917412614,-0.0231028635428835,-0.0234861464108556,-0.0237722998162192,-0.0239663096338368,-0.0243056653506169,-0.0245702175849524,-0.024705877457614,-0.0250303427845392,-0.0254459671742237,-0.0259799332774181,-0.0239203723408847,-0.020161140270897,-0.021316399904881,-0.0211743618069083
2992,-0.0246862871572944,-0.0257054934609913,-0.0263919172430878,-0.0266309818146803,-0.0265833480696308,-0.0266622881268559,-0.0236857790646406,-0.0215316995406731,-0.021263618438471,-0.0207132138224457,-0.0212581851299517,-0.0219331424412317,-0.0216331966265733,-0.0220018620077133,-0.0220270250854681,-0.0218182594374093,-0.0218122435779738,-0.0222980320037615,-0.0224737731048433,-0.02288421702723,-0.0232889918255794,-0.0235620724577897,-0.0238411306576166,-0.0240583055119424,-0.0243229735701087,-0.0244348471025915,-0.0248877663155615,-0.0252343100164226,-0.0257778892669112,-0.0237231511853959,-0.0200381441937669,-0.0212526749238166,-0.0210525034146471
2990,-0.0245038491711427,-0.02563956207763,-0.0262540179806386,-0.0263703604191329,-0.0265455870164373,-0.0265613441470959,-0.0236900180050506,-0.0214232782763465,-0.0211299964540703,-0.0206381222688302,-0.0210040113254553,-0.0217313634808145,-0.0214143791706624,-0.0217528281577902,-0.021950554184056,-0.0216847403201275,-0.0217386360634107,-0.0222157532467759,-0.0225242605800111,-0.0227924200638299,-0.0231560579755155,-0.0233911404932868,-0.0236908463352992,-0.0238582515364063,-0.0242447601213699,-0.0242913025867308,-0.0247484045638674,-0.0251398898685181,-0.0257361752889798,-0.0236254791210536,-0.0200303449576998,-0.0212310204876851,-0.0210999313531299
2988,-0.0244546649978711,-0.0255576976884406,-0.0261736762889707,-0.0262258122719756,-0.0265421421406702,-0.026340817619308,-0.0238088756743645,-0.0213556803340225,-0.0210500187453209,-0.0206699461477185,-0.0209222249599369,-0.0216184893064403,-0.0212304760055183,-0.0214841951545063,-0.0218449290794026,-0.0215010873872152,-0.0216539130283602,-0.0221734848198386,-0.0226341609085215,-0.0227407347175129,-0.023080229244506,-0.0232239245951829,-0.0235356284547259,-0.0237427006565031,-0.0242225110796216,-0.0242415742760709,-0.0245715273897839,-0.0251037029678333,-0.0257281804433204,-0.0235568650547841,-0.0200139980126437,-0.021228979287633,-0.0211544477150624
2986,-0.0243976214777426,-0.0254216140974562,-0.0260616159560175,-0.0261644769920214,-0.0264837385749961,-0.0260723547728361,-0.0238247868609852,-0.0212841297322957,-0.020970950874024,-0.0207428517952494,-0.0208886714079805,-0.0215387305374118,-0.0211353159424262,-0.0212669373677461,-0.0217696218046769,-0.0212859531783212,-0.0215062377410015,-0.0220800108674227,-0.0226393289463085,-0.0227140655157611,-0.0230695894911339,-0.0231221930618477,-0.0233853021248341,-0.0236890553737654,-0.0241564827563284,-0.0241833714049644,-0.0244346167543757,-0.0250396621414658,-0.0256841134789529,-0.0234921472748702,-0.0198884452306935,-0.0211537730757359,-0.0210830781662301
2984,-0.0242171580044423,-0.025261241255129,-0.025888095292685,-0.0260904544608925,-0.0263457696066787,-0.0258390015888087,-0.0236240011045317,-0.0211808845598828,-0.0208492385044976,-0.0207780884160685,-0.0207562436961241,-0.0214045387882096,-0.0210819307961047,-0.0211183409305051,-0.0217129043229848,-0.0211164723028367,-0.0212734286888822,-0.0218650510615201,-0.0224773052269581,-0.0227133709721404,-0.0230447648051251,-0.0230831665820759,-0.0231583142234592,-0.0235588694388122,-0.0240047564657046,-0.0240185453557118,-0.0243850093438833,-0.0248631946928958,-0.0255977300842618,-0.0234026480740251,-0.0196675760470765,-0.0209218161332217,-0.020880323478598
2982,-0.023958890319529,-0.0251420706592239,-0.0257107764989307,-0.025964416161919,-0.0261719216055836,-0.0256694780598952,-0.0233419587053981,-0.0210985930616822,-0.0207429993476751,-0.0207582785322338,-0.0205646686805456,-0.0212658494572872,-0.0210448359226766,-0.0210442377376369,-0.0216678428785597,-0.0210321086872392,-0.0210561253533129,-0.0216160593555375,-0.0222990706031653,-0.0227301465484452,-0.0229661182444307,-0.0230687629330957,-0.0228705390468186,-0.0233102923506728,-0.0238340629006961,-0.0238019995843406,-0.0244040005703089,-0.0246305751402328,-0.0254681294318335,-0.0232818096608005,-0.0195027548359426,-0.0206625009465836,-0.0206834426774912
2980,-0.0237959812703187,-0.0251231061124561,-0.0256264520664465,-0.0258871106591683,-0.0260494322387211,-0.0256028931207887,-0.0232197148473908,-0.021158947689769,-0.0207684306887077,-0.0207560362549394,-0.0205073885612992,-0.0212645814692603,-0.0210876006565175,-0.0210713435835957,-0.0216998765460961,-0.0210283963043138,-0.02103483729807,-0.0215343289594827,-0.0223295089032754,-0.0227615177356896,-0.0229422892204772,-0.0231121791861513,-0.02271025608388,-0.023111294274402,-0.0237751158374409,-0.0237043766964946,-0.024478616285933,-0.0245391599051604,-0.0253379822435392,-0.0232092642373324,-0.0195370368555744,-0.0206241015020044,-0.0206618807524819
2978,-0.0238022340434271,-0.0251574459321729,-0.0256396736497853,-0.0259202921589397,-0.0259937943925494,-0.0256622459297836,-0.0232889335626891,-0.0213633935422997,-0.0208978447260232,-0.0207916270559828,-0.0206169839112653,-0.0214013987884285,-0.0211811515737749,-0.0211543883763481,-0.0217992481372197,-0.021062258435505,-0.0212000194187626,-0.0216749379443857,-0.0225527007441217,-0.0227552775851505,-0.0230460494042726,-0.0232266111464195,-0.022764718559296,-0.0231082306067115,-0.0238453643508916,-0.0237758904083707,-0.0245796448427711,-0.024647347616376,-0.0252851888638518,-0.0232660459673357,-0.0197007019920236,-0.0208305328067258,-0.0208254700845732
2976,-0.0238540098682141,-0.0251003561745246,-0.0256362009386169,-0.025949959108717,-0.0259215338171757,-0.0257807614747456,-0.0233189491017079,-0.0215152928297002,-0.0209544353082946,-0.0207443256378819,-0.0206672272147277,-0.0214892352568292,-0.0211399756014458,-0.0211606938326998,-0.021803900437288,-0.0210658427551983,-0.021277487535021,-0.0218479894695412,-0.0226879607041384,-0.022612212521956,-0.0231457962975561,-0.0232981608546933,-0.0228599512226856,-0.0232238103027677,-0.0239079294583709,-0.0238694782739697,-0.0246137337471076,-0.0247530251140231,-0.0253118105529715,-0.0233930969714592,-0.019754446261083,-0.0210368179357511,-0.0209936657152337
2974,-0.0238217160204108,-0.0249064630492874,-0.0255549916820341,-0.0258674177044907,-0.0257911252233394,-0.025854486815909,-0.0231548053938223,-0.0214485752355311,-0.0208628975265263,-0.0205288154445928,-0.0204859004050662,-0.0213992475970138,-0.0209016174808109,-0.0210460758954885,-0.0216175689596398,-0.0210423151144093,-0.021089723361862,-0.0218689699215878,-0.0225739738220889,-0.0223825667194203,-0.0230927574434332,-0.0232282645164805,-0.0228290118196066,-0.0233239958436844,-0.0238801974130938,-0.0238609616179646,-0.0245137364449899,-0.024709892816183,-0.0253308998803959,-0.0234719626125864,-0.019607094799282,-0.0210774601368485,-0.0210011537833151
2972,-0.0237486137857702,-0.0247234056676325,-0.0254747734869035,-0.025738409038535,-0.0256680203256137,-0.02583456607205,-0.0229372572146787,-0.0212185570866445,-0.0207403413811833,-0.0202586075658258,-0.020188695843094,-0.0212249458584681,-0.0206733502100453,-0.0209295509973419,-0.0213743803454813,-0.021055673948797,-0.0208038718845182,-0.0217777060219158,-0.0223667907645753,-0.0222783603305329,-0.022950901474242,-0.0230827895765217,-0.0227436186377427,-0.0234116471488467,-0.0238415501749989,-0.0237928640218822,-0.0243286476505995,-0.0246538944794004,-0.025262373752294,-0.023499393783985,-0.0194177222402865,-0.0210299821110648,-0.0208498384548431
2970,-0.0237336436864692,-0.024689921212194,-0.0254454407042068,-0.0256564364109934,-0.0255948681933543,-0.0257301638471551,-0.0228477094030364,-0.020943189770433,-0.020654385475968,-0.020099281543425,-0.0199931025141196,-0.0211001868952929,-0.0206362609044458,-0.0208917363785474,-0.0212255113576322,-0.0210772455702227,-0.0206579395779198,-0.0216974861665087,-0.0222155745490496,-0.0223401542304021,-0.0228585719479617,-0.0229650431333321,-0.0227233353923118,-0.0234947808748734,-0.0238473321047978,-0.0237195564972722,-0.0241524526659114,-0.0247213120109859,-0.0251054089752674,-0.0235320909578956,-0.0193123941005205,-0.0209571060803508,-0.0206350263256686
2968,-0.0237686265847437,-0.0247741621606739,-0.025404268153947,-0.0256001425142209,-0.0255408203152931,-0.0255983632027932,-0.0228526667699461,-0.0206663574864399,-0.0205288216990715,-0.0200907418721824,-0.019985678530936,-0.0210417742942527,-0.0207207139372619,-0.0208773597441404,-0.0211496705468634,-0.0210198558318975,-0.0206781224399377,-0.021657113635773,-0.0220550300163224,-0.0223569964714466,-0.0228224790019499,-0.0228891306220435,-0.0227483422127413,-0.023486764332836,-0.023836917018298,-0.0236287635673512,-0.0240657482127309,-0.0248031217850398,-0.0249753715007324,-0.0235561928520237,-0.0192713404134069,-0.0207859952795967,-0.0204674400581177
2966,-0.0237744959385961,-0.0248510643168273,-0.0253203424860725,-0.0255162946838087,-0.0254967972287134,-0.0255156137983924,-0.0228185871324255,-0.0204476405872647,-0.0203551519904005,-0.0201602956894613,-0.0201229148265209,-0.0210346515912108,-0.0207769519173745,-0.0208551558009129,-0.0210868883006282,-0.0209169216404128,-0.0207569247445109,-0.0216469995679563,-0.021862793689255,-0.0222185654363909,-0.022781191691159,-0.0228544357778279,-0.0227730108838343,-0.0233672971943843,-0.0237798550902895,-0.023562127532814,-0.0241154642897924,-0.0247568009901254,-0.0250211195594377,-0.0235029796948437,-0.0193101856623209,-0.0205269666567687,-0.0204540763989322
2964,-0.0236890862771939,-0.0248112634472415,-0.0252382666662284,-0.0253855671656623,-0.0254678140641299,-0.0254713913227974,-0.0226963131357696,-0.020360738179781,-0.0202286573990746,-0.0201707789227896,-0.0202793018644245,-0.0210667141102503,-0.0207607490179405,-0.0208537083700951,-0.0210634910445105,-0.0208543223925648,-0.0207935506837248,-0.0216626591600056,-0.0217882001660272,-0.0220723279009314,-0.0227105377486057,-0.0228748079663294,-0.0227996489615828,-0.0232307353641711,-0.0237083924036239,-0.0235849616959423,-0.024219181807298,-0.0246272917847665,-0.0251973606681189,-0.0233217579528486,-0.0194626493838854,-0.0203183133924466,-0.0205705968804207
2962,-0.0235390520309398,-0.0246363049523252,-0.025194857561317,-0.0252213023867083,-0.0254428004326774,-0.0253982207618346,-0.0225590103411602,-0.0204033877612237,-0.0201572961839228,-0.0200431193268154,-0.0203182533438553,-0.0211016684674289,-0.0207077291362005,-0.0208448492272048,-0.0211273172529109,-0.0208267009215428,-0.0207504872023075,-0.0216726055667126,-0.0219112504367267,-0.0220767637458278,-0.0226277093479779,-0.0229274262603083,-0.0228257275861807,-0.0231326293290642,-0.0236260650370348,-0.0236642206568411,-0.0242222878609255,-0.0245459254418416,-0.02528756413788,-0.0230543159702178,-0.019624524337854,-0.0202239021931217,-0.0206576796941284
2960,-0.0234415488250015,-0.0244364186004202,-0.0251873863762688,-0.025087190606212,-0.0254338538752484,-0.0253281846055249,-0.0225280685639051,-0.0205214125381277,-0.0200712989438001,-0.0198866476522146,-0.0202179323003784,-0.0211285117508843,-0.0206616848791444,-0.0207666177913548,-0.0212482839718447,-0.0208194574050263,-0.0206996908250894,-0.0216536734730452,-0.0220978390923373,-0.0222064607356816,-0.0225801062364613,-0.0229765509221073,-0.0228501510937682,-0.0230468496969343,-0.023521095392081,-0.0237126734504348,-0.0241193027152126,-0.0245508556237512,-0.025197155656912,-0.0228406733509065,-0.0196489580212322,-0.0201923537751777,-0.0206417488039989
2958,-0.0234981097914974,-0.0243759708024927,-0.0252104051380489,-0.0251076153067269,-0.0254899049980056,-0.0253881215472706,-0.0226581877597624,-0.0207031975329673,-0.0200205425695668,-0.0199153576764507,-0.0201258162537699,-0.0211939493416696,-0.0206771043430437,-0.0206716369434085,-0.0213412128590471,-0.0209186635164907,-0.0208013595469489,-0.0216509547548728,-0.0221885607422917,-0.0223479693174092,-0.0226320519250383,-0.0230332182582751,-0.0229251916150529,-0.0229786382022048,-0.0234473806477129,-0.0237313212432864,-0.0240909775416179,-0.0246117739076548,-0.0250717611089042,-0.0228098572600572,-0.0195596603834346,-0.0202098211563815,-0.020637030288433
2956,-0.0236673583899617,-0.0244843463746664,-0.0252700389531591,-0.0253382314006799,-0.0256154909302683,-0.0255874573610378,-0.0228801428274838,-0.0209353254339557,-0.0201469912649768,-0.0201676976358218,-0.020192235767955,-0.0212939474989924,-0.0207773624140142,-0.0207088204485009,-0.0213472465768028,-0.0211819209915085,-0.021101510930047,-0.0217179403627519,-0.0222048022338623,-0.0224635236896592,-0.0227819161571041,-0.0231160602756334,-0.0230753703138036,-0.0229915431362898,-0.0234889610363977,-0.0237820368812421,-0.0242495385115141,-0.0247160732200453,-0.0250574931244606,-0.0229421182863192,-0.0195071459970694,-0.0203027474947065,-0.0207448599771175
2954,-0.023797155850753,-0.024597742171574,-0.0253368730023283,-0.0256344619223296,-0.0257375846257535,-0.0257410680920595,-0.0230449899116317,-0.0210978123358842,-0.0204152246833571,-0.0204046728662491,-0.0203544690223252,-0.0212735229452569,-0.0208670289034341,-0.020882009930235,-0.021256283783388,-0.0214377659106487,-0.0213741409143102,-0.0217931252436766,-0.0222355880731782,-0.022535055768787,-0.0229021281855647,-0.0231549493793311,-0.0231581656946246,-0.0230621373467315,-0.0236126377803324,-0.0238089933192647,-0.0244293086777374,-0.0247954193211151,-0.0250589615959269,-0.023057147331443,-0.019481297679759,-0.020390718999711,-0.0208402030285811
2952,-0.0238597102932446,-0.0246407013852837,-0.025410017199351,-0.0258457334728869,-0.0258686967873996,-0.0257284457340533,-0.0231090935430807,-0.0211174808679375,-0.0206420999412136,-0.0204735531505468,-0.0204751434397728,-0.0210790178654234,-0.0208812662584971,-0.0210492364652952,-0.0211789783720502,-0.0214988823972709,-0.0214229232904242,-0.0218231256548637,-0.0223111616692341,-0.0225534178194716,-0.0228987852833849,-0.0231147226356507,-0.023050358274492,-0.0231246384528782,-0.0237503408993606,-0.0237525408033988,-0.024454567373497,-0.0247681435758445,-0.0249716088165973,-0.0230660915546828,-0.0193735120530914,-0.0203996574275087,-0.020796250388796
2950,-0.0239636495893894,-0.0247346935653654,-0.0255018678612348,-0.025959954942425,-0.0260677475878872,-0.0256189084204651,-0.0231266963478264,-0.021067747423748,-0.0207387452520378,-0.0204764350894582,-0.0205166598803211,-0.0208776280428269,-0.0208779924695391,-0.021089288012321,-0.0212619314926313,-0.021403170859512,-0.0213485116524797,-0.0218343743893408,-0.0223938592061053,-0.0225434784697887,-0.0228171283534248,-0.023072768825876,-0.0228303072946075,-0.0231714676283181,-0.0238969540035103,-0.0236726508225467,-0.0243902703397335,-0.0246343150973441,-0.024863045731091,-0.0230109270315343,-0.0191831378323923,-0.020366951649834,-0.0206491816361234
2948,-0.0241389871903739,-0.0249593502695943,-0.0255652742158617,-0.0260162050536504,-0.0262315756770503,-0.0255109963203067,-0.0231000853318069,-0.0210351923946543,-0.0207518594338928,-0.0205077618496476,-0.0205038405455248,-0.0208331491391753,-0.0209266134540144,-0.0209987302670401,-0.0214976943959132,-0.0213344452958489,-0.0213903024736876,-0.0218619815401461,-0.0224384493987896,-0.0225385626570928,-0.0227693533225391,-0.023105797859297,-0.0226826094124007,-0.0232283188934879,-0.0240506270524518,-0.0236734739189354,-0.0243957909400777,-0.0245035716376849,-0.0248586402803902,-0.022925870427502,-0.0190264869738447,-0.0203601345774258,-0.0204675126031639
2946,-0.024256065497962,-0.025176325198667,-0.0255318614733295,-0.0259861872790026,-0.0261333455786708,-0.0254230663921311,-0.0229734943122022,-0.0209754044020827,-0.0206931406490339,-0.0204693781482537,-0.0204321529071392,-0.020902156416002,-0.0209806165708259,-0.020859934480723,-0.0217078400255349,-0.0213651322050152,-0.0215684372452572,-0.0218913437806194,-0.0224084864445213,-0.0225253886080888,-0.0228030290048994,-0.0231729002624026,-0.0226833652928685,-0.0232892504068823,-0.0241540285978117,-0.0237672810400232,-0.0244745508282855,-0.0244904220587454,-0.0249741623137557,-0.0228258730941789,-0.0189962158754419,-0.0203627943380585,-0.0202450896196007
2944,-0.0241784744655462,-0.0251764193155731,-0.0254014605703624,-0.0258230678294872,-0.0257270639940504,-0.0253535595656928,-0.0227719403872797,-0.0207909721346786,-0.0204963078592487,-0.0202692547040123,-0.020270958397652,-0.0209257847754213,-0.0209384764742302,-0.0207355986977713,-0.0217282812657338,-0.0213718586838337,-0.0216383313756634,-0.0218839178156446,-0.022268642908258,-0.0224419341466647,-0.0228788483246475,-0.0231734542918237,-0.0227560373602852,-0.0233161940045967,-0.0241219994859564,-0.0238616802767634,-0.0244830753999427,-0.0245713270280851,-0.0250995037133164,-0.0227489356881798,-0.0190718223758965,-0.0203158033960339,-0.0199891325562013
2942,-0.0238791759932901,-0.0249020670776239,-0.0252078907516282,-0.025565286517932,-0.0252508834029642,-0.0252853034742325,-0.0225885460604358,-0.0204898761500384,-0.0201614482197832,-0.0199956007405358,-0.0200167485799052,-0.020835196149244,-0.020759222735015,-0.020606151337292,-0.0215398154457173,-0.0212011886293908,-0.0214070535449496,-0.0217910855314082,-0.022014399150538,-0.0222254644457896,-0.0229154005228296,-0.0230548954730757,-0.0227731151821888,-0.0232597949557723,-0.0238941649272661,-0.0238456601568637,-0.0243136545756229,-0.0245713232879835,-0.0250977410401447,-0.0226966712222753,-0.0191341003973415,-0.0202019229277394,-0.0197872225924124
2940,-0.0234539447883333,-0.0245109290574187,-0.0249961272922772,-0.0253348298687434,-0.0249813872564197,-0.0251795484632716,-0.0224935270453889,-0.0202379178728159,-0.0198818098219907,-0.0198207205997792,-0.0197609456500899,-0.0207242397132719,-0.0205164314093526,-0.0204716879714403,-0.0212642387526069,-0.0208937113956481,-0.021015480755386,-0.0216104723753334,-0.0217753207821329,-0.0219294486217325,-0.0228846878704519,-0.0228995709521896,-0.0227158907225718,-0.0231289013360511,-0.0235422458930348,-0.0237264481318883,-0.0240466559180304,-0.0244013367298503,-0.0249601042429304,-0.0226367879528398,-0.0191130736636723,-0.0200758475013005,-0.019747681034297
2938,-0.0230296203924034,-0.0242023855083707,-0.0248241549567717,-0.0251982289824394,-0.0249311589853738,-0.0250131702312717,-0.0224701877565972,-0.0201529299810169,-0.0198219938157459,-0.0197644355803264,-0.0196182815056518,-0.0206712289511907,-0.0203140819114215,-0.02039676750975,-0.0210189260654873,-0.0206165411467205,-0.0207478104155327,-0.0213903944822019,-0.0217006701464174,-0.0216956943741579,-0.0227981916710496,-0.0228146898631368,-0.0226394416533316,-0.0229943747585799,-0.0232359527627739,-0.0236042291524376,-0.0238466378368427,-0.0241811917310177,-0.0247913441157305,-0.0226033707708834,-0.0190389118252784,-0.0199862639967044,-0.0198615229387489
2936,-0.0226903736024799,-0.024028780360918,-0.0247154861465707,-0.0250785267607854,-0.0249056753787059,-0.0248265686389333,-0.0224403274667623,-0.0201358792415231,-0.019868032705915,-0.0196878648721391,-0.019615869071486,-0.0206135669457732,-0.0201906855187626,-0.0203995374397487,-0.0208182706431371,-0.0204555279167452,-0.0206669557794947,-0.021164096031493,-0.0217396663290811,-0.0215876347808754,-0.022631130187703,-0.0227477817384924,-0.0225338522170679,-0.022908297014228,-0.0230669337324072,-0.0235179546553844,-0.0237525115228545,-0.0240448165339403,-0.0246496212386214,-0.0226835408582498,-0.0189460145513147,-0.019919854074998,-0.0199899631271116
2934,-0.022526303985089,-0.0239596392139438,-0.0246666551084068,-0.0249164612887232,-0.0248491866194558,-0.0247396336519778,-0.0224100345709088,-0.0200694184923196,-0.0198627159265543,-0.0195804390715049,-0.0197333364633334,-0.0205275124062821,-0.0202111364693425,-0.0204338955784018,-0.0206843266283944,-0.0204364177881046,-0.0206666772530332,-0.0210153334063797,-0.0217616568231724,-0.0216036763438532,-0.0224146697446987,-0.022605141229063,-0.0224208773336451,-0.0229062998069784,-0.0230386208209753,-0.0234748154960288,-0.0237237165546947,-0.024037021566779,-0.0245471806002797,-0.0228975173027441,-0.0188913611940369,-0.0199136554288545,-0.0200633055636306
2932,-0.0225758888029376,-0.0239551967670519,-0.0246426923948552,-0.0247641446418679,-0.0248784451812518,-0.0247995568994342,-0.0224496957449873,-0.0199829147914664,-0.0198602053262482,-0.0195610279279569,-0.0199137248461256,-0.0204969196094358,-0.0204429289485504,-0.0204288951187773,-0.0206719102877651,-0.0205552542976675,-0.0206712759414411,-0.0210440952638455,-0.0217441555132911,-0.0217278003736132,-0.0222525534184263,-0.0224198325465496,-0.0223772543128834,-0.0229674421216256,-0.0231123802308356,-0.0234868293320798,-0.0237368575857186,-0.0241406983202852,-0.0244935266261752,-0.023092828704171,-0.0189260598851234,-0.0200227571287019,-0.0201321905994892
2930,-0.0227407049687611,-0.023964359605769,-0.0246047596461355,-0.0246776813502127,-0.0250209834523382,-0.0248994493116427,-0.0225628502971007,-0.0199554300668532,-0.0199710414919241,-0.0196247908730361,-0.0200678609609658,-0.0205508087145262,-0.0207907875995278,-0.0203530059063264,-0.0207642666930197,-0.0207294005818632,-0.0206466301027607,-0.0212172328538537,-0.0217191566019251,-0.0219066884898877,-0.0221929262453679,-0.0223131985091165,-0.0223933216372701,-0.0229928269274551,-0.023232938293551,-0.0235212084999324,-0.0237757120171603,-0.0243100302399171,-0.0244999269827215,-0.0230944663626633,-0.019016937934421,-0.0201713448289695,-0.0202297320358601
2928,-0.0228892627693717,-0.0239732475502445,-0.024587098453972,-0.0246510104202457,-0.0251580868664112,-0.0249427760433932,-0.0226852478121226,-0.0199982397869551,-0.0201262778628105,-0.0196469244511283,-0.0201562884523849,-0.0206032771060418,-0.0210206320771827,-0.0202774130972362,-0.0208617002300525,-0.020831435124299,-0.020550486625543,-0.0213749620136683,-0.0216470042847708,-0.0220564519567969,-0.0221970502833609,-0.0223543226484954,-0.0223739473912261,-0.0229167436002926,-0.0233577183155385,-0.0235027186957522,-0.0238107020540555,-0.0244836810544197,-0.024580888309992,-0.0229549421517271,-0.01907788538075,-0.0202027776807004,-0.0203152754966846
2926,-0.0229842417171091,-0.0240228856421429,-0.0246497605396391,-0.0246713830488238,-0.0252034010957955,-0.02494392433599,-0.0227469846261915,-0.0200442805909706,-0.0201305360934737,-0.0195989502950556,-0.0201916490133394,-0.0205608612871189,-0.020970658492401,-0.0203110958236438,-0.0208709174616045,-0.020802998361057,-0.0203970672154803,-0.0213878624514523,-0.0214694792901633,-0.022110054296615,-0.0222310286189445,-0.0224965461811186,-0.022283831186559,-0.0227874292617523,-0.0234330411779104,-0.023382420374742,-0.0238069433981722,-0.0245821818880214,-0.0247091892338729,-0.0228722448325559,-0.0190554443494849,-0.0200654354276188,-0.0203232502378537
2924,-0.0230822311638218,-0.0241460272103478,-0.0247944877282382,-0.0247704645494186,-0.0252165487094578,-0.0249547678843667,-0.0227282234292612,-0.0200587532791709,-0.0199447800482636,-0.0196114126653469,-0.0201829618243634,-0.0204713384317766,-0.0207315638565797,-0.0204706787981371,-0.020824557601279,-0.0207298930881007,-0.0203473753861928,-0.021293539035585,-0.0213036728687739,-0.0221010856987965,-0.0223283392648898,-0.0226652384912393,-0.0222393711775852,-0.0227427051608054,-0.0234282748022842,-0.0232455071116999,-0.0237863024183936,-0.0246066911050657,-0.0248247810525387,-0.0229225900417359,-0.0190097130280603,-0.0199157945871057,-0.0202410641170323
2922,-0.0231858595894469,-0.0242518781800968,-0.024912642602088,-0.0249206675573925,-0.0252484828356572,-0.024941495195943,-0.0226276319559002,-0.0200591164063811,-0.0197349018599403,-0.0197024325703563,-0.0200922438446013,-0.0204257203833913,-0.0204973250315113,-0.020603786342083,-0.0208091059952811,-0.0206749477109486,-0.0204997126021964,-0.0212000557549379,-0.0213267709216699,-0.0220940324799038,-0.0224625868301597,-0.0228009176368404,-0.0223159055549514,-0.0227978888444869,-0.023345524090263,-0.0231991628052261,-0.0237808131838656,-0.0246220655082072,-0.0248619461472028,-0.0229745475109754,-0.0189829255415989,-0.019918769114823,-0.0201055525841098
2920,-0.0232111100247015,-0.0242017381045438,-0.0248950818901008,-0.0250112564567182,-0.0252355349128213,-0.0248353640787029,-0.0224626202940174,-0.0200572038913225,-0.0196291452435176,-0.0197093230259221,-0.0199258212855973,-0.0203985788241363,-0.020348401543796,-0.0205522727903763,-0.0208566864569193,-0.0205714472333566,-0.0206862019157416,-0.0211280376868995,-0.0214891869364398,-0.022068000130354,-0.0225090393446308,-0.0228530298438865,-0.0223954695900107,-0.0228110008057619,-0.0232224157953024,-0.0232284842905002,-0.0237626245748372,-0.0246231891956305,-0.0247923604616506,-0.0229311889244613,-0.0189216828240412,-0.0200592727720478,-0.0199766597888685
2918,-0.0231281341001561,-0.0239959758502728,-0.024785324377495,-0.0249883046601807,-0.0251219560293523,-0.0246674444604463,-0.022290452384888,-0.0200507605397266,-0.0196010890306862,-0.019582411837477,-0.0197865157806262,-0.0203211162421598,-0.020267550265827,-0.0203519262983362,-0.0209461708962561,-0.02038010087672,-0.0206636020814238,-0.0210338085641292,-0.0215496060554773,-0.021955661709943,-0.0223966772027334,-0.0227821252043258,-0.0223381755631209,-0.0227028654566646,-0.0231332763004292,-0.0232415928389515,-0.0236893125420635,-0.0245297549937067,-0.0246536299657327,-0.0228663407073143,-0.0187984799704205,-0.0202096901219064,-0.0199023385888809
2916,-0.0229455464275572,-0.0237072611817462,-0.0246519129661927,-0.0248502445696592,-0.0248914567055397,-0.0244736889487148,-0.0220863980217027,-0.0199696312277556,-0.0195263950082686,-0.0194082878244888,-0.0196678860564012,-0.0201466049959271,-0.0201693871604194,-0.020118413198308,-0.0209670857881448,-0.0201439990910508,-0.0203646570539446,-0.0208596571453956,-0.0213425111589969,-0.0217075702563734,-0.0221469865568307,-0.0225322506616516,-0.0221051974033766,-0.0224871404424936,-0.0230674694930416,-0.0231361996926348,-0.0235177961166643,-0.0242605706186026,-0.024464926652727,-0.0227898549990546,-0.0185939159925892,-0.0202174521721506,-0.019815880058752
2914,-0.0226683823822702,-0.0233836464989185,-0.0244780401974306,-0.0245932707837171,-0.0245510930551035,-0.0242292089053782,-0.0217797748163176,-0.0197485012442096,-0.0193337732539768,-0.0192178569847324,-0.0194257025678776,-0.0198943469957693,-0.0199754050004014,-0.0198981278992008,-0.0208051159965058,-0.019927307727971,-0.0199408861976273,-0.0206049505803268,-0.0209611861589847,-0.0213689913219214,-0.0218356666899813,-0.0221237029338421,-0.0217620201565684,-0.0222061588877389,-0.0229468412733517,-0.0229096510039855,-0.0232478214406959,-0.0238596221166801,-0.0242341780370108,-0.0225977404385497,-0.0183014761517897,-0.0200194084366514,-0.0196196990541023
2912,-0.0223764506299801,-0.0231258963283852,-0.0242692774992057,-0.0242771231108929,-0.024198994859693,-0.0239906905992161,-0.0214508830835068,-0.0194850138156441,-0.0191030827578957,-0.0189976394957308,-0.0190516456175995,-0.019680957339332,-0.0197343270949131,-0.0197191731684644,-0.0205059825621093,-0.0197911022691193,-0.0196130904902556,-0.0203822273555034,-0.0206491154728477,-0.0210897184433855,-0.0215711801296322,-0.0217368039511977,-0.0214611708741598,-0.0219473095957059,-0.0227798742124283,-0.0226886619009511,-0.0229819130421363,-0.0235180681324312,-0.0240336755362304,-0.0223158906332939,-0.0180359715937596,-0.0197282677087336,-0.0193824520939316
2910,-0.0222312363534428,-0.0230950023388118,-0.0241211731148265,-0.0240723726293551,-0.0240259206520907,-0.0239422025294341,-0.0213064619060441,-0.0193945008793313,-0.0189991129455277,-0.0188264841719812,-0.0187712275773625,-0.0196511926100238,-0.0195944302971671,-0.0196507343745589,-0.0202621284845284,-0.0197862834417168,-0.0195075904801679,-0.020338895240837,-0.0205624894479587,-0.0209928555172009,-0.0214607355862372,-0.021577346136973,-0.0213576877133838,-0.0218163756419043,-0.0226682996820157,-0.0225897356189694,-0.0228667494957437,-0.023412005679257,-0.0239575700848747,-0.0221364454715085,-0.0179804236301445,-0.0195311330553975,-0.0192925964262172
2908,-0.0223194151408512,-0.0233272517745498,-0.024108146621105,-0.0241248039884838,-0.0241476181920443,-0.0241791250962897,-0.0214457077393004,-0.0195691246537178,-0.0191040920259509,-0.0188358349653018,-0.0187769341627363,-0.0198336100364057,-0.0196349600188872,-0.0197292134582069,-0.0202253174382371,-0.0199112880086177,-0.01959552357732,-0.0205033224728295,-0.0206862373260177,-0.0210607195110521,-0.0215477640844589,-0.0216764879069327,-0.0214777123914739,-0.0218462852809654,-0.0226664384568717,-0.0226119893664878,-0.0229541941568722,-0.0235450220869483,-0.0240185936951165,-0.0221761298959985,-0.018168500101449,-0.0195015824926071,-0.0194066482862394
2906,-0.0225123472973322,-0.0236237325417362,-0.0241727898639052,-0.0243535880386681,-0.024433699756894,-0.0245240698331799,-0.0217190590848911,-0.0198340065123222,-0.0193048188541443,-0.0189836058470633,-0.0189605981634071,-0.0200540172754744,-0.0197382972320313,-0.0198543428572945,-0.0203446678248483,-0.0200529344023659,-0.0197167262988212,-0.0207174655909455,-0.0208785097986056,-0.0211496145770282,-0.0217240514098302,-0.0218520133611078,-0.0216582600836154,-0.0219327430592356,-0.0226882260957415,-0.0226524979619809,-0.0231286425671684,-0.0237455847377762,-0.024108017990354,-0.0223129258907694,-0.018389015625804,-0.019531362658784,-0.0195505955417024
2904,-0.02260851224762,-0.0237666922728973,-0.0242209925931975,-0.0245501712914582,-0.0246440826881056,-0.0247231052967457,-0.021915538349072,-0.0199675199761661,-0.0194297919681831,-0.019083716851381,-0.0190894916285302,-0.0201167172578141,-0.0197399514342138,-0.0198962173942764,-0.0204632996718481,-0.0200890268116725,-0.0197338194607955,-0.0208047307920063,-0.0209964754037947,-0.0211574253873131,-0.0218092434658106,-0.021923081932485,-0.0217184836156693,-0.021949905940504,-0.0226312879224381,-0.0226392342120282,-0.0232320579046132,-0.0238408683613781,-0.0241273053245851,-0.0223651020144285,-0.018429510622128,-0.0195151147928601,-0.019565124558611
2902,-0.0225820551143804,-0.0237753153460938,-0.0242645251023664,-0.0246541735959251,-0.0247071021223306,-0.0247349577540064,-0.0220095196279137,-0.0199741194337853,-0.0194651421968487,-0.0190870873854054,-0.0191410640352114,-0.0200380618697059,-0.0196736727453819,-0.0198730785865555,-0.0205258221604704,-0.0200413365438037,-0.0196701039678781,-0.0207611030922781,-0.0210105946492213,-0.0211386497383021,-0.0217491485476368,-0.0218935672989789,-0.0216691491571863,-0.0219129513335143,-0.0225214496707627,-0.0226007531093124,-0.0232249847557046,-0.0238110637184687,-0.0241054493396011,-0.0223144506849919,-0.0183359792084911,-0.0195022493280948,-0.0195165193919958
2900,-0.0225512468065195,-0.0238083009365517,-0.0243624052811456,-0.0247560268568381,-0.0247221100592109,-0.0246780290905553,-0.0220896612673569,-0.0199800762128872,-0.019511739347542,-0.0191149472372951,-0.0192437691448913,-0.0199849490814818,-0.0197017354745984,-0.0198829213730357,-0.020572694572825,-0.0200003106130089,-0.0196347463297109,-0.0206889231472992,-0.0209794203915877,-0.0211707115149985,-0.021635198238348,-0.0218544523302973,-0.0216320658840124,-0.0219019911106026,-0.0224306876844773,-0.0225469412910497,-0.0231563149628848,-0.0237301118189538,-0.0241030931798998,-0.0222222157347322,-0.0182784375810531,-0.0195489655497152,-0.0195282916769198
2898,-0.0225670396427419,-0.0238978878408774,-0.0244922996057817,-0.0248680434395036,-0.0247508088670282,-0.0246073247971994,-0.0221660452040052,-0.0199832376363151,-0.0195894887569703,-0.0192177173760835,-0.0193829520966114,-0.0200323301420965,-0.0198457353328259,-0.019920027517143,-0.0205982638168417,-0.0199509462690588,-0.0196597126728353,-0.0206217340086192,-0.0209471521930224,-0.0211977459878734,-0.0215475490443505,-0.0218223446947537,-0.0216287615688969,-0.0218924147335306,-0.022345112858612,-0.0224050963730311,-0.0230413253190631,-0.023631039057539,-0.0240899293758699,-0.0220773744137522,-0.0182642683543443,-0.0195616382747377,-0.0195425946833918
2896,-0.022586127269697,-0.0239518751621731,-0.0245906679706357,-0.0248889114603576,-0.024765759816605,-0.0245213079113938,-0.0221969470235272,-0.0199118755849355,-0.0196315181837646,-0.0193012366550948,-0.0194225336159707,-0.0201108138617095,-0.0199642546099992,-0.0199073695730235,-0.02055559390321,-0.0198171550430395,-0.0196980193214183,-0.0205380973344334,-0.0209149607084673,-0.0211244176253042,-0.0214912292886427,-0.0217749621708822,-0.0216030097437159,-0.0218193371718428,-0.022231174780576,-0.0221661958302995,-0.0228826518263318,-0.0235063134812621,-0.0240177604899195,-0.0218853741599563,-0.0181814283627224,-0.0194439795968439,-0.0194380300355434
2894,-0.0226136350854349,-0.0239543725538489,-0.0246637833428145,-0.0248049055741366,-0.0247751318748264,-0.0244952338347548,-0.0222154268806383,-0.0198437282058614,-0.0196362780058971,-0.0193205080144462,-0.0193709903463628,-0.0201562062716392,-0.0199816786733296,-0.0198687377553333,-0.0204617593621838,-0.0196481814859922,-0.0197355944120728,-0.0204800811674496,-0.0208907584818303,-0.0209943242397407,-0.0214754671222289,-0.0217482647406652,-0.0215889332232865,-0.0217438299479342,-0.022153044781013,-0.021981053365735,-0.0227557892961985,-0.0233855913320179,-0.0239338996971027,-0.021779747706981,-0.0180465623401304,-0.0192900489658521,-0.0192725176643653
2892,-0.0227090506216747,-0.0239763493296381,-0.0247619722541889,-0.024749454217163,-0.0248404581886257,-0.0246147161338042,-0.0222800788751585,-0.0199427150189731,-0.0196856291059558,-0.0193756732770584,-0.0193928097154526,-0.0201902906477787,-0.0199712630557535,-0.0199174440075182,-0.0203979343276812,-0.0196024415134414,-0.0198141970034002,-0.0205183737472025,-0.0209070574168733,-0.0209526304576034,-0.0215391728658478,-0.0217892150633224,-0.0216754324333964,-0.0217919512675698,-0.0222089374200157,-0.0219999696053014,-0.0227654197869867,-0.0233349763762375,-0.0239262243159489,-0.0218828342857078,-0.0180067836064319,-0.0192646918409031,-0.0192283801391283
2890,-0.0228506302403747,-0.0240188019825783,-0.0248689654332087,-0.0248040743905737,-0.0249668391079365,-0.0248113303687989,-0.022360149444257,-0.0201886255287358,-0.0197964600828592,-0.0195404177646335,-0.0195464563791179,-0.0202541575471965,-0.0199945775615524,-0.0200712113115136,-0.0204046806447651,-0.0197166247608944,-0.0199424658898508,-0.0206214729660712,-0.0209771818757186,-0.0210472416108082,-0.0216641317272977,-0.0218739263617627,-0.0218235044323595,-0.021954058399726,-0.0223841138838292,-0.0221821945834119,-0.0229086387794092,-0.0233704806898242,-0.0239943164106227,-0.0221141184313554,-0.0181112341899942,-0.0193571106346992,-0.0193549856999598
2888,-0.0229268486880532,-0.0240089374773004,-0.0248988348951837,-0.024877729337385,-0.0250798740047913,-0.0249151353508898,-0.0223857040341433,-0.0203540274607509,-0.019866692875199,-0.0197171767573788,-0.0196910264411811,-0.0203294040075847,-0.0199961506607994,-0.0202010499959096,-0.0204405220183473,-0.0198336088259161,-0.0200460608854212,-0.020670561502456,-0.0210602299179912,-0.021171773533401,-0.0217451810901154,-0.0219431701113336,-0.021874958886952,-0.0220788360375985,-0.0225566110628436,-0.0223514819406239,-0.0230500333838087,-0.0234259267465374,-0.0240545274566783,-0.0222721734371236,-0.0182434325276301,-0.0194162768608531,-0.0195108642295285
2886,-0.0228811579708298,-0.023950133521659,-0.0248147666720412,-0.0248543013262856,-0.0251187424262464,-0.0248644924175884,-0.0223686078134093,-0.0202851049735005,-0.0198138920994116,-0.0197553383554275,-0.0196978363574279,-0.0203605332644587,-0.0199177001069893,-0.0201982419624506,-0.0204544495151385,-0.0198165145211406,-0.0200386275159416,-0.0206149586367165,-0.0210947793617734,-0.021217583389954,-0.0217089530416523,-0.0219801701252126,-0.0217620425597299,-0.0220766845056178,-0.0226348091768003,-0.0223981453001504,-0.0230652840886651,-0.0234330942369917,-0.024060588397957,-0.0222650171432897,-0.0182951671899941,-0.0193892039023662,-0.0195644950069492
2884,-0.0227575070936554,-0.0239182749828022,-0.0246686929765842,-0.0247369893229576,-0.0250644476947004,-0.0247351261795921,-0.0223518112803366,-0.0200535113735816,-0.0196693861318207,-0.0196163303969082,-0.0195909634530244,-0.0203079441238268,-0.0198005875726696,-0.0200861411928075,-0.0204208654371713,-0.0197018285324845,-0.0198938487732262,-0.0205101180083172,-0.0210397381212123,-0.0211745382361446,-0.0215938704422105,-0.0219795254178733,-0.0215730015356848,-0.0219965885694183,-0.0225995798408878,-0.0223360513387494,-0.0229551561116768,-0.0233884299223653,-0.0240294537802037,-0.0221347840244601,-0.0182574099349645,-0.019346893227084,-0.0195134796879996
2882,-0.0225864077246756,-0.0238885952893594,-0.0244995672853612,-0.0245682815647859,-0.0248856457106311,-0.0245717540165902,-0.0222793674937956,-0.019798152971508,-0.0194923393980029,-0.0193575325846383,-0.0194270249004548,-0.020157904802755,-0.0197039074881245,-0.0199293867327841,-0.0203017199780209,-0.0195762376598967,-0.0196389555275417,-0.0203836724964568,-0.0208686367079967,-0.021060428366764,-0.0214597882456874,-0.0218824525917648,-0.0213855874132452,-0.021882699077426,-0.0224337887328913,-0.0221997250780375,-0.0227968547618108,-0.0233200708048577,-0.0239525558073925,-0.021913295944279,-0.0181230017567098,-0.0192941378769904,-0.0193889683856972
2880,-0.0223482535648183,-0.0237282399236984,-0.0242766320181647,-0.0243253730131002,-0.0245671064845686,-0.0243400200714063,-0.0220566132925015,-0.0195735048100522,-0.0192911311550332,-0.0190479929906716,-0.0191925848796304,-0.0199264966491289,-0.0196138672475256,-0.019735782646421,-0.0200691166926145,-0.0194359277649658,-0.0193400387329797,-0.0201840632894174,-0.02057986889192,-0.020863026950434,-0.0212961651135869,-0.0216436173869007,-0.0211832597296159,-0.0217018039409128,-0.0221284264449031,-0.0220088392988902,-0.0226468243784713,-0.0232350666890296,-0.0237814059860342,-0.0216137376375305,-0.0178621153243816,-0.0191432842414683,-0.0191833791839092
2878,-0.022094200176772,-0.0234181958880781,-0.0239918831029321,-0.0240119979380571,-0.0242077880726629,-0.0240729027898937,-0.0217346635155955,-0.0194065059933431,-0.0190863082490053,-0.018772982626738,-0.018899417701403,-0.0196773654617185,-0.0195034524797103,-0.0195098914182743,-0.0197985898349908,-0.0192623969516973,-0.0191096358637276,-0.019918677585558,-0.0202575269238117,-0.0206156298196975,-0.021095466445348,-0.0213481265646255,-0.02098846529799,-0.0214655236447372,-0.0217771222774669,-0.0218329895042027,-0.0225310114605539,-0.0231270754309182,-0.0235321752876856,-0.0213407000960293,-0.017544324435375,-0.0189051413951864,-0.0189289217670107
2876,-0.0219783811086973,-0.0231471848361849,-0.0237486412846094,-0.0237622875503755,-0.0239843936530946,-0.0239166881048154,-0.0215066760597535,-0.0193567803937129,-0.0189538554050245,-0.0186357589811892,-0.0186586458782582,-0.0195033461977584,-0.0194130831932455,-0.0193202925910751,-0.0196536345669329,-0.0191334216667139,-0.0190520352671732,-0.0197306705609644,-0.020065699095602,-0.020443320791275,-0.0209487678975993,-0.0211621923897881,-0.0209178337939893,-0.0212972782932904,-0.0215570363164437,-0.0217701709307694,-0.0224785900883383,-0.0230079802165588,-0.0233246572718631,-0.0212412557370701,-0.0173325396337132,-0.018732337884619,-0.0187416891977473
2874,-0.0220967202642274,-0.0231017759940739,-0.0236937764427875,-0.0237337035029976,-0.0239833481524244,-0.0239754668560498,-0.0215034149958158,-0.019434905624392,-0.0189447303113655,-0.018678461990918,-0.0185758346661186,-0.0194694767762998,-0.0194076237171593,-0.0192493463206548,-0.0197216386990012,-0.0191460913878471,-0.0191697346137656,-0.0197519001561069,-0.0201142881930688,-0.020448303580042,-0.0209681754893504,-0.0211612940119922,-0.0210188965718885,-0.0212946365663545,-0.0215638545647624,-0.0218309729618088,-0.0225064058193549,-0.0229141231165372,-0.023262884320303,-0.0213279195886248,-0.0172884276177147,-0.0187197547536663,-0.0187161290427497
2872,-0.0223726060658228,-0.0232789208954306,-0.0238795744340718,-0.0239427414394969,-0.0241501078625386,-0.0242149993868383,-0.0217021879152988,-0.0195651934938375,-0.0190339108517737,-0.0188548869891448,-0.0186627879455065,-0.0195928119912014,-0.0195010916371722,-0.0193295249081939,-0.0199257969258954,-0.0192923997753458,-0.0193736158333478,-0.0199545028676681,-0.0203506347183481,-0.0205990044207587,-0.0211423468381906,-0.0212914466322376,-0.0211795486762466,-0.0214095094135542,-0.0217216250836284,-0.0219347087768302,-0.0225883138731947,-0.0228900717852351,-0.023334677216801,-0.0214739630942456,-0.0173203816002823,-0.0187998289000929,-0.0188287749761855
2870,-0.0226573268704102,-0.0235557623750878,-0.0242236038730388,-0.0242691212544091,-0.024399509233496,-0.0245361854056805,-0.0220178336238348,-0.0196963718761907,-0.0191829853976346,-0.0190990185877525,-0.0188940438055506,-0.0198397086617941,-0.0196636069385573,-0.0195488035595261,-0.0201211162064376,-0.0194954827588353,-0.0195782919850512,-0.0201961895361795,-0.0206192383235896,-0.0207833401709657,-0.0213375348164637,-0.0214664065050409,-0.0212753844197638,-0.0215214273246119,-0.0218748523994399,-0.0220223637235832,-0.0226704658491016,-0.0229553998771907,-0.0234551968502599,-0.0215738637601567,-0.0173555370855857,-0.0188709600325772,-0.01896808409536
2868,-0.0228968706902453,-0.0238551284172893,-0.0246035297511543,-0.0246071836906691,-0.0247073630147172,-0.0248768832892078,-0.0223892777687486,-0.0198755747256611,-0.0194013154845019,-0.0193760210747133,-0.0192549987740552,-0.0201293008887103,-0.0198659422227191,-0.0198712846779823,-0.0202533761776099,-0.0197210612218169,-0.0197555162297689,-0.0203827322589557,-0.0208266348285695,-0.0209415724562532,-0.0214611779159176,-0.021636662516841,-0.0213273517667108,-0.0215841910444791,-0.0219498617683913,-0.0221121047923793,-0.0227309149185321,-0.0230816507983668,-0.0235706262257564,-0.0216306383684197,-0.0174460137079198,-0.018938736862144,-0.0190524536424902
2866,-0.0231388846832609,-0.0241867837968576,-0.0249727081987533,-0.0249545490756992,-0.0250812055557615,-0.0252153137762237,-0.0227729064681437,-0.020153925149296,-0.019693732498944,-0.0196632819714072,-0.019683936078552,-0.0203964631573358,-0.0200858734602283,-0.0202329866332087,-0.0203977800140674,-0.0199677460854579,-0.0199056704998364,-0.0205372940905922,-0.0210070490396282,-0.0211000037664625,-0.021564822782461,-0.0217911695867021,-0.0214363723733178,-0.0216462792934677,-0.0220097296075196,-0.0222323177576928,-0.0228031361975957,-0.0232157541599526,-0.0236787787154636,-0.0216792117087609,-0.0176360710014296,-0.0190605714173533,-0.0190983054302943
2864,-0.0234243663634693,-0.0245714918437156,-0.0253587285252127,-0.0253414532499577,-0.0255087512349545,-0.0255389347862011,-0.02313852226288,-0.0204957972685688,-0.0200151315983184,-0.0199415742509963,-0.02006394745102,-0.0206628573818544,-0.0203160476365407,-0.0205669502693802,-0.0206469453005255,-0.0202028785044548,-0.0200412936820764,-0.0207209122656389,-0.0212208478058914,-0.0212955092149207,-0.0217426729926159,-0.0219538526061414,-0.0216314680864236,-0.0217651669550517,-0.0221733183394271,-0.0223723105673463,-0.0229293764977489,-0.0233453228701,-0.0237859551511391,-0.0217264694592171,-0.0178422975114472,-0.0192268496786166,-0.0191748803259227
2862,-0.0237573404631929,-0.0250155344185128,-0.0257857802276743,-0.0257681096632824,-0.0259815239227474,-0.0258743205081918,-0.0235244700805161,-0.0208499443851032,-0.0203448398298428,-0.0202375339213611,-0.0203435784831017,-0.0210111895463261,-0.020594901219217,-0.0208707275909375,-0.0210127388060748,-0.0204177394596821,-0.0202257350600438,-0.0209656727433378,-0.0214648203678018,-0.0215366100340057,-0.0220076347081443,-0.0221892908112745,-0.0218823804040898,-0.0219721660493792,-0.0225016122814617,-0.0225458667498056,-0.0231263461579201,-0.0235271940316713,-0.0239084110086967,-0.0218163908255113,-0.0179856427435776,-0.0193948433291326,-0.0193270654265751
2860,-0.0241434684794485,-0.0255172875015104,-0.02623516774898,-0.0262159277984688,-0.0264918842261673,-0.0262756272076574,-0.0240026727306779,-0.0212150164073272,-0.0207289008213384,-0.0205987307250456,-0.0205965911598535,-0.0214491272369558,-0.0209665129742423,-0.0211971072867768,-0.0214248111627934,-0.020692271024408,-0.0205422936777592,-0.0212717118835473,-0.0217028952922193,-0.0218166438728709,-0.0223007806639394,-0.022531894004217,-0.0221795449949838,-0.0222688573445302,-0.0229262133169539,-0.022803771376439,-0.0233923492087196,-0.0238101776542228,-0.0240805035035664,-0.0220314225972512,-0.0181270773186515,-0.0195692303614006,-0.0195322939653142
2858,-0.0245779630923151,-0.0260217168924864,-0.026659202999101,-0.0266508328689759,-0.0269738156468485,-0.0267221609451539,-0.0245374549960488,-0.0215704202872382,-0.0211817457876288,-0.0209873160807043,-0.0209005294234713,-0.0218384488370133,-0.0213856663834018,-0.0215419980441705,-0.0217863640843525,-0.021088159325574,-0.020974168758315,-0.0215993578662599,-0.021923643707928,-0.0221092613340661,-0.0225681762699612,-0.0228991541240312,-0.0224963174718185,-0.0225975309431486,-0.0232877323640029,-0.0231270209484298,-0.0237083637271045,-0.0241367011922619,-0.0243082153410062,-0.0223701967175058,-0.0183569440050888,-0.0197711683462916,-0.0197276940617175
2856,-0.0250021810425915,-0.0264090687800444,-0.0269999930354663,-0.0270170146985655,-0.0273154635972415,-0.0270885337054909,-0.0249603553144259,-0.0218337922085307,-0.0216074942791553,-0.0212776924736755,-0.0212164279390484,-0.0220264031854844,-0.0217239262477158,-0.0218057914118004,-0.0220301893894523,-0.0215018506308279,-0.0213789930397757,-0.0218686678411414,-0.022127639940403,-0.0223597310534965,-0.0227873952449316,-0.0231566614174948,-0.0227317286118166,-0.0228571004667631,-0.0234776136287945,-0.0233908926444863,-0.0240158746614501,-0.0243753844676501,-0.0245331494026466,-0.0227095205575518,-0.0186300765634079,-0.0199739145917302,-0.0198805405427726
2854,-0.0253371385315154,-0.0266023811369747,-0.027211871852101,-0.0272800124408679,-0.0274751116286449,-0.0272831489558723,-0.0251511500372669,-0.0219732720164749,-0.0218921014932074,-0.0214102524159563,-0.0214552660855686,-0.0220353839819297,-0.0219031054877838,-0.0219228772875535,-0.0221484138261445,-0.0217420128318034,-0.0216313795290098,-0.0220214847150433,-0.0222927512028353,-0.0225233756203779,-0.0229451242888665,-0.0232801011008031,-0.0228060907578868,-0.0229973860483105,-0.0235341134984597,-0.0234997510755129,-0.0242286244870478,-0.0244645078729741,-0.024696269267325,-0.0229425283995108,-0.018824916411398,-0.0201315286020286,-0.0200122550456808
2852,-0.025556938937291,-0.0266603809544251,-0.0273029148325766,-0.0274682230672105,-0.0275319954767525,-0.0273657354601127,-0.0251800507988632,-0.022079474558975,-0.0220238580176442,-0.0214682156847766,-0.0216025002186657,-0.0220429216063516,-0.02196568293221,-0.0219619489224878,-0.0221777022851626,-0.0217558004759758,-0.0217335083812873,-0.0220851527638184,-0.0223896239238265,-0.0226107897170347,-0.0230259322588756,-0.0233634250498964,-0.0227821645867512,-0.0230618681467073,-0.0235529230155712,-0.0234937715787475,-0.024306579598696,-0.024466522280221,-0.0248110406604797,-0.0230790166524585,-0.018907448223532,-0.0202280096920576,-0.0201351869508789
2850,-0.0256706165953524,-0.0266841198231307,-0.0273329701819808,-0.0276118262688746,-0.0275692507323967,-0.0274463469952355,-0.0251778914054467,-0.0222100501902747,-0.0220503533359293,-0.0215320594322929,-0.0216871305117552,-0.0221442340596595,-0.0219641612681904,-0.0220062556623972,-0.0221477321951347,-0.0216544908291232,-0.021727344104668,-0.0221154742872787,-0.0224040751168302,-0.0226511447028556,-0.0230122983389731,-0.0234286093324691,-0.0227725360943971,-0.0230853807367999,-0.0235249011519004,-0.0234417736308721,-0.0242825311998722,-0.0244399887472732,-0.0248951307619204,-0.0231346920780556,-0.0189093395045136,-0.0202423914732263,-0.0201981061323199
2848,-0.0256779800609076,-0.0266976623152874,-0.0273565613874036,-0.0276886248090922,-0.0275945303126604,-0.0275542387901185,-0.0251727043380333,-0.0222795574150263,-0.0219979864685161,-0.0215706301924981,-0.0217056648727091,-0.0222704481271134,-0.0219018874015458,-0.0220301214679154,-0.0220853775567067,-0.0215386390751083,-0.021612469071109,-0.0221148484429458,-0.02234184139031,-0.0226425888310344,-0.0229125913273124,-0.0233789262586499,-0.0227832563134085,-0.0230437396873838,-0.0233955702038257,-0.0233389136650904,-0.0242132826627401,-0.0243748811740178,-0.0248975307924971,-0.0230581485195406,-0.0188293284129118,-0.0201565780328819,-0.0201603283606126
2846,-0.0255753927308504,-0.0266638326387082,-0.0273678446249953,-0.0276615722631212,-0.0275905297522538,-0.027636821602896,-0.0251162241889644,-0.0221996607435536,-0.0218864392169942,-0.021526084334416,-0.0216456895423811,-0.0223251541489077,-0.0218056454431646,-0.0219616540161798,-0.0220216573337492,-0.0214098541791432,-0.0214114581937799,-0.0220418821935402,-0.0222131312524973,-0.0225585274386128,-0.0227712784798122,-0.0231667348222145,-0.0227386916376199,-0.0229361480744233,-0.0232092895487947,-0.0231706925678935,-0.0241072341723548,-0.024263849494347,-0.0247507310337766,-0.0228337170212959,-0.0186614066960062,-0.0200063666924436,-0.020042986609821
2844,-0.0253857306798535,-0.0265552228805052,-0.0273127123902516,-0.0275308309921018,-0.027547079585688,-0.0276205555021818,-0.0249848532453235,-0.0220195173387874,-0.0217552824302283,-0.0214044930523151,-0.0215244338598309,-0.0222679752931735,-0.0217327638377817,-0.0217964629419066,-0.0219578225465495,-0.0212491733853166,-0.021210090967508,-0.0218765691266299,-0.0220251365940282,-0.0223821054610917,-0.0226326287625155,-0.0228699355802675,-0.0226104966328363,-0.0228047487449157,-0.023058531599914,-0.0229799104739712,-0.023918869830904,-0.0241346605443471,-0.0244735664581286,-0.0225463965317674,-0.01845155507538,-0.0198519856438977,-0.0198565105143901
2842,-0.0251682143123983,-0.0263914259768672,-0.0271736173838118,-0.0273381281819385,-0.0274482634638675,-0.0274684759750477,-0.0248153598137621,-0.0218657607058179,-0.02163125952562,-0.0212547593323887,-0.0213735406487203,-0.0220998144540049,-0.021686083521767,-0.0215997878867621,-0.0218680428792189,-0.0210866420738779,-0.0210783462877051,-0.0216626967859192,-0.0218097258863756,-0.0221398117137562,-0.0225117533557985,-0.0225924872455177,-0.0224498206140422,-0.0226576297924631,-0.0229464686423006,-0.0228301798838865,-0.0236515588728612,-0.0240089606998493,-0.0241843797433979,-0.0223100395307211,-0.0182717691632565,-0.019718471526715,-0.019589826151402
2840,-0.0249992648884024,-0.0262324263430478,-0.0270116041106419,-0.0271470300399252,-0.0272974757930378,-0.027225807869582,-0.0246702827748995,-0.0218127679108785,-0.021518849652669,-0.0211265812110365,-0.0212302433571738,-0.0218667700736658,-0.0216129787288646,-0.0214400108897817,-0.0217514672545258,-0.0209665664483392,-0.0210100684017134,-0.0214834313043939,-0.0216424024824521,-0.0219128646933775,-0.0224090185496067,-0.0223844775918181,-0.022317365809896,-0.0224638113465104,-0.0228107208251395,-0.0227489895893555,-0.0234093633288059,-0.0238858527673618,-0.0239979366205897,-0.022176976862522,-0.0181687534249433,-0.0196074941823425,-0.0193121956974751
2838,-0.0249383281575176,-0.026157946618606,-0.0269068794718141,-0.0270339719202448,-0.027161680747546,-0.0270240617431526,-0.0246013846262445,-0.0218602516307278,-0.0214462023500462,-0.0210736954585434,-0.0211536469394754,-0.0216722955822679,-0.0215078696196187,-0.0213588672789691,-0.0216505087668254,-0.0209029094989445,-0.0209746551730112,-0.0214008477635286,-0.021598636902906,-0.0217976936991936,-0.0223362541933743,-0.0222750127308255,-0.0222420257022975,-0.0222522868068709,-0.0226666923511799,-0.0227335975275513,-0.0233048010694658,-0.0237823862012603,-0.0239411445412608,-0.0221369774783162,-0.0181609557684352,-0.0195390554973952,-0.0191772057683214
2836,-0.0249915472253379,-0.0262102432457779,-0.0268825395092364,-0.0270461381815393,-0.0271246581711899,-0.0269873964432321,-0.024618162615123,-0.0219784206980964,-0.0214599290928609,-0.021131841939317,-0.0211926183461645,-0.0216025732448573,-0.0214334916348301,-0.0213696086637196,-0.0215954258551673,-0.0208889229628668,-0.0209679087542958,-0.0214095936395917,-0.0216805675755936,-0.0218238680950577,-0.0223124421882745,-0.0222862167534415,-0.0222273021293805,-0.022129656144276,-0.0226162141623605,-0.0227695117554852,-0.0233349068322295,-0.0237354364640324,-0.0239649364048619,-0.0221543951346263,-0.0182329313672583,-0.0195230056338441,-0.019242883886513
2834,-0.0251080240139122,-0.0263358865416084,-0.0269129769013212,-0.027147721992452,-0.0271876747856798,-0.0271116237311424,-0.0246894507017935,-0.0221154109442805,-0.0215547421095598,-0.0212686228142349,-0.0213264418305112,-0.0216468147093095,-0.0214346940027896,-0.0214558579282269,-0.0215727657948473,-0.0209176613704345,-0.0209947681570579,-0.0214573300072841,-0.0218118455580459,-0.0219252947088079,-0.0223527487218246,-0.0223851840745824,-0.0222622744273632,-0.0221607692213183,-0.0227072477527271,-0.0228231502044578,-0.0233973357853548,-0.0237487710053871,-0.0240212299329321,-0.0221908160139469,-0.0183167650171355,-0.0195173238894915,-0.019379062924603
2832,-0.0252099127946155,-0.0264178797333121,-0.0269704874645535,-0.0272306296606826,-0.0272650775362812,-0.0272576837063824,-0.024776222847158,-0.0221972448414885,-0.0216500990093794,-0.0214007740484305,-0.0214692811210617,-0.021723073690207,-0.0214824580674473,-0.0215659637172391,-0.0215652497516514,-0.0209716736987099,-0.0210381364311699,-0.0214982182905166,-0.021904017981659,-0.0220070757519065,-0.022447920704966,-0.022476580547364,-0.0223220570154122,-0.0222804183451051,-0.0228569240781515,-0.0228449457316227,-0.023413825530744,-0.0237709093667259,-0.0240939721127473,-0.0222147385978104,-0.0183308257545388,-0.019468979856699,-0.0194291249132835
2830,-0.0252441162198052,-0.0263907176018035,-0.0270270179135564,-0.0272167271860583,-0.0272940170209566,-0.0272971007766467,-0.0248553437096569,-0.0221951467885013,-0.0216839439821315,-0.0214886723008549,-0.0215588848424623,-0.0217795097127516,-0.0215331579108031,-0.02163999171264,-0.0215905175027913,-0.021025917181153,-0.0210776859108527,-0.0215183052748586,-0.0219224569350917,-0.0220304924082856,-0.0225474450245716,-0.0224885394780393,-0.0223777815255266,-0.0223737137032999,-0.0229461454245295,-0.0228185761000818,-0.0233868695957016,-0.0237530989288978,-0.0241703811479586,-0.0222188832772434,-0.0182693355706185,-0.019398781741143,-0.0193999298608164
2828,-0.0252228430593037,-0.0263087809072373,-0.0270507312537186,-0.0271537605503134,-0.0273060666266864,-0.0272495612923708,-0.0249202073330706,-0.0221768959103602,-0.021696826016527,-0.0215697982932572,-0.0216155464215206,-0.0218407112535238,-0.0215999477801891,-0.0216658623068197,-0.0216757731234662,-0.0210805456597644,-0.0211268962927488,-0.0215282062347693,-0.0218979944092156,-0.0220219125966733,-0.022594031414636,-0.0224418196304646,-0.0224184973779886,-0.0224120079744758,-0.0229432176299836,-0.0227947487121911,-0.0233506621157768,-0.0237091929456474,-0.0242341742471106,-0.0222308857398993,-0.018212023957903,-0.0193923120413334,-0.0194093603267046
2826,-0.0252074163094321,-0.0262762980600113,-0.0270457098726003,-0.0271600269650531,-0.0273585747936564,-0.0272349126649721,-0.0249724250861886,-0.0222238136410063,-0.0217631770581706,-0.0216678104105233,-0.0216783270093583,-0.0219406598487003,-0.0217122933984563,-0.0216844803380088,-0.0218070315303576,-0.0211577921233847,-0.0212099127317029,-0.0215446257797437,-0.0218862288552289,-0.0220161427139082,-0.0225816748068619,-0.0223997372580921,-0.0224475979747621,-0.0224466449488526,-0.0228929252965028,-0.0228324979180437,-0.0233237962749345,-0.0236858845900186,-0.0242850173550831,-0.0222817937627932,-0.0182144282233738,-0.0194817365182868,-0.0194916483286804
2824,-0.0252457513377766,-0.0263278275682596,-0.0270591606209479,-0.0272701574368728,-0.0274381573019084,-0.0273071210407332,-0.0250151777582767,-0.0223139404688303,-0.0218693870579686,-0.0217249545487587,-0.0217190272960603,-0.022051352242126,-0.0218403338569507,-0.0217251441890875,-0.0219251590990986,-0.0212517883960955,-0.0213040455479579,-0.0215702588059485,-0.0219157407068293,-0.0220202419752684,-0.0225482998742868,-0.0223838978658836,-0.0224538851519712,-0.0224982730358162,-0.0228351959665799,-0.0229152269392183,-0.0233165529405275,-0.0236931283723577,-0.0243242853981376,-0.0223595411917601,-0.0182419118143453,-0.0195877456924708,-0.0195654989314192
2822,-0.0253226948278057,-0.0264013301588064,-0.0271073623932911,-0.027386537785057,-0.0274764638635237,-0.0273911648768691,-0.0250388920877075,-0.022343118403712,-0.0219204143333525,-0.0216694974265264,-0.021670012208683,-0.0221090962189928,-0.0219105289248236,-0.0217569807859813,-0.0219582941356851,-0.0213078131265716,-0.0213411268022435,-0.0215769299662809,-0.0219589213314906,-0.0220197635303344,-0.0225047165404388,-0.0223674727627826,-0.0224066244475751,-0.022525337125905,-0.0227825345665217,-0.0229567041380909,-0.0233252304740559,-0.0236936672182511,-0.0243176600573225,-0.0224030296319604,-0.0182395907962287,-0.0196043193691062,-0.0195680528374303
2820,-0.0253769860406317,-0.0264201404289414,-0.02713897531316,-0.0274018923747945,-0.0274441058136532,-0.0273916607760973,-0.0250177418848071,-0.0222583688471149,-0.0218646834590016,-0.0215192595362011,-0.0215283118239678,-0.0220870994722175,-0.0218851553221278,-0.0217302281634019,-0.0218649093570025,-0.021277509823256,-0.0212764906427341,-0.0215201067550459,-0.0219568496835925,-0.0219943085090026,-0.022413808413068,-0.0223292000663489,-0.0222940031056077,-0.0224978345949534,-0.0227454976078128,-0.0228959207823833,-0.0233141235061192,-0.0236528347853356,-0.024218016536931,-0.0223553862189546,-0.0182115200392175,-0.0195108622277314,-0.0195178170291222
2818,-0.0253714589180823,-0.0263803790535874,-0.0271189591778352,-0.0273312444305774,-0.0273893869981117,-0.0273156685441878,-0.0249465319516291,-0.0221223441671753,-0.0217582922650349,-0.0213733714842694,-0.0213863108281724,-0.0220216473244664,-0.0217972116801468,-0.0216592593765822,-0.0216853059899125,-0.0211811495159981,-0.0211392347322058,-0.0213904155539017,-0.0218860249676553,-0.0219327493112193,-0.0222674604863415,-0.0222826545412135,-0.0221597391671306,-0.0224387624578261,-0.022732688888484,-0.0227688853826794,-0.0232597207486878,-0.0235777183589005,-0.0240441443968633,-0.022233130249592,-0.0181889410761484,-0.0193825485764082,-0.0194529083925142
2816,-0.025332038307152,-0.0263428306982046,-0.0270991486169245,-0.0272741132420401,-0.0273736860869653,-0.0272489645710987,-0.0248738538351077,-0.0220322362886677,-0.0216873693835097,-0.0213095985940987,-0.0213381067390029,-0.0219726484775746,-0.0217150737104399,-0.0216243830004309,-0.021544359409422,-0.02108784840432,-0.0210074723712945,-0.0212445250289924,-0.0217907818634784,-0.0218521607270301,-0.0221401275547464,-0.0222541640691533,-0.0220766591721752,-0.0223732823660991,-0.0227288631213706,-0.0226710092662459,-0.0232107713721253,-0.0235081907479501,-0.0238935255620895,-0.0221244898034981,-0.018165272143431,-0.0193058795775662,-0.0193885267381222
2814,-0.0253072617054287,-0.0263484795504073,-0.0271388999514006,-0.0272713605297143,-0.027392215670045,-0.0272353809191066,-0.0248583280419526,-0.0220110034114441,-0.0216671162240806,-0.0213173104138458,-0.0213769888509882,-0.0219640753298883,-0.0216880709940344,-0.0216719181030529,-0.0215456474094958,-0.0210399396429521,-0.020939277541212,-0.0211611147179809,-0.0217328498304572,-0.0217933703533384,-0.0221116857982001,-0.0222523125881707,-0.0220696033657081,-0.0222826010231136,-0.0227028472872149,-0.0226562042210706,-0.0232376901445605,-0.0234808164378475,-0.0238444823451379,-0.0220967767144201,-0.0181154506893912,-0.0192976624280779,-0.0193391299119588
2812,-0.0253054971013969,-0.026371868079057,-0.0271984370870726,-0.0272677138510821,-0.0273837392502998,-0.0272363959449285,-0.0248892707533942,-0.0220004152789068,-0.0216451146075225,-0.0213301135239271,-0.0214115125019814,-0.0219619147336065,-0.0217094205200917,-0.021745816587978,-0.021647647276432,-0.0210177611652694,-0.0209268824553939,-0.0211645024107949,-0.0217191249813501,-0.0217790677703538,-0.0221598571979945,-0.0222595370821218,-0.0220834560382727,-0.0221401980198178,-0.0226404632449686,-0.0226851717773607,-0.023312956666447,-0.0234982433130989,-0.0238716337974395,-0.022113801748645,-0.0180507112880168,-0.0193020311146434,-0.0193141203558441
2810,-0.0252993328072537,-0.0263753326053611,-0.0271952189957651,-0.0272282366819959,-0.0273251065079719,-0.027219224073697,-0.0249036216716921,-0.0219486841819277,-0.0215885872803757,-0.0213133382814459,-0.0213868018447494,-0.02192297455507,-0.0217287488981285,-0.0217620127251854,-0.0217106750465205,-0.0209843501818874,-0.0209223434789226,-0.0212186714854335,-0.021714388408908,-0.0217935651228825,-0.0221991942195422,-0.0222550953197015,-0.022058467111662,-0.0219757764694892,-0.0225619895764199,-0.0226819893685756,-0.0233247956234883,-0.0235297711775204,-0.0238951582374399,-0.0220848610424947,-0.018011753822939,-0.0192704463283792,-0.0192941652589386
2808,-0.0252767633389324,-0.0263744432164685,-0.0271296346494763,-0.0272100820989831,-0.0272804642566977,-0.0272189017066694,-0.0248850832721278,-0.0218759790716389,-0.0215312739990814,-0.0213036850540485,-0.0213525167826003,-0.0218590909725708,-0.0217125203255828,-0.0217216671482625,-0.0216779835246568,-0.0209393192494472,-0.0209026721754718,-0.021286736794135,-0.0217102864042185,-0.0218199420051013,-0.0222072802399217,-0.0222469082638527,-0.0220153162586982,-0.0218690942359682,-0.0225056229716462,-0.0226264569528857,-0.0232311427701507,-0.0235415281284148,-0.0238775034417,-0.0219904143097288,-0.0180209958109951,-0.0192308544818781,-0.0192617002229417
2806,-0.0252359640647348,-0.026395582581945,-0.0270603593484129,-0.0272545179365659,-0.0273140856381089,-0.027260653749721,-0.024873082534329,-0.0218348023203652,-0.021513178326265,-0.0213391637386377,-0.0213749374935441,-0.0218212536548856,-0.0216749539006503,-0.0216879354405171,-0.0216211790131067,-0.0209059814808495,-0.020883742887434,-0.021347605718797,-0.0217255954389597,-0.0218585216076365,-0.0222270572257788,-0.0222585250924681,-0.022012315756627,-0.0218662852593265,-0.0224858887522525,-0.0225558298869138,-0.0231170394660243,-0.0235143136873009,-0.0238232839654718,-0.0218963293893164,-0.018060357674732,-0.0192414015061334,-0.019233860557796
2804,-0.0251601418765028,-0.0264025539274401,-0.0270008179812582,-0.027286684489019,-0.027387907846283,-0.02728840979791,-0.0248755094080596,-0.0218344697564431,-0.0215167321238624,-0.0213832971844459,-0.0214307635612097,-0.0218352131493376,-0.0216414655953808,-0.0216790364867859,-0.0216015713307333,-0.0208994094944907,-0.0208832229188921,-0.0213724277254217,-0.0217569959188457,-0.0218992487613499,-0.022266540664035,-0.0222947312980424,-0.0220464952710846,-0.0219317524834622,-0.0224838105681198,-0.0225020680571715,-0.0230747313562936,-0.0234490099765364,-0.0237354184792859,-0.0218495927956351,-0.0180976125337183,-0.0192954881664806,-0.0192329926979423
2802,-0.0250463489074924,-0.0263245378496029,-0.0269283143519861,-0.0272054389610714,-0.0273959533219788,-0.0272336205540503,-0.0248402402892274,-0.0218278303831093,-0.0214950948304968,-0.0213587070213595,-0.0214374195794547,-0.0218714613564711,-0.0215991081183968,-0.021649054661876,-0.0215732792010463,-0.0209095966988009,-0.0208870869232358,-0.0213315475724637,-0.0217648767542641,-0.0219032677680898,-0.0222688144526525,-0.0223280404145524,-0.0220499648812816,-0.0219936389436263,-0.0224740768065046,-0.022459330804253,-0.0230854122924417,-0.0233654847460819,-0.0236276621060386,-0.0218217288152689,-0.018103671351463,-0.0193197172158919,-0.019234513415924
2800,-0.0249487376263647,-0.0261679725720785,-0.0268737364279295,-0.0270402434694726,-0.0272995775651817,-0.0271214370469828,-0.0247471440030332,-0.0217783416007471,-0.0214518223969962,-0.0212579559485405,-0.0213746076736344,-0.0218867380898268,-0.0215248136770443,-0.0215828870860874,-0.0214795027178098,-0.0209113128874116,-0.0208709548868047,-0.0212395545059808,-0.0217250147183746,-0.0218483208959317,-0.0222054962916919,-0.0223246377524352,-0.0219972471399751,-0.0220268776625291,-0.0224567207193783,-0.0224149154681543,-0.0230837470256295,-0.0233003170020999,-0.0235612142953943,-0.0217804823888423,-0.0180620110394695,-0.0192829060376818,-0.0191959398359885
2798,-0.0249461525816858,-0.0260466115488997,-0.0269018213676818,-0.026930528028383,-0.027179930420387,-0.0270444675911014,-0.024665144144199,-0.0217156778161889,-0.0214476844668811,-0.0211762280069857,-0.0213175295426149,-0.0218686106889467,-0.0214507505985181,-0.0215370031487954,-0.0213700945671392,-0.020884333621071,-0.0208450944782311,-0.0211562723233202,-0.0216645151220125,-0.0217703519898912,-0.0221302772921265,-0.0222816066107257,-0.0219500908294479,-0.0220632576999215,-0.0224537539400845,-0.0223816951708911,-0.0230759841641837,-0.0232903235079599,-0.0235984010454029,-0.0217567730613139,-0.0179948551254907,-0.0192445585648562,-0.0191332036475946
2796,-0.0250315098815068,-0.0260413776419824,-0.0269785038939139,-0.0269278218955175,-0.0271183506093596,-0.0270227433563344,-0.0246451204710447,-0.0216832824987893,-0.0214935487121207,-0.0211758812503193,-0.0213110953727256,-0.0218056939890086,-0.0214228281828152,-0.0215328031175132,-0.021313194429017,-0.0208096779944121,-0.0208283456962118,-0.021101486204136,-0.0216066985996745,-0.021702446498646,-0.0220823506023386,-0.0222046918305755,-0.0219395199222536,-0.0221010862435086,-0.0224509671839748,-0.022359611619704,-0.0230968038888611,-0.0233221894881272,-0.0236999654156802,-0.0217721900393485,-0.0179381911387637,-0.0192376793920799,-0.0190821649493853
2794,-0.025099660240651,-0.0260972901229306,-0.0269826332035617,-0.0269326219688701,-0.0270942714418836,-0.0269836957432454,-0.0246375475211242,-0.021671489277182,-0.021505836350215,-0.0211892238033078,-0.0212974647830863,-0.021678825683471,-0.0214154016003375,-0.0214971866218008,-0.0212698731299069,-0.020684873051692,-0.0207996837251068,-0.0210285162352719,-0.0215362537834621,-0.0216171472692759,-0.0220196456945575,-0.0220890767012542,-0.0218983037955705,-0.0220705800167909,-0.0223922116705924,-0.0223129638290183,-0.0231122943353045,-0.0233277515922882,-0.0237486048584562,-0.0217741362802571,-0.0178892049758987,-0.0191897569118362,-0.0190201407126449
2792,-0.0250841309755882,-0.0261177394312565,-0.0268887222999806,-0.0268680215808289,-0.0270518160221836,-0.0269020657920532,-0.0245879922492796,-0.0216488211903203,-0.0214219284813829,-0.0211324310609631,-0.0212267899911461,-0.0215205332675962,-0.0213647271628013,-0.0213773991615763,-0.0211687734203699,-0.0205517473997963,-0.0207239940167099,-0.020918391077339,-0.0214532584757863,-0.0214899832401721,-0.0219049515994778,-0.0219578731210752,-0.0217805212806773,-0.0219360814741202,-0.0222700501690424,-0.0222309666185142,-0.0230557653416802,-0.0232606544433208,-0.0236953588865102,-0.0217199512603614,-0.0178204688953486,-0.0190414409982501,-0.0189110700600018
2790,-0.0250381706864067,-0.0260983518471789,-0.0268190728527509,-0.0267982735852299,-0.0270026963226072,-0.0268568471853337,-0.0245394596394848,-0.0216274619304582,-0.0213060880019133,-0.0210486136355029,-0.0211567767589092,-0.0214253489335736,-0.0212835322020614,-0.0212424719168918,-0.0210477491168975,-0.0204767936158987,-0.0206217608639299,-0.0208373897071913,-0.0214088712162903,-0.0213801734282624,-0.0217910192213065,-0.0218788571607998,-0.021668860460083,-0.0217819526478148,-0.0221783371768429,-0.0221714888980376,-0.0229352365176783,-0.0231608169013834,-0.02361116342725,-0.0216663536020727,-0.0177465050064358,-0.0188787051121861,-0.0188013386105171
2788,-0.0250371398930818,-0.0260973008005638,-0.0268660708489532,-0.0268086349525857,-0.0270012521193338,-0.0269067466449591,-0.0245564372467751,-0.0216451960857083,-0.0212690758751922,-0.0210416368968928,-0.0211643857289066,-0.0214506355159994,-0.0212603184830408,-0.0211876558864766,-0.0210116385700182,-0.0204900013345334,-0.0205643822052661,-0.0208555100477109,-0.0214407810495431,-0.0213722440447804,-0.0217543778419079,-0.0218962910508226,-0.0216730490830766,-0.0217304880891322,-0.0222149866220072,-0.0221934795977827,-0.0228325923900548,-0.0231108642757716,-0.0235682903010675,-0.0216931773641602,-0.0177254446563148,-0.0188431053656186,-0.0187848015910972
2786,-0.0250653860710337,-0.0261202564737321,-0.0269632251982625,-0.0268637568216089,-0.0270551933089522,-0.0269915810541742,-0.0246075934015863,-0.0216976934809033,-0.0213169510295128,-0.0211062666029537,-0.0212183361850391,-0.0215458699013731,-0.0213262834680232,-0.0211931339807836,-0.0210746739936726,-0.0205626602356179,-0.0205875176909146,-0.0209510006250046,-0.0215077368572865,-0.021451966704866,-0.0217903350726845,-0.0219627767915954,-0.021763656778021,-0.0217946117197797,-0.0223501290143177,-0.0222674440162169,-0.0228012274923173,-0.0231380924151259,-0.0235446276312449,-0.0217767738260237,-0.0177769250711657,-0.0189412774317263,-0.0188715705116903
2784,-0.0250606615760373,-0.0261206067158152,-0.0269935435139241,-0.0268772010863694,-0.0271188408694326,-0.0270172719081087,-0.0246162446662404,-0.0217428394290074,-0.0213605361140767,-0.0211310794669817,-0.0212302219363631,-0.0216253653431603,-0.0214022480211549,-0.0211733582691222,-0.0211471158228562,-0.0206476794129362,-0.0206499078736469,-0.0210462819740545,-0.0215358149957225,-0.0215165948319503,-0.0218368840542243,-0.0219862417271085,-0.0218049764297403,-0.0218740647370752,-0.0224516354601265,-0.0223048610387812,-0.0228215203659484,-0.0231934066037838,-0.0234921419127327,-0.0218227602347302,-0.0178462140523864,-0.0190426888008352,-0.018967027892937
2782,-0.0250208777111449,-0.0260904164915788,-0.0269432409937934,-0.0268531232518236,-0.0271492305482526,-0.0269797823438541,-0.0245827337411918,-0.0217697717337152,-0.0213564064283536,-0.021065236683153,-0.021193384680008,-0.0216681205368853,-0.0214090480116578,-0.0211286499583728,-0.0211688093174124,-0.020715029622705,-0.0206901400340711,-0.0211041783809423,-0.0215086928111613,-0.0215127115128472,-0.0218666266816316,-0.0219390213808719,-0.0217378071357825,-0.0218918403859863,-0.0224415527289565,-0.0222680389429336,-0.0228519638023699,-0.0232197666132182,-0.0234328085005576,-0.0217970267445209,-0.0178739529264319,-0.0190538315072506,-0.0189885362710984
2780,-0.0249888694738628,-0.0260653774582082,-0.0268730378905066,-0.0268540037001116,-0.0271230509358749,-0.0269352438411102,-0.0245610867558145,-0.0218049399425573,-0.0213480618110175,-0.0209766238776261,-0.0211699765835556,-0.0216920949383803,-0.0213586103901811,-0.0211374351121171,-0.0211580940320619,-0.0207371934826146,-0.0206878821307549,-0.0211319269584928,-0.0214649755556118,-0.0214861115203829,-0.0218890831525839,-0.0218725741563463,-0.0216311312837894,-0.0218637605392929,-0.0223670652387967,-0.022199020144795,-0.0228652925383678,-0.0232023983158131,-0.0234118075514283,-0.0217380959689129,-0.0178544386848928,-0.0189994520193095,-0.0189377945910278
2778,-0.0249620957199235,-0.0260464067950029,-0.0268079604463897,-0.02687388062733,-0.0270303759302313,-0.0268942524366176,-0.0245457648181029,-0.0218439163419842,-0.021362828910312,-0.0209301711025441,-0.0211644552147826,-0.0216763258721547,-0.0212966421295906,-0.0212097891461649,-0.0211295449427091,-0.0206803224728,-0.0206527024526411,-0.0211227931629923,-0.0214238251103847,-0.0214817425129219,-0.0218919629862309,-0.0218303273836627,-0.0215568417919543,-0.0218240102946971,-0.0223018047947466,-0.0221424919403665,-0.0228355518211674,-0.0231516300975643,-0.0234041331100719,-0.0216613257238855,-0.0178003277049218,-0.0189312585780723,-0.0188517104302367
2776,-0.0249077015265697,-0.0260045639944556,-0.0267436856788141,-0.0268560649737201,-0.0269037230831739,-0.0268283299434869,-0.0244915330708832,-0.0218435878020545,-0.0213619694447709,-0.0209187678595907,-0.0211245207819867,-0.0215913494332292,-0.0212310563187628,-0.0212661384397808,-0.0210668276916205,-0.0205507730870206,-0.0205891839592728,-0.0210642051631352,-0.0213736705948279,-0.0214843099790044,-0.021854835527497,-0.0218104727063795,-0.0215223760427488,-0.0217673573777639,-0.0222520677012373,-0.0221007443627788,-0.0227542578203516,-0.0230842644567677,-0.0233583169354932,-0.0215531113697734,-0.0177104144305229,-0.0188614527888717,-0.0187564044280149
2774,-0.024839603607378,-0.0259551274066175,-0.0266979191809493,-0.0267982152915815,-0.0268140438769416,-0.0267375513796836,-0.024418231512203,-0.0217859342619589,-0.0213098453823455,-0.0209251670293976,-0.0210524738300082,-0.0214691791868276,-0.0211583709931049,-0.0212601890976567,-0.0209817930186755,-0.0204106537968811,-0.0204932970574047,-0.0209795571628601,-0.0213160269819948,-0.0214726675295799,-0.0217927786886932,-0.0218021385325598,-0.0215191138127445,-0.0216854417857064,-0.0221866273661383,-0.0220554018925914,-0.0226562484251648,-0.0230248847185994,-0.0232909445362666,-0.0214420964312278,-0.0175982508022721,-0.0188000794206064,-0.0186778490529531
2772,-0.0247960386090612,-0.0259449015566289,-0.0266795947253796,-0.0267409885444916,-0.0267877902402604,-0.0266460130206458,-0.0243863872199962,-0.0216993919807997,-0.0212252771433324,-0.0209530434532196,-0.0210090042126255,-0.0213655492648647,-0.0210984383468167,-0.0212217553859081,-0.0209185046936027,-0.020310900744395,-0.0203690641154076,-0.0209054284376889,-0.0212659023393466,-0.0214546702854465,-0.0217268918616746,-0.0217965725619493,-0.0215392085936917,-0.0215972016667351,-0.0220991449842613,-0.0219889332255182,-0.0225829959551389,-0.0229868059208575,-0.0232552923288154,-0.0213768212792898,-0.0175030162253127,-0.0187724097359553,-0.0186353744900214
2770,-0.024764229768396,-0.0259726306545654,-0.0266562330338475,-0.0266877931834134,-0.0267728431621368,-0.0265704128700537,-0.0243904988293978,-0.0216172572443894,-0.0211452102631989,-0.0209849132935691,-0.0210031255756686,-0.0212849825937629,-0.0210633465952811,-0.0211721766036375,-0.0208918737708011,-0.0202441177181734,-0.0202429258434972,-0.0208463866067008,-0.02122152821246,-0.0214291203375843,-0.021643844044548,-0.0217737792613742,-0.0215451195401463,-0.0215242694197931,-0.0220140244094153,-0.0219001166887902,-0.0225332286225586,-0.0229521340329943,-0.0232488525876559,-0.021344363783896,-0.0174457327788549,-0.0187762368634327,-0.0186170069224314
2768,-0.024700493937689,-0.0259887216866182,-0.0266078531641679,-0.0266233605728908,-0.0267271272360306,-0.0265396117561518,-0.0243716896327286,-0.0215560307572078,-0.0210860201704289,-0.0209828853359781,-0.0209712898378988,-0.0212081228588904,-0.0210351932771271,-0.0210928107383591,-0.0208802632074524,-0.0201892924208028,-0.0201612447029875,-0.0207946172176166,-0.0211700944985847,-0.0213723790019097,-0.0215367914032605,-0.021720580770027,-0.0214983656689003,-0.021475451451835,-0.0219596738797041,-0.0218244131850552,-0.0224843795530743,-0.0228977100534719,-0.023224694847731,-0.0212982005729823,-0.0174106257352156,-0.018775634389422,-0.0185974047252321
2766,-0.0246164907380482,-0.0259740063596072,-0.0265704591853969,-0.0265818725907288,-0.0266876504658931,-0.0265965333797382,-0.0243254937417336,-0.021533859482285,-0.0210575283863709,-0.0209481178390959,-0.0208895465947794,-0.0211646781236622,-0.021011669635478,-0.0210036129053327,-0.0208790284081425,-0.0201666547706117,-0.0201589071695961,-0.0207690227144891,-0.0211163727944132,-0.0212906750425826,-0.0214540299483186,-0.0216588260085662,-0.0214281684498757,-0.021467053218642,-0.0219524743549177,-0.0218188668383933,-0.0224438945867899,-0.0228360762596956,-0.0231816295282033,-0.0212594438881981,-0.0173921602634557,-0.018755800681896,-0.0185767428520101
2764,-0.0245751838980454,-0.0259555028720581,-0.0265721420317099,-0.0266031814871917,-0.0266991534905894,-0.0267213956990441,-0.0243042972273824,-0.0215556542657302,-0.0210649914809148,-0.0209157873199861,-0.0208215293790052,-0.0212023259977725,-0.0210289067485717,-0.0209805794886012,-0.0208978549434867,-0.0202026910298652,-0.0202182803971291,-0.02078039604068,-0.0210738638535806,-0.0212316820525263,-0.0214426863331127,-0.0216203401840787,-0.0214014851740476,-0.0215101649729968,-0.021983688301962,-0.0218899706669077,-0.0224321906339132,-0.0227997036311093,-0.0231686642224465,-0.0212958939458369,-0.0174144257173833,-0.0187368285713418,-0.0185687330428394
2762,-0.0245959207885292,-0.0259383718455568,-0.0265713930719751,-0.026641874327918,-0.026728855977557,-0.0268025826863134,-0.0243123622084593,-0.0215717775788426,-0.021080117488207,-0.0208778594941521,-0.0208163816755908,-0.0212938124790151,-0.0210955509217512,-0.0210474136242143,-0.0209071274519031,-0.0202672777623467,-0.020275043332084,-0.0207809695577779,-0.0210365346173825,-0.0212120320628275,-0.021467859099943,-0.021594645114515,-0.0214155831969849,-0.021560628057236,-0.0220098289880146,-0.0219560727063288,-0.0224294463712752,-0.0227876209147654,-0.0231923428472021,-0.0213920562296247,-0.0174750346919332,-0.018720843108911,-0.0185627181758575
2760,-0.0246271764138419,-0.0258901040042694,-0.0265171501944372,-0.0266171705012203,-0.0267191010992456,-0.0267526292959837,-0.024291750331853,-0.0215083910294279,-0.0210558332709227,-0.0207835462000736,-0.0208304189289827,-0.0213472891333839,-0.0211471901507901,-0.0211170435186348,-0.0208564954564541,-0.0202994447152125,-0.0202756974958403,-0.020708296080392,-0.0209885520149304,-0.0211829821943952,-0.0214517136099412,-0.0215381652750099,-0.0213932813611413,-0.0215350613439543,-0.0219768992040423,-0.0219268560328417,-0.0223901385933543,-0.0227636007999844,-0.0231864790803793,-0.02143377890247,-0.0175122722219997,-0.0186757197799641,-0.0185372941420461
2758,-0.024617815672367,-0.0258035557066732,-0.0264272773645045,-0.0265398933937006,-0.0266776409714479,-0.0266173244033994,-0.0242178804635131,-0.0213577550142752,-0.0209840526213412,-0.0206314109253097,-0.0207898348525695,-0.0213079216969007,-0.0211155568738754,-0.0210865104180826,-0.020751393978645,-0.0202781718810057,-0.0202153526408513,-0.0205673815727351,-0.0209262044255469,-0.0210981682737361,-0.0213749186270161,-0.0214339334699892,-0.0212943349830413,-0.0214079230332247,-0.0218696356994804,-0.0218065166407755,-0.0223021356792948,-0.0227031885642539,-0.0230943364820946,-0.0213477981332556,-0.0174624347467591,-0.0185825667329025,-0.0184927617289382
2756,-0.0245606567180344,-0.0257114352334706,-0.0263487346752704,-0.0264850666798372,-0.0266419494393711,-0.0265045182980211,-0.0241250050776071,-0.0211933651862585,-0.0208981893853955,-0.0204850747041794,-0.0206813065830581,-0.0211952720342826,-0.0210096728825944,-0.0209478538816113,-0.0206503048051986,-0.0202210070111951,-0.0201122455047187,-0.0204208406909653,-0.0208430113395471,-0.0209733836232066,-0.0212789980100472,-0.0213087501088014,-0.0211600178312508,-0.0212521686260387,-0.0217252943221877,-0.0216744799231511,-0.0221893600258026,-0.022607105409735,-0.0229333648518084,-0.0211821906372868,-0.017321990102945,-0.0184573244001205,-0.0184288307050895
2754,-0.0244635457455896,-0.0256241446907891,-0.026278532244814,-0.0264464189053861,-0.0265926810396591,-0.0264395876496748,-0.02403307200115,-0.0210795746370591,-0.020813319162511,-0.0203784188555875,-0.0205499231680409,-0.0210516223759483,-0.0208860334257983,-0.0207709158871765,-0.0205848004642618,-0.0201348670050432,-0.0199758769114197,-0.0203111293911892,-0.0207203177384898,-0.0208521936439807,-0.0211863039543946,-0.0211968059183025,-0.0210373723337961,-0.0211513490089878,-0.0215947359670298,-0.0215816305264807,-0.0220692520670976,-0.022480344516635,-0.0227610818973052,-0.0210237424710647,-0.0171323034178863,-0.0183218926317799,-0.0183224356458468
2752,-0.0243343840868168,-0.0255167743671687,-0.0261888872476494,-0.0263403376028296,-0.0264879413920506,-0.0263718381005875,-0.0239333619233424,-0.0210151559529787,-0.0207180289281559,-0.0202850365285831,-0.0204486651844222,-0.0209152932375324,-0.0207763554468566,-0.020622159729561,-0.0205432071581273,-0.0200250480519983,-0.0198299897215235,-0.0202427996103604,-0.0205724402584377,-0.0207551453401983,-0.0210890794242568,-0.0211194302380723,-0.0209366550515015,-0.0211095368775916,-0.0215070481504665,-0.0215214534783584,-0.0219566140473336,-0.0223467135100088,-0.0226233293704261,-0.0209114513807795,-0.016945609628163,-0.0181980105869416,-0.0181802841439762
2750,-0.0242087350676447,-0.0254009263414893,-0.0261039626756695,-0.0261691600696937,-0.0263611051229284,-0.0262959946496153,-0.0238555456733325,-0.0209823820032568,-0.0206326210915605,-0.0202059408608994,-0.0204149862625418,-0.0208366526945763,-0.0206910589563777,-0.0205388319133607,-0.0205287294782475,-0.0199382654757328,-0.0197355740889698,-0.0202245104419279,-0.0204746020350602,-0.0206930294354024,-0.0210088771302243,-0.0210926819659596,-0.0208798810480397,-0.0210809926372237,-0.0214687179081429,-0.0214855749355352,-0.0218994995554315,-0.0222767055231834,-0.0225524793967913,-0.0208597374779307,-0.0168278663628111,-0.0181305833513805,-0.0180812798549662
2748,-0.0241427319982236,-0.0253488516941377,-0.0260887412174491,-0.0260630096178383,-0.0263012443580181,-0.0262766214746252,-0.0238621811589743,-0.0209968024037621,-0.0206119549723439,-0.0202061844082736,-0.020458142065923,-0.0208522456459061,-0.0206583248296926,-0.0205394276472475,-0.0205643477984689,-0.0199318163172357,-0.0197425688417812,-0.0202686737956754,-0.0204931211342202,-0.0206894822180012,-0.0209930110037625,-0.0211197538376579,-0.0209096225895836,-0.0210521039367489,-0.0214702135213751,-0.0214825994818006,-0.0219523025162905,-0.0223384726571276,-0.0225690511095058,-0.0208876948842716,-0.0168398621667563,-0.0181660895271108,-0.0180993265516185
2746,-0.0241570081416736,-0.0254082613368766,-0.0261692651474349,-0.026113732165478,-0.0263407723885991,-0.0263487377469342,-0.0239531238877332,-0.0210733818070367,-0.0206671668784412,-0.0203195687306667,-0.0205424099066989,-0.0209342924320185,-0.0206993399806492,-0.0206104466924499,-0.0206323453037901,-0.0199935510921566,-0.0198276643897765,-0.0203508092119376,-0.0205993653392806,-0.0207502069030322,-0.0210423225659909,-0.0211784343190633,-0.0210139387189594,-0.0210492821881974,-0.0214871881149803,-0.0215023422478905,-0.0221013473534936,-0.0225043586847679,-0.022656249286574,-0.020977504383197,-0.0169701882613705,-0.0182939659342755,-0.0182035401944847
2744,-0.0242166621036858,-0.0255351567412619,-0.0263047175879375,-0.0262586153714989,-0.0264282552539848,-0.0264640057350166,-0.0240472090615493,-0.0211807156269413,-0.0207388326609668,-0.0204807591842083,-0.0206081801504308,-0.0210124951913859,-0.0207785375575686,-0.0206975476094613,-0.020674400957494,-0.0200448230271058,-0.019917812144693,-0.0204201297101089,-0.0206993167744913,-0.0208322639605577,-0.0210997850622657,-0.021242469911148,-0.0211058111124181,-0.0210838587865724,-0.0214944964061832,-0.0215174160493458,-0.02225546194653,-0.0226533927851511,-0.0227589139943833,-0.0210609037828755,-0.0171202384844554,-0.0184420970398867,-0.0183005272055645
2742,-0.024277778021431,-0.0256425555893886,-0.0264295266284164,-0.026377435175336,-0.0265074628144415,-0.0265491666766088,-0.0240825087659601,-0.0212690577850239,-0.0207794776881607,-0.0206015542767159,-0.0206336679211793,-0.0210520500778179,-0.0208339170317686,-0.0207480750961541,-0.0206735197027145,-0.0200393651421038,-0.0199748262633676,-0.0204607932120476,-0.020744350959687,-0.0208844786587126,-0.021128330502731,-0.0213091333801376,-0.021119917103938,-0.0211337063550236,-0.0214938306073513,-0.0215306447532929,-0.0223274718948798,-0.0226923505545198,-0.0228344008957728,-0.0210969637752167,-0.0172004779760185,-0.0185395493213799,-0.0183565461015756
2740,-0.0243270600533636,-0.0256835368495603,-0.0264968586510348,-0.0264285234701586,-0.0265612575134094,-0.026570882659864,-0.0240745421196139,-0.021323220072341,-0.0208144378285001,-0.0206648071736019,-0.0206528223478644,-0.0210715333279561,-0.0208539518883879,-0.0207601167485517,-0.0206806540844108,-0.020017473410949,-0.0200227567109525,-0.0205017400592775,-0.0207693611241043,-0.0209077021455035,-0.021153271455976,-0.0213823224993428,-0.0210874706649841,-0.0211779344039,-0.0215164861186471,-0.0215735999048335,-0.0223077384322144,-0.0226425038225379,-0.0228868829466034,-0.0211182023145854,-0.0172187069224998,-0.0185647635043615,-0.0184080077887094
2738,-0.024367748156497,-0.0256600414339631,-0.0264915778011864,-0.0264322942255903,-0.0265786510325185,-0.026531392861458,-0.0240523400640087,-0.0213540573206612,-0.0208773963991586,-0.0206964151427701,-0.0206952165403861,-0.0210825395543826,-0.0208720988178027,-0.0207681768765835,-0.0207308761406941,-0.0200362654374038,-0.0200878608449382,-0.0205536637271319,-0.0208154001961574,-0.0209345848747602,-0.0212051329336613,-0.0214397238533914,-0.0210712805731117,-0.0212127269625691,-0.0215804840746654,-0.0216431934378989,-0.0222461208537949,-0.0225822227666227,-0.0229288241771367,-0.0211529211967734,-0.0172317674406764,-0.0185345931842199,-0.0184609672615299
2736,-0.0243995201692656,-0.0255836212532934,-0.02642728846786,-0.0263915389340431,-0.0265467923480765,-0.0264485396658119,-0.0240069420009451,-0.0213585735768914,-0.020936956549441,-0.0206943880374177,-0.0207431908742713,-0.0210678076300151,-0.02089231403028,-0.0207905701689039,-0.0207869055259538,-0.0200900088212668,-0.0201492116655237,-0.0205788738506996,-0.0208634943842195,-0.0209648695802058,-0.0212656435798755,-0.0214518035201924,-0.0210726116106946,-0.021231585992222,-0.0216547482266948,-0.0216885163699932,-0.0221937842359918,-0.022548332051631,-0.0229431791438781,-0.0211574081971333,-0.0172474445089486,-0.0184817719570884,-0.0184639405921357
2734,-0.0244116093110437,-0.0254641318433042,-0.0263213552143538,-0.0262963139565297,-0.0264770117907868,-0.0263510091865913,-0.023931280934222,-0.021318431664455,-0.0209309773714153,-0.0206353824672618,-0.0207567944272689,-0.0210175089706681,-0.0208679732771242,-0.0208028283642174,-0.0207849840520198,-0.0201189840030059,-0.020150194464268,-0.0205292702445671,-0.0208551553877949,-0.0209510413494488,-0.0212820732851127,-0.0214168389000359,-0.0210422289741523,-0.0212094996930852,-0.0216713346633328,-0.0216654816878798,-0.0221679552363299,-0.0225240069532277,-0.0229056191270456,-0.0210718406072311,-0.0172199769727477,-0.01843668609677,-0.0183832199550429
2732,-0.0243784219189406,-0.0253286775457864,-0.0261713317118268,-0.0261695617296024,-0.0263908457833804,-0.0262596541349814,-0.0238503219796684,-0.0212279450739588,-0.020844244188417,-0.0205236808542324,-0.0207145115857246,-0.0209410340458275,-0.0207691740883249,-0.0207602821249463,-0.0206976727872213,-0.0200701499241466,-0.02004188944132,-0.0203890121329087,-0.0207489603430509,-0.0208479224321662,-0.0212109653832055,-0.0213431945601862,-0.0209467687254862,-0.0211155163982072,-0.0215759768924377,-0.0215673316782209,-0.022142960413362,-0.0224825601688848,-0.0228195589444621,-0.0209071380259221,-0.0171206999049854,-0.0183939415827456,-0.0182410914966272
2730,-0.0242807131281669,-0.0252206970070139,-0.0259890012578067,-0.0260553083733738,-0.0262917706010594,-0.0261732599441365,-0.0237852413183986,-0.0211056414599556,-0.0207162299056057,-0.0203932193607809,-0.0206243227729385,-0.0208473455882654,-0.0206374016864881,-0.0206494102748115,-0.0205419551467598,-0.0199425045898411,-0.0198323262647515,-0.0201876319746747,-0.0205588092608229,-0.0206688724379169,-0.0210536742566892,-0.0212222927841842,-0.0207956767597638,-0.0209495075087164,-0.0213836581073077,-0.0214108688208398,-0.0220777522940453,-0.0224089717354823,-0.0227142084565391,-0.0207361060932438,-0.016975986422544,-0.0183133066500446,-0.0180828805028707
2728,-0.0241512865744011,-0.0251738744088485,-0.0258525053673424,-0.0259831702115037,-0.0261939474857778,-0.0260998717946717,-0.0237378491060932,-0.0209869633888436,-0.0205931019327765,-0.0202802044812925,-0.0205182021254,-0.0207564355777319,-0.0205486869492064,-0.0205239789718565,-0.0203688681804807,-0.0197929552192661,-0.0196116004215659,-0.0199987335427721,-0.0203638030824121,-0.0204912158131245,-0.0208762894533244,-0.0210659627017373,-0.0206330134109755,-0.0207742715136923,-0.021191529721657,-0.0212412661350931,-0.021972515701922,-0.0223066289658247,-0.0226259263296274,-0.0206263704091368,-0.01684830764405,-0.0181920867908579,-0.0179642824173347
2726,-0.0240735922079937,-0.0251903097803411,-0.025857015286985,-0.025968316757396,-0.0261517480433993,-0.0260805753661574,-0.023726347327813,-0.0209074620693639,-0.0205041112308349,-0.0202138587449824,-0.0204381080336084,-0.0207178145847256,-0.0205369372989776,-0.0204677931622343,-0.0202525865348335,-0.0196995150432234,-0.0195023496317091,-0.0199088261842677,-0.0202679665256995,-0.0204002226121601,-0.0207814593199279,-0.0209424382683545,-0.0205218522807438,-0.0206934506206109,-0.0211119746648819,-0.0211420330322412,-0.0218865543358157,-0.0222106697424817,-0.0225881701923945,-0.0206095505826255,-0.0167987040703466,-0.0181068611473724,-0.017956461637205
2724,-0.0240862106927583,-0.0252296535465016,-0.0259833660511848,-0.0260033902056779,-0.0261939218213353,-0.0261304540828806,-0.0237734238317054,-0.0208710410691959,-0.0204596440620766,-0.0201992299225274,-0.0203994027259709,-0.0207554521146178,-0.0205613700270735,-0.0204962314599698,-0.0202344944659215,-0.0196917567328822,-0.0195450085958079,-0.0199385427776894,-0.0203060911063276,-0.0204116784869276,-0.0208074723490872,-0.0209068468517056,-0.0204973968604868,-0.0207568385043507,-0.021164200937446,-0.021168728366501,-0.0218686989138005,-0.0221645237244863,-0.0226092540434784,-0.020673398580723,-0.0168356219397026,-0.0181240633521704,-0.0180785002999545
2722,-0.0241184962561427,-0.0252318598864033,-0.0260876483888788,-0.0260333469667817,-0.0262545783556399,-0.026185194798014,-0.0238436317669435,-0.0208379175531823,-0.0204466230098652,-0.0201965600299964,-0.0203705505141364,-0.0208111516932187,-0.0205510602807258,-0.0205224458234145,-0.0202729530292838,-0.019724387104399,-0.0196505421661747,-0.0200071570164744,-0.0203990547403519,-0.0204590474807542,-0.020870768432123,-0.0209208062938376,-0.0205232814942543,-0.020889899880585,-0.0212508434721028,-0.021268842502632,-0.021888346567711,-0.0221642029034603,-0.022650456609616,-0.0207530249629317,-0.0168851742976914,-0.0181967627557061,-0.0182265429229594
2720,-0.0240819416360475,-0.0251781746668552,-0.0260665418450713,-0.0259940806360088,-0.0262435206595427,-0.0261693849532402,-0.0238593506637025,-0.0207719947024664,-0.0204405600850199,-0.0201575762404192,-0.0203145874823992,-0.0208093270004742,-0.0204825822287076,-0.0204599734542754,-0.0202931368221874,-0.0197412546158905,-0.0197024937178531,-0.0200196636245974,-0.0204397842919568,-0.0204748087086329,-0.0208631362096448,-0.0209108786367295,-0.0205345419973744,-0.0209599444398741,-0.0212661825227699,-0.0213294822388689,-0.0218775168391793,-0.0221574736151949,-0.0226537101282838,-0.0207667631811404,-0.0168543774713583,-0.0182185099920507,-0.0182575389306667
2718,-0.0239940907908026,-0.0251186090488958,-0.0259711390163037,-0.0259018276719715,-0.0261670773051861,-0.0260974611410112,-0.023803674930157,-0.0206988116623438,-0.0204355478183564,-0.0200974813008654,-0.020242566602678,-0.0207639712317167,-0.0204076213690207,-0.0203407882151398,-0.0202840915671295,-0.0197451486111752,-0.0196816721461501,-0.0199774456498746,-0.0204104449446757,-0.0204687709856326,-0.0207870875450419,-0.0208828559271905,-0.0205289733881176,-0.0209206141117878,-0.0212065265347044,-0.0213080664561758,-0.021825332098169,-0.0221133824770443,-0.0226047949228425,-0.0206984677110712,-0.0167498747125646,-0.0181629525171822,-0.0181553576845755
2716,-0.0239394553023883,-0.0251068118647945,-0.0259046099381633,-0.025845944401755,-0.0261052301653211,-0.0260428342211798,-0.0237457378101731,-0.0206796107556687,-0.02044096365676,-0.020083624068375,-0.020192982617803,-0.0207506813890098,-0.0203927860310664,-0.0202770571342134,-0.0202970105423394,-0.0197700182156301,-0.0196499459384062,-0.0199545194305408,-0.0203752145174835,-0.020492305535935,-0.0207347399815809,-0.0208984308825178,-0.0205636566115744,-0.0208474167532399,-0.0211432378889286,-0.0212550049643565,-0.0217793845348042,-0.0220571099274072,-0.0225462235226702,-0.0206182836004319,-0.0166820789883669,-0.0180964582425081,-0.0180364893940423
2714,-0.0239382054251391,-0.0251328599056409,-0.0258813842739943,-0.0258711666560012,-0.0260908616272306,-0.0260310239179959,-0.023742488784853,-0.0207332324209402,-0.0204510930095018,-0.0201398962539085,-0.0201791988880659,-0.0207903881264978,-0.0204498043716106,-0.0203219570349824,-0.0203564967779424,-0.0198149126407033,-0.019649728977938,-0.0199858608591135,-0.0203840073293218,-0.0205518015504303,-0.020755563487536,-0.0209604204979556,-0.0206570383276656,-0.0208239993742506,-0.021121062895004,-0.021215588118822,-0.0217677357417489,-0.0220265218066216,-0.0225228937464494,-0.0206023379323044,-0.0167235158768992,-0.0180650866228091,-0.0179882352166451
2712,-0.0239427655806908,-0.025158313614419,-0.0258652882242396,-0.0259338966441977,-0.0260949692496899,-0.0260366588839345,-0.0237784780615063,-0.0208240100473815,-0.0204544984953968,-0.0202163946817534,-0.0201995666588288,-0.020842837511819,-0.0205460792253752,-0.0204328104108546,-0.020435102433089,-0.019860110705109,-0.0196837180182662,-0.0200459165564309,-0.0204418885307354,-0.0206156440798379,-0.0208204276707915,-0.0210136100841904,-0.0207587305761876,-0.0208559721350368,-0.021139841813131,-0.021191199660187,-0.021778633369952,-0.0220331110876472,-0.0225426600590218,-0.0206654883402552,-0.0168256083299741,-0.0180546641906137,-0.0179903317466832
2710,-0.0239405410731582,-0.0251778885691895,-0.0258668930844957,-0.0259869410659314,-0.0261052120381367,-0.0260560366029129,-0.0238162369283697,-0.0209118889421881,-0.0204634334789247,-0.0202618840499441,-0.0202642456348282,-0.0208935651837743,-0.0206511834386571,-0.0205468618419994,-0.0205017245036953,-0.0199149655116936,-0.0197552913431444,-0.0201129473175032,-0.0205401824556713,-0.0206763478662715,-0.0208962017283342,-0.0210436529595438,-0.0208224030983169,-0.0209051517706598,-0.0211973877006093,-0.021193437951134,-0.0218040724287471,-0.0220728328834925,-0.0225855050167798,-0.020773448705793,-0.0168991779359919,-0.0180560370164571,-0.017998376356231
2708,-0.0239667521425065,-0.0252023993776941,-0.0259113466724855,-0.026038668771847,-0.0261332113850546,-0.026104810443614,-0.0238450747700201,-0.0209778228093856,-0.020498388590122,-0.0202798992678575,-0.0203644865457105,-0.020960464877097,-0.0207404468742387,-0.0206296237372282,-0.0205373448703605,-0.0199859659071331,-0.0198540955470933,-0.0201846592757381,-0.0206512520715618,-0.0207435548846622,-0.020973658152659,-0.0210838413599811,-0.0208512035071017,-0.0209482831302625,-0.0212825006618525,-0.0212495653037314,-0.0218472300572781,-0.0221393471880817,-0.0226245187471942,-0.0208796734792589,-0.0169209407602509,-0.0180881149440137,-0.0180133253457185
2706,-0.0240193868223107,-0.0252130963789221,-0.0259633478805105,-0.0261016751400712,-0.0261580937179796,-0.0261582771383196,-0.0238560380576272,-0.021009663932166,-0.0205482835709114,-0.0202964775994179,-0.0204424017446736,-0.0210190629415944,-0.0207765066649497,-0.0206579889601232,-0.020514759269715,-0.0200215626622531,-0.0199198194251525,-0.0202362190791445,-0.0207100134389467,-0.020790666016459,-0.0210228037956336,-0.0211241574961513,-0.0208578613430596,-0.0209752941348338,-0.0213443681018163,-0.0213335414040463,-0.0218891360059577,-0.0222071388369479,-0.0226377008318411,-0.0209390085357416,-0.0169201509877415,-0.0181433480169612,-0.0180402025255339
2704,-0.0240498106213214,-0.0251858944767558,-0.0259715552177933,-0.0261440143292548,-0.0261437195839794,-0.0261679625845615,-0.023823530031064,-0.0210039003754208,-0.0205804874111242,-0.020312163306072,-0.0204433816630074,-0.0210066769930006,-0.0207314015396661,-0.0206190568343763,-0.0204224312445169,-0.0199589548489684,-0.0198914119657475,-0.0202251306156867,-0.0206641367318931,-0.0207707635144422,-0.0209995851787982,-0.0211059471461966,-0.020833602928753,-0.0209702406278065,-0.0213316983163844,-0.0213625325498769,-0.0218941944307565,-0.0222281842133829,-0.0226202851186273,-0.020922792717963,-0.0169057925166028,-0.0181733284071123,-0.0180455970975901
2702,-0.0240495413683082,-0.0251437795002071,-0.0259539131469933,-0.0261330859779301,-0.0261064131334236,-0.0261357545215531,-0.0237469575992564,-0.0209815288782276,-0.0205855093128077,-0.0203093805666833,-0.0203855187643147,-0.0209158953123764,-0.0206276826913115,-0.0205380653276484,-0.0203051923951504,-0.0198190980567516,-0.0197892410203481,-0.0201479117505542,-0.0205410930703798,-0.0206859839658159,-0.0209164901089619,-0.0210263581840012,-0.0207790480600493,-0.0209292274214592,-0.0212611168728631,-0.0212942874240003,-0.0218514668589582,-0.0221704706318903,-0.0225872738684482,-0.0208466616112759,-0.0168628548795863,-0.0181468840378003,-0.0179944060895856
2700,-0.024065053040641,-0.0251295265544459,-0.0259587948984668,-0.0260809982114379,-0.0260906178542185,-0.0261044025260522,-0.0236690354202507,-0.020964991270433,-0.0205741447292674,-0.0202796904180274,-0.0203295621853579,-0.0208091303798014,-0.020521700595358,-0.0204588573116365,-0.0202221805255547,-0.0196869478097585,-0.0196890291576924,-0.0200473807085389,-0.0204138429925264,-0.0205839581435305,-0.0208421310496394,-0.020958870691058,-0.0207163705500438,-0.0208729167192365,-0.0211949967449618,-0.0211756907261896,-0.0217751742893589,-0.0220487868162993,-0.0225460563453111,-0.0207580027238418,-0.0167926614697641,-0.0180766590876127,-0.0178889031015172
2698,-0.0241069539389197,-0.0251392042345153,-0.0259713620695714,-0.0260101102512356,-0.026086091052986,-0.0260793172388157,-0.0236225069695897,-0.0209417927323279,-0.0205410286191554,-0.02022918149965,-0.0202959132807451,-0.0207242389469826,-0.0204430244535002,-0.0203878005269653,-0.0201684334552964,-0.0195987421433645,-0.019622572021101,-0.0199582850902715,-0.0203105191498667,-0.02048363176957,-0.0208099038942677,-0.0209371668685522,-0.0206516993484124,-0.0208176511257136,-0.0211561711218015,-0.021070328282601,-0.0216736970910723,-0.021909166149953,-0.022477193162291,-0.0206812358840068,-0.0167089465350089,-0.0179821941454803,-0.017757168020846
2696,-0.0241190305769997,-0.0251342504731557,-0.0259372465483125,-0.0259170920339825,-0.026044556897076,-0.0260278097300415,-0.0235924846073061,-0.0208885030323771,-0.020476976237051,-0.0201767464093221,-0.0202640933012997,-0.0206378970997596,-0.0203814722248614,-0.0202986679197423,-0.0200994912156608,-0.0195205587094561,-0.019566317116129,-0.0198850600771926,-0.0202161561484399,-0.0203667496755194,-0.0207859278633281,-0.0209032550396573,-0.0205694801498343,-0.0207589014072383,-0.0211192936403958,-0.0209948565098614,-0.0215606394008811,-0.0217981368419582,-0.0223671508278735,-0.0206031881642597,-0.0166119266805955,-0.0178752797644663,-0.017642987326867
2694,-0.0240579771919608,-0.0251001790988445,-0.0258507334686625,-0.0258030570694659,-0.0259649716697315,-0.0259483679221906,-0.0235502248264664,-0.020818433297045,-0.0204051849085144,-0.0201414598870655,-0.0202293154596594,-0.0205342867980696,-0.0203220971888601,-0.0201878858979408,-0.020019429856751,-0.0194329030206607,-0.0195102807450802,-0.01982717556106,-0.0201399652373545,-0.0202437948270552,-0.0207379941632998,-0.0208085488151241,-0.020474112280784,-0.0206936185145019,-0.0210736517519821,-0.0209438843784981,-0.0214750828414787,-0.0217402618963809,-0.0222409244366385,-0.0205103052149561,-0.0165003577599899,-0.0177792958517256,-0.0176008936799042
2692,-0.0239419970776803,-0.025041925511483,-0.0257469267023963,-0.0256976287202842,-0.0258836411492923,-0.0258722060416686,-0.0234884202967717,-0.020761812084165,-0.0203551859322346,-0.020107369294917,-0.0201978196628681,-0.0204395287569588,-0.0202576572252113,-0.0200817880642566,-0.0199738516688655,-0.0193616916824542,-0.0194678060283398,-0.0197849691021391,-0.0201056773510329,-0.0201596363464618,-0.0206772717174246,-0.0206951826374237,-0.0203944145160776,-0.0206308085354924,-0.0210335304164526,-0.0209150682896929,-0.0214377668138361,-0.0217154372333057,-0.0221286994495117,-0.0204038126693569,-0.0163911183859656,-0.0177126975966191,-0.0176434067128967
2690,-0.023802449610741,-0.0249431295757438,-0.0256346174810547,-0.0256219176794684,-0.0257924085645596,-0.0257966578940358,-0.0234090380307449,-0.0207073932396265,-0.0203084310135068,-0.0200205592245317,-0.0201461885671997,-0.0203683942726086,-0.0201765544725151,-0.0199950238179339,-0.0199627875107617,-0.0193177247454251,-0.0194240387697379,-0.0197483899369564,-0.0200875744614076,-0.0201235772926228,-0.0206152914313481,-0.0206315242824736,-0.0203392830687254,-0.0205666649576375,-0.020989480618768,-0.0208851635639212,-0.021404150055647,-0.0216667839297218,-0.0220197651543369,-0.0202792334766349,-0.0162993148960272,-0.0176570176624627,-0.0176962977346536
2688,-0.023656520212861,-0.0247970960487983,-0.0255113061305108,-0.0255666044476858,-0.0256588164018816,-0.0256907416504782,-0.0233126283395045,-0.0206178750420655,-0.0202274530663133,-0.0198646969887126,-0.0200514918523926,-0.0203024820770274,-0.0200796832121196,-0.0199309207108302,-0.0199398186930797,-0.0192784707514487,-0.0193511007291255,-0.0197178924550857,-0.0200384631034072,-0.020099292898712,-0.0205378467347692,-0.0206257278731985,-0.0202967226898769,-0.0204819483176207,-0.0209139340902283,-0.0208201991379882,-0.021323691063362,-0.0215679799464586,-0.0218980525092533,-0.0201393657552405,-0.0162226008945788,-0.0175862568369329,-0.017667260509005
2686,-0.0235437183495792,-0.0246620681183436,-0.0254140048643398,-0.0255243514646476,-0.0255186606151847,-0.0255713245927905,-0.0232140047908903,-0.0205025842700604,-0.0201312151238456,-0.0197158913666335,-0.0199464792200853,-0.0202388699854571,-0.0200012296965117,-0.019909873077099,-0.0198983793932345,-0.0192445303252034,-0.0192754292564399,-0.0197167024889326,-0.0199798340746009,-0.0200752126099543,-0.0204472112014067,-0.0206444935913823,-0.0202773525278082,-0.0203789518752016,-0.020820949404038,-0.0207347059783294,-0.0212306574339868,-0.0214726977346581,-0.0218041189435151,-0.0200299094344248,-0.0161640411872614,-0.0175174253051049,-0.0175579099900709
2684,-0.0235142493059242,-0.024612065515816,-0.0253779876366749,-0.0255009975085567,-0.0254525847331211,-0.0255006342519944,-0.0231401224889896,-0.020421925893565,-0.0200803708228747,-0.0196671813459715,-0.019884296139102,-0.0202061989456033,-0.0199749125275431,-0.0199455155044276,-0.0198829388855128,-0.0192482048843699,-0.0192590228553868,-0.0197454110357018,-0.0199836306643836,-0.0200844963252622,-0.0203853429120376,-0.020666598761484,-0.0203037867172878,-0.0202919021167127,-0.0207616262149912,-0.0206883791454754,-0.0212060741138871,-0.0214555752712741,-0.0217992293010868,-0.0200099888938005,-0.0161460455524105,-0.0174859863602387,-0.0174541403068849
2682,-0.0235485900545178,-0.0246330657876606,-0.0253684228438605,-0.0254775559203795,-0.0254640223434882,-0.0254944225466615,-0.0230993960792171,-0.0204083481212666,-0.0200839138693434,-0.0197091140751391,-0.0198582643020549,-0.0202129992362376,-0.0199849699041913,-0.0200019021904454,-0.0199021394256414,-0.019287944403387,-0.0193029184761554,-0.0197490246085432,-0.0200510511755606,-0.0201356278802928,-0.0203838641137326,-0.020673892308389,-0.0203507079721038,-0.0202438179516904,-0.0207476876240585,-0.0206965108324823,-0.021250143189133,-0.0215058360689821,-0.0218676757499574,-0.0200696490818812,-0.0161760910739576,-0.0174849561357836,-0.0174070825349436
2680,-0.0235623925537047,-0.0246428249893678,-0.0253341082787357,-0.025418567854552,-0.0254772758201589,-0.0255042236956432,-0.023082499405776,-0.020433575799195,-0.0200899929093499,-0.0197514730674744,-0.0198244148268043,-0.0202359851604608,-0.0199924158604277,-0.0200297426826352,-0.0199087251815497,-0.0193179759628165,-0.0193378399530277,-0.0196815136974538,-0.0200942116409864,-0.0201837531728459,-0.0204252400086161,-0.0206368154390139,-0.0203571494833564,-0.0202230410688901,-0.0207383479932076,-0.0207005669158002,-0.0212741136209844,-0.0215363935556458,-0.0219218027068967,-0.0201276244227008,-0.0162303686830889,-0.0174827452076787,-0.0173907629534097
2678,-0.02351771922658,-0.0246069672560354,-0.0252957778229472,-0.0253384225050714,-0.0254584483500122,-0.0254956641597909,-0.0230882936900988,-0.0204545864998126,-0.0200683421871241,-0.0197445656996349,-0.0197820149462778,-0.0202621260253627,-0.019990981065586,-0.0200273516835771,-0.0198750270275599,-0.019310203715149,-0.019312085581187,-0.0195724988567079,-0.0200529264828565,-0.0201861009127849,-0.0204656482187163,-0.0205500111105518,-0.0203032883088013,-0.0202069872530031,-0.0207038825834464,-0.0206485604653504,-0.021224146194906,-0.0214989161851428,-0.0219114012216224,-0.0201233327267174,-0.0162835485054802,-0.0174757553651235,-0.0173716734340091
2676,-0.0234636690042073,-0.024566447916749,-0.0253032789645082,-0.0253027715970891,-0.0254487593473029,-0.0254810702320901,-0.0231142592297601,-0.0204498967645525,-0.0200371339609801,-0.0197114098999601,-0.0197646510974562,-0.0202871886684966,-0.0199926325005878,-0.0200165504690815,-0.0198222487552407,-0.0192758018201692,-0.0192313878659212,-0.0194801314249338,-0.0199597347387614,-0.0201413781635278,-0.020467041663456,-0.0204507090259751,-0.0202234058258865,-0.0201827469021715,-0.0206503999235605,-0.0205530057495022,-0.0211428626579646,-0.0214340560428293,-0.0218712784953892,-0.0200690467408533,-0.016323734419871,-0.017469087592802,-0.0173471498643321
2674,-0.023445650778117,-0.0245545915285889,-0.0253358198764711,-0.025336873509358,-0.0254718308038675,-0.0254691275939437,-0.0231321126960215,-0.0204155893262531,-0.0200070291555576,-0.0196776587236997,-0.0197684584012399,-0.0202814373765749,-0.0199804830255556,-0.0199844989581152,-0.019768206297173,-0.019226241819551,-0.019117281486297,-0.0194143956493636,-0.0198710465428965,-0.0200633164693195,-0.0204113227267126,-0.0203751341831932,-0.0201435038586308,-0.0201441190413999,-0.0205839347389851,-0.0204534008947646,-0.0210940805402643,-0.0213965618758658,-0.0218511266398667,-0.0200081430863937,-0.0163336639325952,-0.017434989209703,-0.0173119689469266
2672,-0.0234343503466495,-0.0245538481826437,-0.0253248040572376,-0.025379819479956,-0.0254911073048697,-0.0254398867743065,-0.0231106939068623,-0.0203626199342553,-0.0199581268803145,-0.0196389831280832,-0.0197538578495939,-0.0202158648727711,-0.0199259300727932,-0.0199092526385863,-0.0197043018928353,-0.0191630829466748,-0.0189881326136803,-0.0193590468289417,-0.0197955127482405,-0.0199596189356768,-0.0203163672375777,-0.0203214108817381,-0.0200602584504631,-0.020093821395453,-0.0205009350955311,-0.0203703790957079,-0.0210861749076945,-0.021385874506577,-0.0218507555223221,-0.0199634045889802,-0.0162924442268087,-0.017355651146621,-0.0172561999059859
2670,-0.0233893326418783,-0.0245489439828079,-0.0252652475961095,-0.0253687774934157,-0.0254846932556139,-0.0253914143356951,-0.0230643406809583,-0.0203235088468246,-0.0198934662131859,-0.0196032136204714,-0.0197189248544865,-0.0201262696375653,-0.0198472995253396,-0.0198278683966879,-0.0196387175449175,-0.0191124765201182,-0.0188913502794269,-0.0193348888393438,-0.0197255505584708,-0.0198593842791633,-0.0202364676470171,-0.0202766934947225,-0.0199892942316366,-0.0200584133295896,-0.0204253871549968,-0.0203214779515079,-0.0210981471005207,-0.0213808261253403,-0.0218465247590295,-0.0199417320927827,-0.0162187045802881,-0.0172871203685532,-0.0172097963900504
2668,-0.0233410283197191,-0.0245571742027054,-0.0252221151444563,-0.0253239010205277,-0.0254827045418023,-0.0253566267237383,-0.0230381622949142,-0.0203230965255662,-0.0198552085445764,-0.0195942213734522,-0.0197048729051922,-0.0200833962148518,-0.0197953589099157,-0.0198015055718603,-0.019600969703152,-0.0191075259816152,-0.0188815647721592,-0.0193669279601217,-0.019679964131104,-0.0198079457620836,-0.0202056253880091,-0.0202468957618512,-0.0199672554049257,-0.0200684171510293,-0.0203998408545997,-0.0203279331484262,-0.0211222677993861,-0.0213885090604005,-0.0218288927460677,-0.0199432225554856,-0.0161698842071596,-0.0173008819238954,-0.0172207573337933
2666,-0.0233481789208608,-0.024580202060951,-0.025223031977963,-0.0252997015767149,-0.0254962522816212,-0.0253464755998097,-0.023039515943447,-0.020336284983252,-0.0198559882359527,-0.0195960603090499,-0.0197200536730056,-0.020086593416336,-0.0197757293334947,-0.0198120749461594,-0.0195858907984254,-0.0191230399726741,-0.0189403080179462,-0.019411019168852,-0.0196688006254011,-0.0198047074159613,-0.0201849123824225,-0.0202336170112074,-0.0199843855539498,-0.0201097338441937,-0.0204212006830646,-0.0203728085943258,-0.0211423982701789,-0.0214158219709875,-0.0217838228177087,-0.0199401703221672,-0.016163310038046,-0.0173704518821002,-0.0172730704819355
2664,-0.0234064672557834,-0.0245853408989675,-0.0252264681022493,-0.0252943287307018,-0.025484933267562,-0.0253282027130877,-0.0230280912286465,-0.0203152360472704,-0.0198509218732802,-0.0195602851852617,-0.0197238271689714,-0.0200629030825644,-0.0197464307938792,-0.0197780650157187,-0.0195562461378146,-0.0190938543386136,-0.0189827666430852,-0.0193963925201389,-0.0196629730761097,-0.019795878598287,-0.0201153780369565,-0.020217363197147,-0.019981150110017,-0.0201310916941106,-0.0204397758225314,-0.0204027234291199,-0.0211213100664949,-0.0214342938998904,-0.0216903375623226,-0.0198907763548471,-0.0161420577934911,-0.0173981694239631,-0.0172920329707236
2662,-0.0234554851101132,-0.0245644488937257,-0.0252052131584196,-0.0252672862164783,-0.0254332195390265,-0.0252868764232323,-0.0229821173437862,-0.0202597290368753,-0.0198100180168613,-0.0194874453149775,-0.0196950380303769,-0.0199925550197093,-0.0197025655965711,-0.0196863166179061,-0.0195173604370883,-0.0190171750508874,-0.0189702023310984,-0.0193340010128004,-0.0196416025099393,-0.0197562816903668,-0.0200185027287254,-0.0201915470112706,-0.0199380950659078,-0.0201141250669162,-0.0204381633367782,-0.0204038224329007,-0.0210546207709105,-0.0214183793280648,-0.0215755309975618,-0.019802077653021,-0.0160608081697202,-0.0173495311758718,-0.0172463772143269
2660,-0.023461135133141,-0.0245594817564868,-0.0251887450338077,-0.0252214418412627,-0.025393284023466,-0.0252619453171427,-0.0229323647771737,-0.0202171368164499,-0.019767725908489,-0.0194394995082485,-0.019658073248831,-0.0199577300747836,-0.0197013804126565,-0.0196263312487686,-0.0195250205915787,-0.0189736893904387,-0.0189577452304043,-0.0193062544211754,-0.0196329304254504,-0.0197319027058868,-0.019987969736969,-0.020182055189321,-0.0199112625353819,-0.0201010679414426,-0.0204555152862793,-0.0204273762971459,-0.0210024809462389,-0.0213933225121743,-0.0215271731816956,-0.0197442239653153,-0.0159652985215468,-0.0172849202299194,-0.0171855280578094
2658,-0.0234490735802992,-0.0245998256024748,-0.0252075598823636,-0.0252085870068805,-0.0254101927004607,-0.0252929729059755,-0.02291672554763,-0.0202110159319126,-0.0197657777924443,-0.0194511468263849,-0.0196319780764184,-0.0200268815991632,-0.0197783457737501,-0.019664481647576,-0.0195967842636753,-0.0190194397693948,-0.0190041248225235,-0.0193464168765169,-0.0196710801993251,-0.0197683287256755,-0.0200695860454702,-0.0202060466430891,-0.01994909655903,-0.020131718336351,-0.0205097662606585,-0.0205010593016297,-0.0210253598686443,-0.0214027833400648,-0.0216024782341198,-0.0197746590395843,-0.0159373770141548,-0.0172574834344006,-0.0171578774263839
2656,-0.0234625441990915,-0.0246560762857705,-0.0252530933016202,-0.0252563122540904,-0.0254587065374737,-0.0253630948415376,-0.0229363262361865,-0.0202174415739077,-0.0197896041382477,-0.019488514457163,-0.0196088232240617,-0.0201540542498491,-0.0198870514217927,-0.019754979180092,-0.0196748291004766,-0.0191158659732446,-0.0190890658106514,-0.0194023278775044,-0.0197405209720248,-0.0198391106199717,-0.0202003364322534,-0.020240229767559,-0.020025578256013,-0.0201851120358027,-0.0205494226781495,-0.0205627975487097,-0.0211106845016442,-0.0214446583325056,-0.0217492116120222,-0.0198744080334313,-0.0159887682927554,-0.017257111693506,-0.0171524265990353
2654,-0.0235152062071932,-0.0246808062498385,-0.0253042617678963,-0.0253303455764872,-0.0254901088127894,-0.0254205597660264,-0.0229690043274603,-0.0202172175044443,-0.0197976108511306,-0.0195151725284823,-0.0195905578047268,-0.0202380884424547,-0.019949556410153,-0.019810473855522,-0.0197039199388021,-0.0191943592857251,-0.0191520604904997,-0.0194247912167916,-0.019794137505086,-0.0198834433182767,-0.020284121293867,-0.0202568466500563,-0.0200848282863271,-0.0202099093375849,-0.0205178682495753,-0.0205345874410943,-0.0211927012584921,-0.0214738694958567,-0.0218581892393707,-0.0199765478200514,-0.0160571019844985,-0.01726324418103,-0.0171417257243074
2652,-0.0235799224429403,-0.0246609192295326,-0.0253460923392874,-0.0253753600810472,-0.025494652303829,-0.0254297086121614,-0.0229978955990781,-0.020223695592693,-0.0197829987062072,-0.0195392506996095,-0.0195951786571665,-0.0202368677744412,-0.0199327522823092,-0.0198062634492413,-0.019694550409023,-0.0192339956222207,-0.0191693703104074,-0.0194201767762863,-0.019806735960441,-0.019885852592531,-0.0202866000690347,-0.0202655949859016,-0.0201070381669749,-0.0201902174633281,-0.0204282078292551,-0.0204331454522147,-0.0212255855986859,-0.0214613051932972,-0.0218781637341828,-0.0200302146211616,-0.0160905108990417,-0.0172775337167446,-0.01712539003073
2650,-0.0236095751018088,-0.0246083497915823,-0.0253584113279475,-0.0253674142352895,-0.025482586637356,-0.0253835924422479,-0.023012390946711,-0.0202434630226263,-0.01977100502473,-0.0195674498208571,-0.0196162225793459,-0.0201779850364502,-0.0198546095230599,-0.0197729740082532,-0.0196793428290237,-0.0192410822468445,-0.0191556707917543,-0.019401690240425,-0.0197835005668635,-0.0198770653359593,-0.0202335218551209,-0.0202889868095921,-0.0200987010345987,-0.0201506266117636,-0.0203362008607646,-0.0203489670072454,-0.0212083364036843,-0.0214187384105525,-0.0218397842224878,-0.0200199679162414,-0.0160880668165039,-0.0172883287449271,-0.0171058709068686
2648,-0.0235812762338561,-0.0245389427225577,-0.0253343424703704,-0.0253230481081319,-0.0254518569495871,-0.0252982986578253,-0.0230059972185979,-0.0202547361375512,-0.0197752417866661,-0.0195697536980174,-0.019624191771297,-0.0200956046651089,-0.0197511148348902,-0.0197345715095132,-0.019657998604439,-0.0192105600267056,-0.0191255547992265,-0.0193611065771715,-0.0197349611458907,-0.0198762242467009,-0.0201590091243082,-0.0203156140105047,-0.0200627217806044,-0.0201114649790256,-0.0202722332251525,-0.0203305804748765,-0.0211557681342141,-0.0213703969238232,-0.0217824508247259,-0.0199571962613024,-0.0160643285132979,-0.0172728336346944,-0.0170734806503768
2646,-0.0235256718014175,-0.0244800883628287,-0.0253057286286067,-0.0252746725678194,-0.0254112956539465,-0.025212508954713,-0.0229829464174874,-0.0202400770504782,-0.0197819891297464,-0.0195252168852824,-0.0196087546977793,-0.0200063628904946,-0.0196584480371491,-0.0196998737181436,-0.0196162346305372,-0.0191516863496724,-0.0190890521017267,-0.0193068855425503,-0.0196680286716968,-0.0198701882528247,-0.0200852860227856,-0.0203051625720009,-0.0200113659220875,-0.0200678806208584,-0.0202364767489345,-0.020340777787122,-0.0210784247744031,-0.0213240040107515,-0.0217074859772808,-0.0198773747514033,-0.0160183850201154,-0.0172459493899476,-0.0170356992063601
2644,-0.023489586638644,-0.024453007700217,-0.0252942226054145,-0.0252365858454179,-0.0253875558953628,-0.0251593317481249,-0.0229444430822282,-0.0201964973333549,-0.019758745483396,-0.0194521844175927,-0.0195678465672797,-0.0199183851611402,-0.0195924717345198,-0.0196740296597289,-0.0195525427219251,-0.0190994604219838,-0.0190542662772395,-0.0192615620431723,-0.0195876360178862,-0.0198368049421425,-0.0200189514776604,-0.0202304293065695,-0.0199654136275568,-0.0200056664944472,-0.0202264090418585,-0.0203196939041142,-0.0209846368823436,-0.0212655578892708,-0.0216023783139422,-0.0198143139399038,-0.015939082643101,-0.0172340847568381,-0.0170082903137209
2642,-0.0234660803640587,-0.0244286445779028,-0.0252492701541956,-0.025187460625828,-0.0253730805222674,-0.0251219797225222,-0.0228707866953992,-0.0201058787825437,-0.0196684611758884,-0.019362855057973,-0.0194691487787533,-0.0198253683577726,-0.019527314800472,-0.0196412148890423,-0.0194599408983243,-0.0190556646550549,-0.0190087424381712,-0.0192076780018841,-0.0194953132677706,-0.0197648872167567,-0.0199452087084082,-0.0201021810978594,-0.0199138088697528,-0.0199204272200178,-0.0202309596724317,-0.0202515552347455,-0.0208817159465946,-0.0211724484766858,-0.0214717862385951,-0.0197583361354159,-0.0158152869468187,-0.0171944848727597,-0.016962999355936
2640,-0.0234038052170335,-0.0243557133649955,-0.025114158409876,-0.025102398535648,-0.0253187848076707,-0.0250555630360912,-0.0227517888977731,-0.0199546089575273,-0.0195111264895813,-0.0192490733081372,-0.0193007749888234,-0.0197222034124376,-0.0194340253213907,-0.019576584465304,-0.0193358069155709,-0.0189761040307248,-0.0189353484921221,-0.0191142223873746,-0.0194070036073291,-0.0196697067983673,-0.0198564726325154,-0.0199724701581246,-0.0198253896476466,-0.0198327258125663,-0.0202277313799977,-0.0201737382283975,-0.0207841833189372,-0.0210501133280271,-0.0213417400322633,-0.0196775794881511,-0.0156581610497651,-0.0170574575023718,-0.0168540270360085
2638,-0.0232954947897063,-0.0242485935299399,-0.0249425561139279,-0.025001895493183,-0.0252090137033896,-0.0249609672813309,-0.0226276658018636,-0.0197934817253412,-0.0193602059055928,-0.0191405390769416,-0.0191465666534805,-0.0196446921071735,-0.0193448443912598,-0.0194974396519727,-0.0192283264286666,-0.0188585694349793,-0.0188584787581,-0.0190237259790376,-0.0193642833772814,-0.0195960100333433,-0.0197886324952602,-0.019912880863951,-0.0197192448272956,-0.0197875864143499,-0.0202140097245133,-0.020143919529062,-0.0207197953905197,-0.0209546087609982,-0.0212532553092749,-0.0195882665611038,-0.0155311293820052,-0.0168614299662757,-0.0167100733800194
2636,-0.0232078189659595,-0.0241866513892724,-0.024855057655235,-0.0249381285284064,-0.0250915939373713,-0.0248916227665555,-0.0225541569828438,-0.0197113264730786,-0.0193084437192854,-0.0191028697258363,-0.0191133196522217,-0.0196469318196872,-0.0193236956563308,-0.0194560307109604,-0.019206150008213,-0.0187803095170943,-0.0188248954510008,-0.0190218641411183,-0.0193872256897545,-0.0195764830386337,-0.0197861775495153,-0.0199524724053911,-0.0196609272941915,-0.0198133132260943,-0.0202121232525336,-0.0201883682302554,-0.0207030394850491,-0.0209453993576882,-0.0212435305502368,-0.0195508570363603,-0.0155192798197722,-0.0167389896722951,-0.0166220937539302
2634,-0.0232035754375308,-0.0242085287777889,-0.0248787625820151,-0.0249323976854319,-0.0250130701616071,-0.0248807567266785,-0.0225373196685583,-0.0197319042548392,-0.0193672811436926,-0.0191451737182002,-0.0191856018201107,-0.0197244538560254,-0.0193700382300596,-0.0194663830341957,-0.0192647774242151,-0.0188004033687173,-0.0188327867461974,-0.0191089437907924,-0.0194291566308138,-0.0195914100820596,-0.0198362867458733,-0.0200409527154524,-0.0196713203198963,-0.0198824624728984,-0.0202295064209462,-0.0202735435739543,-0.0207132490449717,-0.0210151565513296,-0.0213152066186761,-0.0195856574994709,-0.0156366756952673,-0.0167468763526452,-0.0166246995062945
2632,-0.0232754750152883,-0.0242708057869498,-0.0249248501209581,-0.0249618168183144,-0.0249807959370053,-0.0249108428153303,-0.0225489492269883,-0.0197982081503738,-0.0194684063575555,-0.019199962107516,-0.0192532707814161,-0.019809892090565,-0.0194169180365714,-0.0194921005958104,-0.0193294907280105,-0.0188810095845093,-0.0188379594667069,-0.0191982360256551,-0.0194330111844781,-0.0196059975646688,-0.0198878023289535,-0.020110224067518,-0.0197093090255465,-0.0199418951208705,-0.0202479367802558,-0.0203434089424145,-0.0207307299480168,-0.0211038398118915,-0.0214284698646916,-0.019650934296107,-0.015794657439445,-0.0168142006811099,-0.0166676040825338
2630,-0.0233670316932078,-0.0243263949012322,-0.0249307676221657,-0.0250042441944537,-0.0249989345702478,-0.0249583316051805,-0.0225829190884672,-0.0198647633796557,-0.0195587449859685,-0.0192235284647115,-0.019276744896893,-0.0198561341816003,-0.0194300081808984,-0.0195164469698936,-0.0193573511223993,-0.0189488096212806,-0.018831612443371,-0.0192517533331963,-0.0194185805394159,-0.0196293282361017,-0.0199228522933216,-0.0201560618637075,-0.019756986961409,-0.0199712439332893,-0.0202598483307273,-0.0203760492767567,-0.0207724444663217,-0.0211755136564031,-0.0215260419843659,-0.0197119289100612,-0.0158881701593374,-0.016873806372187,-0.016710729042931
2628,-0.0234104561713289,-0.0243672070963667,-0.0249202344079724,-0.0250449999224717,-0.0250620556702454,-0.0250100461714189,-0.0226316271871302,-0.0199272574456675,-0.0196215684204772,-0.0192383164986511,-0.019305300412449,-0.0198634735410718,-0.0194318438378155,-0.019550628785014,-0.0193557113446373,-0.0189735031028602,-0.0188337427894899,-0.0193036970845814,-0.0194394026367503,-0.0196718997435386,-0.0199423767326968,-0.0201998431404304,-0.0198293478037886,-0.0199717368453141,-0.020264657937406,-0.0203687146534573,-0.020837583582828,-0.0212227650270774,-0.0215534244151221,-0.0197576513265089,-0.0158819342173357,-0.0169229045772853,-0.0167518720226322
2626,-0.023340877827036,-0.0243635886013133,-0.0249044402949888,-0.0250400420549668,-0.02509750724275,-0.0250287983649964,-0.0226308228011128,-0.0199521976341845,-0.0196094819920519,-0.0192408039631391,-0.019326057021252,-0.0198143008856032,-0.0194141722793249,-0.0195556081779739,-0.0192979343228051,-0.0189364892617572,-0.0188056170249488,-0.0193297829531134,-0.0194612452806069,-0.0196609180593564,-0.019895814497091,-0.0201908884599649,-0.0198749622875341,-0.0199133490766697,-0.0202197893454228,-0.0202868501153693,-0.0208455933580852,-0.0212003720849193,-0.0214699503978865,-0.0197392360389075,-0.015790691666882,-0.0169288168534121,-0.0167517091069332
2624,-0.0231491345366123,-0.0242591997854292,-0.0248459005199569,-0.0249483774036085,-0.0250172634859263,-0.0249759248634404,-0.0225259975281802,-0.0198859800167692,-0.019473463481271,-0.0191729231646493,-0.019253983640963,-0.0196780005211641,-0.0193305775526797,-0.0194590973482797,-0.0191454584180476,-0.0188057542202239,-0.0186806137207317,-0.0192394402922748,-0.0193916942978934,-0.019511042393215,-0.0197317970023318,-0.0200561656308079,-0.0197908587836241,-0.0197702445897631,-0.0200735209039895,-0.0201091921169567,-0.0207231479128775,-0.0210526463863677,-0.0212910911860496,-0.0195995656767761,-0.0156417387592335,-0.0168230102762574,-0.0166585102402121
2622,-0.0229354180315829,-0.0240757673373026,-0.0247504196173822,-0.0248106300777916,-0.0248527756389849,-0.0248773281435663,-0.0223793599268963,-0.01975673804278,-0.0192777218410191,-0.0190351889490042,-0.0191050661672877,-0.0195038027618179,-0.0192012836469859,-0.0192783704199744,-0.0189719825348112,-0.0186069409805882,-0.0184984090064238,-0.0190409104903342,-0.0192363455032833,-0.0192815243392862,-0.0195174329222558,-0.0198432362227289,-0.0195840047784615,-0.0196020114578439,-0.0198652282797338,-0.0199143452084081,-0.0205375921737807,-0.0208283978155267,-0.021113604938511,-0.019395869704075,-0.0154960808303435,-0.0166373640778433,-0.0165272537157859
2620,-0.0228264450283633,-0.0239254777388495,-0.0246757795191146,-0.0247117471807838,-0.0247323804042558,-0.0247927011181991,-0.0223033171933978,-0.0196631961251102,-0.0191670722945947,-0.0189223442871062,-0.0190119356720893,-0.0194005681236315,-0.0191113391211335,-0.0191225805329156,-0.0189179149097456,-0.0184393995449004,-0.0183876446910095,-0.0188665639804338,-0.019106812544994,-0.0191352173161094,-0.0193896986473758,-0.0196915561635757,-0.0193963382583057,-0.0195041010980187,-0.0197091057474909,-0.0198199661091881,-0.020432067473231,-0.0206677340928241,-0.0210331454776726,-0.0192766327446115,-0.0154254659623261,-0.0165059728647473,-0.0164795777759402
2618,-0.0228141211338949,-0.0238600627055931,-0.0246190119620049,-0.0246511397419908,-0.0246925390083543,-0.0247145854362155,-0.0222946949148925,-0.01962631596323,-0.0191755786860488,-0.0188838503783515,-0.01901019871717,-0.0193824017750548,-0.0190669173317896,-0.0190391584301262,-0.0189749208061701,-0.0183578807299474,-0.0183786637047464,-0.0187761637403583,-0.0190497214172417,-0.0191183295821717,-0.0193719676114731,-0.0196400592700668,-0.0193085675477293,-0.0194691223755454,-0.01964891853607,-0.0198202821693102,-0.0204212525486818,-0.020625261210629,-0.021025443540083,-0.019281063230388,-0.0154098626185314,-0.0164737938433286,-0.0165122464853889
2616,-0.022774546241731,-0.0238077283910734,-0.0245236235808079,-0.024549810323201,-0.0246379325253979,-0.0245877551633932,-0.0222542887923972,-0.0195655183818811,-0.0191837061691712,-0.0188527610940714,-0.0189791368629923,-0.0193469518406911,-0.0189783571541474,-0.018967978261487,-0.0189703804087466,-0.0183149101985312,-0.0183621173434227,-0.0186887353884267,-0.0189979962907159,-0.0191144220749699,-0.0193600474869522,-0.0195925142551418,-0.019245975909872,-0.019401882040743,-0.0196212728865081,-0.0197973548674086,-0.0203807720174718,-0.0206071046262256,-0.0209843798817562,-0.019281465258306,-0.0153400131917701,-0.0164428934746734,-0.0164892445879267
2614,-0.022675710193364,-0.0237217153127959,-0.0244286902442966,-0.0244136184934263,-0.0245355805987717,-0.024440191881564,-0.0221700425613074,-0.0194676502626894,-0.01911437185963,-0.018785849922457,-0.0188696238912318,-0.0192597727196687,-0.0188418171771919,-0.0188919390887079,-0.0188319815790777,-0.0182736920527504,-0.0182880299001925,-0.0185773537393176,-0.0189312382714016,-0.0190564553360426,-0.0193120030448621,-0.0195095350632002,-0.0191523227658094,-0.0192918518295012,-0.0195920398928667,-0.019718844869527,-0.0202645341470592,-0.0205396786967328,-0.0208933489668392,-0.0191925295079712,-0.0151850695950524,-0.0163606257545348,-0.0163712361256834
2612,-0.022640636560389,-0.0236803682590683,-0.0244593663033905,-0.0243698738815683,-0.0245023455164028,-0.024386110804395,-0.0221425306873786,-0.0194453890483129,-0.0190457590394222,-0.0187602213133513,-0.0188180082538618,-0.0192328019772207,-0.0188040127981039,-0.0189019344163976,-0.0187149060503052,-0.0182806288843097,-0.0182641465659423,-0.0185608398916989,-0.0189390678289189,-0.0190364958358267,-0.0193143408478545,-0.0194879074969891,-0.0191138533077053,-0.0192490700159975,-0.019619900602113,-0.0196947605837167,-0.0201909427082169,-0.0204912223708303,-0.02086218526377,-0.0191114908478724,-0.0150708630932016,-0.0163096736732048,-0.0163010193118091
2610,-0.0227396500057891,-0.0237472971037053,-0.0246092594223919,-0.0244723990798204,-0.0246106239777725,-0.024457978761008,-0.0222002308157062,-0.0195500652957356,-0.019057929309503,-0.0188347037751636,-0.0189184389067766,-0.0193394230381009,-0.0189483273603922,-0.0190313332983861,-0.0187680453853064,-0.0183513938857973,-0.0183675219563288,-0.0186915537504501,-0.0190530918918192,-0.0191235447041197,-0.019408592965762,-0.0195767668170295,-0.0191996532831316,-0.0193203515231986,-0.0197266013194704,-0.0197773695767119,-0.0202441424643234,-0.0205381613338725,-0.0209501046652087,-0.0191444767011294,-0.0151042420299769,-0.0163391712412094,-0.0163842599342984
2608,-0.0228489055221277,-0.0238336262698493,-0.0246885209286815,-0.024587777125427,-0.0247418352981975,-0.0245450022677441,-0.022233480422666,-0.0196524609352857,-0.0190959603905208,-0.0189195396856005,-0.0190390955864116,-0.0194720528952071,-0.0191348466541549,-0.0191483343306599,-0.0189173996359853,-0.0183931624949162,-0.018489125596371,-0.0188076541433373,-0.0191485147913436,-0.0192167913153911,-0.0194925717333934,-0.0196589404556454,-0.0193070836426097,-0.0193912669290685,-0.0198096868243143,-0.0198398501254754,-0.0203224719092279,-0.0206071312453397,-0.0210549246523562,-0.01921327070236,-0.0152060224970018,-0.0163635843210767,-0.0165308079332403
2606,-0.0228167708165229,-0.0238131422482915,-0.0245771636569309,-0.0245720042989418,-0.0247463608302741,-0.0245476808923393,-0.0221656880003006,-0.0196088417575682,-0.0190804813149877,-0.0188924785260813,-0.0190057449663248,-0.0194838932852927,-0.0191688917673806,-0.0191169145899489,-0.0189969774134049,-0.0183384581347422,-0.0184800737132479,-0.018736959520915,-0.0191089983920787,-0.0191942773630417,-0.0194698717118639,-0.0196183522725406,-0.0193003597428514,-0.0193456497046468,-0.0197696544299261,-0.0197490002422,-0.0202815956070608,-0.0205621087768398,-0.0210479422285973,-0.0191717943945974,-0.0152238454128597,-0.0163217168425025,-0.0165989519903211
2604,-0.0226769009880894,-0.0237070001288201,-0.0243970811522781,-0.0244719934113303,-0.0246481128327536,-0.0244958140111868,-0.0220644870325422,-0.0194551293543449,-0.0190457883652845,-0.0187722370032211,-0.0188523036356553,-0.0193837587701363,-0.0190502310255159,-0.0189819727708335,-0.0189774907543515,-0.0182697132539558,-0.0183573280693052,-0.0185399512752515,-0.0189923478537458,-0.0190992560559512,-0.019385650818913,-0.019513407856369,-0.0192119734747633,-0.0192233796246663,-0.0196472100103847,-0.0195581016287984,-0.0201309147124722,-0.0203934951343131,-0.020937362043416,-0.0190306449407919,-0.0151468340862907,-0.0162907697248855,-0.0165698287978784
2602,-0.0225746526454501,-0.0236349976829488,-0.0243206156833062,-0.024434100398832,-0.0245677927031724,-0.0244521725169756,-0.0220119102905635,-0.0193319553260372,-0.0190549287870743,-0.0186660392083622,-0.0187420643644137,-0.0192807388881765,-0.0189303209919412,-0.0188886384833787,-0.0189335486253176,-0.018292856987882,-0.0182439082006146,-0.0184056279380926,-0.0189243937052053,-0.0190498663430627,-0.0193259717998589,-0.0194653217352827,-0.0191676460617972,-0.0191278591701547,-0.0195462630435362,-0.0194167763158662,-0.0199808503763573,-0.0202100489476194,-0.0208095354928619,-0.0189174943131249,-0.0150879805768263,-0.0163343008534386,-0.016486690707385
2600,-0.022552758658007,-0.0236300220350563,-0.0243299824720374,-0.0244807835426213,-0.0245307089765915,-0.0243988207447641,-0.0219833171938569,-0.0192939163965822,-0.0190642535150177,-0.0186073159818595,-0.0187289816074549,-0.0192106117605249,-0.0188827952647343,-0.0188868652482451,-0.0188814906332431,-0.0183596513759359,-0.0181804223926636,-0.0183954885874554,-0.0189144701195802,-0.0190446591925027,-0.019282424370301,-0.0194670426848228,-0.0191839060304071,-0.0190690047594317,-0.0194877144778252,-0.0193679427376243,-0.0198769476838645,-0.0200827626370664,-0.0206844254382108,-0.0188681634078916,-0.0150963355979176,-0.0163725579867321,-0.0163468031153645
2598,-0.0225365095107376,-0.0236194648000259,-0.0242935805873222,-0.0245026231288418,-0.0244800015909744,-0.024302039003346,-0.0219325157298703,-0.0192933544972439,-0.0189915059575016,-0.0185532275415535,-0.0187383504945756,-0.0191333554400598,-0.0188504213893601,-0.0189127167084881,-0.0187909388359625,-0.0183402641080798,-0.0181176729939317,-0.0184270850372523,-0.0188843261919885,-0.0189883027739998,-0.0192088843538028,-0.019427583529118,-0.0191775308362563,-0.0189960569239698,-0.019424826174658,-0.0193431443263008,-0.019796712302556,-0.0200011952041474,-0.0205389612903373,-0.018806697016719,-0.015110657788696,-0.0163144828794863,-0.0161591661355574
2596,-0.0224910912971427,-0.0235698222838228,-0.0241887918014572,-0.0244420465670757,-0.0244204726950738,-0.0242121806619763,-0.0218948032979446,-0.0192921511937419,-0.0188643661314983,-0.0184987272423781,-0.0187249449444165,-0.0190501638760805,-0.0187888050655467,-0.018910775699737,-0.0186948134089123,-0.0182288164522333,-0.0180429924793892,-0.0184420598575556,-0.018817986259226,-0.0188585698785973,-0.0191319992970172,-0.0193396470858655,-0.0191250544354846,-0.0189202963934755,-0.0193531198096311,-0.0193020956134393,-0.0197522918403747,-0.0199617223238093,-0.0204252497293847,-0.0187162327103047,-0.0150858419290166,-0.0162075985111775,-0.0160085889945502
2594,-0.0224680082596385,-0.0235347755621108,-0.0241066292797653,-0.0243617723324466,-0.0244162312568737,-0.024202453756679,-0.0219194663552236,-0.019289158478068,-0.0187926282439348,-0.0184883703969138,-0.0187152100730201,-0.0190096888367345,-0.0187368310249261,-0.0188815758332143,-0.0186568394233932,-0.018149584020877,-0.0179942674417535,-0.0184541864031309,-0.0187726806346565,-0.018728056522842,-0.0191079352747748,-0.0192756922679828,-0.0190796573744882,-0.0188992807878509,-0.0193134697534519,-0.0192705156296156,-0.0197846213184692,-0.0199950144497665,-0.0204378067457698,-0.0186842453912681,-0.0150513621569065,-0.0161442107898875,-0.0159568756148157
2592,-0.022496325095197,-0.0235491034903476,-0.0240867856822751,-0.0243232881057182,-0.0244663173263602,-0.0242523421952746,-0.0219747042926595,-0.019273151112435,-0.018824118738085,-0.0185283120227721,-0.0187173532335373,-0.0190186448570032,-0.0187288698611254,-0.0188352760736302,-0.018668752460986,-0.0181716657129165,-0.0179758297500347,-0.0184652496751732,-0.0187721380322336,-0.0186513238191317,-0.0191207903105665,-0.019253403683929,-0.0190562731161691,-0.0189311128354877,-0.0193132641792268,-0.0192681891509491,-0.0198759758821891,-0.0200943608978386,-0.0205624975107428,-0.0187562495443698,-0.0150343820522324,-0.0161172457546799,-0.015960101248282
2590,-0.0225242243052358,-0.0235625130266502,-0.024074991597128,-0.0242972174214134,-0.0244881806425384,-0.024269277647878,-0.0219933365665481,-0.019230978956684,-0.018907387982966,-0.0185617813048875,-0.0186960574499954,-0.019025667966435,-0.0187248915577704,-0.0187727524573528,-0.0186695706665196,-0.0182233032969814,-0.0179509956500543,-0.0184449533979817,-0.0187748088646127,-0.0186238609446075,-0.0191020271114635,-0.0192169566551737,-0.019010860926377,-0.0189481040156123,-0.0193156311612585,-0.0192801435337552,-0.0199483075411484,-0.0201855001704127,-0.0206579362840485,-0.0188533649545312,-0.0150119264524087,-0.0160687663957554,-0.0159517662719533
2588,-0.0224837765222536,-0.0235079621610154,-0.0240238617493281,-0.0242232535948202,-0.0244225366488284,-0.0242047655934564,-0.0219558691500949,-0.0191810186194769,-0.0189676687676372,-0.0185351561252538,-0.018631935271853,-0.0189895655791434,-0.0186616636176454,-0.01870066278698,-0.0186314079484084,-0.0181978305935973,-0.0179060107094404,-0.018386710476216,-0.018736602438536,-0.0186278811562256,-0.0190234866425888,-0.0191383585529802,-0.0189255603139676,-0.0189028870125651,-0.0192929937836517,-0.0192881662544406,-0.019946083858103,-0.0201959790085817,-0.0206175614962235,-0.0188731625582742,-0.0149621181190187,-0.0159938642275781,-0.0159211701133559
2586,-0.0223547869169544,-0.0233883196203944,-0.023941968594876,-0.0240986577648394,-0.0242851244236076,-0.0240935485924371,-0.0218727004244224,-0.0191436550599463,-0.0189585041961703,-0.0184513141081746,-0.0185433924568301,-0.0189135644594345,-0.018534682536005,-0.0186248835906742,-0.0185619424614959,-0.0180732221969247,-0.0178583561755282,-0.0183099310510001,-0.0186499168686292,-0.0186448107775148,-0.0189176431393504,-0.0190487105770967,-0.0188294941611987,-0.0188070280641932,-0.0192453197849848,-0.0192781594441942,-0.0198728389233785,-0.0201228798229675,-0.0204813246860396,-0.0188014526676482,-0.0148994750607283,-0.0159073738521357,-0.0158550385543313
2584,-0.0221601253615437,-0.0232688973736166,-0.0238482983320467,-0.0239703154280222,-0.0241277621411213,-0.0239926882719626,-0.0217468224842187,-0.0191019622954095,-0.018867707854475,-0.0183636464430427,-0.0184583484158905,-0.0188228972516324,-0.018407538851544,-0.018545020809685,-0.0184679185185598,-0.0179087794646774,-0.0178116073058849,-0.0182212691504075,-0.0185316793708614,-0.0186405783921452,-0.0188288994124178,-0.0189755453126044,-0.0187415668498258,-0.0187014542303677,-0.0191794507621739,-0.0192342178515427,-0.0197605903541221,-0.0200221612826231,-0.0203528095951215,-0.0186872800076482,-0.014835445062772,-0.0157881718113019,-0.015708254175588
2582,-0.0219554011021563,-0.0232128705983978,-0.0237550437782176,-0.0238759903685388,-0.024004462067349,-0.0239331364414251,-0.0216128410437293,-0.019039837236783,-0.0187312920084861,-0.0183346297114225,-0.0183994749752418,-0.0187472727640831,-0.0183525948889649,-0.0184706751474983,-0.0183772804624235,-0.0177749533067345,-0.0177581502808814,-0.0181258346671631,-0.0184144975661969,-0.0185963207428261,-0.0187791735785254,-0.0189179156166159,-0.0186628618968642,-0.0186312235508099,-0.0191084754637332,-0.0191623633244003,-0.0196481486375986,-0.0199560879117712,-0.0202739364790103,-0.0185711535086489,-0.0147532288943952,-0.0156428475378232,-0.0155067879962594
2580,-0.0218200805821979,-0.0232251199874985,-0.0236901355503283,-0.0238216863952828,-0.0239505860582941,-0.0239165711551769,-0.0215454476557839,-0.0189837898726077,-0.0186138571990274,-0.018367731183149,-0.0183682029418136,-0.0187007257722509,-0.0183780201274022,-0.0184104602224123,-0.018333222881284,-0.0176945437030319,-0.0177051597324526,-0.0180417771222887,-0.0183279810399726,-0.0185336869103962,-0.0187487342338125,-0.0188705936861026,-0.0186067433790107,-0.0186146200012085,-0.01904930217413,-0.0190872732009703,-0.019572293592779,-0.0199450604823494,-0.0202225741996754,-0.0184723115890121,-0.014637768873037,-0.0155392073613722,-0.0153743964396368
2578,-0.0218087287001142,-0.0232449608603339,-0.023676823086954,-0.0238017332678172,-0.0239466683144329,-0.0239210019552644,-0.02157538068078,-0.0189658818961336,-0.0185379517968749,-0.0183817370433702,-0.0183299674659789,-0.0186583888989764,-0.0184143384934751,-0.0183415038457785,-0.0183129556390342,-0.017628157092121,-0.0176523958432945,-0.0179662704428635,-0.0182658089803013,-0.0184670304738935,-0.0186831776197161,-0.0188226678122608,-0.0185776258796642,-0.0186084346192664,-0.0189976468052399,-0.0190016190865394,-0.0195461685037357,-0.0199550304564172,-0.0201890915917998,-0.0184058305170187,-0.0145024216933106,-0.0155063599208939,-0.0153753103300148
2576,-0.021896373081208,-0.0232021498748153,-0.0236936200635105,-0.023815560052612,-0.0239239494646893,-0.0239109051770609,-0.0216433030317161,-0.0189780863554366,-0.0184711273054911,-0.0182996230496334,-0.0182565550653672,-0.018583216229585,-0.0183882207945937,-0.0182360732137492,-0.0182273606134952,-0.0175225282447082,-0.0175708201597834,-0.0178720469270747,-0.018199242416498,-0.0183709122590294,-0.0185601786252085,-0.0187444228875925,-0.0185397490625904,-0.0185441485330279,-0.0189268548188744,-0.0188627225311478,-0.0195536749139413,-0.0199329450944614,-0.0201876027593171,-0.0183758704246361,-0.014380648126024,-0.0154879839256131,-0.0154285980311852
2574,-0.0219871302438063,-0.0230837170259237,-0.0236924420223476,-0.0238467811628571,-0.0238417679388898,-0.0238551990338152,-0.0216684238592255,-0.018983147780521,-0.0183962226228148,-0.0181503443475926,-0.0181758193511869,-0.0184803377658193,-0.0182961160037551,-0.0181164823114415,-0.0180515648715954,-0.0173779913831432,-0.0174394207939857,-0.0177624684773429,-0.0181221953008161,-0.0182338734813967,-0.0184381749344299,-0.0186168864595583,-0.0184550166751098,-0.0184207233748491,-0.0188258848936398,-0.0186689415215594,-0.0195653252029762,-0.0198544990700547,-0.0201932905576637,-0.0183548857047175,-0.0142994210561451,-0.0154426595790061,-0.0154364217819202
2572,-0.0219872457712181,-0.0229355870353188,-0.0236476711497894,-0.0238391645637452,-0.0237350393850142,-0.0237439871545772,-0.0216231656882425,-0.0189416669819792,-0.0183372906916375,-0.0180244606974216,-0.0181232770515985,-0.0183841167369694,-0.0181828978849626,-0.0180329741262302,-0.0178794987832954,-0.0172487612723709,-0.0172831283363284,-0.0176775361954933,-0.0180466939279407,-0.0181029425085373,-0.0183833992132237,-0.0184651858624897,-0.0183358094639429,-0.0183173863378231,-0.0187142647631197,-0.0184897322593082,-0.0195397509468104,-0.0197347190987555,-0.0201358321283348,-0.0182968395367472,-0.0142553697211473,-0.0153990940101362,-0.0153963594313902
2570,-0.0218757206731584,-0.0228050536194317,-0.0235678972557099,-0.0237391541226475,-0.0236648700661463,-0.0236028099087169,-0.0215256221987327,-0.0188272717357691,-0.0183029420916011,-0.0179505063310047,-0.0180686916063586,-0.0182994175502899,-0.018076233344842,-0.0179982914933692,-0.0177973061738766,-0.0171799070722031,-0.0171527441365553,-0.0176308423395925,-0.0179699336814009,-0.0180373617127467,-0.0183765200277802,-0.018341356140019,-0.0182282705139008,-0.0182936122532531,-0.0186152777796669,-0.0183917348686312,-0.0194353363536226,-0.0196069254112056,-0.0199923862322445,-0.0181869324631743,-0.0142207829741593,-0.0153699727613866,-0.0153332849975558
2568,-0.021711947062769,-0.0227049080125073,-0.0234715942019725,-0.0235721680039695,-0.0236482523586721,-0.0234928408322748,-0.0214097201592774,-0.0186577196745347,-0.0182699376700587,-0.0178922738897929,-0.0179709705222136,-0.0182102987111492,-0.0179858073429673,-0.0179945025129685,-0.0177794998929011,-0.0171762807036264,-0.0170844001339962,-0.0175974808670249,-0.0178906369494138,-0.018045845766309,-0.0183616811181126,-0.0182852245945898,-0.018163991593388,-0.01832319293598,-0.018542914242745,-0.0183759152832991,-0.0192615918998342,-0.019508867612444,-0.019842590839595,-0.0180666102839255,-0.0141827232758674,-0.01531088279851,-0.0152253685284947
2566,-0.0215805201735826,-0.0226345559069421,-0.0233730559618555,-0.0234368669681125,-0.0236559572926335,-0.023470056611761,-0.0213205659369596,-0.0185153062117742,-0.0182440808457976,-0.0178518151301155,-0.0178829352811802,-0.0181417702936993,-0.0179384422836166,-0.0180192870736822,-0.0177605479025882,-0.0172253061566001,-0.0170845380656834,-0.017571253344153,-0.0178400182753483,-0.0180924018182574,-0.0183485702634788,-0.018304606871886,-0.0181449979126505,-0.0183461719181652,-0.0185085825044598,-0.0184015105679307,-0.019102771882294,-0.0194679466810191,-0.0197759070176981,-0.0179921332330662,-0.0141621521236376,-0.015215089920344,-0.0150750459534538
2564,-0.0215145782447216,-0.0225956713516978,-0.0232812212767382,-0.0233910398107592,-0.0236473758210056,-0.0235203379165649,-0.0212823251068034,-0.0184770903794847,-0.0182603467150647,-0.0178716867939524,-0.0178961651675412,-0.0181423324505426,-0.0179494380341413,-0.0180637397352333,-0.0177290579596498,-0.0172986311619736,-0.0171224740506368,-0.0175634732474082,-0.0178367772361954,-0.0181274109022476,-0.0183701914690022,-0.0183624691982091,-0.0181422596218594,-0.0183317485704394,-0.0185060767148384,-0.018427382250843,-0.0190353362988223,-0.0194646116659561,-0.0197686972238498,-0.0179637743052975,-0.0141650600664478,-0.0151457859585801,-0.0149602922583602
2562,-0.0214828566012318,-0.022582840278229,-0.0232028672602499,-0.0233870670267707,-0.0235969299309212,-0.023566317417481,-0.021261809453613,-0.0185234466740964,-0.0183001221150603,-0.0179344962601633,-0.017991507882411,-0.0182055344051229,-0.017979182459867,-0.0180802570321892,-0.0177008774709136,-0.0173403792237835,-0.0171404757411346,-0.0175468908309842,-0.0178354963543138,-0.0181041443237074,-0.0183775100943318,-0.0183902801511656,-0.018107821339197,-0.018277008212669,-0.0185048240326218,-0.0184224883710633,-0.0190381702683031,-0.0194389156448713,-0.0197263834542236,-0.0179229529342355,-0.0141364905555436,-0.0151285230423405,-0.0149373519896391
2560,-0.0214620164156843,-0.0225916842768865,-0.0231549071518025,-0.0233635304986065,-0.0235215075118666,-0.0235612281353064,-0.0212170737943834,-0.0185791970989072,-0.018292037589699,-0.017966821734748,-0.0180594230454165,-0.0182796859355638,-0.017982557257736,-0.0180498111352221,-0.0176782159763361,-0.0173109875446138,-0.0171063946881465,-0.0174895481558782,-0.0177925196684105,-0.0180132521080582,-0.0182967585604674,-0.0183513040686469,-0.0180285308440156,-0.0181985380630391,-0.0184899631303712,-0.0183814328781783,-0.0190439257349593,-0.019375003130368,-0.0196384336193858,-0.0178347652997187,-0.0140182741313635,-0.015117330818361,-0.0149732221426279
2558,-0.0214832999158137,-0.0226313871835709,-0.0231625342717564,-0.0233428920368053,-0.0234794613760076,-0.0235273696502899,-0.0211676873955944,-0.0186258146781358,-0.0182187179591801,-0.0179482969499302,-0.0180615351127368,-0.018344538098611,-0.0179762169483625,-0.0180392850502735,-0.0176849785439764,-0.0172395932310199,-0.0170513893008777,-0.0174392260823854,-0.0177530276363946,-0.0179096752812882,-0.0181698629882974,-0.0182850316513262,-0.0179617946294213,-0.0181419664599728,-0.0184844226759293,-0.0183416630449013,-0.0190473160492418,-0.0193392641061681,-0.0195971187442913,-0.0177387491724132,-0.013845098752659,-0.0151013891327241,-0.0150252734102309
2556,-0.0215733678161184,-0.0227030376365247,-0.0232304162158928,-0.0233763139767134,-0.023506622698617,-0.0234864979846676,-0.0211544852850178,-0.018698531943177,-0.0181506528251866,-0.0179240405471709,-0.0180609252167539,-0.018407388135066,-0.0179984742508541,-0.0181087723777344,-0.0177662828317223,-0.0171892110477998,-0.0170276670606991,-0.017475756530607,-0.0177893852144511,-0.0178611231980349,-0.0181166186934859,-0.0182580084900313,-0.0179692033140113,-0.0181498666836036,-0.0184999991369771,-0.0183474930978406,-0.019091205936991,-0.0193836059329533,-0.0196488486247748,-0.0176985014850046,-0.0137282537347289,-0.0151353732362006,-0.015108600607276
2554,-0.0216840452905381,-0.0227747658891684,-0.0233279544384653,-0.0234382308651945,-0.0235621032996118,-0.0234198731712713,-0.0211559037106328,-0.018781785655873,-0.0181398472554063,-0.0179046739969103,-0.0180867437780139,-0.0184387661355231,-0.0180355214711543,-0.0182050743672326,-0.0179018060828511,-0.0171778318680107,-0.0170488670175431,-0.0175735751958235,-0.0178774035044066,-0.0178645519831759,-0.0181598416154323,-0.0182825639890899,-0.0180226426698666,-0.0182007326456774,-0.0185056237223651,-0.0183938655828001,-0.019166289506395,-0.0194529860969797,-0.0197252053089791,-0.0177300186730428,-0.0137332670760959,-0.0152204594535129,-0.015232523920142
2552,-0.0217404839751489,-0.0228099054036469,-0.0234213007187019,-0.0234593370511483,-0.0235792412523101,-0.0233370537192017,-0.0211274885732004,-0.0187993035731467,-0.018151118838792,-0.0178538437047909,-0.0180888563227709,-0.0183966355982526,-0.0180521095101537,-0.0182437623228369,-0.0179927573737602,-0.0171815125639023,-0.0171052789580436,-0.0176195718717561,-0.0179258216041247,-0.0178633488260399,-0.0182129539342467,-0.0183279257319595,-0.018043366644063,-0.0182233265974997,-0.0184863795661496,-0.0184356781715133,-0.0192084036940562,-0.0194585671973358,-0.0197603451863058,-0.0178061753875738,-0.0138231562641465,-0.0152679135742295,-0.0153447560828663
2550,-0.0217333403454107,-0.0228060231254134,-0.0234942297347053,-0.0234286605959029,-0.0235497465734756,-0.0233014735438714,-0.0210945411321461,-0.018716759247485,-0.0181276666005604,-0.0177797556809977,-0.0180388443799193,-0.0183053508391386,-0.0180542108716654,-0.0182357969162226,-0.0179767650806578,-0.0171866852765025,-0.0171912544802543,-0.0175715412223362,-0.0179011531532435,-0.0178312405693871,-0.0182263542299104,-0.0183736450851602,-0.0180140633170657,-0.0181751270099252,-0.0184728200055342,-0.0184295387134803,-0.0191845315719794,-0.0193986899623996,-0.0197731957425132,-0.0178852804068995,-0.0139124635959865,-0.015221682806259,-0.0153810799624812
2548,-0.021702882415509,-0.022777674080755,-0.0235200457614694,-0.023383589561615,-0.0235063753069829,-0.0233251971136673,-0.0211103564845732,-0.0185806537712114,-0.0180595875149804,-0.0177344122467559,-0.0179614937222686,-0.0182284604269074,-0.0180443481141643,-0.0182213635647768,-0.0178916965349578,-0.0171792863641163,-0.0172672151703233,-0.0174904770686193,-0.017833102469096,-0.0177770826885254,-0.0182213313689759,-0.0183930996436811,-0.0179741998674099,-0.0180621558108675,-0.0184575880167176,-0.0183384873359332,-0.0191071962972777,-0.0193292154537609,-0.0197772749652331,-0.017903216253779,-0.0139268446441378,-0.0151160657520031,-0.0153081428780851
2546,-0.0216544904843157,-0.0227182856786076,-0.0234614291148314,-0.0233279310690696,-0.0234522935693516,-0.0233212403471186,-0.0211409993672491,-0.0184476208857076,-0.0179635650779942,-0.0177140753678965,-0.0178560660427457,-0.0181680943235236,-0.0179638723561126,-0.0181459544471982,-0.0177919995262736,-0.0171192639400543,-0.0172463635430051,-0.0174082083699345,-0.0177235841435397,-0.0176879231214596,-0.0181878059788154,-0.0183280304295213,-0.0179214312596476,-0.0178956309089716,-0.0183626373435305,-0.0181449072760582,-0.0189798910134522,-0.019252929627187,-0.0197124190622891,-0.0178014457186973,-0.0138292277792048,-0.0149869361119311,-0.0151085663282804
2544,-0.0215659782048289,-0.0226214826906077,-0.0233383113914319,-0.0232484572217546,-0.0233808486798546,-0.0232415436539745,-0.0211004764237878,-0.0183480769137273,-0.0178613610558103,-0.0176685523963291,-0.017707270797084,-0.0180822935655923,-0.0177807362377686,-0.017952174819069,-0.0176912256882136,-0.0170085830970586,-0.0171002524940731,-0.0172929864904028,-0.0175636995578238,-0.0175553895232544,-0.0180896892053537,-0.0181657582336548,-0.0178225794131691,-0.0177009320058044,-0.0181751110372909,-0.0179186018048976,-0.0188157236981921,-0.0191432234115062,-0.0195587715057289,-0.0176173502417279,-0.0136585246562184,-0.0148465004091584,-0.0148191019686445
2542,-0.021462586419461,-0.0225200563411864,-0.0232460266769145,-0.0231826343338329,-0.0233342333357066,-0.0231769188117789,-0.0209905127845179,-0.0183121562338645,-0.01779302213604,-0.017605744238153,-0.0175746693729441,-0.017986260827677,-0.0175910500859127,-0.0177395114630835,-0.0176166054942071,-0.0169446283596502,-0.0169347571373107,-0.0171677599176338,-0.0174199030290881,-0.0174483125881071,-0.0179781147714082,-0.0180115871706564,-0.0177110861109573,-0.0175532662234808,-0.0180314350429553,-0.0178104748698212,-0.0186842256465496,-0.0190409831464132,-0.0194279313303678,-0.0174899398820131,-0.0135360116148927,-0.0147586002779227,-0.0145900056015819
2540,-0.021410790727007,-0.0224602343924372,-0.0232540527358001,-0.0231793122220393,-0.023362799729313,-0.0232269845924634,-0.0209082130794469,-0.0183530783576064,-0.0177898081162009,-0.0175852211424454,-0.0175547559581416,-0.0179450614883226,-0.0175258094111057,-0.0176684249045233,-0.0176246825965768,-0.0170093364338425,-0.0168769914674474,-0.017129984077556,-0.0173822637849954,-0.0174571139187442,-0.0179584790885685,-0.0179866789672922,-0.0176628760657218,-0.0175240154708657,-0.0180522452376872,-0.0178918487158864,-0.0186480326975544,-0.019019635078853,-0.019430944654599,-0.0175109529947382,-0.0135559802395747,-0.0148030883895358,-0.0145875566103636
2538,-0.0214367329628056,-0.0224556843053285,-0.0233255102125754,-0.0232148924529948,-0.0234404063865805,-0.0233440567532402,-0.0209127804006657,-0.0184255063423987,-0.0178267924562241,-0.0176077607772905,-0.0176441182961687,-0.0179756937993359,-0.0175866664916649,-0.0177336986925722,-0.0177147815878851,-0.0171365037478072,-0.016919455329145,-0.0172022923937125,-0.0174323210007536,-0.0175633023899397,-0.0180241429616555,-0.0180729555851874,-0.0176735801756358,-0.0175945489277884,-0.0181602257102957,-0.0180522030461294,-0.0186719517359045,-0.0190666727571558,-0.0195186644898901,-0.0176147199302737,-0.0136696637664401,-0.0149371067153357,-0.0148036809102872
2536,-0.0215053137184188,-0.0224938429862111,-0.0233808519860431,-0.0232298683276283,-0.023492463605381,-0.0234087173369721,-0.0209730536379836,-0.018465447598225,-0.017853942656687,-0.0176140835760064,-0.0177396143094477,-0.0180393211391361,-0.017673546424527,-0.0177905288515251,-0.0177973007939721,-0.017184370091215,-0.0169584698609873,-0.0172741928360028,-0.0174702734964352,-0.0176542591543635,-0.0180536653645237,-0.0181503220696583,-0.0176651802407173,-0.0176850736751686,-0.0181906757310298,-0.0181443364007306,-0.0186775445271597,-0.0191002644550882,-0.0195593197333749,-0.0176779051403091,-0.0137452296886284,-0.0150227123036957,-0.015058209284366
2534,-0.02157251143748,-0.022554236174111,-0.0233921635895697,-0.0232229195005752,-0.0234945437098441,-0.0233966182810572,-0.0210435961686642,-0.018460491564581,-0.0178618528710542,-0.017591735225428,-0.0177744506262688,-0.0181090646236581,-0.0177321211830125,-0.0177793286646981,-0.0177914564036272,-0.01711135399687,-0.0169436818559538,-0.0172415990591427,-0.0174587680602944,-0.0176650391775511,-0.0179887939578547,-0.0181566929197553,-0.0176163890707765,-0.0177535130942059,-0.0181216557712479,-0.0181622053806393,-0.0186588394700514,-0.0190939671693236,-0.0195179103540385,-0.0176691783928172,-0.0137323672202586,-0.0150158391057036,-0.015198572082019
2532,-0.021600070038468,-0.0225860641581519,-0.0233612485946764,-0.0232224725909987,-0.0234683089183577,-0.0233582159746858,-0.0210951012206002,-0.0184214210830606,-0.0178574337154885,-0.0175748702453566,-0.017752343291109,-0.0181542491623759,-0.0177621183517364,-0.0177590729259421,-0.0176945406431711,-0.0169816269167634,-0.0168956176081361,-0.017112299280251,-0.0174333435205863,-0.0176174582239155,-0.0178898562050605,-0.0181068691376373,-0.0175697423518094,-0.0177941177691325,-0.0180542080751577,-0.0181722646860267,-0.0186501246956822,-0.0190809529287987,-0.0194474951988596,-0.0176241689581456,-0.0136891537620303,-0.0149912923335517,-0.01520008157552
2530,-0.0215400858889467,-0.0225225556459589,-0.023264512372944,-0.0231971065692002,-0.0233996483163663,-0.0232924767598707,-0.0210781162246473,-0.0183204897576924,-0.0177997788778351,-0.0175416523556742,-0.0176599601526006,-0.0180922951308158,-0.0177205717723602,-0.0177341950520887,-0.0175357398669481,-0.0168276661145896,-0.0168167615290913,-0.0169449589595262,-0.0173895048423505,-0.0175278644221775,-0.0177980536628827,-0.0179882961492204,-0.0175108466881774,-0.017770236613178,-0.0180116182398021,-0.0181454373130238,-0.0186171503391576,-0.0190453871222723,-0.0193519503574754,-0.0175345354291203,-0.0136498751351507,-0.0149597254695301,-0.0150763739284743
2528,-0.0213778335950203,-0.0223660594250056,-0.0230941260532175,-0.0230951099891755,-0.02325241218752,-0.0231649718313552,-0.0209543790626459,-0.0181383879781386,-0.0176481433203335,-0.0174270573415895,-0.0174705133453432,-0.017875768832747,-0.0175572927222521,-0.0176306023235443,-0.0173421921214393,-0.0166375520403575,-0.0166940526598481,-0.0167829144250879,-0.017285931110771,-0.0173836267511271,-0.0176779392700975,-0.0177733473645497,-0.0173777707504614,-0.0176480306568354,-0.0179244336554761,-0.0180089090379436,-0.0185002888742369,-0.0189266310826086,-0.019189682989281,-0.0173692578726978,-0.0135657994865529,-0.0148321206132146,-0.0148367398833309
2526,-0.0211827274706081,-0.0222143671500371,-0.0229112737358031,-0.0229522790798923,-0.0230562891224829,-0.0230104087511903,-0.0207695246558377,-0.0179406894167061,-0.0174610592414162,-0.0172429234684746,-0.0172348161428509,-0.0176097982215898,-0.0173399355795247,-0.0174552240382425,-0.0171724695228205,-0.0164646543666088,-0.0165633641303542,-0.0166801206999731,-0.0171550667576958,-0.0172209081526115,-0.0175271087429278,-0.0175336805133668,-0.0172101062063686,-0.0174852478071557,-0.0177947269893898,-0.0178212222258004,-0.0183455945328656,-0.0187444105493072,-0.0189903916160638,-0.0171717510170548,-0.0134029427094591,-0.014613589592278,-0.0145649893053984
2524,-0.0210480924947767,-0.0221466260316935,-0.0227849894444795,-0.0228572042742268,-0.0228918208491421,-0.0228990673454498,-0.020614613014257,-0.0178171750518358,-0.0173515410079493,-0.0170761871900412,-0.0170497879339931,-0.0174624016744952,-0.0172090299298101,-0.0173150748082552,-0.0170911205274938,-0.0164040518563715,-0.0164673498502202,-0.0166839721795817,-0.0170852294640895,-0.0171167470785983,-0.0174112705000329,-0.0174011580885444,-0.0171466085458304,-0.0173854698427241,-0.0177123445031275,-0.0177268155401809,-0.0182681601201181,-0.0186086876796682,-0.0188451019794721,-0.0170313689712987,-0.013213888308747,-0.0144580070147865,-0.0143945525897202
2522,-0.02098395042134,-0.0221262192260257,-0.0227096570573154,-0.0228190445371419,-0.022791446080752,-0.0228276843948864,-0.0205180987965366,-0.0177681984308784,-0.0173453196270361,-0.0169657933255727,-0.0169389542653882,-0.017459751261157,-0.0172004871104316,-0.0172523955215677,-0.0170743850424847,-0.0164434835390382,-0.0163772127556282,-0.0167499833887195,-0.0170858490903302,-0.0170794888136901,-0.0173528046160909,-0.017394599335486,-0.0172227041865087,-0.017362054628295,-0.0176991122877557,-0.017738835375412,-0.0182878927406599,-0.0185747138770241,-0.0187826905487904,-0.0169719964934353,-0.0130734526012071,-0.0144508324600384,-0.0143501016483112
2520,-0.020937721590346,-0.0220803580478304,-0.0226497811165712,-0.0227754174275541,-0.0227356177832628,-0.0227522508734821,-0.0204556729666689,-0.0177447188262028,-0.0173762396904089,-0.016894651683323,-0.0168796922093537,-0.0174877539465108,-0.0172292488949224,-0.0172110355213698,-0.0170289323703248,-0.0164658617899667,-0.0162575998290846,-0.0167673766787097,-0.0170832389008789,-0.0170423378625015,-0.0173006345662245,-0.0174094697696743,-0.0173031664103637,-0.017339518399853,-0.0176825335686881,-0.0177282459004795,-0.0183188691972945,-0.0185894081954781,-0.0187591178653095,-0.0169573155622532,-0.0130069309662461,-0.0144931782186786,-0.0143317707215939
2518,-0.0208980716387738,-0.0220174922637224,-0.0226211682695921,-0.0227178700502701,-0.0227284655754692,-0.0226957979805743,-0.0204379655145567,-0.0177587313571346,-0.017406830384908,-0.0168855704944933,-0.0169130747600847,-0.0174816935445058,-0.0172412348682193,-0.0171801737242659,-0.0169330899194105,-0.016416156947936,-0.0161654379148694,-0.0167028271719617,-0.0170484985075628,-0.0169801931011694,-0.0172379847562616,-0.0173918009579938,-0.0172726070033126,-0.0172828849665027,-0.0176385494162892,-0.0176362256539802,-0.0183145174004932,-0.0186024771604323,-0.0187592577258523,-0.0169794177816548,-0.0130087464782739,-0.0144801842394532,-0.0142868858214812
2516,-0.020894941322489,-0.0219899501572057,-0.0226522599733397,-0.0227001323469428,-0.0227838225567986,-0.022713502897274,-0.0204928815035878,-0.017846134073747,-0.017458703394517,-0.0169773710909106,-0.0170831415255469,-0.0174883171477576,-0.017266280888393,-0.017219485991553,-0.0168749672024818,-0.0163583824151152,-0.0161713237817492,-0.0166361517601971,-0.017022801311765,-0.0169454427103797,-0.0172130122741685,-0.0173999836027488,-0.0171847554713146,-0.0172323460832139,-0.0176279523561251,-0.0175496577239996,-0.0183056716704357,-0.0186285191243729,-0.0188094947373518,-0.0170528848720801,-0.0130745567419869,-0.0144514779719881,-0.0142749448332676
2514,-0.0209098083723246,-0.0219850408815517,-0.0227024316384579,-0.0227203966742543,-0.0228455163191675,-0.0227753482427725,-0.0205768699465087,-0.0179526923698444,-0.0175243118319167,-0.0171079838123539,-0.017287909418361,-0.0175382328172086,-0.0173195014524623,-0.0173173054442714,-0.016912504475918,-0.0163464966346265,-0.0162244433736964,-0.0166261739747362,-0.0170135915779599,-0.0169731583689114,-0.0172352976404686,-0.0174674328243765,-0.0171545076341701,-0.017207765896049,-0.0176694761634252,-0.0175390327230826,-0.0182928942232305,-0.0186631748073564,-0.0188871827946009,-0.0171405643475554,-0.013179762729616,-0.0144709366703543,-0.0143222209449437
2512,-0.020880316727792,-0.0219455470554534,-0.0226996863003475,-0.0227068231007016,-0.0228226169094197,-0.0227974696410913,-0.0206080392497357,-0.0179788223718414,-0.0175530018821411,-0.0171558724550285,-0.0173523854800102,-0.0175889387442777,-0.0173662047509766,-0.0173720566604635,-0.0169865189012685,-0.0163507179060601,-0.0162220518814419,-0.0166387917193331,-0.0169837797441772,-0.0170370098387976,-0.0172511227180989,-0.0175322109647051,-0.0172013190159004,-0.0171842597061571,-0.0177010321405015,-0.0175644862571001,-0.0182291523582264,-0.0186387030216562,-0.0189216339166788,-0.0171789494190992,-0.0132691799516009,-0.0144966905904144,-0.0143496211466954
2510,-0.020802435980144,-0.0218727216635041,-0.0226376362068797,-0.0226374737910113,-0.0227184797326136,-0.022772888338173,-0.0205855560156836,-0.0179233191690382,-0.01753918652712,-0.0171107416558056,-0.0172572036315149,-0.0176155653645914,-0.0173945336752742,-0.0173473732496773,-0.0170161256492702,-0.0163417737252528,-0.0161793437273536,-0.0166361983233338,-0.0169502870259718,-0.0171111827511586,-0.0172465527793612,-0.0175464281213298,-0.0172700504597718,-0.0171702934659007,-0.0176906695140098,-0.0175768877591776,-0.0181313637538348,-0.0185218341297555,-0.0188948254820933,-0.0171670725877343,-0.0132976050527581,-0.014476892758722,-0.0143078906913742
2508,-0.020747047222761,-0.0218270411534193,-0.02257356600532,-0.0225794967202788,-0.0226467612587033,-0.0227729859153156,-0.0205807450931349,-0.017871867435614,-0.0175311964275471,-0.017076494683908,-0.0171488448256005,-0.0176410789110953,-0.0174214072037477,-0.0173131307071651,-0.0170006234929303,-0.0163446825468157,-0.0161964833216597,-0.0166358820357022,-0.0169751865745855,-0.0171887610100762,-0.0172682901565838,-0.0175459879847887,-0.0173188965317368,-0.0172063762639273,-0.0176723037973333,-0.0175859057261233,-0.0180907918562011,-0.0183865363668438,-0.0188559465982414,-0.0171489393610078,-0.0132563589001336,-0.0144555804732198,-0.0142630193173329
2506,-0.0207593143274055,-0.0218434994020834,-0.022554626649783,-0.0225833802261864,-0.0226967074825629,-0.0228270013446193,-0.020612453745636,-0.017858202745264,-0.0175391993054282,-0.0170930453043448,-0.0171143845444727,-0.0176559226103072,-0.0174216973496961,-0.0173042694719709,-0.0169824662603596,-0.0163753508596684,-0.0162782349388564,-0.0166447284886665,-0.0170490579294446,-0.0172308519598802,-0.017319252974389,-0.017562998496914,-0.0173184790507639,-0.017271926681199,-0.01765326917677,-0.0175910764159014,-0.0181380861266069,-0.0183320291393642,-0.0188313848180096,-0.017123789867354,-0.0131558363742166,-0.0144758458702723,-0.0142780464281131
2504,-0.0208189302076527,-0.0219158174675825,-0.0226055857276543,-0.0226266938694089,-0.0228454530982118,-0.0228914934744111,-0.0206314700630341,-0.0178566147977693,-0.0175249128559888,-0.0170997634933229,-0.0171114209383726,-0.0176189584417401,-0.0173561092143655,-0.0172812571611223,-0.0169864327498453,-0.0164166417509623,-0.0163368125608428,-0.0166366747898536,-0.0171006927254511,-0.0171981720252039,-0.0173491183352851,-0.0175710137178306,-0.0172455123629384,-0.0172954788637911,-0.0176085574176749,-0.0175674776076513,-0.0182060655199584,-0.0183830928067181,-0.0188075827451489,-0.0170641668377112,-0.0130279197870553,-0.0144841894689536,-0.0143234439720858
2502,-0.0209031220629302,-0.0220302617193791,-0.0227387938082768,-0.0226812190563668,-0.0230039351172105,-0.0229282905087374,-0.0206226108243558,-0.0178861525035236,-0.0174897451818907,-0.0170879429635087,-0.0171248511027911,-0.0175574218045678,-0.0172669714309749,-0.0172521727355566,-0.0170355023195661,-0.0164779773423707,-0.0163569843563043,-0.0166309906264322,-0.0171278851652139,-0.0171436096773914,-0.0173659028964865,-0.0175626303171022,-0.017143759814405,-0.017272031540364,-0.0175780722647403,-0.0175473592593253,-0.0182477441625085,-0.0185005006485098,-0.0187999999140696,-0.0170002528022613,-0.0129382356540584,-0.014428208292974,-0.0143610616536579
2500,-0.0210043129582287,-0.0221438740144824,-0.0229069332082915,-0.0227467574685521,-0.0230882031248525,-0.0229267664399481,-0.0206189640596234,-0.0179806190280526,-0.0174784624988214,-0.0171288822809658,-0.0172030588886982,-0.0175508776180066,-0.0172373825876457,-0.0172830802586356,-0.0171439213366181,-0.0165824878201068,-0.0164075395317227,-0.0166913022885124,-0.0171930152202797,-0.017167960002199,-0.017431334688668,-0.0175839847232993,-0.0171121610577735,-0.0172686001416326,-0.0176371697260553,-0.0175942809132845,-0.0182886399828612,-0.0186282074850258,-0.0188456340758808,-0.0169869918603868,-0.0129359348870081,-0.0143555199442888,-0.0144019855428991
2498,-0.0210749337717459,-0.02217102355155,-0.0229939236363252,-0.0227984637035645,-0.0230540975689391,-0.0228676247354594,-0.0206112988358987,-0.0180685820284856,-0.0174877705826312,-0.0172113768693675,-0.0173026115233036,-0.0175938618758574,-0.0172565939169998,-0.0173532726879493,-0.0172520031374972,-0.0166758619194429,-0.0164823367019178,-0.0168017915947945,-0.0172752581168366,-0.0172634942846354,-0.0175192767260528,-0.0176393724260858,-0.0171734242827545,-0.0172966496281022,-0.0177458663005995,-0.0176723944366268,-0.018337485288473,-0.0187049793330884,-0.0189183468342338,-0.0170022087639404,-0.0129855466260469,-0.0143231347310407,-0.0144221893775092
2496,-0.0210458359922877,-0.0220779281058734,-0.0229353977292945,-0.0227937598298803,-0.0229338995658604,-0.0227578193772235,-0.0205515846577483,-0.0180347583301137,-0.0174712572763397,-0.0172086595806086,-0.0172838075626623,-0.0175924543146171,-0.0172451270884873,-0.0173512808101836,-0.0172516128308815,-0.0166554039189834,-0.0164866043617015,-0.0168499316703353,-0.0172659367810698,-0.017313760003209,-0.0175183312161626,-0.0176557119819476,-0.017232772563026,-0.0172916851831228,-0.0177615892177894,-0.0176675635304343,-0.0183540670683053,-0.0186959220081907,-0.0189413342580409,-0.0169829613603309,-0.0130049356570341,-0.014302007327464,-0.0143457944846763
2494,-0.0209318978680765,-0.0219642598071393,-0.0228135566357054,-0.022756680738686,-0.0228389169441122,-0.0226814519026759,-0.0204602756383289,-0.0179027936489834,-0.0174381212531075,-0.0170691800296812,-0.0171290431459054,-0.0175155520637736,-0.0172067498123661,-0.0172550208744117,-0.0171246026383127,-0.0165191105329556,-0.0164073905263927,-0.0167837918698996,-0.0171418178287329,-0.0172700603702536,-0.0174159656910894,-0.0175934495191833,-0.0172160315052874,-0.0172416318808152,-0.0176392437836239,-0.017565878699377,-0.0183356841413106,-0.0186384183666939,-0.0188941550096322,-0.0169443670120641,-0.012966756755862,-0.0142569198852232,-0.0141852483891499
2492,-0.020839731745536,-0.0219553752264446,-0.0227554328606076,-0.0227671488291718,-0.0228536093935199,-0.0227136671842877,-0.0204239117420606,-0.0178118147868742,-0.017442818138546,-0.0169047360114716,-0.0170016500630627,-0.01743253184758,-0.0172243573060552,-0.0171711620186788,-0.0169824346866943,-0.0163856508000373,-0.0163493639133293,-0.0166895361643605,-0.0170144723240713,-0.0172122643104823,-0.0173436189876757,-0.0175053940651503,-0.0171647497253645,-0.0172170989666785,-0.017493909960552,-0.0174815827322776,-0.0183276282432966,-0.0186004162722835,-0.0188285781307422,-0.0169523712460957,-0.0129079089209117,-0.0142245907084962,-0.0140801783814947
2490,-0.0208284265451344,-0.0220268641703729,-0.0227687393332357,-0.0228331432698314,-0.0229280985995246,-0.0227993252260777,-0.0204647708564513,-0.0177954438386515,-0.017467359834193,-0.0168218729114461,-0.0170050786163361,-0.0173753601245822,-0.0172953391051472,-0.0171501400740423,-0.0169163021775844,-0.0163272510603723,-0.0163569619778884,-0.0166521316510306,-0.0169603626980452,-0.0171939279288511,-0.0173730406300201,-0.0174343293499891,-0.0171338937387417,-0.0172326124804367,-0.0174193080300172,-0.0174649008899198,-0.0183149613987184,-0.0185762838240641,-0.0187657403340009,-0.0169870168813822,-0.0128500911905939,-0.0142241135212119,-0.0141095627611552
2488,-0.0208303947414047,-0.0220308140884225,-0.0227561371746389,-0.0228519077089012,-0.022936752394467,-0.0228099172907305,-0.02050443136106,-0.017742197205102,-0.0174209010264487,-0.0167902609458264,-0.0170345789583191,-0.0172877505502245,-0.0173054934786947,-0.0171095328966053,-0.0168866169945328,-0.0162785065088049,-0.0163345543178381,-0.0166304548713265,-0.016919239222054,-0.0171460883902671,-0.0173955468954289,-0.0173381332011861,-0.0170845157235596,-0.0171920392671904,-0.0173666544745464,-0.0174199197394629,-0.0182099843788469,-0.0184913356346971,-0.0186614871773412,-0.016950249008571,-0.0127781369665361,-0.0141876822773335,-0.0141720897833707
2486,-0.0207518264790993,-0.0218846923301346,-0.0226547311546349,-0.0227399922764408,-0.022827159402947,-0.0227033890374228,-0.0204738402808534,-0.0176006803898976,-0.0172769780865927,-0.0167426623261069,-0.0169552007899238,-0.017146543798685,-0.0171937459341483,-0.0169873045883026,-0.0168089553021535,-0.0161482835600386,-0.0161940607678346,-0.0165370083450477,-0.0168112936307041,-0.0169964482306382,-0.0172814287371594,-0.0171770655357779,-0.0169567220262274,-0.0170315439704874,-0.0172608680856191,-0.017269495009962,-0.0179917582841596,-0.0183268880906759,-0.018493991892022,-0.0168150532600951,-0.0126937926007135,-0.0140733839096338,-0.0141327012653269
2484,-0.0205975506783901,-0.0216587526567787,-0.0224867812317173,-0.0225410666245969,-0.0226532495121731,-0.0225463080181901,-0.0203856087364094,-0.0174665380453259,-0.0171171973331536,-0.0166907756232326,-0.0167976789115121,-0.0170223150548124,-0.0170312535935881,-0.0168364746260341,-0.0166780786707056,-0.0159419288193802,-0.0159765179344474,-0.016376009485162,-0.0166591311042709,-0.0167925315690374,-0.017063017587549,-0.0170051218457297,-0.0167865187257198,-0.0168301139397137,-0.0171293990211027,-0.017083188049879,-0.0177685868436986,-0.0181653007716518,-0.0183161332671828,-0.0166634283343543,-0.0126267125295743,-0.0139619666948857,-0.0139978541375117
2482,-0.0204501326148928,-0.0214785727958686,-0.0223030850585683,-0.0223599748774903,-0.0224831996486037,-0.0223969303863937,-0.0202787473161818,-0.0174123115281741,-0.0170091524666592,-0.016665814556246,-0.0166744875465263,-0.0169717945024477,-0.0168998910003633,-0.0167119581798711,-0.0165479556655538,-0.0157354811536742,-0.0157770487419423,-0.0162328217532238,-0.0165363122235865,-0.0166322091289936,-0.0168713843432292,-0.0169056412074864,-0.0166636835912936,-0.0167064411439893,-0.0170437390070531,-0.0169659584791497,-0.0176512692102175,-0.0180760525574191,-0.0181929465671568,-0.0165602948076734,-0.0125816358326244,-0.0139382201752721,-0.013862639552068
2480,-0.0203634998754413,-0.0214106898911453,-0.0221451930815827,-0.022243318988264,-0.0223457648464689,-0.0222575160033569,-0.0201624992762509,-0.0173725246087735,-0.0169278503520156,-0.0166391521540766,-0.0166069578448398,-0.0169601667192236,-0.0167919593979278,-0.0165931679269391,-0.0164419071219687,-0.0155977864518525,-0.0156395822166288,-0.0161638500844443,-0.0164705131500448,-0.0165392141761091,-0.0167645011458979,-0.0168864266124149,-0.0166101745561933,-0.0166723497448318,-0.017012589070006,-0.0169174473199729,-0.0176385475122729,-0.0180260648565317,-0.0181401535826641,-0.0164852413273051,-0.0125313743937523,-0.0139459189106699,-0.0137657231526546
2478,-0.0203202157729239,-0.021438925751394,-0.022042652219537,-0.0221665148808798,-0.0222526879179027,-0.022130761130505,-0.0200363856156695,-0.0172721814480082,-0.0168277576388408,-0.016572929972773,-0.0165410826218629,-0.0169340003472991,-0.0166720720352289,-0.016481184476952,-0.0163490413359632,-0.0155699787845675,-0.0155668002295974,-0.016150924738756,-0.016446762858263,-0.0164737194708315,-0.0167038586817715,-0.0168907387528514,-0.0165742638103018,-0.0166528740372604,-0.0169942866819635,-0.0168742596205267,-0.0176607011789396,-0.0179450539745635,-0.0181358242075187,-0.0164060726752721,-0.0124661230615628,-0.013867460562319,-0.0136854524629613
2476,-0.0202778956027298,-0.0214876438823046,-0.0219892507956377,-0.0220987853356725,-0.0222049525429014,-0.0220381355288595,-0.0199097844306553,-0.0171518719469755,-0.0167150304374033,-0.0164800845085247,-0.0164597220025956,-0.0168918174965395,-0.0165508726078512,-0.0164440733797659,-0.0162752853411262,-0.0156492473970896,-0.0155471276222227,-0.0161374268649707,-0.016441427927796,-0.0164123555599756,-0.0166458455114746,-0.0168718155545026,-0.0165202736004953,-0.0166007434871834,-0.0169570575782867,-0.016810668217899,-0.0176571484042316,-0.0178235657984037,-0.0181412025864204,-0.0163306380969216,-0.0124007252482668,-0.0137013079078234,-0.013616253879582
2474,-0.0202309482637635,-0.021478868741575,-0.0219492209788493,-0.0220444799668519,-0.0221826880460758,-0.021985037589273,-0.0197935786919345,-0.017085826899129,-0.0166239843926469,-0.0163850874598092,-0.0163952366964794,-0.0168479790297396,-0.0164610318202622,-0.0164967221429232,-0.0162428907781738,-0.0157656368624474,-0.0155398362046245,-0.0160816794380055,-0.0164217789794169,-0.0163615773684367,-0.0165877612011156,-0.0168199930512944,-0.0164673798293797,-0.0165348998595518,-0.0168858679287667,-0.0167356819550515,-0.0175881072845404,-0.0177049063224267,-0.0181104839247166,-0.0162669163254453,-0.0123407714894792,-0.0135619787968094,-0.01356915925238
2472,-0.0202156458719909,-0.0214070316773221,-0.0219209347448295,-0.0220268932150139,-0.0221721354826347,-0.0219671961640531,-0.0197067872504252,-0.0170652857229889,-0.0165816165141913,-0.0162904138819009,-0.0163731639033075,-0.0167986926718741,-0.0164200836626033,-0.0165444537442545,-0.0162521968035334,-0.0158288752970555,-0.0155043812711799,-0.0159938716441568,-0.0163657343405445,-0.0163255466200468,-0.016550896083901,-0.0167482490049117,-0.0164473644390341,-0.0164931607067479,-0.016779085408924,-0.016653109564959,-0.0174484779161698,-0.0176229318386305,-0.0180285786754814,-0.0162057795556377,-0.0122866737612057,-0.0135270770917934,-0.0135357260296749
2470,-0.0202564440793643,-0.0213386503356143,-0.0219420651496148,-0.0220470747538235,-0.0221803445597047,-0.0219911245206435,-0.0196749710666645,-0.0170356924549268,-0.0166007530893208,-0.0162181508911226,-0.0163973798443272,-0.0167494406116141,-0.0164311156000623,-0.0165101133516458,-0.0162731043067714,-0.0158115982729452,-0.015461193418822,-0.0159263650889396,-0.0162986487968442,-0.0162986990880164,-0.0165570979564137,-0.016681665325148,-0.0164609506979983,-0.0164856143507089,-0.0166670516735964,-0.0165753451149885,-0.0173029761405658,-0.0175846603020423,-0.0179370501716006,-0.0161545287465001,-0.0122579413913864,-0.0135601248968444,-0.0135025747203493
2468,-0.0203133088423964,-0.0213116351427161,-0.0219995599317896,-0.0220603764707621,-0.0221882796417592,-0.02203772235224,-0.019680689440788,-0.0169850217435894,-0.0166523905501419,-0.0162094106042,-0.0164515785969505,-0.0167129522270277,-0.0164668434269429,-0.0164298589282156,-0.016269544130247,-0.0157456587465286,-0.015459589930585,-0.0159067556954513,-0.0162603711976795,-0.0162701263146389,-0.0166015051466787,-0.0166379253266822,-0.0164715536314617,-0.0164812399010233,-0.0165903841420834,-0.0165285773631915,-0.0172376617061571,-0.0175834160355995,-0.0178866815174403,-0.0161254461056846,-0.0122625411692168,-0.0135717663166373,-0.0134637239769729
2466,-0.0203061339956129,-0.0212817607709383,-0.0220093838351007,-0.0220102688952738,-0.0221396288367426,-0.022043982086333,-0.0196524348143793,-0.0169359691112766,-0.0166589472913168,-0.0162470427480122,-0.0164830232940107,-0.0166669165444509,-0.0164639231501082,-0.0163672168745586,-0.0162241172426709,-0.0156474344227204,-0.015483132931231,-0.0158947725376994,-0.0162326261929055,-0.0162205331445416,-0.0166319279706922,-0.0166009242174703,-0.0164320280129368,-0.0164323276597531,-0.0165461285304406,-0.0165099709909805,-0.0172512884593257,-0.0175999177773241,-0.0178754819018061,-0.0160967530284682,-0.0122602358360686,-0.0135075745112245,-0.0133927064505554
2464,-0.0202111568751659,-0.0212141293522608,-0.0219390687385842,-0.0218984310842335,-0.0220322382835801,-0.0219803125481002,-0.0195602086551507,-0.0169037292645376,-0.0165802664754299,-0.0162573539631542,-0.0164355438717236,-0.0165831846618189,-0.0163959114901503,-0.0163253307252028,-0.0161546509020403,-0.0155162784024166,-0.0154642656556794,-0.0158432724285744,-0.016164846500891,-0.0161447491539425,-0.0165909026819741,-0.016543256670193,-0.0163350637912524,-0.0163346193101033,-0.0165042012132905,-0.0164891439100065,-0.0172616793580992,-0.0176137763327666,-0.0178748004436918,-0.016049254923828,-0.0122159083526218,-0.013389878199424,-0.0132641144415061
2462,-0.0201038314206868,-0.0211626983087502,-0.0218706116759283,-0.021798548541894,-0.0219644349532424,-0.0219041469379655,-0.0194812282386632,-0.0169034234074763,-0.0164872888898155,-0.0162184760085544,-0.0163216033504385,-0.0165029220273945,-0.0163308508494198,-0.0162973602630291,-0.0161077147102681,-0.0153986492273137,-0.0153945427604899,-0.0157738605203216,-0.0160665807677636,-0.0160783196263737,-0.0164872453915785,-0.0164765333095228,-0.016235627986862,-0.0162499117845561,-0.0164729483278088,-0.0164668249159643,-0.0172293965498075,-0.0176230772207056,-0.0178864798103269,-0.0160219702622735,-0.0121682399875726,-0.0133037137161498,-0.013125946824161
2460,-0.0200782707318256,-0.0211938826532444,-0.0218798814385759,-0.0217811084165234,-0.0220182139068463,-0.0218816725152843,-0.0195068124978941,-0.0169506617595981,-0.0164785423550904,-0.0161937809787381,-0.0162174283472105,-0.0165079484193046,-0.0163524161488004,-0.0163159730657029,-0.0161178800278263,-0.0153712419144895,-0.0153438841883978,-0.0157423512132759,-0.0160086571802355,-0.0160669510738045,-0.0163942087649511,-0.016445862207686,-0.0162023734189802,-0.0162362209293746,-0.0164914890361145,-0.0164798456528986,-0.0172038081508984,-0.0176342357358284,-0.0179234207317696,-0.0160606062089882,-0.0121839842105226,-0.0133218372668226,-0.0130793293617268
2458,-0.0201465950642434,-0.021281798120586,-0.0219301602723813,-0.0218477580849797,-0.0221412264670432,-0.0219036854130348,-0.0196196339474849,-0.0170221004746171,-0.0165445658676029,-0.0162263813822312,-0.0161734452936364,-0.0166080797195263,-0.016447930118357,-0.0163925132150114,-0.0161786473188529,-0.0154468207608493,-0.01536495047209,-0.0157568383338321,-0.0160327775136567,-0.0161125453646729,-0.0163756242602544,-0.0164760571242822,-0.0162493969044276,-0.0162780724475369,-0.0165641042510306,-0.0165419871415859,-0.0172263161953772,-0.0176375766937946,-0.0179633105312979,-0.0161297298863267,-0.0122579630358857,-0.013426760937894,-0.0131531849484687
2456,-0.0202413256086087,-0.0213469333346214,-0.0219520007432176,-0.0219516669654656,-0.0222181272593978,-0.0219337885624092,-0.0197272663385871,-0.0170547519223887,-0.0165919153316635,-0.0162737214258609,-0.0161759856716419,-0.0167240401615139,-0.0165409601121473,-0.016474717487433,-0.0162612161979813,-0.0155559123412502,-0.0154456764545353,-0.0157875489822602,-0.0161151855482393,-0.0161829464725429,-0.0164410841268575,-0.0165538847306157,-0.0163343816259327,-0.0163239771316662,-0.0166580854480913,-0.016630831558405,-0.0172635443786843,-0.0176157844499871,-0.0179765166655366,-0.016152214738395,-0.0123191157991653,-0.0135275739344952,-0.0132617172696159
2454,-0.0202852098781995,-0.0213514189944899,-0.0219428816021658,-0.0220354781093538,-0.0222076169332128,-0.0219738848603993,-0.0197720839080225,-0.0170042184982915,-0.0165686939196291,-0.016273428965869,-0.01619081821842,-0.0167800426671744,-0.0165873655564613,-0.016506795963449,-0.0163287847871016,-0.0156195121285943,-0.0155424345680184,-0.0158204204789053,-0.0162020324908444,-0.0162501302007149,-0.0165477947320056,-0.0166451843728134,-0.0163988001685211,-0.0163534645505636,-0.0167474091715939,-0.0167194737525426,-0.0172605380512213,-0.0175655407248531,-0.0179699133722797,-0.0161139285134392,-0.0123153999036077,-0.0135491432864798,-0.0133070574720193
2452,-0.0202312713509588,-0.0212930362743483,-0.0219118647676622,-0.022033720863579,-0.0221335303564242,-0.0220109124901901,-0.0197430534937101,-0.0168754963449396,-0.0164842945508546,-0.0162082843221302,-0.0161813796577913,-0.0167492423697434,-0.0165613886758493,-0.0164730425202321,-0.0163193916297694,-0.0155926853400377,-0.015588704187569,-0.0158328866853044,-0.0162216465561417,-0.0162765721563426,-0.0166021101143788,-0.0166924173123559,-0.0163795465540896,-0.0163501964845399,-0.0167967185668122,-0.0167596643473728,-0.0171954715084784,-0.0174865210086979,-0.0179484338093497,-0.0160485021017018,-0.0122342166802226,-0.0134743526846509,-0.0132656888048401
2450,-0.0200786463988858,-0.021162067480949,-0.0218148211880908,-0.0219063545303275,-0.0219996114993097,-0.0219729180918464,-0.0196335289659817,-0.0167041253831611,-0.0163445212776544,-0.0160876322582456,-0.0161040882947264,-0.0166258185075356,-0.0164162642182542,-0.0163679837454291,-0.0161744864634703,-0.0154642352433714,-0.0155016379909948,-0.0157630181663176,-0.0161009651516601,-0.0162038314988994,-0.0165062442061084,-0.0166288456595537,-0.0162243938503424,-0.0162585455467078,-0.016736527875922,-0.0166697472126333,-0.0170704388250611,-0.0173737558892733,-0.0178761679288697,-0.0159498162824638,-0.0120727586846729,-0.0133204021556497,-0.0131629741902366
2448,-0.0198985905034184,-0.0209886611137242,-0.0216471102141809,-0.021716612318775,-0.0218181483958208,-0.021836615593397,-0.0194771539448684,-0.0165571706742902,-0.0161757586522535,-0.0159401981227757,-0.0159681340969013,-0.0164454258588209,-0.016178180413053,-0.0162044268367394,-0.0159353102555157,-0.0152889605040311,-0.0152796556861033,-0.0155976289856199,-0.0158578585856693,-0.0160293884772884,-0.0162752197312593,-0.0164603125031092,-0.0159661608029238,-0.0160629294043008,-0.0165490541206781,-0.0164363268759374,-0.016919013294076,-0.0172605876716474,-0.0177489365652891,-0.0158044576205858,-0.0118705719118317,-0.013142531600346,-0.0130433064071023
2446,-0.019807518502698,-0.0208800015394782,-0.0215193882218779,-0.021610050961538,-0.0216786071063503,-0.0217136224791569,-0.0193810479226867,-0.0165248140727873,-0.0160827782773029,-0.0158403475459021,-0.0158815838319588,-0.0163212902722965,-0.0160191113234371,-0.0160655922117448,-0.0157590390192783,-0.015192936879421,-0.0150703633400694,-0.0154536532642798,-0.0156447568424026,-0.015865286001898,-0.0160707996687961,-0.0163047149065794,-0.0157530912931324,-0.0158763197011345,-0.0163541976653586,-0.0162051700148697,-0.0168305751039406,-0.0172292738378363,-0.0176571008710666,-0.0156862541613533,-0.0117422256277417,-0.0130443476093469,-0.0129817143555602
2444,-0.0198516916241876,-0.0209119527646394,-0.0215237091475894,-0.0216482812027661,-0.0216672369609366,-0.021718739977867,-0.0194168961277002,-0.0166286932865009,-0.0161503910913743,-0.0158523976398507,-0.0159396779431749,-0.016348499279018,-0.0160795692527478,-0.0160480953306009,-0.0157570203765392,-0.0152494200272439,-0.0150279635574625,-0.0154554573754475,-0.015598406244447,-0.0158268016343784,-0.0160308741435654,-0.0162697288573458,-0.0157143948873411,-0.0158336709452134,-0.0162990431935283,-0.0161504972291169,-0.0168800390227561,-0.0173113337132433,-0.0176788405829346,-0.0156941700854431,-0.0117724912432262,-0.0130871755015679,-0.0130285897514374
2442,-0.0199420140866065,-0.0210215502675781,-0.0215917075211577,-0.0217264748554361,-0.0217365226636967,-0.021803437241408,-0.0195104424991311,-0.0167575262220402,-0.0163002224238081,-0.0159277396312649,-0.016079039378016,-0.0164658685347126,-0.0162536887384415,-0.0161247207611761,-0.0158562946876967,-0.0153671289390045,-0.0151161943681161,-0.0155521340186238,-0.0156695909445246,-0.0158796439398883,-0.0160964164503428,-0.0163097645834266,-0.0158059747590633,-0.0159078577042166,-0.0163677491766431,-0.0162529423797326,-0.0170160652136603,-0.0174155063480368,-0.0177491167789464,-0.0157963663356526,-0.0118910387526306,-0.0131895168274164,-0.0131172106364394
2440,-0.0199596102469129,-0.0210931915147244,-0.0216020993930811,-0.0217238289400763,-0.0217615458148535,-0.0218329931320898,-0.0195351510590051,-0.0167839299559376,-0.0163768677418334,-0.0159470358893323,-0.0161468414549589,-0.0165166597355724,-0.0163124130730905,-0.016161485037029,-0.0159046217358889,-0.0153947866500942,-0.0151676175792354,-0.0155771660682853,-0.0157057628237151,-0.0158915667000924,-0.0161072910108366,-0.01629165779389,-0.0158732140007298,-0.0159497622431523,-0.0164134735004737,-0.0163336861718113,-0.0171018776650024,-0.0174334679503787,-0.0177422962518996,-0.0158596559462401,-0.0119511558603683,-0.0132084849151384,-0.0131167404874289
2438,-0.0198949975880404,-0.021102503079076,-0.0215588488110143,-0.0216586200932029,-0.0217065360879604,-0.0217753264492095,-0.0194758013486673,-0.0167237775679056,-0.0163580814502833,-0.0158807104489027,-0.0161005526648301,-0.0164476752609661,-0.0162098889007838,-0.0160940920897818,-0.0158597796601483,-0.0153099232129955,-0.015115584642488,-0.0154728074258707,-0.0156642881253794,-0.0158144700584494,-0.0160272168860396,-0.0161818834772188,-0.0158461877103017,-0.0159016138242002,-0.0163682079713961,-0.0163002884630718,-0.017077564125684,-0.0173806014270789,-0.0176527917368509,-0.0158345875512441,-0.0119150720529519,-0.0131147004466202,-0.0129984924955834
2436,-0.019826128511689,-0.021090967103673,-0.0215422163533809,-0.0216126977361954,-0.0216388407456375,-0.0216998124157297,-0.0194038868293403,-0.0166882832280822,-0.0163469229790854,-0.0158168854475908,-0.0160306448774134,-0.0163502410447034,-0.0161037943034863,-0.0159942023945979,-0.0157872411620263,-0.0152104952056956,-0.0150423560567596,-0.0153399160064408,-0.0156286821533732,-0.0157208704160944,-0.0159567241617623,-0.0160761566695848,-0.0157866783392034,-0.0158489825799631,-0.0163030686200326,-0.016224170642521,-0.017004064392456,-0.0173484109749858,-0.0175829162885148,-0.0157965955047648,-0.0118647308238653,-0.0130006881052762,-0.0128610469188257
2434,-0.0197945238652234,-0.0210571701613368,-0.0215489057114058,-0.0215819125827921,-0.0216029182488389,-0.0216377323967349,-0.0193386571454717,-0.0167051686469215,-0.0163708223581504,-0.0158177858854773,-0.0159970643019243,-0.0163067139782734,-0.0160886401096341,-0.0159428692909512,-0.0157259362835152,-0.0151522124233587,-0.0150111844775956,-0.0152761844664642,-0.0156475414783379,-0.0156763903203111,-0.0159539868114713,-0.0160557505724842,-0.0157570738787663,-0.0158589609582919,-0.0162846668558165,-0.0161746366619884,-0.016944338884533,-0.0173487079027991,-0.0175746213441252,-0.0157986999922154,-0.0118441512371712,-0.0129309859366825,-0.0127765479000055
2432,-0.0197775328625067,-0.0209780004917543,-0.0215138659848176,-0.0215152051460634,-0.0215859731164794,-0.0215642816880016,-0.0192483774305711,-0.0167031171563234,-0.016344241589682,-0.015848642493331,-0.0159680695853936,-0.0163079975986257,-0.0160962809846037,-0.0159406185880356,-0.0156744851764141,-0.0151147795698169,-0.0149938375289251,-0.0152880061236147,-0.0156891392205319,-0.0156795199828531,-0.0159806383550614,-0.0161092678170964,-0.0157453364198793,-0.0158958616619619,-0.0162958902128844,-0.0161308997073393,-0.0168929619648338,-0.0173105451003577,-0.0175717612291531,-0.0158022067845352,-0.0118042224313507,-0.012891494254964,-0.0127216983670151
2430,-0.0197579850303453,-0.0208922703574516,-0.021442472096639,-0.0214413489715413,-0.0215877155818454,-0.02148584472841,-0.0191529763282257,-0.0166567674234394,-0.0162383829454494,-0.0158661546145445,-0.0159203957958981,-0.0163270553963814,-0.0160723970039958,-0.015963021164214,-0.0156708271561661,-0.0151023009004789,-0.0149723171415047,-0.0153543668555814,-0.015735106204539,-0.0157158738023473,-0.0160129469696375,-0.0161875739454277,-0.0157247218286685,-0.0159196564950388,-0.0163096812045502,-0.0160865731711493,-0.0168337262206173,-0.0172127411315353,-0.0175352439014207,-0.0157669523852714,-0.0117112254311997,-0.0128779591051696,-0.0126805811996807
2428,-0.0197409646965019,-0.0208494347460325,-0.0213920224803119,-0.021426161489329,-0.0216180602626337,-0.0214281337495868,-0.0191041507800369,-0.0166148548240989,-0.0161331442306216,-0.0158743912525093,-0.015872149199577,-0.0163579041087937,-0.0160638420785363,-0.0159977450599493,-0.0157515267772622,-0.0151372939292035,-0.0149759177127928,-0.0154488021628247,-0.0157871285214294,-0.0157679683220816,-0.0160674413936571,-0.0162408302590051,-0.0156942701798258,-0.0159465502541937,-0.0163253609705263,-0.0160912581499171,-0.0167731377411367,-0.0171099746597282,-0.0174796461541454,-0.0157009975254468,-0.011605291523941,-0.0129083713619256,-0.0126893439970851
2426,-0.0197106525147824,-0.0208126244105107,-0.0213625909892275,-0.0214411731948187,-0.021639878767723,-0.021368638175235,-0.0190871673484892,-0.0165824904455505,-0.0160755553816673,-0.0158680634306238,-0.0158127223656635,-0.0163685280226331,-0.016089392442941,-0.016006077692647,-0.0158500090396253,-0.0151678987079686,-0.0149997620448642,-0.0155003753662034,-0.0157976084434281,-0.0157812851568777,-0.016114031758126,-0.0162116779288325,-0.0156543521625414,-0.0159776995822029,-0.0163179337855921,-0.0161413758073368,-0.0167025697771299,-0.0170333420812175,-0.0174024622781495,-0.0156103779278753,-0.0115325728187333,-0.0129416622473643,-0.0127411699000981
2424,-0.0196468266360932,-0.0207249414932274,-0.0213254454171964,-0.0214063201009639,-0.0216108479398578,-0.0212905930368384,-0.019057491839046,-0.0165144384762001,-0.0160322085684586,-0.0158234000557983,-0.0157238564142672,-0.0163245865328173,-0.0160897587894277,-0.0159524694153029,-0.0158641169629723,-0.0151210159029942,-0.0150086018106849,-0.0154574171369579,-0.0157285726250256,-0.0157256271715736,-0.0160957348751633,-0.0160934064787387,-0.0156219298384705,-0.0159753205290987,-0.0162602141892245,-0.0161637179563731,-0.0166186330124381,-0.0169739590971774,-0.0172939069442516,-0.0155035217005965,-0.0115059079892347,-0.0129100089243104,-0.0127639589662674
2422,-0.0195812791178911,-0.0206291529985683,-0.021313371369723,-0.0213386137370244,-0.0215650038842538,-0.0212618173246001,-0.0190446471168363,-0.0164400656493658,-0.0160050706648103,-0.015771487417485,-0.0156681151997039,-0.0162707837252544,-0.0160561444017579,-0.0158900530120766,-0.0158100417952332,-0.0150438840882848,-0.0150282973312767,-0.015387268902568,-0.0156603191212594,-0.0156757480189478,-0.0160433432000386,-0.0159871509987227,-0.0156554678981426,-0.015946247593183,-0.0162027079145126,-0.0161514118520324,-0.0165818543467861,-0.016961272123972,-0.0172136763873218,-0.0154453866390547,-0.0115325162127599,-0.012841670502966,-0.0127360801672706
2420,-0.0195684170748765,-0.0206051595781365,-0.0213602323759762,-0.0213277088361914,-0.0215583825112337,-0.0213428329819714,-0.0191005505172522,-0.0164541733078512,-0.0160469610368084,-0.0157788775256111,-0.0157245173352125,-0.0162826004034708,-0.0160590032143707,-0.0159089387827835,-0.0157872505212069,-0.015056064202873,-0.0151103354005952,-0.0153921693324096,-0.0156993873521835,-0.0157190625095967,-0.0160429515401044,-0.0159975224718467,-0.015773171487209,-0.015951190991912,-0.0162214891865426,-0.0161858291850677,-0.0166509464937995,-0.0170370910095812,-0.0172372073308511,-0.0154921856928695,-0.0115940658795601,-0.01282705089802,-0.0127173107570181
2418,-0.0196028130994121,-0.0206287078550711,-0.0213969532796474,-0.0213737224493257,-0.0215601645435321,-0.0214571181533186,-0.0191735834872899,-0.0165499176911812,-0.0161302839481783,-0.0158285487178162,-0.0158337338588439,-0.0163289272752651,-0.0160997489561385,-0.015983506037112,-0.0158038791515031,-0.0151552690939806,-0.0152037740291253,-0.0154369561548468,-0.015795673959851,-0.015802602462112,-0.0160827820984873,-0.016077038484474,-0.0158696465204163,-0.0159970704296825,-0.0162863242175242,-0.0162800435939448,-0.0167592232723623,-0.0171420508167189,-0.0173233972217205,-0.0155737056679181,-0.0116103532516847,-0.0128547373984029,-0.0127275315884671
2416,-0.019627063669831,-0.0206137816875652,-0.0213380151404405,-0.0213808035117325,-0.0214999833078621,-0.0214769512783815,-0.0191625411806113,-0.0165970277091208,-0.016148577065199,-0.0158270468667405,-0.0158537707359519,-0.0163017809698997,-0.0160809789204664,-0.0159928183793721,-0.0157750379774991,-0.0152144735016847,-0.0151978516624787,-0.015402548216977,-0.0158060280996943,-0.01580130847858,-0.0160663466290984,-0.0160885987452199,-0.0158238377089031,-0.0160158110193948,-0.0162981761252116,-0.0163333449900699,-0.0167754500697419,-0.0171499989310609,-0.0173584517627661,-0.0155682829475626,-0.011525921415196,-0.0128245283505636,-0.0127101408055291
2414,-0.0196144408274106,-0.0205633677989179,-0.0212284856343341,-0.0213140903824338,-0.0213960937580379,-0.02140132494436,-0.0190763202192758,-0.016528385222107,-0.0160857432548838,-0.0157536515972308,-0.0157770818162297,-0.0161906852527745,-0.0159731413177598,-0.0159086174325166,-0.0156915215606161,-0.015180734091559,-0.0150983108614653,-0.0152988295234188,-0.015722059156959,-0.015721707517094,-0.0159807011633063,-0.0160110755295177,-0.0156700589072437,-0.0159754144629007,-0.0162487861648443,-0.0162893968779498,-0.0166933827088333,-0.0170353812478922,-0.0173261122288903,-0.0154901064511749,-0.011419770637917,-0.012732207380318,-0.0126517083927741
2412,-0.019587458593976,-0.0205535354449495,-0.0211785708794346,-0.0212446589709355,-0.0213308209843918,-0.0213294517996283,-0.0190165481988771,-0.0164238995603948,-0.0160447908711894,-0.0156937124216415,-0.0157398795035457,-0.0161021703410565,-0.0158723129592962,-0.0158346003237044,-0.015642768829769,-0.0151294824557179,-0.0150214247980708,-0.0152614449354544,-0.0156650556449447,-0.0156887249451609,-0.0159120612745361,-0.0159550993049041,-0.0155472463132568,-0.0159183433588646,-0.0162139440047141,-0.0162118589583086,-0.0166364701108179,-0.0169008895742166,-0.0173095190599362,-0.0154635064982632,-0.0114176995073683,-0.0126874013837202,-0.0126183898097246
2410,-0.0195582503893388,-0.0205850022467936,-0.0211865248210231,-0.0212178856513009,-0.0213137791703242,-0.0212879090012982,-0.0190073693024041,-0.0163561269920156,-0.0160622662344963,-0.0156870986939556,-0.0157884674006406,-0.0160817486620721,-0.0158317727820945,-0.0158235601426537,-0.0156487294164851,-0.015094673946762,-0.014994371467263,-0.0153175135330319,-0.015651126209087,-0.0157204968709291,-0.0158749423832108,-0.0159639052327903,-0.0154897212198736,-0.0158609683661646,-0.0161889408410125,-0.0161436808734714,-0.0166528802924561,-0.0168154413780606,-0.0173203626452439,-0.0155004608492069,-0.011499928615061,-0.0127155596829391,-0.0126234136354354
2408,-0.0195078446920327,-0.0205751415745562,-0.021159850894228,-0.0211870547499918,-0.021279491728805,-0.0212152015781888,-0.0189677128806759,-0.0162781778982648,-0.0160369904152427,-0.0156567408631772,-0.0157984747856739,-0.0160451664187383,-0.0157711018678199,-0.0157916621763142,-0.0156128002958402,-0.0149972112004546,-0.0149118890245881,-0.0153256438237339,-0.015551782387939,-0.0156788018488606,-0.0157760996912842,-0.0159396041793961,-0.0154069643635677,-0.0157559353656914,-0.0160799585933272,-0.0160238354704125,-0.0166425760441025,-0.0167411201052351,-0.0172683422084526,-0.0154637864577109,-0.0115166870006709,-0.0127015793517765,-0.0125826512122641
2406,-0.0194282461961545,-0.0204925031324864,-0.0210805431402688,-0.0211107170754483,-0.0212099934452477,-0.0211021157326526,-0.0188579196703028,-0.0161380242412407,-0.0159048098646717,-0.0155397890052728,-0.0156796155882933,-0.0159264963296601,-0.0156239632620098,-0.0156686897953654,-0.0154873861772048,-0.0147984534502481,-0.0147251614674637,-0.0151975769167268,-0.0153267479792248,-0.0154861764742306,-0.0155913587780711,-0.0158100406919853,-0.0152721674551879,-0.0155920364669553,-0.0158823127611531,-0.0158195788276435,-0.0165329680214256,-0.0166513630441204,-0.0171291280955059,-0.0152929512139925,-0.0113988373486309,-0.0125849229341939,-0.0124633119723992
2404,-0.0193356180276708,-0.0203864979632801,-0.0210130387800894,-0.021023478833048,-0.0211523603502737,-0.0210153805056777,-0.0187354169715932,-0.0159943931358155,-0.0157487542574199,-0.0153893081004587,-0.0155102728913314,-0.0157797302128014,-0.0154569578716552,-0.0155111034137599,-0.015361347719472,-0.0145928353080804,-0.0145288351625881,-0.015024057633712,-0.0151157762315523,-0.0152489242181537,-0.0154333188195324,-0.0156435582838295,-0.015177656876225,-0.0154361483046962,-0.0157179880513553,-0.0156201994462657,-0.0163948601086895,-0.016596005064345,-0.0170010717166974,-0.0151121669309339,-0.0112307983298302,-0.0124563706288683,-0.0123543176705265
2402,-0.0192376458085345,-0.0202860113329022,-0.0209671768367578,-0.0209728267580411,-0.0211186031646055,-0.0209795882854449,-0.0186519799898811,-0.0159321311134145,-0.0156619616171012,-0.0152867658185952,-0.0153972283390058,-0.0156839256893773,-0.0153671412204988,-0.0154031841122759,-0.0153260604171095,-0.0144814061014432,-0.0144104562570218,-0.0149165245657547,-0.0150327866656048,-0.0151023136485789,-0.0153841779813685,-0.015538845826897,-0.0151726770963929,-0.0153366745696832,-0.0156562764870109,-0.0155154981762851,-0.0163189780571168,-0.0165965028714302,-0.0169444431729504,-0.0150433886289193,-0.0111010250380807,-0.0123908179855311,-0.0123196089446964
2400,-0.0191299535723482,-0.0201780985025293,-0.0208906575769383,-0.0209555540469864,-0.0210727148691211,-0.0209519375216512,-0.0186037521537691,-0.0159443817625621,-0.0156256281708934,-0.0152419622987734,-0.0153361350825096,-0.0156478098248335,-0.0153624437434296,-0.0153532608746992,-0.0153595996809762,-0.0144619994499308,-0.0143471490529736,-0.0148654444788499,-0.0150262198506529,-0.0150565588455645,-0.0153897380332959,-0.015502513791119,-0.0151898929803812,-0.0152707042450925,-0.0156359894915494,-0.0154843282603487,-0.0162953696871769,-0.0165896123589485,-0.0168973146403309,-0.0150499161296856,-0.0110104636891077,-0.0123344540663071,-0.0123003708961392
2398,-0.0190213197243672,-0.0200796619498619,-0.0207865736459869,-0.0209425019088846,-0.0210142477993574,-0.0209110470488034,-0.0185882341581372,-0.0159679322382198,-0.0155913528669152,-0.0152284257930421,-0.0152828612510688,-0.0156494248911565,-0.0154021948619886,-0.0153412484863769,-0.0153889327372802,-0.0144875175768609,-0.0142986287600868,-0.0148213953794547,-0.0150056417862257,-0.0150509581948417,-0.0153723938728869,-0.0154854576596838,-0.0151705165824873,-0.0152141612851586,-0.0155994544539888,-0.0154681273621154,-0.0162803653661584,-0.0165331745436833,-0.0168047345464263,-0.0150397948998157,-0.0109514248946182,-0.0122342434476398,-0.0122313310351336
2396,-0.0189265247305622,-0.0200251393995814,-0.0207132919757047,-0.0209095303186999,-0.0209783161503935,-0.0208697658823868,-0.018609236355901,-0.0159716673152747,-0.0155705066713363,-0.0152345742272151,-0.0152456512870026,-0.0156785722394754,-0.0154621760292052,-0.0153697233871821,-0.0153751445920374,-0.0145290058292011,-0.0142774371622107,-0.0147884722874701,-0.0149672935225627,-0.0150482952162005,-0.0153352827844353,-0.015454814585451,-0.0151364242621774,-0.0151784965280776,-0.0155692814322189,-0.015455819177342,-0.0162765632921283,-0.0164741753637368,-0.0167123021939353,-0.0150030955287554,-0.0109474161214255,-0.0121429563763711,-0.012144212455688
2394,-0.0188465967172894,-0.0199887346359382,-0.0206755972816994,-0.0208352634581315,-0.0209565897404766,-0.02081268555067,-0.0186232209856464,-0.015956560060667,-0.0155737988660414,-0.0152363702318524,-0.0152357091811484,-0.0157060360930946,-0.0155108645077716,-0.0154153654884488,-0.015304586482144,-0.0145459231664081,-0.0142794783632153,-0.0147686601304859,-0.0149329738483386,-0.0150236022834698,-0.0153038239321074,-0.01539054489201,-0.015102006361833,-0.015155060196007,-0.0155545202642097,-0.0154395024610056,-0.0162801687782232,-0.0164553255861084,-0.0166700880270403,-0.0149679033265814,-0.0109758704202972,-0.012114297312485,-0.0120867484408745
2392,-0.0187877607993984,-0.0199182981879782,-0.0206287825122661,-0.0207202479227909,-0.0209067016265124,-0.0207185550817998,-0.0185744385026384,-0.0159240438390198,-0.0155599449296356,-0.0151954245491124,-0.0152201291755528,-0.015691400456347,-0.0155068170687938,-0.0154178884963186,-0.0151810249756836,-0.0144945972261714,-0.0142590644531983,-0.0147206876638015,-0.0148873299918172,-0.0149551842637,-0.0152664449955526,-0.0152871999823583,-0.0150361097200347,-0.0151117598184686,-0.0155098154891939,-0.0153879777900403,-0.0162413649199874,-0.0164383784563914,-0.0166472826224738,-0.0149191532910735,-0.0109599490049709,-0.0121104380802306,-0.0120405920302364
2390,-0.0187756651570127,-0.0198377833538353,-0.020581586066149,-0.0206099792665414,-0.0208353400606462,-0.0206316352373282,-0.0184856229582435,-0.0158855879018624,-0.0155068750280137,-0.0151203206375776,-0.0151806227226599,-0.0156443125328006,-0.015456767374192,-0.0153618064949997,-0.015054329159393,-0.0144003457105937,-0.0142145485554273,-0.014635463002468,-0.0148348868662579,-0.0148726673811686,-0.0152219873465834,-0.0151885662193987,-0.0149526486910266,-0.0150648538763264,-0.0154305765815406,-0.0153207832086703,-0.0161394387275124,-0.0163740397804143,-0.0166045003446325,-0.0148389115133619,-0.0108749349152737,-0.0120856151530094,-0.0119833023660115
2388,-0.0188196649721745,-0.0198233082979279,-0.0205895379440151,-0.0205576264983541,-0.0207949678223943,-0.020620495909479,-0.0184334743356151,-0.0158560016124925,-0.0154520247855424,-0.0150637573448557,-0.0151411712044619,-0.0156085156762712,-0.0154064641482065,-0.0152957263309061,-0.0149826599070082,-0.0143347017826596,-0.0141985833701549,-0.01456612719935,-0.0148174121911189,-0.0148367911952966,-0.0151994068446519,-0.0151526891795662,-0.014924669127438,-0.0150703218745756,-0.0153756944927486,-0.0153140347913436,-0.0160254662277204,-0.0162772483753151,-0.0165652826914977,-0.0147560446211199,-0.0107748690318201,-0.0120548049848198,-0.0119350956410297
2386,-0.018895464033773,-0.0198907952324078,-0.0206577742590617,-0.0205787201844965,-0.0208106470751247,-0.0206836957964663,-0.018443307051298,-0.0158166765089332,-0.0154170454263428,-0.0150414144857243,-0.0151079260427928,-0.0155853891475851,-0.0153646061052462,-0.015250419514619,-0.0149584731646336,-0.014308440733951,-0.0142177310403572,-0.0145456031589281,-0.0148356100018322,-0.0148507155886077,-0.0151990559203942,-0.0151744259209749,-0.0149680245966988,-0.0151338101465108,-0.0153658880473267,-0.015384407476226,-0.0159487483640142,-0.0161921715014789,-0.0165622957602548,-0.0147017691808229,-0.0106967814796317,-0.0120195977581879,-0.0118877149451721
2384,-0.0190039872963774,-0.020007245659791,-0.0207597252593464,-0.0206876273325081,-0.0208885976446606,-0.0207894731681258,-0.0184958632961854,-0.0157471755312806,-0.0153860449368244,-0.0150368593893668,-0.0150781888062552,-0.0155637761092875,-0.0153293485240224,-0.0152323969524968,-0.0149569972353384,-0.0142931854109333,-0.0142368987261381,-0.014570481179137,-0.0148625344107391,-0.0148853553218823,-0.0152096684804432,-0.0152275137659662,-0.0150310525627672,-0.0152257918376101,-0.0153818354330179,-0.0154716779963394,-0.0159260248659123,-0.0161614963794489,-0.0165984907972681,-0.0146906552473669,-0.0106432782905774,-0.0119453701023841,-0.0117955376164569
2382,-0.019213361779229,-0.0202048351966359,-0.0209452310297383,-0.0209432727994719,-0.0210765809651413,-0.0209827635292212,-0.018624027882069,-0.0157057972268727,-0.0154029224987114,-0.0151035116987927,-0.0151369339940023,-0.0156236497422974,-0.0153923599094502,-0.0153186933616198,-0.0150526333295916,-0.0143580474635646,-0.0143127138493356,-0.0146932850805524,-0.0149652979674524,-0.01500452349547,-0.0153084781569443,-0.0153822386036499,-0.0151416705550478,-0.0153961488243473,-0.015492672802732,-0.0155859062315231,-0.0160203074950991,-0.0162690627849367,-0.0167172785701585,-0.0147879724962917,-0.0106786264863257,-0.0118798766130022,-0.0117021127580202
2380,-0.019588758045527,-0.0205744872921511,-0.0213165000880208,-0.0213874377841529,-0.0214225683380535,-0.0213456988255815,-0.0188988315580408,-0.0157961774448865,-0.0155836950212185,-0.0153549291221705,-0.0154268903987702,-0.0158915117430928,-0.0156897493514942,-0.0156382593974617,-0.0153699874144771,-0.014650168285032,-0.0145898521275746,-0.0150113277830995,-0.0152845352103036,-0.0153407119974205,-0.0156305257576171,-0.0157646974614637,-0.0154356463547497,-0.0157564629480158,-0.0158411972228484,-0.0158539766902721,-0.0163412602048658,-0.0166178274756664,-0.0170227169940823,-0.015100879987596,-0.0109145752690988,-0.0119702529322994,-0.0117621820743991
2378,-0.0200974341727046,-0.0211231103525533,-0.021874259295347,-0.0219502363475094,-0.0218716891688309,-0.0218519615813036,-0.0193031812469501,-0.0160150497063984,-0.0159518549692085,-0.0157937930892565,-0.0159480734563597,-0.0163495996785838,-0.016197713405377,-0.016188083428742,-0.0158826534828202,-0.015177238950561,-0.0150875867633905,-0.0155005868599884,-0.0158235355726225,-0.0158901435669252,-0.0161750874729265,-0.0163548760165057,-0.0159557494488584,-0.016295316356795,-0.0164202205532199,-0.0163307716057175,-0.016884731404354,-0.0171856666501847,-0.0175443653247955,-0.0156232475987044,-0.0113356008856879,-0.0122568282891138,-0.0120358656315497
2376,-0.020639027339129,-0.0217274120478531,-0.0224824922470299,-0.0224966684421131,-0.0222986357106648,-0.0223636756090738,-0.0197138467489377,-0.016213352261086,-0.0163386885807473,-0.0162378234580712,-0.0164790374715886,-0.0167945988347033,-0.0166910283565779,-0.0167586047140342,-0.0163728317144079,-0.01572398163118,-0.0155987831940554,-0.0159706588844138,-0.0163719160213335,-0.0164451858649838,-0.0167400525655866,-0.0169326845138468,-0.0165268752990689,-0.0168169365357297,-0.0169875505103331,-0.0168590871700783,-0.017454665330197,-0.0177723708755472,-0.0181376725904146,-0.0161624580368445,-0.0117426650970997,-0.0125463250276628,-0.0123457554303633
2374,-0.0211668946020393,-0.0222746439090336,-0.0230304454341639,-0.0229831195067174,-0.0226766302974643,-0.0228060051347224,-0.0200564964631083,-0.0162876312939186,-0.0165602695708402,-0.0165191941922258,-0.0168127264936881,-0.0170779500840798,-0.0170096649557664,-0.017152810721291,-0.0166863873590729,-0.0161016035967018,-0.0159296900861177,-0.0162998194497089,-0.0167595504694908,-0.016845258768345,-0.0171526608371153,-0.0173286348035561,-0.0169629732246717,-0.0171720389180834,-0.0173454090349644,-0.0172580134536487,-0.0178678201151045,-0.0182049394749756,-0.0186231630727252,-0.0165377333809349,-0.0119813611947584,-0.0126400607904741,-0.0124810495838525
2372,-0.0217119961982231,-0.0227740359657619,-0.0235470529827,-0.0234874344028054,-0.0231230420470896,-0.0232490553889482,-0.0204027990728088,-0.0163485864236073,-0.0166636541085682,-0.0167141420466044,-0.0170257021822849,-0.0173168990899415,-0.0172844963498171,-0.0174370270869747,-0.0169527298252112,-0.0164098165093857,-0.0161815461209338,-0.0166368299125734,-0.0171086339251683,-0.0172174286809459,-0.0175002128896527,-0.0176619744817208,-0.0173413335274951,-0.0174850776431415,-0.0176357425448866,-0.0176066846937835,-0.0182016320123701,-0.0185692846540145,-0.0190105115549954,-0.0168258830005519,-0.0121603973002216,-0.012639455213322,-0.0125059606982921
2370,-0.0222615015177651,-0.0232607766062323,-0.024081764829461,-0.0240390393096516,-0.0236983426944029,-0.0237478772529686,-0.0208342481624741,-0.0165619062704095,-0.0168568688246657,-0.0170293877252338,-0.0173574831363597,-0.0177221599524699,-0.0177345179213743,-0.0178289323908495,-0.0173979817957671,-0.0168793225727968,-0.0166110433408561,-0.0171882849931822,-0.0176485405027657,-0.0177843111218307,-0.017978373363616,-0.0181673012290895,-0.0178791451114479,-0.0179877357265358,-0.0181491058313902,-0.018139792106322,-0.0186749338569513,-0.0190824740488157,-0.0194564122830616,-0.017256142102688,-0.0124832665668861,-0.0128167766095322,-0.0126682823208127
2368,-0.0227103665969107,-0.0236831110471056,-0.0245733760530498,-0.0245293393654163,-0.0242650425358122,-0.0242165230848583,-0.0212897598361364,-0.0168732305904396,-0.0172047227149602,-0.0174868932131792,-0.0178475148007391,-0.0182716246618615,-0.0183173442595514,-0.0183640950505924,-0.0179980595572389,-0.0175023986214724,-0.0172374006900031,-0.0178640071163974,-0.0183340980407841,-0.0184861353123315,-0.0185633396003736,-0.0188253076117504,-0.0185570616485964,-0.0186600389324214,-0.018873213570116,-0.0188527573760441,-0.0192939100117292,-0.0197378977688932,-0.0199991766359458,-0.017861689884873,-0.0129260304897841,-0.0131983447791508,-0.0130028060699483
2366,-0.0229963555371319,-0.0239891483907203,-0.0249478003437558,-0.0248756023545012,-0.0246631172647774,-0.0245661341425152,-0.0216574915059594,-0.0170872826773352,-0.0175745968421094,-0.0179126796143067,-0.0183006248046481,-0.0187528783649435,-0.0188069781846423,-0.0188681365579036,-0.0185235988302165,-0.0180491074538163,-0.0178225333460844,-0.0183780251220691,-0.0188947795699277,-0.0190434197668725,-0.0190453546798696,-0.0193832978884682,-0.0191162956308374,-0.0192488785260701,-0.0195035656227126,-0.0194655216959532,-0.0198320425622933,-0.0202844863302306,-0.0205021898718728,-0.0184331835466413,-0.0133003369468213,-0.0135464703647813,-0.0132836143399796
2364,-0.0231694384979913,-0.0242091439112776,-0.025218790774289,-0.0251237161786616,-0.0248895699504238,-0.024816673166797,-0.0219059264715519,-0.0171576240000178,-0.0178524895911074,-0.0181938411584088,-0.0185724207796859,-0.0190573929054573,-0.0191140765105047,-0.019214235303622,-0.0188505445745957,-0.0183910574721237,-0.0182061152034809,-0.0186288927385272,-0.0191987176727201,-0.0193390263439989,-0.0193229186694934,-0.0196915739090776,-0.01941470614676,-0.0195995885912752,-0.0198605710690725,-0.019799244961021,-0.0201439144316621,-0.0205534987180859,-0.0208516303913556,-0.0188073455203777,-0.0135478808189099,-0.0137323607273931,-0.0133747582585926
2362,-0.0232693775334461,-0.0243507017463135,-0.0253861192162396,-0.0252959466923414,-0.0249963061898927,-0.0249720319290049,-0.0220208750006709,-0.017189671446101,-0.0180184093516064,-0.0183446900697424,-0.0186696787137904,-0.019225668230126,-0.0192837000418334,-0.0194039158555356,-0.0190115050975497,-0.0185682295787006,-0.0184179322343563,-0.0187271666450104,-0.0193164747374935,-0.0194751614907382,-0.0194488583832222,-0.0197974738696017,-0.019534142680574,-0.0197530047609878,-0.0200146288621851,-0.0199307163286011,-0.0202735931466455,-0.0205970616997928,-0.0210378850519855,-0.018995829230654,-0.0137297517842748,-0.0138298423706929,-0.0133585244240893
2360,-0.0232603074787999,-0.0243430572746434,-0.025381427184944,-0.0253075968571662,-0.0249676913214095,-0.0249596818518962,-0.0219532782002466,-0.0172276509304535,-0.0180570483870745,-0.0183766366663556,-0.0186230298776409,-0.0192788444093431,-0.0192990395632188,-0.0194481897983394,-0.0190272057621479,-0.0186018078588201,-0.0184979137176296,-0.0187338870658592,-0.0193066966070966,-0.0195095263262884,-0.0194599189116055,-0.019766893687415,-0.0195550062309621,-0.0197651997642384,-0.020043082339553,-0.0199571814800943,-0.0202755575446539,-0.0205163404438715,-0.0210596325364706,-0.0190429562811548,-0.013824856373713,-0.0138697982750446,-0.0133202252971541
2358,-0.0231071160855954,-0.0241408034684102,-0.0251706223349003,-0.0250998020009666,-0.0247789154828048,-0.0247526287279864,-0.0217046940839918,-0.0172211455693603,-0.017956065279963,-0.0182673331302825,-0.0184405404969942,-0.019173478444857,-0.0191026532003994,-0.0193188838095514,-0.0188630435400212,-0.0184370416482293,-0.01839713099849,-0.0185954090925565,-0.019143874185626,-0.0193633367529915,-0.019328555714993,-0.019592439186498,-0.0194302016003821,-0.0196055246609151,-0.0199014918723466,-0.0198230585276713,-0.0201089963947219,-0.0203148929635208,-0.0208745410934303,-0.01891129390431,-0.0137497911911722,-0.0137738398155086,-0.0132379244194729
2356,-0.0227842124068918,-0.0237441932542712,-0.0247548841198894,-0.0246835213984126,-0.0244169563710877,-0.0243715422698443,-0.0213243112684066,-0.017117425138579,-0.0177274557222159,-0.017993766660608,-0.0181246036092887,-0.0188532527384497,-0.0186974175484569,-0.01896273357855,-0.0184830124711186,-0.0180221713324721,-0.0180348010292015,-0.0182543825021397,-0.0187796911166639,-0.0189538282079279,-0.0190066726795784,-0.0192287441778036,-0.0190693797468285,-0.0191996762043698,-0.0195114085908483,-0.0194101914114701,-0.019699057486216,-0.0199202198419587,-0.0204308314118383,-0.0185092471665876,-0.0134723035643901,-0.0135049322526687,-0.0130696409877311
2354,-0.0222612006429531,-0.0231531694646875,-0.0241208399601865,-0.0240745025395085,-0.0238512181314915,-0.0238016975141332,-0.0208239608581447,-0.0168639193647838,-0.01735399272359,-0.0175289849811815,-0.0176522526329758,-0.0182919147972631,-0.018117855028666,-0.0183410388064471,-0.0178825744824735,-0.0173700333615423,-0.0173938499594709,-0.0177000196676621,-0.0181856669295948,-0.0182990154865446,-0.0184574331947752,-0.018645741767715,-0.0184518347080247,-0.0185242211211821,-0.0188646809513782,-0.0187083773639412,-0.01903660557011,-0.019291373146048,-0.0197377914687965,-0.017808343006395,-0.0129923654194896,-0.013100536480608,-0.0127896847731679
2352,-0.0216276784294663,-0.022467192814362,-0.0233704270169641,-0.0233713555155331,-0.0231597580011464,-0.0231144947434572,-0.0202545176329248,-0.0164467143608167,-0.0168438822352262,-0.0169196753042894,-0.0170546302238196,-0.0175914996729118,-0.0174487618777477,-0.0175616936006765,-0.01717137132505,-0.0166204145809006,-0.0166214578481488,-0.0170239201801429,-0.0174532199483856,-0.0175496715386557,-0.0177647378880876,-0.0179358504355249,-0.0177085783436703,-0.0177257015023018,-0.0181004345005401,-0.0179013699510792,-0.0182672993593255,-0.0185417366958341,-0.0189609224924991,-0.0169739614228266,-0.0123638898940153,-0.0126252403435195,-0.0124044971191524
2350,-0.0211192695369724,-0.0219277142967712,-0.0227679649073184,-0.0228103330605371,-0.0225871882411354,-0.0225501256339951,-0.0197898012622682,-0.0159767595983612,-0.0163393403285654,-0.0163458262404255,-0.0165054811485599,-0.0169911926920183,-0.016882331579139,-0.0168958445419235,-0.0165864590630812,-0.016017332224534,-0.015989729836802,-0.0164457751780854,-0.0168293264313454,-0.0169370023105405,-0.0171668723279582,-0.0173373039895073,-0.0170868381761074,-0.0170903125776128,-0.0174749348082368,-0.0172723380617499,-0.0176537150961622,-0.0179161260102082,-0.0183759599992286,-0.0163067274895461,-0.0117630753595363,-0.0121950964963877,-0.0120124904154088
2348,-0.0209407649891687,-0.0217565252897234,-0.0225491831733606,-0.0226175696153345,-0.0223669781837464,-0.0223389564765431,-0.0196114397847628,-0.0156429697929697,-0.0160504115589608,-0.0160211875894581,-0.0162293786923973,-0.0167118490456,-0.0166285834093412,-0.0165983801278483,-0.0163483889816983,-0.0157742272664161,-0.0157282040061127,-0.0161957968389218,-0.0165655054801148,-0.01665512773199,-0.0169023059273484,-0.0170862214817573,-0.0168086976657182,-0.0168594641832441,-0.0172169007549844,-0.0170370701665297,-0.0174205172302079,-0.0176378522399044,-0.018195978324032,-0.0160492265128366,-0.0114156869012804,-0.0119677485468537,-0.0117727748997512
2346,-0.0211237092541395,-0.0219952604274491,-0.0227504239767084,-0.0228398871588521,-0.0225443109397316,-0.0225145284038809,-0.019761044957623,-0.0155882280871088,-0.0160948426574936,-0.0160581825692648,-0.0163409409243298,-0.0168166959075509,-0.0167590217007844,-0.0167504009460947,-0.0165173658522989,-0.0159533101894355,-0.0159002792031795,-0.016356368406928,-0.016742740090033,-0.0167651585189176,-0.0170460470911395,-0.0172604894545371,-0.0169532776071093,-0.0170825373755459,-0.0173955647338868,-0.0172401752789629,-0.017628107844627,-0.0177920804422873,-0.0184467998314175,-0.0162621244277321,-0.0114525999276283,-0.0120433179578952,-0.0117887509019029
2344,-0.0214805313610964,-0.0224350069855381,-0.0231551238937423,-0.0232607203484352,-0.0229112453079252,-0.0228597985828352,-0.0200802786689604,-0.0157941115979054,-0.0163734025770296,-0.0163633737863347,-0.0167218016412798,-0.0171494097851233,-0.017101600441833,-0.0171813801637851,-0.0169165863348538,-0.0163862053168655,-0.0163357583925988,-0.0167496002808455,-0.0171667812144572,-0.0171276312703199,-0.0174229994628092,-0.0176851944711489,-0.0173707399000896,-0.0175441458114035,-0.0178321035835044,-0.017687699508192,-0.0180904214707912,-0.0182420173146596,-0.0189064628149064,-0.0167544075868674,-0.0117881166281849,-0.0123442549054616,-0.012003640316013
2342,-0.0217284406682177,-0.0227537799170057,-0.0234554019848872,-0.0235457921826031,-0.0231660280776249,-0.0230859109779743,-0.0203310652246262,-0.0160735696117288,-0.0166343160798043,-0.0166792082141651,-0.0170832451804026,-0.0174438770885401,-0.0173633117453778,-0.0175740956552207,-0.0172466090203632,-0.0167653040225993,-0.0167305476100977,-0.0170545823820348,-0.0175011978171321,-0.017483999969466,-0.0177365467622113,-0.018042996066213,-0.0177582356436111,-0.0179024380684457,-0.0182057852290587,-0.0180565993748549,-0.0184810503130159,-0.0186854617318681,-0.0192460688193864,-0.0171827566332375,-0.0121634606611096,-0.0126484049957576,-0.0122499979534757
2340,-0.0217752499097299,-0.0228472915356641,-0.0235751320105551,-0.0236102790125821,-0.0232457643557499,-0.0231491472568416,-0.0204412218056036,-0.0162689044451643,-0.0167618097777467,-0.0168558393210863,-0.0172722000409005,-0.0175930763050573,-0.0174609367307151,-0.0177726722038061,-0.017391159433842,-0.0169432249267844,-0.0169426560808319,-0.0171731133188803,-0.0176413111195965,-0.0177165022900195,-0.0178917698373655,-0.0182104274349036,-0.0179634878060639,-0.0180394539076402,-0.0183862902038658,-0.0182263278388824,-0.0186694302612177,-0.0189451995248726,-0.0193761406031988,-0.0173850653484988,-0.0124201403808846,-0.0128326226994034,-0.012450630235426
2338,-0.0217325657816864,-0.0228308806818435,-0.0236290528103087,-0.0236154850555434,-0.0232858995205531,-0.0231798402926894,-0.0204699364808648,-0.0163570175679077,-0.016811097675104,-0.016925229535259,-0.0173299118572734,-0.0176375744128934,-0.0174902441599609,-0.0178047425242566,-0.0174139048934254,-0.0169583988462235,-0.0170021497468794,-0.0172192073232955,-0.0177005002011845,-0.0178438226138726,-0.0179600095604921,-0.018267204249552,-0.0180261257102786,-0.0180484814266686,-0.0184377833215884,-0.0182828922589773,-0.0187318899960801,-0.0190425334014749,-0.019413565325184,-0.0174246866048733,-0.0125506453381315,-0.0129059032867988,-0.0125919451626848
2336,-0.0216698679940217,-0.0227556910643273,-0.0236274486038462,-0.0236133055188338,-0.0233005515521116,-0.0231754095482962,-0.0204017394522229,-0.016316085461755,-0.0167565115824323,-0.016876672894939,-0.0172398657240269,-0.0175447014746985,-0.0174195878200186,-0.017646250230483,-0.017293529720225,-0.0167982878015602,-0.0168641440927428,-0.0171630641671888,-0.0176542665007217,-0.0177882098951494,-0.0178794836687171,-0.0181904041938443,-0.0179183701886455,-0.0179181065752229,-0.0183237110504981,-0.0182068950034609,-0.0186411565915928,-0.0189610675379101,-0.0193339104376691,-0.0173065315992873,-0.0124823826961308,-0.0128117253510094,-0.0125508384998589
2334,-0.0215615628595329,-0.0225930507526458,-0.0234982047617896,-0.0234988006790677,-0.023188304954326,-0.0230413563078975,-0.020198811228531,-0.0161076529024261,-0.0165158336768925,-0.0166449871377642,-0.0169413934989772,-0.0172784228221267,-0.0171618222614016,-0.017283282513836,-0.0169792313395735,-0.016445883185626,-0.0164765481510835,-0.0168748389735504,-0.0173806758026532,-0.0174569806072124,-0.0175444210183709,-0.0178858623363761,-0.0175750772921848,-0.0175854508561965,-0.0179707600316418,-0.0179069053164245,-0.0183084702958332,-0.0186497120736115,-0.0190171021520731,-0.0169796785940168,-0.0121421184533237,-0.0125019450851044,-0.012243126226627
2332,-0.0214000517041863,-0.0223914596644842,-0.0232812709675225,-0.0232425460256557,-0.022955093235053,-0.0228086771948335,-0.0199451491309437,-0.0158097133663327,-0.0161848539518573,-0.0163075543601542,-0.016551268625289,-0.0169793939426246,-0.0168418962141442,-0.0168961924798096,-0.0166104835849543,-0.0160651700340906,-0.016013861606901,-0.0164511170625074,-0.0169685133604463,-0.016994003248163,-0.0170915187881166,-0.0174562956091396,-0.0171318480107764,-0.0171916162026696,-0.017533068298756,-0.017492614882855,-0.0178709513773282,-0.0182367755613709,-0.0185614457023356,-0.0165593451485134,-0.0116959772296717,-0.012151190153931,-0.0118767347393091
2330,-0.0212294198099973,-0.0222494154326717,-0.0230929929680636,-0.0229578356898597,-0.0227228959437219,-0.0226003174769349,-0.0197659605691604,-0.0155893031780091,-0.0159807255240534,-0.0160589341806778,-0.0162977385981991,-0.0168340118781948,-0.0166869822223072,-0.0167049836908697,-0.0164085209104465,-0.0158766220462566,-0.0157623045565915,-0.0161686490486916,-0.0166660254306213,-0.0166796567340199,-0.0167940527309606,-0.0171448311108067,-0.0168471759980201,-0.0169752214674643,-0.0172757092517888,-0.0172157047991181,-0.0176152738735868,-0.0179697883565478,-0.0182469183575947,-0.0162713860484564,-0.0114377830420023,-0.0120127272886832,-0.0117602328098268
2328,-0.0210931291749949,-0.0221810298154143,-0.02296035662372,-0.0227479994644455,-0.0225561578897093,-0.0224543440444112,-0.0196706234038674,-0.0155132728610184,-0.0159513152336632,-0.0159688048725674,-0.0162340418763753,-0.0168258287623224,-0.0166985082375971,-0.0166900302656487,-0.016392871238458,-0.0158901461930006,-0.0157919751811762,-0.0161172351667729,-0.0165485778854312,-0.0165990071711776,-0.0167155311165788,-0.0170248521329997,-0.0167896920917892,-0.016957973438683,-0.0172322961069029,-0.0171482970288862,-0.0176138571490089,-0.0179210886773429,-0.0181846627604588,-0.0161835981585006,-0.0114419161811647,-0.0120838139901135,-0.0118898016912202
2326,-0.0210054199080495,-0.0221231147472353,-0.0228208069398966,-0.0226136599610315,-0.0224160392655494,-0.0223198549723775,-0.0195773251047571,-0.0154942033422455,-0.015928975307083,-0.0159162097136253,-0.0161930817458882,-0.0167792123374189,-0.0166629989506056,-0.0166441682989035,-0.0163833900601739,-0.015921955688025,-0.0159100636261826,-0.0161113309311629,-0.0164612945223414,-0.0165881956922066,-0.0166800606011561,-0.0169465198629695,-0.0167841609212399,-0.0169447710154233,-0.0171969389921085,-0.0171240836317772,-0.0176553538143164,-0.0179192546793798,-0.0182046967880969,-0.0161586331572192,-0.0115138365281879,-0.0121247748802106,-0.0119651235547845
2324,-0.0209383104445314,-0.0220226941619929,-0.0226286846470069,-0.0224935191374151,-0.0222510309746235,-0.0221652007320935,-0.0194331486540936,-0.0154304647862726,-0.0157744352924772,-0.0157734614733248,-0.0160218343112594,-0.0165943780584555,-0.0164565148738846,-0.0164478636495826,-0.0162434859577688,-0.01582900582304,-0.0159053051199217,-0.0159664896239554,-0.0162683132591285,-0.016476967681598,-0.0165420627952695,-0.0167740150601602,-0.0166561873628101,-0.016794370458002,-0.0170188925914575,-0.0169856267738122,-0.0175397209345689,-0.0177816428689353,-0.018096693119694,-0.0160564749187889,-0.0114638798899739,-0.011991085738601,-0.0117988090367344
2322,-0.0208064119026111,-0.0218393626307981,-0.0223727776771172,-0.0223171794104853,-0.022037276804348,-0.0219866745336264,-0.0192361331126294,-0.015311414836472,-0.0155222546155088,-0.0155443970722803,-0.0157329093202169,-0.0163140108967348,-0.0161595626126679,-0.0161579634375629,-0.0159862209562865,-0.0156055900677229,-0.015713906418597,-0.0156918483695623,-0.015991305311897,-0.0162386736041528,-0.0163139567716593,-0.0165194787193165,-0.0163915611794366,-0.0165283434140502,-0.0167318669039052,-0.016731091446621,-0.0172756707208186,-0.0174948038935948,-0.0178215572667851,-0.0158562859070676,-0.0112766495114237,-0.0117702162971122,-0.0115096450120438
2320,-0.0205182687273245,-0.0215209321641084,-0.0220413026370377,-0.0220354087034949,-0.0217567073704662,-0.0217534013647421,-0.018989948960592,-0.0151724751796228,-0.0152699992425052,-0.0153036449563932,-0.015424243950592,-0.0160029209255257,-0.0158784601056518,-0.0158655793365705,-0.0156714521647293,-0.0152943987466978,-0.0153789500342587,-0.0153922528685431,-0.0157025547074945,-0.0159185587768076,-0.0160449937265563,-0.0162393918052011,-0.0160591146465226,-0.0162017443081606,-0.0164112244792804,-0.0164157589815276,-0.0169678076618422,-0.0171564244281319,-0.0174737633080916,-0.0155888446327281,-0.0110172465657373,-0.0115847912420086,-0.0112893841426884
2318,-0.020094357055394,-0.0210745793404184,-0.0216553931695864,-0.0216652365817206,-0.0214171434655917,-0.0214390470437931,-0.0187089497790964,-0.0150207757950402,-0.0150390637481292,-0.0150797737696886,-0.0151508386599284,-0.0156797971489685,-0.015600770502495,-0.0155881709420853,-0.0153234230873032,-0.0149270710461647,-0.0149731988150806,-0.015108086835676,-0.0154121800519752,-0.0155481147879006,-0.01572971798896,-0.01593040386132,-0.015699021404866,-0.0158198642375125,-0.016061133062613,-0.0160494502926348,-0.0166468997499495,-0.0168362281951246,-0.0171410222648349,-0.0152677441222396,-0.0107136258150126,-0.0114144817113568,-0.0111375707269257
2316,-0.0196634154178163,-0.0206112042301026,-0.0212895448241201,-0.021281294914352,-0.0210743713164017,-0.0210818371476299,-0.0184258027880779,-0.0148387029895015,-0.0147973263039256,-0.0148392139898208,-0.0149003058354749,-0.0153524970890573,-0.0152687119197117,-0.0152979636847242,-0.0149510891563431,-0.0145325519340423,-0.0145540232190963,-0.0148004142653091,-0.0150903763548096,-0.0151483705840762,-0.0153633497062493,-0.015569188530266,-0.015312226963659,-0.0153946617308146,-0.0156702635325899,-0.0156302015974213,-0.0162778757746351,-0.0165251900422096,-0.016832436121662,-0.0149066086049502,-0.010366298668364,-0.011175514881215,-0.0109250737060911
2314,-0.0193029247417855,-0.0202339523938753,-0.0209882154119726,-0.0209311363140019,-0.0207754043761457,-0.0207379130415656,-0.0181429959559302,-0.0146206898670691,-0.0145426962278284,-0.0145484613500623,-0.0146349278480737,-0.0150261795669356,-0.0148786757228018,-0.014960042004743,-0.0145605086791301,-0.0141153901031142,-0.0141223571709361,-0.0144190286902749,-0.0147108409875033,-0.0147331548076453,-0.0149683600568362,-0.0151622862887557,-0.0148858991693684,-0.0149564787058609,-0.0152541756361543,-0.0151839917619731,-0.0158550597486061,-0.0161750927107109,-0.0165005090881121,-0.014522701092543,-0.0099773082151402,-0.0108510413657786,-0.0106009188497944
2312,-0.018985680074133,-0.0199465477289993,-0.0207214882052498,-0.020614090557058,-0.0205124870425947,-0.0204234366837967,-0.0178351787633667,-0.0143894105634638,-0.01430667977709,-0.0142219283075938,-0.0143340557036648,-0.0146923733135682,-0.0144653936642034,-0.0145516844160313,-0.0141570768326726,-0.0136610573318466,-0.0136532332479949,-0.0139488367539575,-0.0142637927403385,-0.0143023094305885,-0.0145528861445574,-0.0147267664674407,-0.014416026278778,-0.0145075715898132,-0.0148197445494435,-0.0147425176234958,-0.0154182062981429,-0.0157602081816877,-0.0161079324104948,-0.0141186616720513,-0.0095510308725487,-0.0104784574264169,-0.0102164325910277
2310,-0.0186855525442785,-0.0197041470332062,-0.0204581193402788,-0.0203383540024099,-0.0202600836795549,-0.0201432840697295,-0.017528785986043,-0.0142001734590231,-0.0141250700434811,-0.0139316858162229,-0.0140361920964886,-0.0143796873846858,-0.0140872198146247,-0.0141286405873382,-0.0137965414292286,-0.0132247024491318,-0.0132026228047018,-0.0134590595569154,-0.0138083383778094,-0.0138895665883674,-0.0141391365137064,-0.0143009182826399,-0.0139605091342358,-0.014066482932679,-0.0143910902624534,-0.0143484816629192,-0.0150258705095607,-0.0153296887769458,-0.0156951511286684,-0.0137188097412224,-0.0091393627399495,-0.0101245417474791,-0.0098573435542159
2308,-0.0184320669156659,-0.0194867005610334,-0.0202188573795292,-0.0201258131719935,-0.0200188778457301,-0.0199153129109804,-0.0173071159211224,-0.014115752967276,-0.014026976745342,-0.0137596199798848,-0.0138310793952726,-0.0141762300623355,-0.013835042782027,-0.0138323717970791,-0.0135861827612877,-0.0129469569615602,-0.0129184184295221,-0.0131045301521393,-0.0134864979927072,-0.0135937302114838,-0.0138207806185011,-0.0139772485518377,-0.0136464461436218,-0.0137337977269726,-0.0140635779818169,-0.014074021738244,-0.0147424557597554,-0.0149929600495675,-0.015371567923075,-0.0134004526642099,-0.0088662342817039,-0.00990135735638,-0.0096267785659724
2306,-0.0182317237030525,-0.0192825022660066,-0.0200139539483104,-0.019948075637003,-0.0197942167133308,-0.0197265863405547,-0.0171936947292853,-0.014139623723647,-0.0140047759183754,-0.013708151453643,-0.0137533626160067,-0.0141215283355566,-0.0137590877349998,-0.0137373453926221,-0.0135569135786317,-0.0128937665665203,-0.0128727915816973,-0.0129917514249213,-0.0133878760014513,-0.0134841571869958,-0.0136855439856062,-0.0138384062057231,-0.0135464129159877,-0.0135982539744285,-0.0139196986974879,-0.0139558956553763,-0.0146002505426398,-0.0148086324608504,-0.015196445250805,-0.0132190259203782,-0.008813190212312,-0.00988840896349,-0.0095982544517138
2304,-0.0180328709690535,-0.0190609649743124,-0.0197970893430254,-0.0197336097269592,-0.0195720636310042,-0.019521088324628,-0.017101153008761,-0.0141845100522656,-0.0139824128486234,-0.01367702021792,-0.013705448865347,-0.0141171751591095,-0.0137778333364383,-0.0137345093324937,-0.0135811042953731,-0.0129475991135666,-0.0129461955645038,-0.0130482333604482,-0.0134224660559952,-0.0134935104723072,-0.0136818587065006,-0.0138463337465845,-0.0135716767147098,-0.01359223907514,-0.013894977232867,-0.0139187313054021,-0.0145499707302435,-0.0147094172150844,-0.0150978080155971,-0.0131222377657509,-0.0088934606561035,-0.01000346190435,-0.0097143150970519
2302,-0.0178248159942055,-0.0188252528842041,-0.0195416177864755,-0.0194724071814019,-0.0193525773589632,-0.0192723338936184,-0.0169384493550314,-0.014143575327253,-0.0138686538483152,-0.0135604100284056,-0.0135503389664931,-0.0140257073956609,-0.0137361187408749,-0.0136475514119249,-0.0134998965525659,-0.0129416298117506,-0.0129530379802966,-0.0130878729935955,-0.0134082809979937,-0.0134765189504945,-0.0136552555007772,-0.01385919571624,-0.0135599326725032,-0.0135505639348056,-0.0138338508458776,-0.013836899363689,-0.0144914741056724,-0.01458553264895,-0.0149610468019539,-0.0130028416710043,-0.0089224241375321,-0.0100445475362903,-0.0097949371856157
2300,-0.0177131227186913,-0.018662187797693,-0.0193197722662294,-0.0192645112325482,-0.0191833470240404,-0.0190336204495585,-0.0167296101190283,-0.0140129620998394,-0.0136771572988822,-0.0133740506197558,-0.0132951147181953,-0.0138538783252786,-0.0135920756477221,-0.0134557918775988,-0.0133269363366869,-0.0128784078417551,-0.0128695257810766,-0.0130309809284444,-0.0132978708800875,-0.0133929731114951,-0.0135526846608471,-0.0137987940729636,-0.0134842398525458,-0.0134417836586138,-0.0137128695098206,-0.013702978261464,-0.014396142980752,-0.0144470430023554,-0.0147947484691935,-0.0128472208105219,-0.0088390367957033,-0.0099313484965383,-0.0097364110342459
2298,-0.0178301864939681,-0.0186784486710809,-0.0192453454828587,-0.0192237533383188,-0.0191278671884976,-0.0188819645714284,-0.0165803088838032,-0.0139060405804854,-0.0135344780756969,-0.0132435028013233,-0.0131120754530683,-0.0137509594393003,-0.0134702153449768,-0.0133087811622806,-0.0132317387363166,-0.0129129152071116,-0.0128496262521905,-0.0129911306006926,-0.0132304027079162,-0.0133605336526629,-0.0135017600667751,-0.0137482011263694,-0.013494095838414,-0.0134307356936853,-0.0136989640357183,-0.013661495241802,-0.014357768528749,-0.0144352391275239,-0.0147365049090081,-0.0127661006516322,-0.008771594425758,-0.0098162068423684,-0.0096467012339336
2296,-0.0181870538940391,-0.0188922704047949,-0.0193576120500218,-0.0193663675231167,-0.0192084440973847,-0.0188502790812883,-0.0165592270987278,-0.0139291612747259,-0.0135361507298275,-0.0132592154693084,-0.0131468802123835,-0.013815742113855,-0.0134867362603582,-0.0133173195740939,-0.0133125152144614,-0.0131201008540484,-0.0130072942182218,-0.0131015241278219,-0.0133295487996131,-0.0134911974723591,-0.0136300895843352,-0.0138315285234324,-0.0137096765907824,-0.0136471426061689,-0.0139204434459087,-0.0138326110145072,-0.0144779611852862,-0.014639559238207,-0.0148715613797487,-0.0128555639941126,-0.0088469733593686,-0.0098768306242558,-0.0096945995131574
2294,-0.0186262424013993,-0.0191952776166959,-0.0195831153819194,-0.0195966445807172,-0.0193736986558403,-0.0189269735294584,-0.0166429705414003,-0.0140703901378285,-0.0136379447106306,-0.0133789334425737,-0.0133471749669027,-0.0139739698949666,-0.0135930679497552,-0.013424953590296,-0.0134744707693652,-0.0133826998455427,-0.0132656030690173,-0.0133263054105763,-0.013534071490492,-0.0137307207650318,-0.0138724453993122,-0.0140393540477136,-0.0140403049963538,-0.0139771114862992,-0.0142606137690954,-0.0141497515699152,-0.0147225412959657,-0.0149493804076494,-0.0151021128750885,-0.0130739700195735,-0.0090234812182358,-0.0100783864397402,-0.0098765583160116
2292,-0.0189127600356497,-0.019404953406675,-0.0197782739965808,-0.0197578506426426,-0.019501906030366,-0.0190514999141598,-0.0167349717606308,-0.014210507030847,-0.0137157776533361,-0.0134740134162187,-0.0135092492317802,-0.0140607522297744,-0.0136381258208164,-0.0134989133616015,-0.0135553362215722,-0.0135297169691086,-0.0134431092091896,-0.0134996882008121,-0.0136724983611682,-0.0138975552915808,-0.0140281342160695,-0.0142207470131674,-0.0142620938591626,-0.0141752655039288,-0.0144680978826727,-0.0144044904040242,-0.0149267666433209,-0.0151416480972933,-0.0152383862737974,-0.0132724313114388,-0.0091592235254172,-0.0102252581466394,-0.0100191935031066
2290,-0.0188819279459653,-0.019367149196392,-0.0197966422128742,-0.0197051840959531,-0.0194652336605913,-0.0190971982081342,-0.0167167434466166,-0.0142260431894709,-0.0136936252617574,-0.0134437472101505,-0.0134838783316419,-0.0139687468063299,-0.0135361940337383,-0.0134605165204078,-0.0134828927736027,-0.0134790605663765,-0.013418918287755,-0.0135019658143731,-0.0136399234219864,-0.0138542156932277,-0.0139765199804223,-0.0142287712169528,-0.0142337965754116,-0.0141289192021148,-0.0144222390522691,-0.0144207634196593,-0.014939197411639,-0.0150962950143191,-0.0151835764803022,-0.013312097385574,-0.009164762546341,-0.0102003890420603,-0.0099913403456961
2288,-0.0185291542299425,-0.0190577127631769,-0.0195751408524539,-0.0194068507869838,-0.0192424098589333,-0.0189660923400904,-0.0165410765000822,-0.0140856236686002,-0.0135763342857435,-0.0132744115838189,-0.0132935484279463,-0.0137016978218451,-0.0133131715672074,-0.0132993418797092,-0.013271872800829,-0.0132224449535378,-0.0131814808298271,-0.013322493051178,-0.0134379883191564,-0.0135980411401493,-0.0137504797660629,-0.0140245589542804,-0.0139647667978869,-0.0138952554916739,-0.0141748379130747,-0.0141542877014337,-0.0147241105848212,-0.0148558748337088,-0.0149711352574795,-0.0131375499299857,-0.0090185124694678,-0.010037160820837,-0.0098065808665245
2286,-0.0180129171192154,-0.0186168220024037,-0.0192039601556355,-0.0190032225478334,-0.0189535797364104,-0.0187197810297898,-0.0162968047704529,-0.0138654216982783,-0.0134094158883976,-0.0130302268584655,-0.0130687757078819,-0.0133666950166139,-0.0130508647390796,-0.0130625366814825,-0.0129845868144391,-0.0128179296139517,-0.0128149073538761,-0.0130174584120032,-0.0131325757372234,-0.0132327647666658,-0.0134561343322739,-0.0136738859542484,-0.013552687868405,-0.0135726110246433,-0.0138240373519379,-0.0137022460853735,-0.014359696327487,-0.0145349798472498,-0.0146906638051551,-0.0128025617100339,-0.0087410572195987,-0.0098154238850243,-0.0095506256778668
2284,-0.0175386308763028,-0.0182345341465108,-0.0188525614564984,-0.018683307487891,-0.0187278921577883,-0.0185150719818917,-0.0161183243983852,-0.0136688348334413,-0.0132394313819008,-0.0128003832205866,-0.012905455761433,-0.0131110447042319,-0.0128356806763908,-0.0128431141950392,-0.0127220936025646,-0.0124060445269025,-0.0124579160724846,-0.0126723254417978,-0.0128221240615561,-0.0128868714621779,-0.0131835964282134,-0.0132918643787665,-0.0131226237531794,-0.0132379567824747,-0.0134536438763771,-0.0132506140066704,-0.0139763770421619,-0.014232232648533,-0.0144278043938015,-0.0124424543845955,-0.0084178149727394,-0.0095931244707929,-0.0093091235201943
2282,-0.0171946794474672,-0.0179796966914766,-0.018596514683212,-0.0184823601675268,-0.0185642553039197,-0.0184015959886992,-0.016030728106398,-0.0135244707143244,-0.0130807835340373,-0.0126288525061962,-0.0127790839411589,-0.0129966613706015,-0.0127121525931438,-0.0126990519222349,-0.0125570555101817,-0.0121118117872117,-0.0121979455336343,-0.0123608270582442,-0.0125787297478478,-0.0126209527236356,-0.0129525304548221,-0.0129648784680115,-0.012763793768128,-0.0129403333506878,-0.0131222999259366,-0.0129362354111268,-0.0136659092208116,-0.0139819389157434,-0.0142186979283215,-0.0121666564272992,-0.0081563347050181,-0.0093971092860072,-0.0091368817871284
2280,-0.0169393129424489,-0.0177966990159425,-0.0183893287345137,-0.018288627889629,-0.0183909403185308,-0.0182921691494373,-0.0159563064461327,-0.01338233034194,-0.0129106538173627,-0.0124991417472399,-0.0126017389900184,-0.0129505689710291,-0.0126570979644086,-0.0125933102959213,-0.0124602193536371,-0.0119319082437908,-0.0120063262064719,-0.0121084203663833,-0.012400624928726,-0.0124103816951816,-0.0127181608490268,-0.0127057534031564,-0.0124902983261815,-0.0126866047689615,-0.0128427499609904,-0.0127491034812255,-0.0134368991415379,-0.0137560939952643,-0.0140299602750772,-0.0119772440004158,-0.0079820854860007,-0.0092193863691381,-0.0090268594410603
2278,-0.0167294830797835,-0.017645478987185,-0.0182042533657038,-0.0180501304730024,-0.018216338677713,-0.0181419438331677,-0.0158588359033518,-0.0132089271720987,-0.0127163193197109,-0.0123874245936126,-0.0123594320384482,-0.0128772337082443,-0.012613234672519,-0.0124738412340509,-0.0123518603612324,-0.011787927684616,-0.0118146884831259,-0.0119077730190613,-0.012252798273191,-0.0122234358511622,-0.0124508751169653,-0.0124850605145277,-0.0122745135545534,-0.0124575144704494,-0.0126007133423148,-0.0126020235173043,-0.0132573913789039,-0.0135217647489425,-0.0138087395682815,-0.011811139781398,-0.0078278460616786,-0.0090447425658897,-0.0089208895656529
2276,-0.0165726218435174,-0.0175411805471342,-0.018084535357936,-0.0178555246468675,-0.0181018653771768,-0.0180248234983699,-0.0157758779255538,-0.0130359232582318,-0.0125305942222248,-0.0122941574723294,-0.0121418652911472,-0.0127817436952644,-0.012543852581954,-0.0123715144021264,-0.0122143633428906,-0.0116622948922224,-0.011621270112246,-0.0117491715323752,-0.0121283849868456,-0.0120724601388656,-0.0121974163712377,-0.0122870111781909,-0.0120993036218635,-0.0122544063302726,-0.0124045619469065,-0.0124656978290739,-0.013108569806071,-0.0132914958778896,-0.0135552122457098,-0.0116301300458162,-0.0076436982495913,-0.0088937424076859,-0.0087857968624754
2274,-0.0164412441403122,-0.0174491814977174,-0.0180113512290327,-0.0177675137768375,-0.0180070226650727,-0.0179749095963036,-0.0156965308520445,-0.0128886957087793,-0.0123855878038177,-0.0122050376120581,-0.0120081040861402,-0.0127104836437908,-0.0124236794353711,-0.0123252982384278,-0.0120770601543256,-0.0115827940235064,-0.0114553238977949,-0.0116052102500603,-0.012014790633249,-0.0119530717733401,-0.0120189998529044,-0.0121130049348446,-0.0119410537904622,-0.0120898230650744,-0.012271350094562,-0.0123604789645753,-0.0129726997440724,-0.0130914700571138,-0.0133119845439245,-0.0114320211951573,-0.0074501770183098,-0.0087849337471409,-0.0086385926934706
2272,-0.0162658199611272,-0.0172843650810384,-0.0178688465318389,-0.0177307458246645,-0.0178298227561565,-0.0179041329657308,-0.0155546511729939,-0.0127438410129977,-0.0122703916965652,-0.0120812503700168,-0.0119111199388901,-0.0126375393943117,-0.01222315463716,-0.0122666064135454,-0.0119216953762502,-0.0115114254459759,-0.0112934936123925,-0.0114248072419314,-0.0118488440647864,-0.011806335149092,-0.0119088375338348,-0.0119578968668562,-0.0117441033155097,-0.0119413967082114,-0.0121740860459585,-0.012250653385106,-0.0128149468228864,-0.0129145404409792,-0.0131073777268656,-0.0112262265063529,-0.0072772164008005,-0.0086652500981254,-0.0084788088323961
2270,-0.016054426878796,-0.0170573670089814,-0.0176216845065522,-0.0176929509724649,-0.0175990639486248,-0.0177493541111938,-0.0153721377880116,-0.0125912324436266,-0.0121655313621324,-0.0119190283852009,-0.0117969598058786,-0.0125092640062954,-0.0119703064995284,-0.0120954053359987,-0.011709406916097,-0.0113717378210215,-0.0111034542890636,-0.0112005283609913,-0.0115950493777287,-0.0116074948462499,-0.0118210793990068,-0.0118182424842137,-0.0114860241322045,-0.0117669016402324,-0.0120602342175734,-0.0120700159300772,-0.0126255895167094,-0.0127459894549377,-0.0129469437042542,-0.0110552658638345,-0.0071299532299871,-0.0084563138599364,-0.0082654749592123
2268,-0.0158880794511714,-0.0168747094914938,-0.0173892970336257,-0.0176525565519544,-0.0174374897717646,-0.0175525174665293,-0.0152388267591305,-0.0124449936988599,-0.0120604465425147,-0.0117454881358629,-0.0116727572968793,-0.0123305285355143,-0.0117635206911726,-0.0118288782195129,-0.0114694378478706,-0.0111529554647112,-0.0109033363017784,-0.0109972762734369,-0.0113197820784068,-0.0114118433188775,-0.0117274788422097,-0.011692488188137,-0.0112283262304589,-0.011550843677051,-0.0119098568480486,-0.0118316595308358,-0.0124329072188015,-0.0125885840874042,-0.0128166012953978,-0.0109663812829517,-0.0070024665340947,-0.0081665140690845,-0.007991795607037
2266,-0.0157396118408184,-0.0167280453293129,-0.0172319141785525,-0.0175210950174074,-0.017306233199894,-0.0173074813125243,-0.0151005092659798,-0.0122539387154552,-0.0118948142674197,-0.011517573894571,-0.0115002940423476,-0.0120952742694326,-0.0116228554339841,-0.0115379404965461,-0.0112375196056518,-0.0108610587583206,-0.0106774412253814,-0.0108379941565297,-0.0110764591802015,-0.0112229498968466,-0.0115809842378623,-0.0115354565070437,-0.0110128755796726,-0.0112725819028722,-0.0117020788896072,-0.0115761600016942,-0.0122183082844584,-0.0124087469004115,-0.0126491511349119,-0.01088987500916,-0.006841614538035,-0.0078570312355102,-0.0077050320572855
2264,-0.0154578696565386,-0.0164616289521057,-0.017021783980559,-0.0171339080466509,-0.0170165263349699,-0.0169094554683182,-0.0147715966843578,-0.011916573118168,-0.0115666467379802,-0.0111281787425642,-0.0111503896406201,-0.0117169221616952,-0.0114072671860845,-0.0112009469451174,-0.0109458015169295,-0.0104310498881318,-0.01032137751363,-0.0106260394345165,-0.0107863020077146,-0.0109165489877668,-0.0112873179951362,-0.0112561665526121,-0.0107626574351639,-0.0108651450896215,-0.0113554641183145,-0.0112378987525303,-0.0118879807349088,-0.0121095024545047,-0.0123373665598658,-0.0106357076247121,-0.0065219451786327,-0.0075080621425367,-0.0074157911217606
2262,-0.0150230495780773,-0.0160371308635708,-0.0166567254648844,-0.0165238462303626,-0.016549481059258,-0.016368806575554,-0.0142346898726429,-0.0114507424836619,-0.0110798684240165,-0.0105817749612933,-0.0105891309993212,-0.0111592570800827,-0.0109884645466307,-0.0107655646325631,-0.0105066704420267,-0.0098560793642665,-0.0097944083856449,-0.0102710604645506,-0.0103609225260537,-0.0104168429462427,-0.0108208274868479,-0.0108240584239745,-0.0103976034888126,-0.0103118032432088,-0.0108235183099545,-0.0107196742409205,-0.0114129100796487,-0.0116431056977106,-0.0118531955879131,-0.0101108193159212,-0.0059705266950314,-0.0070301637916799,-0.0070475584778098
2260,-0.0146849299671853,-0.0156695145378475,-0.0162668153927586,-0.0160063786058345,-0.0161407168299957,-0.0158901374335864,-0.0137183631013216,-0.0110294040739288,-0.0105980899814324,-0.0100577685816866,-0.0100107592452839,-0.010558513869276,-0.0104438133538164,-0.0102853274049131,-0.0099810815065226,-0.0093488555831676,-0.0092640732290759,-0.0098510356554492,-0.0098817918405028,-0.009877279989665,-0.0103311882349072,-0.0103481133998574,-0.0100212084681725,-0.0097678336495482,-0.0102527098811563,-0.0101073013929636,-0.0109391298773999,-0.011126452274797,-0.0113282384697557,-0.009476785992787,-0.0053075647876976,-0.0064109317744515,-0.0065198761888576
2258,-0.0147068880775887,-0.0155702813538965,-0.0160351894248508,-0.0158127339726883,-0.0159199876360817,-0.0155722079349904,-0.0133313021392608,-0.010726943456735,-0.0102178910924092,-0.0096758083049641,-0.0096131757703304,-0.0100473501142212,-0.0099195326506057,-0.0098167386139333,-0.0095106474600539,-0.009171180669748,-0.0089406922803211,-0.0095173096306724,-0.0094956759421351,-0.009527430569394,-0.0100000343302765,-0.009962996863945,-0.0098543795040938,-0.0094664899396695,-0.0099034324699783,-0.0096423937554427,-0.0106414541106501,-0.010734226903346,-0.0109182094418814,-0.0089553180697549,-0.0047182220833305,-0.0057278505887971,-0.0058105181414874
2256,-0.0149743325008182,-0.015621935048679,-0.0158458559683212,-0.0157087039053863,-0.0156171899833515,-0.0151301489782578,-0.0127653631024098,-0.0102819802804954,-0.009710250147184,-0.009235901283336,-0.0092628245293356,-0.0094797688600004,-0.0093150634239853,-0.0091803027887835,-0.00905964107217,-0.0092427471031227,-0.0087514470497593,-0.009211617409762,-0.009122962598826,-0.0093448270582041,-0.0097579109497936,-0.0096271515048039,-0.0099174697757101,-0.0094487544325408,-0.0098356087075078,-0.0094195841519736,-0.0104623791127344,-0.0104606098650868,-0.0105843888295343,-0.0085125073364669,-0.0041686226421714,-0.0049992333533843,-0.0048932395745745
2254,-0.0150091844738084,-0.0154968374974602,-0.0153946187977922,-0.0152576837232519,-0.014972609188486,-0.0143078633289515,-0.0117918573477576,-0.0094874086180319,-0.0088501761178416,-0.0085134434431895,-0.0086949274568689,-0.0087042789415439,-0.0085008383205699,-0.0082555477342246,-0.008535315464303,-0.0091603954705482,-0.0084618174695193,-0.0087699264793176,-0.0086213312149918,-0.0091513745180482,-0.0093927909138804,-0.0092510167048686,-0.0099584736923608,-0.0095170283299995,-0.0098205172315175,-0.0093310914886875,-0.0102229870830568,-0.0102041746911192,-0.0102220232161336,-0.0080378745114087,-0.0035763314119695,-0.0043452954487286,-0.0039420220097847
2252,-0.0148642240901139,-0.0153700880828289,-0.0150310991948793,-0.0148686600566269,-0.0145992032525542,-0.0137840506405044,-0.0112540650848462,-0.0090919440100175,-0.0083293973622931,-0.0081103105692085,-0.0083553761706046,-0.0083853483849371,-0.0081433487496554,-0.0078121921810547,-0.0084081226308264,-0.0091123903728592,-0.0084522379846412,-0.008634434432114,-0.0085263583814808,-0.0092978256946361,-0.0092993200818898,-0.0092704697907337,-0.0101059988289385,-0.0097843588650427,-0.009952881470908,-0.0095778473013517,-0.0102770648966806,-0.0103011969817907,-0.0102286325458845,-0.0080533566733001,-0.0035507101325059,-0.0044159210134499,-0.0037620559379184
2250,-0.0147367408181966,-0.0153349363238018,-0.0150557319364258,-0.0149832811801637,-0.0147958461830191,-0.0139621531475577,-0.0116390145322655,-0.0094755166598539,-0.0086082302559304,-0.0084018096662193,-0.0085784735577637,-0.0088294433345132,-0.0085650202421013,-0.0082331878607888,-0.0087913383152587,-0.0092923965284744,-0.0088335751986653,-0.0089496338426828,-0.0089894719993596,-0.0097737702369194,-0.0096123414686021,-0.009714947199743,-0.0103438809033849,-0.0101293404397582,-0.01020694259299,-0.0100253457845336,-0.0106582167003558,-0.0106991534130012,-0.0106411727460202,-0.0086508585085062,-0.0042471963052861,-0.0051976420324248,-0.0045147554703484
2248,-0.0144054512383006,-0.015083639819949,-0.0150873441020341,-0.0151962105894281,-0.0149671560381336,-0.0143009012651682,-0.0122237568040352,-0.0099407339549216,-0.0091268150219857,-0.0088697607903666,-0.0089760878033116,-0.0093750237643043,-0.0091465554516425,-0.0088223053208742,-0.0091482267770725,-0.0093395772186561,-0.0090420479150739,-0.0091594887355097,-0.0093725283274253,-0.0099607143622853,-0.0097753578792181,-0.0099431541664559,-0.0102557279557661,-0.0100934875538958,-0.0102227097125578,-0.0101683783096627,-0.0107595085167326,-0.0108640066636749,-0.0108453776047658,-0.0091012889384365,-0.0048689720609366,-0.0058644321535818,-0.0053725506118724
2246,-0.0140758885554192,-0.0148335261356549,-0.0151041609479745,-0.0153706233423545,-0.0150224820470166,-0.0146137834491427,-0.0126537124876892,-0.0102180694385748,-0.0095898368774817,-0.0093072715624239,-0.0093954663296483,-0.0097894478729916,-0.0096411874641814,-0.0092713823319519,-0.0094301699152751,-0.0093072152204913,-0.0090723596074174,-0.0092365065791084,-0.009577963195832,-0.0099043784162346,-0.0097844681550937,-0.0099536051127133,-0.010003786488777,-0.0098935716735646,-0.0101625920498601,-0.0101419239246562,-0.010619283180726,-0.0109059189384987,-0.0108293860642191,-0.0092746292685914,-0.0051928057208184,-0.0062746257260434,-0.0060134530322312
2244,-0.0140070838956872,-0.0148839751688933,-0.0152650864909078,-0.0156142037391141,-0.0152266435255315,-0.0149987389822626,-0.0130293424681709,-0.0104529146834152,-0.0100169632656286,-0.0097320003230757,-0.0098244736598113,-0.0101706396132071,-0.0100774891743108,-0.0096724962413964,-0.0097606324303453,-0.0093609589050696,-0.009144276895814,-0.0093710294838098,-0.0097785362432551,-0.0099126059037058,-0.0098594174789676,-0.0100158792789234,-0.0098629527213005,-0.0098570568243382,-0.0102117263715414,-0.0101754664545148,-0.0105872360584636,-0.0110630036968679,-0.0108885935108117,-0.0093989118847677,-0.0054109020361907,-0.006644900873131,-0.0064779978086006
2242,-0.0141003486821668,-0.015113459066596,-0.0154979167852201,-0.0158617739793606,-0.0155680024732056,-0.0153740219613984,-0.0133512797933448,-0.010700487961892,-0.0103878595029906,-0.0100445745833565,-0.0101658291132282,-0.0104815963442676,-0.0104012323272899,-0.0100404138024807,-0.0100526652617521,-0.0094429279643949,-0.0092472226823131,-0.0095230359465796,-0.0099532919207907,-0.0100208372559593,-0.0099702097838508,-0.0101417858048275,-0.0098208150052048,-0.0099447354875794,-0.0102647198779634,-0.0102145877276738,-0.0107323702084991,-0.011252345362517,-0.0110720070085781,-0.0095301645002946,-0.0056026546117749,-0.0069696907130179,-0.0067363650984661
2240,-0.0141327325153065,-0.0152260914314041,-0.0156363539722595,-0.0159523803479366,-0.0158000918767353,-0.0155539835929774,-0.0135026079061284,-0.010892033732557,-0.0106375233734237,-0.0101510250060041,-0.010347770601518,-0.0106074127758932,-0.0105302065651309,-0.010274391176761,-0.0101615502227309,-0.0094270217248,-0.0092864852884854,-0.0095701877005367,-0.0099899498451286,-0.0100861592920188,-0.0100048696631693,-0.0102175374036585,-0.0097713551237612,-0.0099728814114223,-0.0102050246259654,-0.0101516159766784,-0.0108908053542538,-0.0113059669954684,-0.0112282867753219,-0.0096067220647872,-0.005717711713883,-0.0070979883724444,-0.0067728345202421
2238,-0.0140670832346968,-0.0151626306704942,-0.0156637287556963,-0.0158868383500665,-0.0158175945087265,-0.0155362174805165,-0.0135114131681787,-0.0109957871776304,-0.0107533630418168,-0.0101291101118906,-0.010401249501612,-0.0105689958426406,-0.0104756434198098,-0.0103290104120017,-0.0100933364973485,-0.0093078919421767,-0.0092833042275237,-0.0095314076218302,-0.0098990093068502,-0.0100315224313634,-0.0099979128958262,-0.0102235240702528,-0.0097060887852891,-0.0098983257546638,-0.0101016110967391,-0.0100220081761417,-0.0109374866093166,-0.0112339045738874,-0.011254376917237,-0.0096325842758014,-0.0057094417847988,-0.0069986548752176,-0.0066951531875565
2236,-0.0140392811339098,-0.0151227935216565,-0.0157080612801788,-0.0158426262150747,-0.0157848301719486,-0.0155364291474627,-0.0135737769384755,-0.0110817757301836,-0.010804418994906,-0.0101502008005072,-0.0104036170817758,-0.0105409126485505,-0.0103726343313562,-0.0103097267663411,-0.0100047868609326,-0.009214091016054,-0.0093339391087619,-0.0095504819498101,-0.0098342062850322,-0.0099350579701292,-0.0100770501470478,-0.0102246668263013,-0.0096900134269522,-0.0098439344992994,-0.0101046561663365,-0.0099522597220212,-0.0109177506992675,-0.0111879607784991,-0.0112136962927296,-0.0096820041335789,-0.0056198877998509,-0.006850644815326,-0.0066605062648019
2234,-0.0141189496654416,-0.0152273643311995,-0.0158355193526667,-0.015922424954564,-0.0158683545594956,-0.0156976497807651,-0.0137667576571992,-0.0112188822226501,-0.0108517624828742,-0.0102532145784251,-0.0103869135634007,-0.0106339387746934,-0.010370321293999,-0.0103469276674752,-0.0100097590363455,-0.009246352493517,-0.0094326250489651,-0.0096840156860677,-0.0098972477167862,-0.0098988459389997,-0.0102455791417116,-0.0102267506394532,-0.0097375390512428,-0.0098979417816322,-0.0102382672394267,-0.0099809092968088,-0.0109307332071037,-0.0112392181557665,-0.0112213773257527,-0.009759344340088,-0.005543274539055,-0.0068435110846446,-0.0067315325782219
2232,-0.0142283041834569,-0.0153705956786169,-0.015975557384908,-0.016039634896204,-0.0160200490429245,-0.0159197877695296,-0.0139348055530597,-0.0113869843722448,-0.0108861556210124,-0.0103327168449616,-0.010353275497809,-0.0107755295998885,-0.0104994878213822,-0.0104388274688207,-0.0100732703550128,-0.0093662265829586,-0.0094649989473146,-0.009818133055811,-0.0100130047592224,-0.0099182055949084,-0.0103600311974672,-0.0101774397942385,-0.0097971922330185,-0.0099890902985363,-0.0103810029636942,-0.0100227344288636,-0.0109781786975609,-0.0113108676306943,-0.0112943864820567,-0.0097740532762238,-0.0055331742951543,-0.0069680647880834,-0.0068603393546033
2230,-0.0142888117101201,-0.0154397277753208,-0.0160590240757898,-0.0160922749359466,-0.0161161462920546,-0.0160442404019224,-0.0139409721877433,-0.0115265618048873,-0.0108901666184212,-0.0103433207093519,-0.0103482050780634,-0.0108587890065036,-0.0106607729221842,-0.0105017833615844,-0.0101149570505573,-0.0094693590924592,-0.0093932272539603,-0.0098259447320235,-0.0100505923482298,-0.0099322072299857,-0.0103450453471621,-0.0100965712874546,-0.0098346563519327,-0.0099931772934697,-0.0104177665688917,-0.0099977251929599,-0.0109905570956146,-0.011320897022477,-0.0113641468905356,-0.0096917910591442,-0.0055689756256368,-0.0070710747250962,-0.0069707459237306
2228,-0.0143088009045534,-0.0154657690279284,-0.0160923404941592,-0.0160972836406758,-0.0161458191898681,-0.0160592438627328,-0.0138666433585074,-0.0115957097125216,-0.0108833317485,-0.0103669977428528,-0.0104099709460153,-0.0108967864826042,-0.0107188379830256,-0.0105106646902252,-0.010123704740156,-0.0095082023759634,-0.0093122169346047,-0.0097192982765067,-0.009986713607096,-0.0099149745157502,-0.010296087994178,-0.0100661876253974,-0.009849476133889,-0.0098770405173345,-0.0103362209668406,-0.0099087461508543,-0.0109372067635415,-0.0112756562370499,-0.0113784373907019,-0.0095957183452944,-0.0055811233253802,-0.0070580036265256,-0.007006836662963
2226,-0.0142982412944036,-0.0154684062272322,-0.0160590044244053,-0.0160697797348453,-0.0161361202131419,-0.0160240642363114,-0.0138262861143266,-0.0115381813474363,-0.0108520274120789,-0.0104235805044511,-0.0104502635531004,-0.0109231686449972,-0.0105977525193257,-0.0104803641187968,-0.0101065614319544,-0.0094860314628794,-0.0092598907355426,-0.0095694895708701,-0.0098645927506416,-0.0098446724131141,-0.0102920781508686,-0.0100704763400076,-0.0098066771815662,-0.0096721816868549,-0.0101588459807672,-0.0097609223659159,-0.0108279891905317,-0.0111851059735278,-0.0113261639006299,-0.0095241374244408,-0.0054821531229186,-0.0069485953405688,-0.0069248309186945
2224,-0.0142364289609868,-0.0153715915989302,-0.0159112557411179,-0.0159474869537098,-0.0160498574107505,-0.0159469308699092,-0.0137757107219926,-0.0113120154631746,-0.0107332743044971,-0.0103939377504706,-0.0103365222818679,-0.010876148544431,-0.0103385889517825,-0.0103850683759507,-0.0100241954136311,-0.0094048437329272,-0.0091482281657796,-0.0093901292346105,-0.0096933559777154,-0.0096756169612911,-0.0102555856813537,-0.0099958615703002,-0.0096595407690687,-0.009409744922743,-0.0099023821793479,-0.0095334688367518,-0.0106802533451888,-0.011030105742902,-0.0112162796634386,-0.009407940210444,-0.0052433654507509,-0.0067862758874291,-0.0067241957425894
2222,-0.0141600717699053,-0.0151920404869435,-0.0157154584833608,-0.015754697557069,-0.015897381013357,-0.0158547704790283,-0.0136511249799128,-0.0110203667335563,-0.010541822758307,-0.0102336703849078,-0.010114103425375,-0.0107197536992206,-0.0100983635858131,-0.0102205801576951,-0.0098768192729341,-0.0093007396123566,-0.0089625324024635,-0.0092011818034088,-0.0095013094761788,-0.0094268850885139,-0.0101051406363734,-0.0098308984830059,-0.0094615022880772,-0.0091665145489,-0.009648906681036,-0.009306595489271,-0.0105643362553936,-0.0108729941158868,-0.0110944440207341,-0.0092502752778013,-0.0049917347633872,-0.0066133076782808,-0.0065022339038398
2220,-0.0141361352343734,-0.0150917317191871,-0.0156268961855209,-0.0156475747452044,-0.0157889162423636,-0.015825529306528,-0.0135155634354606,-0.0108743294252406,-0.0104074392237491,-0.0100941187146661,-0.0099772970400391,-0.0105588728348731,-0.0100181792954172,-0.0100715435028366,-0.0097552723506808,-0.0092353674998867,-0.0088447623620565,-0.0090830876904996,-0.0093770065735874,-0.0092129948776545,-0.0099145482734551,-0.0097142439761539,-0.0093338485565422,-0.009071339266497,-0.0095197438476808,-0.0092600908221357,-0.0105777503157664,-0.0108424612813041,-0.0110209493173734,-0.0091838135744217,-0.0049199349912366,-0.0064926841795412,-0.006376461905854
2218,-0.0141128327401121,-0.0151002029466343,-0.0156423644992213,-0.0156594165483487,-0.0157508118542425,-0.0158253914777843,-0.0134138191275993,-0.0109172839084203,-0.0103813071369452,-0.010083442455038,-0.0099681863751611,-0.0104803972966271,-0.0100569701630025,-0.0099877782914661,-0.0096984883314876,-0.0091817117748354,-0.0088506693335525,-0.0090550413790653,-0.0093383665833061,-0.0090978315170478,-0.0097799955422756,-0.0097024257048875,-0.0092812273693414,-0.0091495607694121,-0.0095131680204427,-0.0094315056517825,-0.0106830946759474,-0.0109234856424199,-0.0109765627818379,-0.0092294216909349,-0.0050301410130536,-0.0064415165923397,-0.0063261334159864
2216,-0.0139539901345323,-0.0150124528100781,-0.0155671170160007,-0.015596072258872,-0.015653764027881,-0.015681565381002,-0.0132552930361924,-0.0109477698966375,-0.0103236658559919,-0.0100714963894552,-0.009897662109731,-0.0103914917934523,-0.0100411205917514,-0.0098819728952257,-0.0096045651525768,-0.0090198156478332,-0.0088051181070929,-0.0090045349073372,-0.0092640978547548,-0.009018476499059,-0.0096521893787684,-0.0096675354131766,-0.0091769279266999,-0.0092360488270912,-0.0094803903077986,-0.0096001612811227,-0.010677429711747,-0.0109094953141549,-0.0108641954311744,-0.0091848427741963,-0.0050892721189995,-0.0063663071069851,-0.0062075312439886
2214,-0.0136641172336271,-0.0147115267288998,-0.015317290887534,-0.0153228732661852,-0.0154421813531554,-0.0153424350025996,-0.0129977826821763,-0.0108007037238573,-0.0100999369435164,-0.009878341087676,-0.0096390097967704,-0.010176988138359,-0.0098807248059666,-0.00966939120683,-0.0093872567249633,-0.0087273354126386,-0.0085519369200752,-0.0088459295619446,-0.0090674975161758,-0.008917302002118,-0.0094461653346067,-0.009509983854751,-0.0089679090103676,-0.0091450872799703,-0.0093173962686586,-0.0095221538190283,-0.0104244916084132,-0.010661416862662,-0.0106530540756052,-0.0089106855373796,-0.004913209678451,-0.0061675902692068,-0.0059480760262302
2212,-0.0134365122947224,-0.0144062500602011,-0.0150850210695564,-0.0150111582489899,-0.0152742993194827,-0.015020707539584,-0.0127872383959402,-0.0105702284519884,-0.0098051504274419,-0.0095596416730664,-0.0093373877803005,-0.0099317407654877,-0.0096678523950906,-0.0094379295448539,-0.0091450697248843,-0.0084763799398546,-0.0082275585315009,-0.0086697833113154,-0.0088602116494467,-0.0088540384818159,-0.0092244762230227,-0.0093301869183684,-0.0087670364066245,-0.0089035008032591,-0.0091027460674467,-0.009232109974943,-0.0100607078326705,-0.0103165856765024,-0.010459703089625,-0.0085887801038328,-0.0046144414711786,-0.0059022933940175,-0.0056535873534381
2210,-0.0134033606357058,-0.0143550127945327,-0.0150742154311162,-0.0149215802602175,-0.0152928293928219,-0.0149279673827659,-0.0127556855721903,-0.0104358904277239,-0.0096398106717346,-0.0093467358517863,-0.0091937043278422,-0.0098528329013306,-0.0095321897810133,-0.0093401191235435,-0.0090500034954245,-0.0084257251923979,-0.0080899334599907,-0.0086119916600339,-0.0088023806999305,-0.0089003045741219,-0.0091176684018456,-0.009274545936363,-0.0086784934243418,-0.0087050445381781,-0.0089719108313835,-0.0089782056967615,-0.0098342624860405,-0.0101048185726435,-0.0104072501744924,-0.0084883504482567,-0.004433908806634,-0.0057301977536926,-0.0054732194049873
2208,-0.0134886354236321,-0.0145170576674923,-0.0152284167179046,-0.0150709762287508,-0.0154100109208135,-0.0150169034940856,-0.0128321639538388,-0.0104072150779844,-0.0096457418283596,-0.0093612050236795,-0.009212465462721,-0.0099642651064414,-0.0094990356572954,-0.0093802794363353,-0.0091346581508512,-0.0085243642517019,-0.0081826744040622,-0.0086565157271222,-0.0088711230920754,-0.0089973125650582,-0.0091341372753218,-0.0093205449942758,-0.0086556873022242,-0.0086628064805198,-0.0089584364048503,-0.0089167302636396,-0.0098142722011093,-0.0100658532819065,-0.0104599107676075,-0.0085972591520344,-0.0044314712456429,-0.0057198007923411,-0.0054391788104895
2206,-0.0135428286643335,-0.0146461429112359,-0.0153255510783059,-0.0152531767105385,-0.0154399426148026,-0.0150931828692397,-0.0128730064098964,-0.0103722905189354,-0.0096963826197795,-0.0095102199808942,-0.0092722231091544,-0.0100914892301588,-0.0095094905672196,-0.0094321060439203,-0.009271137379074,-0.0086091359032428,-0.0083336719820614,-0.0086725888523188,-0.0089090317377755,-0.0090089429150877,-0.0091705909179193,-0.0093273793683788,-0.0086001031504797,-0.008709936712029,-0.0090128683963849,-0.0089962577498135,-0.009875462206862,-0.0100690316508234,-0.0104709191329253,-0.0086655152421027,-0.0044730102635498,-0.00578173159428,-0.0054712034902816
2204,-0.013496768056662,-0.0146081209459909,-0.0152468825255972,-0.0152920154283689,-0.0153341388991355,-0.0150550038941317,-0.0128441066641284,-0.0102954891788362,-0.0096988058391091,-0.009622567367089,-0.0093091330748455,-0.0100761861818818,-0.0094924849078967,-0.0094144430781612,-0.0093266256084563,-0.0086025205974255,-0.0084043640137193,-0.0086068223135472,-0.0088466801535741,-0.0088827801546271,-0.009163927086201,-0.0092251741944141,-0.0085019467435722,-0.0087359246587407,-0.0090867181528566,-0.0090836391389539,-0.0099082731081264,-0.0100224437370303,-0.0103595150068473,-0.008542126120731,-0.0044513035002327,-0.0057815177850329,-0.0054764830918853
2202,-0.0133621118212588,-0.0144614729527792,-0.0150500306250708,-0.0151614764087473,-0.0151642961531419,-0.0149222824188289,-0.012770207732918,-0.0102193516473321,-0.0096778328938767,-0.0096117800782747,-0.0093174517321572,-0.0099185638972058,-0.0094036549168293,-0.0093438476952355,-0.0092755099757065,-0.0085320440555059,-0.0084052364601758,-0.0085262010311988,-0.0087534256464163,-0.0086903935293381,-0.0091323064390991,-0.0090610013499032,-0.008415430167374,-0.0087297021186778,-0.0091417136001763,-0.0091019004790768,-0.0099157151690586,-0.0099432725765579,-0.0101738233855761,-0.0082976074120928,-0.0043804776440301,-0.0056724240921295,-0.0054164499257733
2200,-0.0131908288754214,-0.0143110842878512,-0.0148584928450932,-0.0149261444152374,-0.0149792737918479,-0.0147404112661127,-0.0126368591481767,-0.0101456641772858,-0.0096604051517132,-0.0095102490784117,-0.0092708732179996,-0.0097160235529998,-0.0092696408571804,-0.0092432092858583,-0.0091610012132261,-0.0084241802014173,-0.0083824131299768,-0.0084884835715804,-0.0086928731491883,-0.0085406661448186,-0.0090998891312034,-0.0089192153426967,-0.0083764772212038,-0.0087373476477732,-0.0091416215066083,-0.0090382670441648,-0.0099090593646199,-0.0098646090854568,-0.0100016252983925,-0.0080543217343227,-0.0042827078457673,-0.005503899147685,-0.0053020724238865
2198,-0.0130594448396662,-0.0142091945680806,-0.0147608837749541,-0.0146877465736677,-0.014791874876556,-0.0145569732339017,-0.0124599052969431,-0.0100344583126427,-0.0096028933365403,-0.0094009567519892,-0.0091585000865443,-0.0095597634916942,-0.0091895469134441,-0.0091027279633831,-0.0090215214667613,-0.0082758164606941,-0.0083167708182036,-0.0084667643040228,-0.0086469336684318,-0.0084891805111985,-0.009062765115555,-0.0088540932435446,-0.0083814017676186,-0.0087483636815547,-0.009077191448522,-0.008898527382293,-0.00982261008853,-0.0097762400439651,-0.0098717145633515,-0.0078729942225039,-0.0041325663903181,-0.0053335294580215,-0.0051530718023598
2196,-0.012990898255607,-0.0141420144616393,-0.0147294968131654,-0.014522329194533,-0.0146123316770261,-0.0144069934899483,-0.0123158232100215,-0.0098726171947759,-0.0094676902265673,-0.0093119265139845,-0.0090276759031645,-0.0094713925568211,-0.0091982970233102,-0.0089219075420388,-0.0088508586989958,-0.0080892817212841,-0.0081519230564861,-0.0083870768945638,-0.0085624086555034,-0.0084695402599627,-0.0089963237663592,-0.0088337407457255,-0.008371523191831,-0.0086848564370551,-0.0089587891669426,-0.0086863287331592,-0.0095798073295067,-0.0096424782716479,-0.009742836739632,-0.0077686735691041,-0.0039191330439343,-0.0051557433311299,-0.0049644438571915
2194,-0.0128997423297244,-0.0140396858261063,-0.0146249631329164,-0.0144000551124157,-0.0144255261808745,-0.0142609292831963,-0.0122132322318792,-0.0096725305237879,-0.0092872993425767,-0.0091627070292795,-0.0089041202128394,-0.0093807592278441,-0.0091691573655091,-0.0087192204244485,-0.0086007419652062,-0.0078567752926641,-0.0078587245635126,-0.0081910520442581,-0.0084014508981841,-0.0083277804327308,-0.008852467762674,-0.0087353512844996,-0.0082416572237834,-0.0085005165863774,-0.0087641197753706,-0.0083937467970051,-0.0091923294208578,-0.0094338892636259,-0.0095675856875339,-0.0077056021719703,-0.0036597487793861,-0.0049230315667972,-0.0047238271113361
2192,-0.0127290962770475,-0.0138667023029669,-0.0143714366540435,-0.014253917903133,-0.0142183542529409,-0.0140959010240488,-0.0120853556402025,-0.0094632347089235,-0.0091330125887584,-0.0088873808833205,-0.0087611208571122,-0.0092129129447265,-0.0089865932915089,-0.0085300233883986,-0.0082814374513499,-0.0075912390840209,-0.0074914530184675,-0.0079029710270929,-0.0081764837634782,-0.0080107085265518,-0.00860210467478,-0.008473014235163,-0.0079657343631693,-0.0082537035417622,-0.0084755329491528,-0.0080436929280709,-0.0087891308096334,-0.0091774138162355,-0.0093737244657099,-0.0076073262340475,-0.0033715181375801,-0.0046585318166554,-0.0045007456797517
2190,-0.0126011038710318,-0.0137276043875899,-0.0141224721376777,-0.0141292388282138,-0.0140668339251288,-0.0140181111833775,-0.0119653226000631,-0.0093305832690813,-0.009062620211157,-0.0085876305183526,-0.0086290226443278,-0.009013116255811,-0.0087624968011941,-0.0084224636881781,-0.0080461778266716,-0.0074094511994328,-0.0072119129281262,-0.0076629590707338,-0.0079891424231091,-0.0077003853366387,-0.0083298765066022,-0.0081546234698059,-0.0077135174554037,-0.0080596757505661,-0.0081844329953155,-0.0077569380672178,-0.0085520194970774,-0.0089838370041055,-0.0092569153291458,-0.0074583587691587,-0.003115228665485,-0.0045146456306581,-0.0044465760799133
2188,-0.0126620216651911,-0.0137524865869867,-0.0140998358530007,-0.0141339096198981,-0.0140688823632386,-0.0141530869993463,-0.0119895549666478,-0.0093765104484247,-0.0090808857649683,-0.0084378377676217,-0.0086130518644813,-0.0089092448377343,-0.0087154558131728,-0.0084382138047693,-0.0080545246964259,-0.0074505755185225,-0.0071636409885049,-0.007608435334839,-0.0079523242687913,-0.0076293211362776,-0.0081826574561071,-0.0080015208327765,-0.0076839737973262,-0.0079643255839825,-0.0080361220444677,-0.0076732811865075,-0.0085488473670624,-0.0089474425445996,-0.0092586892057323,-0.0073491911533433,-0.0029971236898117,-0.0046191035797594,-0.0046017424961636
2186,-0.012819069834099,-0.0138716288389362,-0.0142645787293978,-0.0142189447835716,-0.0141623398350333,-0.0143979337133008,-0.0121362247187371,-0.0095652615721072,-0.009115399930119,-0.0084439029548506,-0.0087125214069652,-0.0089107443474759,-0.0088269090442586,-0.0084942384239788,-0.0082427600252933,-0.0076678888093307,-0.0072850870006544,-0.0076888239542982,-0.0080176315344505,-0.0077477338832091,-0.0081573327083922,-0.0080536001774638,-0.0077973561205142,-0.0078979330475956,-0.0080390737030582,-0.0077622316432004,-0.0086291783617398,-0.0089872436616447,-0.0092881283684713,-0.0073340285741379,-0.0030271710930048,-0.004857700686273,-0.0047753786213924
2184,-0.0128339134461192,-0.0138739622499121,-0.0143542012076308,-0.0141884655285909,-0.014166642520911,-0.0144707106587273,-0.0121726339127576,-0.0097054504884294,-0.0090581027629883,-0.0084556237828969,-0.008753138259744,-0.0088723429051997,-0.0088514234801781,-0.0084539413223563,-0.0083678072890186,-0.0078337287679257,-0.0073585027627819,-0.0077008234004435,-0.0079864011473123,-0.0077931441859893,-0.0080885042678575,-0.0081174063796763,-0.0077640691783268,-0.0077860486294294,-0.0080685113927083,-0.0078367048718247,-0.008583183123893,-0.0089103922890095,-0.0092429978975377,-0.0073325743813474,-0.0030495955782073,-0.0049543875556197,-0.0047357449192127
2182,-0.012629882500031,-0.0136831378370721,-0.0142184690913534,-0.0139626876038231,-0.0140130084257049,-0.0142458605366959,-0.0119537206763779,-0.0096360026494682,-0.0088635631709509,-0.0083755431303997,-0.0085700343560084,-0.0086914873186467,-0.0086661045583521,-0.0083053143564943,-0.0082865947971702,-0.0077806809208259,-0.0072495550798054,-0.0075168211402827,-0.007735552222184,-0.0076584000984238,-0.0078825846492682,-0.0080198588112607,-0.0074752869098814,-0.0076338921851935,-0.0080356290743825,-0.0077587421623556,-0.008381210515902,-0.0086474199399042,-0.0091321154767218,-0.0072402941386085,-0.0028925580130765,-0.0047749140266857,-0.0044639413132793
2180,-0.0123351126585431,-0.0134224852366895,-0.0139538298789265,-0.0136850230716468,-0.0137943262912379,-0.0138931774255278,-0.0116200234566113,-0.0093880072148417,-0.0086049184862641,-0.0082272098999756,-0.0081945667087033,-0.0084363018706058,-0.008418799340432,-0.0081671465727996,-0.0080970663494554,-0.0075588202927019,-0.0070228311565444,-0.0072170571150701,-0.0073733640609042,-0.0075008671358236,-0.0076560880562043,-0.0077898396248188,-0.0071584831607978,-0.0074621197369262,-0.0079347929852392,-0.0075666986118343,-0.0081770229009501,-0.0083348091923333,-0.0090049078127117,-0.0070680343845131,-0.0025801730487038,-0.0044723628572736,-0.0041315785069449
2178,-0.0120371454894804,-0.0131756179589983,-0.0136715678851385,-0.0135058029516244,-0.0135850890664744,-0.0136084487995047,-0.0113624178223238,-0.0090937685797546,-0.0083995820292375,-0.0080284690916864,-0.0077954922675095,-0.0082280023274836,-0.0082574795974924,-0.0080888025477752,-0.0079435828484239,-0.0072917334917262,-0.0068064816700717,-0.0069559824723814,-0.0070924749912075,-0.0074460636081702,-0.0075434589893353,-0.0075529103240967,-0.0070394461633242,-0.0072545336006647,-0.0077509975238463,-0.0073544724103067,-0.0080650918454753,-0.0081076378211182,-0.0088277365985593,-0.0068887748735504,-0.002299198288841,-0.0042535393699444,-0.0038487427391033
2176,-0.0117433606119437,-0.012929937251964,-0.0133956203845594,-0.013448661983014,-0.0133991110836869,-0.0134341808615027,-0.0112057046732412,-0.0088500659051886,-0.0083108863788625,-0.0077933463566319,-0.007535299945827,-0.0081300135609482,-0.008172533092891,-0.008015759621694,-0.0078511112612474,-0.0070265902157141,-0.0066754616073608,-0.0068139913346102,-0.0069855402006966,-0.0074198465377586,-0.007514887523295,-0.0073928386162374,-0.0070836564913651,-0.0070621735209076,-0.007475227335851,-0.0071575564263333,-0.0080014898399775,-0.0079683130268055,-0.0085774345354111,-0.0067467814769649,-0.0021827929242814,-0.0041432072832104,-0.0036245722533508
2174,-0.011532034331804,-0.0127239233595176,-0.0132010232621116,-0.013491691060509,-0.0132918685843004,-0.0133540276796478,-0.0110988631935737,-0.0086917484189997,-0.008289644933054,-0.00760041442285,-0.0074815706548556,-0.0081500195603034,-0.0081299942625462,-0.0079192907906709,-0.0077715301603783,-0.0067785589662803,-0.0066515282893402,-0.0067783735267416,-0.0070237949842609,-0.007316047322669,-0.0074613064432529,-0.0073301378636562,-0.0071215503228113,-0.0070116164326527,-0.0072005313123933,-0.0069882529599519,-0.007934346046649,-0.007876736395422,-0.0083613456921409,-0.0066631848729179,-0.0021872270941683,-0.0040220004157394,-0.0034782021995688
2172,-0.0114858698095496,-0.0126226174687182,-0.0131830591835191,-0.0135887824265899,-0.0133118406126827,-0.0133452698521762,-0.0110241090379663,-0.0085855988521354,-0.0082246357666668,-0.0074960948472539,-0.0075490656546441,-0.0082219071905374,-0.0081288129416963,-0.0078247018054907,-0.0076643880306139,-0.0065796508393701,-0.0066877318340034,-0.0067583216257735,-0.007086278705205,-0.0071645945182397,-0.0073474982386052,-0.0073279743672543,-0.0070690069576091,-0.0071119465496286,-0.0070470859770021,-0.0068697549135389,-0.0078755847888239,-0.007833617199911,-0.0082924129296778,-0.0066378551458971,-0.0021801137844645,-0.0037926987941332,-0.0034102250050238
2170,-0.0115223696059198,-0.0125645517407131,-0.0132842555316669,-0.013628185752832,-0.0133812080920649,-0.0133325679113712,-0.0109565147942611,-0.0084551333233577,-0.0080754037205239,-0.0073970910191777,-0.0075669353539765,-0.0082174108546191,-0.00810362649137,-0.0077206783314274,-0.0075162285688982,-0.0064387719259467,-0.0066701593856113,-0.0066501162794532,-0.0070321084232853,-0.0070464155936835,-0.0072198901911248,-0.0073051280898951,-0.0069633246312606,-0.0072057744047076,-0.0069917725166881,-0.00681074755394,-0.0078350559648779,-0.0078552008634434,-0.008313176735126,-0.0065987234936835,-0.0021165791501138,-0.0034711384204142,-0.0033409082136203
2168,-0.0114791062754071,-0.0124189327019995,-0.0133179026786084,-0.0134890658177837,-0.0133581339104014,-0.0132352326152583,-0.0108397367304551,-0.0082549844647832,-0.0078918619493987,-0.0072146116252524,-0.0074295061011467,-0.0080491929902407,-0.0079351254486539,-0.0075355536362842,-0.0073399584896302,-0.0063274659294052,-0.0065016233186898,-0.0064281764679668,-0.0068056557118548,-0.0069609603197435,-0.0070992236046479,-0.0071863895184301,-0.0068461711603535,-0.0071523863061181,-0.0069081566377992,-0.0067883595529382,-0.0077583689553977,-0.0079068631693007,-0.0082532734998392,-0.0064154940500696,-0.0020460958610616,-0.0031412156172404,-0.003189777504819
2166,-0.0113090526870144,-0.0121687430105535,-0.0131619935282493,-0.0131672401306523,-0.0131812311408115,-0.0130540143900127,-0.0106439515706345,-0.007999265946809,-0.0076782438535576,-0.0069929391629665,-0.0071574965874609,-0.0077427359645037,-0.0075736089204639,-0.0072238009344436,-0.0071483439222311,-0.0061994617107186,-0.006165219499052,-0.0061588157540192,-0.0064795303350391,-0.0068241634743168,-0.0069009681377688,-0.0069358317878158,-0.0066789144017832,-0.0069262973152917,-0.0067284813415339,-0.006736026246507,-0.007558107816151,-0.0078672722353352,-0.0079972946095025,-0.0060159024095541,-0.0019642800039548,-0.0028582824379374,-0.0029566110779995
2164,-0.0110571447079935,-0.0118763949976689,-0.0128236962174148,-0.012763710100303,-0.0128652095806751,-0.0128195871673004,-0.0103638937924426,-0.0076915175900402,-0.0073021803052476,-0.0067869655129059,-0.0068128364821896,-0.0073613776033038,-0.007085208817551,-0.0067971973376774,-0.0068821953393331,-0.005963663139262,-0.0056800374881966,-0.0058848880656503,-0.0061660357779026,-0.0065272174464432,-0.0064809947708147,-0.0065286739099576,-0.0063418223838308,-0.0065191421427086,-0.0064635646587711,-0.0065243878127108,-0.0071751852742026,-0.0075678723272802,-0.0075532817035978,-0.0054789446335892,-0.0017569101701385,-0.0025811404171986,-0.0026646831717875
2162,-0.0106920526842693,-0.0115026409052785,-0.0123338053870268,-0.0123297503571779,-0.0124055276186747,-0.0124995985123906,-0.0099666584585669,-0.0073048569466106,-0.0066860638957025,-0.0064902004147037,-0.0064043514806666,-0.0068831095951188,-0.0065475258485923,-0.006284146164792,-0.0064257958065055,-0.0054923329548589,-0.0050499737309049,-0.0055398280941746,-0.0058750856061618,-0.0060098401283293,-0.0057993166690704,-0.0059528658879826,-0.0057257959268998,-0.0058756960091842,-0.0060867108953506,-0.0060209497974587,-0.0066185819642849,-0.006930196474375,-0.0070154246842631,-0.004944527967889,-0.0013472378167603,-0.0022188855289103,-0.0022874056605227
2160,-0.0102616801758043,-0.0110886195275922,-0.011847321328057,-0.0119807474569041,-0.0119333833776589,-0.0121917833902069,-0.0095678520629187,-0.0070049574436006,-0.0061615283080455,-0.0060976201505699,-0.0060841568193681,-0.0064079085212599,-0.0061216827121799,-0.0058819753806152,-0.0058992051533964,-0.0048933727996035,-0.0044785768445222,-0.0051941606926744,-0.0056571098635603,-0.0054658155604196,-0.0051709412672454,-0.0054299811763054,-0.0050167922510307,-0.0051964013192283,-0.005670202702542,-0.0053663301683942,-0.0061018955899078,-0.0062221463589644,-0.0066398739046331,-0.0045822133059606,-0.0009390032428193,-0.001890798315765,-0.0019381178514735
2158,-0.0101436937037093,-0.0110360515132413,-0.0117964903897422,-0.0120611707370495,-0.0118654616016109,-0.0122775317891189,-0.0095900901557955,-0.0072096196096929,-0.006319904055582,-0.0060435095057307,-0.0062523455792588,-0.0063772483160851,-0.0061854774025077,-0.0060203610502739,-0.0058048735272681,-0.0046834624544541,-0.0044702566741936,-0.0052495630546623,-0.0057845153612489,-0.0053904778396277,-0.0052056275971044,-0.0054687518983452,-0.0047980304365447,-0.0050749876579709,-0.0055910619430581,-0.0051101680351492,-0.0060571672517322,-0.0060642581798681,-0.0068147987979884,-0.0046318368834659,-0.0009637552327012,-0.0020094618549234,-0.0020034130669173
2156,-0.01055360570645,-0.0115561937799941,-0.012355887163257,-0.012649311134261,-0.0123582876106551,-0.0128459737608969,-0.0102019704164272,-0.0079574291543655,-0.0070922333187344,-0.0066298036826202,-0.0069538755015506,-0.0069776555949678,-0.0068413350384344,-0.0067491802391045,-0.0063284457486727,-0.0051058221110247,-0.0051351393027695,-0.005863750752681,-0.0063279201147385,-0.0059046899214976,-0.0059849903769115,-0.0061392949726537,-0.0052983693873556,-0.0056904531463086,-0.0060359608705158,-0.0055326978845325,-0.0065598618204608,-0.0066204424417609,-0.0074874064970468,-0.0050939312989713,-0.0014779631002002,-0.0026673384895302,-0.0025927165409571
2154,-0.0111863419091919,-0.0122551854871711,-0.0131084312849299,-0.0133065707140804,-0.0130197743519818,-0.0134459519025345,-0.010975564128372,-0.0087562177178842,-0.0077702062999501,-0.0074639824114938,-0.0077001330773327,-0.0077670229742875,-0.007660515157077,-0.007539935436797,-0.0069929580487569,-0.0057462989227305,-0.0059362437570305,-0.0065966263004986,-0.0069382189899669,-0.0065381177215807,-0.0068843968197632,-0.0068860369717513,-0.0060401084481836,-0.006485573368549,-0.0066526742510761,-0.0062428572961732,-0.0071745304661134,-0.0073509612033091,-0.0081419104382266,-0.0056781481271691,-0.0020723076787845,-0.003432970880209,-0.003295157990099
2152,-0.0117234519387198,-0.0127352747275208,-0.0136493986626668,-0.013701288569725,-0.0135214576609798,-0.0137708450269986,-0.0115050408875398,-0.0092923446475601,-0.0081047226382493,-0.0080875938827643,-0.0081953826174833,-0.0083600324083601,-0.0082966253144249,-0.0080576520693013,-0.0074342479006692,-0.0062720680305198,-0.0064890003540458,-0.007066896422559,-0.0073556960980224,-0.0069804550867821,-0.0074827133771322,-0.0073701952404605,-0.0066100206348915,-0.0070221299038708,-0.0071320205941124,-0.0068417535645694,-0.0076460866744954,-0.0078502942916517,-0.0085485030374817,-0.0062301952670624,-0.0025427878138197,-0.0040195493862025,-0.0038362692046552
2150,-0.0120730433407376,-0.0129701086070563,-0.0139074796018746,-0.013859288083469,-0.0138470286035126,-0.0139282985837916,-0.0117471469353595,-0.0095848817107606,-0.0083705090770031,-0.0084214825521101,-0.0084990570481525,-0.0087353167577947,-0.0086970894082521,-0.0083862919791989,-0.0077076518605681,-0.0067040466285863,-0.0068259072516617,-0.0072615271184632,-0.007584217265139,-0.0072809833526155,-0.0077993011959317,-0.0076696018235643,-0.0069696650380513,-0.0072969964049554,-0.0074457426586439,-0.007240987596774,-0.0080330393183559,-0.0081247302166715,-0.0088154518854292,-0.0067266042516479,-0.0029352929570476,-0.004426800854212,-0.0042482094370779
2148,-0.0122476489197612,-0.0131420655355021,-0.0140050052523091,-0.0139318244250814,-0.0140678267020101,-0.0141160618841128,-0.0118525895850705,-0.0097192638606367,-0.0087340575953021,-0.0086077450256442,-0.0087049934418028,-0.0090114888463806,-0.0089108335222921,-0.0086661044281213,-0.0079830634937103,-0.0071271078147229,-0.0070787837102483,-0.0073369154916831,-0.0077290656806272,-0.0075542377773599,-0.0079816940642127,-0.0079399170083226,-0.0072351113801018,-0.0074499260582811,-0.0076736088240047,-0.0075020994585454,-0.0084067206731687,-0.0083496765796377,-0.0090460619773268,-0.0071278454610703,-0.003240174386607,-0.0047165275156374,-0.0045892466835498
2146,-0.0122739684333018,-0.0133357625717542,-0.014057455563176,-0.0139765951631333,-0.0141987989094767,-0.014314706713479,-0.0119330605401115,-0.0097300135863176,-0.0090446350546448,-0.0087534941121626,-0.0087971323205839,-0.0092330063251829,-0.0089854524180532,-0.0088516073602566,-0.0082821270814763,-0.0074868369156142,-0.0072567736599656,-0.0074090647637841,-0.0078453253597953,-0.0077880471394827,-0.0081145836947107,-0.0081953974996904,-0.0074763931979844,-0.0075339876957341,-0.0078657829830589,-0.0076813935707715,-0.0087138787918918,-0.0086261122901578,-0.0092330283545613,-0.0074162201225744,-0.0034000202332449,-0.0049264675631606,-0.0048384795607298
2144,-0.0122270678623149,-0.0134795657528571,-0.0141123176416766,-0.0139942153780208,-0.0142707907017199,-0.014400381268551,-0.0120335987208916,-0.009678449801033,-0.0091611562178825,-0.0088799817117531,-0.0087847203168654,-0.0093723639828975,-0.0089987547576156,-0.0088535397138313,-0.0085254045509789,-0.0076870985193964,-0.0073319917749762,-0.0075133422709239,-0.0079281313937656,-0.0079119999456287,-0.0082332655778025,-0.0083619065905642,-0.0076916511924293,-0.0075688745761466,-0.0080364889243702,-0.0078052243138457,-0.0088716401394844,-0.0089097612755747,-0.009365695195305,-0.0076166264991214,-0.0034551560534013,-0.0050848694836261,-0.0049888419016109
2142,-0.012241316843801,-0.0135279891484485,-0.0141968237442616,-0.0140400254524344,-0.0143683104112957,-0.0144001764120186,-0.0122027705268647,-0.009673293380069,-0.0091669978230999,-0.0090041511598793,-0.0087867269934334,-0.0094358198589615,-0.0090549953412644,-0.0087592377487204,-0.0086896528771004,-0.0077490765782135,-0.0073613232437947,-0.007646971035536,-0.007983444991228,-0.0079332365832954,-0.0083578023508367,-0.0084113935090454,-0.007860433477511,-0.0076357402561133,-0.0081851703355867,-0.0079006851449424,-0.0088880207421601,-0.0090904455251575,-0.0094698634822656,-0.0077440259498252,-0.0035165444143321,-0.005200998126988,-0.0050870471272335
2140,-0.0123808436562283,-0.0135457619632332,-0.0143186626708683,-0.0141727632661801,-0.0145052621974728,-0.0144572309616704,-0.0124470433252986,-0.0097606274232992,-0.0092082083987181,-0.0091403152142102,-0.0088958252156844,-0.009475818617985,-0.0091833159363746,-0.0087604385651154,-0.0088154152919167,-0.007778749736656,-0.0074071461908804,-0.007775765215586,-0.0080470963017975,-0.007931741526695,-0.0084720681781842,-0.0083981148897349,-0.0079732531641884,-0.0077899912274763,-0.0082852896935332,-0.0079972532009638,-0.0088585897623552,-0.0091217945472698,-0.0095469957390317,-0.0078042038204102,-0.0036475532895235,-0.0052676780774703,-0.0051793358227321
2138,-0.0125573354648796,-0.0135936676789487,-0.0144391702196983,-0.0143469307281754,-0.0145768124365683,-0.0145974483439616,-0.0126649877081902,-0.0098681970086928,-0.0093036508466495,-0.0092396638227435,-0.0090471897458308,-0.0095008589572452,-0.0093059555254787,-0.0088958017628762,-0.0088972405603516,-0.0078066348903454,-0.0074359408185337,-0.0078468706715947,-0.008131324041499,-0.0079505672237384,-0.0085304155335871,-0.0083827025909216,-0.0080185939251325,-0.0079575973057395,-0.0082974178002924,-0.0080885843445364,-0.0088592083271101,-0.0090726761579717,-0.0095651059129306,-0.0078296299698317,-0.0038300631416454,-0.0052860273348759,-0.0052620310990562
2136,-0.0126609734898609,-0.0136671200273103,-0.0145244863941916,-0.014472018408177,-0.0145301169695492,-0.0147140426774166,-0.0127424610501668,-0.0099194977830426,-0.0094071741006023,-0.0092360785994627,-0.0091228362925739,-0.0094896296138182,-0.0093596605859866,-0.0090393705007321,-0.0088876193585495,-0.0077824717710737,-0.0074164672717786,-0.0078562280116594,-0.0082100716824672,-0.0079798459125221,-0.0085307796151464,-0.0083881597271793,-0.0079920593382026,-0.0080329040889931,-0.0082409758516661,-0.0081392607027941,-0.0088940695257359,-0.0090560124268654,-0.0095328965344119,-0.0078674476682126,-0.0040196308386404,-0.0052808985167201,-0.0053096809329605
2134,-0.0127036469039638,-0.0137657322587126,-0.0146052452345348,-0.0145462368914856,-0.014483451929325,-0.0147618143958445,-0.0127015545516656,-0.0099413819363883,-0.00952475089992,-0.0091659594112748,-0.0091234968630015,-0.009487192726293,-0.0093841864227247,-0.0091178310918326,-0.008827175627678,-0.0077236220820419,-0.007434757522073,-0.0078845265593562,-0.0082766864427913,-0.0080333615458218,-0.0085445041342935,-0.008428285467528,-0.0079418417463463,-0.008033840258652,-0.0082290731743091,-0.0081557875485823,-0.008952853252806,-0.0091380468167235,-0.0095338428173733,-0.0079393683892446,-0.0041778421895664,-0.0052902062485706,-0.0053283971353014
2132,-0.0127752523700431,-0.013912382159224,-0.014727769738368,-0.0146356661909599,-0.0145669388443089,-0.0148154342769581,-0.0126736370371576,-0.0100150152031965,-0.0096846737902969,-0.0091554102209869,-0.0091540309724178,-0.0095811021628618,-0.009445034232664,-0.0091943685584248,-0.0088473676395873,-0.0077403403917442,-0.0075835798328205,-0.0080061962803354,-0.0083619218445415,-0.0081542454319891,-0.0086333371600755,-0.0085209790082758,-0.0079598663200979,-0.0080756722672489,-0.008357314790204,-0.0082125691044097,-0.0090609609382944,-0.0093096684992033,-0.0096436193389998,-0.008035416977288,-0.0042931965912179,-0.0053444129364556,-0.0053535957878076
2130,-0.0129047119954376,-0.0140755924544844,-0.0148710327458258,-0.0147438490198332,-0.0147362668001668,-0.0149166006519692,-0.012723679401241,-0.0101584855555624,-0.0098678556923471,-0.0092629930701616,-0.0092608973675686,-0.009759597046822,-0.0095245003641732,-0.0093151404222743,-0.0089921988772102,-0.0078765991662075,-0.0077966831658981,-0.0081860474450005,-0.0084682821564311,-0.0083295535180793,-0.0087690332011527,-0.00865989851767,-0.0080821457220793,-0.0082035004534289,-0.0085713421474366,-0.0083597114671775,-0.0092302317249964,-0.0095131044341079,-0.0098414941631154,-0.0081255961633207,-0.0043795181252305,-0.0054383422861539,-0.0053995010264425
2128,-0.013042980628989,-0.0141733318301547,-0.0149723055577846,-0.0148118548212194,-0.0148650284939648,-0.0150078870995042,-0.0128031164084587,-0.0103161432263021,-0.0100235075781171,-0.009417005632209,-0.0093840406570798,-0.0098980507770134,-0.0095654469771645,-0.0094197254679637,-0.0091530573763375,-0.0080486026011554,-0.0079289643284626,-0.0083246081222612,-0.0085446877233558,-0.0084756281954516,-0.0088762840296544,-0.0088054198750175,-0.008236586823549,-0.0083482824620587,-0.0087255275467153,-0.00854410099148,-0.0094011001977692,-0.009673048304295,-0.01003524726185,-0.0081704321374161,-0.0044359085246935,-0.0055216019060854,-0.0054445344530138
2126,-0.0131410609720653,-0.014181038555948,-0.0150072017873319,-0.0148317370589622,-0.0149166576606544,-0.015037111894129,-0.0128561823004804,-0.0104329258566465,-0.0101130742874199,-0.0095121068321152,-0.0094563187986447,-0.0099163844083607,-0.00957308296669,-0.009454599227049,-0.0092139655341328,-0.0081718723996499,-0.0079553063303204,-0.0083835556981759,-0.0085669867070212,-0.0085365214064669,-0.0089252843477358,-0.0089196887703336,-0.0083240365246543,-0.0084393963225306,-0.0087563989834669,-0.0086637931600457,-0.0094913032485477,-0.0097350653723004,-0.0101428286876397,-0.0081544700296668,-0.0044283828837343,-0.0055421467179231,-0.005468062070396
2124,-0.0131940162843598,-0.0141764637050838,-0.0150068787123586,-0.0148699579153041,-0.0149468673362018,-0.0150278221550226,-0.0128845452081503,-0.0105013953415117,-0.0101271404128354,-0.0095222504004021,-0.0094844924445402,-0.0098907461616868,-0.0096129963794414,-0.0094702451359886,-0.0091998719429823,-0.0082674458503473,-0.007993933684621,-0.0084290558559591,-0.0085995942765087,-0.0085624530515069,-0.0089609691578108,-0.0090042928173173,-0.0083407201545592,-0.0084923626997732,-0.0087529891614165,-0.0086945034838126,-0.0094929216217358,-0.0097201415035683,-0.0101562592005563,-0.0081240206926969,-0.0043431747700969,-0.0055170443270614,-0.0054882588802943
2122,-0.0132128726209995,-0.0142288200582001,-0.0149957948904512,-0.0149529447618975,-0.014980054149994,-0.0150106519413605,-0.0128951029531152,-0.0105274264728867,-0.010074199085007,-0.0094945123765987,-0.009503274311411,-0.0099338086066892,-0.0096971033417791,-0.0095203913590402,-0.0092082289975302,-0.0083781076342535,-0.0081101772291825,-0.0085186998168808,-0.0087005215874152,-0.0086224772224335,-0.0090238496956247,-0.0090679996708298,-0.0083635429224079,-0.0085482891978681,-0.0088138555969916,-0.0086949619394891,-0.0094577995849739,-0.0096950189254753,-0.0101181085381117,-0.0081361145847514,-0.0042200554716427,-0.0055108177878473,-0.0055251743953169
2120,-0.0131929210365833,-0.0142964439138801,-0.0149569320336154,-0.0150052034963305,-0.0149731370867568,-0.0149602838846733,-0.0128534660373072,-0.0104826299080767,-0.0099712461904567,-0.0094600911725708,-0.0094933711320878,-0.0100157718111054,-0.0097351233165608,-0.0095432675378065,-0.0092361767161856,-0.0084463114649578,-0.0082039028339547,-0.0085957105727247,-0.0088003048788298,-0.0086750140449503,-0.0090700213620435,-0.0090738906714299,-0.0084157338224731,-0.0085783895512377,-0.0088883002931242,-0.0086886681531881,-0.0093957057497601,-0.0096716222348021,-0.0100511886140046,-0.0081682488920835,-0.0040993210478176,-0.0055308317298668,-0.0055363197937528
2118,-0.0131341111622249,-0.0142956193550547,-0.0148821455688847,-0.0149509967817692,-0.0149075612066305,-0.0148611761656971,-0.0127397185644969,-0.0103423016103159,-0.0098522691784436,-0.0094108723706233,-0.0094095354111236,-0.0100086995570339,-0.0096449128232755,-0.0094530923969319,-0.0091902399170367,-0.0083858503408483,-0.0081597987530593,-0.0085606545263965,-0.0087740126498136,-0.0086189487614426,-0.0090216046112404,-0.00897856787019,-0.0084328581921198,-0.0085247794048287,-0.0088477857977244,-0.0086383291971727,-0.0092779322497266,-0.0095971011932901,-0.0099583926012466,-0.0081464046898629,-0.0039871549214602,-0.0055183947249619,-0.005457361988768
2116,-0.0130663342984523,-0.0142330102613703,-0.0148155945273115,-0.0148271457379423,-0.0148373882769219,-0.0147784532499704,-0.0126109363464666,-0.0101624201939372,-0.0097615271708829,-0.0093518095126069,-0.0092755721484594,-0.0098888784320117,-0.0094777231486728,-0.0093060259156353,-0.0090593597423019,-0.0082461726686405,-0.0080343028815061,-0.0084298598497775,-0.008636755788567,-0.0084700714671086,-0.0088894556423044,-0.0088261381434107,-0.0083842800485125,-0.0084138947360706,-0.0086912992645591,-0.0085540226968731,-0.0091455170700584,-0.0094612373876979,-0.0098752717926245,-0.0080693249934965,-0.003902809201604,-0.0054662777699963,-0.0053201094159203
2114,-0.0130298957648714,-0.0141946761420985,-0.0148086841049665,-0.0147322853780515,-0.0148181771342361,-0.0147894501355361,-0.0125521673217208,-0.0100549158431177,-0.009717247827598,-0.009315172133851,-0.0091841929717404,-0.0097810840073006,-0.0093715072645964,-0.0092506784614032,-0.008961715987584,-0.0081755793360345,-0.0079858986461666,-0.0083364805994311,-0.008559479628834,-0.0083807411645165,-0.0087814069181379,-0.0087344602887496,-0.0083424897281951,-0.0083455335717237,-0.0085733425852378,-0.0085243168456939,-0.0091075114332217,-0.0093462092450839,-0.0098539786576601,-0.0080244126231949,-0.0039002137635101,-0.0054590868973496,-0.0052487640569067
2112,-0.0130415829183061,-0.0142187024914585,-0.0148567349540476,-0.0147041633266845,-0.014848037268321,-0.014876372692992,-0.0125872565293638,-0.0100753187291271,-0.0097001096990063,-0.0093112354411387,-0.009195992869469,-0.0097832334570797,-0.0093937211072135,-0.0093301834976557,-0.0089854430345261,-0.0082163366136112,-0.0080573887416884,-0.0083655061811519,-0.0086546896083251,-0.0084568942094228,-0.008778017232189,-0.0087688736830087,-0.0083807978471283,-0.0083641322803169,-0.0086103470882336,-0.0085882038798156,-0.0091980438726885,-0.0093316142079805,-0.0098883609668443,-0.0080573803414925,-0.0039940299869481,-0.0055472024994546,-0.0053055372228706
2110,-0.0130767815184136,-0.0142478035368405,-0.0148991845312232,-0.0147025103384628,-0.0148890391549057,-0.0149429751468329,-0.0126632299665566,-0.0101673231556768,-0.0096845151137549,-0.0093031431466926,-0.0092778182531327,-0.0098499519233193,-0.0094840297026111,-0.0094407408364217,-0.0090705080344875,-0.0082557142211351,-0.0081392922145502,-0.0084631758506719,-0.0088315155892076,-0.0086354961214239,-0.0088482188824195,-0.0088744419895732,-0.0084623179272715,-0.0084086836557457,-0.0087466882449057,-0.0086558128698708,-0.0093138492616422,-0.0094015655397314,-0.0099100669897517,-0.0081075727989421,-0.0041034875177725,-0.00564989935366,-0.0054001469281709
2108,-0.0130724417400384,-0.0142081396112311,-0.0148672228528619,-0.0146777534658533,-0.0148925128808123,-0.0149209500228321,-0.0126962434638907,-0.0102261112341423,-0.0096621624999688,-0.009250515809443,-0.0093460905738766,-0.0098778074462943,-0.0095399362893541,-0.0094815170666459,-0.0090963737058292,-0.0082050788993263,-0.0081345404052765,-0.0085247440826112,-0.0089097007413029,-0.0087718951811055,-0.0088973835769269,-0.0089455724665199,-0.0084926492124656,-0.0084067936322855,-0.0088380065741207,-0.0086233632900094,-0.0093430967750574,-0.0094810987415784,-0.009878169242766,-0.0081060123178042,-0.0041322606317629,-0.0056489007360238,-0.005397562987781
2106,-0.0129736865841094,-0.0140904207609845,-0.0147321744201202,-0.0146065199927363,-0.0148067596069047,-0.0148166540001939,-0.0126245546128881,-0.0101968358197271,-0.0096276309936566,-0.0091554531471551,-0.0093438935013413,-0.0098239138012672,-0.0095126961914231,-0.0094443613256301,-0.0090303843957064,-0.0081177304190739,-0.008060297901078,-0.0085151506329454,-0.008822032025111,-0.0087923206502476,-0.0088674760193851,-0.0089248939528552,-0.0084441654704074,-0.0083605935901721,-0.0088100226219506,-0.0085093838665407,-0.009294394613033,-0.0095262936419076,-0.0098234948097991,-0.0080618967822925,-0.0040812043800616,-0.0055250744772618,-0.0052721344465005
2104,-0.0128056251951851,-0.0139489792794398,-0.014538815671791,-0.0144892873034273,-0.0146323048005938,-0.0146730369551408,-0.0124543674881663,-0.0100964104035534,-0.0095701947258898,-0.0090533665288788,-0.0092656545205751,-0.0096985058173384,-0.009411647652961,-0.0093428528637002,-0.0089278090857427,-0.0080760165957832,-0.0079682219516548,-0.0084561587469191,-0.0086346937612518,-0.0087084453109763,-0.008764869480199,-0.0088139540683021,-0.0083568051821108,-0.0083068564594178,-0.0086888157445663,-0.0084026699164791,-0.0092360360125001,-0.0095317627451128,-0.0097837629191089,-0.0080019901820246,-0.0040171828474584,-0.0053319263706145,-0.0050978307273793
2102,-0.0126781860177984,-0.0138590478209158,-0.0144040332699015,-0.0143732866487442,-0.0144824355699298,-0.0145476282297647,-0.0122838637602796,-0.0099758986277818,-0.0094975798071953,-0.0089806759936445,-0.0091505648076128,-0.009528354018572,-0.0092749634556074,-0.0091808235834302,-0.0088387022727168,-0.0080666648719395,-0.0078671498364426,-0.0083587706626221,-0.0084395547055461,-0.0085549728332173,-0.0086318164129394,-0.0086491911641667,-0.0082556602371363,-0.0082513524410436,-0.0085404621635564,-0.0083391211807919,-0.0091851396771259,-0.0094895373589674,-0.0097519276989957,-0.0079087702537036,-0.0039671775049047,-0.0051142075863528,-0.0049479888106279
2100,-0.0126728293436167,-0.0138637836082806,-0.0144291405591273,-0.0143471621947614,-0.0145000660652542,-0.0145062624263488,-0.0122369581004339,-0.0098898098470484,-0.0094460533731464,-0.0089559022075891,-0.0090684041577489,-0.0093806747990178,-0.0091589145335481,-0.0090220802238184,-0.0087721908787013,-0.0080325361855901,-0.007759030953671,-0.0082293633805215,-0.0082998371801684,-0.0083819771232857,-0.0085245198976163,-0.0085030511528887,-0.0081391355038699,-0.00817982937079,-0.0084309732536759,-0.0083002418448828,-0.0091278475730162,-0.0094038650696931,-0.0097180303978961,-0.0077842669736948,-0.0039130032657472,-0.004927937815358,-0.0048646150644096
2098,-0.0127455001585783,-0.013936456459611,-0.014590028494884,-0.0144527784776383,-0.0146823034403225,-0.0145769947895337,-0.0123339900317957,-0.0098752251348076,-0.0094445040873396,-0.0089775452480853,-0.0090723030289314,-0.00934605150095,-0.009110214317011,-0.0089704207096778,-0.0087205929702418,-0.0079771510933016,-0.0076775156734744,-0.0081070035853404,-0.0082502019377426,-0.0082548653469892,-0.0084862515353192,-0.0084523198190582,-0.008028439403387,-0.0080980189059976,-0.008394124773142,-0.0082849384520592,-0.0090860660412562,-0.0093175888754012,-0.0097077192466317,-0.0077000212767276,-0.0038653106400237,-0.0048649913822497,-0.0048740439579589
2096,-0.0128032719094279,-0.014009662972201,-0.014762154487424,-0.0146259914959573,-0.0148722334229564,-0.0147131194739808,-0.0124757036381646,-0.0099317935119506,-0.0094832495564079,-0.0090313310577141,-0.0091516342519759,-0.0094438640942673,-0.0091315067563875,-0.0090420567341883,-0.0086784979600576,-0.0079459790642081,-0.0076550365965654,-0.0080461554500185,-0.0082822318268298,-0.0082112695033424,-0.0085184728623082,-0.0085080654172886,-0.0079674568351374,-0.008033602320055,-0.0084072506258002,-0.0083039439457344,-0.0090903242729977,-0.0092754786257841,-0.0097395149680108,-0.0077148295663225,-0.0038690045799866,-0.0049614729207747,-0.0049603314796137
2094,-0.0128390440465155,-0.0140511160577278,-0.014855336163799,-0.0147608477380917,-0.0149376220553247,-0.0148237953100929,-0.0125654156475584,-0.0100099339702613,-0.0095288950243407,-0.0090965578784537,-0.0092355797801986,-0.0095834472088195,-0.0091866908900858,-0.0091399145472237,-0.0086461006630105,-0.0079499053033681,-0.0076861428139339,-0.0080668864169404,-0.0083351440307843,-0.0082345383827143,-0.0085849457429191,-0.0085993090571374,-0.0079693469064126,-0.0080137889917986,-0.0084222138827982,-0.0083282726406947,-0.0091278821609286,-0.0092791944324945,-0.0097856175980413,-0.0077932338401433,-0.0039352165175124,-0.0051107777492531,-0.0050397362674461
2092,-0.0129095792692598,-0.0140853695446846,-0.0148810988989182,-0.0148136948105583,-0.0148911730606749,-0.014842028604829,-0.0125926526793262,-0.010033039373807,-0.0095524362721481,-0.0091469838114918,-0.0092499049160761,-0.0096576958727831,-0.0092349587266367,-0.0091844663689463,-0.0086328197582269,-0.0079635627048643,-0.0077391608323262,-0.0081369985862655,-0.0083480830460681,-0.0082851259836865,-0.0086490643514224,-0.0086512924208313,-0.0080042347138465,-0.0080453293139153,-0.0084252954565414,-0.0083141677799737,-0.0091730335937289,-0.0093055381227668,-0.0098138948421238,-0.0078599536779258,-0.0040177226660218,-0.0051640484278532,-0.0050369699505744
2090,-0.0129981283874055,-0.0141195014342587,-0.0148707658575292,-0.014799996832034,-0.0148050953896285,-0.0147515896664402,-0.012569855936659,-0.0099497231604796,-0.0095282257847665,-0.0091514980533659,-0.0091683705458655,-0.0096389359943098,-0.0092408920018061,-0.0091845510082983,-0.0086453658213192,-0.0079667259889739,-0.0077786310453404,-0.0081970511477826,-0.0083183409859853,-0.0083343201756735,-0.0086941417092396,-0.0086512566364573,-0.0080424222201189,-0.0080997415741795,-0.0084299287291486,-0.0082639160567829,-0.0092227724807412,-0.0093419949610386,-0.0098243142735738,-0.0078839761035755,-0.0040600697122159,-0.0050975587990805,-0.0049733828486921
2088,-0.0130055769229731,-0.0141013768814952,-0.0148014678283046,-0.0147231517111049,-0.014701372847118,-0.014577095904169,-0.0124696738782367,-0.0097742387628025,-0.0094365865109539,-0.0090911095549275,-0.0090215963046531,-0.0095561734984022,-0.009173910567178,-0.0091560380587815,-0.008674169814602,-0.0079478499874225,-0.0077770003297213,-0.0082014045380511,-0.0082843166496339,-0.0083562609772588,-0.0087105520916751,-0.0086180390610263,-0.0080708435649691,-0.0081252928487293,-0.0084242027305817,-0.0082109766160531,-0.0092537996795088,-0.0093779745206475,-0.0098096093136885,-0.0078570959478849,-0.0040300529604652,-0.0049959881375676,-0.0049164008936607
2086,-0.0128833487479485,-0.0139901217906023,-0.0146500735231686,-0.0145776766762763,-0.0145767764310961,-0.0143836197569898,-0.0122872117427678,-0.0095878618321758,-0.0092944988644342,-0.008984873703958,-0.0088806523509073,-0.0094441705854656,-0.0090409582628479,-0.0090767398483422,-0.0087002626743499,-0.007894627402035,-0.0077373672866216,-0.008148735372907,-0.0082730675720744,-0.0083274447614254,-0.0086904031853451,-0.0085594169008256,-0.0080708976616829,-0.0080928994196407,-0.0083847865717967,-0.0081706766039886,-0.009202005479898,-0.0093869535817924,-0.0097291946104688,-0.0077573491569884,-0.0039247158251922,-0.0049149675150532,-0.0048740012866366
2084,-0.012701408895839,-0.013830144688357,-0.0144613621907282,-0.0144011781065344,-0.0144519462034746,-0.0142512860667573,-0.0121002305610157,-0.0094816029607108,-0.0091632042271771,-0.0088838063327242,-0.008806423488913,-0.009342084211571,-0.0089069652440207,-0.0089494603020559,-0.0087099352562701,-0.0078113572277556,-0.0076996340881065,-0.0080785988800404,-0.0082806876948179,-0.0082575808353261,-0.0086401996924495,-0.0084867764724836,-0.0080210090317723,-0.0080316508341513,-0.0083361507030117,-0.008141933401408,-0.009048826460654,-0.0093520661584447,-0.0095679246975811,-0.007596824937393,-0.0037830703037529,-0.0048382151171391,-0.0047971889832111
2082,-0.0125531116509668,-0.0137048819562496,-0.0143119519752579,-0.0142608302107989,-0.0143507595794883,-0.0142137800598895,-0.0119962842228457,-0.0094743950272929,-0.0090958214488463,-0.0088217274678956,-0.0087889254881572,-0.0092842098178072,-0.0088401364133276,-0.0088263294067489,-0.0086903792732739,-0.0077203078691751,-0.0076859360839912,-0.0080220255711033,-0.0082823075805557,-0.0081831570437312,-0.0085711337540396,-0.0084301701433457,-0.0079280598002784,-0.0079890802608763,-0.0083233825351252,-0.008127224161666,-0.0088804691866369,-0.0092879397205854,-0.0093846543120355,-0.0074510073422979,-0.0036674714894409,-0.0047506627614032,-0.0046771427084376
2080,-0.0124588715166373,-0.0136446798771544,-0.0142396861303635,-0.01419334539828,-0.014283004849428,-0.0142457027949133,-0.0119806547131089,-0.0095107068775245,-0.0090941872602549,-0.0087901273612014,-0.0087638424880947,-0.009263941984235,-0.0088481041770765,-0.0087398319583757,-0.0086323483895024,-0.0076382827064337,-0.0076607859287621,-0.0079660131290986,-0.0082471687656827,-0.0081198661518735,-0.0084807620457717,-0.0084058035438237,-0.0078301695267791,-0.0079659919333651,-0.0083230104123916,-0.0081162110437975,-0.0087960067522976,-0.0092108942945442,-0.0092588803056451,-0.0073818845961479,-0.0036012064179916,-0.0046813850814302,-0.0045797162653931
2078,-0.0123931225802244,-0.0136212544740914,-0.014232672205037,-0.0141847279939308,-0.0142632693379961,-0.0143026319137992,-0.0119995100574061,-0.0095348170572545,-0.0091278097863449,-0.0087667955810615,-0.0086998660766794,-0.009239555132521,-0.0088916577305015,-0.008680335350981,-0.0085647993679281,-0.0075801569730162,-0.0075905046844274,-0.007892093464619,-0.0081665589244426,-0.0080588889262116,-0.0083726640493425,-0.0083864531148225,-0.0077617110784454,-0.0079293273184126,-0.008256471871256,-0.0080787511204928,-0.0087904135799263,-0.0091157083058648,-0.0092117203486037,-0.0073688885465971,-0.0035460874011298,-0.0046642351123667,-0.0045671869027904
2076,-0.0123408302800859,-0.0136040200323817,-0.0142476541209202,-0.0141897473281092,-0.0142889556188112,-0.0143425437634488,-0.012014228990931,-0.0095410836737096,-0.0091682358118119,-0.0087383013256178,-0.0086367577243,-0.0091952628541939,-0.0089372596358111,-0.0086547398401706,-0.0085527048106288,-0.0075744892314635,-0.007518691831368,-0.007827557304568,-0.0080790710298044,-0.0080130401731104,-0.0082854752761916,-0.0083367089227053,-0.007725811675953,-0.0078750054642873,-0.0081174609428939,-0.008014873958257,-0.0087792944015922,-0.0090032588859293,-0.0092047124804836,-0.0073561216689459,-0.0034642746481409,-0.0046991336202803,-0.0046213098871627
2074,-0.0122993968142793,-0.0135838513739123,-0.0142301372803312,-0.0141585053038499,-0.014303968809597,-0.0143213217174519,-0.0120143409246438,-0.0095376478053788,-0.0091846770202724,-0.0086819310529597,-0.0086044330991304,-0.0091533604431337,-0.0089623079934578,-0.0086864095931516,-0.0085999175842663,-0.0076281715958738,-0.0075043252821515,-0.007804831915564,-0.0080358167883226,-0.008005703935261,-0.0082569466975911,-0.0082593742555896,-0.0076964272108265,-0.007826785304171,-0.0079995260639902,-0.0079689482721987,-0.0087175755689421,-0.0088989105323867,-0.0091992555962262,-0.0073287783493412,-0.0033686510966372,-0.0047561878445624,-0.004669624454966
2072,-0.0122783155458214,-0.0135643522324854,-0.0141622007290102,-0.0140756081141713,-0.0142648479630955,-0.0142264200777627,-0.0119983484784903,-0.0095059222657531,-0.009143319282724,-0.0085754799997186,-0.0085630416837449,-0.009118911942258,-0.0089358489769428,-0.0087424547837015,-0.0086018424590739,-0.0076885034455789,-0.0075074604212382,-0.0077888842665945,-0.0080375074795952,-0.0080054136339477,-0.008267651128704,-0.0081774195006498,-0.0076417933069678,-0.0077841998362526,-0.0079619846245661,-0.0079494851825672,-0.00863611635101,-0.0088282698592535,-0.0091881192376002,-0.0073010903813808,-0.0032860347302916,-0.0047906040260475,-0.0046676070189497
2070,-0.0123163763960025,-0.0135663635434708,-0.0141083548140155,-0.0139978200019175,-0.0142360663344048,-0.0141355091099373,-0.0119933375008795,-0.0094458163273422,-0.0090579916884714,-0.0084627965618706,-0.0084868210340253,-0.009073406470109,-0.0088553859799601,-0.008749860250134,-0.0084802386968233,-0.0076932767495771,-0.0074313590402307,-0.0077171179459102,-0.0080370465452964,-0.0079408284890358,-0.0082646517017996,-0.0080954483035701,-0.0075521266184855,-0.0077307204859662,-0.0079565177208222,-0.0078907348309084,-0.0085841719047672,-0.0088078615542431,-0.0091846978482975,-0.0072807631709107,-0.0032180735155644,-0.0047703244015219,-0.004633948626292
2068,-0.0124339395849079,-0.0136135410399765,-0.0141552142362694,-0.0140131218818667,-0.014313020497401,-0.0141588098409392,-0.0120470082612979,-0.0094219184855156,-0.0090113455416521,-0.008453511274003,-0.0084505975510363,-0.0090344857063243,-0.0087873868819983,-0.0087140860437079,-0.0083286470062144,-0.0076567976734494,-0.007279024704089,-0.007604183225961,-0.0080065923322729,-0.0078058431488685,-0.0082323749687064,-0.0080032996653814,-0.007453678951349,-0.0076819234934158,-0.0079206059181803,-0.0077558927983367,-0.0085868772114662,-0.0088549573750172,-0.0092109215850311,-0.0072858674875778,-0.00317315823226,-0.0047258451327841,-0.0046238316332753
2066,-0.0125549253153885,-0.0136757737434368,-0.014277627402745,-0.0141229776306978,-0.014439095374716,-0.0142811435896883,-0.0121396630804522,-0.0094845944181276,-0.0090564878806684,-0.0085921809360017,-0.00853163306952,-0.0090499733784415,-0.008793803233865,-0.0087153350596818,-0.008300092268446,-0.0076344788684142,-0.0071656911949593,-0.0075262378488596,-0.0079611207084507,-0.007684131695792,-0.00819140146053,-0.0079061082081362,-0.0073880374854632,-0.0076556872771095,-0.0078650832516331,-0.007625027707209,-0.0086352834254855,-0.0089532166213863,-0.0092717862292268,-0.0073314709186323,-0.0031824483803472,-0.0047294068563259,-0.004664809713295
2064,-0.0125590865972632,-0.0136697257620987,-0.0143436285247959,-0.0142163269426557,-0.0144386225238668,-0.0143517664390644,-0.0121631732846745,-0.0095721283277179,-0.0091250013512782,-0.0087698492678745,-0.0086606357407788,-0.0091114640652253,-0.0088372156620305,-0.0087558359997264,-0.0083809537522491,-0.0076170330714762,-0.0071546936459398,-0.0075036082998149,-0.0079156418423807,-0.0076415355710711,-0.0081367324108651,-0.0078339614009848,-0.0073771908616292,-0.0076163218754487,-0.0078247111193093,-0.007600047372711,-0.0086807597075717,-0.0090092360822283,-0.009319532188349,-0.0073671858340743,-0.0032416413571556,-0.0047887012492849,-0.0047154786483861
2062,-0.0124377655220172,-0.0135660306133307,-0.0142816526057658,-0.0141965691771323,-0.0142665171488624,-0.014269823684707,-0.0120620326801598,-0.0095636547295178,-0.0090931900968823,-0.0088202551769545,-0.0086767510729322,-0.0091412735562281,-0.0088264460264161,-0.0087323115142865,-0.0084107413584847,-0.0075459108224727,-0.007174832164339,-0.0074800847226351,-0.0078661417340337,-0.0076529396392593,-0.0080451010731458,-0.0078173773599296,-0.0074091420421132,-0.0075262319884142,-0.0077982431704547,-0.0076578363509555,-0.0086592236541064,-0.0089206976657343,-0.0092822578981667,-0.0073038360506137,-0.0032853633190665,-0.0048117539249916,-0.004696698670813
2060,-0.0123225715073692,-0.0134547305142648,-0.0141676601115412,-0.0140954145525609,-0.0140885349159749,-0.0141062555122818,-0.0119381076244247,-0.0094324916827551,-0.0089383755031772,-0.00870339774257,-0.0085416115379771,-0.009095961418405,-0.0087446607021389,-0.0086064652696239,-0.0083232077241488,-0.0074273160312386,-0.0071391088707264,-0.0074304066858379,-0.0078169379950908,-0.007660245335983,-0.0079412878617211,-0.0078541085680181,-0.0074545034651958,-0.0074354362458876,-0.0077881162225615,-0.0076820072515259,-0.0085599220357315,-0.0087238069272524,-0.0091589768292162,-0.0071535799375823,-0.0032723721980858,-0.0047309558909165,-0.0045779352933084
2058,-0.0123153919110973,-0.01343644725707,-0.0140941687351842,-0.0140129555089124,-0.0140459378709383,-0.01397719672827,-0.0119180574475121,-0.0092738868928394,-0.0087652976539968,-0.0085316464016102,-0.0083836750945049,-0.0090146145685495,-0.0086573713504179,-0.0084781241236701,-0.0082141821412249,-0.007336174913394,-0.0070781510465353,-0.0074086300174352,-0.0077818196517021,-0.007652872542366,-0.0078871247745913,-0.0079096252687956,-0.0074940897693183,-0.0074234482812393,-0.0078284374675834,-0.0076353902907958,-0.0084390447362813,-0.0085776923164351,-0.0090351668404038,-0.0070419037486472,-0.0032424626034751,-0.0046019659580671,-0.004414184293282
2056,-0.0123924871982209,-0.0135029508565915,-0.0140607272331749,-0.0140082937314271,-0.0141066202286664,-0.0139093289450591,-0.0119920695499991,-0.0091910055448072,-0.0086901449772206,-0.0084372065120937,-0.0083282178679018,-0.0089440477858416,-0.0086116370216602,-0.0084325991860813,-0.0081641067805423,-0.0073109067864625,-0.0070955694123819,-0.0074615927232774,-0.0077579528237659,-0.0076589731702422,-0.0079038782916891,-0.0079536895140053,-0.0075298369368695,-0.0074766666535944,-0.0079248833790532,-0.0076043648027515,-0.0083526044334308,-0.0085860128918338,-0.008986097198162,-0.0070397703981986,-0.0032402976470252,-0.0045183107173061,-0.0042944399366928
2054,-0.0124820446752276,-0.0135631304891328,-0.0140393421474306,-0.014079779010726,-0.0141828132534416,-0.013888964624501,-0.0120546576729369,-0.0092074645016453,-0.0087448903989867,-0.0084693061597137,-0.0083785545998655,-0.0088817103954638,-0.0085965998392018,-0.0084225312604458,-0.0081433295689451,-0.0073217053791422,-0.0072219101212259,-0.0075495094895321,-0.0077229176021565,-0.007689771720343,-0.0079439237576951,-0.0079793625661682,-0.007567497815072,-0.0075018050400294,-0.0080115796638302,-0.0076610662961063,-0.0083176165361555,-0.0086945537477963,-0.0090020852555164,-0.0070778216355676,-0.0032335915614813,-0.0044856479708249,-0.0042648759438443
2052,-0.0125294390133229,-0.0135384202454158,-0.0140409919961263,-0.0141731087062832,-0.0142345530060865,-0.0139232600597476,-0.0120451837533639,-0.0092629384610695,-0.0088589261222809,-0.0085696505016514,-0.0084542265993876,-0.0088049156833881,-0.0085810713165325,-0.0083559067491596,-0.0081035556332735,-0.0073298874466761,-0.0073496937032111,-0.0075783980044578,-0.007652566370702,-0.0077136554969336,-0.0079354912865183,-0.0079770369507666,-0.0075865924306849,-0.0074523372719588,-0.0080103265143385,-0.0077477604879981,-0.0083320556978357,-0.008771204305081,-0.0090175769799245,-0.0070658776569562,-0.0031616312608143,-0.0044370537982352,-0.0042843485690858
2050,-0.0124658381676147,-0.0133955116646011,-0.0140484341148158,-0.014178380754339,-0.014200902273491,-0.0139812512130844,-0.0119712954408603,-0.0092635475463316,-0.0089156247916002,-0.0086134631071215,-0.0084783736526453,-0.0087080633496065,-0.00852528176047,-0.0082184924686281,-0.008040275170173,-0.0073045653598418,-0.007326611464437,-0.0074779113438159,-0.0075213386862502,-0.0076656644097234,-0.0078274862328892,-0.0078979829694278,-0.0075259771617503,-0.0073598800096872,-0.0078966522299602,-0.0077415209535873,-0.008374836411524,-0.0087389053189283,-0.0089814277160175,-0.0070102444475628,-0.00301954867635,-0.0043378456726532,-0.0042541633871983
2048,-0.0122233902072482,-0.0131307497540713,-0.013971966143342,-0.0139854833505582,-0.0139817169879579,-0.0139526332515633,-0.0118312001816237,-0.0091416694647292,-0.0088405120163664,-0.008494322827508,-0.0083929844592565,-0.0085926257199778,-0.008371580845863,-0.0080410073527619,-0.0079155035691316,-0.0071892847006277,-0.0070973326521167,-0.0072278286186292,-0.0073072989084085,-0.0074858131862385,-0.0076037259714772,-0.0076854717485659,-0.0073239140133465,-0.0072344055126351,-0.0076696724158485,-0.00759135270525,-0.0083681194296401,-0.0085893890016129,-0.0088707854023904,-0.0069362617319625,-0.0028371755580243,-0.0042024443812506,-0.0040930948565572
2046,-0.0118782076508394,-0.0128156241121191,-0.0137840005242825,-0.013637401384264,-0.0136302055643189,-0.0137724513307832,-0.0116361076408641,-0.00893220889882,-0.0086827782862608,-0.0082351528852535,-0.0081847303153915,-0.0084727543282479,-0.0081176384318545,-0.0078424631134972,-0.0076621173845157,-0.0069708969767438,-0.0067845663168434,-0.0068931090796059,-0.0070541496035517,-0.0072156985647725,-0.0073351241846265,-0.0073956443032681,-0.0070153244810031,-0.0070519341966374,-0.007353557973779,-0.0073748897754785,-0.0082254045480822,-0.0083644151347666,-0.0086974399703186,-0.0068096335713636,-0.0026374325396062,-0.0040463544776744,-0.0038241633498144
2044,-0.0116339993244988,-0.0125860039516423,-0.013610083865273,-0.013337427843822,-0.0133839364959894,-0.0135318155090166,-0.011459036186287,-0.0087484541499742,-0.0085690196935137,-0.0079837442945397,-0.0079362147589788,-0.0083825159464532,-0.0078809165840948,-0.0076580237349599,-0.0073396162234116,-0.0067722659591463,-0.0065700497991476,-0.0066127563038022,-0.0068636177191644,-0.0070119901873306,-0.0071636069165488,-0.0071913241953574,-0.0067358765662879,-0.006848843817189,-0.0070403212712657,-0.0072027432198084,-0.007988198829301,-0.0081523923030567,-0.0085236557062104,-0.0066324398144021,-0.002442055046205,-0.0038766429962223,-0.0035705906361246
2042,-0.0115419756234883,-0.0124986959089349,-0.0135423541156371,-0.0131866313190706,-0.0133229631341531,-0.0133393062605898,-0.0113390893462084,-0.0086243143449499,-0.0085058235065045,-0.0078113343249578,-0.0077521552295344,-0.0083221340609551,-0.0077654811755439,-0.0075494907197785,-0.0071213060439258,-0.0067182637965032,-0.0064626562178415,-0.0064563158392777,-0.0067599697898386,-0.0069528184714468,-0.0071362756629477,-0.0071286979858248,-0.0065533327743055,-0.0067020403186134,-0.0068269853880512,-0.0070732710612246,-0.0077913486193524,-0.0080097938551726,-0.0084026274758578,-0.0064949354376861,-0.0022721922675391,-0.0037089440977926,-0.0034086269941711
2040,-0.0114842807225268,-0.012536893961195,-0.0135255171905391,-0.0131280527277364,-0.0132862896110952,-0.013220287489352,-0.0112474482772685,-0.008523965322943,-0.0084034082546093,-0.007684394859286,-0.0076829589078599,-0.0082701734280775,-0.0077686191277638,-0.0075814028222233,-0.0071073127095856,-0.0067868070870891,-0.0063710259961506,-0.0063961291648188,-0.0067012002843573,-0.0069678550720708,-0.0071776181237195,-0.0071372920681051,-0.0064389734082479,-0.006644187746428,-0.006761320645126,-0.00693966667809,-0.007702182371604,-0.0079303876545811,-0.0083515849954474,-0.0064584077994866,-0.0021514078157517,-0.0035923892389955,-0.0033404970109828
2038,-0.0114361471087822,-0.012697996599794,-0.013486958533398,-0.0131454563083636,-0.0132001346492733,-0.0132061675222215,-0.011184604159727,-0.0084876954285109,-0.0082920835042389,-0.0076306191130708,-0.0077319848145526,-0.0082626462371881,-0.0078588835967682,-0.0077768197544063,-0.0072496946262791,-0.0068691979460736,-0.0063244852832451,-0.0064115011557476,-0.0067129078581326,-0.0069815264295115,-0.007215612705358,-0.0071929782142515,-0.0063990866366742,-0.0066732858887991,-0.0068478145372996,-0.0068428884186638,-0.0076861007722545,-0.0078954983556891,-0.0083808722752376,-0.0064640149036878,-0.0020979168600144,-0.0035762313981824,-0.0033844580132955
2036,-0.0114862876974166,-0.0129252923212622,-0.0134290781967437,-0.0132726986140297,-0.0132054041767579,-0.0133236907310568,-0.0111865659081993,-0.0086015059033659,-0.0083101321429318,-0.0077271901586934,-0.0078554525364153,-0.008354835955779,-0.0080116260669856,-0.0080641946765808,-0.007430313659101,-0.006897277068207,-0.0064170375747632,-0.0065056378945715,-0.0068553614272066,-0.0070009350285673,-0.007239832204593,-0.0073372882188349,-0.006470626264188,-0.0067841430576749,-0.007030740028747,-0.006841224666976,-0.0076974456947151,-0.0078931769219679,-0.0084747632701924,-0.0064263957974565,-0.0020974221740268,-0.0036328143301676,-0.0035464415283536
2034,-0.011575464394886,-0.0130349342401016,-0.0133382346776489,-0.0133973795907903,-0.0133335957696268,-0.0134508026189596,-0.0112031971625193,-0.0087912250471424,-0.0084329458514851,-0.0079084340868808,-0.0079624269452907,-0.0084801665031068,-0.0081435546820245,-0.0082831474836718,-0.0075495430305025,-0.0068422145328424,-0.0065610714963613,-0.0066202063587456,-0.0070422704574123,-0.007015898859489,-0.0072298397484015,-0.0075124871463967,-0.0065933712663503,-0.0069206391930559,-0.0071800464642503,-0.006858437090035,-0.0077268298171321,-0.0078805253683634,-0.0085494706403984,-0.0063616194653933,-0.0020878679252996,-0.0036631660827142,-0.0037204912075214
2032,-0.0114836227344598,-0.0128757899883559,-0.013151960272686,-0.0132936176285258,-0.0133634968264878,-0.0133804212913468,-0.0111092229288114,-0.0088316687637417,-0.008434404962524,-0.0079756090516351,-0.0079585462613076,-0.0084655809199436,-0.0081262620944585,-0.0082680045170527,-0.0075310358881139,-0.0066640627959562,-0.0065415062917224,-0.0066299587219729,-0.0070603804723254,-0.0069315210582633,-0.0071359643248931,-0.0075560118711124,-0.0066367920988009,-0.006942084576533,-0.0071597606702888,-0.006762135985433,-0.0077395459158962,-0.0077873869720544,-0.0084949294451573,-0.0063235554547377,-0.0020139281258971,-0.0035942577366911,-0.0037333283503862
2030,-0.0111625321760937,-0.0125521581831805,-0.012903870001273,-0.012949585238807,-0.0131616638903416,-0.0130955042665468,-0.0108982265219356,-0.008622970837762,-0.0081931114109558,-0.0078340136959643,-0.0078067487255521,-0.008246154669319,-0.0079434950224858,-0.0079901864212899,-0.0073468420869952,-0.0063870707259479,-0.0063299985841918,-0.0064935940036023,-0.0068420828958674,-0.0067139439269939,-0.0069939076904559,-0.0074223014762218,-0.0065662051904841,-0.0067439162794904,-0.0069637289680557,-0.0065635564688599,-0.0076622356931524,-0.0076094056987578,-0.0082830050532689,-0.006277445613294,-0.0018971097499602,-0.0034444072276176,-0.0035283874528879
2028,-0.0108330762853709,-0.0122965437101966,-0.0127121031335241,-0.0126304301293913,-0.0128951391504392,-0.012800140981596,-0.0107012065636286,-0.0083195188127787,-0.0078508859091306,-0.0075804623183428,-0.007527343996069,-0.0079710063473217,-0.0077224603112119,-0.0076065064756493,-0.0070740766765584,-0.0061406199794302,-0.0061211577432397,-0.0063232666205069,-0.0065850280546048,-0.0064842968917765,-0.0069260673565834,-0.0072510065635666,-0.0064705787844476,-0.006411222975546,-0.0067256301524344,-0.0063860762534879,-0.0074719210363871,-0.0074426133753675,-0.0079997667177571,-0.0061319798507358,-0.0017954370089727,-0.0032818552962867,-0.0032413120708903
2026,-0.0106253417967829,-0.0121224754181381,-0.0125652827185526,-0.0124849898979024,-0.0127165090684536,-0.0126039815628034,-0.0105528954154686,-0.0080800137071539,-0.0075550706376162,-0.0073000199036875,-0.0071485927163751,-0.007776902519557,-0.0075152760936158,-0.0072659896362147,-0.0068170011182059,-0.006000104002634,-0.0059850122442404,-0.0062075580389518,-0.0064566936767614,-0.0063400977365982,-0.0069424782185196,-0.007110799383453,-0.0063861664447734,-0.0061180286616714,-0.006527995435434,-0.0062454443777337,-0.0072196628801293,-0.0073462624797546,-0.0077369365723534,-0.0058799812450123,-0.0016972728132283,-0.0031366665519845,-0.0030149604765656
2024,-0.0104659362595034,-0.0119079476932208,-0.0123813253159681,-0.0124185694562223,-0.0125674438693872,-0.0124684478019837,-0.0103885895048422,-0.0079268338587643,-0.0073089615053323,-0.0070155233525227,-0.0067733770803857,-0.0076428351769797,-0.007267699819962,-0.0070047837010938,-0.006624641739974,-0.0059288191337043,-0.0057922984737683,-0.0061128336756143,-0.0064126026081345,-0.0062412462279949,-0.0068940250785924,-0.006907382343608,-0.006248952183355,-0.0059536425631225,-0.0063397991533186,-0.0060745570711909,-0.0069655203001759,-0.0072792249442723,-0.0075446114274015,-0.005616997513905,-0.001560540539427,-0.0030260959976562,-0.002889460533006
2022,-0.0103324189729793,-0.0117001257886265,-0.012233309120407,-0.0123541457699492,-0.0124181806343849,-0.0124304142155382,-0.0102491169333783,-0.0078608139716692,-0.0071240496331503,-0.0068171339197354,-0.0065983349477078,-0.0075062083071611,-0.0070116007818235,-0.0068322557227397,-0.0064993500855064,-0.0058803641930754,-0.0054997133090483,-0.005984773288098,-0.0063515042628941,-0.0061126065092778,-0.00666331009329,-0.0065950374767992,-0.0060304743221934,-0.0058962525435056,-0.0061405866591911,-0.0059009155902938,-0.0067414159978464,-0.0071760429464456,-0.007468853739245,-0.005425616511142,-0.0014119319134248,-0.0029757337722125,-0.0028526843073326
2020,-0.0103146652609468,-0.0116645532937723,-0.0122828576716912,-0.0123455130062831,-0.0123954683239818,-0.012579771456824,-0.0102583248694921,-0.0079040575291706,-0.007087508528143,-0.0067991857621461,-0.0066979694866793,-0.0073821312217685,-0.006891443904891,-0.006790226123754,-0.006437444076295,-0.0058565769633739,-0.0052718717592995,-0.0058599740504305,-0.0062869046774021,-0.005963265665446,-0.0063335056981168,-0.006308547542591,-0.0057901659275686,-0.0058862720312102,-0.0060000099432183,-0.0058357848054687,-0.0065805615737862,-0.0070485327054868,-0.0075219721262764,-0.005317075397528,-0.0013354635372073,-0.0029767749154365,-0.0028777512108265
2018,-0.0104025556298092,-0.0117792721407995,-0.0124814878494099,-0.0123877936913025,-0.0125300596907777,-0.0128111969038539,-0.0103824193920001,-0.0080021810854613,-0.0071998544355897,-0.0068842171960615,-0.0069005350673904,-0.0073082329699557,-0.0069463639901164,-0.0068836982831077,-0.0064427598817477,-0.0058371533966779,-0.0052417047321736,-0.005807318700023,-0.0062807539851627,-0.0058564261003363,-0.0060852920718798,-0.0061813907903736,-0.0055824488918193,-0.0058910891920992,-0.0059799937645289,-0.0058898324294339,-0.006536720745956,-0.0069726402948078,-0.0076330052908906,-0.005293068621994,-0.0013569371117282,-0.0029822599764432,-0.0029129646167262
2016,-0.0104578025707675,-0.0118532594245018,-0.0125767018485118,-0.0123588660205692,-0.0126376474314472,-0.0128641232382208,-0.0104404753338472,-0.0080279571031729,-0.0073269498472942,-0.0069143098159809,-0.0070086184797491,-0.0072714777333281,-0.0070520202093162,-0.007025915574836,-0.0064988029485163,-0.0057582962053089,-0.0053523225276941,-0.0058185546920988,-0.006315757939556,-0.0058312261248804,-0.0060138902377948,-0.0061871962165928,-0.0054363847706487,-0.0059106730768096,-0.0060440117845925,-0.0059588200662945,-0.0066338392777414,-0.006993553560054,-0.0076972472796384,-0.0053795593505244,-0.0014068041448894,-0.0029576770973244,-0.0029043441782717
2014,-0.0104304655810271,-0.0117936223143532,-0.0124335543434603,-0.0122195887269375,-0.0125655890344103,-0.0126537235067275,-0.0103633462560169,-0.0079313491366603,-0.007352654554338,-0.0068759090720168,-0.0070023638088594,-0.0072387557464952,-0.0070957072093967,-0.0070879313773836,-0.0065457621329542,-0.00561146672171,-0.0054527083330215,-0.0058092208221464,-0.0063095342456626,-0.0058738599302424,-0.0060713170021956,-0.006204516789804,-0.0053846742003506,-0.0059353501335115,-0.0060940953186059,-0.0059636069069239,-0.0067796989830692,-0.0070598215169986,-0.0076455078365274,-0.0055222328929241,-0.0014053607101053,-0.0028941297236706,-0.0028458354332577
2012,-0.0104230729011722,-0.0116772596366008,-0.0122218646764208,-0.0121040020491375,-0.012407800729385,-0.0124044719058448,-0.0102865568575753,-0.0078120365837111,-0.0073127387422661,-0.0068911254079856,-0.006976803755401,-0.0072254820640585,-0.0071134765456152,-0.0070472700262762,-0.0065471784807309,-0.005505942555731,-0.0054704819536331,-0.005733828322512,-0.0062352570197151,-0.0059402697797079,-0.0061500943955428,-0.0061736405058293,-0.0054223606507287,-0.0059473676342597,-0.0060887666689146,-0.0059278150712045,-0.0068476826879477,-0.0070867362359377,-0.0075078719813643,-0.0055932096647449,-0.0013667832996963,-0.0028093844320077,-0.0028070925363335
2010,-0.0104876778537923,-0.0115777396357313,-0.0121754377282737,-0.0121175121630411,-0.0123392544429848,-0.012340683300436,-0.0103311247785688,-0.0077833135620682,-0.0073056643720801,-0.006996089244219,-0.0069782122788465,-0.0072958200347106,-0.0071916313032044,-0.0070344632639295,-0.0065537515429394,-0.0055550837522308,-0.0054515008925314,-0.0056599932690842,-0.0061577704714337,-0.0060087012812165,-0.0062213342922384,-0.0061370711924593,-0.0054966241272073,-0.005960958156917,-0.0060803418172096,-0.0059174555974612,-0.0068495868295848,-0.0070705578459094,-0.0073949739425562,-0.0055653510073479,-0.0013723292623422,-0.0027678029638879,-0.0028748780000656
2008,-0.0105422554269609,-0.0115151140318194,-0.0123213700290601,-0.0122149261987591,-0.0123919235199452,-0.0124593157639808,-0.0104533434808884,-0.0078576070174722,-0.0073567873527133,-0.0070902171802234,-0.0070031221042857,-0.0074789932541338,-0.0073173549786767,-0.0071713202073845,-0.006633840109864,-0.0057385700028495,-0.0054626510751278,-0.005684770684162,-0.0061436380902055,-0.0060724328351353,-0.006334777954588,-0.0061486982895647,-0.0055668646710107,-0.0059915154869974,-0.0061179453876957,-0.0059651234563615,-0.0068797700756122,-0.0070692258295943,-0.0073952333336536,-0.0055207551509025,-0.0014461976931715,-0.0028492327034731,-0.0030438661378779
2006,-0.0105241462894442,-0.0115350079092303,-0.0124980481673358,-0.0123038580046586,-0.0124859602548281,-0.0126296464499053,-0.0105423444046354,-0.0079664162405761,-0.0074272800994154,-0.0070968259052944,-0.0070607286037797,-0.0076935205085435,-0.0074062290793328,-0.0073977118046884,-0.0067664015970955,-0.0059096893784948,-0.0055105503768655,-0.0058118596280231,-0.0062008173358329,-0.0061104153577296,-0.0064897693346908,-0.0062113755200177,-0.0056373731936829,-0.0060029614841297,-0.0061762386231201,-0.0060553791422591,-0.0069371817540926,-0.0071009705238339,-0.0074833615657401,-0.0054963316793202,-0.0015072119365207,-0.0030305541580187,-0.0031702086291942
2004,-0.0104774067080992,-0.0116274125465497,-0.0125502516773374,-0.0123302885041612,-0.0125452178151093,-0.0127417362532105,-0.0105571976975808,-0.0080256543933358,-0.0074799523379213,-0.0070575751908512,-0.0071271575341779,-0.0077975819632993,-0.0074199158288284,-0.0075145891950783,-0.0068423235573774,-0.0059449771198536,-0.0055143799024872,-0.0059302856165696,-0.0062580111468667,-0.0060829061770383,-0.0065688610715645,-0.0062734148958244,-0.005704410267422,-0.0059354145275439,-0.0061932931552328,-0.0061209140268966,-0.0069214808500226,-0.0071219159045086,-0.0075358834308762,-0.0054414870945102,-0.0014855864260424,-0.0031539686406272,-0.0031033449888088
2002,-0.0104358844860115,-0.0116532621444741,-0.0124757692902447,-0.0122640785918622,-0.0125340790074991,-0.0127476442311381,-0.0105153066884324,-0.0079863934980099,-0.0074967014798364,-0.0070159512862938,-0.0071228905348709,-0.007733032505654,-0.0073805154162379,-0.0074239560467305,-0.0067968306889621,-0.0058535190424111,-0.0053948781738059,-0.0059535472085,-0.0062196399181344,-0.0059764357164407,-0.006475894992108,-0.0062828437370887,-0.0057307266655996,-0.0057983635205436,-0.0061434687277658,-0.0060767752403986,-0.0068174504211105,-0.0071222374565157,-0.0074975141420177,-0.0053674089862646,-0.0014318426543196,-0.0031170073218496,-0.0028766866754936
2000,-0.0103679471114512,-0.0115287283404692,-0.012375174552512,-0.0121091155977004,-0.0124625873155281,-0.0126485822606241,-0.0104288233278513,-0.0078596917899626,-0.0074631336759743,-0.0069465681285575,-0.007022251444604,-0.0075652440257124,-0.007296232464167,-0.0071998755272468,-0.0066571603064441,-0.0057063142719501,-0.0051915723294269,-0.0058928431878962,-0.00604684017758,-0.0058429890793381,-0.0062615832213474,-0.006227084119621,-0.0057021250977293,-0.0056678373760639,-0.0060420433231585,-0.0058974029082962,-0.0067291559348842,-0.0071326256681161,-0.0074428205928164,-0.0053758559225112,-0.0014227366295181,-0.0029643011151795,-0.0026491727146108
1998,-0.0102616679925094,-0.0113689735791773,-0.0123304394464512,-0.0119623377433501,-0.0123963772314309,-0.0125085766960328,-0.0103127514793242,-0.0077043441880125,-0.0073606796032736,-0.0068242011003331,-0.0068986233340533,-0.0073877259031025,-0.0071374079693893,-0.0069478471171193,-0.0064677604339503,-0.0055403605882614,-0.0050378521592838,-0.0057795247564274,-0.0057748558644945,-0.0057439029465293,-0.0060526449903095,-0.0061098025592961,-0.0056256846462127,-0.0055821832814925,-0.005908134355175,-0.0056612637082732,-0.0067105951392806,-0.0071228212403716,-0.0074348712784626,-0.0054641772027576,-0.001418340077407,-0.0027692204834452,-0.0025035525972462
1996,-0.0101762028825419,-0.0113468036530314,-0.0123326790040852,-0.0119544704006267,-0.0124019282722988,-0.0124241438445682,-0.0102038065444654,-0.0075953536133328,-0.0072152633580467,-0.0066895957665266,-0.0068273982618087,-0.0072452871661609,-0.0069099103476433,-0.0067116956287215,-0.0062630701587039,-0.0053802363681294,-0.0050146632564854,-0.0056216866399151,-0.0055045669181564,-0.0056823001374038,-0.0059148977990206,-0.0059548807663865,-0.0054999754507906,-0.0055061972895183,-0.0057729806457118,-0.005501720701929,-0.0067026607052075,-0.007015093300235,-0.0074280896328441,-0.0054804714166011,-0.0013278982658782,-0.0025575815174594,-0.0023892090528992
1994,-0.0101376364100474,-0.0114315279196638,-0.0122963270794716,-0.0120603280055993,-0.0124343051758936,-0.0123947038005138,-0.0101074066214364,-0.007557897830498,-0.0070964227614507,-0.0065925553374008,-0.0067749374702119,-0.0071295857855891,-0.0066816007876124,-0.0064964127578943,-0.0060889360618042,-0.0052699971327206,-0.0050536928345718,-0.0054352232709094,-0.0053363170099619,-0.0056081300349972,-0.0058129059956623,-0.0057980996587088,-0.0053226519534555,-0.0054066542900863,-0.0056811443544899,-0.0054616278479386,-0.0066533680198223,-0.0067969868954661,-0.0073402362284531,-0.0053342498856161,-0.0011603462577273,-0.0023497774002979,-0.0022551498578841
1992,-0.0100829294064237,-0.0114326794979331,-0.0121627268080696,-0.0120961771039045,-0.0123682894500629,-0.0123127165320846,-0.0099871310354482,-0.0075542784810104,-0.0070603119879486,-0.0065342406013859,-0.0066613251469325,-0.0070320761658726,-0.0065451766475874,-0.0063426765151978,-0.0060115367327873,-0.0052512855860081,-0.0050496011592675,-0.0052885214707544,-0.0053274930522825,-0.0055067334482841,-0.005721769046713,-0.0056811874801074,-0.0051503017426443,-0.0053335072493999,-0.0056571927953973,-0.0054568250660467,-0.0065966172879112,-0.0065640758225452,-0.0071714200123496,-0.0051285720736147,-0.0010051150951871,-0.0022217511549701,-0.0021663104844884
1990,-0.0099693657868726,-0.0112909999021725,-0.0119921468598273,-0.0119646440582883,-0.0121781051234807,-0.0121345560822887,-0.0098471923348968,-0.007536284997692,-0.0071005237458425,-0.0064991582233727,-0.0065086003703977,-0.0069744841447069,-0.0065657093898339,-0.0063214162685116,-0.0060669987468665,-0.0053182243938681,-0.0050105993988739,-0.00527751903066,-0.0054745689665636,-0.005449439582817,-0.0057090237572388,-0.0056484003409614,-0.0051187685848956,-0.0053770972950072,-0.0056836266160782,-0.0054103689314535,-0.0065792715441129,-0.0064554433981002,-0.0070241203513616,-0.0050437832789654,-0.0009072288139093,-0.0022504169309815,-0.0022198518051169
1988,-0.0098521012098426,-0.011147908123807,-0.011880559923278,-0.0117937037091308,-0.0119805669260749,-0.0119512298660331,-0.0097470648650782,-0.00748129609938,-0.0071273357269098,-0.0064721917876025,-0.006413248651332,-0.0069499491923246,-0.006694314681426,-0.0064160357101571,-0.0061907583898806,-0.0054018276001756,-0.0050122736674201,-0.0054020089545489,-0.0056819305975439,-0.0054902821404026,-0.0058227280639095,-0.0057014626779648,-0.0052831622304431,-0.0055226382059929,-0.0057252438862565,-0.0053740197231521,-0.0065767158507665,-0.006513908382811,-0.0069829801221441,-0.0051201516055536,-0.0008399238950297,-0.0023865115332167,-0.0023697843172929
1986,-0.0097657007223662,-0.0110592711933689,-0.0117964195483003,-0.0116898216008515,-0.011820330956308,-0.0117975474591802,-0.0096759600001778,-0.0073541793953574,-0.0070111503896355,-0.0063920593284969,-0.0063546532464598,-0.0068783705267683,-0.0067669015494068,-0.0064901422217265,-0.0062576990361656,-0.0054203903970602,-0.0050198582745809,-0.0055372235419694,-0.0058125349517537,-0.0055446526224315,-0.005969213037618,-0.0057686637120916,-0.0054988810444341,-0.0056302038159773,-0.0057524212146988,-0.005423699693749,-0.0065334988986624,-0.0066445408036001,-0.0070015474733822,-0.0052340865218374,-0.000801605656627,-0.0024948661396095,-0.0024529965668431
1984,-0.0096523581527857,-0.0109064061579774,-0.0116318885061766,-0.01156074490891,-0.0116141332237401,-0.0115758402941144,-0.00953294875581,-0.0071084123709338,-0.0066818703944335,-0.0061708789184939,-0.0062028173571684,-0.0066875899491865,-0.0066259623641896,-0.0064128024614797,-0.006174929229711,-0.0053152325052171,-0.0049066100898421,-0.0055506087499631,-0.0057716367709018,-0.0054646049428162,-0.0060062606124881,-0.0057494199443814,-0.0055575757601963,-0.0055728345432982,-0.0057163528387967,-0.0054998749865353,-0.0064238641832196,-0.006712078731855,-0.0069725545395347,-0.0052505001883604,-0.0008276414729264,-0.0024939868951075,-0.0023700150733968
1982,-0.0094371763916651,-0.0106170498010536,-0.0113459791955666,-0.0112676206291539,-0.0113146570355512,-0.0112135839391038,-0.0092388167660407,-0.0067519913956786,-0.0062040782372073,-0.0057920326307812,-0.0058820820388155,-0.0063828188675968,-0.0062379003312885,-0.0061380447923591,-0.0059016823851813,-0.0050372671173087,-0.004615707424205,-0.0053691960818,-0.0055382084719379,-0.0051903950970207,-0.0058634239002926,-0.0055703298362446,-0.0053312960021783,-0.0053141232514215,-0.0055302921603738,-0.0054191178967702,-0.0062192796280974,-0.0065823448093408,-0.0068107718408807,-0.0050624967850373,-0.0008688772918909,-0.0023570317221679,-0.0021382691804342
1980,-0.0091100774253908,-0.0102936628697542,-0.0109831557426676,-0.0108294456046813,-0.0109788297064722,-0.0107822586865422,-0.0088128815094488,-0.006382419668342,-0.005751440442696,-0.0053641747380399,-0.0054602383524595,-0.0060317428021252,-0.0057439658654321,-0.0057273882964752,-0.0054719862976613,-0.0045921482914605,-0.0042334718524995,-0.0050145462886808,-0.0051797014512042,-0.0048223723669789,-0.0055790604995631,-0.0052455564265908,-0.004853982559379,-0.0049140045692988,-0.0051629929300729,-0.0050778053075979,-0.0058989697469397,-0.0062107404354792,-0.0065034377839341,-0.0046448785636584,-0.0007872081060462,-0.0020866519613748,-0.0018490037100149
1978,-0.0086809389403888,-0.0100018305439365,-0.0105423245083338,-0.0103523853851876,-0.0106130108564204,-0.0103641841179901,-0.0083070417939736,-0.006080081819087,-0.0054210487343193,-0.0049967204586558,-0.0050458674333251,-0.0056590581724623,-0.0053244561800205,-0.0052752511227229,-0.0049869596521624,-0.0040631578504057,-0.0038561997685981,-0.004578120038907,-0.0047867351078733,-0.0044836317451037,-0.005219143255458,-0.0048523469354773,-0.0042677202890185,-0.0044557131277232,-0.0047157378441869,-0.0045811845994267,-0.0055182245941285,-0.0057202100416922,-0.006112008220764,-0.004129365332958,-0.0005347468966821,-0.0017277712982576,-0.0015836476847833
1976,-0.0081643328472468,-0.009644591509614,-0.0099939908759447,-0.009879413905427,-0.0101491538252068,-0.009949787926807,-0.0077780731227128,-0.0058407406946016,-0.0051676719343367,-0.0047193113573484,-0.0047077411606484,-0.005259341046914,-0.0050484946100827,-0.0048533839679965,-0.0045808284914588,-0.0035900348774715,-0.0035162897345844,-0.0041807463540461,-0.0044240029853053,-0.004202161051451,-0.0048370880962711,-0.0044774096946431,-0.0037532316327984,-0.0040241418932432,-0.0043644330044398,-0.0041389998462022,-0.0052166200432564,-0.0053388198917331,-0.0057451185100443,-0.003758640182012,-0.0002384813028129,-0.0013814445789721,-0.0013798951107269
1974,-0.0076688874896999,-0.0091923675095232,-0.0094475751078661,-0.0094525536233204,-0.0096579204470616,-0.0095597437557285,-0.0073567394741315,-0.0056310047662014,-0.0049337195020704,-0.0045326155670943,-0.0044944991822252,-0.0049116231324719,-0.0048726901871116,-0.0045189836188352,-0.0043499126396684,-0.0032884596043905,-0.0032554474640228,-0.0039215389579075,-0.0041461093348964,-0.0039572039628251,-0.0045226344227249,-0.0041980493472801,-0.003475726029222,-0.0037246762831072,-0.0042017591883184,-0.0038906660624453,-0.0050806983525005,-0.0052044904567215,-0.0055035413431668,-0.0036654393508515,-3.63748570072283e-05,-0.0011453158029773,-0.001226039796454
1972,-0.0072834131724799,-0.0087538890793454,-0.0090289102404525,-0.0091100812181624,-0.0092804343101339,-0.009239516039135,-0.0071013078469835,-0.0053825086630038,-0.004688384315125,-0.004368099172775,-0.0043332766347825,-0.0046710532886917,-0.0046654904377644,-0.0042283154713536,-0.0041981840168492,-0.0030648166126663,-0.0030435994874549,-0.003726352485154,-0.0039220750409671,-0.0036984471232098,-0.004300426578344,-0.0039893075255567,-0.0033654426961921,-0.0035469909727046,-0.0040922067489316,-0.0037674490693322,-0.0049943987872357,-0.0051690035009634,-0.0053556848574437,-0.0036581060030433,0.0001358745197358,-0.0009619136257506,-0.0010202292704465
1970,-0.0069170858551874,-0.0083312870700097,-0.0086661182013715,-0.0087779069803497,-0.0089485690759274,-0.0089239959726571,-0.0068560281362355,-0.0049946026249834,-0.0043673614709387,-0.0040741503660623,-0.0040259631735086,-0.0044354863502142,-0.0042950327993881,-0.0038517863907426,-0.0039258338928628,-0.0027099660266773,-0.0027275308426499,-0.0034051443478796,-0.0036249150309491,-0.0033621975182974,-0.0040613586688301,-0.0037408614550802,-0.003162742864298,-0.0033486207384368,-0.0038442661506987,-0.0036002023315996,-0.0048033012080533,-0.0050030650048779,-0.0051892037580702,-0.0034817554219717,0.0004166583042534,-0.0007073235368112,-0.0006790765183292
1968,-0.0064660016407604,-0.0078587556174481,-0.0082711942928535,-0.008362187621411,-0.0085106461320561,-0.0085296193631476,-0.0064697409242553,-0.0044736251293995,-0.0039477220508785,-0.003588666872797,-0.0035027165619586,-0.0041268801393082,-0.0037809305267934,-0.0033898343801674,-0.0035036817874564,-0.0022237504588792,-0.0022685605709826,-0.0029373793760888,-0.0032203761129324,-0.0029847444405517,-0.003743013420339,-0.0034391866961194,-0.0027927686386047,-0.0030856725651429,-0.0034795680568428,-0.0033486293107835,-0.0045302057359947,-0.004709099968785,-0.0050027832490613,-0.0031746464351937,0.000746981221441,-0.0004183206088348,-0.0003004784891784
1966,-0.0060110681404768,-0.0074283227284995,-0.0079361280203915,-0.0079268281738507,-0.008043968041369,-0.0081254134545356,-0.0060187915679741,-0.0040101102488702,-0.0035379606808325,-0.0030777370615596,-0.0029602442311248,-0.0038321004919376,-0.0033262048455638,-0.0030345623721638,-0.0031192662571765,-0.0018585217746431,-0.0018842918599897,-0.002533689140735,-0.0028564124336857,-0.0027309389461174,-0.0034450955839778,-0.0032130730522537,-0.0024742750403671,-0.002888431932685,-0.0031988776840476,-0.0031065165932414,-0.0042914741779738,-0.0044729430549153,-0.0048978141508418,-0.0029782593675476,0.0009235124290892,-0.0002399125906316,-8.65994227387141e-05
1964,-0.0056833855525401,-0.0071828537173308,-0.0077443109998552,-0.007615140615745,-0.0077549230059069,-0.0078412663426082,-0.0056856077057671,-0.0037574360096535,-0.0032538192084414,-0.002756694365191,-0.0026191012199558,-0.0036486839179587,-0.0030845842382914,-0.0028955903511005,-0.0029173844400773,-0.0017522874888998,-0.0017525649284107,-0.0023354491185066,-0.0026609703970624,-0.0026716982774927,-0.0032570769683767,-0.0031313633062728,-0.0023715224441029,-0.0028334103605609,-0.0030923695553756,-0.0029377369333893,-0.004087891016624,-0.0043628887241324,-0.0048796692847555,-0.0029665531952724,0.000905410602479,-0.0001855881117982,-6.91177317856397e-05
1962,-0.005469806748044,-0.0070627215679651,-0.0075989765060789,-0.0074373809621547,-0.0076357930908908,-0.0076759651052197,-0.0055028674782822,-0.0036451436815572,-0.0030847378963483,-0.0026303424035416,-0.0024643382666874,-0.0035352570797749,-0.0029918672516705,-0.0028532222734204,-0.0028402849898269,-0.0017417758583054,-0.0017346247173866,-0.0022349088525275,-0.002583144972045,-0.0026677743609747,-0.0031162877100242,-0.0030934518633776,-0.0023433120526321,-0.0028156017696934,-0.0030416031750558,-0.0028199896727858,-0.0038595019739444,-0.0042619580711283,-0.0048499142664202,-0.0029798402640516,0.0008547743829158,-0.0001468321384817,-9.47710511934443e-05
1960,-0.0053486450886509,-0.0069476717124683,-0.0074553507615826,-0.0073501747385136,-0.007564756957782,-0.0075994445096609,-0.0054416359894738,-0.0035998373985296,-0.0030226555057698,-0.0026251701438284,-0.0024368256828885,-0.0034602234930529,-0.0029696916442562,-0.0028119114774747,-0.0028293966768381,-0.0016932548986045,-0.0016481332542328,-0.0021369740428501,-0.0025608639106559,-0.0026144210851307,-0.0029844930012921,-0.0030240831216771,-0.0022458812529868,-0.0027551441106536,-0.0029764181375562,-0.0027652464014943,-0.0036937118138354,-0.0041208013582052,-0.0047940158684236,-0.0029367093578274,0.0008757727529385,-0.0001162247516997,-9.25680400529855e-05
1958,-0.005380677797947,-0.0068702297698557,-0.0074504446676708,-0.0073810640361896,-0.0075508272864607,-0.0076516759290682,-0.0055205623350198,-0.0036626134524971,-0.0031082443292368,-0.0027239211576566,-0.0025618149026743,-0.0034769366889806,-0.0030318459231171,-0.0028120512733268,-0.0029012448085117,-0.0016802662410941,-0.0015338106646437,-0.0021135868550391,-0.0026107323526233,-0.0025714859489401,-0.0029431298061468,-0.00296554836703,-0.0021619057151371,-0.0027084123634774,-0.0029694035537353,-0.0028109351379751,-0.0037355182119892,-0.0040233192660171,-0.0047761896265244,-0.0029086583017601,0.0009494944397638,-0.0001476682624873,-9.9901491095241e-05
1956,-0.0055343624240166,-0.0069065123240376,-0.0076419466590101,-0.0075178395485364,-0.007646791735121,-0.0078030398862673,-0.0056771960584574,-0.0038092800676983,-0.0032789539744285,-0.0028663446335949,-0.0027650893660956,-0.0035680166579055,-0.0031453570744542,-0.0028691283388225,-0.0030135184518595,-0.0017785978171001,-0.0015199791533197,-0.0022228674497925,-0.0027095502996972,-0.0026132432517668,-0.0030211157448158,-0.0029632334883768,-0.002208384022811,-0.0027240635720846,-0.0030612193233462,-0.0028991799898181,-0.0039202636554103,-0.0040183788778305,-0.0047935123680205,-0.0029405344830671,0.0010337265002344,-0.0001908466661722,-0.000117676144109
1954,-0.0056276063088122,-0.0069757321593619,-0.007835856018569,-0.0076219737243031,-0.0077556707616563,-0.0078939548023266,-0.0057442493831809,-0.0038713782886301,-0.0033577932881915,-0.0029249669846706,-0.0028453598421797,-0.003598118030854,-0.0031873613011063,-0.0029005450906907,-0.0030550384359385,-0.0018986782740114,-0.0015709635618804,-0.0023725819650571,-0.0027593597098393,-0.002686829357813,-0.003094205420339,-0.002982614500887,-0.0023086697022955,-0.0027281710639184,-0.0031554839170676,-0.0029205589770467,-0.0040355640536259,-0.0040495809551228,-0.0047774688061341,-0.0029808134568129,0.0011116784200186,-0.0001588183942581,-0.0001118339512506
1952,-0.005536119432752,-0.006933694244651,-0.0078179008330741,-0.0075651329138532,-0.0077250500112891,-0.0078047618344121,-0.0056307113834852,-0.0037248757462998,-0.0032330532236649,-0.0028329395626717,-0.002707110536015,-0.0034774927608998,-0.0030798849449841,-0.0028467273485179,-0.0029685289725273,-0.001906076330464,-0.00155054569162,-0.002434472866104,-0.0026951717141763,-0.0026875900432235,-0.00304238598204,-0.0029679594984168,-0.0023073370141605,-0.0026273520704517,-0.003132138091052,-0.0028398704002929,-0.0039804198868408,-0.0040590289936542,-0.004708109678923,-0.0029675897787109,0.0011807507533874,-7.07259390969926e-05,-9.56760010347558e-05
1950,-0.0053327959784421,-0.0067849571687119,-0.0075969253375428,-0.0073842410418516,-0.0075600114251923,-0.007597149703242,-0.0054329607789105,-0.0034498937009251,-0.0029690474496116,-0.0026564425430753,-0.0024705881527971,-0.0032628102647599,-0.0028633415580857,-0.0027345422162556,-0.0027903912382926,-0.0017653356775181,-0.0014184508696722,-0.0023601486772104,-0.0025408170845071,-0.0025701205203487,-0.0028852106888279,-0.0028987234358182,-0.0021720538338054,-0.0024335290708232,-0.0029650867338962,-0.0027025287186197,-0.003804276872226,-0.0040231082169966,-0.0046113397385881,-0.0028666778899688,0.0012697041284096,1.14054590058982e-05,-7.55437651700823e-05
1948,-0.0051776367802254,-0.0066756814528707,-0.0073575258334459,-0.0072354507306806,-0.0074140276797966,-0.0074317070119085,-0.0053135200638916,-0.003241878696942,-0.0027319705311195,-0.0025040735983398,-0.0023013118927641,-0.0030695754454498,-0.0026266410066503,-0.0026090217428222,-0.0025836793647945,-0.0015417998886774,-0.001260547172357,-0.0021888791421751,-0.002356997880015,-0.0023653885871994,-0.0027212998745248,-0.0027835503619579,-0.0020094888721948,-0.0022376910159831,-0.0027397994417389,-0.0025562409563455,-0.0035945301948607,-0.0039271967465161,-0.0044859091066876,-0.0026793998681741,0.0014205459952206,0.000107944731133,1.80618508901816e-05
1946,-0.0051160083160946,-0.0066631360112146,-0.0072001586821776,-0.0071746166373309,-0.0073471904173274,-0.0073561519725068,-0.0052869196709581,-0.003167302097353,-0.0026059822223344,-0.0023823986824153,-0.002193327677434,-0.0029277171922214,-0.0024091624801989,-0.002470613528507,-0.0023814226830164,-0.001310825631555,-0.0011537229423314,-0.001987719582357,-0.0021717834663825,-0.0021231065502195,-0.0025873443447494,-0.0026419165270135,-0.0019115445660454,-0.0020929680888156,-0.0025647678355399,-0.002416467346829,-0.0034077949310876,-0.0037836121707327,-0.004315066282418,-0.0024670276473219,0.0016065336986289,0.0002669783559948,0.0002322559838296
1944,-0.0050775224264087,-0.0066278674164027,-0.0070751596834506,-0.0070970320329364,-0.0072534506236051,-0.0072814393164154,-0.0052224903079564,-0.003126596222568,-0.0025535200582554,-0.0022312685578627,-0.0020495188691,-0.0028112952770172,-0.002242067867175,-0.002329078874693,-0.0022302004499383,-0.0011436523314306,-0.0011144704296648,-0.0018318338245424,-0.0020167968923698,-0.0019091464014229,-0.0024730530497817,-0.0025158949137998,-0.0018899917136491,-0.0020100941738919,-0.0025024915975075,-0.0023166563707135,-0.0033114514147251,-0.0036728870066853,-0.004154192511985,-0.0023462730529472,0.0017090963474012,0.0004185445522735,0.0004589932346858
1942,-0.0049767374992192,-0.0064252476177387,-0.0069112721659828,-0.0068903142111656,-0.0070339938504768,-0.0071126815482221,-0.00500509199077,-0.0030118454155988,-0.0024909101153822,-0.002049536736894,-0.0018695720548153,-0.0027228593631217,-0.0021869905125523,-0.0022363117881804,-0.0021960050041719,-0.0011086042236036,-0.0011312050311084,-0.0017890988426518,-0.0019567591743738,-0.0018216638219677,-0.0024078171577493,-0.0024571648505281,-0.0019194344797618,-0.0020088134369665,-0.0025434454155741,-0.0023074478592013,-0.0033594494399126,-0.0036910636671689,-0.0041118913409052,-0.0023837611780523,0.0016439006378405,0.0004218680557227,0.0005071456102988
1940,-0.0047481068173525,-0.0060513951229465,-0.0066755483968227,-0.0065612377577382,-0.0067156942475826,-0.0068233470635771,-0.0046410080854546,-0.0028202250118577,-0.0023531569674703,-0.0018808085283607,-0.0017181734383722,-0.0026491447003867,-0.0022116940002336,-0.0021849579164137,-0.0022436812476947,-0.0011589403622804,-0.0011440547538055,-0.0018252008714191,-0.0019817634458545,-0.0018730240407388,-0.0024135170378082,-0.0024481244986602,-0.0019530959561944,-0.0020789800119079,-0.0025978610583483,-0.0023577991302124,-0.0034750733149368,-0.0038041687490039,-0.0041867679757357,-0.0024808151228567,0.0015049430933657,0.0002973810695385,0.0003744919638327
1938,-0.0043338490399359,-0.0055661897224408,-0.0063196068959556,-0.0061407071847549,-0.0063223979297891,-0.0064000879456053,-0.0041737164707362,-0.0025747537643,-0.0021079560426463,-0.0016910942832883,-0.0015518378527129,-0.0025051619708115,-0.0021539245412148,-0.0020650514880326,-0.0022375380915317,-0.0011390681255478,-0.0010595751632188,-0.0018199377512943,-0.001979529794585,-0.0019349193356738,-0.0024257454799223,-0.0024065099807693,-0.0019368309925983,-0.002147993802984,-0.0025792250465545,-0.0023682823397746,-0.003522372181234,-0.0038746463652661,-0.004255296387708,-0.0024965986890363,0.0014459233349292,0.0002114887148033,0.0002514961797969
1936,-0.0037094970163138,-0.0049615279909618,-0.0057845997382388,-0.0055815218599518,-0.0057864908050503,-0.0058152561356548,-0.0035957426127565,-0.0022273600157188,-0.0017326029423825,-0.0013818022921535,-0.0012487851038927,-0.0022082435807926,-0.0018868258904089,-0.0017814246340456,-0.0020847740592955,-0.0009561413535187,-0.0008310902742087,-0.0017022455674406,-0.0018661145707104,-0.0018742294450383,-0.0023631760793011,-0.0022891119141229,-0.0018413291043954,-0.0021379463187162,-0.0024670761499306,-0.0022911517181033,-0.0034605196966441,-0.0038212887841959,-0.0042373017434193,-0.0024078430540083,0.0015077523671916,0.000237063998247,0.0002429863054707
1934,-0.0029183041456183,-0.0042014444742203,-0.0050695287685025,-0.0048286210450371,-0.0050505459158599,-0.0050714427066533,-0.0028794206090092,-0.0017046510966887,-0.0012024421341686,-0.0008824682341613,-0.0007455431918264,-0.0017445817573238,-0.0014146647040021,-0.0013207736147858,-0.0017702768245727,-0.0006351690797474,-0.0004871066007341,-0.0014680511177976,-0.0016354611846154,-0.0016395743117169,-0.0021979059295163,-0.0021070105984123,-0.0016557442947986,-0.0020117266598666,-0.0022785136338293,-0.0021431604764362,-0.0033147114293379,-0.0036465418113968,-0.004134832218448,-0.0022591183666943,0.0016588994577397,0.0003248524057055,0.0003084869106047
1932,-0.0019977254771618,-0.0032625320391548,-0.0041902324091061,-0.0038755242762532,-0.0041197848810133,-0.0041616832122632,-0.0019785110946976,-0.000981440643511,-0.0004897340668159,-0.0001786956790492,-5.40773393324895e-05,-0.0011256593315598,-0.0008012798071713,-0.0007002155291798,-0.0012979977446702,-0.0002198535040808,-5.51364704061398e-05,-0.0011131594823336,-0.0012972595742636,-0.0012463311558898,-0.0019306136257141,-0.0018570202858557,-0.0013583573293528,-0.0017792508542826,-0.0020317427946981,-0.0019379646976168,-0.0030879915392101,-0.0033866335012629,-0.0039668260366211,-0.0020713397346352,0.0018780659470791,0.0004341908379789,0.0003935311314367
1930,-0.0008462640751921,-0.0020669737619614,-0.0030395731241632,-0.0026745519993866,-0.0029420522835743,-0.0029633283592591,-0.0007776683481965,-3.98197775629299e-05,0.000462450204358,0.0007629070025996,0.0008589916383949,-0.0002832782555095,-2.97881559907359e-06,0.0001343820529487,-0.0006235617487435,0.0003586681569922,0.0005476276704404,-0.0005856768759964,-0.0008003441591539,-0.0006933397422898,-0.0015185218795942,-0.0014692739453631,-0.0008973466554736,-0.0014475836343822,-0.0017172710890893,-0.0016329337317356,-0.0027540706288204,-0.003057577779133,-0.0037246946701775,-0.0018287892358909,0.0021696804253329,0.000602646453113,0.0005226701310751
1928,0.0007028543342508,-0.0004945368883648,-0.0014354310343811,-0.0011050580996634,-0.0013777155657567,-0.0013126766053837,0.0008528466446852,0.0011916983021225,0.0017312792605291,0.0020286857682273,0.0021072901739491,0.0009008426654909,0.0011329038889839,0.0012931934411718,0.0003246567119815,0.0012400169818034,0.0014595839397595,0.0001748599713619,-6.6260115902087e-05,6.8324244725332e-05,-0.0008814380072456,-0.0008530715780845,-0.0002208386835518,-0.000976526099996,-0.0012939240669807,-0.0011599837792926,-0.0023065896383623,-0.0026363866717124,-0.0033830421854497,-0.0015097859108106,0.0025485565064804,0.0008861714472716,0.0007577392123697
1926,0.0026659388339735,0.0014710024651681,0.0006433274747689,0.0008713512237786,0.0006149311595516,0.0007773444604385,0.0029057692505138,0.0027600000751265,0.0033259177356513,0.0036516103388631,0.003739769843797,0.0024302169839199,0.002665610909257,0.0028035071284016,0.001543297430956,0.002455697551539,0.0026973318328332,0.0011561742962859,0.0009032644692399,0.0010492608318105,-6.40882990253959e-06,1.18278302536538e-08,0.0006540805791295,-0.0003235961348518,-0.0007259162554871,-0.0005052514780736,-0.0017688415387527,-0.0020921293417848,-0.0029276655112996,-0.0010926062789904,0.0030270895913971,0.0013008916094448,0.0011291296071706
1924,0.0048835997110363,0.0037027000422056,0.0029870292308931,0.0031205045128693,0.0028853819087712,0.0030947128286116,0.0052174753946019,0.004586204400477,0.0051441818396292,0.0055301712402154,0.0056418964000116,0.004145999544675,0.0044430345150356,0.0045451251027889,0.0029119644203173,0.0038538140388323,0.0041021645154683,0.0022636993066706,0.0019992836148163,0.0021588315183337,0.0009955181016745,0.0009745017776639,0.0016240187720723,0.0004685089514192,-3.56843934514336e-05,0.0002485881975895,-0.0011644728735338,-0.0014355284720843,-0.00237993021856,-0.0005697487623382,0.0035844613288625,0.001821724103234,0.0016142744230622
1922,0.007169637126788,0.0060253786276733,0.0053346749673362,0.0054263621232441,0.005213286949157,0.0054196232609701,0.0075795604104922,0.0064661731654081,0.0070093725429498,0.0074620142149956,0.0075864926355473,0.005848363106669,0.0062019800218771,0.0063099467976042,0.0042494665214153,0.0052073342486881,0.0054643957288034,0.003369396306399,0.0030738120196787,0.0032411310218855,0.0019586074804865,0.0018994577500775,0.0025485610621892,0.0012464305039305,0.0006686326929605,0.000957105391242,-0.0005450955825335,-0.0007656844929152,-0.0018313332104518,-1.1651841758843e-05,0.0041212201648896,0.0023759499498109,0.0021281934044822
1920,0.0091987349327511,0.0080893305280295,0.0073420024434061,0.0074315442200356,0.0072551146837475,0.0074377795263477,0.0096185882695337,0.0080308484798019,0.0085872847614011,0.0090812730990486,0.0091904045485741,0.0072540660599883,0.0075966879533662,0.0077504197546135,0.0052876316411887,0.0062431117793598,0.0065280262237653,0.0042553473509766,0.003913033099995,0.004065531066185,0.0026831803868626,0.0025759644882444,0.0032246748728727,0.0017749040864575,0.0011908921273495,0.001437992254375,-8.71143485901197e-05,-0.0002969070340006,-0.0014727856267748,0.0003914542256765,0.0044548290963524,0.0028031584411502,0.002502965370738
1918,0.0103752828100919,0.0092702434871876,0.0084693275159877,0.0085723657552227,0.0084418534203014,0.0085803293268041,0.0107162203303332,0.0087982730948156,0.009386273930024,0.0098773948485663,0.0099407930019888,0.0079297723940396,0.0082134714814165,0.0083956654173231,0.0057012611827209,0.0066515333749589,0.0069644499827131,0.0046161863266354,0.0042383555285899,0.0043620258982385,0.0029476975110427,0.002805501802694,0.0034120069330455,0.0018546670506052,0.0013352264401568,0.0015315783272222,-2.60626939214767e-05,-0.0002444144785373,-0.0014827709203688,0.0004494733807645,0.0044434582159062,0.0029209928464538,0.0025681139936168
1916,0.010347314162516,0.0092162894540975,0.0084252197538432,0.0085470792873278,0.0084427823073688,0.0085054891616209,0.0105701306661469,0.0086142180333806,0.009213813457808,0.009677413091365,0.0096856627679456,0.0076840598108667,0.0079420478988296,0.0081081006413356,0.0054418315147878,0.0063826135764555,0.0066867442493884,0.0043750576872726,0.0039915860502839,0.0041016070160185,0.0027243978041333,0.0025832699069246,0.0030998091103667,0.0015460263260613,0.0011135230548237,0.0012775170322166,-0.0003567173268077,-0.0005660091544378,-0.0017916824900952,0.0002043812105825,0.0041646066476804,0.0027504447886284,0.0023611514495016
1914,0.0093202387480007,0.0081559778234538,0.0074114880437044,0.0075443246887174,0.0074444940491276,0.0074179561842369,0.0094527880813605,0.0077426909918353,0.0083204160861212,0.0087781240257761,0.0087525582709438,0.0067627958020029,0.0070591795359946,0.0071995382750974,0.0047659145222464,0.005690790943185,0.0059480037149607,0.0037588508834185,0.0033934890255166,0.0035193691416596,0.0022076286632,0.0020896869110596,0.0025297408369348,0.0010863279533632,0.0007053489323628,0.000861382806453,-0.0008354858684556,-0.0010207742581598,-0.0021672624353164,-0.0001462168023204,0.0037991426036958,0.0024891378067919,0.0020826605419755
1912,0.0075108178517878,0.0063224828210918,0.005611189993012,0.0057318568799347,0.0056444888515107,0.0055474787332577,0.0076020327714033,0.0063557015616794,0.0068942637366099,0.0073843018845789,0.0073574835947134,0.0054035896804828,0.0057547086851852,0.0058897175218643,0.0038052924237458,0.0047280582708706,0.0049312442655905,0.0029206566752621,0.0025821786270579,0.0027467719400969,0.0015130050915697,0.0014145400313484,0.0018504854954146,0.0005676180841449,0.0001914294346475,0.0003508959315654,-0.0013303182333402,-0.0014988527666805,-0.0025328905029411,-0.0005377812992133,0.003385665510004,0.0022136513184007,0.0018112887389301
1910,0.005010730665795,0.0038071399966253,0.0031083182620475,0.0031979470748855,0.0031461046135596,0.0030142231551393,0.0051045818499854,0.0044880513959804,0.0049878263207019,0.005510868161908,0.0054989002795922,0.003696169851269,0.0040610102037902,0.004198689843266,0.0025205960209184,0.0034714415827415,0.0036416077558057,0.001850172768831,0.0015384963752598,0.001750188140107,0.000617724370206,0.0005418199651925,0.0010393548748528,-7.38053049779316e-05,-0.0004554754378672,-0.000303700333878,-0.0018901729707141,-0.0020553697388869,-0.0029773561532529,-0.0010301938733241,0.0028693083216954,0.0018247477959173,0.001464003479426
1908,0.0022298939738503,0.0010149726780536,0.000331804572875,0.0003970398806171,0.0003817063696897,0.0002473266123874,0.0023669666985795,0.0024224846489138,0.0028929095953917,0.0034034071717361,0.0033973361439589,0.0018640903384886,0.0021989072748401,0.0023254696962614,0.0010373806800872,0.0020257012154939,0.0021927750798065,0.000632485434903,0.0003494647025368,0.0005966584830378,-0.0004217581476453,-0.0004459163324203,0.0001195084585571,-0.0008293986150884,-0.0011881412193927,-0.0010634337868468,-0.0025306824327081,-0.0027001622498601,-0.0035235245514387,-0.0016028557398717,0.0022840167824727,0.0012666964662963,0.0009974589279597
1906,-0.0002485351742174,-0.0014618297093927,-0.0021271183409416,-0.0020620326523399,-0.0020678680501821,-0.0021790482117545,-4.03294005735985e-05,0.0005757566189567,0.001031928797773,0.0014976620561935,0.0014834753414555,0.0002239223736598,0.0005277621815881,0.0006358044671278,-0.0003421740689273,0.0006614177628202,0.0008473017394312,-0.0005093995223022,-0.0007528992159959,-0.0005009250949813,-0.0014215679038706,-0.0013754861513958,-0.0007740156790215,-0.0015627283604378,-0.0018783352128641,-0.0017741536166159,-0.0031446614152496,-0.0033234304635281,-0.0040494954695676,-0.002130612844269,0.001741863898169,0.0006581304738599,0.0005130813222643
1904,-0.0022325790439264,-0.0034172714218735,-0.0040962458842592,-0.0040151384483243,-0.0040399512582954,-0.0041052256585184,-0.0019655919002178,-0.0009352457524103,-0.0004739258724712,-3.36370991883221e-05,-5.80249713309813e-05,-0.001117168261589,-0.0008186644951725,-0.0007193219830931,-0.0014629343924017,-0.0004634517799227,-0.0002537724295487,-0.001442876083592,-0.001638470562847,-0.001417310156038,-0.0022535917523338,-0.0021657995136625,-0.0015502663683084,-0.0021757145235749,-0.0024668945265476,-0.0023426614587344,-0.0036423447548103,-0.0038272718432303,-0.0044541449434478,-0.0025399058418432,0.0012997952351699,0.0001524577292242,0.0001255971911525
1902,-0.0038402338876953,-0.0049839028136621,-0.0057172727656103,-0.0056234389301781,-0.0056833314001426,-0.0056943272159682,-0.0035793256851314,-0.0022169010357911,-0.0017334654642814,-0.0012872465385715,-0.00131728115506,-0.0022282411771011,-0.001915058496646,-0.0018169908842547,-0.0023610596474867,-0.0013630780458381,-0.0011430611448356,-0.0021728045458654,-0.0023391060977702,-0.0021714504973675,-0.0029033636818435,-0.0028251820908758,-0.0022041172830862,-0.0026689889842924,-0.0029707410345862,-0.0027869206064649,-0.0040269144044239,-0.0041961471010247,-0.004748827547941,-0.0028430085472437,0.0009647912446791,-0.0002011446318044,-0.0001506097266962
1900,-0.0051225842853012,-0.0062575668269377,-0.0070418111792555,-0.0069516250111059,-0.0070531377718182,-0.0070278360637625,-0.0049475269216371,-0.0032954432479569,-0.0027859280051362,-0.0023406637623831,-0.0023710739908744,-0.0031546598560725,-0.0028186038539559,-0.0027236018452825,-0.0030859297837723,-0.0020834535969377,-0.0018700346868181,-0.0027288187221448,-0.0029113638561767,-0.0027981908768589,-0.0033959355293226,-0.0033513154238157,-0.0027352141679018,-0.003068374184136,-0.003395280199143,-0.0031519808521578,-0.00433218938676,-0.0044634120726457,-0.0049869661989952,-0.0030673572185909,0.0007457751543728,-0.000448007316695,-0.0003699304397055
1898,-0.0060654652539735,-0.0072469492594332,-0.0080326607528702,-0.0079611285101513,-0.0081025267092946,-0.0080674147942993,-0.0060059150651282,-0.0041215801396339,-0.0035943383625998,-0.0031814519507193,-0.0032012668854982,-0.0038935770890872,-0.0035341125424398,-0.0034349092968812,-0.003640310993259,-0.0026388441756133,-0.0024308922982525,-0.0031267892393822,-0.0033585206904423,-0.0032843123314699,-0.0037540457994377,-0.0037339519388422,-0.00312534111153,-0.0033792788356,-0.0037215103809116,-0.0034556575695483,-0.004566145840045,-0.0046725183360479,-0.0051887228264006,-0.0032322556871673,0.0006247117975818,-0.0006509954900427,-0.0005754710554738
1896,-0.006756322257446,-0.0080045285573074,-0.0087540688835593,-0.0087017088519173,-0.0088722690154108,-0.0088335268494986,-0.0067652089877247,-0.0047146403668769,-0.0041738045873037,-0.0037996000250733,-0.0037956579833701,-0.004445285168129,-0.0040742195039979,-0.0039492659542463,-0.0040196119964216,-0.0030235585875413,-0.0028084123694746,-0.0033849431068482,-0.0036548033175305,-0.0035980371141761,-0.003987659382807,-0.0039846294342716,-0.0033652764342839,-0.0035911466136324,-0.003936146297014,-0.0036867516467483,-0.0047121995750818,-0.0048379815021099,-0.005334636179091,-0.0033520861978373,0.0005535709797896,-0.0008200867273393,-0.0007543520242285
1894,-0.0073232100637315,-0.0086032143652905,-0.0093314266770075,-0.0092816536488323,-0.0094672164227511,-0.00941662882083,-0.0073140169541805,-0.0051430078732412,-0.0045765090225853,-0.0042114643327606,-0.0041894397854512,-0.0048066048094652,-0.0044458361369438,-0.004285959743409,-0.0042316466365124,-0.0032342498239762,-0.0030189292831299,-0.0035253108443367,-0.0037971140740461,-0.0037392188798142,-0.0041018176405403,-0.0041197122909596,-0.0034724921696166,-0.0037016312967065,-0.0040452440786891,-0.0038288854849851,-0.0047619433409321,-0.0049292071306619,-0.0053998562853638,-0.0034241239562995,0.0005158063859386,-0.0009107033349279,-0.0008577235623143
1892,-0.0077889767789866,-0.0090557768196844,-0.0098024380297367,-0.0097360303556391,-0.0099244884430395,-0.0098770404552719,-0.0077030941105362,-0.0054500800983466,-0.0048453031316736,-0.0044597283030901,-0.0044507851251767,-0.0049981693381815,-0.0046588646368985,-0.0044880081841186,-0.0043260306341149,-0.003324355518955,-0.0031373677378156,-0.0035931333959215,-0.00384946782956,-0.0037832539329942,-0.0041428189943607,-0.0041709677990014,-0.0035110458875682,-0.0037537708796705,-0.0040959955037333,-0.0039072901121727,-0.00475785878998,-0.0049348027751969,-0.0054011231563796,-0.0034512029668522,0.0005245157237819,-0.0009125112543036,-0.0008795353127253
1890,-0.0081197099290321,-0.0093618286183591,-0.0101378138807006,-0.0100495787123892,-0.0102274225257168,-0.0102289432981244,-0.0079550794394437,-0.0056774120770502,-0.005052494390267,-0.0046418297409147,-0.0046696615554669,-0.0051193453161483,-0.004792209299251,-0.0046451473661775,-0.0044145142864176,-0.0034215613711922,-0.0032678212645047,-0.0036757070577927,-0.0039247059687749,-0.0038541070482106,-0.0042101993661907,-0.0042172444536982,-0.0035809527323544,-0.0038274273070803,-0.0041695235167779,-0.0039951361101005,-0.0047915886104804,-0.004935622585111,-0.0054113522195209,-0.003486517540608,0.0005411455780323,-0.0009154486468938,-0.0009015219062539
1888,-0.0083508282209287,-0.0095693877022676,-0.0103522102780414,-0.0102483285718902,-0.0104019998962086,-0.010479049889706,-0.0081326320313222,-0.0058820923418337,-0.0052862086927627,-0.0048622893517994,-0.0049083690312097,-0.0052819616415117,-0.0049587027157523,-0.0048450207906511,-0.0045918115033847,-0.0036191629311258,-0.0034577751751905,-0.0038434530385154,-0.0040881337672688,-0.0040139202373901,-0.004369783356737,-0.0043341405183476,-0.0037406674468756,-0.0039550796561202,-0.0042988934945951,-0.0041307475343814,-0.0049241438819391,-0.0050379385619021,-0.005496793536023,-0.0035893269198001,0.0004871699528371,-0.0010202662276722,-0.0010073663034596
1886,-0.0085477275845669,-0.009720647347488,-0.0104927789333765,-0.0103798877488548,-0.0105109943238573,-0.010625410208008,-0.0082965856571175,-0.006073768065439,-0.0055380245372477,-0.0051190386832451,-0.0051355672473979,-0.0054779097470665,-0.005168435431908,-0.0050708667008736,-0.0048197126528566,-0.0038577361384053,-0.0036506269709752,-0.0040571822334381,-0.0042877175651344,-0.0041992435717251,-0.0045702388767675,-0.0044984831685,-0.0039370254540009,-0.0040706803640453,-0.0044143797088709,-0.0042548918217025,-0.005105816491247,-0.0052248856317905,-0.0056327172826636,-0.0037193485523379,0.0003720586667592,-0.0011970240459529,-0.001163594317959
1884,-0.008705990634397,-0.009806339941846,-0.0105715089856024,-0.0104574506461709,-0.0105853815410289,-0.0106661163359611,-0.0084371173859081,-0.0062099083666876,-0.0057077167201917,-0.0053159249342268,-0.0052729419774642,-0.0056097604864771,-0.0053232482572286,-0.0052257261486508,-0.004971815077112,-0.0039996461920978,-0.0037638556166424,-0.0042063437698362,-0.0044245920558235,-0.004313249261448,-0.0047086001051536,-0.0046176465413502,-0.004065054699165,-0.0041001304766123,-0.0044388205323951,-0.0042940873891475,-0.0052242449268927,-0.005364314169478,-0.0057271643966915,-0.0037689296887095,0.0003017915550828,-0.0013210058769689,-0.0012610126280591
1882,-0.0087958644518867,-0.0098310301371125,-0.010590143104302,-0.0104872268534924,-0.0106259948524443,-0.0106385528696587,-0.0085251401227501,-0.0062886485714468,-0.0057688841153779,-0.0054171366304606,-0.0053235868358556,-0.0056627505605343,-0.0053854862280203,-0.0052886607032248,-0.0050145685432486,-0.0040220811094387,-0.0038056023942762,-0.0042630817014926,-0.0044874388761086,-0.0043579225592991,-0.0047682985446806,-0.0046702587839197,-0.0041033624578354,-0.0040778591621993,-0.0044106131265025,-0.0042787190767331,-0.0052443859729882,-0.0053936992206982,-0.0057497015253036,-0.0037295988455755,0.0003079521140944,-0.0013549128913231,-0.0012779765699987
1880,-0.0088407181098002,-0.0098515258271136,-0.010584741082992,-0.0104987218186322,-0.0106427677637644,-0.0106078576013325,-0.0085760048839065,-0.0063550800131865,-0.0058058946654057,-0.0054797101629429,-0.0053687416186539,-0.0057229704926825,-0.0054301880478411,-0.0053418408928632,-0.0050355939101516,-0.0040286040405113,-0.0038529287219272,-0.0043029255143403,-0.0045452119819858,-0.0044044601565863,-0.0048095782150468,-0.0047211941187341,-0.0041187115167085,-0.0041016788858685,-0.0044310819268154,-0.0042996856733079,-0.0052316956710685,-0.005383128369682,-0.0057639150053489,-0.0037157434917446,0.0002955480018941,-0.0013760571270184,-0.0012960450135994
1878,-0.008868278124445,-0.0098973399607302,-0.0105835804896252,-0.0105001717026905,-0.0106412538751655,-0.0105992950608967,-0.0086046454709778,-0.0063958475651341,-0.00585855213907,-0.0055202678628651,-0.0054248750961267,-0.0058132805606088,-0.0054947326879873,-0.0054161039551198,-0.0050815183186734,-0.0040736304724495,-0.0039198321882522,-0.0043571901940864,-0.0046117319792805,-0.0044566877789251,-0.0048391206328624,-0.0047836533404653,-0.0041400047203325,-0.0041823724749788,-0.0045059457899649,-0.0043620931297682,-0.0052379617576699,-0.0053973321204998,-0.005808718196401,-0.0037871888680442,0.0002156643734587,-0.0014115624256263,-0.0013367950815471
1876,-0.0088359634404261,-0.0099053909343244,-0.0105552007406139,-0.0104527805379461,-0.0106008491885527,-0.0105710880885708,-0.0085753333697819,-0.0063217816503548,-0.0058331094841827,-0.0054506452877018,-0.0053782622961558,-0.0058098132363115,-0.0054693120553538,-0.0053908568115023,-0.0050448504310303,-0.004047477069675,-0.0038915122969116,-0.0043137554912748,-0.0045747810825471,-0.0044032819357469,-0.0047567220146256,-0.0047418462242857,-0.0040788851145445,-0.00418741130276,-0.0044995649781681,-0.0043386359850653,-0.005205557673737,-0.0053696011033043,-0.0057941863413523,-0.0038127649625145,0.0002065710934567,-0.0013377348086366,-0.0012618950235917
1874,-0.0087039842695868,-0.0098235715366711,-0.0104758505476915,-0.010353206918482,-0.0105241243507423,-0.0105022225682477,-0.0084720608641213,-0.006114863395029,-0.005656688215511,-0.0052167625672558,-0.0051398328952635,-0.0056067411399571,-0.0052407863716629,-0.0051439405964757,-0.0047961627872449,-0.0038130128485848,-0.0036502407353458,-0.0040466439965197,-0.0043195713968534,-0.0041491946415904,-0.0044734864568291,-0.0044814437272561,-0.0038306798475253,-0.0039943479151112,-0.0042990486573632,-0.0041209990521756,-0.005037670338698,-0.0051918181338942,-0.0055981242909857,-0.0036221461817793,0.0004383488105016,-0.001031664039876,-0.0009307681409856
1872,-0.0085587575131812,-0.0097368647399926,-0.0104253301690211,-0.0103051175721416,-0.0104924858268848,-0.0104708314026075,-0.008384719075996,-0.0059156242581006,-0.0054366139567452,-0.0049342957093038,-0.0048085769850098,-0.0052901763880578,-0.0048895412453573,-0.004750867688145,-0.0043817401269263,-0.0034127001598386,-0.0032417802911506,-0.0036066266728906,-0.0038923967009473,-0.0037548707178402,-0.0040463793818808,-0.0040514139701024,-0.0034326325716025,-0.0036518851759038,-0.0039593550153507,-0.0037661066816207,-0.0047479540155437,-0.0048932735027544,-0.0052475159049748,-0.0032408972927097,0.0008728167337781,-0.000570978670227,-0.0004155807417144
1870,-0.0085918408806622,-0.0098201246607159,-0.010543260821375,-0.010449601696043,-0.010619939004503,-0.0105938308841101,-0.0084638692842421,-0.0059390551138439,-0.0054119751187702,-0.0048575507735249,-0.0046660654060923,-0.0051335525265796,-0.0047105201272553,-0.0045200905856109,-0.0040829110868532,-0.0031355978209118,-0.0029411784799865,-0.0032862492904634,-0.0035696996154103,-0.0034790733050623,-0.0037327680323792,-0.003719307021571,-0.0031408709208578,-0.0034097771376471,-0.0037121393973643,-0.0035175642578211,-0.004532890999665,-0.0046950181557652,-0.0049902218600059,-0.0029469760835141,0.0012012839861471,-0.0002790131588901,-6.40901077901188e-05
1868,-0.0088533467519976,-0.0100903651765074,-0.010812320146304,-0.0107463595463711,-0.0108741535922565,-0.01083679458967,-0.0087104771018242,-0.0062208136024979,-0.0056746882739845,-0.0051127144850119,-0.0049074904869085,-0.0053445068872239,-0.0049348213502495,-0.0047230650978849,-0.0041964745486232,-0.0032863764954291,-0.0030558633941994,-0.0033999369610795,-0.0036706428753319,-0.0035988103086772,-0.0038240144936545,-0.003794157416708,-0.0032563517881577,-0.0035269131779889,-0.0037930703838866,-0.003620811143211,-0.0046210834191826,-0.0048106435855786,-0.0050936633956877,-0.0030352342877161,0.0010946145275845,-0.0004561095355043,-0.000222497092366
1866,-0.0090945649677247,-0.0102988315892873,-0.0109953860157893,-0.0109406733728798,-0.011040584103959,-0.0109884068903912,-0.0088957048154452,-0.0064954068597933,-0.0059733864931945,-0.0054511580700224,-0.005311926375956,-0.0057312745381543,-0.00534654259868,-0.0051653638715692,-0.0045974775979832,-0.0037227405252643,-0.0034717302595169,-0.0038243475813363,-0.0040959647300434,-0.0040055545449106,-0.0042297053743641,-0.0041974407665938,-0.0036831197694871,-0.0038918455187477,-0.0041150896538527,-0.0039667102200341,-0.0049202064436831,-0.0051029358115195,-0.0054314695946336,-0.0033875301590558,0.000678958577337,-0.0009123246936178,-0.0007065727117536
1864,-0.0091222831438777,-0.0102907270003825,-0.0109729983564517,-0.0109161320385466,-0.011018935655685,-0.0109589783557283,-0.0088794891043235,-0.0065563447401101,-0.0060647283355253,-0.0055848720401503,-0.0055391315922375,-0.0059567123643883,-0.0055731262649122,-0.0054451073904052,-0.0049055153633271,-0.0040367288539024,-0.0037938226954411,-0.0041629916489755,-0.0044463475975086,-0.0043350230824508,-0.0045806492800124,-0.0045583232114625,-0.0040348444848152,-0.0041633028965281,-0.0043815623646511,-0.0042306541514181,-0.0051269134431842,-0.0052683464562972,-0.0056494248996598,-0.00364476888065,0.0003603567255721,-0.0012139320416884,-0.0010412584686312
1862,-0.009020380769552,-0.0101762496799251,-0.0108621242845645,-0.0107931006742394,-0.0109150735052258,-0.0108579143429782,-0.0087509135709965,-0.0064541457312204,-0.0059748681337039,-0.0055087958179213,-0.005526894551057,-0.0059356731333551,-0.0055402947617147,-0.005449087220695,-0.0049695639564512,-0.0040777976892133,-0.0038578174799296,-0.0042566270930176,-0.0045375776291581,-0.0044267955975532,-0.0046955932374703,-0.0046830444752501,-0.0041270358994802,-0.0042049955544234,-0.0044550915912471,-0.0042815783818187,-0.0051284251742624,-0.0052350262878318,-0.0056350424018945,-0.0036817034592463,0.0003050262441803,-0.0012242134689548,-0.0010663164269301
1860,-0.0089569473473336,-0.0101215104159011,-0.0108091986415994,-0.0107204927070091,-0.0108583880914253,-0.0108113972747593,-0.0086544413608269,-0.0063314129155698,-0.0058508511661442,-0.0053813480402643,-0.0054139079037554,-0.0057981581128546,-0.0054124651776685,-0.0053273532218656,-0.0048964039298592,-0.0039828614978071,-0.0037816665673504,-0.004217322145821,-0.0044727359515128,-0.0043791805894158,-0.0046572938446706,-0.0046395690482423,-0.0040579478586854,-0.004128036318927,-0.0044055834035777,-0.0042166353397852,-0.0050431579216305,-0.0051464690919697,-0.0055319279651641,-0.0036215920861978,0.0004026599108965,-0.0011032201973608,-0.0009514261705236
1858,-0.0089798052829689,-0.0101567712345927,-0.010830594315869,-0.0107286518097048,-0.0108641532408821,-0.0108342438273764,-0.0086404841267519,-0.0062669407362584,-0.0057843119304131,-0.0053233953223458,-0.0053322692703495,-0.0056984153585004,-0.005348013581387,-0.0052507865207467,-0.0048410999342251,-0.0039305192984603,-0.0037358668282175,-0.0042059218692469,-0.0044266348775404,-0.004352016841832,-0.0046269229634324,-0.0045896680837826,-0.0040092633580071,-0.0040933662470129,-0.0043648288780955,-0.004177433231,-0.0050159423142786,-0.0051353259535436,-0.0054975369539769,-0.003611669793339,0.0004823026998554,-0.0010462302292295,-0.000904990036764
1856,-0.0090059425446733,-0.0101850837115684,-0.0108388427204367,-0.0107451991948205,-0.0108566248702639,-0.0108505723864886,-0.0086550093172659,-0.0062395748664404,-0.0057581924641428,-0.0053250108042221,-0.0052965438656456,-0.0056705468181564,-0.005345108699617,-0.005238432810165,-0.0048318069448771,-0.0039344670975288,-0.003740819176779,-0.0042437842049142,-0.0044327902850126,-0.0043685980287348,-0.0046411931956529,-0.0045905989878551,-0.0040261660635935,-0.0041164807607706,-0.0043630535627466,-0.0041765160223669,-0.0050286794092359,-0.0051600021855284,-0.005517201728307,-0.0036465638713233,0.0005048973273655,-0.0010670645392755,-0.0009375036417365
1854,-0.0089658767868469,-0.0101395078445809,-0.010783741816807,-0.0107131504717686,-0.010796381852303,-0.0108092466085275,-0.0086321670926623,-0.006191813450445,-0.0057074751635024,-0.0052998650913376,-0.0052417248482849,-0.0056297559879195,-0.0052912083680011,-0.0051846294574214,-0.0047741477340044,-0.0038711802670924,-0.0036829732559245,-0.0042125533228551,-0.0043733285361009,-0.0043079983604098,-0.0045868888049665,-0.0045431462480339,-0.0039878656579392,-0.0040674206085194,-0.0042995896846464,-0.0041036361565542,-0.0049384308176064,-0.0050715381264851,-0.0054558017974861,-0.0035926136408139,0.0005794319607439,-0.0010126681109237,-0.0008897702159241
1852,-0.0088897684299629,-0.0100643373221284,-0.0107119798370342,-0.0106558258982092,-0.0107354094666731,-0.0107445415098145,-0.008567623349388,-0.0061052339575565,-0.0056041189358369,-0.0051990301562385,-0.0051247587102653,-0.0054958993867352,-0.0051220283629647,-0.0050137740548561,-0.0045969331242507,-0.0036711830021573,-0.003489513301905,-0.0040105395382262,-0.0041534966314954,-0.0040804213626664,-0.0043697865648688,-0.0043398630964462,-0.0037862985541811,-0.0038542188652336,-0.0040854377324106,-0.0038905702521415,-0.0046860210249399,-0.0048151430586544,-0.0052470457040423,-0.0033621481370611,0.0008093821157858,-0.0007687787602908,-0.0006559042578937
1850,-0.0088427210830255,-0.0100336268000672,-0.0106911859215607,-0.0106303029585735,-0.0107418539822695,-0.0107239498143891,-0.0085083744343301,-0.0060113529241263,-0.0054810757198128,-0.0050527377040415,-0.0049632949071113,-0.0052817917682594,-0.0048847767765941,-0.00475709908258,-0.0043371037842067,-0.0033978027617784,-0.0032087712791932,-0.0036629463805478,-0.003812518834043,-0.0037379206003422,-0.0040373417633385,-0.0040088051487862,-0.0034597978494981,-0.0035342237519352,-0.0037637780494736,-0.0035993832999778,-0.0043767176249231,-0.0044948461561624,-0.0049577238169459,-0.0030130562540408,0.0011681151605026,-0.0003900067379893,-0.0003012028331284
1848,-0.0088407871096828,-0.0100589832043563,-0.0107341264646861,-0.0106595497502058,-0.0108191731095255,-0.0107730367449284,-0.0085014926199527,-0.0059512521406103,-0.0053958113590959,-0.004926532914034,-0.004807238731088,-0.005068865973262,-0.0046763268048873,-0.0045053223793887,-0.0040953705129944,-0.0031596936529389,-0.0029445988496184,-0.003300744856366,-0.0034761701133281,-0.0034176611721288,-0.0037281370085549,-0.003690771385495,-0.003145145158317,-0.0032476157404593,-0.0034739668144835,-0.0033521631177084,-0.0041648243113359,-0.0042660964843376,-0.0047050502941885,-0.002696886188711,0.0015127632576725,-4.44417939142868e-05,1.4894389654296e-05
1846,-0.0088442161132845,-0.0100884274461937,-0.0107929413910606,-0.0107079062738935,-0.0108943087770426,-0.0108437343799811,-0.0085454907574922,-0.0059349009517956,-0.005378032974806,-0.0048664094585098,-0.0047105016445056,-0.0049446070455847,-0.004577412742564,-0.0043541473348962,-0.0039735245734719,-0.0030374734608538,-0.0027991646618304,-0.0031037940941828,-0.0032898616792265,-0.0032608807241983,-0.0035805691302471,-0.0035408614371803,-0.0029837837866341,-0.0031232991275407,-0.0033568855274892,-0.0032485105541853,-0.0041400567668957,-0.0042351419796485,-0.0045964620126561,-0.0025745384619497,0.0016559296082249,9.07164935532276e-05,0.0001413201123418
1844,-0.0088015805099339,-0.0100604332468761,-0.0107930370760411,-0.0107007214169686,-0.0108682822974891,-0.010837763529176,-0.0085642655691342,-0.0059235313459597,-0.0053869563665649,-0.0048583135961441,-0.0046953701227442,-0.0049371895244651,-0.0045980496106333,-0.0043508327887752,-0.0040089924579538,-0.0030560349449588,-0.002824414351366,-0.0031744142468857,-0.0033326086873726,-0.0033240067401157,-0.003638862488043,-0.0036058141011208,-0.0030276618045475,-0.0031931971342151,-0.0034443154565278,-0.0033045754589366,-0.0042688532279171,-0.0043828791852467,-0.004674793527764,-0.0026946715352717,0.001514468784541,-3.37808950084471e-05,4.01015831653221e-05
1842,-0.0087087865102972,-0.0099686318724623,-0.0107066881637824,-0.0106060673554363,-0.0107274558260912,-0.0107180724294378,-0.0084881008306635,-0.0058752829852622,-0.0053557713275216,-0.0048457174891144,-0.0047191551972897,-0.004984057919823,-0.0046559157469107,-0.0044350406876191,-0.0041165097935862,-0.0031530224909979,-0.0029447222177871,-0.0033714040356217,-0.0034981245913199,-0.0034851709468388,-0.0037805043177,-0.0037481871158009,-0.0031639091086794,-0.0033314110370975,-0.003594378756275,-0.0034145369570463,-0.0044089874886458,-0.004549346871007,-0.0048341951531391,-0.002893030089317,0.0012613156681227,-0.0002427256950184,-0.0001414159354144
1840,-0.00860179131307,-0.0098511457930842,-0.0105773167349891,-0.0104699475838512,-0.0105546666371412,-0.010556509785187,-0.0083537228770304,-0.0058050424115999,-0.0052916798528397,-0.0048109054652819,-0.0047293058019115,-0.005017872523731,-0.0046764327649483,-0.0045082849905267,-0.0041788994897587,-0.0032262998679837,-0.0030241848204974,-0.0034618111539091,-0.0035971713620116,-0.0035633082488801,-0.0038437851315285,-0.0038040446515949,-0.0032344371798198,-0.0033808272181501,-0.0036444029893362,-0.0034481677646565,-0.004444597977821,-0.0045931385733763,-0.0049078044824104,-0.0029677875260701,0.0011376805367421,-0.0003324404749497,-0.0002273000665211
1838,-0.0085027740417725,-0.009735761871429,-0.0104588508517484,-0.0103473205326336,-0.0104229307531726,-0.0104329872382856,-0.0082402642214098,-0.0057548272650039,-0.0052485411228055,-0.0047795601258025,-0.0047193531803664,-0.0050307017818311,-0.0046609881062616,-0.0045331757770405,-0.0041580311908668,-0.0032187762270953,-0.0030049758085782,-0.0033778960980773,-0.0035547136400678,-0.003496499512142,-0.0037780913501302,-0.0037341652008775,-0.0031852384117779,-0.0032960857513915,-0.0035542762410635,-0.0033609187959708,-0.0043545270671725,-0.0044943867601958,-0.0048283265085672,-0.0028741579369674,0.0012069664493361,-0.0002564831272311,-0.0001627715895079
1836,-0.0084171700642859,-0.0096396246269971,-0.0103862467741997,-0.0102694065361326,-0.010361887489804,-0.0103779078591662,-0.0081821993988881,-0.0057432729001865,-0.0052422536979021,-0.004760244615548,-0.0046967516191398,-0.0050280083647866,-0.0046322612424104,-0.0045095697352094,-0.0040715478012842,-0.0031279915637041,-0.0029078305007589,-0.0031968822096071,-0.0034116359952172,-0.0033345727730184,-0.0036241943106101,-0.0035832505372217,-0.0030500840081275,-0.0031252318185237,-0.0033729029333221,-0.0031878073176975,-0.0041743623839588,-0.004302957632693,-0.0046343342448675,-0.0026800544606713,0.0013972019557764,-5.81905328845704e-05,3.70868100012709e-05
1834,-0.0083663704051912,-0.0095933799447968,-0.0103855282757103,-0.0102645485203418,-0.0103842751972713,-0.0103935963391084,-0.0081734799335527,-0.0057613724250245,-0.0052415181627992,-0.0047297935553523,-0.0046515226298412,-0.0049921606210634,-0.0045831990535549,-0.0044304880574569,-0.0039447513149258,-0.002984213271627,-0.0027719360848716,-0.0030178727655214,-0.0032427702795077,-0.0031606896342211,-0.00345287981106,-0.0034172642435258,-0.0028928900016771,-0.0029469007937386,-0.0031804837591798,-0.0030009077045729,-0.0039660381855141,-0.004085069223465,-0.0044042899732992,-0.0024687436763001,0.0016182908205435,0.0002160497518096,0.000348079350241
1832,-0.0084046027565487,-0.0096430764472364,-0.0104775600017382,-0.0103661876278464,-0.0104998495661379,-0.0104836520277434,-0.0082160707893813,-0.0057982249871904,-0.0052275619066538,-0.0046809920536164,-0.0045834372596652,-0.0049142242341559,-0.0044987432948064,-0.0043009485127983,-0.003809489545448,-0.0028396481273483,-0.0026340359430061,-0.0029007682919327,-0.0031110087621374,-0.0030393850267752,-0.0033327664798411,-0.0033032356421472,-0.0027802260317482,-0.002829283437431,-0.0030574564438181,-0.0028733797178898,-0.0037990632554322,-0.0039042883973874,-0.0042071615608739,-0.002297974587067,0.0018061682655522,0.0005096353340086,0.0007113942493196
1830,-0.0085734052471692,-0.0098079481771912,-0.0106500902063383,-0.0105689399739345,-0.0106874451410976,-0.0106384488403623,-0.0083242424089459,-0.0058513087293127,-0.0052318797043373,-0.0046584808976423,-0.004539494821488,-0.0048424815095317,-0.0044151512661511,-0.0041845194256886,-0.0037300505571751,-0.0027673057576345,-0.0025551022757381,-0.0028858065583618,-0.0030742561897282,-0.003014988825731,-0.0033230096121595,-0.0033027234749659,-0.0027742240275191,-0.0028217675672489,-0.003065672572009,-0.0028635847878368,-0.0037366535683046,-0.0038245325291747,-0.0041031366652695,-0.0022189846169973,0.001890576182745,0.0007033845692492,0.000972907229317
1828,-0.0088085119137941,-0.0100153443485173,-0.0108176415880919,-0.0107701846998868,-0.0108520425935448,-0.010785806925939,-0.0084566132257824,-0.0058976273289045,-0.0052765383745454,-0.0047012695651848,-0.0045704419009202,-0.0048528997628069,-0.0044120839751705,-0.0041767150509887,-0.0037795709526784,-0.0028291537835012,-0.0026099279149604,-0.0030045515997798,-0.003179163674481,-0.0031171274201699,-0.0034496105671194,-0.0034387826578297,-0.0029040561409785,-0.0029460243586347,-0.0032189568749296,-0.0029976504377609,-0.0038178235773484,-0.0038983141045659,-0.0041536016263675,-0.0022892486012544,0.0017859923040695,0.0006553901620828,0.0009389199362107
1826,-0.0089551228522099,-0.0101312668965016,-0.0108702092596147,-0.0108336286035365,-0.0108812378170828,-0.0108238293568746,-0.0085107574554903,-0.0058867691885978,-0.0053057068549249,-0.0047594160846702,-0.0046393317550475,-0.0049455810787938,-0.0045047130553858,-0.0042880107461753,-0.0039428619528972,-0.0029984723252128,-0.0027851260012134,-0.0032139618737289,-0.0033905093805879,-0.0033138200999649,-0.0036524524374447,-0.0036489888727676,-0.0031112112766896,-0.0031525262692512,-0.0034470421383,-0.0032227270446483,-0.004013612786866,-0.0041054840257475,-0.0043583672260628,-0.0025034175354803,0.0015012071677775,0.0003809084209791,0.0006067183966459
1824,-0.008947132296848,-0.0101101636621942,-0.010799171885078,-0.01074822102174,-0.0107791516886425,-0.010744711605732,-0.0084539363320163,-0.0058050085115942,-0.0052633400430522,-0.0047585793925751,-0.0046648257201344,-0.0050431734595386,-0.0046143754657431,-0.0044280177745898,-0.0041107857470242,-0.0031680190842941,-0.0029612486227934,-0.0033968515535221,-0.0035916522800299,-0.003504521075876,-0.0038164679928772,-0.0038273350116203,-0.003281786691067,-0.0033357432249454,-0.003638919866628,-0.0034236159777596,-0.0042256650579682,-0.0043414838750235,-0.0046133844828374,-0.0027534376543635,0.0011907228276456,8.0684242729791e-05,0.0002177651894935
1822,-0.0088655366567595,-0.0100286880696001,-0.0106932441181844,-0.0106185146405052,-0.0106502256625176,-0.0106353244199464,-0.0083644141209665,-0.0057078899819557,-0.0051911315457939,-0.004717433431285,-0.0046489263671587,-0.0051063061093665,-0.0046860946920559,-0.0045359637134758,-0.0042110315964161,-0.0032703594531689,-0.0030555417206504,-0.0034854177072452,-0.0037066589998072,-0.0036153030877015,-0.0038854697035632,-0.0039208744054731,-0.0033559395698748,-0.0034341761526606,-0.0037391053551958,-0.0035284549060904,-0.0043644194625288,-0.004509140027662,-0.0048014811511962,-0.002924765246252,0.0010049749111588,-8.7060876083427e-05,-1.84050796060385e-05
1820,-0.0088009240403063,-0.0099638821421884,-0.0106192284080445,-0.0105210308897521,-0.0105651945425472,-0.0105566542385204,-0.0083119570421654,-0.0056602917600362,-0.005166765498323,-0.0047069042848708,-0.0046569459749836,-0.0051521296341269,-0.0047327490166276,-0.0046163081628415,-0.0042542360056363,-0.0033163689788543,-0.0030824212091762,-0.003503636643247,-0.0037459975302731,-0.003647564781234,-0.0038863684982951,-0.0039377553153697,-0.0033507539176108,-0.0034647461813932,-0.0037620939035358,-0.0035517280054023,-0.0043996904873508,-0.0045743668374375,-0.0048733597440001,-0.0029747484113052,0.0009789684502013,-0.0001168485170168,-7.85463088251759e-05
1818,-0.0087600664409753,-0.0099182891563043,-0.0105703599850838,-0.0104528015248074,-0.0105127100300031,-0.0104951048354524,-0.0082809356692603,-0.0056689797407181,-0.0051924231037691,-0.0047352544990982,-0.0046978353447372,-0.0051750823863726,-0.0047589885339916,-0.0046561950392978,-0.0042571631160624,-0.0033226964275077,-0.0030697984871019,-0.003486285289851,-0.0037347754466956,-0.003624900463849,-0.0038539338877622,-0.0038917087253909,-0.003297765780266,-0.0034584442601403,-0.0037355031184901,-0.0035343632994917,-0.0043467520997081,-0.0045446164728806,-0.0048339210936094,-0.0029137147034146,0.0010748636936468,-5.69182952474046e-05,-2.25889112495672e-05
1816,-0.0087145550315547,-0.0098671036630327,-0.0105208489600846,-0.0103971300184086,-0.0104675830934898,-0.0104282172638467,-0.0082299196509132,-0.0056909933390972,-0.0052004812636405,-0.0047412597128531,-0.0047033932434697,-0.0051312404678476,-0.0047252209059854,-0.0046055572022715,-0.0041967317467004,-0.0032678092773859,-0.003001461490434,-0.0034225588298118,-0.0036648462074402,-0.0035440462231574,-0.0037810671500609,-0.0037816561945034,-0.0032038293871684,-0.0034059638919408,-0.0036634036879322,-0.003479863203134,-0.00423899914981,-0.0044448553889091,-0.0047105273716285,-0.002772383115482,0.0012486767366069,8.01791946523152e-05,0.0001215263668252
1814,-0.0086830408318381,-0.0098302161491933,-0.0104884674276718,-0.0103807331751481,-0.0104551113892944,-0.0103882877887858,-0.0081793505275518,-0.005704341042628,-0.0051650502964393,-0.0047030436931035,-0.004642014099602,-0.0050204063544137,-0.004619862330597,-0.0044680185270385,-0.0040707509850577,-0.0031500936919139,-0.00287999979224,-0.0033088064678065,-0.0035454240608719,-0.0034117354635457,-0.0036660169520746,-0.0036308459104964,-0.00308338338987,-0.0032972491310158,-0.0035556100198001,-0.0033782975226114,-0.0041237017194009,-0.0043250299446012,-0.0045587222674799,-0.002610245152813,0.0014402719393842,0.0002728923716231,0.0003294651476008
1812,-0.0087106205805149,-0.0098486802602945,-0.0105079400041749,-0.0104306361077414,-0.0105078418318165,-0.0104190297676493,-0.0081870996167751,-0.0057323566714087,-0.0051455955821725,-0.0046864027321212,-0.0045851763672859,-0.0049288450181872,-0.0045185855828646,-0.0043516720588225,-0.0039619028115007,-0.003052310674992,-0.0027954672176397,-0.0032129422663362,-0.0034549309527495,-0.0033020637815126,-0.0035753545187555,-0.0035169896630878,-0.002997407396973,-0.0031921708578243,-0.0034705975755829,-0.0032772088066017,-0.0040684344082164,-0.0042645509337294,-0.0044724413006875,-0.0025250805571991,0.0015417267058036,0.0004148689561336,0.0004973292501224
1810,-0.008776824168466,-0.0098998955512541,-0.0105572103821414,-0.0105009423067982,-0.0105823071334373,-0.010488569077741,-0.0082495284370312,-0.0057803967802803,-0.0051894820854744,-0.0047428714494441,-0.0046083699125343,-0.0049390254658497,-0.0045122037093905,-0.004364345288882,-0.0039717668344494,-0.0030771554887073,-0.0028467381803183,-0.0032157156100967,-0.0034692448647492,-0.0033050587782754,-0.0035910923577955,-0.0035140880570798,-0.0030063270667289,-0.003185496269336,-0.0034769573691894,-0.0032635424646386,-0.00412124868751,-0.0043167558337302,-0.0045220307341736,-0.0025827409567226,0.0014775111191676,0.0003869944482366,0.0004976193939551
1808,-0.0087945643120975,-0.0099053707546102,-0.0105680895834435,-0.0105106005873562,-0.0105934841189273,-0.0105127644582516,-0.0082917870672426,-0.005795379269742,-0.0052411149415935,-0.0048071943376236,-0.0046642899761262,-0.0050121285710174,-0.0045789960429,-0.0044633174460308,-0.0040773291435267,-0.003198511299986,-0.0029857131277667,-0.0032854121603439,-0.0035369252215087,-0.0033937532647486,-0.0036799939593634,-0.0035877287865446,-0.0030756842267774,-0.0032727526610482,-0.0035518372851895,-0.003340284044797,-0.0042355261347406,-0.0044273612983803,-0.0046490389871882,-0.0027104035785328,0.0013414059621887,0.0002367478060806,0.0003610664519667
1806,-0.0087315082119382,-0.009848275849614,-0.0105263410602385,-0.0104592443865749,-0.0105413868544246,-0.0104774298461043,-0.0082800073508606,-0.0057413607702484,-0.0052232293117148,-0.0047848749997142,-0.0046518432862143,-0.005043720241752,-0.0046145936480112,-0.0045091977821413,-0.0041505803882153,-0.0032767204041382,-0.0030575591981224,-0.0033110399787147,-0.0035323209271778,-0.0034407319392216,-0.0037164122440332,-0.0036249143301426,-0.0031075416140101,-0.0033393005547901,-0.0035927431786798,-0.0034031935549015,-0.0042980090334223,-0.0044768131639576,-0.0047049842619998,-0.0027553030590031,0.0013150201558768,0.0001507287264765,0.0002696615878806
1804,-0.0086475179532367,-0.0097948412273085,-0.0104853328189726,-0.0104175915505755,-0.010505328133761,-0.0104447697335888,-0.0082552167141649,-0.0056618649638627,-0.0051501060656195,-0.0046854008651548,-0.0045658791131781,-0.005003852304026,-0.0045745996126857,-0.0044454348126318,-0.0041233134087172,-0.0032318307095208,-0.002991654412031,-0.0032548032640454,-0.0034232758026068,-0.0033822923428861,-0.0036460829651376,-0.0035738791073495,-0.0030654763051065,-0.0033077782039302,-0.0035435652059344,-0.0033746014191475,-0.0042423739776121,-0.0044046520212642,-0.0046062465831779,-0.0026533297113085,0.0014474429416599,0.0002262802367129,0.0003329907737274
1802,-0.0086007875586886,-0.0097865288698143,-0.0104744692616831,-0.0104139046573211,-0.010517484103531,-0.0104395802513259,-0.0082398777424063,-0.0056215784112765,-0.0050881775122637,-0.0045894654985008,-0.0044818212383267,-0.0049326681056365,-0.0044936383243153,-0.0043206456380975,-0.0040257496433868,-0.0030982789698751,-0.0028416462079724,-0.0031693201982529,-0.0032870024385328,-0.0032655185846395,-0.0035278190350384,-0.0034763121901708,-0.0029904751359037,-0.003199031125335,-0.0034322073827531,-0.0032690609111551,-0.0040847162997147,-0.0042380760419564,-0.0043893145095107,-0.0024620249478856,0.001631793474604,0.0003961423108455,0.0005000480023685
1800,-0.0085728512604072,-0.0097713356152063,-0.0104487514655273,-0.0103913619116141,-0.0105084455401139,-0.0104010994341736,-0.0081848582355331,-0.0056115443814079,-0.0050469369312953,-0.004527613343532,-0.0044278980941803,-0.0048431871748032,-0.0043971591129673,-0.0041839574441093,-0.0038909412572553,-0.0029371431765077,-0.002676960649501,-0.0030812951313628,-0.0031800397208265,-0.0031460481669534,-0.0034230714511595,-0.0033779148008775,-0.0029093267875741,-0.003059435095983,-0.0032993161598819,-0.0031311306846865,-0.0038853315340692,-0.0040410498035387,-0.004160982821046,-0.0022689895835086,0.0017738501790399,0.0005533030734274,0.0006720574061399
1798,-0.0085175373114412,-0.0096963504097266,-0.0103733357001837,-0.0103160144476423,-0.01042796545034,-0.0102973791761956,-0.0080655043998492,-0.0055683574556219,-0.0049761824953397,-0.0044520344935712,-0.0043465733624334,-0.0047080964083972,-0.0042685151442389,-0.0040289978986993,-0.0037003345313343,-0.0027550185971911,-0.0024969827002587,-0.0029375940169192,-0.0030545748818516,-0.003001249287965,-0.0033016624637423,-0.0032568922885706,-0.0027867484626979,-0.002891763907506,-0.0031423614797594,-0.0029687781157445,-0.0036979571571223,-0.0038575347309166,-0.0039976207161809,-0.0020997315134715,0.0019185350470975,0.0006944860363683,0.0008401828572877
1796,-0.008463305137205,-0.0096271713720137,-0.0103163749255211,-0.010268317475764,-0.0103592891382477,-0.0102219341872236,-0.0079741371514728,-0.005511351921385,-0.0048947768171715,-0.0043650628156542,-0.0042315608059483,-0.0045624539720694,-0.004133138322615,-0.0038739190540325,-0.0034727810105774,-0.002561071657231,-0.0023025653589251,-0.0027347297671161,-0.0028839216350075,-0.0028179251239939,-0.0031387067181714,-0.0031035587687359,-0.0026229391366781,-0.0027125261044591,-0.0029781024653091,-0.0028029918832354,-0.0035641081853933,-0.003716921966124,-0.0039083337055986,-0.0019570717146463,0.0021054132367664,0.0008535712190696,0.0010260207430234
1794,-0.0084883770940428,-0.0096721411781037,-0.0103740838899515,-0.0103435249476014,-0.0104137035020505,-0.0102877962886953,-0.0080308850265894,-0.0055520783637123,-0.0049180256284183,-0.0043774717886666,-0.0042009021466587,-0.0045330333805961,-0.0041048444037966,-0.0038327065224282,-0.003351167968285,-0.0024703596123206,-0.0022082178013125,-0.002624436326677,-0.002799290141717,-0.0027177529942368,-0.0030525874597401,-0.0030300628375349,-0.0025423029230066,-0.00264055069283,-0.0029227388488523,-0.0027503141628334,-0.0035608597815134,-0.0036943959352498,-0.0039185846739918,-0.0019282380001428,0.0021901690044882,0.0009345045087887,0.001120696741939
1792,-0.0085967629026942,-0.0098115722238051,-0.0105179788532302,-0.0104937792679169,-0.01055530925778,-0.0104584075234483,-0.0082143686103697,-0.0057217306032661,-0.0050974191636896,-0.0045614638786544,-0.0043557222008506,-0.0046995899978292,-0.0042696214189891,-0.0040112844675639,-0.0035048494785562,-0.0026361137877448,-0.0023710698953252,-0.0027936643584664,-0.0029839353535815,-0.002877366852815,-0.0032207287537843,-0.0031945627083483,-0.0026978083547884,-0.0028157803609677,-0.0031046050033957,-0.0029393096738719,-0.0037580784940507,-0.0038720111559525,-0.00407570740235,-0.0021209504467963,0.0019800134765409,0.0007725530334989,0.0009471103182981
1790,-0.0086581300325826,-0.009863267776388,-0.0105678921897532,-0.0105297646302911,-0.0105937215793273,-0.0105320783247408,-0.0083128772546525,-0.0058351033499131,-0.0052550422999574,-0.0047536056023133,-0.0045581732498062,-0.0049026467892913,-0.0044859170362094,-0.0042746596213398,-0.0038322539707111,-0.0029636074469006,-0.0027020777942433,-0.0031381461712382,-0.0033395365445596,-0.0032126788250845,-0.0035553843737394,-0.0035119775314868,-0.0029966909147761,-0.0031264145805142,-0.0034042680438707,-0.0032454738139894,-0.0040378054316017,-0.004148875735168,-0.0043001521127558,-0.0024168361199677,0.0016193871465254,0.0004595010673523,0.0006026131358871
1788,-0.0085831836023336,-0.0097446716155717,-0.0104470678960912,-0.0103922883022172,-0.0104614687389821,-0.0104246246327878,-0.0082089252551288,-0.0057380118137274,-0.0052057393729618,-0.0047450283768043,-0.0045838348160253,-0.0049222544228195,-0.0045313394682259,-0.0043679874112726,-0.0040208508993826,-0.0031511801030619,-0.0029009716523595,-0.0033251888719781,-0.0035339745423634,-0.0034046433089702,-0.0037353725395498,-0.0036852620158275,-0.0031534697655795,-0.0032812387482758,-0.0035416034277982,-0.0033816819485003,-0.0041779912813434,-0.0043006525904501,-0.0044186306629634,-0.0025571240987013,0.0014721646071262,0.0003064893140715,0.000423949429497
1786,-0.008423299768835,-0.0095552152553082,-0.0102588087028897,-0.0101961664680369,-0.0102695663904065,-0.0102409703737665,-0.0080016278096303,-0.0055113826269357,-0.0049998118773119,-0.0045588069661959,-0.0044256249263021,-0.0047613028769401,-0.0043897671070657,-0.0042458698865812,-0.0039607818410573,-0.003085975708475,-0.0028482077602013,-0.0032363300107147,-0.0034420131023566,-0.0033230519523059,-0.0036365390296622,-0.0035973056568243,-0.0030642703862964,-0.0031917454833052,-0.0034416880265241,-0.0032741881334182,-0.0041187320460185,-0.004251183867976,-0.0043706525052995,-0.0024792882905074,0.0016151701201513,0.0004116658361037,0.0005234232181559
1784,-0.008259487381672,-0.0093959444780185,-0.01010901928716,-0.0100406399155263,-0.010115958026413,-0.0100809635440158,-0.0078184775786481,-0.0053148093158084,-0.0047907849798414,-0.0043445523489764,-0.0042206591023136,-0.0045490579103385,-0.0041783619117512,-0.004023465923408,-0.0037497555240998,-0.0028629770058148,-0.0026281687947827,-0.0029801177675323,-0.003168952137976,-0.0030646973382842,-0.0033654225288953,-0.0033428178730954,-0.0028208620910199,-0.0029639279404101,-0.0032135110831952,-0.0030398031748442,-0.0039265213607979,-0.0040578257083862,-0.0042046251335431,-0.0022845964513131,0.0018791535881893,0.0006387285969153,0.0007608282213392
1782,-0.0081373423718965,-0.0092927003292021,-0.0100236080247204,-0.0099472402910979,-0.0100195819081255,-0.0099711392384474,-0.0077139167558838,-0.0052392442000818,-0.0046850393890897,-0.0042215967754062,-0.0040937131874851,-0.0043937616646117,-0.0040091811798857,-0.0038313368813262,-0.0035315414711705,-0.0026363192046325,-0.0023905283031309,-0.0027268138527919,-0.0028974506030062,-0.0028058887339035,-0.003104198438397,-0.0030909798612907,-0.0025780581913635,-0.0027432204680709,-0.0029978204627763,-0.0028263114279886,-0.0036973698265815,-0.0038210740473884,-0.0040129072974413,-0.0020901415500714,0.0020898433646484,0.0008094943109269,0.0009466139279101
1780,-0.0080485994720454,-0.0092137060044371,-0.0099590481002295,-0.0098850561514199,-0.0099498734387729,-0.0098938508975663,-0.0076571799849046,-0.0052355921467985,-0.0046556014512497,-0.0041730413858507,-0.0040414283475666,-0.0042956722308244,-0.0038969201163706,-0.0037038230599161,-0.0033679755299399,-0.0024759961784042,-0.0022163926916491,-0.00255455576724,-0.0027291417111749,-0.0026428618016582,-0.002943568494701,-0.0029319783004427,-0.0024197240758024,-0.0025853651847583,-0.0028455623680389,-0.0026818459911072,-0.0035022197166147,-0.0036219430517898,-0.003868108111918,-0.0019353263700559,0.0022308440132148,0.0008945901067977,0.0010444427462917
1778,-0.0079613373731476,-0.0091395003934422,-0.0098897596570382,-0.0098398182147178,-0.0098991159047648,-0.0098477489653627,-0.0076090237666537,-0.0052069713767184,-0.0046084890340959,-0.0040955009328765,-0.003962909531294,-0.0041796133790609,-0.0037708716093259,-0.0035671589177209,-0.0032009382790471,-0.0023096664632097,-0.0020454746448632,-0.002386467503088,-0.0025924978689883,-0.0025036187627859,-0.0028038645883913,-0.0027948760704797,-0.0022848014299083,-0.0024235091250242,-0.0026923783709913,-0.0025314002923178,-0.0033462107747494,-0.0034638877290214,-0.0037588802559658,-0.0017793219520742,0.0024000414563088,0.0010225583088702,0.0011869188289438
1776,-0.0078817039957719,-0.0091012034079655,-0.0098608546176367,-0.0098465704913005,-0.0099111813965344,-0.0098709849262323,-0.0076004879383299,-0.005150623057506,-0.0045304218927502,-0.0039638867949969,-0.0038202214424503,-0.0040271106661656,-0.0036041973122856,-0.0033806988557102,-0.0029822555251611,-0.0020696689589299,-0.0018083572566602,-0.0021486945081547,-0.0023948030019086,-0.0022995403814645,-0.0025997721261022,-0.0025973411962357,-0.0020991655042396,-0.002209616463262,-0.0024963206727024,-0.0023252258684917,-0.0032261178611715,-0.0033326627963193,-0.0036499378241328,-0.0016133583747535,0.002609534897891,0.0012656965814375,0.0014508160172831
1774,-0.0078659228930245,-0.0091479536287226,-0.0099373165648766,-0.0099441069251102,-0.0100309539672305,-0.0099977242600072,-0.0077010797450095,-0.0051515618923295,-0.0045083687153558,-0.0038820700553038,-0.0037067093421966,-0.0039357252376728,-0.0034912772173128,-0.0032423805765602,-0.0027968843447714,-0.001845828927284,-0.0015881275992061,-0.0019292957378531,-0.0021981482601671,-0.002096596023034,-0.0024042292991573,-0.0024053665012626,-0.0019260579058178,-0.0020377341252454,-0.0023500197332659,-0.0021564016550878,-0.0032077126422739,-0.003293071081167,-0.0035858293717956,-0.0015395378145321,0.0027066996084987,0.001507085134243,0.0017115507131336
1772,-0.0079432155846592,-0.0092606282363016,-0.0100796786522557,-0.0100730782005697,-0.0101916647969539,-0.0101572892893924,-0.0078841920980981,-0.0052641873996238,-0.0046177174160729,-0.003976977743302,-0.0037662283347466,-0.0040385876863861,-0.003580563171365,-0.0033286588145736,-0.0028321538394606,-0.0018634714448862,-0.0016090036301851,-0.0019506186291783,-0.0022128624102429,-0.0021072462853293,-0.0024234807486138,-0.0024152883142353,-0.0019548936952372,-0.0020992287302396,-0.0024290257306032,-0.0022143318607393,-0.0033713573789164,-0.0034472016901835,-0.0036787523478643,-0.0016957898141052,0.0025025662709498,0.0014994587688926,0.0017048538813296
1770,-0.0080175487395264,-0.0093137244032944,-0.0101143611512246,-0.0100731320958946,-0.0102105635115103,-0.0101765470742721,-0.0079643886796433,-0.0053820965765635,-0.0047601673301857,-0.0041703463260168,-0.0039563843504808,-0.0042708342237638,-0.0038229856868925,-0.0036050767781482,-0.0030910606165058,-0.002149012781461,-0.0018971532200218,-0.0022327052293266,-0.0024764365111005,-0.0023724331191495,-0.0026840103651281,-0.0026568336270975,-0.0022115680619044,-0.0023812976860293,-0.0027066322497223,-0.002489948953393,-0.0036192807809613,-0.0037171873303533,-0.0039031928478122,-0.0020033914291333,0.0021027200462363,0.0012099661307385,0.0013979560754112
1768,-0.0079883406455755,-0.0092390085063002,-0.0099763601720296,-0.0099049320417145,-0.0100386355980773,-0.0100108332002296,-0.0078398214581684,-0.0053577780213291,-0.0047659163142766,-0.0042397910374404,-0.0040542622395368,-0.0043924300803654,-0.0039657871480259,-0.0037915022480215,-0.0033014688466125,-0.0023992544421506,-0.0021426850206657,-0.0024727864812361,-0.0027029058677091,-0.0026106808502018,-0.0029099960077669,-0.0028704684139908,-0.0024309940101969,-0.0025945814572889,-0.0029019351220383,-0.002700082641482,-0.0037275193834164,-0.0038625903390168,-0.0040477877806799,-0.0021852595157371,0.0018684671914446,0.0009416249544166,0.0011164399245791
1766,-0.0079005135736294,-0.0091159823942958,-0.0097951166611818,-0.0097045973924477,-0.0098227220122161,-0.0097948305227582,-0.0076204295031803,-0.0051957655917412,-0.0046222259999563,-0.0041241029794172,-0.0039651954619836,-0.004303245200042,-0.003886053957184,-0.0037361140368231,-0.0032758615750437,-0.0023929128344213,-0.0021226097594718,-0.0024598238853842,-0.0026746568587227,-0.0026020260624796,-0.0028987558604753,-0.002861633313454,-0.0024108997812025,-0.0025545075145179,-0.0028444315227033,-0.0026595182121523,-0.0036159384613021,-0.0037757011657548,-0.00398697164563,-0.0021072692422056,0.0019787267653361,0.0009241120179371,0.0011029227765209
1764,-0.0078639969099251,-0.0090610728276672,-0.0097173949608492,-0.0096173202164733,-0.0097200775458518,-0.0096735465019861,-0.0074655862241555,-0.0050120765108486,-0.0044464326258773,-0.0039370039947499,-0.0037833123407707,-0.0040997712297071,-0.0036734892822785,-0.0035225535253427,-0.0030677591147604,-0.0021787004427825,-0.0018951887567601,-0.0022546442432904,-0.0024455838906033,-0.0023898610868873,-0.0026969722063836,-0.0026710626247577,-0.0021927305922904,-0.0023283382493559,-0.0026064143912363,-0.0024325182345983,-0.0033803723162339,-0.0035416703536959,-0.0037841135887772,-0.0018601147236958,0.0023252003200319,0.0011272956977539,0.0013221907954929
1762,-0.0079231790304022,-0.009116200400837,-0.009778935981912,-0.0096781844006652,-0.0097709957452807,-0.0096898005021922,-0.007446593343244,-0.004918093641157,-0.0043577981494661,-0.0038182875650978,-0.0036578276026169,-0.0039438398432089,-0.0035004708407361,-0.0033305311390657,-0.002866168441949,-0.0019540168767669,-0.0016689266930353,-0.0020614488978651,-0.0022279233535942,-0.0021759289475438,-0.0024951402018902,-0.0024768423980183,-0.0019664868874025,-0.0021193627073182,-0.0023915615822072,-0.0022223891862418,-0.0031886979128796,-0.0033311817133444,-0.0035976576029998,-0.0016399482762088,0.0026435172200106,0.0013643328309598,0.0015753270720875
1760,-0.0079933867743788,-0.0091927803002702,-0.0098691733826967,-0.0097711763551739,-0.0098619975650577,-0.0097483950761029,-0.0074944310677209,-0.0049243235920366,-0.0043739648101671,-0.0038111495163943,-0.0036555513667624,-0.0039214458674377,-0.0034704257453174,-0.0032791541117746,-0.0028303110222866,-0.0018913250282191,-0.0016171687813839,-0.0020467330463111,-0.0022025649083706,-0.0021409769026901,-0.0024636802846844,-0.0024409660176004,-0.0019085006429737,-0.0021002895165295,-0.0023710512917709,-0.0022000003643176,-0.0031639521846336,-0.0032778627034923,-0.0035476026989791,-0.0015915166740629,0.0027076826672538,0.0014511930059668,0.0016677346466054
1758,-0.0079410574069056,-0.0091474286109026,-0.009832829487224,-0.0097337846573978,-0.0098329188772591,-0.0097053526397669,-0.007463602910834,-0.004916879214204,-0.004381462330496,-0.003815144029105,-0.0036800983783913,-0.0039409923876573,-0.0034969325585769,-0.0032990474273988,-0.0029053212302506,-0.0019532639585904,-0.0016927963790546,-0.0021545243435988,-0.0023139340545051,-0.0022411443526832,-0.0025629512972286,-0.0025293367787968,-0.0019887991662064,-0.002222011952642,-0.0024910125545663,-0.0023086524260408,-0.0032471680591236,-0.0033372182456244,-0.003581438418565,-0.001640095721081,0.0025935028730381,0.0014109442060713,0.0016225426379656
1756,-0.0077698534487927,-0.0089777772613637,-0.0096712259145481,-0.0095733320278969,-0.0096872353201967,-0.0095578467071979,-0.0073183666159041,-0.0048105711671464,-0.0042817907767403,-0.0037174351929956,-0.0035910841741017,-0.0038440608385161,-0.003405761523613,-0.0032137525276133,-0.0028726540963089,-0.0019261960271186,-0.0016755816257953,-0.0021592568375496,-0.0023203224393194,-0.0022424378109122,-0.0025705294812557,-0.0025327370448838,-0.0019925870771985,-0.0022543028672454,-0.002519079713406,-0.0023170092247845,-0.0032429146628742,-0.0033188640910882,-0.0035244072969449,-0.001564833413005,0.0026153035231466,0.0014669465739196,0.0016758099702128
1754,-0.0076053601060541,-0.0088173815209873,-0.009522475544835,-0.0094430350052061,-0.0095663042388491,-0.0094304048543133,-0.0071605637189773,-0.0046618056599279,-0.0041088749087022,-0.0035255173726571,-0.0033714211846245,-0.0035979269278967,-0.0031471188726741,-0.0029510697219787,-0.002617474076335,-0.0016787068094869,-0.0014338333491697,-0.0019303504464101,-0.0020802109145971,-0.0019981103390476,-0.002343209209321,-0.0023127584248051,-0.0017803984175819,-0.0020562118281307,-0.0023212226164872,-0.002098605159378,-0.0030345771985184,-0.0030980639453983,-0.0032770927005094,-0.0012633046403852,0.0029295293957017,0.0017620473432984,0.0019830536578195
1752,-0.00755007492829,-0.0087793887696219,-0.0095017748192893,-0.009461074795672,-0.0095756484397375,-0.0094234841409063,-0.0071032534467512,-0.0045890193833193,-0.0039662708550032,-0.0033312645022281,-0.0031179820703351,-0.0033010378087588,-0.0028189430636268,-0.0025897148177297,-0.0022142502626773,-0.0012653498725,-0.0010176703327137,-0.0015169354788282,-0.0016454523045145,-0.0015534709905675,-0.0019202804537579,-0.0019046239467885,-0.0013917472628458,-0.0016623698853425,-0.0019418751109173,-0.0017085598825547,-0.0026538417526716,-0.0027000337458458,-0.0028776818218467,-0.0008206790967551,0.0034184049938821,0.002221799670237,0.0024730316494735
1750,-0.0076083322724743,-0.0088607968139116,-0.0096100805600885,-0.0096033352306571,-0.0096933644526129,-0.0095285732944924,-0.0071796241783875,-0.0046478131410582,-0.003936155834829,-0.0032437822914251,-0.0029817339673196,-0.0031194550781191,-0.0026091973430886,-0.0023305740199456,-0.0018977178134394,-0.0009256310809,-0.0006599785291904,-0.0011451028707584,-0.0012546456171532,-0.0011520327341309,-0.0015306294963289,-0.0015286601037802,-0.0010413137591003,-0.0012734122141412,-0.0015761822065547,-0.0013494491224521,-0.002292709105725,-0.0023265210136271,-0.0025197943807104,-0.0004735562333924,0.0037838759499609,0.0025689526933944,0.0028557442566824
1748,-0.0076828962968426,-0.0089407681069484,-0.0097232476644935,-0.0097167273200446,-0.0097907895487505,-0.0096340739237852,-0.0072998368290915,-0.004744220826787,-0.0039920812141341,-0.0032857879780496,-0.0030277138580966,-0.0031332565574909,-0.002622906272018,-0.0023220803399783,-0.0018667138354431,-0.000892402705845,-0.0006034151190263,-0.0010619167019207,-0.0011655318189296,-0.0010645576997948,-0.0014322848980466,-0.001435192345434,-0.0009599328021151,-0.0011283728605131,-0.0014369156763743,-0.0012265171110714,-0.0021825081426301,-0.0022239181853409,-0.0024271457787877,-0.00041595734212,0.0038287303977281,0.0025846335024448,0.0028897550867378
1746,-0.0077240949962375,-0.0089686671482773,-0.0097748856481863,-0.0097505537843449,-0.0098264606729949,-0.0096937805739815,-0.0073872574241814,-0.0047847968613243,-0.0040551844207868,-0.0033764193999588,-0.0031564550164248,-0.0032499399089779,-0.0027590438645604,-0.0024697134136693,-0.0020397270390665,-0.0010935091066136,-0.0007951621501305,-0.00123431000857,-0.0013400223479226,-0.0012541594154494,-0.0015939690801528,-0.0015948162313419,-0.0011137312432268,-0.0012279453158987,-0.0015177349581485,-0.0013203913301782,-0.0023030089967093,-0.0023619856638926,-0.0025641906858667,-0.0005635941319514,0.0036777608813492,0.0023989732029807,0.0027015206642651
1744,-0.0077786237384773,-0.0090092548852754,-0.0098183344929027,-0.0097880890717813,-0.0098645040524836,-0.0097543038905184,-0.0074646425678815,-0.0048041358983958,-0.0041154580924629,-0.0034684315744051,-0.0032808522044381,-0.0033992012719376,-0.0029256823847995,-0.0026480693098212,-0.0022687311944924,-0.0013560687889741,-0.0010667370252841,-0.001500055123176,-0.0016081696215443,-0.0015405667798147,-0.0018486572606929,-0.0018463910910578,-0.0013567090396388,-0.0014422888736118,-0.0017112993084554,-0.0015242026180986,-0.0024945384629176,-0.002560784161665,-0.0027626084007188,-0.000766758720023,0.0034745605468237,0.002188919129238,0.0024782530967928
1742,-0.0078638795463371,-0.0090877002647435,-0.0098813643783603,-0.0098608867035578,-0.0099232352902342,-0.0098198702419603,-0.0075372620293847,-0.0048386293085613,-0.0041770993539285,-0.0035502623200792,-0.0033764110300207,-0.0035728567659317,-0.0031069398092725,-0.002824439058817,-0.0024881152755879,-0.0015992681790851,-0.0013318737443214,-0.0017575605080256,-0.0018709253898616,-0.001814725028035,-0.002096779963615,-0.0020927269098307,-0.0016052145749534,-0.0016822763743299,-0.0019455822498481,-0.0017714654878981,-0.002657769647983,-0.0027196521995321,-0.0029238266600653,-0.0009550042919217,0.003269423358663,0.0019946918939283,0.0022665149763723
1740,-0.0079284936649843,-0.0091510386604475,-0.0099261283756944,-0.0099184269648879,-0.0099618467985315,-0.0098446477028238,-0.0075549704651868,-0.0048518081682747,-0.0041986967659867,-0.0035822035833003,-0.0034066664175988,-0.0037077090309786,-0.0032394487571388,-0.0029461708824406,-0.0026145237407607,-0.0017441252729823,-0.0015039432554104,-0.0019040453173788,-0.0020320083463087,-0.0019764436008106,-0.002243353219469,-0.0022386094429487,-0.0017677271709169,-0.0018489673713815,-0.002116555278296,-0.0019562855999145,-0.0027264760463145,-0.0027880909844133,-0.0029868089733173,-0.0010420194379322,0.0031756978813393,0.0018851977054436,0.0021440241963178
1738,-0.0079489978287332,-0.0091781079547452,-0.009942971189555,-0.0099461029011379,-0.009979139645422,-0.0098352739689578,-0.007513240389013,-0.0048190282143203,-0.0041572481544542,-0.0035338396352284,-0.0033407872533123,-0.0037161369858325,-0.0032332726764387,-0.0029312022262217,-0.0025693178869933,-0.0017113623831389,-0.0014927605740026,-0.0018547423995845,-0.0020057167101634,-0.0019454405349025,-0.0022093009232621,-0.0022051333937029,-0.0017601059477915,-0.0018580106852076,-0.002127885827508,-0.0019759399243368,-0.0026585441899747,-0.0027319332202695,-0.0029105752549935,-0.0009528160650748,0.0033001454048211,0.0019803989377819,0.0022438035041695
1736,-0.007991300645814,-0.0092389260989068,-0.0099960562542938,-0.0100104860491378,-0.0100387296033268,-0.0098693635102546,-0.0074989716996923,-0.0047994384631815,-0.0041105001871815,-0.0034495044040735,-0.0032207664940064,-0.0036154704202984,-0.0031069541335304,-0.0027892878188484,-0.0024025615213967,-0.0015319937416889,-0.0013146614625755,-0.0016458373116811,-0.0018171225597347,-0.0017558236701739,-0.0020318343402148,-0.0020311059242736,-0.0016077691503286,-0.0017336652935795,-0.0020066283235777,-0.001853543753559,-0.0024854374587881,-0.0025725254960116,-0.002724618979689,-0.0007412520116133,0.0035506727926936,0.0022718279479749,0.0025607636383006
1734,-0.0081235050219464,-0.0093887798924666,-0.0101253084370464,-0.0101404114196566,-0.0101633763970785,-0.009982925404375,-0.0075872419665544,-0.0048624183868556,-0.0041470299630105,-0.0034410012622444,-0.0031796284880955,-0.0035679406558791,-0.003044963263684,-0.0027118818328327,-0.0023409701732991,-0.0014267212950936,-0.0011844861570247,-0.0015057295108045,-0.0016800226424729,-0.0016218509629745,-0.0019270841362793,-0.0019324088028275,-0.0015010549243945,-0.0016459081852726,-0.0019318363456144,-0.0017665277481606,-0.0023683180401391,-0.0024608499229887,-0.002604823996854,-0.000635959234836,0.0036177449502938,0.0024677230514611,0.002781020844271
1732,-0.0082520799664303,-0.0095081405252865,-0.0102103016403878,-0.0101984145893664,-0.0102264896160754,-0.0100521365101225,-0.0076733192609035,-0.0049367331948862,-0.0042373230910071,-0.0035480657221767,-0.003298026175012,-0.0037007673272406,-0.0032044032952266,-0.0028952845833871,-0.0025589329746905,-0.0016172770930372,-0.0013521515810826,-0.0016784471569244,-0.0018432513345662,-0.0017781689093303,-0.002109996927012,-0.0021172787150062,-0.0016389813498826,-0.0017682592032475,-0.0020650276331,-0.0018809023755115,-0.0024819921606524,-0.0025820184280763,-0.0027570732702908,-0.0008215923825365,0.0033386106103783,0.0022370527949904,0.0025392549583308
1730,-0.0082265443828434,-0.0094514529766275,-0.0101222301314491,-0.0100685692531812,-0.0101184707599198,-0.0099576410946885,-0.0075986154573818,-0.0048996910137266,-0.0042523018220372,-0.0036469569330502,-0.0034437515911837,-0.0038741367664726,-0.0034286347333008,-0.0031844446946924,-0.0028631318352209,-0.001942162678721,-0.00168307934953,-0.0020185676995744,-0.0021868446211484,-0.0020992355699904,-0.002432177795169,-0.0024311493083125,-0.0019037865960877,-0.0020035252138042,-0.0022919638018495,-0.0020935501001707,-0.0027209547201232,-0.0028417155336955,-0.0030671319534168,-0.0011197700553654,0.0030041499316898,0.0017791314391291,0.0020429374289409
1728,-0.0080568529454713,-0.0092503895674585,-0.009899581358312,-0.0098104202296808,-0.0098839143608178,-0.00974103449211,-0.0073856757478216,-0.0047679332132023,-0.0041659989464586,-0.0036507932051007,-0.0034907614593211,-0.0039284019525053,-0.0035228791173313,-0.0033412150361727,-0.0030316380052932,-0.00214566313588,-0.0019050434135581,-0.0022541401988977,-0.0024443158286428,-0.0023326829880333,-0.0026474104510981,-0.0026279434292506,-0.002079740843201,-0.0021715726693035,-0.0024415881127114,-0.0022400858340449,-0.0028912080663008,-0.0030352167074233,-0.0032977062456016,-0.0013093412839946,0.0028363281131886,0.0014544180237805,0.0016818026868224
1726,-0.0078300393821716,-0.0089988622026496,-0.0096355610221186,-0.0095232773948806,-0.0096093109729265,-0.0094903840226392,-0.0071417711622286,-0.0046150429848856,-0.0040335080500373,-0.0035765843104005,-0.0034407570230936,-0.0038592893929974,-0.0034716854145332,-0.0033205200848885,-0.0030418904129254,-0.0021728849450167,-0.001938884405674,-0.0023006497169655,-0.0025150929710958,-0.0023926049531642,-0.0026864973244228,-0.0026404810467379,-0.0021023027714368,-0.0022158263795948,-0.0024728928403496,-0.0022801483719114,-0.0029430110303486,-0.0030998244972133,-0.0033675639686336,-0.0013546323624718,0.0028091381798893,0.0013673852091894,0.0015690524978041
1724,-0.0076297488387881,-0.0087842766738624,-0.0094207363128949,-0.0093004888898591,-0.0093896076579781,-0.0092941204488247,-0.0069641030595483,-0.0044902877761609,-0.003906819742191,-0.0034666274598365,-0.0033362393554787,-0.0037234486814207,-0.0033344690746049,-0.0031765616502313,-0.0029346625669597,-0.0020628226774241,-0.0018174727696558,-0.0021760215967966,-0.002400514908144,-0.0022844631059715,-0.0025661234071158,-0.0024920544532443,-0.0019861425086717,-0.0021383159351472,-0.0023929714396978,-0.0022164471321639,-0.0028981327158041,-0.00305504810054,-0.0032906586525949,-0.0012732851757456,0.0028921839472497,0.0015014840917802,0.0016853749505038
1722,-0.0075071044675024,-0.0086712624807726,-0.0093259905200461,-0.0092194412083942,-0.009312429577994,-0.0092269801344785,-0.0069083710937335,-0.0044146169982992,-0.003807227715457,-0.0033401836058307,-0.0031921740894592,-0.00354569408321,-0.0031374264442126,-0.0029426686461663,-0.002711967392752,-0.0018290930973902,-0.0015618293514511,-0.0018965143186406,-0.002114666315642,-0.0020147981072482,-0.0022957991377191,-0.0022066371586375,-0.0017450008007499,-0.0019340405578206,-0.0021947411305734,-0.0020339381971394,-0.0027516226068934,-0.0028998482471117,-0.0030776275974769,-0.0010459463900688,0.0031467464807158,0.0018453927534218,0.0020204915381455
1720,-0.0074817654470243,-0.0086964696607377,-0.009394137368655,-0.009329385072387,-0.00943183181073,-0.0093334558430659,-0.0070008879479327,-0.0044166529400285,-0.0037499583119172,-0.0032034056600866,-0.0030000253621062,-0.0033120186449489,-0.0028586098215994,-0.0026013143881572,-0.0023432553462513,-0.0014430854495073,-0.0011464032888533,-0.0014527092928761,-0.0016583577633392,-0.0015755227086756,-0.0018651682713675,-0.001793765030283,-0.0013817403811337,-0.0015857429349294,-0.0018633262295546,-0.0017114725984334,-0.0024479543681046,-0.0025762952739832,-0.0026965423418111,-0.0006332905372649,0.0036364842623571,0.0023886996314248,0.0025753078829315
1718,-0.0075805793904334,-0.0088756770212637,-0.0096334242857215,-0.0096284360729066,-0.0097386528612927,-0.0096048905242877,-0.0072494010305178,-0.0045548691113322,-0.0037979563719237,-0.0031289913013773,-0.0028367611206123,-0.0031039856443037,-0.0025785009415977,-0.0022509691783504,-0.0019411774715938,-0.0010196519794868,-0.0006853255586259,-0.000979647086759,-0.0011741101950238,-0.0011088039494826,-0.0014091112206386,-0.0014002250025738,-0.0010293377939366,-0.0011950453752687,-0.0015046508256608,-0.0013516938191176,-0.0020334135106906,-0.0021240412666685,-0.0022256770873478,-0.0001587675003511,0.0041726741286515,0.002909599906966,0.0031408293879296
1716,-0.0077689537525206,-0.0090969461459499,-0.009882832903992,-0.0099070762588432,-0.0100145052583179,-0.0098466809508684,-0.0074938288982599,-0.0047705221116024,-0.0039733525091022,-0.0032383551347115,-0.0029030180804862,-0.0031703295102862,-0.0025964106804876,-0.0022589252936917,-0.0019055307909952,-0.0009939719357176,-0.0006411359541198,-0.0009311188518916,-0.0011131577895676,-0.0010684888769953,-0.0013640872792978,-0.0014220549326202,-0.0010521914922428,-0.0011214918039809,-0.0014567205177836,-0.0012927443332887,-0.0018912570148771,-0.0019483399786288,-0.0020933598654686,-8.04126080585497e-05,0.0041890094064341,0.0028616418578264,0.0031437156344025
1714,-0.0078779945960416,-0.0091557048898366,-0.0099089436836883,-0.0099093447329775,-0.0100095265875732,-0.0098344606653891,-0.0074842506761304,-0.0048270732319327,-0.0040842090133161,-0.0034068740273902,-0.0031256520240265,-0.0034487023580065,-0.0028941440775231,-0.0026267834398479,-0.0022550921899822,-0.0013996732531454,-0.0010771497881746,-0.0013437296966822,-0.0015136071606056,-0.0014848813233875,-0.0017578534242786,-0.0018267337721847,-0.0014211801377759,-0.001414956792098,-0.0017423726737392,-0.0015636752268497,-0.0021873074733807,-0.0022501813344908,-0.0024471077440161,-0.0004717277956559,0.0036858291713665,0.0023161330955247,0.0026038945672046
1712,-0.0078397790754364,-0.009057669682081,-0.0097639174600646,-0.0097307737116368,-0.0098217632228715,-0.0096526089273561,-0.007264973450624,-0.0046741636289921,-0.0039925781608356,-0.0034014008077666,-0.0031957791874668,-0.0035642942526868,-0.003050937660295,-0.0028559589753864,-0.0024811267582957,-0.0016782846501383,-0.0014079424831557,-0.0016469876276551,-0.0018140960754664,-0.0017916611687115,-0.0020448945681368,-0.0020899048451107,-0.0016523557368147,-0.0016363595431786,-0.0019434758990597,-0.0017521081992828,-0.0024872426381062,-0.0025784386501759,-0.0027887361846964,-0.0007939245647479,0.0033339676199461,0.0019728011640013,0.0022357579798594
1710,-0.0077030024180633,-0.0088967449200858,-0.0095816301425731,-0.0095327913413746,-0.0096060325142932,-0.0094359969607137,-0.0069834571110806,-0.0044127432492447,-0.0037363565594314,-0.0031782196188193,-0.0030088649971391,-0.0033719174576354,-0.0028768031214454,-0.0027099419186179,-0.0023383331543974,-0.0015497172765695,-0.0013176343476518,-0.0015530798197392,-0.0017284098189945,-0.0017064761858143,-0.0019561180266771,-0.0019805372193231,-0.0015305368040202,-0.0015493816992986,-0.0018491038409049,-0.0016499012373554,-0.0024875641481798,-0.0025990452869165,-0.0027936036573455,-0.0007615413698167,0.0034217382882099,0.0021031135085151,0.0023487782436422
1708,-0.0075262226076971,-0.008727614870139,-0.0094274313939624,-0.0093831139253189,-0.009431390121999,-0.0092455512424451,-0.0067368377432653,-0.0041415788908382,-0.0034189005782012,-0.0028279726647138,-0.0026487620298639,-0.0029590044459991,-0.0024517854078413,-0.0022709669260796,-0.0018973390265526,-0.0010865636429922,-0.0008590764854151,-0.0011245780619811,-0.0013108293087949,-0.0012869469391608,-0.0015520537274342,-0.0015668359345198,-0.0011223650181803,-0.0011947780206221,-0.0015002271158812,-0.0013011905225364,-0.0021864028351874,-0.0022962230865248,-0.0024688744586649,-0.0004159470012712,0.0038623199048016,0.002597624295229,0.0028518641818054
1706,-0.007361094129145,-0.0085802272807849,-0.0093196207312439,-0.0092955084449133,-0.0093253359108505,-0.0091137038040845,-0.0065821838823854,-0.0039417110093789,-0.0031658441206798,-0.0025096305055898,-0.002297113798946,-0.0025453124259578,-0.0020129125819567,-0.0018027872372873,-0.0014053038281396,-0.0005617911720709,-0.0003033173027714,-0.000616706226379,-0.0008038573132139,-0.0007756274857881,-0.0010696447128641,-0.0010759300053581,-0.0006485006127444,-0.0007753325875629,-0.0010809684088454,-0.0008910021265485,-0.0017822366422157,-0.0018705450027256,-0.0020336177671047,2.53296350608963e-05,0.0043956799553464,0.0031811106846504,0.0034643484392973
1704,-0.0072338385955455,-0.0084693919397632,-0.0092511829544165,-0.0092579418924197,-0.0092850430427193,-0.00905571764431,-0.0065226032486422,-0.0038418464988691,-0.0030399952069244,-0.0023293041168352,-0.0020818883532375,-0.0023002173204094,-0.0017490491938934,-0.0015141493597637,-0.0010704840730601,-0.00020274482897,0.0001039943239246,-0.0002420770388215,-0.0004169138284443,-0.0003796985535472,-0.0007052466178616,-0.0007002270289843,-0.0002934131188577,-0.0004688268864043,-0.0007571939515514,-0.000580461841413,-0.0014793995066349,-0.0015378944089649,-0.0017048376558384,0.0003657086574406,0.0047998549196498,0.0036450847551022,0.0039561596488062
1702,-0.0071667208529952,-0.0084319065943863,-0.0092510121900696,-0.0092938565212108,-0.0093234346747092,-0.0091014516973264,-0.0065618988902477,-0.00384600558127,-0.0030300499367041,-0.0022824778939788,-0.0019937644358616,-0.0022171271484796,-0.001651208710198,-0.0013835187732758,-0.0008944071823412,3.9755137190279e-07,0.0003483420185213,1.20497139298248e-05,-0.000150894432046,-9.92422397964805e-05,-0.0004481639456673,-0.0004437785072505,-5.67294310516758e-05,-0.0002742174850368,-0.0005452409863765,-0.0003804952834159,-0.0012921458881807,-0.0013206457072192,-0.0014883496970862,0.0005996039675329,0.0050490462068318,0.0039907933745154,0.0043183661012299
1700,-0.00721730439888,-0.0085344356165979,-0.0093836804739731,-0.0094528457712145,-0.0094771020929132,-0.0092858418207067,-0.0067457849663906,-0.0040027729953062,-0.0031662758690732,-0.0023867578885649,-0.0020487492999352,-0.0022943248604228,-0.0017096193085382,-0.0013906284869498,-0.000882554559735,4.85775797201837e-05,0.0004087468593801,0.0001314054814224,-3.7935062136546e-05,2.72342182120049e-05,-0.0003188673761033,-0.0003405009202456,3.13266670702513e-05,-0.0002086767238451,-0.0004897344631091,-0.0003339505196843,-0.0012048893010545,-0.0012114257889024,-0.0013672153083069,0.0007118710863073,0.0050932992714558,0.0041401586810391,0.0044804376884463
1698,-0.0073344909695572,-0.0086766304025188,-0.0095189564077082,-0.0095804635785121,-0.0096015615512661,-0.0094423679765139,-0.006950578871151,-0.0042518335424841,-0.0034327732266336,-0.0026531596639303,-0.0023076472607208,-0.0026047232317658,-0.0020231282483338,-0.0016821707413075,-0.0011943474513427,-0.0002573473894144,7.34199546232091e-05,-0.0001366691112006,-0.0003289658929657,-0.000264304283075,-0.0005674081740034,-0.0006172822870497,-0.0002455862731832,-0.0004702535654646,-0.0007779287231413,-0.0006243093440996,-0.00137090000552,-0.0013816707469974,-0.0015296482601451,0.0004903691590012,0.0047207329291177,0.0037846301187368,0.0041238893150988
1696,-0.0072639194684474,-0.0085503054063007,-0.0093303180247294,-0.0093530232968163,-0.0093851209827633,-0.0092471867717134,-0.0068436631889805,-0.0042944956112788,-0.0035614983792037,-0.0028438200260887,-0.0025637640521993,-0.0029546593712316,-0.0024232821852673,-0.0021312523150937,-0.0017001465517482,-0.0008053404214852,-0.0005215292058703,-0.0007248720146792,-0.0009325213673035,-0.0008826080516387,-0.001136631425528,-0.0011826881325316,-0.0007906228335933,-0.0009779870153478,-0.0012887774136753,-0.0011256110083945,-0.0017464520559202,-0.0017876598995612,-0.0019434481726061,2.84209539268966e-06,0.0040964645861344,0.0030770046212586,0.0033748076750714
1694,-0.0069322026791586,-0.0081232432435832,-0.0088302425443539,-0.0088151670797025,-0.0088583256889124,-0.0087394817420631,-0.006406342008187,-0.0040134457992604,-0.003370074055938,-0.0027335016094981,-0.0025328270112202,-0.0030177639790865,-0.0025492566062391,-0.0023267856195449,-0.0019696907687711,-0.0011145096826469,-0.0008599498926496,-0.0011163185865979,-0.0013224047665595,-0.0012851067731798,-0.0015292571272061,-0.0015515484773133,-0.0011319755264989,-0.0012894617442951,-0.0015831531244095,-0.0014048198330032,-0.0019668826571118,-0.0020374835835241,-0.0021977524902588,-0.000287803369695,0.0037669120029918,0.0026606411802129,0.002894534312294
1692,-0.0065161503975174,-0.0076390095948953,-0.0083077981870923,-0.0082749606486341,-0.008318883834842,-0.0082158453217381,-0.0059098315103078,-0.0035825278156801,-0.0029757176210899,-0.0023846915436474,-0.0022233141862957,-0.0027583848994275,-0.0023248026924067,-0.0021378162056899,-0.0018440121454132,-0.000995544351035,-0.000747262144907,-0.0010673086005157,-0.0012635502689247,-0.0012274301746614,-0.0015003992700438,-0.0015039833451827,-0.0010654547164484,-0.00120675802679,-0.0014902636303519,-0.0013014866910628,-0.0018558654829641,-0.0019399977347735,-0.0020922060182764,-0.0001618749176243,0.003950386893848,0.0028014172410438,0.0029937862607913
1690,-0.0061496710249923,-0.0072594648334704,-0.0079337692539108,-0.0079049359293343,-0.007945972876554,-0.0078417758373002,-0.0055251219650243,-0.0031581265073803,-0.0025312223954686,-0.0019311999757165,-0.0017624718162779,-0.0022954972843472,-0.0018584012529375,-0.0016625535922533,-0.0014007899859681,-0.0005355320620155,-0.0002803406847986,-0.0006428834692756,-0.0008282160539174,-0.0007845647942182,-0.0011013455789413,-0.0010991451540846,-0.000657930186804,-0.0007975254744051,-0.0010875114557126,-0.0008970068263908,-0.0014645969388557,-0.0015482480076223,-0.001692291507367,0.0003105376297129,0.0045457426271922,0.0033947983151578,0.003591629203679
1688,-0.0058187629755791,-0.0069705957606774,-0.0076805071285875,-0.0076732549533332,-0.0077171236268428,-0.007583585161276,-0.0052298423798185,-0.002758880993885,-0.0020671086594172,-0.001406484948186,-0.0011933230769073,-0.0016837908223294,-0.001209241573408,-0.0009658816585491,-0.0007019945776554,0.0001919950639411,0.0004605602080167,8.53294504433655e-05,-9.11868540312457e-05,-3.99288383590564e-05,-0.0003952664031887,-0.0004009007963169,2.45243777106969e-05,-0.0001367472932925,-0.0004474533850572,-0.0002615072013213,-0.0008454379995917,-0.0009164994933031,-0.0010685554560206,0.0010301384606646,0.0054121851850709,0.0042966101917452,0.0045395447261465
1686,-0.0054100773327312,-0.0066366825610672,-0.007383254984934,-0.0074038664731488,-0.0074564853269881,-0.0072730168263973,-0.0048707817600376,-0.0023131507174975,-0.0015254639718574,-0.0007789567684255,-0.0004967471404539,-0.000925587793179,-0.0003930128998032,-7.3171260646892e-05,0.0002071291581538,0.0011407795342459,0.0014259639937608,0.0010648447944381,0.0008941145894022,0.0009417477910138,0.0005662296991056,0.0005402995644027,0.0009367278855846,0.0007243604927022,0.0003835881153589,0.0005648577580344,-3.01275907982838e-05,-7.35469688340172e-05,-0.0002546450306567,0.0018968250850546,0.0063736418078392,0.0053141272770037,0.0056118739822425
1684,-0.0048552752952425,-0.0061290968970302,-0.0068725815325117,-0.0069028640857818,-0.0069603741575526,-0.0067484094613813,-0.0043129386622816,-0.0017827528083886,-0.0009215810830837,-0.0001396868731134,0.0001952212309344,-0.000197363268319,0.0003730534304535,0.0007541288032137,0.0010241005339407,0.0019879967892214,0.0022825612848461,0.0019421456488396,0.0017782809072177,0.0018071374175395,0.0014342449189876,0.0013923468000617,0.0017690243290975,0.0015046165929115,0.0011378087816599,0.0013181389791004,0.0007023576586586,0.0006907298349331,0.0004760883577287,0.0025807174325234,0.0070259257649672,0.0059649535718279,0.0062687543862339
1682,-0.0042259731724502,-0.0054787449489417,-0.0061777646093865,-0.0061898483606322,-0.0062487231842966,-0.0060541062089128,-0.0036171267175916,-0.0012090887282669,-0.000367383726952,0.0003544872051146,0.0006760001518248,0.0002527353897721,0.0008027179863205,0.0011727005341084,0.0013888675902322,0.002328117453103,0.0026129791460466,0.0022641501148639,0.0021133390516198,0.0021236359440521,0.0017616921946096,0.0017304591430108,0.0021158060583365,0.0018393608264972,0.0014678127048724,0.0016447118619868,0.000969234823309,0.0009600453358648,0.0007212035262173,0.0027616418178744,0.0071357080814242,0.005972282239824,0.0062263280544376
1680,-0.0035003980797398,-0.0047053073794344,-0.0053622200390233,-0.0053496834629266,-0.0054177031850441,-0.0052470194951037,-0.0028265179515808,-0.0005380877089998,0.0002197006986654,0.0008578785073834,0.0011234616314012,0.0006151221936443,0.0011147761839602,0.001427332624457,0.0015693162001062,0.0024378358968296,0.0027050313565615,0.0023117714976555,0.0021722788221922,0.0021733134119709,0.0018128496829396,0.0018036124729979,0.0022112001010724,0.001942125691883,0.0015807687764219,0.0017483535881566,0.0009921465139206,0.0009522207275222,0.0006859090115799,0.0027418415940931,0.0071261736310396,0.005855164068156,0.006059440842
1678,-0.0025731499144868,-0.0037410654176696,-0.0043811696171333,-0.004349867865941,-0.0044315817785422,-0.0042666337610047,-0.0018693373783416,0.0003131299863873,0.0009921153012119,0.0015873385905299,0.0018057047868391,0.0011804829183079,0.0016430864601604,0.0019083063245331,0.0019661870555333,0.0027651378022222,0.003024540666098,0.0025699049999827,0.0024281363790527,0.0024220854929762,0.0020469626129438,0.0020450612863106,0.0024721880774774,0.0021971538929538,0.0018448298464128,0.0020037568150349,0.0011915582380943,0.0011129579418306,0.0008126460255498,0.0029308340810001,0.007384350300733,0.0060655316272303,0.0062463178487765
1676,-0.0014592096671239,-0.0026099104151012,-0.0032616462939624,-0.0032195338156731,-0.0033053640860085,-0.0031351231154361,-0.0007599110977068,0.0012987790468266,0.0019484913691493,0.0025581986727025,0.0027674719450449,0.0020071227718787,0.0024689305535017,0.002728373474743,0.0026884822572943,0.0034548894704253,0.0037239684792209,0.0032080762715643,0.0030473701880301,0.0030329917893679,0.0026208172328586,0.0026057588911914,0.0030441458320297,0.0027409218653959,0.0023880084986198,0.0025463948023886,0.0017359099205798,0.0016328373777196,0.0013059801140484,0.0034669992519679,0.0079874858077289,0.006659865274557,0.0068484120389756
1674,-0.0002641469068068,-0.0014208608036845,-0.0021035690606216,-0.0020616682998979,-0.002132502217551,-0.0019582464847063,0.0004141855433657,0.0023136633577321,0.0029971420767206,0.0036668985265141,0.0039050317594228,0.0030175941889891,0.0035150797715,0.0038160181351051,0.0036497446967881,0.004435524774857,0.0047262911772297,0.0041451581060543,0.0039607423565351,0.0039448925588314,0.0034680441017433,0.0034341484950086,0.003871242551714,0.0035089108299835,0.0031454997162077,0.003314698288753,0.0025579342374323,0.0024562783107837,0.0021174560208393,0.0042690187303727,0.0088207077413112,0.0074685014611209,0.0076950426738482
1672,0.0009680249103923,-0.0002118809075212,-0.0009153979014666,-0.0008812703173534,-0.0009274844492556,-0.0007532620815533,0.0016478780992013,0.0033716230277806,0.0041117136213851,0.0048407229019982,0.0051046510583392,0.0041366110412202,0.0046699161596854,0.0050274096457898,0.0046791727678472,0.0055185953470564,0.005824694764027,0.0051373334945127,0.0049469348003233,0.0049496229139379,0.0043910116445497,0.00435349540817,0.0047789576491397,0.0043102092766042,0.0039356432778574,0.0041205334581671,0.0034013829544467,0.0033185241563588,0.0029655226527043,0.0050780139185288,0.0096318190434976,0.0082103250064448,0.008473247140478
1670,0.0021977956082308,0.0010024570558052,0.0003129685215937,0.0003468370517945,0.0003128740423008,0.0004885139870596,0.0029267864329055,0.0045146700195246,0.0052653358013037,0.0060017358985924,0.0062455589883131,0.0052561295535118,0.0057815093339275,0.0061588956629261,0.0055893777250463,0.0064758072369134,0.0067772754138799,0.0059300193422566,0.0057553460283586,0.0057955113219083,0.0051690396604865,0.0051411938104124,0.0055619928751647,0.004954306525759,0.0045802484275755,0.0047711968250779,0.0040052965545754,0.0039337510691249,0.0035508076609801,0.0056505363904208,0.0102065908580262,0.0087073717481952,0.0089545904273886
1668,0.0031762855408708,0.0019920656007328,0.0013341039137253,0.0013810866794239,0.0013439236311504,0.001524378937387,0.0039751289915797,0.0055020606213696,0.0062087692283127,0.0069055810233172,0.0071022764727718,0.0061211161407522,0.0066058960396356,0.0069571669562112,0.0062184323933581,0.0071223900549016,0.0074077432859274,0.0064208876066365,0.0062596756454419,0.0063387827466574,0.0056796114556562,0.005656279672068,0.0060933979885367,0.0053750968052184,0.0050152118612103,0.0051957813985601,0.0043302347377444,0.0042536796740511,0.0038476412095635,0.0059769008458483,0.010542932023946,0.0090015137979793,0.009184904045325
1666,0.0036493369372442,0.0024976840673081,0.0018610147698622,0.0019228265864665,0.0018846911348048,0.0020729379564633,0.004508463094179,0.0060242248854271,0.0066784069985748,0.0073271210463496,0.0074922410629267,0.0065205386525864,0.0069744546396002,0.0072848451562292,0.0065009599662115,0.0073936487798607,0.0076659917350145,0.0066435024247032,0.0064781922905424,0.0065861101331894,0.0059228743197439,0.0058990786092479,0.0063644255034452,0.0056095118721089,0.0052715732529958,0.0054313107275805,0.004488132096378,0.0044026377616466,0.0040010148117267,0.0061630745018556,0.0107289747758957,0.0091823861538374,0.0093043896624929
1664,0.0036617371145193,0.0025522270761591,0.0019270273150876,0.0019970670129055,0.0019731369596258,0.0021753688425157,0.0045817811917728,0.0060966890169921,0.0067202817667534,0.0073303437754434,0.0074858246710857,0.006522444055548,0.0069704606101904,0.0072507814437539,0.0065321593732964,0.0073881700146431,0.0076552572299461,0.0067093544114058,0.0065300157242685,0.0066537405896873,0.0060001748574707,0.0059835826848647,0.006467237892689,0.0057490108707208,0.0054348394925037,0.0055734201519819,0.00459510131152,0.0045060086790312,0.0041225262637118,0.0062817134634055,0.0108202182980227,0.0093043009004787,0.0093946632495856
1662,0.003524424918676,0.0024528961896538,0.0018426044195662,0.0019189619870878,0.0019189249361219,0.002140790490168,0.004521620361423,0.0060428056114817,0.0066602313286993,0.0072406388269963,0.007389889437641,0.006443083211544,0.0068953877092135,0.0071656900324462,0.0065492281215637,0.0073555862780002,0.007622067361375,0.0067982302913271,0.0066080963494048,0.0067312769307682,0.0060913406273105,0.0060882321746756,0.0065659302840907,0.0059214558164722,0.0056253122778746,0.0057514898168966,0.0047439111697785,0.0046560101180566,0.0042805903797968,0.0064074810580731,0.0108995667524179,0.0094588527440603,0.0095369800649259
1660,0.003516567404432,0.0024571864435316,0.0018603904178346,0.0019453377941275,0.0019598951045138,0.0021975733233619,0.0045778134295605,0.0061369281482765,0.0067674616726895,0.0073327858706425,0.0074743677251117,0.0065549835231939,0.0070066953028515,0.0072867365215481,0.0067495420068795,0.0075194035162804,0.0077848707897571,0.0070493124765324,0.006854679638019,0.0069607461486194,0.0063328004669946,0.0063334376991294,0.0067874842640457,0.0062031240947104,0.0059116493152637,0.0060371934938411,0.0049688483253522,0.0048861674113004,0.0045081470074818,0.0066196065628499,0.0110912707456128,0.0097526884782229,0.0098231022385877
1658,0.003667793179953,0.0025729072953346,0.0019666383834759,0.0020552211405371,0.0020607061034107,0.0023035087074455,0.0047189982429095,0.0063453529525559,0.007007699913726,0.007587737266934,0.0077375168675848,0.006850820406965,0.007299598830897,0.0076049245900207,0.0071301178809854,0.0078934011098785,0.0081558601217741,0.0074538914979399,0.0072558640329864,0.0073350064504519,0.0067137726466446,0.006699561938889,0.0071288210788629,0.0065589717100592,0.006257271443323,0.0063900376905508,0.0052386205049869,0.0051710216288845,0.0047938317600665,0.0069353772109663,0.0114541031712512,0.0102040719611813,0.0102755302609179
1656,0.003905016984448,0.0027144961066592,0.0020599156791782,0.0021380414992826,0.0021071706020834,0.0023476956224247,0.0048169649353801,0.0064830270740803,0.0071964089143297,0.0078339707757901,0.0080262647829691,0.0071757190990019,0.007629439639302,0.0079694795219791,0.0075757942212467,0.0083590573581371,0.00862236196737,0.0079210466895823,0.007717893527353,0.0077672850028263,0.007146099149831,0.0071006315009545,0.0075108624006504,0.006904212015792,0.0065804607025911,0.0067238403242937,0.0055206767751882,0.0054867276825254,0.0051129745061319,0.0073090910718826,0.0119357857445542,0.0107241601138246,0.0108139392718197
1654,0.004220965467906,0.0028972184296343,0.002163700880901,0.0022222911426403,0.0021364713157882,0.0023733875170893,0.0048566586926165,0.0064319858036709,0.0072020802796779,0.0079303273282884,0.0081967723286405,0.0073936436533779,0.007865850175881,0.0082325721341105,0.0079351464170163,0.0087473377619448,0.0090307119822824,0.0083131861871217,0.0081053558822676,0.0081284537079879,0.0075035522352932,0.0074153045722034,0.0078072987101984,0.0071330984943064,0.0067826498853656,0.0069369425811274,0.0057964538190014,0.0058123261925501,0.0054248640339177,0.0076416168408514,0.0123556983668629,0.0110892554314627,0.0112028216126841
1652,0.0046022268566123,0.0032152887685886,0.0024264082399757,0.0024789223565635,0.002357712070066,0.0025864627420799,0.004994335550119,0.0063299194012639,0.0071268751769949,0.0079130073851908,0.0082359470662574,0.007497149950892,0.0079953977051841,0.0083512770911266,0.0080819335812625,0.0089049071420169,0.0092352256700795,0.0084898331957063,0.0082797097790308,0.0082901497453536,0.0076661255119718,0.0075374915831481,0.007906980968043,0.0072001959438991,0.0068327407955695,0.0069941818189946,0.0060248248276384,0.0060721538309609,0.0056510772298205,0.007826998999457,0.0124959523102068,0.0110810096617587,0.0111931029718116
1650,0.0049481576249173,0.0036328346852722,0.0028499588806426,0.0029062563021998,0.0027997410067026,0.0030096980730443,0.00533885435567,0.0064730401305513,0.0072664189292511,0.008035460926579,0.008360814763544,0.0076892450504394,0.0082096703289919,0.0085279137877418,0.0081861694305741,0.0090020332981744,0.0093759964400097,0.0086069397467022,0.008393376787504,0.0084056410149047,0.0077876236858475,0.0076377217990425,0.0079885762370673,0.0073096003394666,0.0069342428524787,0.0070993659516406,0.0062035386338873,0.00624001578795,0.00580408387272,0.0079530957957057,0.0125277143356329,0.0110080861566411,0.0111058238347709
1648,0.0053114857418298,0.0041236914825155,0.0033827877735554,0.0034283170185975,0.0033679517269039,0.0035613771855936,0.0058806656003774,0.0069063896150079,0.007695411252489,0.0084220056219815,0.0087248537997652,0.0081067190039051,0.0086423552330299,0.0089272676506014,0.0084887780453509,0.0093017298889528,0.0096928251027196,0.0089119598926975,0.0086916950419722,0.0087104144883511,0.0080940452490084,0.0079395053998879,0.0082851942113572,0.0076312915204594,0.0072421517453745,0.0074126469498031,0.0064116506108542,0.0064214945570932,0.0059871491525252,0.0081482488386478,0.0127212601455271,0.0112298145790629,0.0113301933220211
1646,0.0058457245044088,0.0047888282665353,0.0041211799299521,0.004155406726818,0.0041559099643883,0.0043541092013145,0.0066863525831296,0.0076039756109094,0.0083753964849332,0.0090584016380745,0.0093232051245368,0.0087161034060267,0.0092518661638248,0.0095046089364824,0.0089682031433534,0.0097775154122183,0.0101613179806476,0.0093677497877814,0.0091404061889717,0.009167037563254,0.0085448760885775,0.0084015228218306,0.00875771143379,0.008099700884707,0.0076981897435546,0.0078752243789256,0.0066979446439293,0.0066800028257934,0.0062226913620823,0.0083844510816073,0.0130120407427425,0.0116346031528404,0.0117301990832495
1644,0.0065293788748655,0.0055728955267255,0.0049973066710288,0.005049621868712,0.0051041414665941,0.0053280762292543,0.0076579832559135,0.0084687122763279,0.0091937974794348,0.0098321814726508,0.0100428726123233,0.0093747298367361,0.0098913550784342,0.0101116883111672,0.0094708992280372,0.0102619832205622,0.0106206468522062,0.0098029781150402,0.0095717073495447,0.009606276381951,0.0089712256626729,0.0088572001819843,0.0092316967324264,0.0085611078878929,0.0081690542433544,0.0083473019279001,0.0070557986295322,0.0070095346698111,0.0064991630020555,0.008653650823992,0.0133063071994028,0.012021200035417,0.0120757968124013
1642,0.0072227596369092,0.0062958034909104,0.0057796412137627,0.0058685204005003,0.0059426998673345,0.0061898777262518,0.0085274586563088,0.0092959412669652,0.0099768252186368,0.0105907020500769,0.0107627268009716,0.0099866400763358,0.0104847468526714,0.0106919507239595,0.0099590111818159,0.0107275342536091,0.0110567808422333,0.0102060560169549,0.0099761352307624,0.0100149605808832,0.0093557679032676,0.0092783666937533,0.0096640544149666,0.008979899544742,0.0086165875507378,0.0087899529484233,0.0074892156806118,0.0074253830891322,0.0068666967289907,0.009054238334533,0.0137104215686995,0.0124357118895439,0.0124405859330607
1640,0.0079555449068866,0.0069821558660226,0.0064634866976854,0.0065743300990691,0.0066294966175003,0.0068818345085545,0.0092604616867008,0.0100462637360928,0.0107204715046004,0.0113487362934351,0.0115287706429351,0.0106396657275925,0.0111407652124833,0.0113683424163609,0.0105610685367417,0.0113250792042436,0.0116318029801196,0.0107373829470373,0.0105174851443205,0.0105560523242077,0.0098533326244,0.0098073731259963,0.0101926941474698,0.009472191531232,0.0091381459271881,0.0093069985696808,0.0080537732988688,0.0079950314942885,0.0074082199851457,0.0096668087523773,0.0143523988034439,0.0130523208081734,0.0130416436595133
1638,0.008871741742301,0.0078014190115563,0.0072291004215195,0.0073372645907553,0.0073469006043812,0.0075853883275042,0.0100081777136739,0.0108084051782367,0.0115148695249101,0.0121868528215455,0.012426068545334,0.0114250380813091,0.0119513309364322,0.0122307326585394,0.0113430450750508,0.0121339528016004,0.0124298169848515,0.0114615973157965,0.0112680848934137,0.0113049915861933,0.0105355140474996,0.0105094147059314,0.0108912615578094,0.0100948286624341,0.0097823882252138,0.0099503389717786,0.0087559599128093,0.0087254783370049,0.008118126204506,0.0104185337516359,0.0151404718580016,0.0138578219568127,0.0138796091144681
1636,0.0098798593787783,0.0087389635812078,0.0081159740253046,0.0082241698714069,0.0081938692248051,0.0084072471746266,0.0107994256519055,0.0115309150986479,0.012260223858068,0.0129476795558258,0.0132487013690708,0.0121324479506019,0.0126750523639149,0.0130037805805855,0.0120050002476314,0.0128399176406119,0.01313881521437,0.0120522359238018,0.0118992131910241,0.011940061602333,0.0111084683715217,0.0110851496782736,0.011476808529446,0.0106000176007201,0.0103054730183048,0.0104692952523608,0.0093046191909959,0.0093026764942982,0.0086681300157244,0.0109035463839736,0.0155629562214723,0.0143737520378971,0.0144437424793664
1634,0.0105237268497943,0.0094202349080638,0.0088136132967126,0.0089577903962181,0.0089327845645419,0.0091307623628852,0.0114267199191121,0.0120155863594777,0.0126986620066469,0.0133242160356772,0.0136040481647954,0.0123960908328646,0.0129087370990598,0.013231473809526,0.0121237686815151,0.0129688185048706,0.0132758221617717,0.0120798365324159,0.011947179494783,0.0120008024218975,0.0111630411203468,0.0111340839890514,0.0115488943966131,0.0106648061536629,0.0103872630767134,0.0105363671846435,0.0093444662364295,0.009337564267683,0.008673406008428,0.0108120135430729,0.0153044698691341,0.0141827922905128,0.0142462978014264
1632,0.0108345001113824,0.0097981509753654,0.0092310080976251,0.0094131348495704,0.0094145657280828,0.0096124679197505,0.0118758081151592,0.0123572473208388,0.0129751944425286,0.0135330227384273,0.0137448598208424,0.0124848854583464,0.0129548755720761,0.013244114464665,0.0120718183968262,0.012895825012292,0.0132056643689945,0.0119561002741936,0.0118115948829081,0.0118788062242698,0.0110627335072726,0.0110373609732084,0.0114638665805571,0.0106133319414528,0.0103445109974534,0.0104803431219286,0.0092573225916021,0.0092332609428524,0.0085467227755527,0.0106847376924983,0.0150780446006269,0.0139368594942098,0.0139518401275921
1630,0.0111155351986708,0.0100970177861891,0.009536062472371,0.0097245069363852,0.009739103974343,0.0099404525241105,0.012255236205176,0.0126806614969939,0.0132765250879052,0.0138141901721462,0.0139868742853138,0.012697334235424,0.0131509721334074,0.0134241806739823,0.0122150611726092,0.0130295703275791,0.0133406353323376,0.0120659357399133,0.0119001574196327,0.0119770015568053,0.0111628490999755,0.0111482558970643,0.0115700775380136,0.0107282721213085,0.010456261265801,0.0105916136379304,0.0093867462371063,0.0093625020660895,0.0086601504153191,0.0108423206414495,0.0152293072845497,0.0140700262149691,0.0140471508267968
1628,0.0113389424783295,0.0102975551052166,0.0097116134453156,0.0098799010646991,0.0098918190336981,0.0100950636072204,0.0124946212187911,0.0128725037297978,0.013497149773405,0.0140514497759964,0.0142282120990333,0.0129166693766599,0.0133863865345686,0.0136598787096567,0.0124176679640422,0.0132479660608423,0.0135624599024058,0.012267239852925,0.0120855335275769,0.0121662937524515,0.0113253335106522,0.0113209415187746,0.0117327226245247,0.0108696415205118,0.0105843046336657,0.0107316885039526,0.0096030445918949,0.0095884981982976,0.0088847499459914,0.0110663235190378,0.0154711196507365,0.0143690461540608,0.0143361743790806
1626,0.0114777592087553,0.0104121757838391,0.0098003275880906,0.0099477294958592,0.0099501386511166,0.0101523319535996,0.0126135380111926,0.0128960253901058,0.0135710963391308,0.0141497664007939,0.0143498539952866,0.0130000641465456,0.0135052706270375,0.013775406336569,0.012468750487814,0.0133241266908834,0.0136405898250788,0.012309360420904,0.0121253565946394,0.0122016996419739,0.0113085554026224,0.0113128427062487,0.0117233289310896,0.0108226816481623,0.0105208866426185,0.0106812025368316,0.0096398805951593,0.0096206218295418,0.0089391928155646,0.0110665273030821,0.015475464773782,0.0144935906159536,0.0144752414670686
1624,0.0118716039403339,0.0107987461977852,0.0101813105367895,0.010325497114913,0.0103199650891228,0.0105162962355426,0.0129883797864016,0.0130899146184276,0.0137870568849868,0.0143790400514813,0.0145856581093584,0.0131540646123818,0.0136868741360307,0.0139441983838841,0.0124984073192929,0.0133627142792949,0.0136745808687704,0.0122599309157931,0.0120885204443933,0.0121553004737337,0.0111882922771567,0.0112060562597179,0.0116260038190713,0.0106672241483502,0.0103532324591467,0.0105140569716976,0.0094787967594669,0.0094370507940428,0.0087802554148419,0.0108848874165971,0.01531702728696,0.0144098785853578,0.0144096828594499
1622,0.0127953218980822,0.0117091317778665,0.0110927154250909,0.0112343393829593,0.0112242172407104,0.0114098427763636,0.0138609154297219,0.0137064694553287,0.0143877513231786,0.0149903836068779,0.0151838416044148,0.0136360694351898,0.0141779057695452,0.0144286630244539,0.0127667896792628,0.0136244434663938,0.0139282459651986,0.0123687622034297,0.0122147677733847,0.012275027973692,0.0112139059567386,0.0112501000107254,0.0116736847417387,0.0106198052852678,0.0102955877747246,0.0104495879065265,0.0093077984197131,0.0092526238811093,0.0085878026786359,0.0107389796050593,0.0152406983507066,0.0142957806347997,0.0142962802913359
1620,0.0140983842862031,0.0129864352336967,0.0123663726432707,0.0124851073019272,0.012474050430191,0.0126475279729,0.0150618483722695,0.0145753008999218,0.0152293221668996,0.015844219237896,0.0160241845280288,0.0143499459361164,0.0148889790751029,0.0151440942106961,0.0132154686722185,0.0140642000015688,0.01436004132253,0.0126043795249925,0.0124602367492696,0.0125212514226196,0.0113502892477731,0.0113973882364142,0.0118062076129219,0.0106230448217049,0.0102887332693734,0.0104401760868568,0.0091141912454595,0.0090665977294995,0.008347762745509,0.0105545286445693,0.0151276075972623,0.0140568252065822,0.0140340659743479
1618,0.0155446776285599,0.0144321876741148,0.013819688761386,0.0139020750528029,0.0138933666471602,0.014060516179238,0.0164283075895568,0.0154908756794107,0.0161224721134007,0.0167324937729889,0.0169047651178049,0.0150870369862579,0.0156103671437578,0.01586441873529,0.0136385049127253,0.0144778818055367,0.0147630536454803,0.0127808031246753,0.0126308786662492,0.0127007551752552,0.0114178173634249,0.0114541310753619,0.0118363202910577,0.0105147029798368,0.010178590833,0.0103300020151792,0.0088139075244709,0.0087774355397685,0.0079560185914011,0.010169584496067,0.0147577660814867,0.0135215309783788,0.0134544317545101
1616,0.0170926248350667,0.0160299624351278,0.0154525186702362,0.0155094236625841,0.015500295813793,0.015672147976949,0.0179995852238888,0.016488869151368,0.0170976269577726,0.0176716578320392,0.0178343839281155,0.0158292370698896,0.0163179920494258,0.0165530228633444,0.0140101980244582,0.0148381839018977,0.0151081172034302,0.01290033752408,0.0127336889277736,0.0128183543753608,0.0114345037944963,0.0114403003949794,0.0118061090873474,0.0103579917819689,0.0100330134570673,0.0101752464126319,0.0085671998671239,0.008525441138342,0.0075639843448296,0.0097515413011348,0.014315479005968,0.0129279913331609,0.0128051895397319
1614,0.0186413548403012,0.0176374945150039,0.0171093354331294,0.0171557186000424,0.0171410358897763,0.0173242283049314,0.0196219020709766,0.0175303064629797,0.01810984543275,0.0186340258332671,0.0187848986351306,0.0165768043374658,0.0170202080707814,0.0172301782545495,0.0143808332400869,0.0151985652387636,0.0154542522942047,0.0130609511785271,0.0128787429822513,0.0129784763030542,0.0115113954240657,0.0114823644136573,0.0118520297974616,0.0102916269952975,0.0099786647061812,0.0101033570148035,0.0085248075195876,0.0084675188834948,0.00736664994822,0.0095413591326787,0.0141077283086609,0.0126099862430773,0.012426460460586
1612,0.0196938687067493,0.0187112759188493,0.0182243556220587,0.0182630568415041,0.018247607257566,0.0184433469398775,0.0207145376517034,0.018208941813157,0.0187629262918747,0.0192460475208905,0.0193912965026803,0.0170587100923761,0.0174641712634578,0.0176576938218875,0.0145888988490279,0.015394660781102,0.0156395223089965,0.0131511902344917,0.0129551160609686,0.0130642597007772,0.0115502418072979,0.0114898266981482,0.0118741390465168,0.0102302316822131,0.0099183397196686,0.0100313849617603,0.0085153584719107,0.0084438599279027,0.0072510402021855,0.0094313812368135,0.0140300325131582,0.0124579631758528,0.0122109205076733
1610,0.0197831151903424,0.0187856035233961,0.0183196319859652,0.0183545267383157,0.0183522024585707,0.0185621107079055,0.0208265532876773,0.018194406692941,0.0187395406577984,0.0192006866731685,0.0193481412981497,0.0170371999887985,0.0174266972823844,0.017613885257453,0.0144809542528596,0.015265077886237,0.0154947191171964,0.0130340609048307,0.0128202684933898,0.0129293303454344,0.011423781441471,0.0113405444753034,0.0117410222632038,0.0100638280833723,0.0097418243003948,0.009858024006158,0.0083459992515437,0.0082573255768481,0.0070426675630797,0.0092380701473236,0.0138588635114054,0.0122467917604462,0.0119460248340516
1608,0.0191343478558573,0.0181153813201046,0.0176462036109248,0.0176917084584038,0.0177098809604756,0.0179357061225387,0.0202419403589268,0.0177280400669046,0.0182792511208912,0.0187399948590808,0.0188883545677528,0.0167058788308286,0.0171032097017506,0.0172920265159659,0.0142142372302303,0.0149698332566972,0.01517181937866,0.0128157448789828,0.0125839927268657,0.0126836287592281,0.011224159996734,0.0111373745330185,0.0115524625370338,0.0098754506351856,0.0095374159541318,0.0096663191513893,0.0080843747914599,0.0079703108836346,0.006775606420728,0.0089964829683024,0.0136188803604725,0.0120004765779914,0.0116732558897885
1606,0.018405567089824,0.0173791651966961,0.0168906358862993,0.0169620461395445,0.0169913788056406,0.0172261094208119,0.0196121738337517,0.0173046341549822,0.0178620587769289,0.0183361147520655,0.0184748573003768,0.0164241883463168,0.016839355595502,0.0170383463948792,0.0140318951982929,0.0147671403029288,0.0149351353746151,0.0126703290836648,0.012432661882097,0.0125171399819509,0.0111015313347507,0.0110352890548738,0.0114614459881324,0.0097804183700066,0.0094265022244321,0.0095633358138202,0.0078954860715469,0.0077569735441444,0.0065742897506224,0.0088202600366585,0.0134457145412761,0.0118379877048342,0.0115138167893921
1604,0.0177396352672887,0.0167169380291164,0.0162123833973701,0.0163127819943869,0.0163361430504663,0.016556628876789,0.0190042815322436,0.016925091970443,0.0174813414616734,0.0179649142893455,0.0180840575488581,0.0161273979071565,0.0165524397628807,0.0167675849703674,0.0138345359209651,0.0145652556332202,0.0147131274257937,0.0125040925173142,0.0122793071862538,0.0123474465644095,0.0109679210336178,0.0109348070306633,0.0113656628324761,0.0096887921906815,0.0093275040274707,0.0094569042030615,0.0077369963231875,0.0075881704250671,0.0064107051778281,0.0086542552044206,0.0132910987809009,0.0116915933536488,0.0113883171049886
1602,0.0167029502751157,0.015680492622636,0.015176943497436,0.0152953120540015,0.0153039146767819,0.0154812615507856,0.0179328393447679,0.0161621159707943,0.0167184336232278,0.017198315892698,0.0172968373394168,0.0154389780765529,0.0158602551330989,0.0160880044432288,0.0133165418933638,0.0140480333478875,0.0142050542330244,0.0120724229925888,0.0118714332535366,0.0119285501666813,0.0106038650190024,0.0105972999521639,0.0110273763699135,0.0094185835842645,0.0090659492471237,0.0091752980092111,0.0074194506405949,0.0072719466099484,0.0061459521248643,0.0083544404838982,0.0129943340821909,0.0113975710642944,0.0111265863921472
1600,0.0151748578573126,0.0141388472680594,0.0136439277473763,0.013764082366572,0.0137616700436812,0.013887882606616,0.0163106915078475,0.0149313164193425,0.015496822838535,0.015973203094652,0.0160596348260809,0.0143288815337291,0.0147433203645625,0.014973743385446,0.0124704428412591,0.0131968268677852,0.0133855477187887,0.0113749800242882,0.0111946364807659,0.011253419723407,0.0100028630982256,0.0100081693040283,0.0104373088738423,0.0089671967785179,0.0086355274118114,0.0087259007687198,0.0069136728882338,0.006764571033941,0.0057555656411474,0.0079277276335339,0.0125597802738375,0.0109645162208702,0.0107404973463315
1598,0.0135115001388886,0.0124516898801368,0.0119563378594803,0.0120676720373507,0.0120635930116952,0.0121654700938231,0.0145696430854011,0.0135617532403438,0.0141387077960527,0.0146276975065015,0.0147172267276554,0.0131042036661719,0.0135204991114594,0.0137474653513878,0.0115275382003509,0.0122469268364244,0.0124721666895279,0.0105916869436931,0.0104224359702937,0.0104951438321719,0.0093133379876325,0.0093205782151457,0.0097488444327252,0.0084348899787256,0.0081247124166635,0.008208340028994,0.006342665935782,0.0061864430076196,0.0053170105198749,0.0074736072375428,0.0121005992115028,0.0105046821570824,0.0103415946429343
1596,0.0118487447924992,0.0107794917550595,0.0102803042103048,0.010385687557561,0.0103935319162184,0.0105250656721655,0.0129251496232297,0.0121941055544167,0.0127760825822561,0.0132812256941997,0.0133944426649393,0.01186341897903,0.0122895146585077,0.0125099744758887,0.0105237328572092,0.0112367092075272,0.0114922366635636,0.0097375727914606,0.0095682141270018,0.009651727033323,0.0085422836757306,0.0085427921852116,0.0089604438620337,0.0077876521042945,0.0074947077732424,0.0075852980833378,0.0057309088044654,0.0055760939244197,0.0048276203711171,0.0069805137891526,0.0115988905250665,0.0100169515190102,0.0099141628908172
1594,0.0099948584408887,0.008972898059132,0.0084922128174828,0.0086104235270561,0.0086509364644077,0.008871967240905,0.0112707218376571,0.0107399558393824,0.0113273923245762,0.0118170576349844,0.0119710457589444,0.0105181940420134,0.0109516805921205,0.0111553806645062,0.0093711391851552,0.0100581297200691,0.010329312557857,0.0087395657515374,0.0085531572436849,0.0086206944210152,0.0076298962236655,0.0076092487874582,0.0079983471768304,0.0069540651844692,0.0066775686413705,0.0067838097875602,0.0050171265215385,0.004878701009271,0.0042265385584351,0.0063855070853602,0.0109717049820572,0.0094686377035208,0.0094025579657652
1592,0.0080126470588147,0.0071108522985111,0.0066775418527021,0.0068270069907277,0.0069215536769857,0.0072671635711422,0.0096811458423429,0.0093307859852189,0.0099368823372059,0.0103745165786854,0.0105647335523487,0.009224592793487,0.0096598924346301,0.009829325158921,0.0082394627380922,0.0088591265053937,0.0091215738635671,0.007746987958299,0.0075223988275693,0.0075444505442293,0.0067136824947666,0.0066611412174512,0.00701325225034,0.00606831507009,0.0058032274491974,0.005928034661064,0.0042693505553982,0.0041404216114615,0.0035633118913686,0.0057600256626717,0.0103090151472091,0.0089624281681121,0.0089041366825805
1590,0.0062290348846942,0.0054780552839285,0.0050972237376176,0.0052729578983758,0.0054367864340412,0.0059055711953256,0.0083592839582525,0.0081999986922032,0.008827047447414,0.0092205688156823,0.0094212456993322,0.0082094123207305,0.0086511260118576,0.0087747786424292,0.0073564828872942,0.0078847714335211,0.0081164618422982,0.0069454139645729,0.0066689055552135,0.0066460051241305,0.005950572866938,0.0058722253342069,0.0061943133834814,0.0052981735168518,0.0050240970048893,0.0051668702900979,0.0036290352265694,0.0034791889209462,0.0029519793205474,0.0052123813729547,0.0097597033806977,0.0085531393699779,0.0084980306894731
1588,0.0047231714493759,0.0040893858042851,0.0037520689461944,0.0039296089326795,0.0041702885837574,0.004723955686272,0.0072013039115303,0.007257750724089,0.0078798978125284,0.0082708066326739,0.0084538745927609,0.0073500562618821,0.0078049598018747,0.0078839785503967,0.0066178216365241,0.0070753445786598,0.0072740624191854,0.0062471463405817,0.0059226782880858,0.005884548086402,0.0052666408299019,0.005178748432383,0.005479939325224,0.0046233861677564,0.004317658213851,0.0044716025517972,0.0031239374112721,0.0029348626480352,0.0024424362369819,0.0047428372596463,0.0093134905946833,0.008119353149494,0.0080854951040371
1586,0.0034742495481248,0.0028774434260568,0.0025751235894723,0.0027352345759807,0.0030357082428396,0.0035990244118491,0.0060497694175384,0.0063436252036937,0.0069320547237071,0.0073494790108098,0.0074990112628623,0.0064842611746496,0.0069424895547334,0.0069906495636894,0.0058810060792608,0.0063182582955245,0.0065032262318813,0.0055687014828549,0.0052219151727452,0.0051974978417335,0.0046269144538661,0.0045390037564639,0.004826870749508,0.0040642690167573,0.0037284358927069,0.0038808665107181,0.0027629980208978,0.0025536671344783,0.0021020265534921,0.0043979814092603,0.0089745656356892,0.007683259398321,0.0076845451257578
1584,0.002602776857086,0.0019640933062345,0.0016754648739361,0.001816787897361,0.0021275729779149,0.0026346835936901,0.0050469276899767,0.0055661560840675,0.006127128009538,0.0065752013459532,0.0066931314622196,0.0057721435969156,0.0062150278840248,0.0062552536910671,0.0052943233907181,0.005750989339904,0.0059413147497672,0.0050752077941035,0.0047382170028597,0.0047310625623202,0.0042064482632593,0.0041148452374211,0.0044004812288443,0.003760438989429,0.0034177024600464,0.0035645064704439,0.0026076467587098,0.0024139064177106,0.0020060778642076,0.0042961509442094,0.0088699700677001,0.007507758043332,0.0075387668062741
1582,0.0020945765727563,0.001365301971116,0.0010493115802585,0.0011747325640979,0.0014413262107802,0.0018789145923945,0.0042869195702497,0.0050075551964624,0.0055738096191426,0.0060569918108191,0.0061593066498279,0.0053441313299143,0.0057690221634665,0.0058268104182835,0.0049881965590726,0.0054804103364274,0.0056801008582363,0.0048762867167824,0.0045671104216447,0.0045642066259957,0.0040806176171711,0.0039786566352309,0.0042728154155821,0.0037078072288527,0.0033749000658574,0.0035259295825592,0.0026498623429852,0.002491310498137,0.0021130141630077,0.0044202551110636,0.0090200097895645,0.0076760602942863,0.0077253564927637
1580,0.0017210060801426,0.000871190143204,0.0004826405546262,0.0005889394732219,0.0007752671533805,0.0011612264154268,0.0035858141923978,0.004514368053613,0.0051136517969486,0.0056433624091465,0.0057557115883439,0.0050436054768461,0.0054678456465668,0.0055684685198114,0.0048487018937487,0.0053883162264646,0.0055947912345136,0.0048572324748523,0.0045797180771389,0.004572149568285,0.0041155529453192,0.0040046198219455,0.0043122866040877,0.0037575681056614,0.0034395018612393,0.0036031407347595,0.0027837498509668,0.0026615658924712,0.0023033269906239,0.0046143635992293,0.009253150293857,0.0079652508401805,0.0080306788712538
1578,0.0012829669262015,0.0003104183327107,-0.0001720442098634,-8.61891229972784e-05,1.75007331736255e-05,0.0003634466104404,0.0027832212312516,0.0039456699091335,0.0045814581846169,0.0051529793529993,0.0053021781066724,0.004659243767808,0.0051061431385424,0.0052667934657741,0.0046919505888927,0.0052910411824339,0.0055042799326764,0.0048365228345152,0.0045865723659049,0.004579208115031,0.0041378940703076,0.0040304902311879,0.0043536731292148,0.0037942419514517,0.0034968321106917,0.0036625029379548,0.0028580913651199,0.00276320536293,0.002437116212024,0.0046978508924935,0.0093226130992449,0.0080594886768449,0.0081513975193435
1576,0.00085242941709,-0.0001891296988654,-0.0007401005897256,-0.0006664302310648,-0.0006067121395353,-0.0003055501907129,0.002082731892004,0.0034574534544339,0.004108362453171,0.0046914550982437,0.0048819928663136,0.004251599624872,0.0047312328744921,0.0049450477085472,0.0045093156722414,0.0051615776980531,0.0053821472259919,0.0047676043333793,0.0045349278008143,0.0045413858442536,0.0041103541126375,0.0040198483357507,0.004364157078339,0.0038361530093106,0.003565221453611,0.0037105806470102,0.0028017295526616,0.0027202252277851,0.0024358447659392,0.0046271109332538,0.0091723636910942,0.0078933237865217,0.0080250642200312
1574,0.0006594150469275,-0.0003810737390147,-0.0009591171330601,-0.0008931519667341,-0.0008364343420347,-0.0005786681823626,0.0017846649965384,0.0032810355962994,0.0039290185979539,0.0045075346973109,0.0047185216214022,0.0040676222843701,0.0045760093235827,0.0048209886198057,0.004458505410143,0.0051414064895705,0.0053674669501279,0.0047778566866699,0.0045507600927757,0.0045754572355969,0.0041512545609334,0.004076879154403,0.004448733441316,0.0039672023486328,0.0037148810672809,0.0038380387432498,0.0027477455323658,0.002671043552087,0.0024043176712528,0.0045777038498871,0.0090734279503013,0.0077788420610431,0.0079496795708308
1572,0.0007423005037774,-0.0002704562865352,-0.0008569335828708,-0.0008070220469258,-0.0007462363110796,-0.0005154231276351,0.0018207806890114,0.0033313024325468,0.0039778373123245,0.0045666047384466,0.0047820060595345,0.0041101070546784,0.0046422263834556,0.0049061150310122,0.0045545443479973,0.005255583802549,0.0054882830009699,0.0049136544814771,0.0046852865867155,0.0047184086746684,0.0042968043185734,0.0042306786454283,0.0046266629991033,0.0041700961877464,0.0039187208982755,0.0040390070313574,0.0028231188710963,0.0027508119411125,0.0024678091757839,0.0046607734824656,0.0091883552241749,0.0078853856095279,0.008077203672339
1570,0.000966789400028,-2.2511299236052e-05,-0.0006089345054435,-0.000580876733706,-0.0005301452899675,-0.0003095336394402,0.0019572256991185,0.0033902393449735,0.0040397599700517,0.0046472183316413,0.0048649820172764,0.004171582648924,0.004714155571914,0.0049904122585401,0.0046195195956901,0.0053376617232959,0.0055825919865637,0.0050296101246791,0.0047994502707271,0.0048296791538987,0.0044053163958284,0.004346151871497,0.0047508750144651,0.0043143018008555,0.0040512783475944,0.0041836435812633,0.0029408301776284,0.0028715365389057,0.0025594494692931,0.0047496722614362,0.0093355206935566,0.0080081975754605,0.0081926594513053
1568,0.0011386520362957,0.000167054453871,-0.0004081817127455,-0.0003899707283151,-0.0003613567220584,-0.0001435098055864,0.0020277388754076,0.0033604954692991,0.004006461864335,0.0046101674629211,0.0048287889616271,0.0041032905165349,0.0046279557378402,0.0049025404325663,0.0044944899999051,0.0052249709210479,0.0054850339062166,0.004954560934843,0.0047275036512471,0.0047553330549101,0.0043196750818937,0.0042705170968721,0.0046670572010977,0.0042764876438817,0.0040000377385425,0.004144220082516,0.0029041390784416,0.0028308778650975,0.0024951523256191,0.0046570043202905,0.0092649278597681,0.0078961600060313,0.0080500748327836
1566,0.0011175465490787,0.0001541294698454,-0.0004111596090182,-0.0003863143570324,-0.0003806648133728,-0.0001616210809969,0.0019685916562306,0.0032920867376797,0.0039293498240704,0.0045078904633019,0.0047240775148777,0.0039640231297229,0.0044543043590288,0.004716221810051,0.0042638778183955,0.0049975742734005,0.0052702531069673,0.0047512217171169,0.0045324503676104,0.0045693938570802,0.004114329698047,0.0040706604851156,0.0044528864279922,0.0041200266008247,0.0038316969571294,0.0039835182519271,0.0027094226436884,0.0026293995275914,0.0022732397847478,0.0044393290874394,0.0090576677950497,0.0076512701100867,0.0077769315945243
1564,0.0009079357957596,-7.81028805868434e-05,-0.0006541424363864,-0.0006255842197211,-0.0006384711782028,-0.0004071712003427,0.0017748295568596,0.0032266892885204,0.003872647260142,0.0044448413732068,0.0046691938243475,0.0038881851395396,0.0043653986603276,0.0046250924395924,0.0041495223734641,0.0048855375688012,0.0051730220706138,0.004656138384808,0.0044470551209459,0.0045009087258843,0.004025775386367,0.003973905319465,0.0043402731966797,0.0040381124176963,0.003733133398456,0.0038961308185082,0.0025837318991838,0.0025092520932999,0.002128739277761,0.0043588462290607,0.0090351581668782,0.0076022293592968,0.007724550788399
1562,0.0005211849245864,-0.0005467315220126,-0.0011604845888203,-0.0011520284164871,-0.0011770576373776,-0.0009121875404137,0.0013815396587798,0.0030644831261398,0.0037672037767166,0.0043890263665847,0.0046576516429196,0.0038818119096218,0.0044006827773303,0.0046916526368299,0.0042521763910269,0.0050015534103998,0.0053196668947413,0.0048002873671149,0.0046028860375396,0.0046688175377931,0.0041830491323852,0.0041073933332599,0.0044451249702183,0.0041300660025212,0.003797695194969,0.0039786623507224,0.0027181550196624,0.0026784943118268,0.0022763016033685,0.0045892717676154,0.009364311559566,0.0079179556664426,0.0080702049269267
1560,-0.0001725838142677,-0.0013915959692852,-0.0020552810721017,-0.0020943522529559,-0.0021139927427264,-0.0017921779397927,0.0005946252388972,0.0025191784244738,0.0033451556087504,0.0040786594188085,0.0044412318243537,0.003725220682515,0.0043518892391429,0.0047157146463885,0.0044113453733731,0.0051893478187076,0.0055596341899577,0.0050310928621383,0.0048555337226689,0.0049141836103955,0.0044415715018571,0.0043355153660723,0.0046198395700003,0.0042579134761145,0.0038936719630359,0.0040905264213596,0.003073926766661,0.0031068619987613,0.0027117379308986,0.0050274476860789,0.0098234344945305,0.0084106931566661,0.0086234689260017
1558,-0.0011316730988945,-0.002462891323679,-0.0031386302644347,-0.0032053286021873,-0.0031927218915142,-0.0028339030057777,-0.000470742421782,0.0015312813360532,0.0024626192519661,0.0032753824329934,0.0037063313446786,0.0031214680323786,0.0038394416787574,0.0042575685922202,0.0041347775407587,0.0049360229461478,0.0053357326208813,0.0048093044692485,0.0046650860118324,0.0046972722198903,0.0042669831100657,0.0041565778783348,0.0044005183761714,0.0040099386160221,0.0036432985115559,0.0038385462873131,0.0031517894969425,0.0032428040081005,0.0029094021102326,0.0050860614962284,0.0096784202208464,0.0083771617303804,0.0086317418675709
1556,-0.0017144102094883,-0.0029983776163088,-0.0036390055514194,-0.0036710570650931,-0.0036352665160902,-0.0033056829280233,-0.0010113394356659,0.0009198940662451,0.0018192903694666,0.0025879794900151,0.0029733340094458,0.002493740486988,0.0031835317975227,0.0035696993952479,0.0035170518663613,0.0043159278285271,0.0046805052625911,0.0042017697273899,0.00407132532127,0.004091616650564,0.003693003581482,0.0036151484785882,0.0038864277994393,0.0035233139949288,0.0031929082017919,0.0033800271878238,0.0027501094662336,0.0028156311748001,0.0025520705213844,0.0046309897499976,0.0090182014017717,0.0078039337164497,0.0080313312738773
1554,-0.0018457088136446,-0.0030403875358703,-0.0036540300955461,-0.0036386690258647,-0.0036069726198504,-0.0033291418008744,-0.0010432313747315,0.0008545225736696,0.0016742418474157,0.0023741126324489,0.0026868030429128,0.0022409350184176,0.0028669103469012,0.003202874338283,0.0031463601054221,0.003940801219562,0.0042585399724353,0.0038455558927197,0.0037120863353321,0.0037373692138764,0.0033417201438945,0.0033010633040825,0.0036197242333343,0.0032964131862697,0.0030019380359551,0.0031870553470441,0.0024237304865249,0.0024381149175008,0.0022160450631456,0.0043123962424095,0.0086692070841596,0.0074755742362931,0.0076595547105787
1552,-0.0018524583338418,-0.0029913448672044,-0.0035962574754176,-0.0035458340594051,-0.0035276382108596,-0.0032922366751953,-0.0009917072229165,0.0009123315622391,0.0016780573336582,0.0023373998922854,0.0026071257383194,0.0021654526832795,0.0027522125620658,0.0030645432636967,0.0030050446235535,0.0038031308966221,0.0040914311299881,0.0037239561315235,0.0035880630580274,0.0036169516632109,0.003209287502472,0.0032038428671825,0.0035516254517258,0.0032586766900903,0.0029903808685166,0.0031684609416275,0.0022815529052943,0.0022628384184654,0.0020626726006697,0.004185381705727,0.0085662493392197,0.0073961012252227,0.0075564599611417
1550,-0.0018687078368446,-0.0029826859343356,-0.0035899633701012,-0.0035161340686669,-0.0035079594362985,-0.003297274362096,-0.0009951376258326,0.0009167529536642,0.0016573539987912,0.0022977634797788,0.0025510422599916,0.0021134747353946,0.0026838173157195,0.0029959555107003,0.0029405255136278,0.0037437749695888,0.0040178711618065,0.0036597936826704,0.0035273475402165,0.0035544640119907,0.003126601414405,0.0031546701126382,0.0035110113126857,0.003233913934973,0.0029833872823661,0.0031426283513372,0.0021879109761716,0.0021540843297885,0.0019511141783772,0.0040597116534026,0.0084454197990234,0.0073373728015779,0.0074983836980001
1548,-0.0019184544707984,-0.0030382528164428,-0.0036616137037563,-0.00358275175947,-0.0035792780332253,-0.0033701436750109,-0.0010665016523811,0.000865660855157,0.0016070941133163,0.0022537083281704,0.0025147692840631,0.0021013844127158,0.0026734916453948,0.0030008334509924,0.0029618584528907,0.0037697021947637,0.0040429101895042,0.0036714629871149,0.0035445348690915,0.0035679554136127,0.0031179881170853,0.0031664549066976,0.0035153554128414,0.0032266886296432,0.0029795334791913,0.0031159977551457,0.0021308859478492,0.0020957962262445,0.0018632925177482,0.0039472988583623,0.0083497580093304,0.0073253399013167,0.0075111656295469
1546,-0.0020129321919806,-0.0031831910619965,-0.0038459426958513,-0.003791220523468,-0.0037974350755774,-0.0035725354665376,-0.0012377042645478,0.0007571264144233,0.0015297871767994,0.0022273372695979,0.0025337901535641,0.0021797788527133,0.0027749797405919,0.0031342929329549,0.0031545420839158,0.0039762392270746,0.0042649116886306,0.0038904283666377,0.0037664752516532,0.00378638861793,0.0033201767031092,0.0033634380471217,0.0036912887535482,0.0033555915277685,0.0030920052762197,0.0032131943124239,0.002203769789613,0.0021853144016812,0.0019177543131456,0.0040131316855091,0.0085021853117305,0.0075530272771931,0.0077853011572912
1544,-0.0022402275648484,-0.0035117251242409,-0.0042441283849894,-0.0042451719500093,-0.004282601611013,-0.0040389033050314,-0.0016492828111459,0.0004544225658521,0.0012880818792285,0.0020902985006665,0.0024938774113894,0.0022346569875919,0.0028717511746995,0.0032877115919165,0.0034378696016379,0.0042945728495295,0.0046183818987312,0.004265439000377,0.004142555224511,0.0041587329518101,0.0036892819411171,0.0036959976544208,0.0039897312057354,0.0035819008602777,0.0032830128535061,0.0033979978807147,0.0023707670755527,0.0023985435168215,0.0021114407198522,0.0042468419177629,0.0088756980636097,0.0079843216225751,0.0082776839617327
1542,-0.0027814734799643,-0.0041496651741508,-0.0049579362222937,-0.0050224959036566,-0.0051125084713675,-0.0048524638541419,-0.0024492750767468,-0.0002277801349536,0.0006585547708544,0.0015671964263497,0.0020806575884377,0.0018959489064995,0.0025608270225324,0.003043398752162,0.0033552068831275,0.0042562672217921,0.0046231176103484,0.0042888084800128,0.0041664418348811,0.0041815141806716,0.0037385484675744,0.0036803640940959,0.0039441935050601,0.0034858017835167,0.0031460461885334,0.0032625617433837,0.0022945295651307,0.0023964332978195,0.0020984911799185,0.0042344408931223,0.0089112214408382,0.0080223161547708,0.0083583375537754
1540,-0.0034465566324466,-0.0047689616013873,-0.0055731196403605,-0.0056451387950955,-0.0057477464425381,-0.0054630672089545,-0.0031290751416389,-0.000847982364915,9.11579842404724e-06,0.0008958698262958,0.0013976225540214,0.0011416662119012,0.0017700228910951,0.0022607001852765,0.0026107890370126,0.0035096530558501,0.003882761457396,0.003524062058718,0.00339712168363,0.0034174904859677,0.0030384092593838,0.0029313215680809,0.0032149755763781,0.0027966605792216,0.00244830966344,0.0025794121003833,0.0017929993552204,0.0019330496468168,0.001613765664029,0.0036851388896145,0.0081906149575646,0.0071753043130041,0.007476397461924
1538,-0.0036497055274051,-0.0048332190596037,-0.0055585412418722,-0.0055905292816176,-0.0056372399027694,-0.0053268044975374,-0.0030317988392487,-0.0007322266278142,6.17478196975625e-05,0.0008429032679078,0.0012333258512008,0.0008140307458844,0.0013893979549087,0.0018312905347795,0.0021069255554004,0.0029594011907453,0.0033021711060872,0.0029149085402682,0.0027813235289843,0.0028040105524143,0.002478100006359,0.0023745736614818,0.0027094289437108,0.0023677116552717,0.0020447660607836,0.002195705680799,0.0015457493267294,0.0016559024440307,0.0013319492347644,0.0033785153844663,0.0077257392164833,0.0065668994978354,0.0067992796177669
1536,-0.0035041673536525,-0.0046004145484879,-0.005260449186689,-0.0052658013881931,-0.0052516694310533,-0.0049391821637096,-0.0026202415284907,-0.0002931354928284,0.000479009251187,0.0011991845405343,0.0015178621961079,0.0009756192584987,0.0015322091420728,0.0019365599804055,0.0021719640515678,0.0029906853668031,0.0033089908613388,0.0029215749694371,0.0027902614414803,0.0028079597223304,0.0025008454350301,0.0024194077817014,0.0027848243710566,0.0024851271106406,0.0021890653540695,0.0023490123352082,0.0017137870624064,0.0017851508183474,0.0014926205584887,0.0035582661558312,0.0078833475253561,0.0067003156377908,0.0068981183896688
1534,-0.0033064841709635,-0.0043700445677242,-0.0049948439077697,-0.0049890022296811,-0.0049437443591436,-0.0046616462320068,-0.0023261410365553,2.24838931952105e-05,0.0007937400501714,0.0014854172949518,0.001781854949948,0.0011613387336945,0.001711794649272,0.00209325938654,0.0023241334777702,0.0031269444838234,0.003432224624368,0.0030524630533355,0.0029340114725798,0.00294732755732,0.0026378674267076,0.0025753185255027,0.0029472103671786,0.002673049771893,0.0024001692884687,0.0025544106566582,0.0018708478737841,0.0019161440264795,0.0016658494748356,0.0037277613583789,0.0080684073597995,0.0069631351783087,0.007153770900482
1532,-0.0031828555364518,-0.0042356368838914,-0.004844677388522,-0.0048280869129983,-0.004785424893466,-0.0045490479985027,-0.0022446430422399,9.75625820503969e-05,0.0008553691699734,0.0015116551207259,0.0017967494604887,0.0011271473714796,0.0016606118379901,0.0020154183860081,0.0022306326932742,0.0030216219627481,0.0033178181627893,0.0029392327495622,0.0028344531524312,0.0028518815226939,0.002533945272106,0.002485166830347,0.0028509461895717,0.0026104710645863,0.0023594050909583,0.0024999859821948,0.0017579362715256,0.0017831505567323,0.0015496287760204,0.0035799674500064,0.0079139180745591,0.0068942825005703,0.0070881372555639
1530,-0.003161468739258,-0.0042167205629747,-0.0048253282178198,-0.0048020201887693,-0.0047790760982145,-0.0045681238114782,-0.002310183040257,1.59500781905742e-05,0.0007550438958865,0.0013804728989977,0.0016523126228365,0.0009675529243392,0.0014808941645062,0.0018124581095287,0.0020046016703336,0.0027884528409029,0.0030796364338252,0.0027040215075037,0.0026018715390475,0.0026298781262986,0.0023085751526362,0.0022700203048144,0.0026258069039704,0.0024191025960224,0.0021835671087527,0.0023154531484658,0.0015327743483442,0.0015450222564861,0.0012974635905218,0.0033234762177566,0.0076579176519693,0.0066389887543843,0.0068468916735772
1528,-0.0032243393711071,-0.0043068140723142,-0.0049338924091714,-0.004923321620837,-0.0049161993501352,-0.0046980949736711,-0.0024509487976327,-0.0001152989257409,0.0006337735775522,0.0012725045608586,0.0015504331402777,0.000891777703385,0.0014055401665338,0.0017422937346372,0.0019459977239831,0.0027392883531756,0.0030350656004914,0.0026734241329983,0.0025635176293187,0.0026013788802459,0.0022793150105399,0.0022479876974197,0.0025914024995338,0.0023957840295515,0.0021631126584442,0.0022958941022331,0.0014910358375973,0.001509053663843,0.00125070748939,0.0033234744054546,0.0077043317183473,0.0066141251004257,0.0068578629513341
1526,-0.0033669348664573,-0.004508167083615,-0.005176509907234,-0.0052022066673098,-0.0052006973878234,-0.0049593641492674,-0.0026814659713909,-0.0003022573603434,0.0004983286410166,0.0012052680350599,0.001524918870894,0.0009419027885772,0.0014876658941699,0.0018666708146737,0.0021237444621506,0.0029440648597368,0.0032562019259576,0.0029147212734319,0.0027918254046701,0.0028384985766786,0.0025066307375331,0.0024758254989076,0.0028026783118972,0.002590264106193,0.0023435599746781,0.0024817408610548,0.0016759237934169,0.0017238040378492,0.0014824645557424,0.0036151488925009,0.0080733891082981,0.0069176979707764,0.0072217903501572
1524,-0.0035723976259481,-0.0047884318358582,-0.0055111094807463,-0.0055801554962397,-0.0055747029536539,-0.0053106982244383,-0.0029803718495638,-0.0005402617500644,0.0003307384913103,0.001128692101793,0.0015105810352413,0.0010586433050169,0.0016626419138987,0.0020981703793301,0.0023989978311019,0.0032412288622406,0.0035766180358912,0.0032567367364137,0.003111844114673,0.0031671286644895,0.0028147277445801,0.0027678729628672,0.0030758402993948,0.0028394682011797,0.0025590796627123,0.0027024324599192,0.0019439855450197,0.0020313810926884,0.0018183227609506,0.0039768171832398,0.0085094558275393,0.0073479151400818,0.0077158760626798
1522,-0.0037525612187122,-0.0050182828728624,-0.0057741459803489,-0.0058659359449276,-0.0058453957632041,-0.005560216259272,-0.0031683856505039,-0.0006739160563027,0.0002419475817261,0.0010985536532141,0.0015211130261774,0.0012186819911002,0.0018815211268686,0.0023426578968384,0.0026192174089993,0.003447986816337,0.0037990989898131,0.0035097326406807,0.0033308871841796,0.0033828160664147,0.0030211921037638,0.0029390628469733,0.0032327833083156,0.0030013955744068,0.0026810867098101,0.0028277518139405,0.0021681471433821,0.0022710045933677,0.0020487407057817,0.0042047672570884,0.0088063992142356,0.0076852261236789,0.0080793257812445
1520,-0.0038745429202998,-0.0051405126312965,-0.0058860305272884,-0.0059782595115374,-0.0059337634642516,-0.0056224929391344,-0.0031730134662765,-0.0006438470733592,0.0002752109735887,0.0011451465849421,0.0015707873427043,0.0013697005160981,0.0020603228305799,0.0025070849003027,0.0027283442411209,0.0035227676040588,0.0038686756954461,0.0036143404803141,0.0034093296640751,0.0034376635261924,0.0030920302607397,0.0029786449190768,0.0032664986455169,0.0030682411398673,0.002731158488706,0.0028773820787016,0.0022939105470933,0.0023782082722096,0.0021012907987476,0.004264625492417,0.0089406479245078,0.0078556995443121,0.0082319566262419
1518,-0.0039960837187942,-0.0052165231878709,-0.0059174997527782,-0.005999747583565,-0.0059317909111251,-0.0055966695892698,-0.0031312985372865,-0.0006011352788767,0.0002877247406329,0.0011394696745499,0.0015405605698723,0.0013655300387814,0.0020390808196675,0.0024573285828283,0.002657467884209,0.0034334481874359,0.0037513747486883,0.0035037236884475,0.0033032538172221,0.003309239403808,0.0029820765065557,0.0028687355416001,0.0031597635157996,0.0029831685020443,0.0026639851592848,0.0028048761588454,0.0022083513761003,0.0022602484979756,0.0019328316628503,0.004095590670675,0.0088047911409192,0.0077424518732511,0.0080847802643954
1516,-0.0040446616970162,-0.005186553331604,-0.0058251024811307,-0.0058812160586267,-0.0057975406794376,-0.0054509898724086,-0.0030249168877405,-0.0005273323463669,0.0003079071843427,0.0011095847310945,0.0014597358187992,0.0012399574869568,0.001864790211642,0.0022522661480873,0.0024613137276484,0.0032409017084442,0.003519162941794,0.0032368331566167,0.0030666967614944,0.0030768320016746,0.0027490887746652,0.0026699305447115,0.0029728451803227,0.002787137543655,0.0025051861470119,0.0026405859233955,0.0019479563489969,0.0019674916098828,0.0016337481090085,0.0037765837423511,0.0084448521420446,0.0073944516778906,0.0077035664004297
1514,-0.0039019159566359,-0.0049786806956895,-0.0055657196378355,-0.0055868414242746,-0.0054925760932039,-0.005139160314285,-0.0027412929571751,-0.000252491063118,0.0005510832756524,0.0013093476420322,0.001611230789376,0.0013195140229952,0.0019124978053984,0.0022825805600209,0.0025080019685083,0.0033057708947115,0.003555247492121,0.0032366913481132,0.0030962610046892,0.0031282524659425,0.0027850847590286,0.002748130823736,0.0030600841421898,0.002846461109727,0.002592816097963,0.0027287858350399,0.0019184554772972,0.0019192303277403,0.001623039543855,0.0037797171408351,0.0084077979486001,0.0073598709807423,0.0076555725569313
1512,-0.0036236834805339,-0.0046982844629697,-0.0052735941856394,-0.0052787853138216,-0.0051716654079027,-0.0048009144946409,-0.0023508208033789,0.0002155387156844,0.0010615338864887,0.0018447562914366,0.0021501004666293,0.0018207016766286,0.0024403487925938,0.0028298767108428,0.0030851661756923,0.0039203023851146,0.0041636748301497,0.0038450793784835,0.0037193971298923,0.0037636323824126,0.0034016369567694,0.0033873332085601,0.0036901790884672,0.003439357807239,0.0031906977255378,0.0033324232899745,0.0024404914654611,0.0024519158394239,0.0022154153729282,0.0044506557056214,0.0091192179963294,0.0080958154578647,0.0084187263701534
1510,-0.0033759669048251,-0.0045234373931917,-0.0051398662206911,-0.0051696087835761,-0.0050478407311716,-0.0046496309201574,-0.0020744964111024,0.0006458730863102,0.0016183499973519,0.002514403462651,0.0028983543795108,0.0025991998367446,0.0033057426436935,0.003757011149633,0.004063796597673,0.0049616150229857,0.0052168674231766,0.0049262394766948,0.0048022422980762,0.0048370721556188,0.0044578816189821,0.0044326546904572,0.0047037218276643,0.0043968723436684,0.0041335749362243,0.0042813972234652,0.0033921290596977,0.0034508998276062,0.0032793561911333,0.0056038074637373,0.0103670321323078,0.0094385258753365,0.0098301489338747
1508,-0.0033644728140597,-0.0045911824217575,-0.0052753921749235,-0.0053563765152167,-0.0052374130189999,-0.0048351165822681,-0.0022003399391141,0.0005691300000923,0.0016530657881437,0.0026506996254695,0.0031281764637408,0.0029001876897768,0.0036773348554353,0.0041743381542367,0.0045092305152273,0.0054533656625301,0.0057241136535264,0.0054277994329407,0.0052920860580163,0.005309956280221,0.0049327072524133,0.0048624822775724,0.0051035418856287,0.0047310366057722,0.0044518061068013,0.0046024328463114,0.0038675401063934,0.0039791209314056,0.0038438711920313,0.0061246861393039,0.0108581973119175,0.0100742014779007,0.0105108328890561
1506,-0.0035598851386585,-0.0047174289796143,-0.0053983088434245,-0.0054762908491415,-0.005393029649855,-0.0050442502259255,-0.0025755458025413,-7.46602419156475e-05,0.0009130385878758,0.0018030988109955,0.0022255385747874,0.0019861679824894,0.0026819917653984,0.0031067476005039,0.0033669774579912,0.0042539615810256,0.0045262287350717,0.0041431302098152,0.0039867070048813,0.00401373817583,0.0036784413771179,0.0035805283807421,0.0038464906921977,0.0034800338284909,0.0032114141814391,0.0033647237815244,0.0028275186935696,0.0029150108878923,0.0027464157561123,0.0048369001367498,0.009308608843555,0.0085144015862103,0.0088654406932437
1504,-0.0036228379288231,-0.004642595266431,-0.0052647269830205,-0.0052867720373141,-0.0052342949702053,-0.0049370029626885,-0.0026401948484963,-0.0003975582422291,0.0004219106191327,0.0011373674118536,0.0014271831301138,0.0011054538045922,0.0016730434499979,0.0020029393343792,0.0021658847741679,0.0029641100047429,0.0032355287796644,0.0027848451909765,0.0026194857714863,0.0026649972849035,0.0023702209884065,0.0022931021028687,0.0026067231422368,0.0023147845023191,0.0020657841221597,0.0022269379094317,0.0017115411639627,0.0017385975145329,0.0015256109740609,0.003538137933476,0.0078439670473644,0.0068833121214986,0.007124041789069
1502,-0.0035824671274648,-0.0045379726378554,-0.005133790789701,-0.0051162594079845,-0.0050741369957425,-0.0047966638814853,-0.0025343827207546,-0.0003262870009664,0.0004238198578436,0.0010743998247242,0.0013000104697152,0.0009277916484323,0.001441699082013,0.0017496440786948,0.0018655754519694,0.0026237651657547,0.0029051260882148,0.0024520158841558,0.0022939534065417,0.0023401003578644,0.0020590763623646,0.002012015645962,0.002346563850022,0.0021166520514078,0.0018733530633719,0.0020440742743677,0.0014483168983931,0.0014545673015968,0.0012295596417096,0.003287270832555,0.0076163064493137,0.0065114548282116,0.0067164747228923
1500,-0.0035599220412857,-0.0045238575536827,-0.005131776403156,-0.005100934891704,-0.0050601306038036,-0.0047936235241275,-0.002498067683846,-0.0001998079656197,0.0005470194122924,0.0012060749262077,0.0014315288753329,0.0010420943175784,0.0015562867814911,0.0018879592452023,0.0019929773745762,0.0027374686330278,0.0030340709165095,0.0026266974879579,0.0024864642177196,0.002517972169964,0.002234822279046,0.0022094458766907,0.0025391390508546,0.0023304023844842,0.0020841289884971,0.0022605058648138,0.0015739755029892,0.0015926865857812,0.0013791694913231,0.0034875313980377,0.0079208394946126,0.0067201098902586,0.0069330868375536
1498,-0.0035274162717408,-0.0045253644300314,-0.0051472946864012,-0.0051125898904491,-0.0050716395726705,-0.004826814763666,-0.0025110208246575,-0.0001473270556581,0.0005889561218445,0.0012473517385122,0.0014874492781015,0.001067304982482,0.001589383510343,0.0019343253462744,0.0020538979699307,0.0027702890037095,0.0030744931481514,0.0027469078273088,0.0026246848943669,0.0026366625496371,0.002350646995752,0.0023397901573618,0.0026519983392935,0.0024175136593413,0.002171774263608,0.0023429276844766,0.0015810739047005,0.0016078552518938,0.0014207188608814,0.0035301541744706,0.008062342131122,0.0067856606774403,0.0069925695163082
1496,-0.0033780400022585,-0.0043838981964395,-0.0049920137799394,-0.0049480231558701,-0.0049077048851599,-0.0046908532133725,-0.0023854093492713,-5.26139073138162e-05,0.0006419485003391,0.0012587250370762,0.0014964458316566,0.0010051343779099,0.0015180577902271,0.001839827249847,0.0019967505477766,0.0026649532724872,0.0029630914665426,0.0027147057931026,0.0025973986156504,0.0025930192252657,0.0023105895163889,0.0023100864893338,0.002607401027212,0.0023277085537962,0.0020892521481297,0.0022453746320635,0.0014178522558493,0.0014234114002667,0.0012699638388474,0.003372374891246,0.0079640816155394,0.0066273321756668,0.0067915635343631
1494,-0.0031182826552643,-0.0041100215959808,-0.0047018474581287,-0.0046486670193043,-0.004609603890328,-0.0044065263185571,-0.002084836480233,0.0002291501493503,0.000904772920116,0.0014970046989791,0.00174141603593,0.0011724017957286,0.0016814304770533,0.0019857721425669,0.0021825975311151,0.0028176067037858,0.0031087055846071,0.0029042513404931,0.0027791992418734,0.0027598801426757,0.0024758802322857,0.0024785089278635,0.0027670485090906,0.002464881076168,0.0022275196209152,0.0023726447897672,0.0014711097245433,0.0014525626564857,0.0013304073744958,0.0034725784912379,0.0081181231574696,0.0067647386178392,0.0068982210269707
1492,-0.0027773719319864,-0.0037690496878887,-0.0043720461671045,-0.0043192419637875,-0.0042804232663825,-0.004068751756557,-0.0016744074096467,0.0007163615251864,0.00143172668523,0.0020556567099001,0.0023432937564973,0.00171934383626,0.0022518569312398,0.0025789250933786,0.0027794308211587,0.0034083283331786,0.0037013756988434,0.0034974739140643,0.0033588628281355,0.0033252446051148,0.0030211582753604,0.0030131890372793,0.0032939229034767,0.00299719479262,0.0027452781956391,0.0028933618172354,0.0019013652591967,0.0018856551507633,0.0017814116401421,0.0039836083955831,0.008690482261121,0.007381955704758,0.0075392180449411
1490,-0.0022203592123788,-0.0032281469264856,-0.0038471555819795,-0.0037983642987784,-0.0037559288137106,-0.003518664344605,-0.0010385106158939,0.0014102128950973,0.002190357716302,0.0028638483015879,0.0031995185794215,0.0025369262285705,0.0031017064328748,0.0034658348542136,0.0035867480753401,0.0042135997664357,0.0045107344712448,0.0042578089670984,0.0041013810331111,0.004063657620298,0.0037216846337546,0.0036902538816507,0.0039668199146157,0.0036810862336326,0.003407279105157,0.0035698835188965,0.0024763380477668,0.0024808953002869,0.0023624977285868,0.0045841990508116,0.0093193153204815,0.0080939368725098,0.0083101026137931
1488,-0.0012944889830163,-0.0022932314811798,-0.0028793574779623,-0.0028236617195222,-0.0027756371258935,-0.0025152934700155,-1.67488701588089e-05,0.0022578818668074,0.0030496643750388,0.0037181308372397,0.0040356226092946,0.0033347499966702,0.0038939287686624,0.0042512386492568,0.0042069534433612,0.0048133995672325,0.0051025882779246,0.00475874414325,0.0045858332873135,0.0045611375566929,0.0041795350181468,0.0041300664433922,0.0044148319575076,0.0041181250864849,0.0038384940041379,0.0040093980237313,0.0028215434240727,0.0028253406315994,0.0026512369531537,0.0048458332220967,0.0095519884607284,0.00836000280471,0.0085930043240749
1486,-0.000149549259592,-0.0010943349442967,-0.0016063631361202,-0.0015342792759979,-0.0014875948695614,-0.001222947538158,0.0012226745072694,0.0031395703462103,0.0038731333093167,0.0044845025693859,0.0047210843851036,0.0039776976246747,0.0044904475669043,0.0047978165282411,0.0045712680715278,0.0051534443019101,0.0054254228488211,0.0049819022894054,0.00480243088435,0.0047976690567043,0.0043841150533163,0.0043344333622281,0.0046372569347186,0.0043056015348603,0.0040418725083928,0.0042011368005115,0.0029404883699595,0.0029129844703972,0.0026670588719087,0.0048471680660051,0.0095232875387019,0.0082611872274965,0.0084376507126014
1484,0.0009443494730226,6.70543260522946e-05,-0.0003845678328484,-0.0002981458625176,-0.0002613914130994,-2.96837415243191e-06,0.0023850953377506,0.0040009479994942,0.0046617710104151,0.0052213064987698,0.0053833589941908,0.0045926114561692,0.0050600549202175,0.0053251547475285,0.0049358196912374,0.0055100527319057,0.0057703169418314,0.0052325852846519,0.0050535543416775,0.0050693497933078,0.0046263611783448,0.0045814905179506,0.0049016434320619,0.0045302058418419,0.0042850324623005,0.0044219468653557,0.0031115641541607,0.0030497894060216,0.0027424937414151,0.0049379309145089,0.0096239201561752,0.0082454744142155,0.0083489316124527
1482,0.0017914517425026,0.0009622411737166,0.000536716539166,0.0006331882295979,0.0006608460282721,0.000917999559505,0.0032812501244205,0.004761744757355,0.0053732488754323,0.0059086713261582,0.0060363157627634,0.0051935245952533,0.0056411219933855,0.0058943871416709,0.0053670784383657,0.0059469352868744,0.0062057200557276,0.005584086278027,0.0054052282002234,0.0054459647083296,0.0049808173803837,0.004934439390064,0.0052636168829102,0.0048581363634453,0.004621178033648,0.0047391382351172,0.003402929151037,0.0033207769620218,0.0029740979441777,0.0051905836404993,0.0099114159285754,0.0084494627202579,0.0085157616935641
1480,0.0022425886647129,0.0014222224632673,0.0009971900956002,0.0010994047181038,0.001129280140471,0.0013987799386219,0.0037743268684792,0.0052573587408842,0.0058581017420801,0.00639938251528,0.0065319790698784,0.0056475694316078,0.0061038173536582,0.0063737809730354,0.0057661992680415,0.0063573070656455,0.0066191423339893,0.0059479461767065,0.005768898238634,0.0058346742608154,0.0053670254092955,0.0053151210230108,0.0056385060510859,0.0052006748601773,0.004961732455195,0.0050695603599604,0.0037236026469634,0.0036374259049243,0.0032834197546448,0.0055187484308185,0.0102848002360862,0.0088232654621203,0.0089034401618386
1478,0.0023006183447409,0.0014422466136613,0.0010009767868212,0.0010962311622427,0.0011417085783563,0.0014369578308579,0.0038520546772265,0.0053939685346319,0.0060300374523225,0.0066156652522758,0.0067849042353467,0.0058981746058623,0.0063869004165242,0.0066986914185676,0.0061060527391567,0.0067145724305578,0.0069767586042386,0.0063138217768238,0.0061402751409586,0.0062170168049887,0.0057639766080868,0.005708287891881,0.006008084329101,0.0055228637440485,0.0052784845987164,0.0053802793321253,0.0040207471073328,0.003947368295649,0.0036173586343155,0.005877416419228,0.01070449048946,0.0093320403221302,0.0094643887947918
1476,0.0021064843905904,0.0011750206892292,0.0007018604849088,0.0007659123782086,0.0008356088198442,0.0011628387957936,0.0036257513008292,0.0052203496141087,0.0059314640522018,0.0065988189418946,0.0068282917482727,0.0059942427903585,0.0065291873571357,0.006902104224117,0.0064161857012432,0.0070485346551021,0.007307781388392,0.0067067390051083,0.0065451431023882,0.0066110406655676,0.0061693739665762,0.0061091459016267,0.0063749070910607,0.0058114209212632,0.0055652100173543,0.0056564132733939,0.0042784180298025,0.0042338915054588,0.0039369536608583,0.0062175246523901,0.0111110581132864,0.0098686888876787,0.010065526976524
1474,0.0018176723489999,0.0008297338123419,0.0003257444585071,0.0003449032924701,0.0004435989477829,0.0007928926127488,0.0032851865163455,0.0049007154349205,0.0056832642511919,0.0064141041548036,0.0066965175219995,0.0059277102579761,0.0064937119486125,0.0069122928015627,0.0065521967663942,0.0071946513263226,0.0074529342794691,0.0069306364329519,0.0067736322583565,0.0068179668415761,0.0063686837898056,0.0062964322278056,0.0065388789199341,0.0058880474006415,0.0056482105085355,0.005722309904039,0.0043701970915164,0.0043553233001205,0.0040623902726557,0.0063257425674981,0.011222848787402,0.0100562442510231,0.0102931633254516
1472,0.0016861209071216,0.000728144919288,0.000234476945328,0.0002407229669569,0.0003676615728132,0.0007117731269789,0.003201990023256,0.0047874523811498,0.0055710288262809,0.0062652536325719,0.0065401070821451,0.0057480398991195,0.0062945210966633,0.0066933588514683,0.0063453538175494,0.0069604042911338,0.0072195104448198,0.0067367394016026,0.0065654018515541,0.00659753744234,0.0061314971362913,0.0060478315952785,0.0062921552245528,0.0056152396484948,0.0053875031759627,0.0054480913965855,0.0042111982347073,0.0041986343001788,0.0038614103605475,0.0060777516758061,0.0108705769111207,0.0096506267118215,0.0098718318598515
1470,0.0019507942672933,0.0010827711879226,0.0006346874691774,0.0006700973253253,0.0008157114578818,0.0011399461619947,0.0036163571679011,0.0051121442285671,0.0058398078856355,0.006439535874933,0.0066573167247639,0.0057460196362511,0.0062450769722601,0.0065872472104363,0.0061028423952987,0.0066774048005711,0.0069332874607183,0.0064348900418083,0.0062491437044331,0.0062753919745157,0.0057957941239218,0.0057164863432583,0.0059638386824471,0.0053311372573184,0.0051121742473865,0.0051689349708513,0.004082653061355,0.0040515764278185,0.00365306930477,0.0058564457876272,0.0105452105992079,0.0092070353898557,0.0093806685636574
1468,0.0025428615036061,0.0017491570436906,0.00133694012312,0.0014002960260879,0.0015534823760437,0.0018694381407304,0.0043272299885212,0.0056942889031864,0.0063722060683118,0.0069144237040518,0.0070827069726421,0.0060468833879466,0.0065163979462815,0.0068270269742327,0.0061385265441755,0.0066882248093763,0.006942505487774,0.0063916844364605,0.0062098457901322,0.0062248721090452,0.0057254296935712,0.0056615159967534,0.0058892517020929,0.0053122013767421,0.0050956666543885,0.0051538953549945,0.0041941419195096,0.0041534308648298,0.003705767684673,0.0059451531112397,0.0106321438952531,0.0091881104935341,0.0093201405291465
1466,0.0031463778440805,0.0023890121360989,0.0019876554139929,0.0020501655733298,0.0022046205463731,0.0025333925835569,0.0049570328627401,0.0062046789150899,0.0068603990410831,0.0073964863856577,0.0075462349088438,0.0064406073333185,0.0069078788918951,0.0072213273159601,0.0063400866418145,0.0068711145312223,0.0071385588033311,0.0065054206282394,0.0063416750757946,0.0063476819865559,0.0058214454845176,0.0057698472180196,0.0059609200734329,0.0054265114401981,0.0052088436910219,0.005273310266484,0.0044019000582061,0.0043681271329446,0.0038948028480971,0.0061924645946508,0.0109832520499794,0.0094379175960622,0.0095411819367482
1464,0.0033350359757449,0.0025898378316524,0.0021882573379984,0.002227110735839,0.0023821397734424,0.0027377359128226,0.00512621626295,0.0063422054471025,0.0069991045502872,0.0075465928246299,0.0077050617329229,0.0066045258449532,0.0070817354701097,0.0074073594447818,0.0064294370793448,0.0069299786427089,0.0072279007427103,0.0065044731470905,0.0063597129676359,0.0063727532857256,0.005835613080209,0.0057819288992691,0.0059388863136712,0.0054447302715363,0.0052252264345565,0.0053013212357169,0.0044634741519672,0.0044442996884762,0.003983272764005,0.006343787586355,0.0112952207311181,0.0096307279641948,0.009717535694711
1462,0.0029360905289801,0.0021952179038994,0.0017955762779426,0.0018112504703293,0.0019685815377093,0.0023520636616087,0.0047472735438842,0.0060694193945548,0.0067496229309844,0.0073086304711839,0.0074965511719468,0.0064650275801776,0.0069510092966471,0.0072834324667323,0.0063522320848623,0.0068149601969069,0.0071430404192584,0.0063702520298662,0.0062392581447095,0.0062694386774334,0.0057558653698919,0.0056815303543823,0.0058135602024842,0.0053676851053235,0.005146999622302,0.0052316559306654,0.0043759878782059,0.0043755420068737,0.0039676420746126,0.0063866574259418,0.0114879177560743,0.0097019226517104,0.0097947451449164
1460,0.0021643674222289,0.0014232577344355,0.0010238020693115,0.0010268149589877,0.0011890310324957,0.0016041205287532,0.0040627379845311,0.0055983558520432,0.0063292502179112,0.0069239221449337,0.0071665205569531,0.0062515716834901,0.0067512893780368,0.0071036028942071,0.0063153747066147,0.0067443011968958,0.0070828740542066,0.0063345615114253,0.006220094490161,0.0062512598928346,0.0057861126166784,0.0056751990050306,0.0057682745099179,0.0053748178782498,0.0051556719487792,0.0052321887865352,0.0043710729086144,0.0044042892538008,0.004077088963445,0.0065251585114857,0.0117148593219286,0.0098532244217184,0.0099899902049681
1458,0.0012156196810522,0.0004818329300274,9.05279407555246e-05,8.65050125717025e-05,0.0002677044834633,0.0007375520067514,0.003267134288193,0.0050391310497135,0.0058358720290698,0.0065006893912151,0.0068182662800053,0.006061171850898,0.006588523083731,0.0069906148177395,0.0063451302452208,0.0067174516876989,0.0070410445862911,0.0063957319683312,0.0063096472069901,0.0063037652698978,0.0058965067642045,0.0057460519479824,0.00575411210272,0.0054079185708945,0.0052016478677463,0.0052474418861146,0.0044818197673949,0.0045647093868757,0.0043372099134125,0.0067382642058015,0.011901139805202,0.0100856415718135,0.0103039038330365
1456,0.000260037772701,-0.0004138607093748,-0.0007406928594065,-0.000740309508685,-0.0005066991928987,3.53538671968526e-05,0.002563386302037,0.0044646613529656,0.0052804373254545,0.0059679483978673,0.0063163852693802,0.005689308991295,0.0062327050718316,0.0066683216415598,0.0060555797919563,0.0063019160094128,0.0065898834720193,0.0060936702949675,0.0060376714804708,0.0059699775512397,0.0056244811874074,0.0054660750321012,0.0053639132781933,0.0050462900120115,0.0048737914285001,0.0048837531586066,0.0043002273383689,0.0044054997303429,0.004268668181301,0.0065654968628493,0.0115691150756444,0.0099506658414297,0.0102298768374825
1454,-0.0003922425653958,-0.0009541820362064,-0.001168735623299,-0.0011463269870459,-0.0008454769867983,-0.000258772870132,0.0022284836000735,0.0041357533611653,0.00489996306215,0.0055044522341784,0.0057966162871545,0.0051871836366187,0.0057067378300439,0.0061102006156828,0.0054136979299095,0.0055149976429233,0.0057614828874175,0.0053915514297524,0.0053480521203741,0.0052377164876275,0.0049476831431594,0.0048165731133333,0.0046520971427731,0.0043415919473191,0.0042073424370441,0.0042019514531312,0.0037255613719942,0.003801303522824,0.0036989057694443,0.0059680881140163,0.010847821061835,0.0093945947426226,0.0096577085902919
1452,-0.0008121008277632,-0.0012675856384625,-0.0013950363214399,-0.0013511706766017,-0.000997461418998,-0.0003881009621306,0.0021112090634776,0.0040320358600459,0.0047438897937837,0.0052569943724577,0.0054770236082636,0.0048449612643815,0.0053335975175215,0.0056932557950157,0.0048967830529226,0.0048944336249108,0.0051029013687148,0.0048382025509944,0.0047966130057197,0.0046598938464871,0.0044122204502043,0.0042967735261181,0.004104800924955,0.0038012223673069,0.0036922837051632,0.0036818666487234,0.0032274081593204,0.0032744330607909,0.0031703273804001,0.005494899480541,0.0103843107748586,0.0089516779221076,0.009174150372479
1450,-0.0012909316261064,-0.0016527001017271,-0.0017318451483883,-0.0016821411418712,-0.0012853451428446,-0.0006403594777591,0.0019173979581683,0.0038841235292541,0.0045728746396211,0.0050456159371065,0.0052246005477654,0.0046046507682801,0.0050826827684385,0.0054302130296017,0.004561682002529,0.004463797895027,0.0046404465425784,0.0044927462954493,0.0044511134680081,0.0042821836120837,0.0040696972669473,0.0039406798740533,0.0037095278414304,0.0034343626587447,0.0033451174369121,0.003324644817355,0.0028939539175316,0.0029412925445879,0.00284201669239,0.0052081975004093,0.0101671275928749,0.0086942954972048,0.0088981604955496
1448,-0.0019165795587806,-0.0021771654448508,-0.0022206743132675,-0.0021817012217865,-0.00174522222042,-0.0010469251791308,0.0015597026933145,0.0035292057725246,0.0042076634343515,0.0046693744960524,0.0048342485393953,0.0042415978291971,0.0047234901896286,0.0050775935256669,0.0041860189733907,0.0039633083220007,0.0041219391832773,0.0040842658928197,0.0040387574603186,0.003836192345446,0.0036602459738043,0.003505359696715,0.0032200114829266,0.0030107940280651,0.0029464034195385,0.0029103975961313,0.0025190645155203,0.0025808525804437,0.0025086746110197,0.0048539630111539,0.0098557614644386,0.008382259699772,0.0085901016852721
1446,-0.0024608053458803,-0.0026205504312619,-0.0026188526073142,-0.002593826315674,-0.0021308278526397,-0.0013907512845509,0.0012165491803354,0.0031065471247757,0.0037669857007999,0.004201285952503,0.004359032942678,0.0037326472296499,0.0042118884189891,0.0045542321534023,0.003700634147611,0.0033562077722097,0.0035122082379566,0.0035186823266497,0.0034663959245785,0.0032513835951564,0.0031172519600909,0.0029534877525085,0.0026282837280378,0.0025099324916609,0.0024746789110302,0.0024234573403834,0.0020578880737907,0.002119918178217,0.0020754215195031,0.0043834825921124,0.0093706762667469,0.0079645908282856,0.0081858569677429
1444,-0.0027250723770902,-0.0028227333234407,-0.0027760401438239,-0.0027569107926774,-0.0022877659223245,-0.0015311174132267,0.0010596389632528,0.0028842594711003,0.003525166320713,0.0039163561454403,0.0040684601018591,0.0033399598322388,0.0038063115146104,0.0041184880495491,0.0033212156852945,0.002925779301352,0.0030808060362578,0.0030649767663402,0.0030079754899411,0.002804127789862,0.0027110696250847,0.0025570832027164,0.0022166641006471,0.0021708521131399,0.0021561753378803,0.0020920022237637,0.0017619236735922,0.0018072664832984,0.0017582332720261,0.0040850750027599,0.0090578158922292,0.0077160335563661,0.0079604202326908
1442,-0.002861640244449,-0.0029537853442462,-0.0028840330421299,-0.0028711269841047,-0.0024079925271664,-0.0016366157834742,0.0009600881444215,0.0028238978388131,0.0034631045647787,0.0038373748309192,0.0039989434018296,0.0031775835249847,0.0036370603566741,0.0039375837874305,0.0031728835059344,0.0028026131134321,0.0029551726260034,0.0029099256247478,0.0028469262598857,0.0026601514928304,0.0025968796741998,0.0024487758713653,0.0021006013717286,0.0020916706866639,0.0020806273150586,0.0020078922765739,0.0017699371939388,0.0017997025545667,0.0017192677146224,0.004107533281362,0.0091084126774169,0.0077851378362541,0.0080710676787833
1440,-0.003052415310918,-0.0031914990985583,-0.0031276782510418,-0.0031338480946087,-0.0026833050228009,-0.0018886420644904,0.000723064500928,0.0027140034523044,0.0033747520999988,0.0037792529411451,0.0039731108231826,0.0031219557557385,0.0035881677366907,0.0039142500518954,0.0031724777711937,0.0028728184259679,0.00303719573967,0.0029905289020108,0.0029149386715386,0.0027442257050481,0.0026879058340616,0.0025373944530189,0.0021905922667646,0.0021934199508432,0.0021694755695756,0.0021032603416792,0.0019852248137881,0.0020064709965164,0.0018975579290084,0.0043315458251599,0.0093773089284369,0.008069941983894,0.0084051920544628
1438,-0.0032726022421642,-0.003492912916951,-0.0034572074916697,-0.0034928204757479,-0.0030645737016337,-0.002262873673765,0.0003314324594736,0.0024494767518132,0.0031419857997762,0.0036028389926641,0.0038358897484875,0.0030107056988316,0.0034886575180166,0.0038579963397518,0.0031741047068805,0.0029586539070727,0.0031584350974784,0.0031459155697072,0.0030632941938182,0.0029073419269674,0.0028285470438812,0.0026862061262112,0.0023739320346429,0.002377946272102,0.0023364737063946,0.0022997777796279,0.00222036009069,0.0022373653949569,0.0021318531409632,0.0045591077351321,0.0096128001783642,0.008379427507148,0.0087313762840979
1436,-0.0033750535316264,-0.0036712292674526,-0.0036700982966818,-0.0037212175412229,-0.0033253820378603,-0.0025566623434801,-1.82603007838167e-05,0.0021434745192092,0.0028528051143239,0.0033492193235595,0.0035953434958709,0.0027935270202953,0.0032763445695337,0.0036658993313372,0.0030832690531641,0.0029368981544554,0.0031687819587886,0.0032182210137997,0.003160898064905,0.0030102470491135,0.0028956504464064,0.0027842696285347,0.0025387936606197,0.0025486435491326,0.0025074981128365,0.0025023611173005,0.0023358717477918,0.0023561180535857,0.0022848825414692,0.0046724055980714,0.0096798028431257,0.0085630913829993,0.0088726512932051
1434,-0.0033695688722281,-0.0037122908823217,-0.0037452457372875,-0.0037794398774343,-0.0034161241259017,-0.0026980990449573,-0.0002086142004499,0.0019345447540236,0.002636736347682,0.0031383975741263,0.0033663285504438,0.0025627561571912,0.0030441136163806,0.0034282255184116,0.0029353615141463,0.0028431180270738,0.0030710905869185,0.0031891444534855,0.0031840030467715,0.0030239903835032,0.0028822292424268,0.002806722231916,0.0026197916775687,0.0026446983132724,0.0026224187932539,0.0026215966299281,0.0023612864296307,0.0023951660244705,0.0023532151486792,0.0047077563931223,0.009660778985224,0.0086276750578044,0.0088762907603397
1432,-0.0033788810317546,-0.0037451062808966,-0.0038151587375219,-0.0038075562864877,-0.0034672112902266,-0.0027933793856294,-0.0003240595905566,0.0018014685302223,0.0024838297242881,0.002984248814061,0.0031844116066082,0.0023968479996523,0.0028722568252785,0.0032527192920552,0.0028007998055717,0.0027604499367558,0.0029576580968393,0.0031348330282569,0.0031678148347333,0.0029943051961206,0.0028339287547654,0.0027815741875771,0.0026263256885637,0.0026634503428345,0.0026533378580842,0.0026369354213098,0.0023359128648132,0.0023837664099122,0.0023466374912628,0.0046793535480114,0.0096025112872169,0.0086017886214363,0.0088163368024043
1430,-0.0034187644458737,-0.0037884235644316,-0.0038936810126191,-0.0038395268645678,-0.0035080344751109,-0.0028780696154877,-0.0004126426925167,0.0017174394241381,0.0023800843159477,0.0028768060834024,0.0030519879501902,0.0023207543132892,0.0027823898356396,0.0031649774992094,0.0027167976903877,0.0027118721286953,0.0028797783084698,0.0031051820004761,0.0031298926190685,0.0029523616338931,0.0027839737787858,0.0027385699947946,0.0025995782967815,0.0026314016101271,0.0026112014367053,0.0025843164609706,0.0022196234733197,0.0022698336990311,0.0022243764420921,0.0045461794838663,0.0094608353538937,0.0084572431524882,0.0086685970350843
1428,-0.0034316448287074,-0.0037896901251468,-0.0039162488289674,-0.0038341038678446,-0.003497605706544,-0.0029151056634487,-0.0004429049235745,0.0017132663477701,0.0023696258317418,0.0028542956554754,0.003010930418154,0.0023437279024517,0.002791008784305,0.0031673288420732,0.0027173558763342,0.0027074266189319,0.0028672021534987,0.0031347072628167,0.0031063005556809,0.0029392256887305,0.0027887530189447,0.0027313962593864,0.0026027073917571,0.0026085699221316,0.0025652049517515,0.002542276509253,0.002051566915751,0.002093357895819,0.0020494841634844,0.0043864351418027,0.0093075604925221,0.0082611683522908,0.0084882805052972
1426,-0.0034098277767949,-0.0037635905671103,-0.0038946799604114,-0.0038158141720438,-0.0034679567264128,-0.0029197857566032,-0.0004210778861356,0.0017778943968705,0.0024512293866263,0.0029292575002923,0.0030794072656317,0.002445209321133,0.0028960451098365,0.0032585735474738,0.0028245538379221,0.002778249203264,0.0029547478918831,0.0032529438568642,0.0031582027871881,0.003012329349661,0.0029050659556605,0.0028174372764592,0.0026924390392412,0.0026635774767596,0.0026025847037352,0.0025868397057719,0.0019916716970115,0.0020250476781644,0.0020069350048117,0.0043868558482075,0.0093257161261987,0.00820091472256,0.0084552693207313
1424,-0.0034053771165323,-0.0037786413686239,-0.0039048254774947,-0.0038540543895085,-0.0034986059494252,-0.0029555350680912,-0.0004082360228661,0.0018347272783154,0.002545435529802,0.0030449997167068,0.0032055977882346,0.00257677329689,0.0030569646577664,0.0034175986167384,0.0030186802392598,0.0029416930582389,0.0031508964812874,0.0034502806874268,0.0033075169115065,0.0031869111580958,0.0031199119656288,0.0029959412921446,0.0028659631702551,0.0028094888051905,0.0027418605922154,0.0027240181478769,0.0021400726169574,0.0021708704509116,0.0021966095773792,0.0046225406764654,0.0095807833558839,0.0083899730083045,0.0086782596339912
1422,-0.003462688333636,-0.0038625645351426,-0.0039794746699517,-0.003964010424242,-0.003609040116976,-0.0030417042297063,-0.0004410850219184,0.0018174935473766,0.0025703697471793,0.0031199984836623,0.0033043403219141,0.0026812428469737,0.0032026162996703,0.0035870029395753,0.0032287431885865,0.0031517120375241,0.0033916280358648,0.0036526535188351,0.0034947454564784,0.0033939167254153,0.0033371863761863,0.003189037035117,0.0030447245805697,0.0029772790432237,0.0029066321193543,0.0028775561232698,0.0024095041796367,0.0024403210919977,0.0025091766844352,0.0049511253999686,0.0099182204094077,0.0087359384225129,0.0090556738156084
1420,-0.0035652260180499,-0.0039586867212202,-0.0040587096303614,-0.0040657686191881,-0.0037117762464802,-0.0030990124308531,-0.0004719289856894,0.0017382489284432,0.0025152953140331,0.0031069628347082,0.0033128674143709,0.0027046101900062,0.0032512835153831,0.0036719943788771,0.0033415258121546,0.0032845456291482,0.0035305462739205,0.0037354617044722,0.003592692056806,0.003493758539879,0.0034252611411959,0.0032735862652538,0.0031051899469878,0.0030412602913699,0.0029656531025138,0.0029284171783102,0.0025591493189104,0.0025851853845008,0.0026867661267299,0.0050966230065421,0.0100608126015594,0.0089579821527347,0.0092930654005103
1418,-0.0036052852729409,-0.0039505988212209,-0.0040205008905147,-0.0040263186832378,-0.003660575088719,-0.0029922913383949,-0.0003838228047771,0.0017084281126463,0.0024757120402689,0.003059235548598,0.0032675418645399,0.0026523633400259,0.0031924040951872,0.0036269507977974,0.0032973708706063,0.0032507886535676,0.0034753646827396,0.0036411860181149,0.0035251288926706,0.0034113495717062,0.0033439458263897,0.0031995468592107,0.003004293848438,0.0029459287350384,0.0028675520038589,0.0028376712574246,0.002429476155185,0.0024392472117002,0.0025791182545341,0.0049302880144207,0.0098965430696899,0.0088300063383077,0.0091547670806436
1416,-0.003459350681649,-0.0037587766884829,-0.0037906280367916,-0.0037789715838406,-0.0033925519396054,-0.002679787622184,-0.0001178546662986,0.001842767948811,0.0025712808165203,0.0031057780153677,0.0032982452321584,0.0026231228072914,0.003136931876119,0.0035481434500805,0.0031879128506774,0.0031417310099408,0.0033437058153693,0.0034786519371542,0.0033857258666824,0.0032608694200732,0.0032060788120721,0.0030722975757657,0.0028623329734522,0.002809537279662,0.0027352679101892,0.0027241444374773,0.0021692330002331,0.0021530838944719,0.0023436695934145,0.0046551152540606,0.0096386424519879,0.0084826103130869,0.0087744434183866
1414,-0.0031053620249365,-0.0033896804861962,-0.0033918291057942,-0.0033589762047267,-0.002961706931227,-0.0022391054071734,0.000274413645969,0.0021571821523996,0.0028346906849463,0.0033173749410767,0.0034885063635235,0.0027104002027999,0.003195308427359,0.0035631511132182,0.0031405068705518,0.0031081218823734,0.0033020082157156,0.0033849554021027,0.0033144215445028,0.0031925273598738,0.0031262141032295,0.0030123562548977,0.0028060943571631,0.0027712262582799,0.0027055305145716,0.0027102914500515,0.0020149604697766,0.0019767149110358,0.0021981802564404,0.0045063479271865,0.0095075267006523,0.0081938147759395,0.0084431536852132
1412,-0.0026183222314039,-0.0029112483352104,-0.0029069755499655,-0.00285499673919,-0.0024657765176404,-0.0017724618018371,0.0007063702984025,0.0025831317522809,0.0032167662208249,0.0036635524166357,0.0038164382310275,0.0029313404384143,0.0033918638189163,0.0037154455344729,0.0032070982429593,0.003207897998588,0.0034018197316518,0.0034145209346459,0.0033690711866802,0.0032558943657768,0.0031446648421699,0.0030576525015904,0.0028691147203419,0.0028642848601116,0.0028074064219371,0.0028177911681497,0.0020604383776671,0.0020192470442836,0.0022223165412151,0.0045469955160792,0.0095485328193932,0.0080959672454046,0.0083112761303472
1410,-0.0021262060300287,-0.0024437455441206,-0.0024619176239903,-0.0023956463107899,-0.0020271131531284,-0.0013839592434173,0.0010844426338384,0.00298338164958,0.0035982813325709,0.0040279835216022,0.004169872275661,0.0032281628204631,0.0036735034870946,0.003963710425207,0.0033750780042042,0.0034183552560715,0.0036131692177771,0.0035586145703808,0.0035340856772301,0.0034266178372403,0.0032591013229873,0.0031915792857209,0.0030320128083098,0.003045387411605,0.0029925063313624,0.0030012718862791,0.002282157581819,0.0022596895708714,0.0024039210320218,0.0047367012328853,0.0097153435987874,0.0081913971690533,0.0083953066559535
1408,-0.0017580599905105,-0.0021169805797378,-0.002179862185239,-0.0021064024248499,-0.0017602138261626,-0.0011651409501183,0.0013167571999432,0.0031912382277512,0.0038132154611882,0.0042422186310254,0.0043809055941166,0.0034817318419182,0.0039221873662099,0.004197368136773,0.0035770756880617,0.0036657530375763,0.0038594034914553,0.003752565835516,0.0037352693635396,0.0036297495935119,0.0034185801199076,0.0033569192408796,0.0032411297876858,0.003231528014692,0.0031702882935358,0.0031794283668084,0.0025677436025674,0.0025671870500335,0.0026459996075101,0.004960761679707,0.0098964450225885,0.0084013257246634,0.0086118187584505
1406,-0.0015447943180676,-0.0019550566457828,-0.0020697537111095,-0.0019960383813809,-0.0016695850891281,-0.0011127276918772,0.0013886887906165,0.0031636307903112,0.0037939949795165,0.0042316808815498,0.0043703416214588,0.0036021371571923,0.0040419429466045,0.004321237372124,0.003738547394975,0.003877418330089,0.0040617171318785,0.003921100666239,0.0038957330985845,0.0037895142840097,0.0035554839655295,0.0034981905410642,0.0034406202168877,0.0033642186623557,0.0032791638432002,0.0032969037576721,0.0027795864741889,0.0027782917093566,0.0028043306020298,0.0050887601756765,0.0099734503353707,0.008623864321725,0.008837382968375
1404,-0.0013575654599204,-0.0018118040619018,-0.0019728010167399,-0.0019024372497778,-0.001595107454288,-0.0010685490629046,0.0014443196711571,0.0031045406164727,0.0037278209728117,0.0041810246977133,0.0043201413587448,0.0036837340717939,0.0041239775783032,0.0044211955705805,0.0039076346186566,0.0040997993459178,0.0042622608677347,0.0041118583177254,0.0040694316861992,0.0039571001753989,0.003715228899949,0.0036715798061624,0.0036703897565379,0.0035137032285564,0.0033992110361353,0.0034293000628609,0.0029403099793571,0.0029141394769392,0.0028882036807628,0.0051661324906398,0.0100132877240894,0.0088819400982581,0.0090876614810835
1402,-0.0010210560738742,-0.0015065247822049,-0.0017059988885377,-0.0016397047816719,-0.0013489096808729,-0.0008366931467561,0.0016940472261413,0.0032854884803857,0.0039110064665579,0.0043977916932835,0.004546167058873,0.0039666478680474,0.0044176013420478,0.004743890459474,0.0042675487793572,0.004508652566177,0.0046489662123119,0.0045083126636227,0.0044451369199309,0.0043221831511917,0.004075167868738,0.0040450072014953,0.0040781489132634,0.0038521361402817,0.0037162058750429,0.0037548149110933,0.0032712436729695,0.0032222289150426,0.0031350135863013,0.0054434912858423,0.0102851325252248,0.0093467528067113,0.009554689856567
1400,-0.0004811311588136,-0.0010001073070565,-0.0012349737382429,-0.0011736460753743,-0.000891426141241,-0.0003687683176872,0.002208702700659,0.0037615482527375,0.004434036577541,0.0049810507990258,0.0051577899971914,0.0045653401922095,0.0050457488482864,0.0054110944583616,0.0049166318813192,0.0052041196822664,0.0053447683497607,0.0052045652942809,0.0051199734632788,0.0049945272051651,0.004729204521399,0.0047006787116047,0.0047450908871759,0.0044599801332224,0.0043131123871155,0.0043581872227584,0.0039159170743599,0.003866271834772,0.0037237985045654,0.0060722435806035,0.0109390366856628,0.0100882567725142,0.0103227694796075
1398,0.0001229951791323,-0.0004469446978047,-0.0007201342651511,-0.0006656177855088,-0.0003885825556724,0.0001499536327802,0.0027918130838658,0.0043070472461418,0.0050579795293594,0.0056678175095428,0.0058828458093436,0.0052508769857059,0.0057674694448024,0.0061657899688355,0.0056336841857673,0.0059794695138957,0.0061522358478289,0.0059665169813592,0.0058660139343491,0.0057635020056947,0.005458737380657,0.005428332328679,0.0054837262942409,0.0051557702791376,0.005002630274026,0.0050603664731413,0.0046549752802811,0.0046215864077053,0.0044497423462081,0.0068082656490174,0.0117034919480442,0.0108218910170426,0.0110831958174538
1396,0.000501734870621,-0.0001292196028269,-0.0004441253148738,-0.0003959463091484,-0.0001391155717489,0.0003794211222705,0.0030530516101185,0.0045799645680627,0.0053706568906224,0.0059947110616545,0.0062252882913911,0.0055486707547489,0.0060792690001176,0.0064743788395599,0.0059483981079831,0.0063678443286072,0.0065830083877011,0.006306071050999,0.0061991437314027,0.0061447675782943,0.0058017670218984,0.0057828940448846,0.0058759053895816,0.0055525960700829,0.0053957813379056,0.0054727137102741,0.0049872857516596,0.0049665229861643,0.0047884186097945,0.007120735918652,0.0120147296196078,0.011056891413289,0.0113022408043725
1394,0.0005023697407852,-0.0001783337793477,-0.0005282370791653,-0.0004814129792399,-0.0002684486767725,0.000191892401178,0.0028373595159322,0.0044829399403275,0.0052396862958125,0.0058223974500949,0.0060313642662084,0.005312220339579,0.0058277476486951,0.0061819232970092,0.0057243209985649,0.0062079976012835,0.0064466274545784,0.0060824124867259,0.0059688678278028,0.0059616023269508,0.0056170659472983,0.0056168837514573,0.0057718640876179,0.0055084431267052,0.005353111390327,0.0054448616632789,0.0047675862717578,0.0047465033505674,0.0045681610915671,0.0068753583843773,0.0117486971068919,0.0107660907765182,0.010954438012585
1392,0.0002673410341075,-0.0004484422481363,-0.0008178149666331,-0.0007668587303778,-0.0006063954781087,-0.0002007280529373,0.0023828111986868,0.0041940852251089,0.004893142572361,0.005431566283238,0.0056084866533697,0.0048791153275026,0.0053748778378986,0.0056855384892228,0.0053207654073023,0.0058391458299273,0.0060836011134803,0.0056714049449434,0.0055397130771648,0.0055597338465227,0.0052470346945427,0.0052533403409052,0.0054701830548322,0.0052789245594332,0.0051274271699385,0.0052248324563184,0.0043911517426386,0.0043646720090775,0.0041910060419724,0.0064985999122795,0.0113728023836762,0.0104162378823824,0.0105511406589308
1390,-3.4072920812432e-05,-0.0007784989724746,-0.0011552233944831,-0.0010979059817142,-0.000980269247026,-0.0006064192038186,0.0019045032701567,0.0038189633996783,0.0044829672231461,0.0050067481662132,0.0051662610774996,0.0044883716145487,0.0049747209993728,0.0052615776661409,0.004985584987115,0.0055156215189721,0.0057634644591546,0.0053426683825952,0.0051861569799996,0.0052177685221076,0.004939816344283,0.0049401073959327,0.005205915886015,0.0050577660496972,0.004906208452792,0.0050056440357234,0.0041500975685318,0.0041186327435554,0.0039631839499189,0.0062815657086502,0.01118472247424,0.0102208798887111,0.0103333180024018
1388,-0.000349769773344,-0.0011111708812487,-0.0014917511592736,-0.0014282039023287,-0.0013319533181955,-0.0009804384113251,0.0014515998816905,0.0033652292509282,0.0040113511087527,0.0045348441253447,0.0046897349342713,0.0041037369862878,0.0045828517609865,0.0048596070688036,0.0046612547803718,0.0051933282940306,0.0054447486971358,0.0050520649908587,0.0048820568641344,0.0049185442465059,0.0046606827841558,0.0046566912753292,0.004957477079634,0.0048119869273953,0.0046568018845222,0.0047583517677057,0.0039978661728108,0.0039601428127712,0.0038350876521008,0.0061514975884694,0.0110720599276634,0.0099910084474833,0.0101143449842101
1386,-0.0006742437240988,-0.0014215685889124,-0.0018020564384458,-0.0017315704294783,-0.0016293444345247,-0.0012984689547881,0.0010705049823702,0.0029458265888274,0.0035668374082607,0.0040756204467711,0.0042231822800192,0.0036944760542757,0.0041555183189612,0.0044227134841273,0.0042765648580905,0.004801829899466,0.0050508303204012,0.0047166060960597,0.0045590872821921,0.0045961003695492,0.0043498925601227,0.0043498588771789,0.0046676690924123,0.0044967159093773,0.0043432017568775,0.0044436579624185,0.0037944748400268,0.0037495469459616,0.0036588651819604,0.0059591873584122,0.0108485303455637,0.0095485628110727,0.0097070600031094
1384,-0.0010080157160612,-0.0016998917161205,-0.0020611022513274,-0.0019812691725489,-0.0018492979464501,-0.0015170520672283,0.0008448640460769,0.0027471625751541,0.0033376910450667,0.0038172449134784,0.0039512220279031,0.0033984808403772,0.0038340999735561,0.0040942693069406,0.003952011767179,0.0044459403105134,0.0046856296977549,0.0044178736492133,0.0042928793401444,0.0043210531935329,0.0040937253116458,0.0040957308755897,0.0044013490887904,0.0041991404023255,0.0040588858899841,0.0041507623537077,0.0035341168496411,0.0034864933899306,0.0034346177501759,0.0057271082101993,0.0105655983377615,0.0090515525309906,0.0092509081694566
1382,-0.0013825846836305,-0.0019821255800516,-0.0022879574087053,-0.0021991407030101,-0.0020190046821465,-0.0016378939278352,0.0007833142376376,0.0027887027125641,0.0033671599158778,0.0038253750850764,0.0039530304171061,0.0033277568936716,0.0037471921451932,0.004016206306282,0.0038192129315402,0.0042329271636459,0.0044592867316717,0.0042556175413057,0.0041650330911028,0.0041643409903617,0.0039721765854966,0.0039626175065641,0.0042096488170589,0.0039861481601207,0.0038675999262334,0.0039422216924486,0.003278720790334,0.0032359000649426,0.0032347953206143,0.0055471063698215,0.010383790759188,0.0087620955290266,0.0089893469100916
1380,-0.0018279532945435,-0.0022939516439311,-0.0024980842029157,-0.0024093441625422,-0.0021534564354105,-0.0016649875438942,0.0008513533166045,0.0029446438407963,0.0035420248739046,0.003995752343662,0.0041378924555301,0.0034324866621981,0.0038572003602245,0.0041582816538497,0.0038441208018153,0.0040964964410848,0.004302945667794,0.0041853144105233,0.0041212037685505,0.004057253585661,0.0039230152620633,0.003883710571919,0.004000653714953,0.0037737300800283,0.0036829381559036,0.0037272216903131,0.0030156250713201,0.0029831031830972,0.0030420756338233,0.0054008053911029,0.0103135964309552,0.0087225871035235,0.0089603376101891
1378,-0.0022407289901938,-0.0025160538934742,-0.0025678222214507,-0.0024983178584504,-0.0021182820981936,-0.0014643298930597,0.0011365065452625,0.0031723768422228,0.0038141749439237,0.004269946515487,0.0044507278038609,0.0036478582473142,0.0041002844854483,0.0044535463237785,0.0039466171542048,0.003927600148909,0.0041048865501191,0.004122233600787,0.0040775674022328,0.0039100474340526,0.003859009309152,0.0037661664326258,0.0036630865649061,0.0034568675533757,0.0034049002275105,0.0033966920085318,0.0027427163535081,0.0027254638593238,0.0028323469151608,0.0052409486224282,0.010267590125274,0.0088198777742608,0.0090641156902035
1376,-0.0022552030838965,-0.0023081244434931,-0.0021832415668763,-0.0021488311404426,-0.0016093133406101,-0.0007693463721522,0.0018632928797126,0.003624328138181,0.0043163824384287,0.0047688517932768,0.0049980425199075,0.0040560160650285,0.0045423024756131,0.0049508537848243,0.004183910825198,0.0038342050031558,0.0039848090036944,0.0041408996336582,0.004111125691701,0.0038347391061268,0.0038617076670044,0.0036920998123993,0.0033320854890462,0.0031673543987984,0.0031636557110015,0.0030873912730747,0.0026528375495988,0.0026601389925806,0.0027690248390299,0.0051880577270853,0.01027127224181,0.0089746654490921,0.0092377801776653
1374,-0.0015173367644204,-0.0014390924020717,-0.0012046137775513,-0.0011909211027333,-0.0005536517188041,0.0003849952945478,0.0029867924569328,0.0043996917235026,0.0051171179460399,0.0055622107154086,0.0058145248135676,0.0047366183546753,0.0052334461159342,0.0056664984550924,0.0046726156102269,0.0041315478571904,0.0042789698539097,0.0044498395617949,0.0044244621856382,0.0041113807028773,0.0041479596197868,0.0039156402393327,0.0034217685767684,0.0032919131319677,0.003316465188439,0.0032011929857003,0.0030118019848331,0.0030505076189219,0.0031010641593442,0.005469168414952,0.0104890213961233,0.0092145559378194,0.0094949754942833
1372,-0.0002937197992542,-0.0002739763583456,-7.26034677022895e-05,-4.16165781784269e-05,0.0005521477887581,0.0014310047042416,0.0039736791173948,0.0052208937179255,0.0059267081485602,0.0063681764931896,0.0065996175231745,0.0054666580774067,0.0059458463900462,0.0063550071540963,0.0052929237232232,0.0048418196242864,0.0050075117661539,0.0050384377134681,0.0049992376619609,0.0047439180030168,0.0047161513961682,0.0044840193068393,0.00406624408976,0.0039360467323729,0.0039409604904694,0.0038504602919479,0.0037188261946308,0.0037768316777159,0.0037409036957102,0.0060412604651076,0.010934032086059,0.0095821193161494,0.0098479813560222
1370,0.0008374357563807,0.0006732723414344,0.0007408009012357,0.0008095990118015,0.0012738485159893,0.0020047807894891,0.004496539646984,0.0057932684388784,0.0064766269355216,0.0069232972012857,0.0071146370095528,0.0060066864505585,0.0064670201101862,0.0068295000774024,0.0058515510214928,0.0056663414398647,0.005853154805706,0.0057065993890422,0.0056435144490691,0.0054804824620651,0.0053740891603865,0.0051964747951821,0.0049631936960357,0.0048025020834822,0.0047552801709578,0.0047279424564499,0.0044794724570884,0.0045321398370488,0.0044223786211395,0.0066869113060014,0.0114670269760157,0.0100757814978451,0.0103039154212791
1368,0.0016308998043013,0.0012685269050438,0.0011864563079994,0.0012852208580429,0.0016229593277066,0.0022177577731178,0.0046768007623391,0.0061076057213444,0.0067872364436392,0.0072532956871455,0.007417895533703,0.006384828236272,0.0068443478111093,0.0071715245387906,0.0063445324869744,0.006438300841502,0.0066433071163135,0.0063710894869002,0.0062908724584389,0.006207438439637,0.0060372354640059,0.0059264746839038,0.0058687159494942,0.0056702562680179,0.0055680297505894,0.0056037028567915,0.005205714606886,0.0052363166754767,0.0050774128533786,0.0073351400560441,0.0120376791828991,0.0106666637937583,0.010862348537784
1366,0.0020991862510437,0.001577382119471,0.0013760425462941,0.0014832366323351,0.0017309582008984,0.0022364349678254,0.0046738024190133,0.006229169041421,0.0069260988712124,0.007425747032878,0.0075891684970955,0.0066764076024782,0.0071520167640078,0.0074677998274798,0.006797387886811,0.0071072432951896,0.0073305542528174,0.00699470228038,0.006912437334049,0.0068880556027386,0.0066590447704323,0.0066011950952701,0.006673240953626,0.0064481987818747,0.0063035602668702,0.0063867712011566,0.0058787423488532,0.0058859051816617,0.0056936304630972,0.0079489948871632,0.0126124285844628,0.0112471108305271,0.0114267578230244
1364,0.0023044634840094,0.0016664546207809,0.0013806265909298,0.0014771359653359,0.0016615346884382,0.0021034162004056,0.0045203159586548,0.006168608787809,0.0068777349772101,0.0074098166052403,0.007586374287816,0.0068210424515496,0.0073157606146524,0.007631540350331,0.0070938263093488,0.0075469172195519,0.0077893242604575,0.0074212039244016,0.0073435807444362,0.0073630087949511,0.0070764001567709,0.0070533762442589,0.0072239873537963,0.0069885438289726,0.0068181972244235,0.0069341643888021,0.006341125231005,0.0063337394343605,0.0061081059226378,0.0083552575985018,0.0130254821290787,0.01161023135198,0.0117842649277085
1362,0.0023477244908356,0.0016264178113981,0.0012780947471626,0.0013611631488049,0.0014927588203207,0.0018655949769397,0.004265328591216,0.0059858919169628,0.0066746716144559,0.0072148776349953,0.0073938581275373,0.0067328249026517,0.0072329763339752,0.0075361117376157,0.0070885901206946,0.007629749828133,0.0078888963332925,0.0074747945533781,0.0073889672097801,0.0074403881524137,0.0071189889782608,0.0071188584716096,0.0073801566418828,0.0071360550374157,0.0069542805251544,0.0070926820682857,0.0064034315038604,0.0063885139397444,0.0061197870513055,0.0083669750177762,0.0130811217056558,0.0116257862742656,0.0117943544729126
1360,0.0023820541579419,0.0016069188104337,0.0012141321009496,0.0012970649539357,0.0013883014278783,0.0016902056385057,0.0040880784975587,0.0058602195642498,0.00650589860981,0.0070279230197255,0.0071869693929668,0.0065279915203273,0.0070152067749556,0.0072872960536069,0.0068837154885891,0.0074809875280788,0.0077507363222611,0.0072569139893207,0.0071437701298787,0.0072177225584164,0.0068997402896271,0.006914072674112,0.0072601133666253,0.0069925710978471,0.0068050464379184,0.0069585422372728,0.0061634773889153,0.0061381996000346,0.0058216634012237,0.0080906384297768,0.0128513801710361,0.0114537400181423,0.0116106606756112
1358,0.0025087030625345,0.0017090642524047,0.0012958526173362,0.0013907202960145,0.0014637425376303,0.0017180405902198,0.0041256899117525,0.0059112939466515,0.0065236815631028,0.0070231318566752,0.0071536159925954,0.0064219676465375,0.0068879772944586,0.0071296413104189,0.006744926087372,0.0073807308763279,0.0076523493480916,0.0070779423038022,0.006934580772887,0.0070244358083109,0.006728460776777,0.0067472631094969,0.0071552906892969,0.0068599521489746,0.006664004052908,0.0068270171574404,0.0059406081166445,0.0058999221064415,0.0055423368434653,0.0078394203883713,0.0126181701671414,0.0113458736376258,0.0114822239092605
1356,0.0027209043666406,0.0019157772127771,0.0015021851032223,0.001610779218702,0.0016853283455176,0.0019207928429475,0.0043252725956782,0.0060807928589218,0.0066793554416393,0.0071669426292534,0.0072768495991701,0.0064580238289815,0.0069057827637237,0.0071336896216493,0.0067704305653935,0.0074321721075804,0.0076970785071647,0.0070902369043051,0.0069292898519964,0.007027676024835,0.0067455676885011,0.0067599570912203,0.0071958746043263,0.0068938580949215,0.0066860839875085,0.0068549599006261,0.0058974012332049,0.0058438147250584,0.0054622714632283,0.0077638950798083,0.012519982860193,0.0113421516894162,0.011448641287151
1354,0.0029571239128543,0.0021471588411353,0.0017363630272818,0.001857471322481,0.0019417100250211,0.0021740162841066,0.0045426115395424,0.0062441690087086,0.0068333249928135,0.0073173033050156,0.0074181772225257,0.0065259302778262,0.0069631970181657,0.0071921518516443,0.0068616084938997,0.0075372951032475,0.00779278118327,0.0072116586391773,0.0070465028793474,0.0071421891838598,0.0068591768154645,0.0068674683423937,0.0073009559145456,0.0070193843617866,0.0068015525354992,0.0069746916164364,0.0059668357466463,0.0059073681475403,0.0055307847799695,0.0077993617168709,0.0124919260934252,0.0113348222504529,0.0114062740774389
1352,0.0031411079412131,0.0023157597087753,0.0018993290613987,0.0020368428252472,0.0021292495066505,0.0023651408580068,0.0046749997689688,0.0063296371765139,0.0069005589367458,0.0073811067234998,0.0074783763102471,0.0065382518663622,0.0069711228926986,0.0072030669113042,0.006901318644522,0.0075762142156576,0.0078276716204384,0.0072864868934407,0.0071233284614448,0.0072057825279196,0.0069123774813822,0.0069212219788534,0.0073370711063777,0.0070812004420264,0.0068590267910177,0.0070357196674877,0.0060122872212265,0.0059481343282682,0.005608833039535,0.0078235393749793,0.0124321632340039,0.0112522756328561,0.0112900953744666
1350,0.0031891397027704,0.0023427699381234,0.0019182780521389,0.0020772421547262,0.0021709241775498,0.0024160591413839,0.0046797506994283,0.0063181236885831,0.0068649790770639,0.007339223833697,0.0074316518717375,0.0064938343693076,0.0069227364594646,0.0071497179912876,0.0068579250174207,0.007515654931455,0.0077680462883161,0.0072342522413381,0.0070745895802491,0.007142427759155,0.0068300786607541,0.0068479632332038,0.007247550087002,0.0070016442096586,0.0067794101841115,0.0069570176303901,0.0059504131496624,0.0058747966109496,0.0055827215428981,0.0077591512648978,0.0123126140213026,0.0111004113517946,0.0111108833401382
1348,0.0030397930036778,0.0021760494813297,0.001750190135329,0.0019261997662509,0.0020101432489039,0.0022633916579731,0.0045234573500434,0.0061924237386085,0.0067220648232545,0.00719042160504,0.007277149268579,0.0064058823653487,0.0068288715461725,0.0070454834958414,0.0067565203228386,0.0073907370306582,0.0076408931929556,0.007094360165179,0.0069379689886699,0.0069994913336061,0.0066598203095522,0.0066892490067177,0.0070822055534575,0.0068352458504354,0.0066142862677057,0.0067867154791374,0.0057833266474434,0.0056922548752684,0.0054229347336531,0.0076022630195513,0.0121743081401259,0.0109198584894501,0.0109173232654797
1346,0.0027152588915586,0.0018373927497141,0.0014100115895334,0.0015884822476584,0.0016523719250998,0.0019019473120685,0.0042048952602473,0.0059652029319383,0.0064984833797179,0.0069693813389371,0.0070593185645988,0.0062870714451222,0.0067092386122415,0.0069223366199813,0.0066561932492105,0.0072821920179783,0.0075274864403824,0.0069976458253773,0.0068404170085423,0.0069049965855422,0.0065413581861803,0.0065767848328021,0.0069714408362395,0.0067253225197875,0.0065066210249266,0.0066679810348482,0.0056111334545563,0.0055113086381973,0.0052355771807114,0.0074545326553358,0.0121122928292423,0.0108078843154323,0.0108223959491785
1344,0.0023343395603612,0.0014414713181745,0.0009976937590793,0.0011647029291486,0.0012097198064975,0.001447910369461,0.0038221885317987,0.005727843336484,0.0062976120457088,0.0067890796040094,0.0069033530294001,0.0062136634241922,0.006651068253769,0.0068767456278237,0.0066634432804869,0.007309713498482,0.0075609951600669,0.0070918755521472,0.0069252865886266,0.0069961381096852,0.0066283560185814,0.006659062918617,0.0070572782213153,0.0068122155382786,0.006595572878052,0.0067464708039502,0.0056091805963467,0.0055113600664342,0.0052379517452408,0.0075057000387496,0.012259321258215,0.0109149926163881,0.0109851259942736
1342,0.0020321668500307,0.0011285802908551,0.0006532206415375,0.000803862818473,0.0008466126577823,0.0010850108318516,0.0035282026794889,0.0055826899724414,0.0062196200187135,0.006750074393128,0.006908557401858,0.0062756539191234,0.0067450211315272,0.0069926375708251,0.0068450436674241,0.0075258256234937,0.0078012334744627,0.0073990745845362,0.0072157087856273,0.0072898303496867,0.0069408472021465,0.0069554977301933,0.007351951864817,0.0071051970444706,0.006885177217738,0.0070341486583297,0.0058796091760847,0.0057876707172021,0.0055654819184535,0.0078608260154639,0.0126608048942046,0.0112777665934164,0.0114216930812099
1340,0.0018670831845309,0.0009686352783548,0.0004666475297147,0.0006041603851002,0.0006627489471567,0.0009211056115259,0.0033947161317951,0.0055227893218613,0.0062239258865346,0.0067904994635858,0.0069855356932878,0.0064079997224749,0.0069074161197191,0.0071629924404058,0.0070629475947307,0.0077589622161988,0.008060720250856,0.0076862905855624,0.0074865445864252,0.0075589554822627,0.0072370073270862,0.0072307902676659,0.0076183496997152,0.007382115914448,0.0071505264169886,0.0073073430667681,0.0062514764122762,0.0061618811010606,0.0060266686900069,0.0083141875981499,0.0130877459237318,0.0116352164055684,0.011822939502757
1338,0.0017983884642199,0.0009203663820037,0.0004176379296177,0.0005494108308522,0.0006216380989932,0.000897480844279,0.003346148648157,0.0054429134964605,0.0061557959948541,0.0067237908707929,0.0069112990476688,0.00638227927641,0.0068845984525853,0.0071171354196698,0.0070205317289171,0.0076982253628507,0.008003622451627,0.0076079029186569,0.0074016952577548,0.0074702188038814,0.0071640622684024,0.0071467316772317,0.0075277021832577,0.0073240398486649,0.0070818918127825,0.0072484371196384,0.0063376438830133,0.006248587904193,0.0061615801659087,0.0084189725145738,0.013114219054479,0.0115828806568383,0.0117501692517377
1336,0.0017514890133789,0.000891210138306,0.0004093676129395,0.0005442752073472,0.0006088944017812,0.0008745034218205,0.0032713316273761,0.0053101645448853,0.0059778417763566,0.0065106244416854,0.0066498841320828,0.0061218639258359,0.006599964905672,0.0067947267731125,0.0066590326660266,0.0073139516598092,0.0076018210829323,0.0071594760406283,0.0069606274516358,0.0070275198879287,0.0067193585658658,0.0067107075949291,0.007099745042969,0.0069229194804645,0.0066836896495287,0.0068545819963349,0.0060133932083251,0.0059284125599041,0.0057987217594263,0.0080307483376075,0.0126403568599664,0.011086907231903,0.0111948189094053
1334,0.0016920171793741,0.0008349273784403,0.0003744609989317,0.0005189274631145,0.0005611778674327,0.0007971086081295,0.0031587173672649,0.0052087394108995,0.0058218904967206,0.0063143570223919,0.0064073801609395,0.0058330976449973,0.0062853390499538,0.0064570275691085,0.0062719552487911,0.0069307160599519,0.0072035090333529,0.0067123183382373,0.0065313612115712,0.0065997517451179,0.0062792599040244,0.0062922170462951,0.0067026488544608,0.0065198711298219,0.0062940794649232,0.0064658051544941,0.0055941161155841,0.0055149694738573,0.0052875334704441,0.0075097588300424,0.0120618840684263,0.0105212892632535,0.0105818414200155
1332,0.0016177714986677,0.0007553784886974,0.0003053746019634,0.0004586174807688,0.0004815415139226,0.0006931386960645,0.0030508035401108,0.005187563063785,0.0057710822251739,0.0062400098824287,0.006316227947105,0.0056957919142637,0.0061373469429157,0.0063075899603035,0.0061012472347702,0.0067846737663824,0.0070545203257143,0.0065250695489966,0.0063659178987749,0.0064364311066495,0.0061032137840394,0.0061362959283563,0.0065692819868858,0.006368573967237,0.0061536226048305,0.0063266249303094,0.0053785181691037,0.0053019679847699,0.0049890710290369,0.0072105910652743,0.0117514921917535,0.0101540569837919,0.0101972733954109
1330,0.0015343480655814,0.0006699439993975,0.0002222856552195,0.0003758743582923,0.0003916471725235,0.0005964457645914,0.0029698014672453,0.0051996242937539,0.0057735974082575,0.0062326251942618,0.006313775996605,0.005675939881352,0.0061176292646509,0.0062952373469914,0.0061137560633297,0.0068167562476594,0.0070867206491943,0.0065376756661708,0.006396281995517,0.0064682066953766,0.0061297483837253,0.0061727492204424,0.0066197821018866,0.0064319931665043,0.0062192050549327,0.0063927653572645,0.00536814770284,0.0052908045452764,0.0049413053623188,0.0071645656739142,0.0117400194822678,0.0099819912487617,0.0100248170508427
1328,0.0014650996754217,0.000607361990361,0.0001624025849772,0.0003073102296642,0.0003264833025733,0.000538250680436,0.0029281225213744,0.005182536673472,0.0057497183980475,0.0062025260188352,0.0062891218773628,0.0056432058827237,0.006083443105822,0.0062657378155047,0.0061338936784783,0.0068368997226385,0.0071018091384457,0.0065465953446954,0.0064130115979097,0.0064874969273509,0.0061549297457711,0.0061981213165917,0.0066494121490443,0.006512557125609,0.0062993336103172,0.0064693667461924,0.0054009627882801,0.0053232937812592,0.0049805604757727,0.0072050320153215,0.0118307690225375,0.0099254944753611,0.0099665610978525
1326,0.0014417849907852,0.0005953967825588,0.0001585662786809,0.0002934233078774,0.0003211818384609,0.0005456252941224,0.0029410721016137,0.0051400503883187,0.0057020921060511,0.0061532597369059,0.0062390092432541,0.0055669250269919,0.0060010900101957,0.0061864073504105,0.0060859849108486,0.0067774263572399,0.0070361182397936,0.0064718388562113,0.0063368889075061,0.0064161127964779,0.0060977114336297,0.0061356869999233,0.0065843836154227,0.006497526835143,0.006288860097901,0.0064520594118407,0.0054074464623338,0.005331495332949,0.005010109833255,0.0072321319938239,0.0118852756880824,0.0099854290563086,0.0100160929507168
1324,0.0014594256896347,0.0006214575432106,0.0001949720618794,0.0003245383485461,0.0003626278140899,0.0006013379378062,0.0029937611567167,0.005114486103961,0.0056840108129996,0.0061454146418584,0.006233314327141,0.0055270105108184,0.0059587388933349,0.0061516590766041,0.0060517411322095,0.0067333458936888,0.0069921377127769,0.0064146031508842,0.006273647316957,0.0063556895913614,0.0060552636055414,0.0060833805887468,0.006522488371482,0.0064580912812282,0.0062565331112621,0.0064142706826167,0.005457549282967,0.0053834480510134,0.0050789165065959,0.0072954040569148,0.0119531851985497,0.0101984613291941,0.010217446141486
1322,0.0014596506135713,0.0006235012553556,0.0002019322852542,0.0003294687778524,0.0003776761448981,0.0006297163249962,0.0030230077100168,0.0051127476503517,0.00570364028195,0.0061861294120712,0.0062838369436471,0.0055637548320018,0.0060029030331593,0.006210154236281,0.0061090177715985,0.0067866446118689,0.0070523927350773,0.0064762325667011,0.0063281181979607,0.0064063061897647,0.0061249813476401,0.0061387731379222,0.0065602913761384,0.0065079700249184,0.0063080446573419,0.0064650358855265,0.0055774874045336,0.005504799942628,0.0052134259319353,0.0074311760405199,0.0121095009490386,0.0105198583446137,0.0105432472479494
1320,0.0013756110126574,0.0005386882061978,0.0001142619714591,0.0002395104663441,0.0002961590867635,0.0005579163717893,0.0029621117741549,0.0050956196767216,0.0057098314822261,0.006213286620678,0.0063204477494031,0.0056138584414928,0.0060656767295555,0.0062930763862541,0.0062152870987871,0.006895832047176,0.0071706004973874,0.0066202932409309,0.006469406921699,0.0065404952234551,0.006272087317364,0.0062758262354651,0.0066783292312065,0.0066452554438309,0.0064396414512511,0.006600540145219,0.0056551681856377,0.0055854721909388,0.0053056890582686,0.0075422054387729,0.0122822277215432,0.0108104405839019,0.0108686467250506
1318,0.0012025140038289,0.0003704637575086,-5.66971749718263e-05,6.72767436653961e-05,0.0001315822320454,0.0004005559062596,0.0028091541648228,0.0050228843892188,0.0056512635246571,0.0061659997490047,0.0062741089597719,0.005592873682358,0.006052008607799,0.0063026706716069,0.0062589506526695,0.0069526999105974,0.007233381666317,0.0067200294408013,0.0065792275774358,0.0066502638910766,0.0063760427448773,0.0063879732676021,0.0067825378884573,0.0067513339645301,0.0065393756630304,0.0067066732644788,0.0055716693850717,0.0055071123857915,0.0052284281786023,0.0074957198772256,0.0123156241892473,0.0109396708185163,0.0110538930826506
1316,0.0010096219065502,0.0001901745151547,-0.0002313116708916,-0.0001039172956639,-3.03918968570395e-05,0.0002476316863635,0.0026313212670549,0.0048985450051099,0.0055289406248193,0.0060441256713958,0.0061462828694278,0.0054860760207082,0.005941420876971,0.0062102293441502,0.006181058389805,0.0068965359548518,0.007176404771805,0.0067012188969814,0.0065837198490827,0.0066650636499324,0.0063648726512847,0.0064050289551348,0.0068084537353567,0.0067271724650998,0.0065144892093572,0.0066879928394914,0.0053547217788566,0.0052952309143259,0.0050021554163365,0.0072923324569463,0.0121688388206523,0.0108849456909398,0.0110422631432687
1314,0.0008731202323632,6.65773285484156e-05,-0.0003444734442825,-0.0002097809596642,-0.0001261465877387,0.0001632320254877,0.002504143188266,0.00478022925263,0.0054005710008667,0.0059080418064122,0.0060023420395553,0.0053399256306428,0.0057830189313116,0.0060539314830094,0.0060173984668449,0.0067530754675755,0.0070251848271889,0.0065975352804197,0.0065022072400958,0.006595146566355,0.0062687311837743,0.0063404906319533,0.0067640494322636,0.006593749218357,0.0063861860114246,0.0065635560153573,0.0051364149424493,0.0050803110105495,0.0047719904111288,0.007064658225015,0.0119580592386771,0.0107200919637466,0.01087938842604
1312,0.000812448100745,1.27601454696049e-05,-0.0003937096973469,-0.0002536233492572,-0.0001629965231276,0.0001349121765906,0.0024623403315921,0.0047369220889722,0.0053385680324712,0.0058329983909506,0.005919775039525,0.0052111463606226,0.0056404806761124,0.0058961054836551,0.005850800530812,0.0065973077220085,0.0068591511337518,0.0064877055877472,0.006397452786077,0.0064939275937717,0.0061656997012268,0.0062529330148732,0.0066987418322426,0.0064526862647177,0.0062535496804934,0.0064316580677776,0.0050205883205627,0.0049656734002344,0.0046604758510429,0.0069398236106192,0.0118155676376653,0.0105414079825662,0.0106673230693894
1310,0.000785866060383,-9.96884718890605e-06,-0.0004200140429493,-0.0002810072406119,-0.0001892321785747,0.0001095553432234,0.0024801858915213,0.0047667217138198,0.0053511252593512,0.0058316499561104,0.0059134068934422,0.0051295877633421,0.0055497948904495,0.0057843709252229,0.005738534946695,0.0064874225775664,0.0067408316283954,0.006415668371238,0.0063127630553049,0.0064052032716767,0.006104564882682,0.0061866299909038,0.0066492309663654,0.0063738553018342,0.0061839889751912,0.0063595337668105,0.0050234068857784,0.0049649038502207,0.0046806203032212,0.0069416436453586,0.0117735322354674,0.0104052762795502,0.0104934492454088
1308,0.0007366144047036,-5.49120397717961e-05,-0.0004689787274922,-0.0003359805312576,-0.000249067097191,4.18218255240764e-05,0.0024828590825605,0.0047724278849072,0.0053489361047673,0.00581929870099,0.0059002884414691,0.0050770150312129,0.005494277897161,0.005712550382273,0.0056707615775026,0.0064155749812325,0.0066615363821751,0.0063703494465286,0.0062481643531529,0.0063330290517995,0.0060745540855866,0.0061405453506473,0.0066077683940035,0.0063384274185526,0.0061553048665758,0.0063237384535157,0.0050890479830348,0.0050188191768568,0.004761349058668,0.0070057092279781,0.0117848431676555,0.0103177972838678,0.0103859303448276
1306,0.0006431983907183,-0.0001518337097114,-0.0005668669287355,-0.0004384068330064,-0.0003634002833747,-8.84817124060502e-05,0.0024026813263633,0.004664927953854,0.005238695012637,0.0057040055078972,0.0057847493314738,0.005009776337009,0.0054272948308162,0.0056335195049706,0.0056072033420344,0.0063398803252637,0.0065786596859759,0.0063326566782256,0.0061915137377099,0.0062646210610003,0.0060474510886704,0.0060968988603184,0.0065534120505805,0.0062981461039994,0.0061154742479726,0.0062720312929468,0.0051357918858941,0.0050476320627865,0.0048279552886366,0.007060819422658,0.0118082997290676,0.0102842473103382,0.0103472906207215
1304,0.0005390783362977,-0.0002791584952115,-0.0006993859473744,-0.0005684154264412,-0.0005137123966234,-0.0002600060044543,0.0022518245507563,0.0044852968447265,0.0050528144885974,0.0055170798238243,0.0055918193467819,0.0049209463078917,0.0053390545390191,0.0055350102382862,0.0055504394023506,0.0062670778793706,0.0065055700047526,0.0063193113954552,0.0061602679516422,0.0062185326120296,0.0060338364335873,0.0060709447806722,0.0065091564290554,0.0062606669346304,0.0060713241261056,0.0062170227362356,0.0051210918296944,0.0050169368520301,0.0048629110126082,0.0070899446492574,0.0118403375112775,0.0103353635224989,0.0103967060431346
1302,0.000495428442011,-0.0003607022175689,-0.0007958791023023,-0.0006559811037386,-0.0006255840912156,-0.0003910737783621,0.0021341856869975,0.0043776331910134,0.0049366004314344,0.0054026662993203,0.0054673921031582,0.0048634474205631,0.0052836302310954,0.0054766370753966,0.0055499397322612,0.0062603700551426,0.0065122400152965,0.0063555251947314,0.0061842430454475,0.0062359061641183,0.0060674479235903,0.0060986950719261,0.0065275264559942,0.0062779908520981,0.0060781833181827,0.0062234967448506,0.0050903924262559,0.0049782163627372,0.0049064685375272,0.0071267637800071,0.0118854320067386,0.0104714878653944,0.010533461016576
1300,0.0005744981255096,-0.0003122688430178,-0.0007634613165295,-0.0006140949997164,-0.0006009566887152,-0.0003751015878548,0.0021587274300577,0.0044341828957066,0.0049902817137703,0.0054592685981688,0.0055201047854573,0.0048928611278518,0.0053185168709403,0.0055221122713717,0.0056263076148938,0.0063473364314403,0.0066197320030932,0.0064186784483087,0.006249311440314,0.0063144594093659,0.0061372802285651,0.0061714180595447,0.0066086300466777,0.0063592572949605,0.0061500937060077,0.0063070214829855,0.0051360971374949,0.0050216238709869,0.0049995008723148,0.0072044732610178,0.0119367162683735,0.0106238607855307,0.0106949525026028
1298,0.0007812455375708,-0.0001150623282171,-0.0005691856638357,-0.0004136803224749,-0.0004021755471707,-0.0001719713713733,0.0023420889107348,0.0046240889524394,0.0051829282761943,0.005653525320686,0.0057217823323653,0.0050148729475987,0.0054461151639547,0.0056687439387562,0.0057424049488666,0.0064780352289321,0.0067623358830005,0.006460195639875,0.0063070399140929,0.0064007624927625,0.0061900733845548,0.0062352836962223,0.0066893859626202,0.0064547007570459,0.0062419573314586,0.0064110715035957,0.0053011667400455,0.0051854189140385,0.005140939988838,0.00732617769242,0.0120011461038536,0.0107348258977638,0.0108197859621539
1296,0.0010505236866328,0.0001555050389746,-0.0002882233581609,-0.0001276850253195,-0.0001052887522151,0.0001357695932854,0.0026011407922709,0.0048687721060222,0.0054281308365247,0.0058996290431229,0.0059797771140756,0.0052055536839408,0.0056365924016302,0.0058744503265801,0.0058741943688663,0.0066104208926337,0.0068921033109165,0.006493606374371,0.006359002729748,0.0064765487788961,0.0062242308550328,0.0062831798150826,0.0067462287308268,0.0065450866779944,0.0063383269634354,0.0065078033576518,0.0055526560076678,0.0054378773087368,0.0053165585072163,0.0074902200360977,0.0121199828579189,0.0108501171677593,0.0109370079306982
1294,0.0013022583149748,0.0004002284378011,-3.60827520448449e-05,0.0001314287466432,0.0001652199815621,0.0004137765817587,0.0028396967890942,0.0051193143772966,0.0056768171952008,0.0061534803742299,0.0062410660920337,0.0054476077656874,0.0058738673339561,0.0061184740875081,0.0060596913160622,0.0067838918269635,0.0070589075861113,0.0066067305010477,0.0064819684382206,0.0066060303708088,0.0063267412188991,0.0063956723110264,0.0068553817030375,0.006690776059844,0.0064990364882341,0.0066594235058912,0.0058454211452977,0.0057388017733138,0.005543485400916,0.0077149215225105,0.012332218658248,0.0110565135838009,0.0111224256703231
1292,0.0015252975005074,0.0006054601371411,0.0001604310345634,0.0003339113385444,0.0003716826519131,0.0006201151868856,0.0030413975934358,0.0053488389970446,0.0059123377476464,0.0064010940331224,0.0064916566334223,0.0057201747318102,0.0061462520552294,0.006395004165053,0.006330528220245,0.0070491894448851,0.0073239873846223,0.0068484682815201,0.0067259894274429,0.0068458691556416,0.0065617707771657,0.0066361746791464,0.0070912999915908,0.0069412511484136,0.0067661981318014,0.0069228961108254,0.0061590605592724,0.0060676347536261,0.0058396807209701,0.0080053334899021,0.0126168391848339,0.0113339846663867,0.0113664931850466
1290,0.0017854287045453,0.0008521343366945,0.000387886034649,0.0005608966400649,0.0005986182004305,0.000843687960653,0.003272928384987,0.0055398857878334,0.0061212231628324,0.0066235065952059,0.0067172744562426,0.0059859162172435,0.0064211977938903,0.0066764063190499,0.0066355079180539,0.0073677635723119,0.0076459101656369,0.0071482629953982,0.0070280583852387,0.0071454937297494,0.0068624659332601,0.0069436424539373,0.0074048831394194,0.0072339318405868,0.0070677920160214,0.0072362349443179,0.0064515157739621,0.0063750950529549,0.0061533368524858,0.0083064366244095,0.0128954466704862,0.0115570549278643,0.0115654526533903
1288,0.0021466521198457,0.0012166791159834,0.0007399412760217,0.0009078074341396,0.0009499363003172,0.0011962568466566,0.0036110939082501,0.0057280435268814,0.0063279124325189,0.0068366257268408,0.0069343079959504,0.0062317100125742,0.0066781830558596,0.0069388385625874,0.0068921918389891,0.0076523707850938,0.0079294002263347,0.0073922629058357,0.0072766645109966,0.007397238445272,0.0070957389958305,0.0071903513360217,0.0076697167341454,0.0074460765985837,0.0072777101961839,0.0074689525407005,0.006647875673942,0.0065785092860489,0.0063818062733252,0.0085342635858415,0.013105050526208,0.0116609116161144,0.0116632793321157
1286,0.0026043024619377,0.0016918516536067,0.0012193173996776,0.0013865805091989,0.0014404263883032,0.0016950291662025,0.0040716278949659,0.0060023188611318,0.0066088809873719,0.0071154986781189,0.0072157371305347,0.006501023968058,0.0069506368566052,0.0072089987789204,0.0070970644271288,0.0078881939853087,0.008160028467327,0.0075591035303225,0.0074451646219107,0.0075733269093709,0.0072269657226625,0.0073373581795499,0.0078393027749796,0.0075466279744469,0.0073691524624255,0.0075820754628607,0.0067368233710157,0.0066644267243671,0.0064938628546743,0.0086744647813516,0.0132655778233331,0.0117395119901862,0.0117414758129258
1284,0.003096056248879,0.0022064410857837,0.0017497933995463,0.0019257922476111,0.0019927197113343,0.0022555519236803,0.004592217115689,0.0063930693886512,0.0069957400616944,0.0074976619308667,0.0076004609391254,0.006831279661476,0.0072769197281829,0.0075221662132545,0.0073158503755637,0.0081322858996653,0.0084015454582766,0.0077267388524024,0.0076045548219169,0.0077463776728823,0.0073532984043956,0.0074676611405873,0.0079875370695299,0.0076331229906289,0.0074444793441642,0.0076691021904678,0.0068185503885248,0.0067364714784227,0.0065800215487032,0.0088067785464831,0.0134514247840231,0.0119309934793157,0.0119238493511726
1282,0.0035396968411649,0.0026748618968054,0.002235045702551,0.0024230504815522,0.0024962224647622,0.0027570368404705,0.0050630674742393,0.0067985080244424,0.0073958077510828,0.0078945122032374,0.0080017971824469,0.0071759969519319,0.0076193663127206,0.0078431809173709,0.0075699903912149,0.008395213232102,0.0086668432519278,0.0079541263446247,0.0078113313601871,0.0079713066127495,0.007564066304727,0.0076598083783897,0.008185331152011,0.0078018400527051,0.0076009513870989,0.0078246210244959,0.0069841240032967,0.0068912821704151,0.0067347787372916,0.0089991119165735,0.0136927880681035,0.0122589865242435,0.0122381611234377
1280,0.0038516933726388,0.0030139270528649,0.0025854840450031,0.0027801105261459,0.002850628590581,0.0030966068233698,0.0053827447539954,0.0070848477794729,0.007679229661261,0.0081751836853301,0.0082855745624778,0.0074476281311919,0.0078937865927586,0.0080962621400877,0.0078119263119864,0.008618271521732,0.0088940665174527,0.0082251191978491,0.0080551146116828,0.0082255443402707,0.0078462517452107,0.0079073245708538,0.0084219538684172,0.0080498717687298,0.0078365738626112,0.0080489194161177,0.0071974971832972,0.0070983118884651,0.0069414462793437,0.009220671109574,0.0139355945498651,0.0126306995458829,0.0126078551921661
1278,0.0039948538373723,0.0031840884988206,0.0027609702444035,0.002955841957728,0.0030218599759033,0.0032491134816114,0.0055355210265784,0.007239118830848,0.0078321732525921,0.0083258113795099,0.0084332926812358,0.0076297703201484,0.0080789116645958,0.0082722183554905,0.0080163422385713,0.0087825242860705,0.0090618706931291,0.0085052928947383,0.0083143060205936,0.0084755294829603,0.0081408582108747,0.0081722924896317,0.0086643722089221,0.0083200783686353,0.0080973440392664,0.0082958064641809,0.0073650084992516,0.0072671691969048,0.0071196265602164,0.0093958420322081,0.0141120733431662,0.012944318664678,0.0129384391894919
1276,0.004037939971593,0.0032498626399023,0.0028290413939847,0.0030231759294495,0.0030927594721864,0.003310234327887,0.0056233530208199,0.0073602762200901,0.0079547525067483,0.0084508339613958,0.0085513373198483,0.0077860968200876,0.0082348822643342,0.0084380309193463,0.0082198336101423,0.0089525431366211,0.0092346946009016,0.0087866361584689,0.008591304263032,0.0087289156379174,0.0084223731997959,0.008444588574016,0.0089171318290967,0.0085816051675327,0.0083535654882445,0.0085453352655403,0.0074894631781939,0.0073996387887071,0.0072525221808308,0.0095184654003932,0.0142331863542794,0.0131679162442245,0.013190760926352
1274,0.0041212839888604,0.0033483578156311,0.0029316610604173,0.0031275961602727,0.0032102450791637,0.0034330068937716,0.0057846565127128,0.0075156389894335,0.0081152053625465,0.0086215665490042,0.0087171606207444,0.0079602781130597,0.0084082720716311,0.0086346803862674,0.008449841845315,0.009179008885326,0.0094625287909781,0.0090577611563862,0.0088737084848818,0.0089912699635974,0.0086854933046516,0.0087156242658792,0.0091846692953728,0.0088287666441735,0.0085971531478845,0.0087926983622439,0.0076699588395145,0.0075906305524749,0.0074064517367194,0.0096648769795594,0.0143851647978624,0.0133422286078515,0.0133965220496992
1272,0.0043393465724045,0.0035708171498196,0.0031633280577063,0.0033623711959651,0.0034563105917552,0.0036949972367011,0.0060768523449486,0.0076955700608219,0.0082989268164749,0.0088190956436746,0.0089132808216725,0.0081435592374199,0.0085939768794977,0.0088438372275915,0.0086871632977761,0.0094366066496106,0.0097193211378484,0.0092903297600383,0.009123330327924,0.0092344173153675,0.0089117000335748,0.0089543717809533,0.0094349566738019,0.0090497092721429,0.0088154301426317,0.0090196866173325,0.0079576604751968,0.0078866343040833,0.0076364825473526,0.0099013837294029,0.0146410465374129,0.013540416240951,0.0136242469937532
1270,0.0046741570658409,0.0038977316138639,0.003500912465439,0.0037010980496647,0.0037912793024455,0.0040446945535092,0.0064485082692838,0.0079064232994691,0.0085069165672165,0.0090351352940769,0.0091275037307124,0.0083462727133444,0.0088016480541362,0.0090663331313008,0.0089265580387323,0.0096938457838134,0.0099755465255891,0.0094883147940793,0.0093351089190083,0.0094477730895676,0.0091020664137706,0.0091553023035334,0.0096486869410741,0.0092498809989788,0.0090161800884454,0.0092271271773593,0.0082880473027965,0.0082189771793421,0.0079241976562104,0.0102137734829068,0.0149886297994148,0.0138015008123626,0.013906235439736
1268,0.0050475705222426,0.0042573645129229,0.0038623118624546,0.0040583141437256,0.0041307942382672,0.0043864249439701,0.0068145374581006,0.0082023504464784,0.0087982979736134,0.0093236658562374,0.0094123105967804,0.0086115344914123,0.0090720173972569,0.0093438550188749,0.0092003540243678,0.0099669817240832,0.0102512041834645,0.0096972381221564,0.0095505442987077,0.0096651798777089,0.0092984103998905,0.0093601594172973,0.0098556495044656,0.009470659299657,0.0092396747264645,0.0094533519211154,0.0085675460125578,0.0084918671239174,0.0082078894705834,0.010526496843257,0.0153395912510691,0.0140717760694834,0.01417998356681
1266,0.0053949548696496,0.0045976982464424,0.0041882443246933,0.0043728738659897,0.0044298754531887,0.0046735416483699,0.0071206844956351,0.0085725097388264,0.0091740111854638,0.0096904387885362,0.0097764352905248,0.0089163124447324,0.0093813551928776,0.009657258648239,0.0094901891085615,0.0102432445681916,0.0105358878058711,0.0099197016442395,0.0097704550386215,0.0098883899351255,0.0095120120878225,0.0095782067584501,0.0100656568114044,0.0097218077856951,0.0094891577853355,0.0097015341176914,0.0087576354831044,0.0086704700644265,0.0084287676545198,0.0107603211892991,0.0155958118816087,0.0142398408161774,0.014334180172767
1264,0.0056641168364037,0.0048710475921175,0.004437221795226,0.0046066244526673,0.0046630594008702,0.0048910359051603,0.0073334385120803,0.0088790204769315,0.0094984637725065,0.0100108243518351,0.0100961047949264,0.0091397638063608,0.009608355883855,0.0098864950067265,0.0096851012997616,0.0104233210090476,0.0107300141961599,0.0100730678638609,0.0099134922351279,0.0100374731219967,0.00966869429847,0.0097329433730615,0.0102103047258486,0.0099179986230935,0.0096777681005607,0.009882562079404,0.0088481935316501,0.0087551700198219,0.0085396172405173,0.0108660148186692,0.0157077541012978,0.0142568802324426,0.0143305884315259
1262,0.0058235014494794,0.0050344457006548,0.0045828388441813,0.0047415057011637,0.0048070532008256,0.0050280510997972,0.0074477241508306,0.0090069277854344,0.0096441195466862,0.0101636119966828,0.010246799772166,0.0092100870384565,0.009680215403601,0.0099569768606224,0.0097144018363766,0.0104418329330255,0.0107643445328615,0.0100976762645372,0.0099286793634124,0.0100548782172278,0.0097002930409771,0.0097624048958197,0.010232772491731,0.0099613272373273,0.0097172757527851,0.0099090149763372,0.0088326233100974,0.0087473440657017,0.0085280172026191,0.0108491423889208,0.0157003999492757,0.0141982089078981,0.0142510333472759
1260,0.0059451541544027,0.0051481853199002,0.0046951744393031,0.0048517802825723,0.0049225147019107,0.0051455514969983,0.0075549709842342,0.009047537220925,0.0096905813467668,0.0102226275800106,0.0103017800701064,0.0092341550650406,0.0097049879762771,0.0099753327917814,0.0096816802155938,0.0104064538696218,0.0107389856030942,0.010075831512472,0.0099087369680661,0.010028764569213,0.0096742534042604,0.0097433736389681,0.0102108889908688,0.0098950410128806,0.0096584633305901,0.0098401314981565,0.0087690377272393,0.0086994921599116,0.0084654778553642,0.0107913109798128,0.0156615604152921,0.0141815372741427,0.0142089268724058
1258,0.0062102596495507,0.0053985285191207,0.004952901938889,0.0051100154542314,0.0051782548721924,0.0054024237531531,0.0078321654304106,0.0092274478284235,0.0098674659863063,0.0104058991655623,0.0104830089486322,0.0093951718161466,0.0098685044046314,0.0101287577360339,0.009774249918276,0.010510464186941,0.0108418125597841,0.0101699107675475,0.0100157875308172,0.0101292218274154,0.0097517472345948,0.0098338569419263,0.0103051110082658,0.0098970123090834,0.0096711877375301,0.0098526724566482,0.0088047759155336,0.0087455296623776,0.0084935754976882,0.0108211246497768,0.0156952168939561,0.0142673869982951,0.0142640921328174
1256,0.0067489960381,0.0059263077319859,0.0054824515439189,0.0056343903529052,0.0056969350323202,0.0059169766047823,0.0083912071969724,0.0096772555738465,0.0103151713694737,0.0108499813470165,0.0109270728106354,0.0097751379612497,0.0102519525970945,0.0105050635374618,0.0100848063292454,0.0108450849418377,0.0111679496203505,0.010473914348391,0.0103336714931605,0.0104493128023364,0.0100336698520032,0.0101217040424543,0.01060499232857,0.0101121145694243,0.0098876564614693,0.0100735090466059,0.0090691394636906,0.0090104445607468,0.0087249139265118,0.0110352633404439,0.0158730149496477,0.0144633029184281,0.014435540917233
1254,0.0075127160419592,0.0066787364389797,0.006227396386105,0.0063685300020035,0.0064210356958149,0.0066377348324493,0.0091667862042366,0.0103422816864723,0.0109815565391681,0.011510459905882,0.011582795911787,0.0103371292903861,0.0108143087710009,0.0110738230948293,0.0105859994099818,0.0113711899711493,0.0116880520995381,0.0109728237554713,0.0108400604589036,0.0109620705287335,0.0105035992965196,0.0105871679025775,0.0110839714041608,0.0105426156194494,0.0103103311749591,0.0104938388602797,0.0095478057855028,0.0094880850685802,0.0091501310513369,0.0114290220628493,0.0162043239467868,0.0147459857315221,0.0147087134496785
1252,0.0083435186206184,0.0074868228971008,0.0070290947249318,0.0071601004438987,0.0071919088288218,0.007410374111587,0.0099849682940078,0.0110696240683275,0.0117090974254337,0.0122394631007853,0.0122983487910203,0.010998467235667,0.0114715570338332,0.0117557859462798,0.0112004478442162,0.0120025639183788,0.0123202337019441,0.0115843986763589,0.0114533304300365,0.011574843160961,0.0110744711821782,0.0111546603192181,0.011654190556332,0.0110758603679573,0.0108354075556314,0.0110083546763436,0.0100778072862814,0.0100226005511626,0.009629221383091,0.0118862459967146,0.0166261502126227,0.0150415517015539,0.0150032288632603
1250,0.0090971356527107,0.0082136746693583,0.007761128005641,0.0078864872858963,0.0078892125448326,0.0081091882025887,0.0106895470772601,0.0116934357193192,0.0123298013094272,0.0128704762157441,0.0129134701326007,0.0116334241804999,0.0121015428812792,0.0124183910987538,0.0118024305195983,0.0126181656008873,0.0129397623337049,0.0121687789988802,0.0120361854259558,0.0121522046580436,0.0116154946871084,0.0117021734280186,0.012191010906607,0.0115511263207355,0.0113036845955848,0.0114690565686403,0.0104533007372267,0.0104048240423597,0.0099701815193938,0.0122388803371716,0.0170218382234981,0.0152556281366939,0.0152144469144556
1248,0.0096276125891635,0.0087372465747752,0.0082976555730838,0.0084213509937586,0.0084006718434903,0.0086155005806583,0.0111472827368355,0.0120487626617759,0.0126825344718814,0.0132362394148542,0.0132707438477318,0.0120488487121195,0.0125148026686486,0.0128523892733102,0.0121949366285633,0.0130316177411415,0.0133579591499769,0.0125347832769763,0.0123988339014597,0.0125201120264617,0.0119580289005817,0.0120545750889123,0.0125333709165993,0.0118082245480561,0.0115498291315285,0.011720660986489,0.0105472224492152,0.0105005136799748,0.0100478610399359,0.0123653531372078,0.0172709536741434,0.0153646212168812,0.0153201433689091
1246,0.0097372898814048,0.0088654352440203,0.0084307273925863,0.0085563586397928,0.0085292817283611,0.0087347772285432,0.0111969793548784,0.012002192248152,0.0126379097875841,0.0132010353183566,0.0132365176653361,0.0120679925441208,0.0125344744137787,0.0128701595597801,0.012204700531505,0.0130708059298834,0.013406069134971,0.0125357776210729,0.0123974121925361,0.0125436637466844,0.0119712893398614,0.012069746538432,0.0125554988570318,0.0117551127191676,0.0114848774105968,0.0116707438352673,0.0103757760784726,0.0103250214988689,0.0098849799487312,0.0122617159062661,0.0173055958931784,0.0154232891777016,0.0153825339121328
1244,0.0092954272115157,0.0084391476217084,0.0079908309979307,0.0081224241082491,0.0081028964730156,0.0083010409046215,0.0107265882505383,0.0115346019924722,0.0121755429676876,0.012741940359182,0.0127818115857173,0.0116729893215353,0.012140316201128,0.0124590448312314,0.0118340176381284,0.0127244941555697,0.0130722562735029,0.0121885160738198,0.0120507709262084,0.0122295981799529,0.0116673451051219,0.0117591357256882,0.0122671826532405,0.0114330995615682,0.0111620583744711,0.0113602257284189,0.0100622095204098,0.0100067719420121,0.0096135214490873,0.0120187177465834,0.0171321052251285,0.0154533730745433,0.0154223673010056
1242,0.0084283887428251,0.0075575082129519,0.007084562426383,0.0072243108884132,0.0072160103217259,0.007409065489695,0.0098421159282325,0.0107930764168092,0.0114373308817224,0.0120004389491964,0.0120432764726736,0.0110322146838178,0.0114986372063658,0.0117996505989999,0.0112694843916765,0.0121596397420906,0.0125122524046136,0.0116610449833485,0.0115234070605373,0.0117200286621537,0.0111950638393508,0.0112793509792344,0.0118059690804965,0.0109927288859272,0.0107350677814983,0.0109360376823006,0.0097319023086799,0.0096762868060345,0.0093498926002727,0.0117346184121227,0.0168163217088847,0.0154043221138062,0.0153813072768889
1240,0.0074849364473348,0.006581319010162,0.0060908718472021,0.0062380747245661,0.0062403595222013,0.0064288844929766,0.0088762360851022,0.010038469246767,0.0106798641675286,0.0112332386169793,0.0112785711016562,0.0103827760675107,0.0108457169098228,0.0111332465138816,0.0107298431695253,0.0115841235832348,0.0119233387266044,0.0111385507989546,0.0109957088300574,0.0111836680215876,0.0107194919792568,0.0107993246950597,0.0113255238409551,0.0105852226513726,0.0103425313947353,0.0105412179536041,0.0094462749540264,0.0093980089817096,0.0091263319439898,0.0114683197462636,0.0164642036272072,0.0152714876602895,0.0152523261210032
1238,0.0067388968762012,0.0058200658348825,0.0053305664964662,0.0054847772338873,0.005499510018983,0.0056894695363336,0.0081315918635935,0.0094896736468943,0.0101216082115115,0.0106603264976151,0.0107101399710495,0.0098774383851863,0.0103364391349075,0.0106101646172342,0.0103159229051431,0.0111094688145183,0.0114221854755226,0.0107062435333551,0.0105560750755989,0.0107161897141117,0.0103149701641119,0.0103916386234102,0.0109022810253379,0.010268736637364,0.0100299951060468,0.010228991113578,0.0092172434665582,0.0091832810313805,0.0089274601018033,0.0112499205863654,0.0161837934553953,0.0151529733579883,0.0151373443763181
1236,0.0061711321441039,0.0052671399188979,0.0047941618961735,0.0049567872576093,0.0049867607984554,0.0051911341168509,0.0076228491785902,0.0091659828755958,0.0097849465392014,0.0103075738408465,0.0103638487199077,0.0095026077614323,0.00996241262031,0.0102199138900775,0.0099814850005338,0.0107202050865386,0.0110108022493401,0.0103331533725362,0.0101816199440455,0.01031267926461,0.0099542974447206,0.0100285984403388,0.0105243959937771,0.0100011251814634,0.009756505363708,0.0099599086269794,0.0090283955202464,0.0090074292092071,0.008730546264965,0.011073798611055,0.0160095035702753,0.0150973746113019,0.0150869899050189
1234,0.0055907056121233,0.004710571369799,0.0042598835566974,0.004430137578374,0.0044734193224725,0.0046996582585396,0.0071310885024479,0.0088830369337133,0.0094898815731957,0.0099994772711779,0.0100630070549852,0.0091230217391207,0.0095905031080741,0.0098351591825993,0.0096127399527607,0.0103321640265585,0.0106175554111985,0.0099375240216121,0.0097919601201324,0.0099084874998648,0.0095702044782011,0.0096445978834543,0.0101374099187229,0.0097037101730706,0.0094516889030714,0.0096593703333604,0.0088158954531255,0.0087940046314,0.0084867649007504,0.010870920699934,0.015862170712852,0.0149808077327547,0.0149789606437066
1232,0.0048977924765582,0.0040295065713819,0.0035979650869864,0.003769774624231,0.0038174885904087,0.004056039537376,0.0064827245866565,0.0084339192358698,0.0090324125575284,0.009535666461251,0.0096063122285665,0.0086269044539589,0.009101836082611,0.0093429607855694,0.0091411140671908,0.0098808776952452,0.0101766106433091,0.009475154503902,0.009337808099295,0.0094592019282912,0.0091299075519991,0.0092060101301072,0.0097075837193625,0.0093377278143225,0.0090814163035318,0.0092903640126556,0.0084863946914851,0.0084475883868743,0.0081303518293709,0.0105524298156129,0.0156281748238599,0.0146558483951637,0.0146730783778889
1230,0.0041649887853243,0.0032984886602927,0.0028752715935755,0.0030417982775135,0.0030814828829205,0.0033122964346571,0.005716547307252,0.0077945030530551,0.0083883691085934,0.0088919934904835,0.0089675979602677,0.0080509529653741,0.0085225712688291,0.0087667719575791,0.0086148773620395,0.0093915576282687,0.0097034850356476,0.0089944995566857,0.0088666289395541,0.0090041409499647,0.0086793417439799,0.0087561566588349,0.0092710955179962,0.0089470762747413,0.0086924150774423,0.0089010098273587,0.0080242138937903,0.0079683751721627,0.0076711490386771,0.0101266457952831,0.0152960326148041,0.0141784636739098,0.0142305634607367
1228,0.0035251391341029,0.0026603170651386,0.0022285255089561,0.0023885598625476,0.0024111475165987,0.0026197856117369,0.0050033640927462,0.0071402841861472,0.0077315309272577,0.0082375702528404,0.0083132013005685,0.0075479528076056,0.0080049328455808,0.0082502426534813,0.008163919111612,0.0089674370419652,0.0092919973023201,0.0086051087419276,0.0084903874250928,0.0086402836435349,0.0083164154931009,0.0083931233165723,0.0089168701016588,0.0086297720523078,0.0083870951330068,0.0085953459186296,0.0075547283679783,0.0074986026687895,0.0072375586267093,0.0097274482521439,0.014975985016908,0.0137602242216935,0.0138515682462339
1226,0.0030743602167461,0.0022101896029202,0.0017547003122548,0.0019113984244877,0.0019169494355376,0.002100080836553,0.004487051370578,0.0066634887526368,0.0072533326673145,0.0077584365162658,0.0078294127274213,0.0072243790303761,0.0076667786973919,0.0079069537589518,0.0078759815750551,0.0086855965310836,0.0090132264251301,0.008373919736946,0.0082706433709278,0.0084186051916136,0.0081006338828203,0.0081777841148399,0.0086976099970148,0.008445954581874,0.0082245953347882,0.0084311087536368,0.0072287629441339,0.0071853017650387,0.0069540447031855,0.0094709972277509,0.0147599496798555,0.0135084921409174,0.0136196015762276
1224,0.0028597927201902,0.0019903925412912,0.0015096360083107,0.0016638490955363,0.0016597418533365,0.0018194552266849,0.0042189994229982,0.0064088430865899,0.0069989549820513,0.0074993832640769,0.0075657882981583,0.0070442268053771,0.0074821884640711,0.0077144796730382,0.00771629718398,0.0085141819201984,0.0088331766384379,0.0082606034299795,0.008156828034622,0.0082890342142414,0.0079937464505994,0.0080692286547038,0.0085698973102543,0.0083526655207699,0.0081514883765357,0.008353093018959,0.0070577368321599,0.0070208221023068,0.0067974497066933,0.0093200512326216,0.0146085116280678,0.0133328821003573,0.0134324042775808
1222,0.0028713685108062,0.0019946162871481,0.0015035083171321,0.0016518482622138,0.0016435453859431,0.0017854888828772,0.004175916101619,0.0062977065554447,0.0068894167537218,0.0073857522354525,0.0074524285640401,0.0069132409857586,0.0073555797869853,0.0075816250700808,0.00759248283684,0.0083695621153901,0.0086710147937608,0.0081796452754084,0.0080656805189804,0.0081772154936872,0.0079169005477629,0.0079839905257546,0.0084575044284462,0.0082570612446333,0.008066352111464,0.0082610334013416,0.0069398462995313,0.0068953864618122,0.0066538533382182,0.0091607092405841,0.014427998220301,0.013120801521919,0.0131930553118965
1220,0.0030351539074108,0.0021544992690017,0.0016721018140916,0.0018122754018174,0.0017978188435337,0.0019355251209913,0.0042971571588164,0.0062700704517682,0.0068629016195199,0.0073582652725912,0.0074300195568753,0.0068189380729724,0.0072673156962734,0.007488094178853,0.0074851745920178,0.0082479471488666,0.0085301607281792,0.0081163311908252,0.0079980221840887,0.0080940554257693,0.0078604477959192,0.0079135251299499,0.0083649261989297,0.0081389438360788,0.0079528573098472,0.0081409193573431,0.0068463833587007,0.0067929993598294,0.0065132079244411,0.0089951915354008,0.014231242530526,0.0128999702407292,0.0129591983962223
1218,0.0032483864786602,0.0023635264606812,0.001896840478693,0.0020326252028268,0.0020087463306001,0.0021607700346831,0.0045055728190368,0.0063367149410295,0.0069288823541298,0.0074240897889472,0.0075025785952609,0.0068269251782955,0.0072798847163388,0.0074947586133362,0.0074619538461984,0.0082347562670909,0.0085044496033017,0.0081313270521661,0.0080216233894075,0.0081136793192327,0.007885752433269,0.0079268993393216,0.0083700395993893,0.0080754323853824,0.0078959143461218,0.0080782237008709,0.0068706350046696,0.0068201649850628,0.006500744919406,0.0089561764728807,0.0141394256431299,0.0127733362206869,0.012852276611025
1216,0.0034139544671532,0.0025181712637986,0.0020577635808239,0.0021976679596365,0.0021679873507323,0.0023440517541128,0.0047003149939338,0.0064895145911257,0.0070797256712908,0.007572894813505,0.0076580539008383,0.0069522156712798,0.0074088878511654,0.0076207950749233,0.0075579264320753,0.0083654803759099,0.0086348234183241,0.0082453255454332,0.0081465651031498,0.0082463899089666,0.0080097148303819,0.0080479405853223,0.008495623410215,0.0081281391884744,0.0079557935317418,0.0081334782431058,0.0070550484248334,0.0070143858829336,0.0066817242542831,0.009108513419746,0.0142139629258228,0.0127646520192677,0.0128914177389837
1214,0.0034504655135915,0.0025403653616965,0.0020705231570493,0.0022220706666598,0.0021939687849712,0.0023860386958395,0.0047691048838167,0.0066425328565176,0.0072303871023018,0.0077205503633594,0.0078119655355239,0.0071092732694035,0.0075677581778763,0.0077843843287381,0.007705388179777,0.0085459701667451,0.0088258184903762,0.008381335125867,0.0082860775617884,0.0083985540717463,0.0081505843151076,0.0081957745529894,0.0086530484283188,0.0082574524661729,0.0080868255028356,0.0082628115569807,0.0072833186832414,0.0072446151864283,0.0069368015545862,0.0093355464316941,0.0143635028017022,0.0127961115783237,0.0129774943168109
1212,0.0033347591756517,0.0024167119184492,0.001929375199671,0.0020943306381585,0.0020697712201852,0.0022613438537379,0.0046719328217269,0.0067231266261007,0.0073080979789426,0.0077963285295743,0.0078913125857093,0.0072182243465046,0.0076746996748626,0.0079002709101983,0.0078178819454634,0.0086622712314217,0.0089556393829562,0.0084592994329366,0.0083657694360593,0.0084864136519237,0.0082282159837623,0.0082865612055115,0.008751086152653,0.0083867115762929,0.0082140165899954,0.0083915128413144,0.0074293386719405,0.0073803218765942,0.0071080822315655,0.0094879389597618,0.0144650821194081,0.0127983442340331,0.0130172052930791
1210,0.0031638796454376,0.0022492784617709,0.0017501161219961,0.0019239798346443,0.0019008655730477,0.0020841949309413,0.0045188927268386,0.0067736607541184,0.0073553866792701,0.007842365482151,0.007935107518004,0.0072985710157014,0.0077502911051402,0.0079790201166185,0.0078902503307807,0.0087135321273894,0.00901586598003,0.0084945309202198,0.0084085462132193,0.0085302393544194,0.0082623086534709,0.0083346545773362,0.008801174728019,0.0084988431006502,0.008326894375346,0.0085053789082838,0.0075239640458015,0.0074612999403837,0.0071906867138642,0.0095655463101224,0.0145142068954076,0.0127859420879247,0.0130100619080688
1208,0.0031090905630389,0.0022092950259961,0.0017139685415821,0.0018897039590095,0.0018728244255866,0.0020547664527282,0.0044980894634874,0.0068838374872272,0.0074641479394992,0.0079492075765738,0.0080353993931997,0.0074068744983636,0.0078538981335852,0.0080768039865379,0.0079596051331808,0.008765506074378,0.009071492608417,0.0085438287432081,0.0084651718031878,0.0085878187271806,0.0083113048680489,0.0083929711671757,0.0088570790797513,0.0086043959825806,0.0084349570597841,0.0086111554994698,0.0076657947438094,0.007594758702973,0.0072823310351942,0.0096601707970749,0.0145828441214514,0.012812691456201,0.0130090321408581
1206,0.0032447356984153,0.0023706084197854,0.0018965097522556,0.0020694664429763,0.0020722918232777,0.0022658545247645,0.0046822030947951,0.0070401408550417,0.0076235537930687,0.0081064297917212,0.0081886205433607,0.0075282006576125,0.0079713127169428,0.0081890945513535,0.0080106430962042,0.0088169022499306,0.0091245880423762,0.0085949652761986,0.0085144430942088,0.0086454679173962,0.0083587554824434,0.0084426125543238,0.0089018012152749,0.008658474902175,0.0084858624430704,0.0086601006131942,0.0078373243086724,0.0077633035193099,0.0074057316812413,0.0097814685423286,0.0146780384811542,0.0128892538888172,0.0130389758627421
1204,0.003463271800288,0.0026201262007862,0.0021787204233995,0.0023482780233383,0.0023798538389626,0.0025935554057957,0.0049499361882275,0.0071269779097941,0.0077177768263171,0.0081993242557501,0.008284857398669,0.0075958164968467,0.0080351445299438,0.0082594698420338,0.0079946677280899,0.0088032500009692,0.0091103799598683,0.0085863346102519,0.0084994412119647,0.0086438428228102,0.0083390829745074,0.0084219314195898,0.0088747142585949,0.008601966213293,0.0084203959966827,0.0085973100711054,0.0079379743512346,0.0078633365925187,0.0074975607639428,0.0098546858883349,0.0147353210616792,0.0129731971213279,0.0130816642383767
1202,0.003617570922723,0.0027957699156811,0.0023872651738129,0.0025544147770865,0.002608956923904,0.002842020376285,0.0051387933442115,0.0070876043114607,0.0076863869152326,0.0081675654867807,0.0082606120570337,0.0075973594794569,0.0080339506832902,0.0082750621533092,0.0079278108183364,0.0087225474363754,0.0090232421524325,0.0085231002581939,0.0084358020408748,0.0085883026762085,0.008258306516672,0.0083439803663214,0.0087892143842865,0.0084775412513547,0.0082909338922209,0.0084703795435149,0.0079606973697188,0.0078884352819027,0.0075438097231282,0.0098652268108668,0.0147358577244371,0.0130275900867054,0.0131215858907621
1200,0.0037027774337186,0.0028800613340092,0.0024915883459168,0.0026570381446289,0.0027198045857523,0.0029618006090183,0.0052253432395173,0.0070061189509572,0.0076096062477409,0.0080914830610764,0.0081889265473382,0.0075947838186843,0.0080314545404519,0.0082880776682969,0.0078962846371507,0.0086669431957962,0.0089566388884957,0.0084956516083867,0.0084128497907986,0.0085616180645162,0.0082086810525488,0.0083034975639684,0.0087416186214175,0.0084176033311976,0.0082365075913652,0.0084081664392265,0.0080001509773823,0.0079361869589796,0.0076033413276342,0.0098872658620886,0.014737010150571,0.0130601071774363,0.013168530441172
1198,0.0038382492269292,0.0029976639100261,0.0026087017001025,0.0027744079110139,0.0028345076621556,0.0030693530698559,0.00531476973318,0.0070059617599692,0.0076098421233735,0.0080941553820259,0.0081894230841703,0.0076466254378622,0.0080863109257022,0.0083486441669782,0.007959600764819,0.0087160180764579,0.0089974061503506,0.0085731764778535,0.0084914978146177,0.008628511042324,0.0082600068387844,0.0083663312977857,0.0088014861159166,0.0084993730148058,0.008330254703881,0.0084837739244254,0.0080917541271899,0.0080418012076547,0.0076939208939242,0.009961966710816,0.0147811985776033,0.0131084306575297,0.0132373518119706
1196,0.0041179132341902,0.003259440316926,0.0028544152551249,0.0030247233819837,0.0030791836196897,0.0032950987210895,0.0055156561945325,0.0071486016963779,0.0077498781201738,0.0082377353564621,0.0083263402598227,0.0077857352963584,0.0082302518975952,0.0084889991015806,0.0081224913354269,0.0088829383881389,0.0091619191280746,0.0087525191370485,0.0086697834451333,0.0087968239975522,0.0084139471680025,0.0085295432155017,0.0089693510444844,0.0086869234650729,0.0085281867075374,0.0086679083002299,0.0081750368257501,0.0081391502745513,0.007770964331978,0.010056438416193,0.0148639021632972,0.0132244687661732,0.0133506539060723
1194,0.0045706785108071,0.0037010159879349,0.0032788377344693,0.0034569688755445,0.0035062154815386,0.0037046470186477,0.005906215080779,0.007487813777214,0.0080846437475298,0.0085751916055416,0.0086560742909623,0.0080915243352647,0.0085416701529653,0.0087918456687112,0.0084254639684079,0.009199384565801,0.0094765844772279,0.0090407747319217,0.0089627457713651,0.0090892886750928,0.0086864688167765,0.0088072273086891,0.0092587001356572,0.0089432150887666,0.00878828626933,0.0089322737985535,0.0082443180135174,0.0082142474107787,0.0078521222768276,0.0101766223538321,0.015016360165719,0.0134808043610065,0.0135729804062308
1192,0.0052437686408866,0.0043613799439772,0.0039312869292269,0.0041143496477757,0.0041587797372737,0.004350706326745,0.0065796483574148,0.0081355774732479,0.008726484358825,0.0092184372289309,0.0092932461904855,0.0086944473171791,0.0091493201544785,0.0093889225329368,0.008974939220104,0.0097585855685199,0.0100303661796845,0.0095091973148004,0.0094379610048863,0.0095746943442985,0.0091469361491183,0.0092655867011696,0.0097299535154559,0.0093125247064636,0.0091513573956792,0.0093146690359507,0.0084114380525194,0.0083738164479014,0.0080553656615997,0.0104162568407931,0.0153240517405624,0.0139324507523168,0.0139772650182626
1190,0.0062110730121472,0.0053101830160037,0.0048784608621757,0.0050578996215,0.0050972036956714,0.0052884517304068,0.0076059428385376,0.0091579494575718,0.0097429039773652,0.0102361010516506,0.0103094209538301,0.009632534017723,0.0100892069485289,0.010318588646888,0.009809350489584,0.0105906958915167,0.0108580423580842,0.010199091770001,0.0101198538823585,0.0102715627419968,0.0098139526888458,0.0099162653767448,0.0103873582993725,0.0098337486355416,0.0096533723829955,0.0098354154135669,0.008758139782461,0.0087021735979315,0.0084468354262009,0.0108264956976926,0.0158021240049502,0.0145211174766333,0.014525502713653
1188,0.0074584454272464,0.0065454826571222,0.0061103397002903,0.0062785694365535,0.0063102454006793,0.006494210464042,0.0089227257843329,0.0104249670591251,0.0110073139713586,0.0115008800118192,0.0115788043658758,0.0107405618245439,0.0111968302292343,0.0114189583702457,0.0107783826945583,0.0115440796650794,0.0118145403994527,0.0110154864142982,0.010904056666715,0.0110651353425412,0.0105668036320933,0.0106346829998792,0.0111028352813874,0.0104348671986955,0.010224786035942,0.0104133374660287,0.0092162971813396,0.0091395289558677,0.0089226088315831,0.0113075857201958,0.0163225204967282,0.0150649440574022,0.0150380573094805
1186,0.0088071310974677,0.0079026853252062,0.0074635112557988,0.0076202642208184,0.0076398198550842,0.0078090981004552,0.0103145458634378,0.0116515030378094,0.0122370983199446,0.0127285311135378,0.0128138839505075,0.0117469132749861,0.0122037918105167,0.0124226113557714,0.0116291730791465,0.0123735235382858,0.0126531404941684,0.0117758695577073,0.0116199142097741,0.0117766186775835,0.011225391047647,0.0112493706850088,0.0117077968675962,0.0109827774167319,0.0107420282393234,0.0109257030165413,0.0096577374698735,0.0095650065767137,0.009312070718535,0.0117027564344269,0.0167352412592709,0.0154166804556185,0.015358980440586
1184,0.0099721905031764,0.0090915926067142,0.0086564685587789,0.0088093206835873,0.0088158632406168,0.0089785205207307,0.0115052347828887,0.0125860647824559,0.0131787820636639,0.013668562354339,0.0137581546267168,0.0124656825042206,0.0129244098457007,0.0131426664012557,0.0122031064867835,0.012934824082846,0.0132229698957236,0.0123452204999514,0.0121555063783534,0.0122951471299413,0.0116917263260479,0.0116821381430625,0.0121308403962525,0.0114021812496125,0.0111401239537655,0.0113159271904871,0.0100257911794955,0.0099247618464746,0.0095513443225872,0.0119550238418435,0.0170134632492911,0.0156072303152929,0.0155171074259914
1182,0.0106861040715214,0.0098223413757763,0.0093991164089239,0.0095580680704612,0.0095595152069379,0.0097372060861733,0.0122511928338222,0.0131073516782649,0.0137056464938186,0.0142005077353429,0.0142892463631251,0.0128546054851739,0.0133121171428133,0.0135313332966608,0.0125016847846297,0.0132396730414995,0.01353320518002,0.0126813425268905,0.0124835623831853,0.0126032734825656,0.0119662561398418,0.011949990554933,0.0123947467413674,0.011685913704652,0.0114165807181242,0.0115893209056196,0.0103115971285314,0.0102104700109355,0.0096926522226278,0.012108620375762,0.0172119187788463,0.0157530915424227,0.0156351009243167
1180,0.0107918911838096,0.0099226456644439,0.0095053992489345,0.0096755311232655,0.0096848974739891,0.0098931584963735,0.0123882563872761,0.0131630543071824,0.0137622618685408,0.014268546017575,0.0143551290657214,0.0129134911330704,0.0133650376010485,0.0135863012860845,0.0125699175212087,0.0133315813534907,0.0136292818874416,0.0127706200728182,0.0125879163991223,0.0126946412247272,0.0120510034867056,0.0120546359038734,0.0125029028436882,0.0118133455342672,0.0115492689248395,0.0117262502563806,0.0104632389621368,0.0103694358006046,0.009773138536253,0.0121868584341751,0.0173224581227667,0.0158380279760808,0.0157028548893868
1178,0.0102926206843757,0.0094014018900337,0.0089740660303205,0.0091519824526672,0.0091776280602585,0.0094117692406476,0.0118883113375869,0.0127359979887287,0.0133334096874309,0.0138481355164034,0.0139341558453266,0.0126184800864839,0.0130648495583284,0.0132883364713688,0.0123934072372812,0.0131882687174301,0.0134888284161177,0.0125904961566804,0.0124313079459903,0.0125341916941806,0.0119083989182657,0.0119436357757303,0.0124012049055049,0.0117303451286353,0.0114785609065378,0.0116634657097886,0.0104016667571866,0.010317973302725,0.0097426970378131,0.0121392378231305,0.0172608409018644,0.0157038339047342,0.0155683717385319
1176,0.0093740532815799,0.0084593748722589,0.0080132340740288,0.0081907323688028,0.008230807941978,0.0084715130489262,0.0109286161995376,0.0119365229588192,0.0125321996087558,0.0130460968797126,0.0131308809498091,0.0119987951909279,0.0124466182536179,0.0126719151565443,0.0119546054459693,0.0127829670811564,0.0130822401751764,0.0121624307222996,0.0120215503860632,0.0121253510905919,0.0115330449488235,0.0115973697714392,0.0120672225236968,0.0114215872865547,0.0111821659936317,0.0113726693231267,0.0101104645937263,0.0100330019987135,0.009524425738822,0.0119090349988176,0.0169930936206556,0.0152856189100542,0.0151741893744567
1174,0.0083430210472998,0.007409107131545,0.0069499569168055,0.0071218052860446,0.0071665580553977,0.0073952087397539,0.0098446390785821,0.0110342684440215,0.0116273666029071,0.0121363562206826,0.0122162655961066,0.0112085239039614,0.0116623682323657,0.0118915679129861,0.0113373684884894,0.0121857755090848,0.0124782280086713,0.0115955257155372,0.0114657815947619,0.0115705300926252,0.0110133560408638,0.0111015597649258,0.0115835999113691,0.0109593113785077,0.0107289260041392,0.0109206276941393,0.0096657378774714,0.0095903924161718,0.0091140112123965,0.0115116025465439,0.0166010668397632,0.0147478491272218,0.0146828526792259
1172,0.0074629020748894,0.0065101649166051,0.0060465749221873,0.0062140620783268,0.006251653222351,0.0064588440558787,0.0089277552611822,0.0102883418875451,0.0108763066821273,0.0113839161966078,0.0114567628160646,0.0104488167231532,0.0109071064105764,0.0111469944864266,0.0107098028188443,0.0115512718089525,0.011832239444998,0.0110381618727041,0.0109189844108629,0.0110240510870269,0.0104913412151141,0.0106021383641323,0.0110932506046922,0.010469473074215,0.0102480972468589,0.0104396977791551,0.0091996823740892,0.0091304903806111,0.0086245805589436,0.0110503817243165,0.0162099783402296,0.0143279963573072,0.0143148211211821
1170,0.006836433633327,0.0058660021850235,0.0053972331975505,0.0055640777739241,0.0055855677031298,0.0057693406223334,0.0082760248890906,0.0097781928061833,0.0103615589821403,0.0108697721258368,0.0109368782497096,0.0098455903886115,0.0103058413716738,0.0105645881794291,0.0102140766013385,0.0110275786416604,0.0112949346594432,0.0106037257946221,0.0104962223305315,0.0106039558385005,0.0100867860874035,0.0102173726205049,0.0107131612214851,0.0100776617130777,0.0098693577299819,0.0100617602613697,0.008863792060373,0.0088092267120258,0.0082456167643837,0.0106814063235834,0.0159093310162352,0.0141401206813105,0.0141681144786222
1168,0.0064394568450827,0.0054611800015185,0.0049801488472765,0.0051474861618129,0.0051496066224323,0.0053109238170801,0.0078442174270171,0.0094489059722317,0.0100342819913707,0.0105391471535371,0.0106029473940359,0.0094351882262553,0.009898787045156,0.010179263352671,0.0099002934142203,0.0106965346083019,0.0109546399474421,0.0103436149347461,0.010242657344523,0.0103582529341155,0.0098609783432382,0.0100009348170513,0.0104992332248959,0.0098689375623579,0.0096748434513743,0.009866678007232,0.0087678972116315,0.0087274244992638,0.0081210548825762,0.0105321018803368,0.0157479905997537,0.0141825521865645,0.0142420811409265
1166,0.0062054943236181,0.0052326262108632,0.0047363623700559,0.004903566690523,0.0048884322284381,0.0050296160726911,0.0075633867732468,0.0092493105529027,0.0098445404162743,0.0103430981751365,0.0104058003379258,0.0092090050451162,0.0096778399257736,0.0099740557345156,0.0097331312197138,0.0105518567784476,0.0108132159241212,0.0102383894122356,0.0101377956255271,0.0102653568351469,0.009796899186857,0.0099337596431794,0.0104363101066763,0.009835721472469,0.0096503363360753,0.0098381664359415,0.0088780704264479,0.0088385953865748,0.0082229461323793,0.0105987418541016,0.0157307378110571,0.0144062007210817,0.0144953908014986
1164,0.0060597923463135,0.0050965597779715,0.0045908260800899,0.0047590070874407,0.0047315919242013,0.0048585231870865,0.0073830784979789,0.0091588498850793,0.0097662228968296,0.0102615769168249,0.0103264452388622,0.0091215134549483,0.0095930324913592,0.0098927451840895,0.0096307871446434,0.0105030974624101,0.0107794396749297,0.0101999080248355,0.0101025457535013,0.0102410287637121,0.0097974288482571,0.0099266770004259,0.0104352194888883,0.0098662496218796,0.0096832630408558,0.0098657015821056,0.0090120790907981,0.0089619046110438,0.0083732953242305,0.0107402394353614,0.0157966438907125,0.0146776122366009,0.0147900499355308
1162,0.0059326080020249,0.0049751882640719,0.0044723871717067,0.004643658829719,0.0046103725685071,0.0047356065271737,0.007262294252355,0.0091335995537785,0.009750140355219,0.0102462820078179,0.0103164953678211,0.0090954149107663,0.0095645270496832,0.0098556013441933,0.0095223964772751,0.010438819548229,0.0107286638342349,0.0101317830363782,0.0100432559759278,0.0101868514159146,0.009752411748693,0.0098755935934209,0.0103851367776355,0.0098430342513878,0.0096605775437249,0.0098381459945913,0.0090112929332154,0.0089524767385742,0.0084292888007634,0.010819362157745,0.0158557678348501,0.0147833084009493,0.0149024111222405
1160,0.0057867990982587,0.0048370751157528,0.0043514243283741,0.0045251926920269,0.0044936857472661,0.0046340227693608,0.0071689598212016,0.0091058661201849,0.0097286875132789,0.0102254036927469,0.0103000161098667,0.0090670188817258,0.009531337716378,0.0098080338241144,0.0093952285647157,0.01031598943968,0.0106063165700028,0.0100109092545316,0.0099228523217594,0.0100656892726115,0.0096321704801232,0.009745548922717,0.0102435168381715,0.0097534853358397,0.009570127005454,0.0097415677639823,0.0088884793000767,0.008829299523832,0.008404236366717,0.0108219931498262,0.0158655991526808,0.0146145580084858,0.0147296610879594
1158,0.0056216487913676,0.0046903007922075,0.0042294504952511,0.0044023945706382,0.0043787557089749,0.0045443031389576,0.0070713325908669,0.0090276075899203,0.0096555358064928,0.0101518850390272,0.0102260532092488,0.0090123843052456,0.0094729326908457,0.0097381298669656,0.0092792759887615,0.0101716347369285,0.0104534609288178,0.0098824405960905,0.0097747304436201,0.0099146513129887,0.0094901935677553,0.0095833794658008,0.0100590005332374,0.009659806395814,0.0094697380221773,0.0096339864808559,0.0087472034620817,0.0086858464070698,0.0083680771597742,0.0107959151969736,0.0158362079597344,0.0143163808301492,0.0144353617486644
1156,0.005445009588119,0.004536782722228,0.0040934478789684,0.0042632768875485,0.0042479351986219,0.0044325287720878,0.0069293581650277,0.0088824200476835,0.009512958725726,0.0100108312286276,0.0100820665476608,0.0089204229745613,0.0093784313853724,0.0096380123208637,0.009190810564432,0.0100499092859658,0.0103263124397634,0.0097799673750779,0.009643475314851,0.0097811838311079,0.0093778035619388,0.0094468510619172,0.0099027268195129,0.0095861281924943,0.0093832815135759,0.0095461660861504,0.0086099307489545,0.0085339551590858,0.0083022673741978,0.0107298851593649,0.0157719339391924,0.0141433915325123,0.0142783074403719
1154,0.0052740007191204,0.0043788399441816,0.0039336019916829,0.00410026825857,0.0040896945837668,0.0042759365103595,0.0067396771597357,0.0086943552903109,0.0093230076227929,0.0098230586000141,0.0098942098042547,0.0087942655787424,0.0092499704077037,0.0095022814393176,0.0091307729784656,0.0099683058192006,0.0102457134765699,0.0097105802727888,0.0095556670474932,0.0096918044758647,0.0093128263704246,0.0093676442949126,0.0098202892299106,0.0095203939674486,0.0093045332204719,0.0094775373006311,0.0084321354989902,0.0083348786711557,0.0081513106888796,0.0105893443930631,0.0156775296660581,0.0141987228936717,0.0143448703171294
1152,0.0051593115868468,0.0042651644947749,0.0038021911655921,0.0039654711544547,0.0039594699373278,0.0041348265228609,0.0065847211981218,0.0085580009054838,0.0091819406914317,0.0096802937231345,0.0097539418628954,0.008703677211499,0.0091577500397255,0.009390354235816,0.0091364775030174,0.0099604176314531,0.0102404597778552,0.0097201717793403,0.0095572414297553,0.0096917392144994,0.0093354833364248,0.0093887439418778,0.0098558287573293,0.0095172342916589,0.0092922401227747,0.0094810178586379,0.0082598902724772,0.0081507255214841,0.0079786742267042,0.0104464750978273,0.0156254712761033,0.0144001597646196,0.0145393100080364
1150,0.0051445904194781,0.0042527251000128,0.0037731961143451,0.0039321999047122,0.0039364669017318,0.004102471713498,0.0065606792675549,0.0085876539838756,0.0092080321278392,0.0097016112659186,0.0097748104642733,0.0087563032025841,0.0092101292767786,0.0094125851136424,0.0092613845840787,0.0100704134038101,0.0103546823392826,0.0098773198313712,0.0097019096164116,0.0098357113645276,0.0095033999088014,0.009557018205211,0.0100439168870043,0.0096775829994886,0.0094475034364823,0.0096452819395831,0.0082422644984846,0.0081375181480445,0.0079471864711983,0.010454795823788,0.0157246172998497,0.0146343579451342,0.0147544295382165
1148,0.005175278954987,0.0042951274238277,0.0038148055736852,0.0039708836874865,0.0039905535419621,0.004157207463491,0.0066313763565171,0.0087636363130891,0.0093836219779915,0.0098754569728895,0.0099439006985889,0.0089485767365004,0.0094027088170802,0.009584675379788,0.009466964238991,0.0102584406605132,0.0105526425025649,0.0101406827883521,0.009947747296553,0.0100841505712019,0.0097768855846915,0.009826081469171,0.0103252098126081,0.0099783779829449,0.0097493240733836,0.009944847606593,0.0084521592866448,0.0083598690527395,0.0081239718802856,0.0106626079924433,0.0159744382230428,0.0148208950937657,0.0149240829109564
1146,0.0051062026955187,0.004239435615287,0.0037750265873435,0.0039328773589547,0.003966669487437,0.0041429680852335,0.0066263559993224,0.0088870102249518,0.0095092822605734,0.0100042590877012,0.0100694249153187,0.0091063010389101,0.0095596981969595,0.0097516036380959,0.0096028278442832,0.0103795064612971,0.0106844862398653,0.0103245583569099,0.0101266115611033,0.0102707086273178,0.0099820026095491,0.0100291092016652,0.0105301348682284,0.0102236329552065,0.0100043925903305,0.0101930889431982,0.00878221602337,0.0086988165027148,0.0083953163609971,0.0109369986170005,0.0162164549191089,0.0148707401478925,0.0149678175501961
1144,0.004849843228453,0.0039868244308744,0.0035433096509432,0.0037079990947774,0.0037504738077109,0.0039402728359172,0.006427128427439,0.0087776760027894,0.0094037176821985,0.0099019108071141,0.009969431062241,0.0090596637176726,0.009510994024042,0.0097407357325846,0.0095613831981982,0.0103290154073581,0.0106329828960129,0.0102842450333526,0.0101010993706074,0.0102568000112013,0.0099751564117062,0.0100308077294308,0.0105279611943162,0.0102479174638119,0.0100414853505546,0.0102259080765784,0.0090533708989606,0.0089721034362549,0.0086008716558479,0.0111102520193547,0.0162878511374026,0.0147427174558192,0.0148487948301606
1142,0.0044920834313022,0.0036207524071816,0.0031858399770198,0.0033597736162433,0.0034056810018728,0.0036047993750702,0.0061056136838463,0.0084900738402104,0.0091194611189969,0.0096177592574617,0.0096892864978686,0.0088460867898558,0.009296162618802,0.0095647245151903,0.009413580947172,0.0101745790706659,0.0104641375995211,0.010097343905145,0.0099322915377427,0.0100972623218984,0.0098181081871331,0.0098883149746968,0.0103781970596145,0.010113805839778,0.0099113687585601,0.0100943421433296,0.0091684666434777,0.0090875737681193,0.008683768572366,0.0111421908011802,0.0161901908481095,0.0145605399493172,0.0146894640471277
1140,0.0042174952523104,0.0033301350312901,0.0028798564800879,0.0030622111454202,0.0031065044324493,0.0032999847102027,0.0058362713629645,0.0082427371307569,0.0088725652217497,0.0093705030331865,0.0094416570684286,0.0086526858008357,0.0091059380484501,0.0093900593309427,0.0093170254026352,0.0100704049229633,0.0103479831537859,0.0099693188773069,0.0098081598185158,0.0099711721685878,0.009703806555891,0.009782796613091,0.0102608007814297,0.0100220577984861,0.0098129061082845,0.0099948404060564,0.0091400665252177,0.0090644282103898,0.0086849697763972,0.01110627966091,0.0160613315438145,0.0145395111626158,0.0146885189699973
1138,0.0041327634619191,0.003229631442261,0.0027463696829481,0.0029326639393427,0.0029712218897763,0.0031404995766399,0.0057163777789644,0.0081541756166178,0.0087809590442841,0.009281231127248,0.0093480124570147,0.0085816246908439,0.0090440905035702,0.0093222491430455,0.0093165178893574,0.0100657420324398,0.0103478678944534,0.0099790398496136,0.0098108553239496,0.0099578697619277,0.0097175037070211,0.0097956864484372,0.0102600044830969,0.0100627971043268,0.0098480893029021,0.0100295623524169,0.0090327423101911,0.0089707529133062,0.0086578825606894,0.0110748078607743,0.016014220037887,0.0147537275257957,0.0148956817459917
1136,0.004190838540563,0.0032849621965911,0.002774583969384,0.0029564659665527,0.002991177945481,0.0031312059207861,0.0057117409960483,0.0081443259074053,0.0087666913172657,0.0092723979286467,0.0093355026754753,0.0085709331269489,0.0090449362905335,0.0093146739041399,0.0093190241960272,0.0100765570799826,0.0103748244680226,0.0100153066329495,0.0098435009569797,0.0099704184347163,0.0097604837974365,0.0098350769267327,0.0102933502672325,0.0101473392632716,0.0099368153550641,0.0101197746775418,0.0089224609133422,0.0088803520981256,0.0086358225247109,0.0110699211421571,0.0160566175657567,0.0150666589915357,0.0151707428736496
1134,0.0042694750758071,0.0033815597520442,0.0028679144023489,0.003037250630992,0.0030758199335187,0.0032020170617739,0.0057308117335611,0.0080871303438217,0.0087054364629854,0.0092200464519951,0.0092818858970765,0.0085376503366929,0.0090185431899984,0.0092869130290176,0.0092545352748181,0.0100337348268979,0.0103446401941023,0.0099667075063775,0.0098005429553294,0.0099189513551346,0.0097214887614424,0.0097974418380422,0.0102639573983026,0.0101686342469425,0.009965771086614,0.0101522093815388,0.0088699924095422,0.0088453667659964,0.0086408464459145,0.0110905469955339,0.0161428116079202,0.0153131608832873,0.01537552395663
1132,0.004300224533089,0.0034379032471694,0.0029365642009372,0.0030921472114398,0.003136652191203,0.003269303792464,0.0057113274077909,0.0079626456140748,0.0085774698102486,0.0091038201285553,0.0091655975281958,0.00849380388793,0.008973706632952,0.009238521333743,0.0091718242855834,0.0099742364956974,0.0102893867048124,0.0098764159866155,0.0097213402583724,0.0098470350515932,0.0096363668688339,0.0097199904407852,0.0102030798585142,0.0101358391991696,0.0099349316136044,0.0101265200603239,0.0088951463319096,0.0088752459609472,0.0086844938930835,0.011140114224259,0.0162465868322905,0.0154546656621432,0.0154994281068733
1130,0.0043253137582283,0.003471920392742,0.0029763930134418,0.003124377732875,0.0031636295946564,0.0033096240506607,0.0056694840721923,0.007837298010346,0.0084515491929279,0.0089860257120611,0.0090501741663368,0.0084914936305208,0.0089662821239753,0.0092151131933188,0.0091530954695395,0.0099668528704202,0.0102864185584441,0.0098647066887009,0.0097207801211853,0.0098555117466576,0.009625301418543,0.0097182864002174,0.0102121096682768,0.0101283362261496,0.0099254444478085,0.0101238864965077,0.0089967360841377,0.0089659363431433,0.0087810817696301,0.011239196810126,0.0163785792939905,0.0155211560650305,0.0155719635544138
1128,0.0044327532372737,0.0035684094698789,0.0030679569519846,0.0032141081750318,0.003235366705995,0.003392004141227,0.0056919511051317,0.0077731360639987,0.0083945346304361,0.0089252580786649,0.0089968874572238,0.0085341470413494,0.009005647499832,0.0092314416625225,0.0092062943328389,0.0100159408959075,0.0103478887970943,0.0099660930798233,0.0098261938866284,0.0099543555362267,0.0097266847014566,0.0098232233908479,0.0103137652849838,0.0101856143810733,0.0099822557507694,0.0101885650501519,0.0091880262915227,0.0091395702202214,0.0089598874526674,0.0114182527017015,0.0165565890521631,0.015510259225456,0.0155718826839242
1126,0.0046193291087774,0.0037499365569723,0.0032526276282956,0.0033971103511319,0.0034046561620011,0.0035763161246077,0.0058322352208134,0.0077811199667696,0.0084175675950563,0.0089343802381381,0.0090161784030461,0.0085776850737514,0.0090500548945101,0.0092602535431781,0.0092694899339203,0.0100638284490091,0.010413094023164,0.0100922978495072,0.0099408192229411,0.0100468872019625,0.0098491563542254,0.0099376796033473,0.0104157653389975,0.0102722301411785,0.0100667526052605,0.0102811919577366,0.0094475507207585,0.0093881561005529,0.0092073223493266,0.0116580756661392,0.0167538746227939,0.0154147535344306,0.0154818046179532
1124,0.0047237511240501,0.0038758590834573,0.0034026091123702,0.0035450937668308,0.0035596574828565,0.0037587635257101,0.0059854459976971,0.0077998009359528,0.0084512235021929,0.0089560975243314,0.0090436493341167,0.0085607959331666,0.0090366228167429,0.0092460412814773,0.0092643571633977,0.0100369331856701,0.0103984122393864,0.0101151796354707,0.0099380454883088,0.0100257610633207,0.0098629407725826,0.0099337983444154,0.0104008130273004,0.010305109142405,0.0100912923814541,0.0103143511301641,0.0096347726300031,0.0095776654338139,0.0093916356905049,0.0118315940584694,0.0168691457490056,0.0152692047902774,0.0153391677819853
1122,0.0045466322364405,0.0037347762666428,0.0032939129462355,0.0034405308429556,0.0034791784027146,0.0037088092788019,0.005935517667994,0.0077099366316734,0.0083684861088041,0.0088708514227733,0.0089569117639719,0.0084175650216539,0.0088959575803166,0.009116500263736,0.0091265034026179,0.009876283364415,0.0102369031781677,0.0099526297202529,0.0097527113311884,0.0098447534048165,0.0097015294838387,0.0097549763914665,0.0102176861207894,0.0101973166493502,0.0099771032598512,0.0102076804504615,0.0095584695042296,0.0095132768375228,0.0093349700578958,0.0117762243676703,0.0167849460641264,0.0150991413416325,0.0151725729566757
1120,0.0040694817803258,0.003280969815404,0.0028599599284348,0.0030198502405008,0.0030815004390199,0.003325673043136,0.0055915116316051,0.0074474511453171,0.0081061785171827,0.0086096792474719,0.008692434039046,0.0081356169050212,0.0086108202723254,0.008848332129252,0.0088549584811651,0.009590349373188,0.0099367247145565,0.0096244808745858,0.0094227327254793,0.0095427043176734,0.009406261556593,0.0094524423786802,0.0099163733880095,0.0099282464983215,0.0097177371562231,0.0099497435785358,0.0091918187791807,0.0091611627928308,0.0090148778948487,0.0114710542817382,0.0164928740760538,0.014887275859833,0.0149655625708729
1118,0.0035218999319074,0.0027317310709877,0.002314083494722,0.002489024683991,0.0025590187782855,0.0027944682890878,0.0051293249166939,0.0071209454930788,0.0077776234364059,0.0082773436455651,0.0083611747535135,0.0078254482046886,0.0082885531721301,0.0085420864731449,0.0085652230698133,0.0093038479859656,0.0096301905850684,0.0092712542971068,0.0090917807434407,0.0092483570921776,0.009114263427076,0.0091667923568187,0.0096363730699555,0.0096000600437046,0.0094154200431699,0.0096410230112482,0.0087465591989762,0.0087286605835261,0.0086250979596629,0.0110890172828353,0.0161340896136022,0.0146502144879993,0.0147370721180687
1116,0.0031821832008781,0.0023684841728135,0.0019491735162257,0.0021307838766955,0.0021926017252285,0.0024060817384838,0.0048178450172719,0.0069236606296162,0.0075753581460782,0.008067114198439,0.0081554676083327,0.0076394387189154,0.0080857962111037,0.0083470342636901,0.0084102987334294,0.0091707743291882,0.0094810709335267,0.0090642428035465,0.008922032484426,0.0091081364986413,0.0089637432684639,0.009035638498101,0.0095176961346867,0.0093695460535179,0.0092111382141109,0.0094298883642899,0.0084498042693272,0.0084401262308407,0.0083608536233409,0.0108120876320875,0.0158671611506045,0.014481079140347,0.014577457942714
1114,0.0031266905549468,0.0022746797622871,0.0018582117730098,0.002036400066105,0.0020786124704676,0.0022720975393281,0.0047381836066331,0.0068916584247118,0.0075324828779959,0.0080182901638933,0.0081091161479719,0.0075784642885554,0.0080132775326785,0.0082724845911955,0.0083923364362947,0.0091834749219079,0.0094856198949143,0.0090339490087367,0.0089328297374701,0.0091330914760091,0.0089531053685898,0.0090550232411476,0.0095563736516366,0.0092822232913324,0.0091374095898222,0.0093570498339476,0.0083086264838409,0.0082993813260293,0.0082079748859393,0.0106465010682306,0.0157186058687033,0.0144405483031037,0.0145365637796622
1112,0.0032031185296257,0.0023158856993278,0.0019091164737068,0.0020809369135433,0.0021027042951113,0.0022886602901509,0.0047507218677734,0.0068461079538942,0.0074745258672408,0.0079586431183915,0.0080471401176032,0.0074699339991297,0.0079028472932698,0.0081580201985666,0.0083259479000322,0.0091381150601623,0.0094366932918913,0.0090186356655162,0.0089493510797577,0.0091445777950994,0.0089144599654133,0.0090480707002027,0.0095662754146703,0.0092157513117624,0.0090719526092886,0.0092966725938818,0.0081845040546098,0.0081674809659238,0.0080337449548567,0.0104898729232492,0.015610231869264,0.0144576502192945,0.0145407935528313
1110,0.0032159122948123,0.0023254757704995,0.00193454186265,0.0021049464293175,0.0021205636575706,0.0023142091670868,0.0047024135092298,0.0066382110180206,0.0072615225326894,0.0077469441028438,0.0078298600845495,0.0072006216728467,0.0076358577032046,0.00789026769114,0.0080641738125104,0.0088691097150206,0.0091656510814192,0.0088437321630533,0.0087832999271592,0.0089540612238032,0.0086891555051386,0.0088410124747523,0.0093601758680547,0.0090331854591281,0.0088833683217136,0.0091071563298999,0.0080355187253565,0.0080086336626959,0.0078244146013302,0.0103236499293358,0.0155010874101698,0.0144183338953899,0.0144917734752632
1108,0.0031005518859484,0.0022469565375185,0.0018722194172538,0.0020486477670844,0.0020809356092261,0.002290298927497,0.0045800741070764,0.0063684546027718,0.0069950487326467,0.0074846565384494,0.0075614652648951,0.0068887798935513,0.0073259375397888,0.0075756183370074,0.0077040902262943,0.0084741942015604,0.0087735349851794,0.0085338662480576,0.0084594094562952,0.008595896492138,0.0083262290302883,0.0084766102279124,0.008978338789068,0.0087624785056129,0.008604090732429,0.0088214955926261,0.0079584963167114,0.0079275101818538,0.0077078281905146,0.0102366978539041,0.015434003554608,0.0143181974010342,0.0143974860185973
1106,0.0029373359116621,0.0021274210473066,0.0017570899041042,0.0019428337751066,0.0020055082050856,0.0022245784510696,0.0044658861626707,0.006266712721962,0.0068975679742197,0.0073935294263331,0.0074664338749451,0.0067374285020279,0.007180591426601,0.0074153057873074,0.0074736906454934,0.0082135315062337,0.008526254887178,0.0082809350210288,0.0081900234243027,0.0083017542286258,0.008042434709019,0.0081840505752946,0.0086646219131938,0.0085661251257245,0.0084027592191998,0.0086200163478315,0.0080040249448381,0.0079750078658095,0.0077496477827996,0.0102707785008726,0.0154449593772927,0.0142452506151205,0.0143333940739471
1104,0.0028496612236825,0.0020508411553143,0.0016647538911711,0.0018540883976417,0.0019401994549004,0.0021538683376149,0.0044260051126186,0.0064054075918658,0.0070373376133649,0.0075383336521654,0.0076120417578328,0.0067840000585697,0.0072411996100772,0.0074644302199474,0.0074578349515899,0.0082111651542747,0.0085474706636243,0.0082192725443086,0.0081297972516549,0.0082398261336725,0.007984809679425,0.0081268739817963,0.0086002009801154,0.0085480329807299,0.0083896322007909,0.0086158822649006,0.0080786153029761,0.00804995156024,0.007847619614868,0.0103424530810571,0.0154936643399335,0.014236198853675,0.0143176892420041
1102,0.0029030850615407,0.0020820528375786,0.0016643809420019,0.001844001427413,0.001931078782726,0.0021271385803902,0.0044677906349734,0.0066327348973024,0.0072657469163148,0.0077691476684794,0.0078474549400633,0.0068979940068131,0.0073692438847555,0.0076061370878884,0.0075442637478055,0.0083540178317999,0.0087150034384329,0.0083112396251835,0.0082376986883937,0.0083612896538938,0.0081013171110577,0.008252382448161,0.0087336598610566,0.0086528406050382,0.0085069099800637,0.0087378331091788,0.0080753343001493,0.0080400439219922,0.0078682498911721,0.0103499330614541,0.015514820672017,0.0142420791776495,0.0143089583751062
1100,0.0030748506823987,0.0022237369979336,0.0017699455419189,0.0019292787450287,0.0019927189890996,0.002166299140439,0.004561688197622,0.0067838508546351,0.0074199653189289,0.0079269371431489,0.0080076919857941,0.0069924298764114,0.0074665737845385,0.007738851456648,0.0076310114248161,0.0084922118576714,0.0088668056080431,0.0084628920778831,0.0084001214940044,0.0085304473821855,0.0082663206034017,0.0084208187673463,0.0089108257721764,0.0087690900315958,0.0086319675850966,0.0088529898861718,0.0080213956866635,0.0079770994075438,0.0078138464916735,0.0103010487587773,0.0155096438408716,0.0142425057121943,0.0143104097850082
1098,0.0032931005249859,0.0024129712576169,0.001929636476718,0.0020716166953784,0.0020956380461944,0.0022459462368728,0.0046786055606651,0.0068605010201234,0.0074987056925758,0.0080124660196716,0.0080882474589846,0.0071189080259107,0.0075869047482522,0.0078853434953691,0.0077615511378585,0.008628152110136,0.0089981211190389,0.0086604052721366,0.0085943963583877,0.0087126888248277,0.0084504705066415,0.0085982322316475,0.0090878440719925,0.0088716478937729,0.0087332555973422,0.0089389013244915,0.0080353057931234,0.0079889104363587,0.007800296871587,0.010296984211582,0.0155546495168103,0.0143010625057671,0.0143875213971725
1096,0.0034833050910352,0.0025694066858378,0.0020770294405195,0.0022163576215095,0.0022018697920758,0.0023341212267707,0.0048048720148179,0.0069616808240651,0.0076000984338855,0.0081193765340822,0.0081851191142616,0.0073361059768655,0.0078006194509176,0.0080954648544131,0.0080046008170837,0.0088423811782442,0.0091923142301554,0.008929705462873,0.0088553875963728,0.0089525687592945,0.0086946012261635,0.008836910934992,0.009323109382862,0.0090145070744224,0.0088706553791944,0.0090702183556336,0.0081768019885661,0.0081381792444821,0.0079099446264859,0.0104143249011918,0.0157146229954652,0.0144530267710089,0.0145532445756706
1094,0.0035772835142898,0.0026384133159076,0.0021698148318077,0.0023189095147058,0.0022851408443932,0.0024152423747072,0.0049129627656324,0.0071031133488912,0.0077444001231616,0.0082642914341677,0.0083228358908979,0.0075806899399748,0.0080476168523553,0.0083234286201013,0.0082976417136879,0.0091137331050074,0.0094398295665557,0.0092226929533253,0.0091433262794308,0.009227470495076,0.0089731521846095,0.0091200976431605,0.0096096647730858,0.0092186123895123,0.009074116171922,0.0092754682653172,0.0083868441180752,0.0083590815821496,0.0081123048753664,0.0106272017779553,0.0159532267973,0.0145927320376803,0.0146917787032795
1092,0.0035231988752264,0.0025949865512477,0.002173711031475,0.0023321687742121,0.0023044032091789,0.0024504278733447,0.004935713188039,0.0071791745582823,0.0078285365161858,0.0083482478488146,0.0084072202337313,0.0077249109134463,0.0081925869042142,0.0084582525595234,0.0084993768235914,0.0093172619776367,0.0096281932987107,0.009434027702533,0.0093484961172849,0.0094342007879096,0.0091876761244249,0.0093413838510907,0.0098385268454739,0.0094314735119174,0.0092920547810137,0.0094894768592066,0.0085661368913586,0.008542967191935,0.008319633935971,0.0108428480183064,0.0161509725448772,0.0145568498052594,0.0146568349882115
1090,0.0033403968644652,0.0024554800674139,0.0020701009789798,0.0022287685258818,0.0022197599693035,0.0023849377872703,0.0048282544397987,0.0071062999762898,0.0077653320070801,0.0082890367192797,0.0083542217444579,0.0077195227857594,0.008184135209674,0.0084482319134415,0.0085579634476359,0.0093842293584543,0.0096935189400046,0.0095220190331593,0.009422266885646,0.0095204431833744,0.0092945646839372,0.0094428892641232,0.0099413015426524,0.0095996792583749,0.0094658406620439,0.0096501693461961,0.0086818803551534,0.0086547581998222,0.0084892725394923,0.0110056247930643,0.0162340701507643,0.0143266026758853,0.0144452446673512
1088,0.0031488308956876,0.0023019001011857,0.0019126782804306,0.0020648411648163,0.002070173947397,0.0022427837643748,0.0046632200028775,0.0069452366854536,0.0076118741747117,0.0081407435378529,0.0082134227766155,0.0076283127368027,0.0080946903401947,0.0083490816333637,0.0085435609834041,0.0093702098104087,0.0096873399567149,0.0095373590049009,0.0094188139730378,0.0095365098089583,0.0093468084004581,0.0094746212617964,0.0099661380523622,0.0097198741060142,0.0095892063819485,0.0097641042709342,0.0087826512644712,0.0087508341101895,0.0086503799958251,0.0111459334965927,0.0162606399702044,0.0140791121333516,0.0142249116716508
1086,0.003067783119892,0.0022258551299283,0.0018032284600987,0.0019496639546575,0.0019603364501455,0.0021335470748366,0.004579244255552,0.0068298368936147,0.0075023599296523,0.0080318412951573,0.0081091514211345,0.0075289187967333,0.0080059378114401,0.0082434476380462,0.0085176180000591,0.0093395381883847,0.0096659846127333,0.0095153188790548,0.009384514682467,0.009524708244455,0.009375856039369,0.0094785962343119,0.0099646730389563,0.0097861037562098,0.0096570659214025,0.00983833276036,0.0089068026400726,0.00888067491688,0.0088227415941591,0.0112996554732054,0.0163252310029484,0.0139908902199739,0.0141529933098534
1084,0.0030670757305366,0.0022056230644521,0.0017542208045814,0.0018998977748562,0.0019125332604861,0.0020939314482174,0.0045910586640499,0.0067917696641618,0.0074678442814098,0.0079946827695082,0.0080694961691134,0.0074145121242285,0.0079009505942981,0.0081367645434024,0.0084378304479388,0.0092515648277221,0.0095816812391306,0.0094025793182026,0.0092729728773251,0.0094285396866339,0.0093047657370025,0.0093914514332826,0.0098803334074511,0.0097337199877549,0.0096048639622173,0.0098053251772637,0.0089908863235775,0.0089835440935913,0.0089299619963454,0.0113958559737088,0.0163880563530328,0.0140294076785414,0.0141900044594077
1082,0.0029930713252068,0.0021086555693304,0.0016510345104008,0.0018002096172924,0.0018146145258494,0.0020107196671948,0.004543877483786,0.0067294255150474,0.0074028390190962,0.0079283230365798,0.0079912634486977,0.0072180496261078,0.0077018526171733,0.0079622409946832,0.0082245388507454,0.009020167431127,0.0093453922407993,0.0091382012811708,0.0090201338414749,0.0091728885415121,0.0090441489130747,0.0091306849054741,0.0096247097153942,0.0094987965365507,0.0093665563536084,0.0095855030909923,0.008907850867151,0.0089220421845706,0.0088446615355974,0.0112942614288086,0.0162892155164259,0.0140115850963388,0.0141573671271148
1080,0.0027718173042476,0.0018724279825688,0.0014231356582138,0.0015770025018369,0.0015947741750447,0.0017989314205021,0.0043304110882885,0.006570598648208,0.007234968771835,0.0077579716119205,0.0078042529529685,0.0069280453549895,0.0074010226348005,0.0076927615201092,0.0078863158033595,0.0086561702826914,0.0089722563336997,0.0087716009316625,0.0086654116338503,0.0087975590975959,0.0086390972436156,0.0087367827506932,0.0092265396272588,0.0091277509248999,0.0089874670385856,0.0092129071516325,0.0086133321311156,0.0086385199285591,0.0085400795564775,0.0109607849990655,0.0159648537094975,0.0138512558169075,0.0139756957789607
1078,0.0025099228490737,0.0016122602866602,0.0011758565932377,0.0013325440367078,0.0013641375780374,0.0015722835963098,0.0040672531039656,0.0063890295572697,0.0070451526188993,0.0075581564196876,0.0075929189899503,0.0066450861847355,0.0071117751875805,0.0074133586165918,0.0075400754133041,0.0082892384784786,0.0086015547672404,0.0084410533751899,0.0083377159265342,0.0084442646580014,0.0082518530877286,0.0083573988870148,0.0088283660697191,0.0087701384928524,0.0086195823069315,0.0088377741470233,0.008214969914528,0.0082396445113693,0.0081476483909581,0.0105392870727534,0.0155608194937882,0.0136617444932212,0.0137679612271798
1076,0.0023449940144554,0.0014730366438106,0.001053667796245,0.0012103493863579,0.0012739817155031,0.0015033858429439,0.0039498120464913,0.0063035160225401,0.0069585069104301,0.0074560118210442,0.0074903733657278,0.0064994591792044,0.0069690592840328,0.0072541912612792,0.0073162361685747,0.0080514081443296,0.0083702807065487,0.0082452983088685,0.0081338542855464,0.0082223378278986,0.0080090616522974,0.0081067378013474,0.0085500725077626,0.0085484154937277,0.0083898825755966,0.0085946624370766,0.0078645949958973,0.0078890666976017,0.007825204249774,0.0102013062104343,0.0152691012603122,0.0136019628710855,0.0137024735210085
1074,0.0022847226319163,0.0014518442697346,0.0010487542519831,0.0012043985691047,0.0013079196749619,0.0015821104474798,0.004008580608436,0.0063344847402615,0.006993745078213,0.0074808568973572,0.0075232488645555,0.006545171873697,0.0070199507363949,0.0072832436807815,0.0072855893239126,0.007999792671651,0.008329304081466,0.0082008800643062,0.0080759772788113,0.0081579149438838,0.0079394064429986,0.0080172362780247,0.0084358716567015,0.0084906454711832,0.0083293049225127,0.0085252111846685,0.0076371543330428,0.0076693804297473,0.0076300759601214,0.0100033325774135,0.0151446810297442,0.0137245353846259,0.0138289114900613
1072,0.002272632594843,0.0014692997881848,0.0010689544500954,0.0012240099197551,0.001352344046295,0.0016671064585154,0.0041372163799796,0.0064406186304395,0.0071050424769533,0.007592474312457,0.0076461819052863,0.0067621987357741,0.0072370496326479,0.0074955222195163,0.0074688373447493,0.0081505332522789,0.0084858597886584,0.0083161515624254,0.0081786626628429,0.0082647629828948,0.0080504162149023,0.0081135051545348,0.0085205578460158,0.0085959539280039,0.0084358823812551,0.0086317841510593,0.0075636086168609,0.0076035008090588,0.0075746858111072,0.0099553136612428,0.015165521084019,0.0140114165809442,0.0141162752521371
1070,0.0023187056112472,0.0015327841439996,0.0011214995233676,0.0012743382319475,0.0014035869808949,0.001723350626194,0.0042890078373056,0.006619427440497,0.0072900506690977,0.0077826725325967,0.0078498098785311,0.0071020944810771,0.0075725737272562,0.0078479986080701,0.0078366357358307,0.0084905304026047,0.008828337502321,0.0086037517371973,0.0084566029333265,0.0085558036909482,0.0083511242610141,0.0084157296625727,0.0088256161648883,0.0088673970307915,0.0087097805526003,0.0089083567363649,0.0076928956715324,0.0077271974148279,0.0077093928479724,0.0101136313083259,0.0153522809560726,0.0144245930165945,0.0145247492305994
1068,0.002437473101419,0.001678809769026,0.0012631859027858,0.0014089759750274,0.0015295272000665,0.0018235857842261,0.0044778810461545,0.0068496112287103,0.0075295108457787,0.0080243556360069,0.0081068534096874,0.0074603454389715,0.0079285738148554,0.0082314385421149,0.0082577927922258,0.0089056817505185,0.0092516775513222,0.0089767226049093,0.0088243749124364,0.0089411056656421,0.008751373059453,0.0088280944507581,0.0092460666192252,0.0092224669088071,0.0090691568381297,0.0092640532743981,0.008002083492584,0.0080177191716573,0.0080238588781404,0.0104638115196748,0.015674769865385,0.0148253247407694,0.014930587525111
1066,0.0025138312807685,0.0017990707235834,0.0014017543126466,0.0015366658449209,0.0016542705542841,0.0019260094841252,0.0046154010236535,0.0069896922903979,0.0076796944251567,0.0081738258642984,0.0082691170181913,0.0076597865183212,0.0081335538030479,0.0084603106666426,0.0085201656823303,0.0091834495481782,0.0095441986973005,0.0092314618145435,0.0090838411180104,0.0092161382523865,0.0090432268625831,0.0091309385321008,0.0095508742456557,0.0094625784788797,0.0093210768429666,0.0095045534814536,0.0082902421389315,0.0082891580686573,0.0083182391024595,0.0107795903354144,0.0159177313160633,0.0149655954715036,0.0150935190215441
1064,0.0023918197302357,0.0017092324091606,0.001343007470839,0.0014684539447789,0.0015874538182597,0.0018620716619474,0.004546709553806,0.006902471388881,0.0075989617458879,0.0080948006944845,0.0081946875351093,0.0075977168503234,0.0080844368286593,0.0084246530591327,0.0085090752511327,0.0091960258018189,0.0095663751107784,0.0092413502801753,0.0091133438848227,0.009255878667914,0.0090929221781735,0.0091868097607868,0.0095993469716576,0.0094523994971626,0.0093342170156667,0.0095043889745156,0.0083172878141511,0.0083154301067219,0.0083399620831161,0.0107895767772881,0.0158494967817399,0.0147301044937498,0.0148833272483184
1062,0.0021048951998471,0.0014156595763044,0.0010716270648584,0.0011932365128393,0.0013108958169627,0.001604512510696,0.0042933162479068,0.0066851277454551,0.0073841232631742,0.007886934412093,0.0079837814802997,0.0074197530911778,0.0079196762757209,0.008264197037631,0.0083617530583143,0.0090628603782219,0.0094272973818745,0.0091272062133147,0.0090306790794832,0.0091772936824604,0.0090113358250694,0.0091100312235514,0.0095108896211519,0.0093036428667404,0.0092152938588546,0.0093750013196442,0.0080840411541887,0.008097697534694,0.008084338038772,0.0105111466662079,0.0155429292232319,0.0143418964198055,0.0145060206748052
1060,0.0018670447755294,0.0011443283657852,0.000808489662773,0.0009323579834434,0.0010501968970768,0.0013618106137264,0.0040837127426044,0.0065977957070382,0.0072987834387271,0.0078116589410702,0.0079039460551751,0.0073962170201336,0.0079013524991037,0.0082457321719418,0.0083306503254822,0.0090165766490945,0.0093617935371415,0.0091068834386924,0.009044354768063,0.0091852949633184,0.0090082389248669,0.0091130828528667,0.0095026108460424,0.0092468803159243,0.0091832496362529,0.0093362005633515,0.0078431629211102,0.0078776017613676,0.0078186566637968,0.0102507173095948,0.0153312099239606,0.0141459772946085,0.0143104159392829
1058,0.0017903338651972,0.0010432233607947,0.0007156312266912,0.0008462244468919,0.0009759852860498,0.0013041060688368,0.0040576024265853,0.0067089091571365,0.0074135059432236,0.0079345029191611,0.0080246663058286,0.007564246276201,0.008065421148347,0.0084089858059904,0.008455803556228,0.0090897778894894,0.0094112870186939,0.0091739690752945,0.0091406548814702,0.0092623625278995,0.0090780544149659,0.0091912926753731,0.0095691879530784,0.0093041733690779,0.0092518455416357,0.0094027138689424,0.007772489480903,0.0078204598077034,0.0077426448193001,0.0102078259459035,0.0153730856998655,0.0141895945500875,0.0143559708833945
1056,0.0017475480274042,0.0010092722223977,0.0007019881742313,0.0008399822206093,0.0009940009051579,0.0013462287013295,0.0040851867456768,0.0067749766701485,0.007483698196203,0.008005413993587,0.0080949991900216,0.0076315651222816,0.0081265503585885,0.0084709490489927,0.0084801971482319,0.0090477308646479,0.0093466634656538,0.0090655234581965,0.009054620228155,0.0091488406160538,0.0089673304627839,0.0090912969972262,0.0094538572355203,0.0092250748597011,0.0091715326782235,0.009325491485615,0.0077655176390902,0.0078133730363183,0.0077534351130532,0.0102345732838176,0.0154382979542457,0.0141851136019382,0.0143523116744412
1054,0.001580596453592,0.0008904272489975,0.0006132669426318,0.0007520841316919,0.0009340790381917,0.0013165029044459,0.003978700978013,0.0065611358836245,0.0072717680097323,0.007784133934368,0.0078738418655559,0.0073370727511886,0.0078307949254312,0.0081797258620066,0.0081633220156466,0.0086839131195557,0.0089637498005565,0.0086043160600624,0.0086095818913036,0.0086802463453838,0.0085065278562459,0.008638827176102,0.0089768091126334,0.0088104876388314,0.0087505403803131,0.0089073446749698,0.0076274401228689,0.0076654112876058,0.0076300823503489,0.0100791891262035,0.0152329520249967,0.0139080272809948,0.014065309941922
1052,0.0013192448159852,0.0007154666756936,0.0004708325008979,0.0005982861404101,0.0008075049732438,0.0012152669185544,0.0037618699799626,0.0061439371574745,0.0068514202975842,0.0073474426729703,0.0074398884647582,0.0067975819913512,0.0072954880349319,0.0076539797663617,0.0075943600657498,0.008086736645483,0.0083525999679224,0.0079555694469539,0.0079727623817574,0.0080266885091973,0.0078592031742804,0.0079882860835668,0.0082815546803213,0.0081869333336404,0.0081233614384687,0.008273191594149,0.0073594770611165,0.0073905286465943,0.0073383295994108,0.0097347407530024,0.0147985011881829,0.0134650387465912,0.0136103267682412
1050,0.001080994766239,0.0005921573698942,0.0003835278845531,0.0004920740462342,0.0007325949840525,0.0011608514904345,0.0035998222922498,0.0057748757582527,0.0064738877932148,0.0069531523780901,0.0070517460699992,0.0063598773732435,0.0068634916680251,0.0072360421002622,0.0070865884947245,0.0075240897822243,0.0077788837600913,0.0074429338166734,0.0074718846089503,0.0075038733271025,0.0073450794841325,0.0074565241694353,0.0076717195144593,0.0076525842228421,0.0075941626677138,0.0077231909040839,0.0071106039492212,0.0071494580586613,0.0070240856459784,0.0094028966474705,0.0144322441454373,0.0131057462629135,0.013260539132689
1048,0.0008450208269179,0.0004800393209383,0.0003228116397198,0.0004175648787192,0.0007015149420665,0.0011643995491633,0.0035472357068621,0.0055603960579523,0.0062514288775532,0.0067173689167611,0.0068223693218041,0.0061900728891041,0.0066982604809551,0.0070873469184582,0.0068192559525078,0.0071336163114879,0.0073730708950832,0.0071895924985524,0.0072339387533408,0.0072286584582471,0.0070932424191507,0.0071812762965788,0.0072807528180856,0.007327547409288,0.0072877183786718,0.0073867134301739,0.0069190222599957,0.0069808516507621,0.0067751366157532,0.0091953581937772,0.0142995844567503,0.0129325808350553,0.0131268722138882
1046,0.0004726772269222,0.0002303851849527,0.0001538634997634,0.0002451576296834,0.0005907362272711,0.0011226821331459,0.0035128910370282,0.005426119910247,0.0061182383424297,0.0065730774027471,0.0066816707757194,0.00616343844818,0.006674609615372,0.0070803264309518,0.0067070717859909,0.0068341172845441,0.0070500007685248,0.0070526653942037,0.0071166402537167,0.0070652172382479,0.0069750238930508,0.0070415795521485,0.006998221463698,0.0070783666812638,0.0070743235574207,0.007138424684551,0.0066700588208769,0.0067612079339871,0.0065410955513352,0.0090357604957234,0.014291439756476,0.0129040402134813,0.0131494753625172
1044,-6.29903783732908e-05,-0.0001736863864881,-0.0001378935279692,-5.02191020603032e-05,0.0003754063243055,0.0010106637374491,0.0034430370092794,0.0053262428355458,0.006028662741447,0.0064725757018389,0.0065841321265306,0.0061283017706593,0.0066404061652889,0.0070604793495515,0.006610747124676,0.006518425103853,0.0067086222559597,0.0068757687618874,0.0069626119109584,0.0068681488036912,0.0068401468939903,0.0068817980361284,0.0066863370350744,0.0067648288648926,0.0068142285992703,0.0068366809309994,0.0063175658079182,0.0064385944861016,0.0062857562789999,0.0088437174006478,0.0142401199039172,0.0129963495251018,0.0132810903485971
1042,-0.00059107034664,-0.0005620145015632,-0.0004024883312038,-0.0003295863547936,0.0001796500224121,0.0009294916410684,0.003397748814021,0.0053134240696736,0.0060236307000081,0.0064575895027287,0.0065766813335277,0.0061022204009401,0.0066130723107558,0.0070428264245595,0.0065355646822731,0.0062186094724748,0.0063912019437993,0.0066781802886988,0.0067896020783474,0.0066542949554696,0.006692407613089,0.0066987258999157,0.0063607142565953,0.0064333721875538,0.0065454530435476,0.0065201056610425,0.0059978052975118,0.0061499052875529,0.0060849726911383,0.008666520043231,0.014116802986243,0.0132049781497139,0.0135089756245803
1040,-0.0008916308913666,-0.0007573449215418,-0.00050303373389,-0.0004474536340293,0.0001157419726101,0.0009577852078905,0.0034419861640977,0.005417354353592,0.0061242352917092,0.0065508333198978,0.006682327116431,0.0061714870054312,0.0066808493829588,0.0071130321017937,0.0065679394262817,0.0060577926335203,0.006225336678078,0.0065836799796416,0.0067124708819013,0.0065335285134738,0.0066237685936765,0.0065942231241824,0.0061495790141631,0.0062402507679416,0.0064030525471607,0.0063375901226282,0.005871304840971,0.0060500263195494,0.0060360734546713,0.0085996352928995,0.0140009605656256,0.0134527888065367,0.013758185948849
1038,-0.0008261613865502,-0.0006725548452132,-0.000389859507783,-0.0003345612396538,0.0002239121953911,0.0011036326300178,0.0036002111855859,0.0056345946494834,0.0063360404071293,0.0067582147391522,0.0068992680142637,0.0063765165848052,0.0068865526219822,0.0073107885397223,0.0067510126699098,0.0061462038300544,0.0063205411926535,0.0066981444171249,0.0068180304253598,0.0066075566824263,0.0067162427660994,0.0066662859583851,0.0061840002373637,0.0063046359081099,0.0064812510395821,0.006402357024757,0.0059790063360522,0.0061626369944317,0.006177650532086,0.0087094144719299,0.0140163246020002,0.013665883281686,0.0139584219987509
1036,-0.0003333637191534,-0.0002483646766753,-1.10569142946358e-05,6.24605376259531e-05,0.0005621736023864,0.0014079544844881,0.0039273984331015,0.0060294004029742,0.0067371777946465,0.0071600324238783,0.0072995959317094,0.00676580512195,0.0072781370527647,0.0076827136965632,0.0071138456312181,0.0065592342555796,0.0067510948230514,0.0070914133928006,0.0071649012038428,0.0069609710883611,0.0070465439057266,0.0069881762925104,0.0065526453120468,0.0066813144128516,0.006826239019944,0.0067661957115576,0.0063086732288604,0.0064660211655305,0.0065235830964909,0.0090549534670436,0.014312052984412,0.0138852737839738,0.0141576632496608
1034,0.0005543414878203,0.000520666909397,0.0006629143560481,0.000755350259338,0.0011739242310115,0.001925433024915,0.0044762265523938,0.0066474866374498,0.0073700231981009,0.0078039525300874,0.0079312698937251,0.0073738020804276,0.0078868812511171,0.0082661287503104,0.0076811054465907,0.0072906911262829,0.0075072329879424,0.007748181109944,0.0077525625335789,0.0075958915419329,0.0076304862840823,0.0075629477135809,0.0072402920086311,0.0073369767702715,0.0074190876749569,0.0074012334767201,0.0068332632501277,0.0069468510637674,0.0070415742810959,0.0096244526787108,0.0149190034825223,0.0141478320642925,0.014398333922546
1032,0.0016857386697951,0.0015165664704602,0.0015503132112599,0.0016533661410492,0.0019972629372574,0.002630283668889,0.0052143187794009,0.0073875241566731,0.0081183076344171,0.0085763326428912,0.0086884624303436,0.0081013424337752,0.0086112822703967,0.0089724839521687,0.0083722498067067,0.0081868592976176,0.0084288181113141,0.0085024654129383,0.0084439886299178,0.0083513899633455,0.0083279493822748,0.0082557107386028,0.0080766760369177,0.008098757057644,0.0081103990970823,0.0081462016833592,0.0074350637486274,0.0075094964754235,0.0075991188237444,0.0102509578717706,0.0156230387576777,0.0143889869993714,0.0146113431710741
1030,0.0029235414189689,0.0026245472135984,0.0025653412767785,0.0026801853547,0.0029686569060067,0.0034944581345192,0.0061016504916569,0.0081440080486128,0.0088715479222955,0.009362017637703,0.0094629681376946,0.0088082523091094,0.0093130869268415,0.0096715283549035,0.0090468713054191,0.0090589656096677,0.0093240032240146,0.0091751045236628,0.0090769799471803,0.0090429120754587,0.008960819824018,0.0089029194937651,0.0088693845218389,0.0087743202469771,0.0087262444414751,0.0088150841881163,0.0079930179912761,0.0080424123858337,0.008090866806793,0.010768659189986,0.016164299931035,0.0145981747685006,0.0147813884996537
1028,0.0042737199494567,0.0038674939777454,0.0037388232918242,0.0038758103296478,0.0041272430137469,0.0045691998249473,0.0071684017421511,0.008973350051665,0.0096954047553082,0.0102173834913678,0.0103116390598715,0.0095168421871053,0.0100218217466071,0.0103865400820001,0.0096958922239317,0.0098855466767742,0.0101712366931118,0.0097896381789179,0.0096728334546997,0.0096858947781001,0.0095363423449779,0.0095096005297504,0.0096076352603062,0.0093640663220468,0.0092761615553491,0.0094043807731206,0.0085723263308145,0.0086075540640343,0.0086001698508316,0.0112336901468343,0.0165460410443508,0.0149039337248044,0.0150460297410518
1026,0.0057373391708714,0.005244201778084,0.0050566590842914,0.005220280932105,0.0054420303075929,0.0058169881760665,0.0083674204992101,0.009936031468466,0.0106602532494646,0.0112043516383545,0.0112928944161933,0.0103344300236697,0.0108521172716125,0.0112199430665245,0.0104315518707702,0.0107752196253538,0.0110746040267442,0.0105062906327029,0.010383877273468,0.0104352147457016,0.0102040210946885,0.0102101769360467,0.0104176488561989,0.0100248170219946,0.0099176126648933,0.0100645395228856,0.009336591152178,0.0093649913505515,0.0092769474522506,0.0118226832307343,0.0169803620073254,0.0153828024759735,0.015495463924546
1024,0.0070715653419305,0.0064930305309891,0.0062417882540767,0.0064231848226262,0.0066092364214474,0.0069283492179516,0.009412476880929,0.0108518106786095,0.0115862863230563,0.0121392447550158,0.0122213593497479,0.0111726080219584,0.0117134735882255,0.0120787812755339,0.0112380695050454,0.0117075711732153,0.012008178072805,0.0113287577310374,0.011211011744406,0.0112948481068119,0.0109762880888457,0.0110127950001875,0.0113037286319315,0.0107972398865811,0.010685151880397,0.0108356562908999,0.01023502598759,0.0102653945084547,0.0100606200549974,0.012521335700145,0.0175400150855063,0.015912556482352,0.0160076191512796
1022,0.007889354828274,0.0072249266016615,0.0069060589311225,0.0070909817296019,0.0072337047914539,0.0075094498072446,0.009948353157055,0.0114012175864318,0.0121474722235487,0.0126988398500015,0.0127749336230751,0.0117273297952298,0.0122887009999084,0.0126540386233708,0.0118734597692521,0.0124438104822077,0.0127408991406209,0.0120174319050649,0.011913309958351,0.0120279223168947,0.0116337302009428,0.0117057330247027,0.0120562220155988,0.0114927243391957,0.0113809436853572,0.0115327134075261,0.0109490156554426,0.0109916119566155,0.010675784379711,0.0130774553035756,0.0180302266553913,0.0163305011904965,0.016410334128282
1020,0.0080554114039575,0.007332713208079,0.0069579441590544,0.0071379750690488,0.0072440506106126,0.0074904414167237,0.0099185978841262,0.0114751566044234,0.0122290785753765,0.0127765011153773,0.0128474443494231,0.0118109353971186,0.0123789462862294,0.0127507248943234,0.0121186186479357,0.0127719398529769,0.0130804565657454,0.0123562488291617,0.0122676822555136,0.0124135544093719,0.0119708322382405,0.0120813847377527,0.0124742206309991,0.0119098087920644,0.0117959695508704,0.0119548408419892,0.0112439559090426,0.0113054547586262,0.0109518579655637,0.0133164331718599,0.0182621909909826,0.0166435491853485,0.0167104141259519
1018,0.0078496429004159,0.0071173080465078,0.0067118356418785,0.0068859152962116,0.0069758446462546,0.0072078494600908,0.0096412091612325,0.0112855621050754,0.0120425509980315,0.0125907562517094,0.0126569104743705,0.0115814563676813,0.0121458392715606,0.0125225397386056,0.0120396569602248,0.0127547062989501,0.0130970779872332,0.0123984807679714,0.0123165041177002,0.0124884591445828,0.0120289346224241,0.0121638308323717,0.0125873082632209,0.0120628760457854,0.0119406816544976,0.012112504862841,0.0112492442508305,0.0113285779860219,0.0110218750397082,0.0133686699193606,0.0183201775561986,0.0169571270902088,0.0170219022895782
1016,0.0076726094538104,0.0069571535654591,0.0065469321966563,0.0067152209778823,0.0068040843617265,0.0070395552054119,0.009478887903037,0.0111214642102733,0.0118798058753683,0.0124339435510952,0.0124978575758136,0.0113654569907185,0.0119288423777882,0.0123009790660149,0.0119052645255904,0.0126505797306553,0.0130306948376244,0.0123685679421113,0.0122784231941404,0.0124627919140347,0.0120077354390592,0.0121426911374472,0.0125872290878413,0.0121206133414124,0.0119829972070638,0.0121724817864022,0.0112811508963285,0.0113694890342562,0.0111318881898995,0.0134930390506443,0.0184492614765603,0.0172748171564539,0.0173449534841403
1014,0.0076631243930629,0.0069460044985783,0.0065468150628731,0.0067072035220451,0.0067893249803454,0.007041394375073,0.0094989262833546,0.0110943522034578,0.0118543978673307,0.0124152480404059,0.0124829639739598,0.0113270125763525,0.0118979572632559,0.0122603077009526,0.0118873923640976,0.0126336392840229,0.0130319893862201,0.0123944980000573,0.012286174033154,0.0124715589590011,0.012023652704674,0.0121461597100937,0.0126053421218259,0.0121922645457974,0.0120355002415761,0.0122489189900358,0.0114740118680385,0.0115585635346198,0.0113478284170872,0.0137612111711545,0.0187437870097007,0.0175073162209952,0.0175724001680517
1012,0.0076406602694846,0.0068842028087745,0.006496335273226,0.0066473166394882,0.006704516395263,0.0069658575064447,0.0094712124281085,0.0111093280096853,0.0118714568166926,0.0124374260102672,0.0125120698917766,0.0113673224359196,0.0119493206700031,0.0123064731293571,0.0119243822027475,0.0126597889227953,0.013057029160383,0.0124199765331923,0.012293894157616,0.0124816758023727,0.0120380955029046,0.0121530823159727,0.0126266461918127,0.0122560014810991,0.0120839470515956,0.0123258987951199,0.0116961937045849,0.011766308910751,0.0115358602436276,0.0140146342957874,0.0190513499894166,0.0176238588270621,0.0176676724621687
1010,0.0073495926994659,0.0065355370925399,0.0061455660012687,0.0062895630351941,0.0063139006923051,0.0065591138275795,0.0091334912126277,0.0109756788473376,0.0117414378416469,0.0123128702441378,0.0123877679361466,0.0112850531983219,0.0118765044964296,0.0122337969075049,0.0118531766180112,0.0125810287152383,0.0129757335809953,0.0123357212547277,0.0121978504013131,0.0123949848103827,0.0119720158370756,0.0120871746936667,0.0125778546582229,0.012248773720078,0.012071630485852,0.0123370239098987,0.0117665227884001,0.0118196517987459,0.0115604765190259,0.0140792509436177,0.019162094201095,0.0176419816483568,0.0176680399889191
1008,0.0067086774352862,0.0058475863699644,0.005439602325319,0.005581278599223,0.0055856442790177,0.0057994302238741,0.0084301412798737,0.0105410406545508,0.0113157471136772,0.0118949649569647,0.0119593006236846,0.0109635729443357,0.0115634269699097,0.0119183625808842,0.0115893157003449,0.0123161176165041,0.012713719915284,0.0121083455504056,0.0119610991268477,0.0121649521858049,0.0117994418818063,0.0119161944312034,0.0124217199867828,0.0121390717905111,0.0119656517511575,0.0122390298340283,0.0116187368565969,0.0116630337935015,0.0113936553756469,0.0139140377320163,0.0189998545753731,0.0175043258264225,0.0175364542881684
1006,0.0058875907409739,0.0050019133514566,0.0045709564839075,0.0047132412256841,0.0047175014965519,0.0049124232882357,0.0075572643557702,0.0098382946650508,0.0106283509063807,0.0112162762025038,0.0112694025163751,0.01045101412716,0.0110574427274214,0.0114049353284166,0.0111842017780256,0.0119183954673543,0.0123134040552283,0.0117972034688891,0.0116381418241981,0.0118375671849363,0.0115526671620712,0.0116738236589846,0.01218574562267,0.0119382101001995,0.0117701202527124,0.0120370418770286,0.0112831539243276,0.0113333375017295,0.0110706673405665,0.0135771355014822,0.0186360985886812,0.0171356742056356,0.0171908223419564
1004,0.005187977556026,0.0042932402741085,0.0038458813971829,0.003989940086115,0.0039988054476982,0.0041942153960427,0.0068124009154546,0.0091321718965343,0.0099372787699985,0.0105320392022249,0.0105864775385855,0.0099304969347291,0.0105363453733753,0.0108791097996886,0.0107802540206659,0.0115380194853197,0.0119187901342208,0.0115135783737723,0.0113442147274231,0.0115364767860685,0.0113103852890401,0.0114461012223106,0.0119594285887246,0.0117154259329697,0.0115496489375425,0.011807955275252,0.0108450791762297,0.0109114364285917,0.0106545419248878,0.0131582168271978,0.0182052545523927,0.0166331533835313,0.0167041793391438
1002,0.0048048752037556,0.0039024013389802,0.0034445046405408,0.0035934423476935,0.003592882905737,0.0037859469294798,0.0063684734077934,0.0087247696817582,0.009535392846702,0.0101340231071912,0.0102008320326279,0.0095960030280127,0.010193136086905,0.010540748373536,0.0105224193407638,0.0113217406126714,0.0116885331468932,0.0113591578747789,0.0111909292281367,0.0113878444043845,0.0111683798629521,0.0113270591196075,0.0118472582952316,0.0115843285723987,0.0114186454641522,0.0116757787195827,0.0104494349973069,0.0105277817712947,0.0102594989525511,0.0127717213290136,0.0178423976420574,0.0162517195748603,0.0163204509338636
1000,0.0046671957446503,0.0037509819420003,0.0032814579306175,0.0034407129657373,0.0034190532113282,0.0035935487367834,0.0061650075389574,0.0086712029809965,0.009476644460444,0.0100765975986637,0.010152572473398,0.009504090430656,0.0100930412660013,0.0104501313338114,0.0104577176912868,0.0113008376144135,0.0116673819457448,0.0113487915292778,0.0111948643650292,0.0114064534967968,0.0111571507269845,0.0113346530193413,0.0118694090098965,0.0116020419239603,0.0114356128818741,0.011695807836872,0.0102444984031339,0.0103189758865759,0.0100235191447851,0.0125387097163121,0.0176480739821555,0.0161539832009477,0.0162107460255179
998,0.0045436491875383,0.0036165923588714,0.0031352190978209,0.0033068274136754,0.0032759663469368,0.0034343337063835,0.0060181318754636,0.0087378790641132,0.0095349252959896,0.0101343575626496,0.0102087132949874,0.0095340349621828,0.0101235699227607,0.0104830798948827,0.010490702975675,0.0113581316562787,0.0117342527326575,0.0113840969780908,0.011245515791763,0.0114635098204853,0.0111884145510219,0.0113721228197967,0.0119173393944125,0.0116816838332344,0.0115136382590459,0.0117712214103381,0.0102505419699977,0.0103110139240087,0.009996918139902,0.0125029897150456,0.0176379415241163,0.0162669192506229,0.0163116059077842
996,0.0043281415195213,0.0034089781162244,0.0029220239233712,0.0031001877547634,0.0030877098367598,0.0032518043834793,0.005829355050525,0.0086698787803353,0.0094600406648201,0.0100585155442286,0.010129048411735,0.0095131313129147,0.0101086142331847,0.0104593301910653,0.0104695660246959,0.0113384275897562,0.0117207424132686,0.0113444667092084,0.0112094270074066,0.0114147839087557,0.0111401485484103,0.011321574844501,0.0118628869468822,0.0116725822036623,0.011504228503526,0.0117501544191072,0.0103263224662022,0.0103825013332895,0.0100826392868136,0.0125748537227565,0.0177143553649706,0.016420830013158,0.0164544459785538
994,0.0041516704581238,0.0032588717550351,0.0027706441391009,0.0029460371377849,0.0029637869460907,0.0031400480484681,0.0056539110689547,0.0084382640642546,0.0092188985360575,0.0098180277207558,0.0098937190575252,0.0093769593716015,0.0099743574129734,0.0103130813904369,0.0103367053373939,0.0112025464805044,0.0115866741959522,0.0112109200287045,0.0110678279819945,0.011252557873576,0.0109978972325328,0.0111757504500863,0.0117061021058594,0.0115376613290497,0.0113737059583342,0.0116052573252765,0.0103178587003062,0.0103897415680611,0.0101294044725477,0.0126046217240174,0.0177304056517615,0.0165314635830736,0.0165567108729593
992,0.0041733653821325,0.0033048227495672,0.0028100326150959,0.0029782277804434,0.0030058463121285,0.0031713365453735,0.0055777135496699,0.0081954002697025,0.0089599458178876,0.0095616458678668,0.0096494848000971,0.0091985411993814,0.0097919248812764,0.0101252627748802,0.0101746116507904,0.0110479014816737,0.0114416316521412,0.0110726302316716,0.0109173061223281,0.0110920722258984,0.0108639084138784,0.0110357176473897,0.0115643463960217,0.0113924316881952,0.011234773542794,0.0114568926396976,0.0102132120721122,0.0103050823784716,0.0100761176949289,0.0125227050175842,0.0176152951233436,0.0165855814885177,0.0166110395650616
990,0.0043517159627848,0.0034897420474247,0.0029819254051938,0.0031453941397054,0.00315086689236,0.0032848716678342,0.0055971280781259,0.008073020624821,0.0088207933292786,0.0094241303332191,0.0095194570080398,0.0090909529830394,0.0096805497922412,0.0100157052737245,0.0101026493479122,0.0109846848169338,0.0113998605196573,0.0110211314664994,0.0108501314119644,0.0110308549808523,0.0108298171862863,0.0109871986964794,0.0115261804591831,0.0113580552907214,0.0111996366959271,0.0114196659618677,0.0101155019010149,0.0102056153707952,0.0099817002333337,0.0123902049988499,0.0174345047131917,0.016547540506048,0.0165812853798234
988,0.0045042509910586,0.0036387709069635,0.0031214506092724,0.0032838046847377,0.0032563847162195,0.0033695216004387,0.0056419982871131,0.0080836444861134,0.0088235180581959,0.0094244450536852,0.0095160508260166,0.0091021332145007,0.0096913139751132,0.0100293363427296,0.0101544243665597,0.0110274554743262,0.0114598828663911,0.0110692003140357,0.0108766882957525,0.0110698895474867,0.0108885541895497,0.0110248401274889,0.011572365216654,0.0114296764141129,0.0112606690957474,0.011484770174662,0.0100891604402775,0.0101510764499932,0.0099197520909487,0.0123035433225622,0.0173052331022924,0.0163812621056013,0.0164223649573791
986,0.0045286252335331,0.0036635222397405,0.0031446615442875,0.0033064159949014,0.0032630028463342,0.0033810698407792,0.005660200041425,0.0081617767745842,0.0089028964720967,0.0094978969660994,0.0095784328857137,0.0091827953631677,0.0097710562531819,0.0101108474970799,0.0102620966674253,0.0111102594155625,0.0115357150625949,0.0111637935583573,0.0109545946567049,0.0111567840130074,0.0109741834513551,0.0110949093940992,0.0116394468964682,0.0115115533811822,0.0113324028947312,0.0115649357687035,0.0100852261364579,0.0101155413925414,0.0098799366208108,0.0122719713646312,0.0172576553022687,0.0161232072063964,0.016168574149346
984,0.0044616060570463,0.0035993409364701,0.0030792844376757,0.0032405549356584,0.0032042061238103,0.0033365634211832,0.0056410529108286,0.0082273830930531,0.0089696557920225,0.0095585212246082,0.0096281760423302,0.0092342789425059,0.0098175627479295,0.0101619320343997,0.0103321183163681,0.0111650245575573,0.0115602247367015,0.0112381506223902,0.0110380837919057,0.0112430890537395,0.0110358614003159,0.0111574355754348,0.0116951731168119,0.0115348648344517,0.0113577915993469,0.0115993490128452,0.0100314032475779,0.0100497146181035,0.0098048582129877,0.0122260304759859,0.0172178288812355,0.0158572672985455,0.0159149088228506
982,0.0043605717179842,0.0034967083431577,0.0029721370917007,0.0031362598921283,0.003118333743682,0.0032591514211493,0.0055937909457013,0.0082248691225351,0.0089616252128074,0.0095454193124216,0.0096092350574026,0.0091951492091007,0.0097708256146276,0.010122465746254,0.0103168817271263,0.0111616930997642,0.0115281238938534,0.0112477041336603,0.0110864619969149,0.0112901440113489,0.0110540369919225,0.0111892888196474,0.0117286669629581,0.0115059315135885,0.0113418075848137,0.0115868532015627,0.0099562557852962,0.0099800154336757,0.0097063613648448,0.0121411305806743,0.0171317076385564,0.0156339613160316,0.0157175776334398
980,0.0042362568389355,0.0033734952333612,0.0028505810435145,0.0030218371462177,0.0030237978378596,0.0031748626295131,0.005535209234154,0.0081455679658557,0.0088728122794733,0.009449974469823,0.0095142641293159,0.0090806422984677,0.0096483378378055,0.0100003550999925,0.0102212718648638,0.0110939414091861,0.0114575298447931,0.0111836243939655,0.0110636523347644,0.0112663696016498,0.0110192245407606,0.0111649812143913,0.0117144836254235,0.011459019429426,0.011307352164374,0.0115470609741692,0.0099670810441777,0.009994932930581,0.0096771843173441,0.0120862727856689,0.0170418372981994,0.0154534895546263,0.0155609082245804
978,0.0040934289715769,0.003245544236421,0.0027366248771503,0.0029148846698099,0.0029347370443273,0.0031060075723717,0.0054685732487519,0.0080071300092283,0.0087263458401559,0.0092928767266594,0.0093621857488406,0.0089200043360931,0.0094793754637923,0.009816408621631,0.0100544809983499,0.0109496266707892,0.0113363477606556,0.0110547946715282,0.0109464730972743,0.0111549962527345,0.0109141346566748,0.0110556512407922,0.0116154964504837,0.0113876597639021,0.0112407722423699,0.0114703889393969,0.0100835927111295,0.0101041512316633,0.0097457938805886,0.0121015375703955,0.0169897425642428,0.015293111174301,0.0154007968182309
976,0.0039454655753099,0.003118556878083,0.002624777626426,0.0028039623855135,0.0028342573873871,0.0030231118568312,0.0053592944716127,0.0078113240418929,0.0085249002504499,0.0090786039463415,0.0091538693362472,0.008686670653465,0.0092381811712599,0.0095503728414982,0.0097989749378585,0.0107048930105499,0.0111185144640119,0.0108529995583739,0.0107253295931784,0.0109479686848799,0.0107100903678175,0.0108379534628318,0.0114039951672399,0.0112295024943263,0.0110806318220144,0.0113034044164854,0.0101449738499985,0.0101525230281279,0.0097758654977919,0.012083655458808,0.016901533180513,0.0151084289302473,0.0151945441340472
974,0.0037849544818537,0.0029654312606034,0.00247464061993,0.0026462740374961,0.0026728814355427,0.0028607796736863,0.0051757822433599,0.00756559652385,0.0082741954992449,0.0088166514231025,0.0088968256029736,0.0083555529149839,0.0089018428733859,0.009194793225125,0.0094547235139349,0.0103617942969479,0.0107848247393471,0.0105662594916409,0.0104158187475214,0.0106490578209885,0.010397118969355,0.0105169746114112,0.0110830131494542,0.0109329425858858,0.0107774043216207,0.0110006319757807,0.0099588777029418,0.009955172930104,0.0095979379908128,0.0118887629132197,0.0166694513857327,0.0148532691309205,0.014920158213964
972,0.0036105112432,0.0027798866509165,0.0022859861341197,0.0024443920394743,0.0024552084145751,0.0026293036888589,0.004973662043036,0.0073510565017801,0.0080566552079816,0.0085897495796761,0.0086750245997471,0.0080216449073561,0.0085639185160482,0.0088522259065641,0.0091082286244389,0.009998558535222,0.0104106221785432,0.0102472919743759,0.0100920254314253,0.0103130140920941,0.0100393675039761,0.0101632196479248,0.0107163827470589,0.0105494017429483,0.0103838972090462,0.0106111552427451,0.0095469614985428,0.0095334634168245,0.0092343916151442,0.0115422921735233,0.0163360166222377,0.0145589130174595,0.0146252329756355
970,0.0034760263478689,0.0026291910271132,0.0021427953507056,0.0022893885149082,0.0022836539550559,0.0024502723995587,0.0048823687500217,0.007298697140371,0.0080070598242369,0.0085297131748462,0.0086206233282295,0.0078707199300324,0.0084047233884006,0.0086981475943411,0.0089056926723161,0.0097516939747225,0.0101432786462671,0.0100215971723687,0.0098733460855615,0.0100524854272015,0.009769231528134,0.0098999844940348,0.0104235726701541,0.010225758399024,0.0100522827691429,0.0102788551979041,0.0091558342333226,0.0091313879945513,0.0088983020564986,0.0112419774276615,0.0160864237733984,0.0143573321806854,0.0144319703152611
968,0.0034422736862511,0.0025850805934236,0.0021174016256454,0.0022621226841843,0.0022494072815352,0.0024232151855158,0.0049675970897406,0.0074506011772942,0.0081672746994801,0.0086787256752229,0.0087719025721334,0.0079854946566261,0.0085058356599345,0.0088032545649264,0.0089172205135688,0.0097043707827249,0.0100758632227468,0.009966642450161,0.0098197066689482,0.0099448635188413,0.0096718504620563,0.0097999819347946,0.0102886774446335,0.0100632987287856,0.0098906509194938,0.0101061002400862,0.0089817911153572,0.0089469278989703,0.0087439225958566,0.0111189692827203,0.0160211360095826,0.0143535513399107,0.0144258193266396
966,0.0034921704893659,0.0026309656595369,0.0021744050311637,0.0023309330656867,0.0023237817461609,0.0025133756723703,0.0051513987463984,0.0076839591508936,0.0084068940435488,0.0089126297204244,0.0090013598335499,0.0082335834167935,0.008742765626152,0.0090353226576179,0.0090485274070296,0.0097925689366495,0.0101479287731803,0.0100027733287342,0.009847340024823,0.0099354968483984,0.0096827336185774,0.0097969200325882,0.0102647767888361,0.0100055892401147,0.0098412476742251,0.0100384687224443,0.0089579772193714,0.0089167501641832,0.0087053103628677,0.0110870268925185,0.0160259546998525,0.014489254483654,0.0145433168509608
964,0.0035732304003511,0.002714232890732,0.0022483310227803,0.0024237303696751,0.0024318796930076,0.0026384311177259,0.0053142545939745,0.0078214800492395,0.0085393350568622,0.0090494533523442,0.0091306167293582,0.0083987860868312,0.0089077081830139,0.0091846766019046,0.0091324369218928,0.009863778234171,0.010208314205526,0.0099751545006509,0.009811752359281,0.0098964503500093,0.0096588707603858,0.009756307897192,0.0102238942902041,0.0099239902775743,0.0097653763052325,0.0099491850506565,0.0088849111669937,0.0088422661214064,0.0086306618381114,0.010989449005696,0.0159329842277313,0.0146025886336263,0.0146325961927627
962,0.0037030231885066,0.0028525696751053,0.0023669068800369,0.0025546729891016,0.0025810171105205,0.0028012011215678,0.0054299803516322,0.0077938940825532,0.0084941467395391,0.009013548363163,0.0090911233684358,0.0083844345533312,0.0089017803823342,0.0091577185563322,0.0090973473792946,0.00983545222429,0.0101746529240799,0.0098398468624834,0.0096779019995741,0.0097860638224847,0.0095506936163257,0.0096377313175761,0.0101154061016102,0.0097970246147005,0.0096348910516337,0.0098198598385526,0.008706438883025,0.0086661748996499,0.0084906408192898,0.0108144221831602,0.0157380995979537,0.0146114796931379,0.0146209356405348
960,0.0039298943718135,0.0030866952993262,0.0025916124714135,0.0027762941701239,0.0028149703543455,0.0030407294651428,0.0055467640231166,0.0076727286773029,0.0083525418459919,0.0088752419014794,0.0089547984348838,0.0082536982705154,0.0087772664340651,0.0090189756398858,0.009008586426372,0.00976026425643,0.0100954303925044,0.0096989590203912,0.0095485563014772,0.0096865940551582,0.0094420869239781,0.0095292531652742,0.0100171163470501,0.0097270999774682,0.0095562097530037,0.0097531039242188,0.0085488106145558,0.0085130714709271,0.0083734500501903,0.0106780143871454,0.0155763540964158,0.0145610453032157,0.0145565644010214
958,0.0041978674559865,0.003352623647128,0.002868240837632,0.0030381874638896,0.0030799030910255,0.0033024791528047,0.0056850223775358,0.0075931275780599,0.0082615051300122,0.0087775854757676,0.0088599931120949,0.0081366389550712,0.0086568556933203,0.0089010567505639,0.0089689676115322,0.0097409463139323,0.0100677379503306,0.0096543100491065,0.0095230001267311,0.0096788494075934,0.009422382802577,0.0095192280215774,0.0100166444450513,0.009781989930326,0.0096044340078271,0.0098098846121463,0.0085252364525602,0.0084934683051311,0.0083433579560816,0.0106557735006686,0.0155364141453947,0.0144992970020157,0.014490995248756
956,0.0043693712179312,0.0035190253687578,0.0030571797447992,0.003213061949209,0.0032545420870577,0.0034723009593212,0.0058210800406085,0.0076646191718333,0.0083330610789124,0.0088400457859256,0.0089232627962209,0.0081469203474423,0.0086571864171319,0.0089156792635503,0.0090275072792305,0.0098257983626101,0.0101416276625002,0.0097035452610812,0.0095946907011301,0.0097509331729654,0.009490588491069,0.0096009706529074,0.0101080477245172,0.009907193971985,0.0097262245657905,0.0099292084073611,0.0086213741371368,0.0085910265628895,0.0083992065956175,0.0107280332186888,0.0155902183617042,0.0144006019767016,0.0144030135044011
954,0.0044024942482274,0.0035553561239215,0.003111548350431,0.0032631416327043,0.0033077435086817,0.0035243284322358,0.0059387224721445,0.0078941392378604,0.0085663950592013,0.0090705878518916,0.0091551091489537,0.0083266404788654,0.0088284297268207,0.0090964618268098,0.0091716562727563,0.0099930813716683,0.0103048709664459,0.0098007505069167,0.0097083225849232,0.0098562568262428,0.0096047316196334,0.009725095613461,0.0102378648341086,0.0100226010949696,0.0098382780404137,0.0100350631362035,0.0087760938777193,0.0087470367820211,0.0085295259228261,0.0108567291865436,0.0156819455324989,0.0142503424522919,0.0142747281271201
952,0.0043937423808092,0.0035524039697596,0.0031127262321204,0.0032694270632838,0.0033179520798041,0.0035319458429477,0.0060274912769711,0.0081530335357745,0.0088249186961793,0.0093323753642564,0.0094209159017654,0.0085988613327181,0.009098023294248,0.0093612306923505,0.0093474024252572,0.0101842377700309,0.0105040147360345,0.0099352922700027,0.0098425399448584,0.0099861570634621,0.0097474614960795,0.0098716664541372,0.0103835780662985,0.0101195160849377,0.0099316601501796,0.0101284482395812,0.0089536956757549,0.0089307776442233,0.0087037699045475,0.0110095739869726,0.0157877539784588,0.0141303281206681,0.0141754308849248
950,0.0044205904346701,0.003570381083095,0.0031259280384423,0.0032912148438937,0.0033385467638084,0.0035430682898531,0.0060552612632976,0.0082736407103652,0.0089402951487865,0.009450632897166,0.0095431470192419,0.0088067239468933,0.0093072783599006,0.0095579735467551,0.0094774650364097,0.0103267731447769,0.010659237495148,0.0100966768072856,0.009986195738705,0.010133097156257,0.0098954755987323,0.0100214948679029,0.0105298211874744,0.0102126973317963,0.0100239786649773,0.0102250766039886,0.0090992516607159,0.0090873843618763,0.0088287507095214,0.0111169575898719,0.0158776393195303,0.0141435723121535,0.0141978744788271
948,0.0044593681371504,0.0035844136432372,0.0031381086241955,0.0033114383368782,0.0033539628792897,0.0035482336458431,0.006014762269431,0.0082320518487828,0.0088917813657272,0.0094017084862653,0.0094943157189992,0.0088653212683515,0.0093672667781383,0.0096094885885611,0.0095122472334506,0.010369732016798,0.0107086105591645,0.010223094291342,0.0100894126099663,0.0102397591603796,0.0099846456529785,0.0101136126015062,0.0106206853979384,0.0102695151558036,0.0100826976198049,0.0102838688097478,0.0091281202861064,0.0091251980662965,0.0088159640499102,0.0111058380164649,0.0158986539920847,0.014274250874013,0.0143279339512398
946,0.0045038245440895,0.0036054846325051,0.0031630842820568,0.0033444492595065,0.0033826553750878,0.0035747000633487,0.0059834541009957,0.0081844728762625,0.0088358622498102,0.0093445467404892,0.0094339480129711,0.0088436040402913,0.0093451372793013,0.0095871229938954,0.0094787794114507,0.0103293837399665,0.0106667865673304,0.010251508132291,0.0101019585463525,0.0102490741279043,0.0099654769499578,0.0100944387670199,0.0106045339438605,0.0102509209074074,0.0100645732053537,0.0102613040228972,0.0090190160844289,0.0090163153329043,0.0086877927020885,0.0109865814892137,0.0158242086527837,0.0143859252493168,0.0144383130606739
944,0.0046433169380755,0.0037326148871063,0.0032903072018731,0.0034813123598587,0.0035112633488615,0.0037049032042528,0.006069722819519,0.0082775456223289,0.0089168130622918,0.0094249157439934,0.0095118100882736,0.008850376837995,0.0093500992482608,0.0095994084109949,0.0094488609314858,0.0102777904998221,0.0106122009678656,0.0101940895358922,0.0100400695943715,0.0101803312108764,0.0098677256468509,0.0099886722713573,0.0105062815681853,0.0101775871398333,0.0099867334486038,0.0101824136089456,0.0088554835336012,0.0088448862313218,0.0085411707350073,0.0108374916816592,0.0156816445518408,0.0143654854265304,0.0144217815989491
942,0.0049383578613449,0.0040201252736238,0.003567328716846,0.0037679998138205,0.0037787190472047,0.0039647710111695,0.0062919963560324,0.0084715887188646,0.0090951486033577,0.0096010989731643,0.0096890533890017,0.0088917133928874,0.0093872537745678,0.0096522457536351,0.0094554473036043,0.010266327975399,0.0105994183973023,0.0101200283100297,0.0099713366814018,0.0101092047782741,0.0097708861021913,0.0098800081934716,0.0104062151418581,0.0101014252547092,0.0099024534719584,0.0101033899489186,0.0087366311036034,0.0087158279253237,0.0084280706458303,0.0107106475562799,0.0155268380937749,0.0142329756636089,0.014296913461168
940,0.0052924823799047,0.0043696231389695,0.0039032691306267,0.0041090932668592,0.004094687185806,0.0042594226436461,0.0065463475705543,0.0085959880701665,0.0092046770557063,0.0097052358382076,0.009797405679187,0.0088961225613104,0.009381161159156,0.0096691506924929,0.0094636871974891,0.0102735114979585,0.0106042520559198,0.0100699310828315,0.0099347585360401,0.0100781509216628,0.0097195522169131,0.0098240912494554,0.0103505311943645,0.0100396940071587,0.0098338234049062,0.0100409684446292,0.0086897055484413,0.0086612388546186,0.0083456855900797,0.010613396883001,0.0154140845466579,0.0140888005557166,0.0141580877872152
938,0.0055227047570007,0.0046068986485573,0.0041349643573439,0.0043382509727309,0.0043052232022352,0.0044423687660242,0.0066836879769964,0.0085303771563204,0.0091299815175263,0.0096237703075417,0.009720320054548,0.0088233882419281,0.0092890590967886,0.0096005305851258,0.0094153895673171,0.0102346293216511,0.0105618062752067,0.0100147237415243,0.0098972219669701,0.0100524364841712,0.0096849450012517,0.0097970577069304,0.0103097375906433,0.0099746676718012,0.0097667140367256,0.0099776213648309,0.0086824979411825,0.0086504349879034,0.0083038815701843,0.0105537807578772,0.0153652214550952,0.0139699588236704,0.0140358923094256
936,0.005504722862011,0.0046056645916427,0.0041354678085939,0.0043301196184945,0.0042858259057877,0.004398029293584,0.0065883845951646,0.0082776309194449,0.0088754791281614,0.0093637888344801,0.0094608694826208,0.0086702588918659,0.0091125224801453,0.0094409346785427,0.0092688064531174,0.0100988819313033,0.0104271659327443,0.0098909151463845,0.0097856177530257,0.0099568821086106,0.009593874334383,0.0097189682347055,0.0102143945522813,0.0098831195937754,0.0096779712294952,0.009892457709217,0.0086502121589383,0.0086183280338087,0.0082859200391855,0.0105091726785188,0.0153238318750485,0.0138028618596708,0.0138547862534979
934,0.0052170955972528,0.0043237160007512,0.0038552672814448,0.0040406523905892,0.0039824077900474,0.0040778815665828,0.0062318237344718,0.0079217871818725,0.0085225349864179,0.0090075359118217,0.0090987961774073,0.0084231340896029,0.008848515536873,0.0091855876016999,0.0090146646946238,0.0098596254029471,0.0101969630704992,0.0096631672562867,0.0095572135425116,0.0097453082725049,0.0093908526124231,0.0095242868714555,0.0100162536097531,0.0097327151812903,0.009534121566121,0.0097519368679718,0.0084927052535761,0.0084637229402683,0.0081664403761378,0.0103690483976585,0.0151702682522326,0.0135172909998637,0.013551649071152
932,0.0047246124656826,0.0038113150136048,0.0033449759916614,0.003525755273729,0.0034510719966052,0.0035415917283344,0.0057141974366933,0.007580395242008,0.0081842748492566,0.0086682248036325,0.0087490400154111,0.0080984384151432,0.0085198153258349,0.0088569406564023,0.0087005180486856,0.0095652937738263,0.0099129408540565,0.0093655527202184,0.0092523551191747,0.0094518888091383,0.0090997779441651,0.0092341405870475,0.0097375179244266,0.0094934492176999,0.0093062434104069,0.0095231490587627,0.0081400256008058,0.0081149094891533,0.0078175278925002,0.0100323656506267,0.0148509398990246,0.0131721747694596,0.0131983853710298
930,0.0041621525870226,0.0032147253792088,0.0027570727253737,0.0029394195632434,0.0028616296424951,0.0029574010915709,0.0052172389552569,0.0073459670330763,0.0079510160936478,0.0084356311468559,0.0085069860436339,0.0077891591455684,0.0082154832460408,0.008542260905918,0.0084207355575336,0.009298801802201,0.0096478742678942,0.009080000885969,0.0089699558281864,0.009172764049517,0.0088189204096004,0.0089521490549263,0.0094657454749178,0.009187075510964,0.0090186326830676,0.009231521903449,0.0076626908259196,0.0076404590107051,0.0073122273363785,0.0095728838383541,0.0144711015203502,0.0129162194860543,0.0129510217291834
928,0.0036508750539577,0.0026834036868867,0.002243586808164,0.0024300361380768,0.0023750689627256,0.0024809032625203,0.004851217078251,0.0071981486309418,0.0078037225348267,0.0082869925271456,0.0083558547715008,0.007571681880447,0.0080036821407301,0.0083135452695498,0.008222711048687,0.0090935561045445,0.0094330534749963,0.0088453179186663,0.0087601090390768,0.0089619359908275,0.0086108510112873,0.0087463423369149,0.0092556552383103,0.0088729735783047,0.0087303544376983,0.0089417911838863,0.0072385235040345,0.0072173648414021,0.006886970121259,0.0091935854965491,0.0141899988645537,0.0128285727912225,0.0128843817131627
926,0.0031363403164394,0.0021975196525576,0.0017910594536148,0.0019764811509799,0.00197050402821,0.002099552032628,0.0045459329247419,0.0069863234898045,0.0075932341195918,0.008066473503088,0.0081425219744543,0.0073735573122144,0.0078093475917536,0.0081088448990679,0.0080131439724074,0.0088369825529485,0.0091621349319783,0.0085710932711182,0.0085271469969028,0.0087231734639922,0.0083818681924111,0.0085194982253144,0.0090001525957769,0.0085294017757832,0.0084159380391672,0.0086228479566404,0.0069494864770034,0.0069306538957457,0.0066533546504701,0.0089779973297279,0.0140279108998307,0.0128332341410411,0.0129142389104464
924,0.002350026182627,0.0015289893067804,0.0011949958064006,0.0013673942790423,0.0014398341951113,0.0016400857537692,0.0041277682907428,0.0065556081690278,0.0071632091557888,0.0076137133437306,0.0077039888644554,0.007016661434399,0.007458948986848,0.0077641654701827,0.0076085859159587,0.0082983327713663,0.0086073835497978,0.0080713041679793,0.0080697732935505,0.008238084460229,0.0079167339835304,0.0080415962646716,0.0084402634316627,0.007987322914962,0.0079053423026249,0.0080823729634509,0.0066572421842156,0.0066513917616118,0.0064441205887056,0.0087688547748537,0.0138325046274565,0.012772303633999,0.0128810255310044
922,0.0010681221175715,0.0004771600851422,0.0002773657997002,0.0004258595960717,0.0006174823340573,0.0009703418014906,0.0035053135053509,0.0058835603915258,0.0064898110416306,0.0069079787393905,0.0070116023399812,0.0064061194541104,0.0068615092725048,0.0071809974666837,0.0069121159059037,0.0073250153802913,0.0076085212625729,0.0072318755719373,0.0072628624729404,0.0073600931024543,0.0070865383178942,0.0071689289188551,0.0073917078232404,0.007080696646385,0.0070370136141751,0.0071433793185333,0.006159421548351,0.0061875547882165,0.0060269280159212,0.0083593799742948,0.0134469989226113,0.0125235161605543,0.0126635880038679
920,-0.0004424073825653,-0.0007572793770053,-0.0007972606122224,-0.0006698840522851,-0.0003386982168391,0.0002111791175027,0.0027891493502558,0.0051098821556055,0.0057159247749201,0.0061024168062702,0.0062083613811135,0.0056587293579579,0.0061286636802843,0.0064543024921445,0.0060701118276548,0.006114537437058,0.0063556787105364,0.0062234807283375,0.0062737943612279,0.0062684851820093,0.0060818258192102,0.0061018288373797,0.0060804490612199,0.005965349117343,0.0059644870332338,0.0059842545748445,0.0054939612171978,0.0055695076062803,0.0054389843729249,0.0077815455203623,0.0128902493538743,0.0120490286734543,0.0122121485131236
918,-0.0012258326778846,-0.0014179185531748,-0.0013973348335535,-0.0012691084363692,-0.000870597312416,-0.0002238998666993,0.0023081140009669,0.0045439800990728,0.0051533435147313,0.0055248915654057,0.0056189303636906,0.0051096782823061,0.0055818344127252,0.0059022158295883,0.0055092991199285,0.0053554775236857,0.0055540311405336,0.0056034751394243,0.0056580102984359,0.005588430996128,0.0054765877829184,0.0054651667175692,0.0052997464072645,0.0053057398952799,0.00532682364621,0.0053097543885743,0.0050853987302485,0.0051815691392193,0.0050782742425372,0.0073988485609589,0.0124355971517322,0.0114753045928587,0.0116289880028337
916,-0.0005692728691794,-0.0009251896827593,-0.0010241527148085,-0.0008728353265651,-0.0005521793356224,-1.12362324758846e-05,0.0023724535344416,0.00451517254337,0.0051225308048906,0.0055064244732115,0.0055859463424716,0.0050798937685727,0.0055358814196655,0.0058530369098605,0.0055970661230882,0.005635548099908,0.0058248443138024,0.0058384690269724,0.005882305214999,0.0058456228346275,0.0057095883314971,0.0057392479094275,0.0056843905814315,0.0056622287359177,0.0056589511398509,0.0056862852253256,0.0053371997999684,0.0053974786580297,0.005290299973456,0.0075577801188124,0.0124284938687229,0.0111273037601955,0.0112412646028466
914,0.000923561889598,0.0002648257665403,-3.58791721173382e-05,0.0001396508409697,0.0003071655298076,0.0006452391501685,0.0028964866613907,0.0049943593559284,0.0055865305563198,0.0059999852105249,0.0060736218557357,0.0055157067227682,0.0059490282814584,0.0062684272783235,0.0061832811195503,0.0066253872613832,0.0068395240489099,0.0066536175711054,0.0066799131011205,0.0067330911730923,0.0064841980613583,0.0065939513112267,0.0068002408585995,0.006671373269955,0.0066150567986071,0.0067175637316994,0.0060733398085981,0.0060768070457401,0.0059217629736513,0.008146962483249,0.0128803822681659,0.0111883101921661,0.0112681337244911
912,0.0022435297336262,0.0013457210991714,0.000889307187624,0.0010786717401186,0.001121348594772,0.0013075911330883,0.0035167198382794,0.0056209579697357,0.0061933014509651,0.0066329457660433,0.0067073506910374,0.0060851627719126,0.0065023140406452,0.0068211254081299,0.0068434497338686,0.0076018551308235,0.0078449900516615,0.0074515733572038,0.0074629499076325,0.007593391573555,0.0072301866485054,0.0074050543176102,0.0078273072209167,0.0076143543495137,0.0075117504726653,0.0076686619487662,0.00684069900702,0.0068156036223248,0.0066055330277882,0.0088085315475074,0.013480565173932,0.0115015463469169,0.0115704695160618
910,0.0029408928643553,0.0019234538849569,0.0013909486467882,0.0015879287190241,0.0015600215024874,0.0016819347467565,0.0039160472859171,0.0060443957328252,0.0066057055334987,0.0070539108673564,0.0071317984273998,0.0064713925903321,0.0068828353627531,0.0071973568965496,0.0072631297063158,0.0081584577001157,0.0084152626284894,0.0078887021745642,0.0078922746626854,0.0080634825293172,0.0076365869855149,0.0078467085678492,0.0083689908091692,0.0081253208991808,0.0079991664976566,0.0081820086690889,0.0073370670626763,0.0073189588526954,0.0070736216424827,0.0092508575393202,0.0138883765226636,0.0118262832941774,0.0118961369717702
908,0.0030875410572472,0.0020323637520181,0.0014772887583598,0.0016810067827149,0.0016139615219078,0.0017191898658029,0.0039994707667189,0.0061568008870681,0.006719048219981,0.0071586644280743,0.0072434471312358,0.0065509263640663,0.0069653048050149,0.0072781849108017,0.0073532859252508,0.0082720727977367,0.0085300878995128,0.0079537477896976,0.0079572926456211,0.0081411812472617,0.0076990317034216,0.0079268973197371,0.008465561489366,0.0082219839370836,0.008093025721634,0.008284800338944,0.0074887064561153,0.0074889957694455,0.0072148558122444,0.0093522201819551,0.0139476607240782,0.0120732294643372,0.0121398003690241
906,0.0030570120603307,0.0020006914495205,0.0014415707873932,0.0016493982385697,0.0015548632928348,0.0016439404545445,0.0039661617949025,0.0061671942332937,0.0067337976570153,0.0071646240798869,0.0072583342453568,0.0065035267725264,0.0069247150783666,0.0072409765676842,0.0073055669778653,0.0082221883320706,0.0084832769249379,0.007914146415578,0.0079230595621002,0.0081073161735868,0.007675833925619,0.0079157854150502,0.0084419565262644,0.0081981968691241,0.0080774916148241,0.0082728425822216,0.0074868134608791,0.0074937299288499,0.0071735457824932,0.0092748850648881,0.0138373541729818,0.0123335733486132,0.0123873901017578
904,0.0031760904950888,0.0021361531516286,0.0015715750152004,0.0017753745035445,0.001664159206109,0.0017232123963872,0.0040774146995002,0.0063391235830226,0.0069056438683697,0.0073453349886384,0.0074415332670302,0.0066181683244306,0.0070452601058567,0.0073652174270116,0.0074092248287316,0.0083317983300078,0.0086059023700892,0.0080625667534198,0.0080759896587693,0.0082609950738356,0.0078534482063405,0.0080981950603652,0.0086138855032023,0.0083630910549019,0.0082504517348746,0.0084513438883594,0.0076211522264704,0.0076218551652639,0.0072491493736971,0.0093386795613487,0.0138919818175752,0.0126664114219023,0.0127030599699992
902,0.0033750909424172,0.0023644857762284,0.0017902960075855,0.0019820222385554,0.0018659300521193,0.0018947479686452,0.0042752921584276,0.0066072069758679,0.0071712082025814,0.0076343128063509,0.0077200968181361,0.0068873807032719,0.0073183057780161,0.0076373372701752,0.0076698317277091,0.0085985176272754,0.0088898363717644,0.0083644046096355,0.0083722773141807,0.0085645386474093,0.0081907251136521,0.0084255922937558,0.0089401554237252,0.0086895166613257,0.008575711500165,0.0087845376836639,0.0079017703035002,0.0078946049376798,0.0075049513569446,0.009600628730014,0.0141407160449987,0.0128925915764587,0.0129155154585218
900,0.0033210316434005,0.0023404713460683,0.0017575306512699,0.0019383631679879,0.0018187727966434,0.0018298721200685,0.0042395995212088,0.006652826744454,0.0072165794173158,0.0076958956581921,0.0077651666122479,0.0069906635935594,0.0074262688332421,0.0077380661459045,0.00777156706316,0.0087017588562203,0.0090041040231011,0.0084887919259912,0.0084743780147195,0.0086787277240668,0.0083377019920067,0.0085484601627967,0.0090729893097611,0.008835121840123,0.008707614951279,0.0089203368349749,0.0080050165928759,0.0079914150550093,0.0076403413401345,0.0097343064956453,0.0142267782072278,0.0127757396388195,0.0127954314764021
898,0.0029498024506132,0.0019785463703471,0.0013918763021757,0.0015734845285233,0.001440795540625,0.0014457458905965,0.0038829323620645,0.0063780635915824,0.0069423463344582,0.0074170793108824,0.007477342946659,0.0067605530824266,0.0072050315815498,0.0075030299169662,0.0075233903103794,0.0084574077477304,0.008761196302497,0.008262648475429,0.0082134905896103,0.0084286839155881,0.0081047868249023,0.0082873007218907,0.0088319076102336,0.0086065937697193,0.0084574006238732,0.0086657229043188,0.0077315945393143,0.0077097556772263,0.0074148466797886,0.0094837079332466,0.0139111389228942,0.0124123948118457,0.0124422803309626
896,0.0026563648212696,0.0016598814414322,0.0010760897061101,0.0012700402715145,0.0011174786989867,0.0011237384826596,0.0035567880141732,0.0060762629132572,0.0066385433425194,0.0070993495784936,0.0071608714583054,0.0064539757753866,0.0069109593351511,0.0071915194861489,0.0071737730414793,0.0081170858588629,0.0084177037705947,0.0079429184555502,0.0078634897311064,0.0080851657122975,0.0077614328255098,0.0079222404923224,0.008491272205386,0.0082654072266112,0.0080948594636801,0.0082978829694139,0.0073497526077173,0.0073226405324802,0.0070366846197097,0.0090683795382005,0.0134578589499897,0.0122188349902245,0.0122649595640171
894,0.0028039637251703,0.0017576869359997,0.0011863158193294,0.001391787281305,0.001225646604344,0.0012416456127807,0.0036145496460353,0.0060356561607301,0.0065950239301657,0.0070533933736945,0.00711685434071,0.0064042000807884,0.0068717879811027,0.0071391950100328,0.0071024901683834,0.0080571935148864,0.0083578743616747,0.007892654778229,0.0078041674724137,0.0080296613366529,0.0077005568585794,0.0078494328784555,0.0084435413494964,0.008203848536226,0.008016877558407,0.008226117799361,0.0072694062285803,0.0072497048836915,0.0068992155886479,0.0089088778251633,0.0133081159816348,0.012429029519055,0.0124833418739154
892,0.0032405236993817,0.0021528544827791,0.0016069940790083,0.0018103909421513,0.0016466734589383,0.0016783083933624,0.0039603549770774,0.0061820018241556,0.0067394040543522,0.0072114106638585,0.0072728816429905,0.0065855858444662,0.0070545406373049,0.007318793849938,0.0073317807301943,0.0082944546109666,0.0086056557168932,0.008117073620722,0.0080394515770111,0.0082673160718318,0.00793562471122,0.00807698799318,0.0086964845531084,0.0084375151157359,0.0082383636424333,0.0084663504114325,0.0075077080402994,0.0075061380954248,0.0070548995919203,0.0090759289588911,0.0135183158408125,0.0127973349657649,0.0128479119423428
890,0.0035132699105367,0.0024237676517092,0.0019095044580559,0.0020971171169806,0.0019502209894855,0.0019898201523528,0.004208851026547,0.0062480837530823,0.0068007718390053,0.0072883641520777,0.0073519560923552,0.0067133941297717,0.0071709642845164,0.0074374280157286,0.0075482626041206,0.008507778278122,0.0088439019021058,0.0083031580323225,0.0082345871747456,0.0084631505531957,0.0081328460909241,0.0082617618440883,0.0089006983190904,0.0086307476855301,0.0084220850704764,0.0086683615767911,0.0077192976944161,0.0077315179789813,0.007206878299184,0.0092636558848679,0.0137523364131881,0.0129254834122264,0.0129747100519313
888,0.0034382835736509,0.0023837596623089,0.001885549208374,0.0020562817774333,0.0019294281557038,0.0019577820901566,0.0041652559404648,0.0061390535602558,0.0066817455365324,0.0071734666706683,0.0072494529668385,0.0066484337337384,0.0070864098362705,0.0073513682024371,0.0075375685502273,0.0084809358768179,0.0088513919376398,0.0082489779865641,0.0081670901404072,0.0083981069390049,0.0080742977660726,0.0081818223073715,0.0088236303979403,0.0085695488407928,0.0083546168361508,0.008607119069765,0.0076858089164127,0.0076971961636283,0.0071621012740742,0.009247504347121,0.0137543004935487,0.0127320541440587,0.01279679413616
886,0.0032054124538402,0.0021871565796649,0.0016744100116484,0.0018402168908307,0.001726061731133,0.0017328936639407,0.0039507062387508,0.0059664408214728,0.0065005013392307,0.0069857792335654,0.0070760720088057,0.0064896535909358,0.0069107963754266,0.007169901764747,0.0073789925075428,0.0083084448730048,0.0087069551112719,0.0080535347472905,0.0079410244462952,0.0081812001574624,0.0078691575710664,0.0079548673362979,0.0085844948034902,0.0083768835184991,0.0081616184177719,0.0084091220971601,0.0075153453634423,0.0075165919740052,0.0070266626519957,0.0091092979351298,0.0135937737931692,0.0124260944578833,0.0125167717853569
884,0.0029971089550041,0.0019879589094651,0.0014461238857377,0.0016226889719974,0.0015150270746782,0.0015130182190404,0.0037394608505333,0.0058343047783612,0.0063694656062417,0.0068471707770376,0.0069406723658676,0.0063414281375986,0.0067585509585815,0.0070148633300934,0.0072261494896697,0.0081631651782312,0.0085668503320174,0.0078940376465486,0.0077604928194648,0.0080128728192283,0.0077112024809635,0.0077903694785654,0.0084094144927015,0.008249289667516,0.0080439382108054,0.0082820376934728,0.0073637057823508,0.0073573876859662,0.0069431751176882,0.0090003849589575,0.0134522330225398,0.0121516973614955,0.0122595147962203
882,0.0028039440914872,0.0017839090459,0.0012339468395331,0.001431666419617,0.0013347669878863,0.0013465708135308,0.0035971543042352,0.0057732417153282,0.0063164420734181,0.0067919542932862,0.0068764044079152,0.0062192236237342,0.0066467325016276,0.0069068394104501,0.007123760237145,0.0080846326701697,0.0084672926018857,0.0078215124872806,0.0076953602233398,0.0079509041060544,0.0076498234415887,0.0077454783085292,0.0083659960575363,0.0082160447812554,0.0080333591781658,0.0082609572339821,0.0072263989227749,0.0072215141144859,0.0068911124052592,0.0089326113590738,0.0133955705841347,0.0118928023189875,0.0120020899049524
880,0.0026160797876865,0.0015905742819481,0.0010678515125777,0.0012867871110689,0.0012070803517195,0.001240799130417,0.0035435053137463,0.0058106280036818,0.0063580702667958,0.0068362047345007,0.0069093608548423,0.0061595478966171,0.0066038687252039,0.0068696437854544,0.0070757946479571,0.0080483281220734,0.0083966022187262,0.0078109137744389,0.0077110079654363,0.0079549364299724,0.0076444652592825,0.007771198411081,0.0083936224556848,0.0082195630153976,0.008065898945645,0.0082823015753307,0.0070569173512711,0.0070615333690011,0.0068024527423696,0.0088578460444863,0.0133915279993729,0.0116584395984769,0.01176255425181
878,0.0025151617051626,0.0015007293078757,0.0010186096530505,0.0012468212288102,0.0011754420942874,0.001219205776906,0.0035664099792935,0.0059251303408916,0.0064693159203554,0.0069494339073075,0.0070169669387651,0.0062051715554501,0.0066624161886976,0.0069294139012726,0.0070940713689478,0.0080492859663044,0.008366766458929,0.0078366390953995,0.0077579338981283,0.0079830445831419,0.007658730558202,0.007814551736906,0.0084193240582018,0.0082328328383764,0.0080993795236234,0.0083047741225333,0.0068643171316276,0.0068809054582637,0.0066632989881267,0.0087491408596458,0.0133675207052087,0.0115166872107467,0.0116130583685971
876,0.0025053799853775,0.001512540622691,0.0010556746750057,0.0012742255458111,0.0011871332140721,0.0012242096388404,0.0035604591239745,0.0059690177848986,0.0065092649273072,0.0069849251369055,0.0070525289212734,0.006264853581503,0.006727400074388,0.0069883910682548,0.0071098644265259,0.0080324870358057,0.0083315742294595,0.0078327877526237,0.0077609026901177,0.0079691744714326,0.0076288919365441,0.0078005521019159,0.0083646744815025,0.0082064744296435,0.0080744420604972,0.0082687804578542,0.0066255372993636,0.0066492620277453,0.0064401998688855,0.008544895878311,0.01321222127663,0.0114360642441909,0.0115142012941211
874,0.0024843936354045,0.0015161924322184,0.0010616541106781,0.0012580031984594,0.0011385061287769,0.0011580267933963,0.00342766710129,0.0058198071062102,0.00636131978974,0.0068257978882722,0.0068957154156901,0.0061938450201441,0.0066581125720531,0.0069078072180156,0.0070141398508266,0.0079139940361323,0.0082072049221846,0.0077313460655781,0.0076639292844404,0.0078591322641639,0.0075005713002282,0.0076738908982879,0.0081935907805211,0.0080788432213057,0.0079370563944471,0.008118834344859,0.006315980505336,0.0063397336235704,0.006117494130876,0.0082162877042757,0.0128975550112186,0.0113095730163552,0.0113592323771259
872,0.0024720332443266,0.0015227206369216,0.0010513520622634,0.0012300462866607,0.0010845386090586,0.0010782284655053,0.0032689176622714,0.005613307476505,0.0061590061550709,0.0066126540812616,0.0066842106834095,0.0060669677491639,0.0065329148086955,0.0067749848806178,0.0068774532340093,0.0077788788235585,0.0080761405402689,0.0076230553990664,0.0075709356408729,0.007759303394441,0.0073823836673285,0.0075490840381519,0.0080470012448711,0.007950427210298,0.0078041237904836,0.007974526874076,0.0061130993540908,0.0061368073788518,0.0058908468711253,0.0079677448019042,0.0126498320228717,0.011186488859299,0.0112164757033432
870,0.0026521370071109,0.0016991340487678,0.0011895160556313,0.0013661072781503,0.0012124090898477,0.0011732156081324,0.003308743178751,0.0056424436230487,0.0061906166122454,0.0066403251209223,0.0067122502952225,0.006166131188514,0.0066294286538062,0.0068800325994749,0.0069586848358442,0.0078888383325102,0.008197329143849,0.0077357047798625,0.0077062213370838,0.0079022785303814,0.0075086044335177,0.0076677462957139,0.0081799486019526,0.0080770267071273,0.0079360016942554,0.0081035273958077,0.0063417865262606,0.0063719921176533,0.0061002848808109,0.0081531801330119,0.0128094109912895,0.0112829036730511,0.0113160944184032
868,0.0030682662438538,0.0020785098796676,0.0015129239529339,0.0016968374369823,0.0015445550679211,0.0014751491479578,0.003585662782289,0.0059786019199559,0.0065270049269533,0.0069767135552985,0.0070516736884388,0.0065881270377149,0.0070375895173735,0.0073146529033596,0.0073609585868345,0.0083386326612729,0.0086610200036624,0.0081363275156691,0.0081230371402517,0.0083418924915065,0.0079315830459244,0.0080873799197862,0.0086398027815361,0.0085373980678761,0.0084011337633788,0.0085767182390385,0.0070592661384331,0.0070960417604626,0.0068134774506493,0.008845875708489,0.0134199612950505,0.011674007813473,0.0117181324244932
866,0.0034790060267163,0.0024351486607233,0.0018214401010053,0.00200883302806,0.0018576634987033,0.0017734399109,0.0038784899219982,0.0063524801260879,0.0069007654826723,0.0073464060240125,0.0074322257378266,0.0070352809106703,0.0074631957892273,0.0077687073189533,0.0078135579485422,0.0088334864385138,0.0091663461231267,0.0085651499287178,0.0085555617059078,0.0087957802728035,0.0083709812997605,0.0085296622198948,0.0091211640902202,0.0090339521032532,0.0088948790897827,0.0090810314870838,0.0078543435347869,0.0078859199745591,0.0076213870659621,0.0096384935210063,0.0140981132026471,0.0121404921675184,0.0121751026082301
864,0.0036724264356894,0.0025867683537485,0.0019596673483284,0.0021432674378893,0.0019923064708185,0.0019094650134849,0.0040120925619606,0.0064898319492968,0.0070389355753893,0.0074764774015461,0.007577117300072,0.007150444363698,0.0075641448883563,0.0078827630429388,0.00795981369137,0.0089923676847175,0.0093285012510115,0.0087024439246485,0.0086905716887792,0.0089343317734879,0.0085042386774135,0.0086717773941557,0.0092800232554226,0.0091923703611066,0.0090495783308858,0.0092381597320973,0.0082355322067327,0.0082535696731184,0.0080127071610077,0.0100269440430979,0.0144204018142017,0.0124272732560993,0.0124285780318993
862,0.0037581572168739,0.0026542776941398,0.0020444964339138,0.0022245657204437,0.0020725468463706,0.001996634119806,0.0040875322433929,0.0064351134635657,0.0069872610751788,0.0074219720233113,0.0075272748816538,0.006956246503983,0.0073727141471924,0.0076893135620469,0.0077847270093622,0.0088034809103061,0.0091376937511613,0.008539340647873,0.0085255567682408,0.008759309900706,0.0083324753132699,0.0085115007689943,0.0091165195698204,0.0089863787018567,0.0088466614981081,0.0090290522502751,0.0081260817928231,0.0081396225379598,0.0078712650219277,0.0099052426726106,0.0143339445255716,0.0125218535547317,0.0124938211237063
860,0.0039752767310896,0.0028652866679342,0.0022766732492699,0.0024596676658842,0.0022997891150981,0.0022282174845437,0.004308842323581,0.0064430737280543,0.0070014762656882,0.007443516198973,0.0075354621459862,0.0068100350643211,0.0072368780697561,0.0075470349452462,0.0076069913654915,0.008610621433035,0.0089445258788123,0.0083677689120187,0.0083478494926289,0.0085732764202999,0.0081457484855236,0.0083301940513457,0.0089274400019761,0.0087276333631506,0.0085927389530193,0.0087693487480987,0.0078483351949269,0.0078713385544419,0.0074969968465151,0.0095724563216412,0.0141019332765268,0.0125738772103209,0.0125451904933028
858,0.0043671699551795,0.0032542996019182,0.0026767161414786,0.0028679678000629,0.0026923421452331,0.0026211431022407,0.0047247498426511,0.0066780720007368,0.0072436059835763,0.0076967714417417,0.0077688745116847,0.0070073513995964,0.0074346889754188,0.007736883670486,0.007719054519316,0.0087158679445229,0.009057144683136,0.0084670359308586,0.0084284804864753,0.0086498576730754,0.0082109124268262,0.0083854190894889,0.0089749832700666,0.0087222915136962,0.0085833627880403,0.0087620431701089,0.0077523264351902,0.0077812747371462,0.0072682042842248,0.0093864252795599,0.013993022855426,0.0126809336112824,0.0126735315531056
856,0.0048731834909656,0.00376533712532,0.0031961211095164,0.0033972874485884,0.0032053460760614,0.0031294209651403,0.0053040048901001,0.0071747528317284,0.0077428151059451,0.0082037110486102,0.0082681457962003,0.0075947531580671,0.0080097457158265,0.0083004001619395,0.0081954791168737,0.0091785373692595,0.0095336135458122,0.0089213395619972,0.0088558423259278,0.0090687408837515,0.0086152868734633,0.0087675711467668,0.0093418057454983,0.0090792766062673,0.0089269122201176,0.0091143463715321,0.0080058999955942,0.0080228727162822,0.0074124664535648,0.0095457596243784,0.0141457360940604,0.0128828424453721,0.0128901946520793
854,0.0056655787743585,0.0045724419177016,0.0040141417379362,0.0042245611300518,0.0040204052440837,0.0039351597342552,0.0062013507709922,0.0080331424402756,0.0085956222768845,0.0090623923293779,0.009134105860601,0.0085379484175404,0.0089423819995276,0.0092253542947357,0.0090163583718791,0.0099734215992842,0.0103391172183561,0.0096979749497505,0.0096151085074856,0.0098168426545155,0.0093445154545775,0.0094808561521507,0.0100326870798774,0.0097739829625533,0.0096081295917332,0.0098039742540108,0.0086228242650603,0.0086211459193589,0.0079771989481286,0.0100838891836608,0.0146048841396606,0.0132502054113594,0.0132443134029831
852,0.0071200310387276,0.006040065579747,0.0054875973241344,0.0057050061951843,0.0054901024212566,0.0054002299147863,0.007736374450253,0.0094403551397228,0.0099914152525282,0.0104657918522267,0.0105451128528041,0.0098672240314863,0.0102744910905272,0.0105637527957577,0.0101764358608879,0.0111188342447398,0.0114825272723409,0.0107397713566624,0.0106610159913643,0.0108648179675022,0.0103414298042673,0.0104830416132128,0.0110211221878317,0.0107071570333987,0.010532630545232,0.0107312899571145,0.0094893586193564,0.0094836546590329,0.0088279828958898,0.0108798325012061,0.0153091153657111,0.0138170840423995,0.0137688420535504
850,0.0093216020871645,0.0082425216227766,0.0076863143614224,0.0079085691257578,0.0076857972600993,0.0076066046256115,0.0099736580871857,0.0113732522657915,0.0119138450425805,0.0123938001765994,0.0124694885927652,0.0115270832115358,0.011944977863579,0.0122472991546517,0.0115730725036608,0.0125328269079287,0.0128833976886446,0.0119139105521144,0.0118507176607529,0.0120783667790995,0.0114496048965309,0.0116086833279633,0.0121533138944324,0.0116799109305372,0.0114952456141581,0.0116933957203131,0.0103705768410437,0.0103774331660817,0.0096871943698231,0.0116858388083668,0.0160646873287321,0.0144686224402395,0.0143626773268442
848,0.0116717670718733,0.0105835868022481,0.0100202671489286,0.0102482328983873,0.0100296571381662,0.0099700890162439,0.0123393503962358,0.013328865835563,0.0138668650688581,0.0143449557007131,0.0144095888487947,0.0131403970908851,0.0135651215500938,0.0138685069438029,0.0128728232836059,0.0138681422248673,0.0142063894675631,0.0129482690453463,0.0128924024386099,0.0131532758673433,0.0123977136776516,0.0125626035153102,0.0131270502568825,0.0124425341647158,0.0122390669619547,0.0124412909352011,0.0110260204568224,0.0110449288800773,0.0103024708952621,0.012272911429046,0.0166517514095492,0.0150098609700328,0.0148527318704753
846,0.0131256974500073,0.0120264329923141,0.0114546804159057,0.0116902750354436,0.0114877254529803,0.0114344454767652,0.0137960575213771,0.0144970088174941,0.0150422130760409,0.0155150177226065,0.0155707622150043,0.0140743312348838,0.0145014407685211,0.0147927906752786,0.0136125139313781,0.014633471144173,0.0149694099502863,0.0135130270486658,0.0134544306684655,0.0137380207747763,0.012911316731072,0.0130621787855747,0.0136454973987311,0.012822480984304,0.0125965595088477,0.0128109324844132,0.0113371548378224,0.0113565170507703,0.0105892909073599,0.0125587198438936,0.01695591148143,0.0153113577064538,0.0151354872149293
844,0.0129725664119193,0.0118624831521002,0.0112731685252095,0.0115131654613906,0.0113188918325795,0.0112469961919785,0.0136100449689326,0.0143483187088815,0.0149046277702023,0.0153777478831294,0.0154297371282064,0.0138834489618699,0.0143150218051301,0.0146029640684412,0.0135061789424263,0.0145396374659949,0.0148812739881224,0.0134222301869079,0.0133703398635507,0.0136585458366421,0.0128622373575359,0.0129963464391983,0.0135929623967332,0.0127785256162705,0.0125422205196366,0.0127691624188648,0.0112883843566298,0.0113011937779426,0.01057412508845,0.0125528525005927,0.0169512553664994,0.0153183298837458,0.0151737233071806
842,0.0114888417663441,0.0103677876407504,0.0097519830026044,0.0099884841786785,0.0097783461044565,0.0096774575384385,0.0120620206561306,0.0131231063739613,0.0136847005599142,0.0141636428328264,0.014215772771074,0.0127528854638945,0.0131897750306402,0.0134966407135846,0.0127021434443388,0.0137542381257758,0.0141040707088839,0.0128033244130005,0.0127798010583962,0.0130613943757803,0.0123610435209166,0.0124940688418711,0.0131017661146991,0.0123887752586119,0.0121643817836271,0.0123939150585438,0.010926183499243,0.0109322815441625,0.0103018029476207,0.0122784351928941,0.0166516499391485,0.0150283332906184,0.0149551724138268
840,0.0097819826973275,0.0086544790215708,0.0080189961646066,0.0082481805251386,0.0080104623537375,0.0078911291331994,0.0103030804567738,0.0116973112872449,0.0122539382579079,0.0127351565905829,0.0127930554321185,0.0114448402553979,0.0118805183673416,0.012215711673999,0.0117367430417446,0.012821563050323,0.0131830660169745,0.0120669715786062,0.0120791011809258,0.0123529159107929,0.0117330335586432,0.0118799165865964,0.0124989978573497,0.0118661941694145,0.0116677005141931,0.0118905600980565,0.0104304569212307,0.0104315676576085,0.0098967845848465,0.011851917102262,0.0161872074131296,0.0145934883376199,0.0145927458973294
838,0.0088876709384471,0.0077645283014019,0.0071269085226835,0.0073520978660161,0.0071035310871239,0.0069791753104706,0.0093906028563426,0.0108913763303246,0.011437759248476,0.0119134579443809,0.0119845094061274,0.0107092840641643,0.0111380235897766,0.011490768915484,0.0111595738364382,0.0122771568475909,0.0126560113561292,0.0116337989664501,0.0116658131947179,0.0119346668984948,0.0113298921754012,0.0114950344431093,0.0121279268780346,0.0115074004862615,0.0113282413782955,0.0115451399362414,0.0101009863291049,0.0101027711898682,0.0095971540118444,0.0115262164696682,0.0158301646213327,0.0143286229577263,0.0143608288956471
836,0.0089961795278997,0.0078871299979996,0.0072551973071438,0.007479756552,0.0072458227850988,0.0071192330083443,0.0094836284937626,0.0108764229165672,0.0114162068552593,0.0118836708952658,0.0119699861889819,0.0107205131419073,0.01114592201833,0.0114988519106373,0.0111352902839031,0.0122692798627261,0.0126637561798404,0.0116297073861458,0.0116606714841266,0.0119238092877943,0.0112810046937717,0.0114647508650279,0.0121163821531058,0.0114861787096652,0.0113070656460393,0.0115232342233722,0.0101162679582592,0.010129673021702,0.0095701651221157,0.0114921895387045,0.0157865420266858,0.014423738376293,0.0144410922075962
834,0.0095451333487347,0.0084505585837053,0.0078159089663131,0.0080396885351988,0.0078242219632027,0.007694158441905,0.0099773637129205,0.0112184200789101,0.0117604625288757,0.0122221511954627,0.0123153176292728,0.0110895667774474,0.0115183557860466,0.0118562943002723,0.0114037973209094,0.0125341164311101,0.0129302473987351,0.0118549727145057,0.0118752317345189,0.0121271000816665,0.0114369531273229,0.0116399923302203,0.0123107111968479,0.0117031448154756,0.0115120283918144,0.011728040510308,0.0103612787159265,0.0103930184954092,0.0097440451775468,0.0116828344660781,0.0159907055397557,0.0146955860092907,0.0146770932163234
832,0.0099843065159521,0.0088961387395814,0.0082478622868198,0.0084734703810604,0.0082557467980355,0.0081280755939968,0.010317246699264,0.0114595191677291,0.012011220218308,0.0124696305160704,0.0125548098751629,0.0113937282840776,0.0118248308408177,0.0121354751158562,0.011643250880849,0.0127552105814977,0.0131382708585952,0.0120675933021474,0.0120751185998228,0.0123137553239453,0.0115961816541568,0.0118151535298531,0.0124924206095712,0.0119366293686446,0.0117391779996016,0.0119536410832734,0.0106197854314977,0.0106655771548195,0.0099509490500711,0.0119090306491069,0.016232180925261,0.0148179893845658,0.0147745353375865
830,0.0102890825899256,0.009201542560223,0.0085369742475415,0.0087714982898028,0.0085331482617482,0.0084184738097616,0.0105199704868167,0.0115844020117285,0.0121461833391143,0.0126043727412081,0.0126704703042856,0.0115998695347216,0.0120270886715386,0.0123090525472094,0.0118151123235166,0.0128999222018901,0.0132681925982912,0.0122415483455781,0.0122321733409584,0.0124672431372117,0.0117402930444019,0.0119661406044373,0.0126305652330269,0.0121197599669065,0.0119295099344281,0.0121465990051119,0.0108692294087378,0.0109242681788818,0.0101824210795478,0.0121425532085872,0.0164561948989874,0.0147840347330355,0.0147343203561082
828,0.0106682137219385,0.0095865190904504,0.0089064564003049,0.0091506589749243,0.0088972324826134,0.0088001712116801,0.0108576052229709,0.0118521309150532,0.012415493053468,0.0128797974445002,0.0129271360758716,0.0119023589215824,0.0123250496734591,0.0125978228450261,0.0120703205493358,0.0131228253760328,0.0134844877308933,0.0124794952328862,0.0124483418653289,0.0126939407772257,0.011963208129366,0.0121853904203434,0.0128276676352193,0.0123403243181536,0.0121612465136937,0.0123866240375727,0.0112123018712958,0.0112829631100567,0.0105337098752783,0.0124871413484335,0.016772532861749,0.0149007167944351,0.0148501953511881
826,0.0110221066579199,0.0099553342374733,0.0092584320693595,0.0095017796742088,0.0092535843125583,0.0091693600320072,0.0112692677908886,0.0122762725633145,0.0128283963647062,0.0133034551767757,0.013343700424296,0.0122760993331653,0.0126981711950048,0.0129924556555121,0.0123931251330147,0.01341325985278,0.013773468967515,0.0127441072659499,0.0126919814760293,0.0129497327703339,0.0122223082070375,0.01243007665578,0.0130587831577479,0.0125847616130355,0.0124058248822324,0.0126367154008543,0.0115635404917696,0.0116580769716628,0.0109158243103935,0.0128772179633352,0.0171567548760151,0.0152738396863477,0.0152166855346332
824,0.0109817962504043,0.0099241722776743,0.009212409175076,0.0094483868356834,0.0092149859848686,0.0091363140250447,0.0113467103290392,0.0124905177999104,0.0130239719223991,0.0135050694402748,0.0135534061590219,0.0124093526577494,0.0128281522118524,0.0131603624977238,0.0125278577249016,0.0135275735511385,0.0138867358466518,0.012828898292544,0.0127621317819434,0.0130189451531325,0.0123120579033913,0.0124948653087261,0.0131280571819763,0.0126645453132889,0.0124704346916927,0.0126988861249839,0.0116367902011199,0.0117480845066978,0.0110328700899133,0.0130199432831756,0.0173405530644578,0.0155541943198437,0.0154846717092948
822,0.0104344135824711,0.0093607063675545,0.0086467525955422,0.0088877587524921,0.008658986058995,0.0085833387977503,0.0108762237224353,0.0122015627062613,0.0127194568012243,0.013195831484477,0.013260530402078,0.01211215715293,0.0125187247629711,0.0128797419194893,0.0123065313730207,0.0133119328623729,0.0136743705953231,0.0126210385247204,0.0125499698743165,0.0127960713259926,0.012121257336582,0.0122773618534307,0.0129293139755331,0.0124660401117139,0.0122521875939432,0.0124773837580987,0.0113061575577103,0.0114166144877905,0.0107280197749482,0.0127347023340712,0.0171134034764012,0.0153720285021331,0.0152863491808359
820,0.0097287181803312,0.008617151856518,0.0079224533307556,0.0081881362724358,0.0079500442986416,0.0078802595506641,0.0101548107024897,0.0115962312572836,0.0121072345402281,0.0125742689666806,0.012651321775056,0.0115986618312226,0.011992411880249,0.0123622661763496,0.0118884556739322,0.0129224803979915,0.0132956504079809,0.0122634188291888,0.0122056451490642,0.0124455787493743,0.0117919322367838,0.0119354791603405,0.0126075242149428,0.0121272051408262,0.0119056568534151,0.0121322892227799,0.0107954789276079,0.0108983273765578,0.0102029390601979,0.0122016643546047,0.0166068712249577,0.0148486584219255,0.0147415155740105
818,0.0092922625135938,0.0081485908655359,0.0074943806358979,0.0077879476578826,0.0075386520593754,0.0074793890324466,0.009673395532631,0.0111303502529531,0.0116422888293526,0.0121064181902748,0.0121821818593747,0.0112389661311546,0.0116328764787589,0.0120003063634807,0.011565769484912,0.0126218938582008,0.013005181150218,0.0119851037704656,0.0119624763582587,0.0122017842884648,0.0115482039139295,0.0116976074143353,0.0123745953742361,0.0118637459942506,0.0116559111771885,0.0118797492514442,0.0104195176145065,0.0105218021133121,0.0097947307074215,0.0117593713888852,0.0161504281558661,0.0144468463926502,0.0143155909902275
816,0.0092351343372877,0.0080851369385369,0.0074817749151013,0.0077875506467395,0.0075327821469999,0.0074875199631949,0.009630009882278,0.011012689688767,0.011532296971326,0.012004181991549,0.0120626934281548,0.0111494271264077,0.0115545752408201,0.0119228062169625,0.0114375997981891,0.0124813362889842,0.0128655676534639,0.011857589770415,0.0118809498667832,0.0121117808398903,0.0114510399055521,0.0116109862723462,0.0122692293783469,0.0117236375350099,0.0115466478226573,0.0117541515114683,0.0102753989238622,0.010378886391204,0.0096380440094686,0.0115576595278412,0.015923274281504,0.0144045435724177,0.0142563505370581
814,0.0093923733592072,0.0082526333236896,0.0076906008716837,0.0079919216619516,0.0077323774672236,0.0077010909479302,0.0098459907958179,0.0110736360898203,0.0116053943118421,0.0120923928511713,0.012124344264809,0.0111625198607074,0.0115743016104187,0.0119540955654851,0.0113908395974914,0.0123990552003131,0.0127803048173818,0.0117917808100467,0.011851942726265,0.0120633593938168,0.0113987788676923,0.0115652264908092,0.0121933603622587,0.0116162871850762,0.0114742287679247,0.0116609432542744,0.010268771925967,0.0103619957750686,0.0096308476986401,0.0115092501954769,0.0158612129492676,0.0145312476767841,0.0143811122499918
812,0.0095675813244715,0.0084324022493821,0.0078828727679798,0.0081724389316004,0.00790395267211,0.0078787392266809,0.0100325569870435,0.0110794356008965,0.011619045710747,0.0121225081596904,0.0121334282184124,0.0111131848794834,0.0115202508998416,0.0119162452382616,0.0113184362181249,0.0123105527334742,0.012694653819997,0.0117031767298035,0.0117828468344664,0.0119805432487211,0.0113031911630971,0.0114852588850534,0.0120985651759828,0.0114998026202795,0.0113846631372345,0.0115639982350821,0.0103091554602708,0.0103828629476086,0.0096390666091151,0.0114922553088573,0.015840088682283,0.0145305078755433,0.0143940037095265
810,0.0095934260992127,0.0084471466644796,0.0078773652643251,0.0081539276093206,0.0078757934007503,0.0078358221538141,0.0099787417395853,0.0109484404137028,0.0114835470683723,0.0119963046961307,0.0120062708329427,0.0109703339349553,0.0113723521262376,0.0117719179105967,0.0112007727447838,0.0122188494896053,0.0126074743281154,0.0115712036601472,0.0116604207784707,0.0118650813562799,0.0111574143425839,0.0113776204003162,0.0120054229408019,0.0114061445428084,0.0113024207735881,0.0114906747220473,0.010348409393011,0.0104067707617936,0.0096113697295619,0.0114607151060893,0.0158004547784451,0.0143192240826079,0.0142105071550941
808,0.0092775091058772,0.0081073037135136,0.0074990060292084,0.0077672764577797,0.0074799494990335,0.0073942306231287,0.0095362571291145,0.0106330081453235,0.0111572069038966,0.0116637353786249,0.0116921947559211,0.0106966148633166,0.0111038618908333,0.0114849519484936,0.0109910278275371,0.0120533553208096,0.0124357318744704,0.0113574091142298,0.0114506673739535,0.0116778178815437,0.0109463285920812,0.0112124925828462,0.0118705308194491,0.0113071518368343,0.0111951806129323,0.0113957946360878,0.0102945970947908,0.010345569090194,0.0095186316049379,0.0113747373553881,0.0156882970808768,0.0139939722969269,0.013924418561491
806,0.0084997863824446,0.0072977239770685,0.0066505398100808,0.0069235247238561,0.0066194031131004,0.0064634230444442,0.0086393686130316,0.010028321734038,0.010547471634496,0.0110358613947502,0.0110829249258598,0.0101815177804596,0.0105984239336097,0.0109546630909372,0.0105863487520289,0.0116742565545213,0.0120401919436776,0.0109863799260589,0.0110718855192564,0.0113222406241743,0.0106047618565871,0.0108955122012266,0.0115757757424131,0.0110871933611385,0.0109507178833525,0.0111585410523272,0.0100303234919687,0.0100767064789307,0.0092966927477497,0.0111521513978317,0.0154162968841608,0.0136436048575558,0.0136138907805401
804,0.0074045541720749,0.0061726543424213,0.005494588536769,0.0057814424369761,0.0054503386712056,0.0052264629606963,0.0074514290185091,0.0091590371798215,0.0096747847243934,0.0101527635609455,0.0102006295799105,0.0094286020229641,0.0098481227965465,0.0101965194919876,0.0099926881907139,0.0110815355177346,0.0114330323615767,0.010471925610184,0.0105350162558955,0.0108041488546935,0.0101316675336961,0.0104180654973633,0.0111040365491533,0.0107030468273967,0.0105418211604334,0.0107553391467457,0.0095533240131382,0.0096002238056857,0.008914973458636,0.0107628427765552,0.0149807171342747,0.0132973582706801,0.0132950280694754
802,0.0063901078960871,0.0051472070445926,0.0044501032885156,0.0047387196313734,0.0043850535830332,0.0041261062438034,0.0063861941209362,0.0083235671359788,0.0088198779837938,0.0093112651078711,0.0093477115853403,0.0086972827471024,0.009114308162051,0.0094675492845668,0.0094279527403245,0.0105156474525719,0.0108561087482796,0.0100051378179228,0.0100402860638948,0.0103266113424254,0.0096950210889262,0.0099642542859736,0.0106473253230158,0.0103093405343094,0.0101397882025349,0.0103635473710447,0.0090537011934778,0.009111530933465,0.0084879296985238,0.0103417978412544,0.0145685339032315,0.0129928681357136,0.0130063720801481
800,0.0058270601076541,0.0045976046283042,0.0038998514402425,0.0041637161094702,0.0038070252674413,0.0035557382938937,0.0058289625897891,0.0078667529435638,0.0083280779250189,0.0088461672957901,0.0088808405031602,0.0083101946558341,0.0087303345215236,0.0090741651536103,0.0091558263973521,0.010255471675431,0.0105780461863699,0.0098239206590172,0.0098356716458271,0.0101336466442375,0.0095274447297893,0.0097774986160691,0.010457088101596,0.0101514867083975,0.0099849457322585,0.0102262285781793,0.0088078346133662,0.0088764600489758,0.0082583423639682,0.0101376931841562,0.0144422432579783,0.0128035817115425,0.0128335043093145
798,0.0057871768944273,0.0045786945561838,0.0039010910801003,0.0041269355349987,0.003781621812258,0.0035635340372955,0.0058248376134126,0.0078420771076547,0.008279270012047,0.0088083839778207,0.0088602702554752,0.0083341538251661,0.0087607960548738,0.0090787835437495,0.0092263487072791,0.0103395255261702,0.0106416091542971,0.0099700072655939,0.0099666980199106,0.0102590481045101,0.0096849416414596,0.0099121650000693,0.0105877062210937,0.010316337346627,0.0101394388927925,0.0104055453490187,0.0089484716765061,0.0090099652348748,0.0083943606811439,0.010290240125099,0.0146746277928262,0.0127889782591112,0.0128331892303262
796,0.0060620574068673,0.0048640094436593,0.0042182768774459,0.0044168465904833,0.004082655492418,0.0038963362399344,0.0061156378041062,0.0080188097147011,0.008459373124785,0.0089708422269532,0.0090446014802437,0.0085430586907014,0.0089621013053394,0.0092748442876425,0.0094399585085722,0.010544926207323,0.0108482040938628,0.0102223330657995,0.0102179847650911,0.0104842702273862,0.0099575079679735,0.0101658985334903,0.0108341346771034,0.0106171047307126,0.0104059541929572,0.0106956463134523,0.0093084088340454,0.0093502339891765,0.0087799896427213,0.0106537288390572,0.0150371194154399,0.0129364948420817,0.0129699542794775
794,0.00640414271474,0.0052094783297935,0.0045944350453818,0.0047831116423358,0.0044599134575013,0.0042878128786804,0.0064487141466392,0.0081743444489867,0.0086288829165822,0.0091134224619422,0.0091955026267515,0.0086780264654049,0.0090686972972937,0.0094226112148015,0.0095616771569511,0.0106314354711997,0.0109694276428217,0.0103109067897195,0.0103268148074373,0.0105643355633327,0.0100686260087699,0.0102822010070894,0.0109419271821211,0.0107633371531138,0.0105164944873239,0.0108115563044137,0.0095340585582431,0.0095720676259829,0.0090744289174148,0.0108980962980321,0.0152021923257054,0.0131585473126728,0.0131487247695683
792,0.0067028208562496,0.0055161053891546,0.0049236509457364,0.0051112408438788,0.0048093764402133,0.0046327368993684,0.0067483984935361,0.0082670619266856,0.0087226127449915,0.0091992911630668,0.0092745645316265,0.0086683224818047,0.0090329505569475,0.0094472312864093,0.0095307601436738,0.0105676517841551,0.0109512502578042,0.0101881199219362,0.0102388834665108,0.010473429136178,0.0099572685494294,0.0102057464364989,0.010864892590825,0.0106596545673119,0.0104042213293134,0.0106819387780959,0.0094296944615447,0.0094929083576826,0.0090514701354029,0.0108375396599445,0.0150666926601026,0.0133637557827093,0.0133103418461087
790,0.0069581085368995,0.0057791645549225,0.0051968306983118,0.0053876262369625,0.005114236899016,0.0049185489751877,0.007016131366122,0.0083703010539245,0.0088168157828065,0.0093097688276631,0.0093732568357933,0.0086195115548773,0.0089932747813114,0.0094384148412209,0.0094688953962369,0.0105198572661739,0.0109281884365184,0.010061284845004,0.0101410403561403,0.0104101665309461,0.0098277725889944,0.0101207373139071,0.0107970146947038,0.0105081263417313,0.0102720156310937,0.0105313891431959,0.0091796864335078,0.0092758830905859,0.0088507498227731,0.0106332277036824,0.0148479519746464,0.0135359947507298,0.0134770829130372
788,0.0071716969427796,0.0059870674473927,0.0053965167727364,0.0055939965354957,0.0053393859220966,0.0051134518313738,0.0072124160080828,0.0085559593660908,0.0090015657273508,0.0095145273701761,0.0095672461587868,0.0086692111451974,0.0090913483602985,0.0095247258684969,0.0095231727866979,0.0106480692465842,0.0110554788704954,0.0101550159281744,0.0102478127914189,0.0105671791083595,0.0099138682429791,0.0102380157404836,0.0109459578035724,0.0105798667138295,0.0103716392308381,0.0106335677634223,0.0091488699370881,0.0092587084079507,0.0088093927286925,0.0106055803237493,0.0148394306773386,0.0137030084106417,0.0136724972552739
786,0.007322101030935,0.0061204485432822,0.0055064745866295,0.0057043342493118,0.0054523471973933,0.0051920392740584,0.0073029338442932,0.0088370120411104,0.0092940918099961,0.0098090674547677,0.009853139937464,0.0088714328582004,0.0093482704654858,0.0097531669458148,0.0097224237221993,0.0109394413850237,0.011339417504096,0.0104791410266713,0.0105790261347379,0.0109254333935574,0.0102345713424885,0.0105708022457351,0.0113049160148747,0.0109168731541502,0.0107345782812037,0.0110083744745819,0.0094733089012985,0.0095740691061752,0.0090674933874634,0.0108695234477123,0.015103786753944,0.0138210613441039,0.0138137024245103
784,0.0074265510331835,0.0062116767639926,0.0055792187232401,0.0057593956823239,0.0055033257806235,0.0052207709242866,0.0073424806600362,0.0091483436955911,0.0096210092445394,0.0101157032735182,0.0101590452602058,0.0091733026902308,0.0096746440028292,0.0100599003456911,0.0099810314851338,0.0112511251287931,0.011651094520895,0.0108582359083201,0.010966595943746,0.0112986259943674,0.0106137799666724,0.0109461560525261,0.011683555853693,0.0113198579651838,0.0111621686198069,0.0114271193564328,0.0099412774260974,0.0100212100278323,0.0094414157222201,0.0112401329239976,0.0154499962641374,0.0137843069792497,0.0137731526896277
782,0.0075666662359516,0.0063495519099803,0.0057229722638881,0.0058735476987165,0.005610334778732,0.0053343947517638,0.0074385657112724,0.0093939803910639,0.009884353590433,0.0103482793352434,0.0104063951436778,0.009480982034891,0.009971286876948,0.0103521041316306,0.0102220545275192,0.0114952698639657,0.0119004703302108,0.0111590129326792,0.0112652912665478,0.0115606298360242,0.0109093942911068,0.011223298154763,0.0119486750484793,0.0116143742314106,0.0114740458344604,0.011708004842702,0.0102845982297189,0.0103363509861944,0.0096950056486767,0.0114995860214746,0.0156936864978646,0.0136166301278863,0.0135917938449417
780,0.0078155360014952,0.0066041041416324,0.0060000121585456,0.0061308498164098,0.0058469116143146,0.00560462133736,0.0076463531579602,0.0095487964673988,0.010060299019796,0.0105005963285068,0.0105833174746557,0.0097429038217445,0.0102086518144357,0.010599582103038,0.010449907378684,0.0117166017608248,0.0121271275728692,0.0114055589841043,0.0114881918018401,0.0117564110748797,0.0111415621311408,0.011428196821082,0.0121496425398964,0.0118202993914945,0.0116812150847298,0.0118939570931583,0.0104600460368707,0.0104797055345804,0.0098106407442732,0.0116415890264672,0.0158515262436159,0.0135522732328889,0.013524806381507
778,0.0081477782554133,0.0069490751508325,0.0063529815923941,0.0064876623347291,0.0061663957889183,0.005958623090359,0.0079237415850468,0.0096634370407877,0.0101914704570221,0.0106300670694676,0.0107260416845031,0.0099407279275085,0.0103872584891177,0.0107996943711575,0.0106660140242372,0.0119494921165858,0.0123654898657013,0.0116333388724808,0.0116843589114574,0.0119471109082773,0.011358102640118,0.0116218471446283,0.0123553865089437,0.012002897205731,0.0118577489515923,0.0120757736281622,0.0105620907079786,0.0105627174140668,0.0099064828205663,0.0117748191612795,0.0160235677014917,0.0137797475004831,0.0137525973962936
776,0.0084505485746565,0.007269193788347,0.0066459724174693,0.006803653285673,0.0064465827086009,0.0062450339984512,0.0081693140441732,0.0097408154872325,0.0102747910541711,0.010737060206872,0.0108188694290811,0.0100163791466288,0.0104507686647562,0.0108811291329832,0.0107700434551567,0.0120790335864677,0.0124997122011692,0.0117296902594578,0.0117648632247978,0.0120347982031108,0.0114667324037761,0.0117172822641404,0.0124636938181966,0.0120764805893746,0.0119383764934891,0.0121656994008149,0.0105852087844829,0.0105967637619004,0.0099940917280404,0.0118887481688367,0.016168100943371,0.014151730944751,0.0141061990283969
774,0.0086419633756644,0.0074688301202425,0.0067946060519025,0.0069842673132102,0.0066114559807714,0.0063834415862097,0.0083058941793652,0.0097125851089253,0.0102528365194301,0.0107512738097983,0.0107999320323012,0.0099086158644172,0.0103353743318621,0.0107613471230715,0.010657962329982,0.0119684810088655,0.0123886441134082,0.0115586343014242,0.011597642662214,0.0118774929652672,0.0113348574770765,0.0115710719925466,0.0123185413418656,0.0119118878544949,0.0117937968474193,0.012013269579835,0.0104469276703946,0.0104901304777738,0.0099782202215427,0.0118694067820305,0.0161312005314997,0.0143315595260343,0.0142478658249173
772,0.0087682532362717,0.0075847062412571,0.0068639505346679,0.0070872459040745,0.0067149084989503,0.00644833819305,0.0083667199067377,0.0096146764992614,0.0101684025176794,0.0106965629668154,0.0107179100479484,0.0097121316980397,0.0101384043803404,0.0105391372049023,0.0104317826174284,0.011718134059887,0.0121302732298861,0.0112339778814734,0.0112833431136244,0.011571800041029,0.0110519599318707,0.0112646130320954,0.0120068160077216,0.0116105647003498,0.0114991647450153,0.011711533953964,0.0102181020831128,0.0102851230279808,0.0098771257903637,0.0117320616526984,0.0159104745581897,0.0142496500140505,0.0141316350927761
770,0.0089424798221133,0.0077462649362132,0.007003370500802,0.007253017180908,0.0068815811724147,0.0065846596461547,0.0084824443493971,0.0096515670833351,0.0102011566574472,0.0107470801681395,0.0107626853897299,0.0096831644618555,0.0101138309842615,0.0104923572039484,0.0103776430520446,0.0116409704068039,0.012037137936981,0.0110973313412059,0.0111596026236169,0.0114495656485745,0.0109302009159889,0.0111230433690137,0.0118585741887251,0.0114833917303714,0.0113493681077461,0.0115816541520984,0.0101327350983186,0.0102031436655385,0.0098622671793662,0.0116667598734051,0.015742558038604,0.0142078711137309,0.0140847862689472
768,0.0091654879151182,0.0079803412432657,0.0072450426761107,0.0075057121956406,0.0071315378613745,0.0068188554028736,0.0087128787506578,0.0099238761030676,0.0104215404441466,0.0109815248151377,0.0110102896533068,0.0099473654837971,0.0103739943147416,0.0107542250317241,0.0106308534939759,0.0118817227567007,0.0122511101469366,0.0113165842454142,0.0114017838291472,0.0116810843309869,0.0111328921650135,0.0113282010725304,0.0120437818305315,0.0116637502364927,0.0114984312446026,0.0117610201628046,0.0102744786422178,0.0103446917974401,0.0099918999755486,0.0117652667698322,0.0158151816092994,0.0144196202196428,0.0143302713748013
766,0.0092576390289823,0.0081064507550836,0.0074060356172844,0.0076662415242778,0.0072931420088315,0.0069847310280243,0.0089041306339307,0.0101810465688643,0.0105993894666838,0.0111666595082742,0.0112217148108166,0.0102576907639486,0.0106635204028999,0.0110702585908296,0.0109407648788418,0.0121585431811964,0.0124918673379417,0.0116097983435418,0.0117243434705026,0.0119867843169886,0.0113990749383701,0.0116134897700362,0.0122847948575272,0.0118645105730676,0.0116956512565779,0.011951991858063,0.0103789012201128,0.0104664131054669,0.0100328109982089,0.0118193657620375,0.0159672306719501,0.0146309196983053,0.0146038564174404
764,0.0090358302171095,0.0079184984302519,0.0072712362879448,0.007529685530565,0.0071639462307697,0.0068940861509461,0.0088182722101592,0.0100543663804375,0.0104317306437627,0.0109744480483337,0.0110709873037019,0.0102150659681719,0.0105947957549439,0.0110416260187513,0.0109102894862481,0.012034625702837,0.0123390298190873,0.0115286400241316,0.0116609672710762,0.0119116911712838,0.0113026964939266,0.011524058239969,0.0121390788222251,0.0116728786993148,0.0115446981845079,0.0117413717102333,0.0101045244306449,0.0102262365320011,0.0097063645733311,0.0115419269451571,0.0158349946519198,0.0144205446480151,0.0144561898718236
762,0.0085232393513537,0.0074368775317123,0.0068457193771496,0.007098029117137,0.0067427003831244,0.0065512036904454,0.0084136300638326,0.0095069065836429,0.0099177099116233,0.0103906241458907,0.0105398497229868,0.0097302179749391,0.0100968025558371,0.0105834526003888,0.0104419766786983,0.0114139992496058,0.0117166662333189,0.0109752435679274,0.0111060057658609,0.0113500271694071,0.0107547572231979,0.0109518935988684,0.0115209486991418,0.0110355816982438,0.0109817159887818,0.011096074344065,0.0094648392038537,0.0096199039253568,0.0090743278883549,0.0109544340868028,0.0153050398379877,0.0137912941475409,0.0138572237655331
760,0.0078837181418582,0.0068525860316515,0.0063111197162579,0.006538887806985,0.0062010029119567,0.0061055144375999,0.0078769294810318,0.0088544976696459,0.0093370595627112,0.0097292499871487,0.0099185093481059,0.0091096907199245,0.0094779640561989,0.0099870892911433,0.0098124671069777,0.0106243494297455,0.0109476906631111,0.0102771538705488,0.0103994404554156,0.0106306920754205,0.0100817993886379,0.0102357432603827,0.0107687342648038,0.0102993927431426,0.0103291635744295,0.0103726668864809,0.0088461419032852,0.0090189968132238,0.0085243617245591,0.0104059725888875,0.0146779747012097,0.0132115657013856,0.0132637519866671
758,0.007161844463585,0.006225428247993,0.0057361179656709,0.00592455659031,0.0056206636092985,0.0056030290793267,0.0073507340161968,0.0083498023489597,0.0088837570229681,0.0092403031143569,0.0094313991876719,0.0086596010274864,0.0090337470356535,0.0095342380706493,0.0093124375561977,0.0100109642415909,0.0103429900211435,0.0097581706141807,0.009875689782419,0.0100825465141785,0.0095992194721918,0.0097193423738243,0.0101996920485477,0.0097812129932263,0.0098738696342574,0.0098645593063852,0.0085738941502744,0.0087477237676085,0.008339359359958,0.0101745205134874,0.0143162579837442,0.0130442196207042,0.0130612538596364
756,0.0062470845919556,0.0054186026385974,0.0049985447364871,0.0051618682880235,0.0049061516569382,0.0049274855254071,0.0067763444399802,0.0079545519259533,0.0085074077824098,0.0088828458218541,0.0090418281801054,0.0083633178960225,0.0087498599013606,0.0092150875788873,0.0089614632289545,0.0096046520007353,0.0099061738124699,0.0094154299393938,0.0095251389870383,0.0097002696028206,0.009287819640234,0.0093984292783572,0.0097932879316286,0.0094613776748015,0.0095687738346422,0.0095268545667497,0.0085773857918673,0.00874510529756,0.0083979392150204,0.0101641897460801,0.0142361950663774,0.013139967486751,0.0131361157374875
754,0.0051858565762141,0.0044327819523942,0.0040872656548148,0.0042582063220705,0.0040449111902748,0.0040606751368911,0.0060929653704658,0.0075517713702838,0.0081220135324129,0.008519445729035,0.0086425467653725,0.0080215643461161,0.0084459152688146,0.0088719735767914,0.0086222595226091,0.0092495125328195,0.0095020394518603,0.0090830111613246,0.0091758613659363,0.0093186179383903,0.0089690842870909,0.0090858076239671,0.0093948915848452,0.0091601403734558,0.0092290939535851,0.0091955039618071,0.0085452895922985,0.0087095508958365,0.0083686959459485,0.0100711217981694,0.0141582514315313,0.0130898261777407,0.0130941483778826
752,0.004385853529138,0.0036430997128988,0.0033279942773636,0.0035184190614478,0.0033187183021511,0.0032741674983639,0.0054526330413517,0.007158125823274,0.007761076543716,0.0081446063452203,0.0082434101331436,0.0075696523394134,0.0080609914363197,0.0084650176740382,0.0082546959951871,0.0089159753111407,0.0091605064518664,0.0087449518531727,0.0088275626641783,0.0089513266029168,0.0086326043786404,0.0087567392093808,0.0090569291478328,0.0088708652322296,0.0088743082544835,0.0089012015904247,0.0083364572740455,0.0084927374997266,0.0081264041239714,0.0097832208592209,0.0139141036878977,0.0127398937575941,0.0127658783281008
750,0.004298034148334,0.0034842285662242,0.0031067013001299,0.0032996412131849,0.0030726028869123,0.002907743457644,0.0050867030523798,0.0068421299579544,0.0074719077811783,0.0078385225326946,0.007907571713597,0.0071431187292237,0.0076973854180454,0.0081039054883294,0.0079583484316486,0.0087542904681698,0.0090662554620951,0.0085413047823523,0.0086425927360683,0.0087871372230286,0.0084319714344372,0.0085699865868381,0.0089936048604895,0.0087781588062524,0.0087207858507094,0.0088275517600468,0.0081438913252629,0.0082638111286262,0.0078852355284963,0.0095202875913094,0.0136731768940099,0.0123226632886407,0.0123573235072588
748,0.0049445431639127,0.0039760349071152,0.0034489187482666,0.0036393922285903,0.0033437347545731,0.0030304767029116,0.0050627555142746,0.0066562593070196,0.0072824846680665,0.0076752001971614,0.007700008603858,0.0069240413744527,0.0074962498298683,0.0079318078433921,0.0078555901021157,0.0089008169226678,0.0093166942490406,0.0085695943533982,0.0087138041635214,0.00893036743039,0.0084622427822626,0.0086435555603408,0.0092805415589731,0.009012255569495,0.0089041356110525,0.0090664537458844,0.0082554709926179,0.0083068587910522,0.0079322460008127,0.0095717933302107,0.0137119428500681,0.0121481895265417,0.012162101746755
746,0.0059610691334505,0.0047808877560399,0.0040790855577308,0.0042958987795891,0.0039018195926394,0.0034667860588009,0.0053172103645293,0.0067267717438042,0.0073208158125093,0.0077569732478095,0.0077520495049972,0.0070257091172945,0.0075643086206236,0.0080520987790314,0.0080155661318895,0.0093522371193765,0.0098336249852877,0.0088312532435075,0.0090123649792754,0.0093192977012737,0.0087113239218394,0.0089741009912983,0.0097950934277614,0.0095242735624707,0.0093632651631083,0.0095600462425762,0.0087386255303266,0.0087317007044155,0.0083234866140454,0.009982912248514,0.0140700538666219,0.0123300960923215,0.0122941990836822
744,0.0069706758881044,0.0055745346777823,0.0047384945720997,0.0050072832321045,0.0045118831094311,0.0039987820967937,0.0057460598062621,0.0071185634758471,0.0076667294968416,0.0081110768721628,0.0081157129545099,0.0074045802611017,0.0078826515964673,0.0084237722535679,0.0083800569359206,0.0099587022302631,0.0104386193046375,0.0092540134985799,0.0094477710442105,0.0098140895060543,0.0091055651322768,0.0094660648273048,0.0103669288812047,0.0101308658583135,0.0099167887376867,0.010159525538076,0.0093631780597173,0.0093529834117653,0.0088371954232144,0.0105114079484835,0.0145180478517189,0.012759377002545,0.0126616481728725
742,0.0077124679656709,0.0061421443230694,0.0052367332356567,0.0055424052201464,0.0049724469368976,0.0043934934555501,0.0061241362745832,0.0075624136327199,0.0080632712034515,0.0084963674177102,0.0085267533163012,0.0077981764607843,0.0082142056460999,0.0087785960547397,0.0087121377829686,0.0104531045535802,0.0109042310473151,0.0096415591287247,0.0098365392529807,0.0102196037985034,0.009454662943448,0.0099010650551142,0.0108195939494979,0.010572566733527,0.0103245428223379,0.0106249592865672,0.0097659279951711,0.0097926744855269,0.0091468456902114,0.0108230677426731,0.0147767639873453,0.0131693273855962,0.0130221385316259
740,0.0080270787645727,0.006348069823496,0.0054235804157596,0.0057243412134264,0.0051147794771372,0.004463825728624,0.0061897347511786,0.0076565278882855,0.00812207327467,0.0085827856771169,0.0086145152684901,0.0079171628850389,0.0082858866844262,0.0088331878614853,0.0087850805588932,0.0106202410278214,0.0110643947901158,0.0097741158229973,0.0099800229015941,0.0103632501363415,0.0095384585241385,0.0100480865626472,0.0110060412696395,0.010664375195841,0.0104164603159021,0.0107517013974024,0.0097438213499397,0.0097925599173834,0.0090916804386143,0.0107629756351673,0.0147300149516936,0.0132887294347691,0.0131172954135893
738,0.0079760144211527,0.0062636386192875,0.0053461423025655,0.0056096748428249,0.0049800354354376,0.0042848536609153,0.0059695323347936,0.0073955913439854,0.0078517958747479,0.0083780905219175,0.008384169697733,0.0077809930077411,0.0081313515762054,0.008636694297292,0.0086769284848717,0.0105344629852077,0.0109944717576625,0.0096845969926206,0.0099070288034052,0.0102958330373172,0.0093992140136044,0.009943248666398,0.0109731172468066,0.0105140260730931,0.0102961997348243,0.0106279381363289,0.0094640282433914,0.0095014588046798,0.0088498325523521,0.0105041015739835,0.0145016457969663,0.0130824062438118,0.0129084938047685
736,0.0078455277996317,0.0061647968895422,0.0052662879145873,0.0054837969231089,0.0048407603977353,0.0041713447435321,0.0058054891025294,0.0072044587556324,0.0076785098103679,0.0082418888482924,0.0082287834182759,0.0077129131293494,0.0080812499540414,0.0085384868342889,0.0087143438162448,0.0105144428033315,0.0109781591610816,0.0096839725128961,0.0098962628971326,0.0102984818839429,0.0093799145263673,0.0099130026267565,0.0109843168698894,0.0104805063510621,0.0102991921343486,0.0106153251382778,0.0093348182324507,0.0093641039470051,0.0087885576687397,0.0103988314939125,0.0143556298466518,0.0128064579373954,0.0126493379270401
734,0.0078338947181035,0.0062057594342304,0.0053327374483849,0.0055158246623292,0.0048747718608936,0.0042871075667497,0.0059145706205568,0.0073778898192956,0.0078790324815017,0.0084192617616112,0.0084142456825271,0.007932158303574,0.0083437284336938,0.0087581551113935,0.0090592820886872,0.010753746384217,0.0111946319048651,0.0099920109125276,0.0101438775535294,0.0105645571063533,0.0097204339026681,0.0101931850572306,0.0112389755534795,0.0107967085567003,0.0106274736328941,0.010946816926687,0.0096015283791342,0.0096529470304457,0.0090889085103437,0.0106387186826143,0.0144743253252776,0.0127311162449649,0.0126160767266358
732,0.007844434991409,0.0062374211968407,0.0053909930985188,0.0055721661205887,0.004962799014491,0.0044473759365387,0.0061296475787124,0.007765037876836,0.0082790604870963,0.0087871432823018,0.008802804732797,0.008312401989299,0.0087695075739597,0.0091590262416464,0.0095222211579721,0.0111199998959241,0.0115398501979493,0.0104832029068353,0.0105483349303746,0.0109851962054765,0.0102643505700605,0.0106671129362347,0.0116595734281414,0.0113315141521009,0.0111382642284914,0.0114774357786731,0.0101403248318067,0.0102173065612222,0.0096038566476164,0.011116962000943,0.0148345424665092,0.0128674184507866,0.0128119670509327
730,0.0077477627905309,0.0061197832078477,0.0052965950499178,0.0055216207754317,0.0049646909472313,0.0044604747845856,0.0062357805446238,0.0081121393811359,0.0086183578095164,0.0091407254826334,0.0091661327785605,0.0086333107942446,0.0091250875337998,0.0095164203378939,0.0098749897304966,0.0114137042769376,0.0118465221046292,0.0109201653068649,0.0109324613826815,0.0113615712932554,0.0107203671618817,0.0111025344074579,0.012065855411848,0.0118258781977414,0.0115994275154502,0.0119494278932973,0.0107037238168099,0.0107714556531762,0.0101295149085227,0.0116494538308224,0.0153134183272432,0.0130619040606597,0.0130481886757737
728,0.0076815366106721,0.0060268098567363,0.0052261620269399,0.0055213086310655,0.0050059177414929,0.0044576956619655,0.00632810373197,0.0084191248007283,0.0089135149032605,0.0094738278599358,0.0094973180451074,0.0088809897090107,0.0093991949226114,0.0098030999943236,0.0101471832549924,0.0116547733654548,0.0121281087298514,0.0112653309461323,0.0112945162261481,0.0116759665789294,0.0110406138258486,0.0114619167393614,0.0124189527180484,0.0122134453173082,0.0119879394080991,0.0123252526069619,0.0112175872685898,0.0112527799674256,0.0106500375296709,0.0121889325313901,0.0158330528220476,0.0132675383342484,0.0132485595349663
726,0.0078419632860164,0.0061882559200617,0.0054138920277394,0.0057549103358655,0.0052491187858316,0.0046450541050626,0.0065847853042871,0.0087533927809998,0.0092506224401046,0.0098111226703528,0.0098397620629874,0.0091341700610515,0.0096703637713284,0.010063252867532,0.0104395821857379,0.0119339012037121,0.0124399167119142,0.0115695709690926,0.0116571321432257,0.0119765704406987,0.0113171442410548,0.0117800537304568,0.0127269680348014,0.0125338956798906,0.0123525079928188,0.0126630740198925,0.0116845203191652,0.0117084561318196,0.0111770123680357,0.0127088771956614,0.0163224672698826,0.0135543529160749,0.0135041759327543
724,0.0081058661942463,0.0064795918934554,0.0057241811138901,0.0060521853954487,0.005534838551874,0.0049008588707441,0.0068723810148824,0.0089565454221399,0.0094657485083257,0.0099863544969575,0.0100370369661985,0.009306370774411,0.0098373807465675,0.0101863069310341,0.010620018987217,0.0121254671069215,0.0126324154408696,0.0117040469035821,0.0118347139312804,0.0121332725003416,0.0114512459483041,0.0119029160709544,0.0128452856280296,0.0126668170963077,0.0125335697290796,0.0128225240268796,0.0119326912807052,0.0119778337792476,0.0115047063920621,0.0130111409226377,0.0166177040796079,0.0138869436699981,0.0138329727834344
722,0.0081724750587674,0.006582691147177,0.0058106615273015,0.0060869155297182,0.005558020599276,0.0049352707224742,0.0069017370518835,0.0088294127816921,0.0093339606852584,0.0098386754523025,0.0099111197085957,0.0092368730498897,0.0097299396916584,0.0100388255808095,0.0104744021594192,0.0120203076621816,0.0124992303439675,0.011489849724162,0.0116293978138251,0.0119744664618723,0.0112483790232309,0.0116521819189028,0.0126281421759204,0.0124352191361287,0.0123132548252891,0.0125994538592239,0.0117423680673052,0.0118073836846646,0.0113868296466958,0.0128774192182893,0.0165616750138289,0.0140874508156656,0.0140733655445868
720,0.0080162354589613,0.0064574462331717,0.0056195262434388,0.0058582954920398,0.0053173179600002,0.0047429793605146,0.0066686868543745,0.0084744839217276,0.0089470893443311,0.0094996406611297,0.0095637496980881,0.0089689770647365,0.009413439157295,0.0097280121494538,0.0100827146655638,0.0116911555858665,0.0121301966741037,0.011045057889635,0.0111889518757657,0.0116150896439133,0.0108052918763394,0.0111860237758193,0.0122265985656617,0.011948681973209,0.0118050850072249,0.0121092834635055,0.0112189077572262,0.0112799508952219,0.0109182832689798,0.012397081970846,0.0162164790318291,0.0140694976286871,0.0140929962042136
718,0.0078547812501677,0.0063024533927239,0.0053800498525577,0.0056250845743396,0.0050555763118906,0.0045430121573805,0.0063979801157979,0.008162185321214,0.0086011296474293,0.0092249408165326,0.0092460951506699,0.0087023519897764,0.0091286783571649,0.0094889904381905,0.0097530374352981,0.0114276672689679,0.0118385959676922,0.010698774510588,0.0108706514093326,0.0113563986719693,0.0104645649244972,0.0108673544240198,0.0119533277849802,0.0115481805400501,0.0113864008662568,0.0117157879021661,0.0107482680362722,0.0108049762550642,0.0104640153898769,0.0119146493443883,0.0158285487603683,0.0139610865658898,0.0139727322544383
716,0.0076843340420045,0.0061024849956502,0.0051280523257195,0.0054078370380151,0.0047973715521823,0.0043220448206358,0.0061132474953723,0.0079378893015597,0.0083757295380434,0.0090266432692578,0.0090090311883631,0.0084923511583751,0.0089428733500378,0.009348941993793,0.0095847286372761,0.0112931782600366,0.011712767941447,0.0105402522032261,0.0107548783687249,0.0112483477636758,0.0103387790742028,0.0107659060734298,0.0118481414251243,0.0113593049726797,0.0112033766067129,0.0115442250246036,0.0104945450929242,0.0105807164547377,0.010172492823372,0.0116008751690268,0.0155353167923672,0.0139235005006664,0.0138884237846125
714,0.007280735916074,0.0056639273464153,0.0046842428338126,0.0049955945095001,0.0043614461011891,0.0038752536285895,0.00567205756799,0.0076715672666405,0.0081441694620446,0.0087588391179138,0.0087516088191792,0.0082490990523777,0.0087293426545201,0.0091628733503781,0.0094132249518467,0.0110838665819879,0.0115509311913421,0.0103774385783243,0.0106198894419856,0.0110741355758786,0.0102269139489709,0.0106437920630894,0.0116918826412035,0.0112058906510651,0.0110688826876658,0.0114032001149192,0.0102468749610379,0.0103961924796144,0.0098691324179579,0.0113262423611895,0.0152729371307674,0.0139872612632228,0.0139212255404587
712,0.0067450664837831,0.0051427299553594,0.0041705736907911,0.0044905368228954,0.0038682359097531,0.0033406039472003,0.0052292748412255,0.007440376952769,0.0079584411766771,0.0085058603235143,0.0085537351755326,0.0080374094977542,0.0085079774708604,0.008966676352349,0.0092229568949514,0.0107932888464187,0.0113068175860152,0.0101881513349644,0.0104195558814373,0.0108166272633496,0.0100750157671085,0.0104672992457165,0.0114774744954284,0.011037997726548,0.010915882508538,0.0112490893395136,0.0098941001464343,0.0101101125654036,0.0095108934862699,0.0110386202198805,0.0150381684148648,0.0141418950835844,0.0140803206988902
710,0.0066116001687285,0.0050762168521259,0.0040946554876704,0.0043977129425235,0.0038028458256946,0.0032493117250816,0.005235986457857,0.0075375706965477,0.0080899151425172,0.00857807071021,0.0086739272172049,0.0081111259819543,0.0085312157744535,0.0090218851999445,0.0092872735971134,0.0107699820754838,0.0112795195394842,0.0102703306461838,0.0104425551913393,0.0108041943710508,0.010165388778132,0.0105582036537779,0.0115271538632938,0.0111225433130063,0.0110094985926071,0.0113690846928027,0.009752529340399,0.0100068714317306,0.0094271247081653,0.0110026711814075,0.0150541509856373,0.0144255080410925,0.0143801493110908
708,0.0071823890412621,0.0056952256084326,0.0047055164434519,0.0049815142877243,0.0043921203065179,0.0038570991463743,0.0058417755907437,0.0080604024410381,0.0086306022915155,0.009085024773781,0.0091910250155347,0.0085612560906364,0.0089325031582946,0.009440611969626,0.009761645015177,0.0112352454007422,0.0116914398112866,0.0107942660893016,0.0108767000274255,0.011243865775579,0.0106821220378299,0.0110958710220448,0.01201481208366,0.0116405004565558,0.0115410661641038,0.0119364146828789,0.0101810801399656,0.0104259064579418,0.0099062646360351,0.0114747508361316,0.0155177720183304,0.0148064754360726,0.0147652921879925
706,0.0080580442310132,0.0065417863141775,0.0055816812088208,0.0058504774788441,0.0052287058851637,0.0047385306836974,0.0066198527814357,0.0087349402712854,0.0093056511981632,0.0097489787211623,0.0098606830066626,0.00912161697789,0.0094843311317075,0.0099760930849082,0.0103813819552207,0.0119040358354422,0.0123144497028497,0.0114694412216782,0.0114841534304736,0.0118717374194739,0.01135949767908,0.0117735980315771,0.0126514188911404,0.012337124101065,0.0122624127907833,0.0126588959477166,0.0110308196981823,0.0112189192766249,0.010731893220797,0.0122793041402946,0.0162648571071858,0.0150980007916651,0.0150519777037629
704,0.008585163441929,0.0069945289221115,0.006093640280099,0.0063933652377135,0.0057184691456826,0.005253466061496,0.0070477424741963,0.0092142063757044,0.0097646896606607,0.010205756224503,0.0103633463217337,0.0094316739646429,0.0098272546675905,0.0102890600611458,0.0107450699188655,0.0123118819962664,0.0127295657214887,0.0118610478823949,0.0118795520607228,0.0122664332702036,0.0117733429614844,0.0121574763438186,0.0130310441664034,0.0127849237648554,0.0127372743641416,0.0130902219900539,0.0117310947769525,0.0118468294610658,0.0113530129242883,0.0129080695855583,0.0168447813781403,0.0151326705122283,0.0150838002470461
702,0.0085406912480689,0.006904212161586,0.0060355166432463,0.0063831265434418,0.0056636548072123,0.0051743057901021,0.0070000117493098,0.0093525180276653,0.0098642115518234,0.010299669799376,0.0105224612376255,0.0093575977942802,0.0098025312101281,0.0102663564744844,0.0107281641547029,0.0123239874135593,0.0127855869188155,0.0118527118080276,0.0119306494538986,0.012312353429317,0.0117884079764188,0.012159210847784,0.0130692330202736,0.0128274127044424,0.0127885868340457,0.0130977300556517,0.0118655313889054,0.0119421620533157,0.0114262214131139,0.0129964080762491,0.0169247121740187,0.0149571905923685,0.0149031195864202
700,0.0081590944191489,0.006522435845363,0.0056209470621542,0.0059922462627603,0.0052549433261112,0.0047020948433205,0.0066511911547845,0.0091592605656354,0.0096242757850135,0.0100534277804729,0.010292520068825,0.0089918034453862,0.0094790665063233,0.0100023402218512,0.0104664939145172,0.0121075107074043,0.0126039744546302,0.0116192915008658,0.0117411162344489,0.0121656554133533,0.011543192141919,0.0119607437054813,0.0129224408280836,0.0125888963251518,0.0125270154128718,0.0128339630336309,0.0114961242322182,0.011586751816428,0.0110470351780603,0.0125939370390162,0.0165499696802613,0.0147394917548378,0.0146608014843704
698,0.0077424724421489,0.0061130063791441,0.0051433361098835,0.0055003255111232,0.0047706911139423,0.0041543049693616,0.0062035777506142,0.0087267731251191,0.0091526965598267,0.0095869656254773,0.0097668182297615,0.0085122083048837,0.0090208145956113,0.0096432260003082,0.0101189012296869,0.0118061288635542,0.0123135689598683,0.0113362151022017,0.0114503603716132,0.0119635565325262,0.011206684051736,0.0117056688148479,0.0127060764122165,0.012235823285503,0.0121273026499712,0.0124574002966952,0.010995387071045,0.0111224947665026,0.0105639591808859,0.0120476584824517,0.0160512236863076,0.0145660172432655,0.0144303085783921
696,0.0075309062473007,0.0058956090101038,0.0048869090871783,0.0052115099936784,0.0044994063645183,0.0038541240467675,0.0058969713179459,0.0083048700793041,0.0087221106139589,0.009169942622619,0.0092590913301992,0.0081606403265526,0.0086592512285626,0.009375447689764,0.0098491036921448,0.0115290627207918,0.0120405566031137,0.0111408263030603,0.0112371448678292,0.0118083153092588,0.0109691222452475,0.0115136805388553,0.0125290255690546,0.0119570819666602,0.0117996871427204,0.0121318930724547,0.0107510328553426,0.0108995610285978,0.0103419407945834,0.0117593025750465,0.0157966714244901,0.0144618110923914,0.014244854697769
694,0.0077257283808054,0.0060809564361576,0.0050915031378578,0.0053796815295072,0.0046826940559287,0.0040413126981816,0.005990939161822,0.0082295634897228,0.0086911480890379,0.0091348238845829,0.0091571814131096,0.008190896563722,0.008644322986855,0.0094058969863674,0.0098762412113527,0.0115010682259942,0.0120146217974538,0.0112088120645918,0.0113218945928607,0.011870443393372,0.0110666500978262,0.0115899914043397,0.0125987564394061,0.0120030246249173,0.0118073649245297,0.0121130572831867,0.0109600938796372,0.0111215547457457,0.0105885456000199,0.0119656051739728,0.0159800600576525,0.0145125035547284,0.0142320960735224
692,0.0082841394996951,0.0066217157320239,0.005674946828706,0.005918432095636,0.0052397623490239,0.0045984829889793,0.0064721760958827,0.0085983389485346,0.009148425369457,0.009550759248782,0.0095453041353581,0.0086428500515651,0.0090301653914235,0.0097681243680679,0.0102765096322692,0.0118711810511228,0.012369441524439,0.0115918199566908,0.0117284085825341,0.0122214256255716,0.0115328389905597,0.0120096865306254,0.0129916007898087,0.0124472134589089,0.0122266673578459,0.0125165527303194,0.0114913895675779,0.0116892300166702,0.0111827334787309,0.0125599339800503,0.0164958341345335,0.0147759429566912,0.0145064868384802
690,0.0088229637605627,0.0071275792325526,0.0061895804562166,0.0063915861903927,0.0057445880730274,0.0050793010315341,0.0069889335560745,0.0091471598491185,0.0097798694088283,0.0101213377791806,0.0101149177492273,0.009254464269297,0.0095892410645968,0.010240721451898,0.0108196180228248,0.0124351100320846,0.0129060045496474,0.0120750726300979,0.0121884154714644,0.0126593690476924,0.0120639929945127,0.0125224648301341,0.0134571064486267,0.0130132090784929,0.0127876807662734,0.0130967278455252,0.011988186463091,0.0122404021547505,0.011736707978963,0.0131651236842098,0.0170267034200929,0.0151265823610061,0.0149554520813699
688,0.0090214632042965,0.0073171472681821,0.0063374290295281,0.0065310159499732,0.0059209404864732,0.0052446476739773,0.0072823376224134,0.0095761549499211,0.0102403597671462,0.0105411333626952,0.010547486399516,0.0097380241914974,0.0100721226111418,0.0105963802506762,0.0112204967388524,0.0128463930795025,0.0133229503865732,0.0124228056944961,0.0124769715415208,0.012940293300355,0.0123710653303021,0.0128404702793826,0.0137221570593834,0.0133869718086363,0.0131793623239727,0.0135121426078978,0.0122451644302069,0.0125204845836698,0.0119819460291921,0.0134959021968835,0.0173416234244889,0.0153744485275201,0.0153289056470185
686,0.0090117567556125,0.0073694990449976,0.006341930401981,0.0065514322325574,0.0059699906690399,0.0053453125522651,0.0074695536944925,0.0098709196677421,0.0105194202921783,0.0108189465653337,0.010834153172586,0.0100660623789153,0.0104599497114659,0.0108459728235678,0.0114736573624259,0.0130579801862009,0.0136078702567981,0.0126691574709062,0.0126849434142389,0.0130896687221239,0.0125256211256859,0.0130058728453504,0.0138581228281248,0.0135921371478742,0.0134078953652346,0.0137189468556162,0.0123948574570276,0.0126392048758962,0.0120130994543764,0.0135867164279435,0.0174815079370063,0.0155059904227793,0.015540751527718
684,0.0091104058930101,0.007554625375615,0.0065336763751261,0.0067226604503916,0.0061739539367442,0.005635328300615,0.0077073616460768,0.0101694783196457,0.0107829799580366,0.0111062536171609,0.0111103757169908,0.0103542619825675,0.010821887514462,0.011104045908978,0.0117230439595188,0.0132678053604469,0.0139171158717286,0.0129381484278676,0.0129500489305047,0.0132489354288754,0.0127135842871252,0.013205397130386,0.0140626781103404,0.0138022519437755,0.0136284700531292,0.013864597165224,0.0125725296028158,0.0127783790857451,0.0120079901642706,0.0135674663463817,0.0175630975754694,0.0156040633492649,0.0156776898135235
682,0.0093157887809027,0.0077535483475936,0.0068070433311658,0.0069106731576937,0.0064165838165256,0.0059031196151811,0.0078434929391778,0.0104225723946505,0.0109851062758339,0.0113355193856032,0.0113245583158565,0.0105488343277238,0.011031252503969,0.0113084981848873,0.0118877075869133,0.0134661369251342,0.0141447034098587,0.0130947133333804,0.0131071600098973,0.0133318238739887,0.0128177074274096,0.0133453248331342,0.0142165829650537,0.0139155384585898,0.0137510729365901,0.013913718967303,0.0125746407971681,0.0127864945894383,0.0118663914754505,0.0133621172810178,0.0174815765427128,0.0155653743495125,0.0156940405565835
680,0.0093997452106992,0.0077037256125866,0.0068565153574793,0.0068706622078728,0.006418604923115,0.0058351652146355,0.0076849422873401,0.0103955784347521,0.0108938251241019,0.0112631584241129,0.0112722717291017,0.010444477440784,0.0108580115993967,0.0112733833390901,0.0117236557242147,0.0134040738750313,0.0139916291426877,0.012892323595037,0.0129127513167249,0.0131524685439509,0.012589532966184,0.013165992500542,0.0140348551067014,0.0136800173639004,0.0135422693308698,0.0137138494517247,0.0121493444867328,0.0123875295868234,0.0114093984365195,0.0128530798782108,0.0170309239240051,0.0151861584656906,0.0153819535648606
678,0.0093563617312938,0.0075193408888123,0.0067379120246181,0.0067378138048476,0.0062477670336344,0.0055887452777672,0.0073971520783043,0.0100201416682223,0.0104908643101763,0.0108579784684009,0.0109256268820094,0.0100365366536757,0.0103544858501265,0.0110033605641034,0.0112764220735795,0.0130610532069634,0.0135019037247904,0.0124360282809793,0.0125037770194915,0.012840325628338,0.0121440850232999,0.012738150202905,0.0136046224195928,0.0132029280217575,0.0130835976308979,0.0133843127785606,0.0115329380515184,0.0117424815288851,0.0108484432037565,0.0122776027685195,0.0163458897245723,0.0145945916510847,0.0147789817459044
676,0.009411256030315,0.0075696479514524,0.0067873668204584,0.0068416730043226,0.0062479558932857,0.0055956797709012,0.0073276052541289,0.0096104971225469,0.0101323774972325,0.010465662562814,0.010573417676545,0.0096757134510144,0.0099437205230155,0.0107776469176159,0.0109792319510485,0.0128074744823671,0.0131688670177244,0.0121832267887783,0.012311549860592,0.0127864330483196,0.0119239973032229,0.0124919104583244,0.013392899410987,0.012956528112057,0.0128013797569783,0.0132843719147282,0.0113232511328235,0.0114300804335198,0.0106984252861905,0.0121366693277023,0.0159634373140114,0.0142963327990611,0.0143470298812232
674,0.0096325269811715,0.0079198773804062,0.0070703347822625,0.0071853414098273,0.0065392420294177,0.0059154099002892,0.0075426198640055,0.0095852470290876,0.0101729500185261,0.0104592665563087,0.0105283922829345,0.0097110709193978,0.0099731257581281,0.0108251017918014,0.0111390950958686,0.0129296257488126,0.0133244999696175,0.0123820641926483,0.012511230818689,0.0131209346219641,0.0121266674678749,0.0126566974066635,0.0136328169717612,0.0131655572736518,0.0129382381661746,0.0135332743678125,0.0117395346283034,0.011738437052864,0.0111407529729826,0.0126080330791725,0.0162333207020325,0.0145667312520463,0.0144501991435153
672,0.0099022201748012,0.0083302021086697,0.007374502864893,0.0075455083895148,0.0069678360086643,0.0062646387905366,0.0078826811450186,0.0100758921206129,0.0106243262873725,0.0108908459497993,0.0108334960218684,0.0101502271522038,0.0104000427262897,0.0111054317878766,0.0116345954422884,0.013332011123917,0.0138170212803942,0.0128590156066637,0.0129294208327385,0.013617251754897,0.0125635499521185,0.0130552658343427,0.0141225418529843,0.0136036253424552,0.0133404175557369,0.0139217727695904,0.0124500552525279,0.012400541526804,0.0118688545635703,0.0133889703373364,0.0169514040848414,0.0151482122240983,0.0149351481044977
670,0.0102218939841471,0.0086863725239502,0.00765667387252,0.0079088889911777,0.0074296407819405,0.0065386424863679,0.0083141291171182,0.01087857176107,0.0112604373715752,0.0115472678599633,0.0113292605459675,0.0107579695519185,0.0109857826584545,0.0114696174452886,0.0121958145570542,0.0138126702131229,0.0143790326924039,0.013379867577392,0.0134277546419031,0.0140859067989606,0.0130508932090342,0.01347708934191,0.0146381813335096,0.0140246044661254,0.0137896294588914,0.0142842566376315,0.0130874999724868,0.0130430201644532,0.0125338289152495,0.0140835801707251,0.0176521079152103,0.01566679843076,0.015427780399412
668,0.0107139017867071,0.0090783349297704,0.0081014651091675,0.0084299904796295,0.0079067317028244,0.0069075714302523,0.0088893902425128,0.0115836263548449,0.011834317366953,0.0121206635689984,0.0118354188078011,0.0112869691179093,0.0115491612040325,0.0118552955317817,0.0126891032939461,0.0142921209931796,0.0149259490424883,0.0138866906559244,0.0139978191766234,0.0145452333810844,0.0135697964708925,0.013918734356789,0.0151560807241602,0.0144408206311539,0.0142402212065704,0.0146578743815053,0.0135661319425553,0.013535512355967,0.0130378967576704,0.0144953684939068,0.0180332831483002,0.0160684542117245,0.0158046385694691
666,0.0112431413662211,0.0094675784343268,0.0086399713793828,0.0089593876124766,0.0082667175722102,0.0073617346441162,0.0094028155487668,0.0118890474458294,0.0122182207825472,0.0124172710423645,0.0122721411751799,0.0116404214458598,0.0120187143054006,0.0122692404083767,0.0130869856503774,0.0146887603159021,0.015399099993355,0.0143464273790466,0.0144774241494828,0.014985033208502,0.0140384920394618,0.0143818459681937,0.0156299440401682,0.014891886510263,0.0147072918857922,0.0150363240576608,0.0139272536749272,0.0139195453413964,0.0134375529166168,0.0146751569095152,0.0181694146746167,0.0165103737360999,0.0162183950514075
664,0.0115115431321384,0.0096852192887125,0.0089189223003458,0.0091727508153838,0.0084086437244982,0.0076335237953116,0.0095829648177569,0.0118889957781762,0.0124043254167063,0.0125106604733472,0.0126328481294312,0.011842879475846,0.012343477462151,0.0126376036320746,0.0133296697884588,0.0148760733570791,0.0156402923034675,0.0146326780220983,0.0146324663519829,0.0152654238846789,0.0142891206951128,0.0146908628758433,0.0159143327236764,0.015238666788704,0.015118999000586,0.0152803663123256,0.0141294219015268,0.0142014953023266,0.0137173700838653,0.0147605517100051,0.0182409901554916,0.016878715054951,0.0166231434815993
662,0.0115442485962495,0.009773396769786,0.0088797045067778,0.0091296567094294,0.0084668040399031,0.0076906688542974,0.0094991290040581,0.0117717842460803,0.0123798338900674,0.0125345339581384,0.0128395824692509,0.0118773209563864,0.0124547487531743,0.0128390250242125,0.0133845441893068,0.0148779412136711,0.0156313071603472,0.0146826131084539,0.014532336254609,0.0153713259709305,0.014329431848965,0.0147326671457987,0.0160289149553326,0.0154263379416368,0.0154208971086052,0.0153911005785152,0.0141562525883202,0.0143672330789017,0.0138081671787286,0.0148038016118407,0.0182450412628472,0.0169245230253839,0.0167654293849174
660,0.0115533307233179,0.0098658617645177,0.0087418467720279,0.009077723400877,0.0085671578591139,0.0076950274083512,0.0093569487969905,0.0116017542058176,0.0121622122384227,0.0125600646743824,0.0128207281944755,0.0117680056450429,0.0123651621654983,0.0128584167170907,0.0133392189585246,0.0148912816218138,0.0155752981846762,0.0145829429550334,0.014458319227774,0.015452191405694,0.0143109487485746,0.0146147928932506,0.0161574730655617,0.0155771996925574,0.0156338602733875,0.0155275575082904,0.014103588672284,0.0144529302565275,0.0137099576948932,0.0148243920594342,0.0181943074120931,0.0167165563306674,0.0166329047294721
658,0.0116346373390897,0.0099648527995186,0.008687144451301,0.0090952682777873,0.0086644720707505,0.0077260831249478,0.0093121646132354,0.0115324451682424,0.0119679027214606,0.0127156120131376,0.0127478116140955,0.0117740735398662,0.0122809314609083,0.0128654187526743,0.0133886311741224,0.0151174723062782,0.0157082355693245,0.0145411241773723,0.0146205867450993,0.0156399859542934,0.0143622950074521,0.0146058705914555,0.0164233725932623,0.0158166840803184,0.0158177769819573,0.0158150554134214,0.0141280837517371,0.0145426434414569,0.0135654606029081,0.0149161942666917,0.0183173128420496,0.0166475665692161,0.0165781850462644
656,0.0117642999855482,0.010021587004698,0.0087475288548328,0.0091286400783093,0.0087140624488341,0.0077887444731814,0.0094852352735159,0.0118057883574273,0.0120953915072334,0.0131193581575248,0.0129595948365499,0.0121944988453793,0.0124623161177411,0.013063330868995,0.0136600908665695,0.0155466195004909,0.0160348236577427,0.0147408252422005,0.0149777633982982,0.0159169179798911,0.0145330052221678,0.0149322440243905,0.0167456439009579,0.0161282834180496,0.0160706754982891,0.0162137172478195,0.0143417605333224,0.0147176795395698,0.0136151127575577,0.0151998457910491,0.018823738564965,0.0169462852979043,0.016898563618395
654,0.0119647046767939,0.0101198807873893,0.0088901296359704,0.0092302798017457,0.0088334653846918,0.0079551101443887,0.009880871969584,0.0123654085897865,0.0125098936171396,0.0136287526692466,0.0134652847080726,0.0128880626125547,0.0128895280684696,0.013399678505941,0.014052486356086,0.0159934019158468,0.0163619099709033,0.015177022843162,0.0153636593272769,0.0161894987415846,0.0148471898778337,0.0155300054427196,0.0169876558332115,0.0164274735405859,0.0164642361613179,0.0166005281998537,0.014742251831802,0.0150194838328307,0.0139742861302847,0.0156713707122766,0.0195378158147763,0.0173277185019098,0.0173909546981974
652,0.0122974119975218,0.0103611796846466,0.0090865993260264,0.0095268418264816,0.0091113471775873,0.0082806315037172,0.0103029431842682,0.0128441133361541,0.0129115947467195,0.0139279993130091,0.0138974923966825,0.0133821090944903,0.0133184609852588,0.0136497574336573,0.0144078184740541,0.0163512085617484,0.0166157085454708,0.0156951975515239,0.0157554998783789,0.0164184949172935,0.0153089926500804,0.0161056034224701,0.0171568838796793,0.0167153246098705,0.0169318847835685,0.0169281050481298,0.0152281895139377,0.0154208037708943,0.0145140266195987,0.0161553757570631,0.0200896147843049,0.0174911334801998,0.0177012715195338
650,0.0127148749238725,0.0106494906742469,0.0092736074342763,0.0099828579082509,0.0094185894569534,0.0086168615889102,0.0104978321695121,0.0130208751419977,0.0131770066553349,0.0138876557453968,0.0140385594429514,0.0134621423692695,0.0136129630615843,0.0137590722542348,0.0147164218768628,0.0166294067194623,0.016879255241998,0.0160960346709243,0.0162165078632993,0.0165939733204042,0.0158099642778376,0.0164164231784943,0.0173100425939719,0.0170190427006048,0.017298345730239,0.0172062350433014,0.0156440202173696,0.0158128507311771,0.0149940867347018,0.0164347945827202,0.0203370222522859,0.0176192466032687,0.0178607582077639
