Wavenumbercm-1,0.00e+00 M,1.30e+01 M,8.68e+00 M,6.51e+00 M,5.21e+00 M,4.34e+00 M,3.47e+00 M,2.60e+00 M,0.00e+00 M
3000,-0.00029046817350212,-0.00094055895862795,-0.0015122744029271002,-0.0022437562960891002,-0.003066603224257667,-0.0034778946024797666,-0.004260803405814033,-0.004982914524401333,-0.0016786808869193749
2998,-0.0003084643290802656,-0.0008135253514552749,-0.0013319913603622,-0.0021875584258571664,-0.002977398873430634,-0.0033461999459664664,-0.0041790763055886,-0.004842810557103234,-0.0016004217689337753
2996,-0.0003302641567418256,-0.000683352265140075,-0.0012565131411142,-0.0021337083599619667,-0.0029364553016471336,-0.0032647529316951,-0.0041608493813753335,-0.004737843536071766,-0.0015298086451124
2994,-0.0003571909911793359,-0.00053902721916825,-0.0012557956900346502,-0.002046089305287033,-0.0028927606366813668,-0.0032009678584171,-0.004147953588461933,-0.004664288609286366,-0.0014546288057782502
2992,-0.0003911376599205332,-0.00040434809562169265,-0.0012470755157292998,-0.0019327709139204668,-0.002785951129515967,-0.0031187044383636665,-0.004083007454894334,-0.004590652237255767,-0.00133918963975245
2990,-0.00042432229840462,-0.00029751663619086643,-0.00117464860042795,-0.0018389753129583002,-0.0026224464809614,-0.0030271009874131,-0.003963050828369333,-0.004492719732272767,-0.0011875278012735
2988,-0.00044113113442452,-0.00020293687568635,-0.00106000685653195,-0.0018087010391991999,-0.0024702272677704002,-0.0029607056379710333,-0.003835354189530033,-0.004387383177411532,-0.0010695446914046499
2986,-0.00043411969418158,-0.00010848582524577969,-0.0009566904078027,-0.0018301515998527,-0.0023718049895094,-0.0029191268765228,-0.003742957740101966,-0.004303320126775033,-0.0010527904662824001
2984,-0.00041324944547600626,-3.757108263988282e-05,-0.0008926682728693999,-0.0018410002446678335,-0.0023076611173104,-0.002872182280805,-0.0036908554989152,-0.004236692509111933,-0.001123740691689125
2982,-0.00039681413978200975,-8.005132216000005e-06,-0.0008713117716146999,-0.0017968060804566665,-0.0022525329201676,-0.0028085186822573997,-0.0036571269206839333,-0.0041699944372086,-0.0011982797712008998
2980,-0.00039454953082727277,-1.8555448026000076e-06,-0.0008895888604959,-0.0017107382051086333,-0.0022085111384820334,-0.0027413655763319,-0.003628098785855467,-0.004114048125181233,-0.00121027105247165
2978,-0.0004064000166664826,9.989041723274997e-06,-0.00092512268373065,-0.0016195223123795,-0.0021667118439246333,-0.0026719165029508666,-0.0036015757952184333,-0.004086116594593233,-0.001152541314757775
2976,-0.00043034233324022004,2.874175946111997e-05,-0.00093951270507955,-0.0015476207520321334,-0.0021057222240017,-0.0025927469394865666,-0.0035760131473458,-0.004077397950663566,-0.0010484817554421502
2974,-0.00046101409214312,3.8572931397382244e-05,-0.0009105270297665999,-0.0015014920670591667,-0.002038298374851767,-0.0025227483313339334,-0.0035567055057436664,-0.004067260751055767,-0.0009348967382045001
2972,-0.00049276587572248,6.341009319257901e-05,-0.00083615862260575,-0.0014643124760973334,-0.0019940929855247337,-0.002481718073301067,-0.0035286022827053,-0.004025528745828133,-0.0008326302563406748
2970,-0.0005233901563553234,0.000137676815089771,-0.0007435088307096501,-0.0014223454827314,-0.001976533340466633,-0.0024627103017128,-0.003457272655232333,-0.0039321587412346,-0.0007395541178503498
2968,-0.00054602831896502,0.0002083338240783005,-0.0007080100643121999,-0.0014057529167242333,-0.0019864333743553333,-0.0024786066269483335,-0.0033645595247881,-0.0038348352019128332,-0.0006810166425957002
2966,-0.0005476567510737799,0.00015965949373768744,-0.0007971525864574501,-0.0014614863498549667,-0.0020466114616702,-0.002578331035823767,-0.0033464593065447,-0.0038328774608381,-0.0007089221169500751
2964,-0.00052875693270472,-2.554241664812035e-05,-0.0009691153031748999,-0.0015777834096948667,-0.0021547499294115,-0.0027562891559800664,-0.0034582244368097,-0.003955029943980833,-0.000811509687132425
2962,-0.0005104009166457,-0.000212716293022175,-0.00108996084722445,-0.0016885845549307668,-0.0022537832724258,-0.0029060972611043,-0.0036331740656359666,-0.0041132668297805,-0.0008934011643844
2960,-0.0005097219371328401,-0.0002659237911098,-0.0010869676734384,-0.0017495735657417331,-0.002291916936661134,-0.002933501989025733,-0.0037570534892632664,-0.004209292860608367,-0.0008855303403493749
2958,-0.0005192885377155599,-0.00020261882444809994,-0.0010431326513626999,-0.0017811055137764997,-0.0022975246748709334,-0.0028754737833373667,-0.0037921787562395664,-0.004244501417566733,-0.0008258853386463749
2956,-0.0005194964699850801,-0.00013670361722042465,-0.00106860061301905,-0.0018131792921105335,-0.002319341845871933,-0.0028329246238746665,-0.0037740020828569663,-0.004271866939336667,-0.0007800819644168751
2954,-0.0005053962559248,-0.00013975389015749635,-0.0011621166455379,-0.0018496368792301333,-0.0023508168491002,-0.0028465161201982666,-0.0037475694436707673,-0.004312500251541567,-0.0007568413222276499
2952,-0.00048879157235498,-0.0002199151390585,-0.00126059747603625,-0.0019136448724842,-0.002397447496685833,-0.0029112891285068,-0.0037696185429570337,-0.0043820119090775,-0.000745735669951325
2950,-0.00048158821802900406,-0.00035810947042377975,-0.0013375166820255502,-0.0020305125134569336,-0.0025124180744355,-0.0030314701579175663,-0.0038759815339147667,-0.004504321388684633,-0.0007466351608112501
2948,-0.00048683145288049647,-0.000505092860156275,-0.0013976735889267501,-0.0021595714109469335,-0.0027046111478958666,-0.0031996938143378,-0.0040248019498152,-0.0046653262870036336,-0.0007424546389987
2946,-0.0005034366349949838,-0.000571666529673675,-0.00141813588163555,-0.0022023698329923336,-0.0028656219100648334,-0.0033487858272037998,-0.0041096507648523,-0.0047792874360927,-0.00067711035512155
2944,-0.0005313067862913882,-0.00048594679465767496,-0.0013642595529343,-0.002110508691193767,-0.0028610896153661333,-0.0033905015695286666,-0.004062817673199467,-0.004753402246869934,-0.000512372261157025
2942,-0.00056684659419434,-0.0002760753981629959,-0.001258112534157,-0.0019502869614609333,-0.002689692359064966,-0.0033049957857155337,-0.003926805201575266,-0.00458839167412,-0.00029062201480814997
2940,-0.0005979023310818999,-7.243033472110729e-05,-0.0011827618502630501,-0.0018455413032044665,-0.0024972921064284333,-0.0031741193675500668,-0.0038185727783410666,-0.004402791211544933,-0.00012060109046132996
2938,-0.0006119421228337,1.2242649346100025e-05,-0.0011875792991868999,-0.0018588407682904335,-0.0024064752354644,-0.003102555495562634,-0.0038059056841902336,-0.0043122734793586,-8.153931858937574e-05
2936,-0.00060434083966962,-2.3896675364400014e-05,-0.0012412189988513498,-0.0019480296691298333,-0.0024097809628403333,-0.0031243789624030333,-0.0038618343593168,-0.0043313106638357335,-0.0001658959691635824
2934,-0.00057922347784836,-0.00011017735192700765,-0.0012895173548445999,-0.002032474518897933,-0.0024500280122512,-0.0031995896689248,-0.003939968684926367,-0.0044140684117602,-0.00031157291588702473
2932,-0.0005468243856428599,-0.00019081789878254164,-0.00131033197886845,-0.0020688759313463334,-0.0025053750007561666,-0.003263090540391867,-0.0040208834378493334,-0.004512792576154333,-0.0004507060050274001
2930,-0.00051910472897436,-0.000266400870487875,-0.0013186297025467,-0.0020797436560731,-0.0025758392409580668,-0.0032880912408286,-0.004099792739028267,-0.0045983876828281,-0.0005479613975170501
2928,-0.00050296081891886,-0.00035679532397695,-0.00133905587652695,-0.0021136967969392,-0.002640824653670333,-0.0033100268618078,-0.004166540365693233,-0.0046621511366074,-0.0006195427899873001
2926,-0.00049608785925304,-0.0004542629614835168,-0.00137982332075805,-0.0021761653457434667,-0.0026784767589053,-0.0033769456758329336,-0.004210404905113766,-0.004707931913945467,-0.0007091139550975003
2924,-0.0004882006662964,-0.0005237772058921499,-0.00141887968428935,-0.002209765982383,-0.0026962466362464334,-0.0034716964313646665,-0.004225998564997766,-0.004737536587193867,-0.00083492012408795
2922,-0.0004670866785346468,-0.0005285639642174835,-0.0014061248358002,-0.002160858081133,-0.0026923149631535997,-0.0035020659738986336,-0.0041944500623799005,-0.004730599697475334,-0.0009671692027823002
2920,-0.0004309841647723367,-0.000461050915787675,-0.00132757699885905,-0.002063759660251833,-0.002653923936270066,-0.0034212932267069004,-0.0041142030596527665,-0.004677978233160866,-0.0010717026945385
2918,-0.0003960200084383766,-0.000340780979077275,-0.0012325754354376999,-0.0019969094008428,-0.0025856153583462666,-0.0032895779098523668,-0.004016707804077767,-0.004600441447784399,-0.0011417953825041999
2916,-0.00038379462316839673,-0.000185776424279675,-0.0011513445179171002,-0.0019596081048162332,-0.0024871332418646666,-0.0031609952805766,-0.0039117677133884,-0.004499009077277,-0.0011699408916896002
2914,-0.00039973464347231,-1.9827366814937473e-05,-0.00105974285916235,-0.0018854588236373333,-0.0023481125030009667,-0.0030177754805421667,-0.0037790132835827665,-0.0043547073172056,-0.001133962045051375
2912,-0.0004290554625637767,0.000107826467964725,-0.0009568342924295,-0.0017638889703715,-0.0021913834914803,-0.002855513143029233,-0.0036208577683023665,-0.004187420118811566,-0.0010334977806605496
2910,-0.0004523083285025833,0.00015402365706797085,-0.0008993305420148499,-0.0016573449539087667,-0.002078084602603067,-0.0027347171260061667,-0.0034780295921185665,-0.004058183626066733,-0.0009164381272272752
2908,-0.00046179928390459,0.0001308715024166875,-0.00092107287712105,-0.0015992249298265333,-0.0020457926543977,-0.0027034061989717004,-0.0033901517446520996,-0.0040014175419799,-0.0008416194277281749
2906,-0.00046305270788805995,8.677114775583746e-05,-0.0009695475559019,-0.0015550094852330332,-0.0020635861266977335,-0.0027228208152732664,-0.0033568417890503664,-0.003979407198899133,-0.0008207873521403996
2904,-0.00046208771447349997,4.675271493359581e-05,-0.0009718346759385499,-0.0015058455252580335,-0.0020808657895151667,-0.0027269482096730336,-0.0033544447740226665,-0.0039435281279448,-0.0008293556996836
2902,-0.00045914831347403995,3.6972644932416416e-06,-0.000934764384477,-0.0014934972459162664,-0.0020950284880003668,-0.0027175215033956,-0.0033708545293814666,-0.0039094479262549,-0.0008520510154118501
2900,-0.00045553253353842,-4.715062341315002e-05,-0.0009301614444389499,-0.0015497346445293003,-0.002130148154940033,-0.002740304105133033,-0.0034052894306186667,-0.003923077979972866,-0.0008862379122069501
2898,-0.00045615477227584,-0.00010726260521490834,-0.0009975329033276,-0.0016402270894620666,-0.0021785210704792332,-0.0027994242510274,-0.0034569982368749335,-0.003981257993557867,-0.0009180432729765749
2896,-0.00046133166552122,-0.00019370545145165,-0.00110596425240225,-0.0017150025447719667,-0.0022070697181237,-0.002852404560130433,-0.0035242490249176336,-0.004034898004379266,-0.0009272228878961002
2894,-0.00046407375813596,-0.00030626196898042503,-0.0011999652154956499,-0.0017639559489485666,-0.0022073063023083333,-0.0028710300098075997,-0.0035928030186426,-0.004052290651121167,-0.0009092004559847752
2892,-0.00046003337348542,-0.0003877369628507,-0.001242110615041,-0.0017922645356826,-0.002196159612321367,-0.0028575959598640664,-0.0036251877110453335,-0.004038579188509966,-0.0008750070862413001
2890,-0.00045523086275118,-0.0003766608772603,-0.00122422705732855,-0.0017902380790680331,-0.0021765387133176666,-0.0028173408222963,-0.0035886498079389004,-0.004002801109840166,-0.00083338729501015
2888,-0.00045692465285575995,-0.00029019134793274997,-0.0011672006302571002,-0.0017555203580159335,-0.0021402876731920666,-0.0027548020043882335,-0.0034977109645805,-0.003943619841120834,-0.0007928695794688749
2886,-0.00046255006468308,-0.000199560471635375,-0.0011061169936866502,-0.0017044874454968668,-0.0020996161898845667,-0.0026884990285718333,-0.0034028619882828,-0.0038696296194584002,-0.0007690186937167247
2884,-0.00046571182995876,-0.00013187156432440834,-0.0010588364728537,-0.0016411773645670334,-0.0020733042267285667,-0.0026377835162762,-0.003334120838200267,-0.0038025474567988334,-0.0007638935734934998
2882,-0.0004679116241063732,-5.938242360616655e-05,-0.0010164327802528999,-0.0015574947342157335,-0.002050644183045567,-0.0026034673751502003,-0.0032864431208282662,-0.0037555125857004334,-0.0007510477090010753
2880,-0.00047479444255104,1.4515526544908416e-05,-0.0009746496272201,-0.0014819368796410001,-0.0020114881371238666,-0.0025852693967628334,-0.0032620202896673,-0.0037289779888247665,-0.0007083158869994499
2878,-0.00048453957840059996,3.4882142204729094e-05,-0.00095291741535435,-0.0014765143531819001,-0.0019735065567494663,-0.0025974328238782666,-0.003280337208760533,-0.0037234157751333667,-0.0006546197078081998
2876,-0.00049031136181274,-1.9664756746099995e-05,-0.00096715436900355,-0.0015547833449435003,-0.0019769052190891333,-0.0026410471130254996,-0.0033311217110114665,-0.0037367244243798666,-0.0006249830271817003
2874,-0.00049312221877746,-0.00010861775485258743,-0.00101104910407935,-0.0016557277836467665,-0.0020302811139631667,-0.0026873408124462334,-0.0033687541302593,-0.0037591473325381,-0.0006208968520990501
2872,-0.00050179917302972,-0.000212045814223025,-0.0010852594974059,-0.0017300022567758998,-0.0021118312745828,-0.0027181163918113664,-0.003379522733504,-0.0037901284399108333,-0.0006172256754788499
2870,-0.00051777023136108,-0.00037068559624613747,-0.0012109473063038,-0.0018005262777846332,-0.002215291068310967,-0.002761888687464433,-0.0034102605948496665,-0.0038490728900459673,-0.00060792363014425
2868,-0.00052955027585728,-0.0006075462592016,-0.0013863260405135,-0.0019061853320148,-0.0023517671857242336,-0.002859706689083167,-0.0035063329181165333,-0.003949938278603067,-0.0006133137080210252
2866,-0.0005268365423187199,-0.0008690628980585,-0.0015654708183900998,-0.0020365832320280333,-0.0025059622431636,-0.0030073299661247336,-0.0036532513926758998,-0.004074532013786668,-0.0006399682187508749
2864,-0.00051101684860872,-0.00109501050064405,-0.0017136425061904,-0.0021718891215477,-0.0026374898395536335,-0.003166049581548967,-0.0038087938456949667,-0.0041959828792950335,-0.0006744544463252503
2862,-0.0004898421197222799,-0.0012951070214083501,-0.001856850551755,-0.002337850980265533,-0.0027356820054287,-0.0033131835862111668,-0.0039581294344464,-0.004316611722556966,-0.0007180911806776003
2860,-0.00046952117383998,-0.001507334371854825,-0.00204052318723645,-0.0025618524184741,-0.0028349329901774002,-0.0034462275860196,-0.004103210140231533,-0.0044538126770960335,-0.0007891384090850753
2858,-0.00045444404638796,-0.0017212321714361,-0.00225513679163415,-0.0028054494246940666,-0.0029632680057338004,-0.0035573606391821667,-0.0042306892009240996,-0.0045996364259592,-0.0008868949689098502
2856,-0.00044614199413839996,-0.0018921088785317502,-0.0024415056273506,-0.002994882130764933,-0.0031062626516012003,-0.0036425186807514,-0.004328943276385434,-0.0047237279354095,-0.0009908651362549752
2854,-0.0004384323097501201,-0.0020028164670195248,-0.00255781357492945,-0.0030991435497904666,-0.0032330647707222333,-0.0037230642810567663,-0.004414320610345233,-0.0048109943827546004,-0.0010985070815783002
2852,-0.00042208878361346,-0.0020653689742249,-0.00261025350246595,-0.003134599020340333,-0.0033279010996984672,-0.0038137534166675998,-0.004495817343739567,-0.0048654551401517004,-0.0012191108639491
2850,-0.00039909796573578,-0.002087271509565375,-0.0026229168218336,-0.003113117845961367,-0.0033820182789536667,-0.0038748097422841,-0.004535106960360033,-0.004878334670147867,-0.001321125952660975
2848,-0.00038298738955366,-0.0020845571531865,-0.00261439363843715,-0.0030457811033286334,-0.0033907787439982,-0.0038550059953672,-0.0045015948601885335,-0.004838933820098334,-0.0013481288938822003
2846,-0.00038004043461696004,-0.002093996624232425,-0.00260541781811425,-0.0029753650915642,-0.0033671306507264006,-0.0037725204690281003,-0.004428873001798767,-0.004769872762700801,-0.0012991989742648
2844,-0.0003807435369166967,-0.002126606244537625,-0.0026089663331980498,-0.0029425481543981,-0.0033291277470637003,-0.0036969822144721,-0.004369638936026733,-0.0047066489282599,-0.0012353246486078249
2842,-0.00037517570518708673,-0.002146426285357525,-0.00261689990580255,-0.002940257911371867,-0.0032816176327517335,-0.0036690644130479,-0.004333670849327867,-0.004657344221528033,-0.001199676541299525
2840,-0.00036722111456828,-0.0021302701811777252,-0.0026163664610290996,-0.0029375370211448333,-0.003229115242078933,-0.003674940138630367,-0.004303833036241566,-0.0046133430666997,-0.0011798408423658252
2838,-0.00036767031787866,-0.002112807838854125,-0.0026076540396960998,-0.0029253145664909,-0.0031917921369458003,-0.0036857110122735,-0.004280564074199233,-0.004580156483195701,-0.001155804498200425
2836,-0.00037912784788622,-0.002134574961717925,-0.00259229627628625,-0.002911772551181867,-0.0031820148223497004,-0.003685011463960433,-0.004269390493510367,-0.004566166697802367,-0.0011387792283347753
2834,-0.00039407701180124,-0.002182440846111125,-0.00256707544409985,-0.0029006757571558,-0.0031817204628712,-0.003669079084832367,-0.0042530618916074665,-0.004558926749287501,-0.0011426087267045499
2832,-0.00040395733150827996,-0.0022185931991263,-0.00254417391760765,-0.0028991575307348665,-0.0031693346911696335,-0.003646722547338333,-0.004214368530406466,-0.0045397273516923,-0.00115268485369
2830,-0.00040553050235762005,-0.002234868853064025,-0.0025505896159776498,-0.0029211200275327,-0.003154286768696566,-0.0036337215711769667,-0.004171349381170967,-0.0045136846380726325,-0.0011498039298419001
2828,-0.0004011603272872401,-0.0022428140159907,-0.0025914456210511,-0.0029597768674030664,-0.0031593335005076334,-0.0036333444718423,-0.004158020935664567,-0.0045028799551814335,-0.0011423519231072501
2826,-0.00039580870509266,-0.0022377208920611753,-0.0026388808667545,-0.002981307166143733,-0.0031815310443203,-0.0036294604266042334,-0.004178163672472233,-0.0045131433701363,-0.001149606094449225
2824,-0.00039258066921708004,-0.0022139199401498,-0.00267048899170055,-0.0029670674376570997,-0.003200122535942533,-0.0036084696080082666,-0.004204340404180733,-0.0045291243723944,-0.001166759510047325
2822,-0.00038986364909306,-0.0021973229667376,-0.0026925782646924,-0.0029382217492308336,-0.0032104115403497335,-0.003578470014440633,-0.004213834321833533,-0.0045386376626391995,-0.0011715291231019754
2820,-0.0003839344021871,-0.002217596808648825,-0.0027103964958258,-0.0029173228281436,-0.0032174872461423333,-0.003554225394392967,-0.004202775664425733,-0.004538555802494567,-0.001158183945035625
2818,-0.00037561861054498,-0.002258324841103575,-0.00270419102735335,-0.0028945130475153667,-0.0032072264032996997,-0.003534010382475967,-0.004173936107545433,-0.004522113535253633,-0.0011417617655016252
2816,-0.00037121393577532,-0.002273965076784075,-0.0026598838282888,-0.0028589560427618333,-0.0031613334553775665,-0.0035085374034923,-0.004134611808214933,-0.004486948378534234,-0.001133583105660525
2814,-0.00037497426881484,-0.00224991373664215,-0.0026000778466209002,-0.0028320591487987668,-0.0030987709526322667,-0.0034826763128628,-0.0041002019630035,-0.004452028461936733,-0.0011296485157466
2812,-0.00038384855285562,-0.0022170001956775248,-0.0025616010005944,-0.0028351202273230332,-0.0030663940326697667,-0.003472213848649567,-0.004080313388502566,-0.0044414142204812004,-0.0011217031790248747
2810,-0.00039185355651470005,-0.0022120327487509,-0.0025613404333990003,-0.002851507099811333,-0.003084790909387233,-0.0034857904807447664,-0.0040693887980025,-0.0044540285356333,-0.0011091403264910748
2808,-0.00039654948758376004,-0.0022478430347836003,-0.00259920885094935,-0.0028553622245332,-0.0031327204316909333,-0.0035194096358644334,-0.004064860673819333,-0.004471858078188267,-0.0010999292130080749
2806,-0.00039906699995214003,-0.002309766757930675,-0.00266413198919215,-0.002852681921548733,-0.0031818395033351,-0.003559562730746134,-0.0040781023460244,-0.0044909485177004665,-0.0011032302633524997
2804,-0.00040075720366044003,-0.0023563055861268003,-0.0027177878677069,-0.0028595450535285334,-0.0032147344815845,-0.0035845109504950338,-0.004109338268014934,-0.004516681816207733,-0.00111684204393075
2802,-0.00040234839634524007,-0.00234453229721065,-0.0027109826347612997,-0.0028633362385842667,-0.0032146965199469665,-0.003577937623342967,-0.0041301763650161,-0.004533441354999367,-0.0011242635231317752
2800,-0.00040432262211866,-0.002278309212174475,-0.00264368570351935,-0.0028455915852723668,-0.0031751422476442334,-0.003548677271609267,-0.0041149689119696,-0.004512753123612799,-0.0011139906647214004
2798,-0.00040684507192464,-0.002213412926889325,-0.0025749648579682,-0.002820920869909234,-0.0031191338292843335,-0.0035206685185637334,-0.0040722410451699,-0.0044541109294862,-0.00109364204818495
2796,-0.00040996389671318,-0.00219560516538765,-0.00254846953821195,-0.0028146711736047997,-0.0030799694661062665,-0.003498898431182033,-0.004026145945930434,-0.004389408920028567,-0.001075242718229875
2794,-0.00041381449581071993,-0.00221239941458325,-0.0025457810597446498,-0.0028220049548684668,-0.0030621897992849333,-0.0034684871615339994,-0.0039881874360699005,-0.0043449882051212335,-0.0010550068110862002
2792,-0.00041685827829934,-0.0022253960957306002,-0.0025385550569811,-0.002821692236283467,-0.0030446839693757002,-0.003432325103121367,-0.003963707128552333,-0.0043226077775301,-0.0010255104949226748
2790,-0.00041525997362816,-0.0022241994894569746,-0.0025400333908105997,-0.0028131439445971663,-0.003021048663421767,-0.0034189418761102334,-0.0039630431485928,-0.0043188426700435665,-0.0010013040937394248
2788,-0.00040802379637740004,-0.002222135040521425,-0.002563228188207,-0.002807865993308066,-0.003007323748819467,-0.0034393706884675336,-0.003983507764715867,-0.0043366129019704,-0.0010045367120095003
2786,-0.00040163849028650004,-0.002222935404087125,-0.0025731978432586003,-0.0028022264800564,-0.0030097894255169664,-0.0034656429961101667,-0.0040010852412704,-0.0043685483336274,-0.001026134902011425
2784,-0.00040371444055148,-0.00222266185316425,-0.0025382395508064997,-0.0027914189284914664,-0.0030161039955328667,-0.0034709608130720003,-0.004001869033509966,-0.004391017207083466,-0.0010329373656682251
2782,-0.00041187370673556004,-0.0022262131888808497,-0.0024955528668866,-0.002791811016211667,-0.0030202390464016,-0.0034631268391566335,-0.0040008085933197005,-0.0043855518851606,-0.00101600807776665
2780,-0.00041627431530176,-0.002236549597271,-0.00250515999875515,-0.002817818077755133,-0.003031830851745467,-0.003461357423814333,-0.004009709549545867,-0.0043557752682811994,-0.0009992871113476002
2778,-0.0004140048000444801,-0.00224682085372905,-0.00256138673906505,-0.002854510910163367,-0.003057665154525034,-0.0034691542299586,-0.004012822146307267,-0.004320763191574133,-0.0009962261387003997
2776,-0.00041275775793728003,-0.0022618816958118997,-0.0026091206334922998,-0.0028806167865730336,-0.0030931857408325668,-0.003485600448060766,-0.003997476988357066,-0.004298988825527333,-0.0009905941413050003
2774,-0.00041875712307212,-0.0022989659624295,-0.0026269272476806497,-0.0028956255922916335,-0.0031292162824101666,-0.003510879675546466,-0.003978759084538367,-0.0042946780619803,-0.000968657746136675
2772,-0.00042837676155672004,-0.0023456365643883,-0.0026360781908185502,-0.002898892611846533,-0.0031475045518461003,-0.0035248089974021664,-0.003967689038228334,-0.0042913622187316,-0.0009417925529518748
2770,-0.00043495699613614006,-0.0023542718758668,-0.00264349396478435,-0.002874074705363333,-0.0031243555825061337,-0.003498436788357233,-0.003949140354965834,-0.004268555674318867,-0.0009230687675182251
2768,-0.00043788953070276,-0.002307328101593375,-0.0026348648052025,-0.0028255992017463664,-0.0030655593766013,-0.003446726173464467,-0.003919521739996533,-0.004233123471346234,-0.0009060392524943999
2766,-0.00044086409076328,-0.002253191384997975,-0.0026182652912751002,-0.0027984053718596003,-0.0030218171223785335,-0.0034279501424547,-0.0039097384735682994,-0.004217763668167933,-0.0008803394909080998
2764,-0.0004457195643325799,-0.0022461378434304,-0.00262101951923895,-0.0028244786607440667,-0.0030362159898377,-0.0034664019837352,-0.003936992728363366,-0.004238683799466466,-0.0008488675259739999
2762,-0.00045117682945444005,-0.002283185579507975,-0.0026426224077589,-0.0028757736532698335,-0.003088327514119067,-0.0035171524564605004,-0.003968314953487033,-0.0042747177234233,-0.0008203719548048252
2760,-0.00045422002899724,-0.0023307254574573503,-0.00265575274777825,-0.0029052332208286667,-0.0031240954908273006,-0.0035335438897555666,-0.003971033573939534,-0.0042992596215943,-0.0008006043526201248
2758,-0.00045133867624020003,-0.002374442868249525,-0.00265048027075015,-0.0029058127587678006,-0.0031253986223273,-0.0035253201895213333,-0.003965532135028367,-0.004308768915832266,-0.0007947403650123501
2756,-0.00044311308834934,-0.0024038582177019,-0.0026334546742680497,-0.0028908738519999,-0.0031089716347408665,-0.0035139128017912,-0.0039792479108519,-0.004302226819203,-0.0007995120434782749
2754,-0.00043817518356912,-0.0023885198156103748,-0.00259379180349125,-0.002850559476173633,-0.0030726815531909,-0.0034774713605361996,-0.003981091454937367,-0.004261332463643066,-0.0007927370220718499
2752,-0.0004461775787197199,-0.0023226322331161746,-0.00252346967906955,-0.0027801167534794668,-0.003000762115507167,-0.0033947116168425336,-0.003924377743877634,-0.004183641034282967,-0.00075568308860825
2750,-0.00046520329801358004,-0.00226394076004685,-0.00246470495886285,-0.0027238881380536335,-0.0029207255840914335,-0.003306152989610034,-0.0038334042766694997,-0.004112388906170467,-0.0007062703391802501
2748,-0.0004827134620129601,-0.002271490081519825,-0.0024763913935671,-0.002730807753732,-0.0028929740984135668,-0.0032700922173931,-0.0037809404033822998,-0.004092695466960867,-0.0006804416789971748
2746,-0.0004909274253399,-0.0023253483055620497,-0.0025501129649378503,-0.0027822376167701665,-0.0029307734304054333,-0.0032815698983275003,-0.0037882398566106332,-0.004111991911319334,-0.0006793941985414
2744,-0.00049321655603254,-0.002361497436681775,-0.0026170082380254003,-0.002821239390469433,-0.0029843091947515665,-0.0032961644914748334,-0.003812457433400233,-0.0041250262520215,-0.0006731703481910999
2742,-0.00049300960257678,-0.0023634556017140002,-0.0026413567047195,-0.0028388582246206,-0.0030169637954620336,-0.003312756833552167,-0.0038286958444471333,-0.0041255391171106,-0.00066138749545385
2740,-0.00048695601783354007,-0.00236068888839555,-0.0026473675147769002,-0.0028685453715121003,-0.0030428581571236,-0.0033634166760512,-0.0038558628560789003,-0.0041443815112774665,-0.0006804795321472751
2738,-0.00047515301722996005,-0.002352670599844525,-0.0026431783267465998,-0.0029001776786188,-0.0030672478747164997,-0.003431565047787267,-0.0038915359719851003,-0.0041802520395819,-0.000733235974720975
2736,-0.00046769620405893997,-0.0023054679180262,-0.00259110706622055,-0.0028744234958209334,-0.0030504465797801666,-0.003452502630612267,-0.0038905626860255005,-0.004188100565779433,-0.0007642945810489997
2734,-0.00047193818305172003,-0.00222490599321365,-0.0024857961868077,-0.0027777891956845668,-0.0029722982351083668,-0.0034029031240998334,-0.003835968004251667,-0.004146713815434167,-0.0007351753318119247
2732,-0.00048055979714761997,-0.002169628288075525,-0.00239988691325455,-0.002680236160023733,-0.0028873820174042,-0.0033348372646365664,-0.0037794565823536332,-0.0040925589654977,-0.0006813002802760001
2730,-0.00048164201370911995,-0.0021760452065100002,-0.00240345299038455,-0.0026507376387650667,-0.0028661828949923334,-0.003305069060818733,-0.0037760149223126003,-0.004068470850310966,-0.0006582732412166998
2728,-0.00047552647504063995,-0.002218411316536625,-0.00247591542674055,-0.0026807442051430997,-0.0029076486435617665,-0.0033153101589018332,-0.0038143432246543333,-0.004073983684730667,-0.0006665620254482249
2726,-0.0004726040016303799,-0.002256620747168775,-0.0025414864603305,-0.0027171805650524996,-0.0029533508499560335,-0.0033370570043509667,-0.0038428794470854997,-0.0040833482422443996,-0.0006682457474288
2724,-0.00047750739470254003,-0.002279266133699525,-0.00256066598897935,-0.002731098127344,-0.002965164652398333,-0.0033508439164499667,-0.0038330840002643667,-0.0040817812427535,-0.0006510505038674503
2722,-0.00048501857712773995,-0.0022874993249322752,-0.0025458639892724,-0.0027257317083299996,-0.002947903596012533,-0.003343687295236167,-0.003790496466308567,-0.004066035987681366,-0.0006326491067734251
2720,-0.0004901294589434001,-0.0022781503119499247,-0.0025166921844506,-0.0027080006518012,-0.0029142445553016,-0.0033059089795467998,-0.0037306296940265334,-0.004034105547319766,-0.00061886296259305
2718,-0.00049329599917058,-0.00226058600974495,-0.002488208802935,-0.0026836317474481335,-0.0028715841560364337,-0.003250819516877067,-0.0036717275298147,-0.003993290675940667,-0.0005984612050155248
2716,-0.00049625921471642,-0.002260798836426825,-0.00248847933883775,-0.0026662810085813335,-0.0028383561765413998,-0.0032127859662448334,-0.0036355544466165333,-0.003961444684308567,-0.0005702404755799
2714,-0.0004994832647268801,-0.002292185017163025,-0.00254109692998385,-0.0026697964954240333,-0.0028360982405723667,-0.0032127109761244336,-0.003634545796050033,-0.003949030238614966,-0.0005455747265272249
2712,-0.00050385769316598,-0.002341698557037375,-0.0026266289244176,-0.002697143924332,-0.002863292987776267,-0.0032433916223366,-0.0036642339247483,-0.003955583402999067,-0.000529423251962325
2710,-0.0005096392646279165,-0.00239208239164155,-0.0026936106764086,-0.0027442475988638665,-0.0029023100602220664,-0.003291488965005833,-0.003715033843229234,-0.0039853878185823,-0.00052105063708105
2708,-0.0005134550594794796,-0.002437384225720125,-0.0027150607870957497,-0.0028042510126277,-0.0029489330569685995,-0.0033500388650359,-0.0037805215988081335,-0.004043861353469833,-0.0005269992446028501
2706,-0.0005113457260488367,-0.002472522395284575,-0.0027109794019888,-0.002862559566847934,-0.0030087801756427004,-0.003405111446663167,-0.0038483446397702,-0.004112925530732299,-0.0005504295856684251
2704,-0.00050533298064548,-0.0024893190423149504,-0.0027105698570204497,-0.0028996070680890663,-0.0030663513998165,-0.003434997968699367,-0.003896347541227667,-0.004154181453216666,-0.000573595175502675
2702,-0.0005024807338634,-0.0024897937259813,-0.0027173168652548,-0.002907508255187,-0.003089563339923,-0.0034340939222192667,-0.0039086683307823005,-0.0041501316142605,-0.000573179457288525
2700,-0.00050625583727134,-0.0024864618792434998,-0.0027201302773747996,-0.0028981641536948333,-0.003073778681590967,-0.0034201164307084662,-0.0038900196110868666,-0.0041241872483775335,-0.0005498942838057
2698,-0.0005124563308284201,-0.002485613306990975,-0.0027187868498104503,-0.0028896579765186337,-0.0030533348767432336,-0.003408682703178633,-0.003859269615196967,-0.0041071360758123,-0.0005237552214349502
2696,-0.00051512524080098,-0.0024826608441556753,-0.00271984776894445,-0.0028876018654756335,-0.0030539490128295,-0.0033957098287289,-0.0038331745930932667,-0.0040994952160336,-0.0005046173673979499
2694,-0.0005140893769398,-0.0024716769763005,-0.0027154776326924,-0.0028797237744668997,-0.003055010795592133,-0.0033704350568751,-0.0038150871390034333,-0.004079153645361333,-0.00048423466617032523
2692,-0.0005147103965876,-0.0024480758325457997,-0.0026866864465202997,-0.0028468041551681666,-0.0030185633896314666,-0.0033313577063897332,-0.003792392032371266,-0.004034424866825866,-0.0004539099974482251
2690,-0.0005204283478816203,-0.002410043052171725,-0.0026316130928591003,-0.0027854469557998334,-0.0029450795108392006,-0.0032850940193628665,-0.003749941127839534,-0.003978912840549967,-0.00041767005953485
2688,-0.0005274672644531469,-0.0023686775690957,-0.00257584215897065,-0.0027213683817304997,-0.0028759818373391664,-0.003240318305675,-0.0036937324405321333,-0.0039386398453976,-0.0003889012957259498
2686,-0.0005287508375355968,-0.002344965779192575,-0.00254541546991845,-0.0026879563907092,-0.0028423389917244333,-0.003205449680878433,-0.0036515517916498666,-0.0039293056076823004,-0.0003815439687294749
2684,-0.00052331438711515,-0.00233976247988935,-0.0025357839994875,-0.0026861161139748336,-0.0028317711388555996,-0.0031828057415198333,-0.003637250193993167,-0.003939815963566267,-0.00039886722375512523
2682,-0.00051881047595038,-0.002323612867567175,-0.00252033681168455,-0.0026839069160854664,-0.0028156089776614664,-0.0031667801373815667,-0.0036296751452547,-0.0039408192820101,-0.00042476275683627494
2680,-0.0005222266442061966,-0.002279298181261275,-0.00248965774753185,-0.002666041907418133,-0.002793482210176633,-0.0031560666326400995,-0.0036067213104590667,-0.003917792631968467,-0.00043502896207874985
2678,-0.0005307361181499068,-0.0022377217593965,-0.00246695846144515,-0.0026599280603199003,-0.0027926170229393664,-0.0031608595329007338,-0.0035845595998045335,-0.0038910942985629,-0.00042414907921142525
2676,-0.0005358280417072769,-0.002244566573012775,-0.00247971800608525,-0.002694044942477967,-0.0028278978033845,-0.003187663959509767,-0.003597308564294166,-0.0038929537340044,-0.0004120587156272249
2674,-0.0005354357502555297,-0.002303049553090725,-0.0025291747450065,-0.002751589012870967,-0.0028818250919994664,-0.003224930878400667,-0.003646376420969467,-0.003926844047619866,-0.0004161364790652999
2672,-0.0005358841711584833,-0.0023753186511907753,-0.0025930096269918,-0.0027891571082132335,-0.0029263752497562003,-0.0032555179983181667,-0.0036968752447984338,-0.003964406380451033,-0.00042830273037237486
2670,-0.0005419216913066632,-0.0024256477898015752,-0.002644940363932,-0.0027864354345142005,-0.0029464439124154,-0.0032734529310097,-0.003719320800248767,-0.003979035228137733,-0.00042682126809697504
2668,-0.0005514103876218966,-0.0024356814092759754,-0.00266518160447735,-0.0027556428796942,-0.0029374975112515665,-0.0032776224726570337,-0.0037115671193775,-0.0039671569748545,-0.00039914016994295
2666,-0.0005608390998437801,-0.0023949628900762,-0.00264483002861175,-0.002715099704878867,-0.002899667606525267,-0.0032629106090957664,-0.0036852206165897995,-0.0039410638282858,-0.000348869666136775
2664,-0.0005694804338897535,-0.0023130188460259,-0.0025926936358668497,-0.002677578556593467,-0.0028462078840359333,-0.003232069731144866,-0.0036555639218524665,-0.0039177336511006,-0.0002932577617472499
2662,-0.0005761367989758334,-0.0022343400449509002,-0.00253451955465285,-0.0026555114268722664,-0.0028042036669146,-0.003202775876528733,-0.0036409997454670668,-0.00391108554736,-0.0002579393252207248
2660,-0.0005779740401527334,-0.0022065152399835747,-0.0024964025337341003,-0.0026541659959608333,-0.0027917606821709668,-0.0031867647672066666,-0.0036468128992294,-0.003917599952770633,-0.0002585730943347749
2658,-0.0005756278596371334,-0.002231429209292675,-0.00248893266258,-0.002663911576561533,-0.002800557662164667,-0.003174104460035567,-0.0036501919632419334,-0.003912826151540766,-0.00027944277693272483
2656,-0.000574347585232263,-0.00227193121350935,-0.0025068450388862,-0.002673822377538033,-0.0028104512409452332,-0.0031529832031601,-0.0036241762108536334,-0.0038791532152361668,-0.00028346271347800005
2654,-0.0005767898345828734,-0.0022998522217925503,-0.00253455164556455,-0.0026836279108710336,-0.002812655398603267,-0.0031297330756059004,-0.0035755052431015663,-0.0038328707692067664,-0.00025133563847709996
2652,-0.00057910067125236,-0.00231160639913785,-0.0025500466722441,-0.0026901687601100337,-0.0028094009759445336,-0.0031123863829894335,-0.0035364311661578336,-0.0038050035019308003,-0.00020076576417589996
2650,-0.0005774343818926999,-0.002306387035015275,-0.002538705898537,-0.0026800533335662666,-0.002802505616023233,-0.0030934443907649667,-0.0035226299650749668,-0.0038004672568007335,-0.00016266056560977507
2648,-0.0005738502773720699,-0.0022848890188526746,-0.002511407725945,-0.002655010262984033,-0.0027978174192978666,-0.003072955866809567,-0.0035272638822744333,-0.0038019254903675,-0.00015333804053527505
2646,-0.0005723948630566835,-0.00226820914748995,-0.0024961233912564502,-0.0026441663003988667,-0.0028101108957428664,-0.0030777070415182336,-0.0035507940737861,-0.0038083635870096335,-0.00017153854169014993
2644,-0.0005737147019955269,-0.0022811662224429,-0.0025037823308638003,-0.0026645784900784335,-0.0028440644109308665,-0.003123994560666867,-0.0035990689633671,-0.0038360311596356673,-0.000200761995181875
2642,-0.0005765739256229504,-0.002316000445061975,-0.00251956267036445,-0.0026912407165075995,-0.0028796247906736666,-0.003179917153334833,-0.0036515175994693335,-0.0038796877297863665,-0.00021235120910942503
2640,-0.0005800864945127967,-0.002344880529420825,-0.0025352687267577497,-0.0026971989670212,-0.0028957384225236,-0.0032024323000493,-0.0036717041058232,-0.003906865018929967,-0.00019046780764337497
2638,-0.0005812837320672268,-0.0023635933980607,-0.0025640249232742,-0.0026990064737618335,-0.002899666081099,-0.0031971479126558337,-0.0036586278678807003,-0.003899470154027167,-0.0001602906523736836
2636,-0.0005752039636695867,-0.002386701020699975,-0.0026061222014300504,-0.0027237599473035334,-0.0029125401605674,-0.0032013956060394995,-0.003651539167030567,-0.003875374823720167,-0.0001686448860345833
2634,-0.0005610992457971167,-0.00240353915481435,-0.00262580934411825,-0.002751510398098233,-0.0029335531270751,-0.0032181638356907996,-0.0036692041520608332,-0.0038591214317094335,-0.00022924564767880001
2632,-0.00054494305155935,-0.002383873209316425,-0.0025911449330607997,-0.002738420669070067,-0.0029410781448685665,-0.0032130147794724663,-0.0036788645066205,-0.0038548658146835666,-0.00031034257340537496
2630,-0.00053374451219441,-0.00233127967463715,-0.0025219571572741,-0.0026849262280441333,-0.0029223702587516664,-0.0031733838885829335,-0.003642986520754267,-0.0038538332897049,-0.00037650979144902526
2628,-0.0005310613781839833,-0.002285281576232925,-0.0024674812530188,-0.0026306250030622997,-0.0028788616642733,-0.0031228674041160003,-0.003565622123810133,-0.003841935181419433,-0.0004108549260607502
2626,-0.00053825872874872,-0.0022613971185167,-0.0024452656141109,-0.0025870519799321666,-0.0028095115970343336,-0.003072828009869067,-0.0034741634033020664,-0.0037980541267402333,-0.00039687152835965
2624,-0.0005534720453873,-0.002236241706337675,-0.00243494336882865,-0.0025322520352230333,-0.0027171766067386003,-0.0030081473696529,-0.0033877185631018005,-0.0037147857074539335,-0.0003246635312481251
2622,-0.00056830032913961,-0.002202971677401075,-0.00242373309141025,-0.0024723439657959663,-0.0026300121571215997,-0.002932027888972633,-0.0033231254158399997,-0.0036258957453346,-0.00022771278193285
2620,-0.0005741267480065433,-0.002194149473563475,-0.00242497124019705,-0.0024525279631626,-0.0025883031107857,-0.0028835799287442333,-0.0033020527206837,-0.0035839972273342333,-0.00016752247134537487
2618,-0.0005736160216555801,-0.002232555773798425,-0.0024541851064454,-0.0024973644318401333,-0.0026087803984557,-0.0028965149576871668,-0.003330370700841767,-0.0036042041252736332,-0.00016248803119795017
2616,-0.0005770927477694399,-0.002298106459528675,-0.00251184441746675,-0.0025821904195177333,-0.0026791884174121997,-0.0029671432084139664,-0.003388578107903533,-0.0036558061818888995,-0.00017175335508285003
2614,-0.0005866853752086766,-0.002358350738017525,-0.00258577593119175,-0.002667861967661767,-0.0027757917189924672,-0.0030659277762241665,-0.0034532251274313336,-0.0037071306582554336,-0.0001607691016459749
2612,-0.0005945089111117398,-0.002397754765934275,-0.00265102984942055,-0.0027284013506703,-0.0028649465841567665,-0.0031562411354562666,-0.0035094120884537664,-0.0037465364263435997,-0.00013962029292334988
2610,-0.0005981733367439965,-0.00240764715398955,-0.0026768500848712504,-0.0027467561177173666,-0.0029040111085717334,-0.0032041495933533997,-0.003540328138545167,-0.0037614103031162,-0.00011962508508667061
2608,-0.0006057490930215035,-0.00238146015371415,-0.0026510786270007502,-0.0027187785248726,-0.002871351344477234,-0.003194304085356267,-0.0035291285453825003,-0.003733795804447467,-7.874176675965426e-05
2606,-0.0006212482425476199,-0.00233218840150525,-0.0025892594170332,-0.0026643120109004002,-0.0027897812182425,-0.0031371267351314666,-0.0034783485329619337,-0.003667193421138267,7.833066854291909e-07
2604,-0.0006373285358281799,-0.002285090447799125,-0.00250877738170735,-0.0026047802426325,-0.0026974333217748996,-0.0030478550804864998,-0.003406932616692166,-0.003589055735647733,9.617846623347504e-05
2602,-0.0006476922915707399,-0.0022474544198398,-0.00241601871663445,-0.0025400143945370998,-0.00261109734496,-0.0029360780150668665,-0.0033283760912119,-0.0035213068689382335,0.0001721311575010999
2600,-0.0006546712482444599,-0.0022165353896379,-0.00233635311284135,-0.002478731866031833,-0.0025453524043128665,-0.0028345021743212337,-0.0032577460784155663,-0.0034747792110139003,0.00021456803473727485
2598,-0.00065974241980532,-0.0022127735809766,-0.0023202933403517,-0.002464365457236333,-0.0025371409084086333,-0.0028022655516465335,-0.003229657806852767,-0.003463914169557767,0.0002233748399071251
2596,-0.00065914161351658,-0.00226134407753825,-0.0023841350883074,-0.0025211935553362,-0.0026025600796565997,-0.0028577894681663003,-0.0032681507277414665,-0.0034902051183694333,0.00020670585121265002
2594,-0.0006544569753040399,-0.0023383698951791503,-0.0024699745835865,-0.0025939661222511667,-0.0026860583217212,-0.0029357151538614338,-0.003337744315918267,-0.0035174212269170665,0.0001932274739088499
2592,-0.00065507990472366,-0.00237869551906945,-0.002500733323552,-0.0025973144392413,-0.002704723613746733,-0.002954424927647033,-0.0033638288357669666,-0.0035030134282575333,0.00021239573571069992
2590,-0.0006634412492149001,-0.002348425551975625,-0.00246062345229685,-0.0025185105381034666,-0.0026410200129574333,-0.0029052272510196667,-0.003310139038198833,-0.0034524157675987995,0.00025206207686364994
2588,-0.00066970333896084,-0.00227797251960295,-0.0023947997069493,-0.0024229081150173334,-0.0025505890123240665,-0.0028382619442661335,-0.0032093644020458,-0.0034055186475996997,0.00027375914747404995
2586,-0.00066841367611202,-0.0022166661754613,-0.0023481068114699997,-0.0023670041769152665,-0.0024859020831726002,-0.0027880408321935,-0.0031154477113076,-0.0033749669563593997,0.0002759916808452999
2584,-0.0006671895935655399,-0.0021899933659378502,-0.002336225422512,-0.0023590164847012334,-0.0024585810660677997,-0.0027613041311871332,-0.0030593948129791003,-0.0033420896715268666,0.0002946275871619499
2582,-0.0006711391104163001,-0.002203168442841775,-0.00235496935489165,-0.0023918416802672,-0.0024687112932540336,-0.0027686107313485333,-0.0030528073415180003,-0.0033085006721974004,0.00033396373534442495
2580,-0.0006727232865446599,-0.002246804030909925,-0.00238310763029445,-0.002454587657202067,-0.0025157785109324333,-0.0028103507891073334,-0.0030937484463329002,-0.0033031207168169,0.000353163778528375
2578,-0.00066698508704692,-0.0022892739150174,-0.00239116827017875,-0.0025130277077304,-0.0025719197136956666,-0.0028483770624336004,-0.003157019096200066,-0.0033304776248216004,0.00033718733340379987
2576,-0.00066339146379386,-0.0022968377480456752,-0.0023739018792664,-0.0025294792495330664,-0.0025915419344631333,-0.0028428968621594,-0.0032059561420219665,-0.0033561213877864,0.000323937981758475
2574,-0.0006708800398299601,-0.00227129268768535,-0.00235863080346165,-0.0025071500185269335,-0.002563540530237267,-0.0028042200923307664,-0.0032240607612082,-0.0033549154450311,0.00033985097400215003
2572,-0.0006828271076477401,-0.00224429836730285,-0.0023602392756782997,-0.0024777396389418335,-0.002522468625244767,-0.0027669201460070666,-0.0032196191199258665,-0.003338852181854,0.00036056686144324995
2570,-0.00068881668976278,-0.0022332372861186,-0.0023551221085945,-0.0024496787241016335,-0.0024986754089003,-0.0027360570313042665,-0.0032011964987341667,-0.0033269822033483334,0.0003616823415858748
2568,-0.0006902802533076999,-0.002228974114110025,-0.00232421103480135,-0.0024107266180833664,-0.0024884663093281,-0.0027036169223783,-0.0031698799323362,-0.0033189212925771334,0.0003588649339343749
2566,-0.0006931864603324201,-0.0022219464117069244,-0.0022879414081675,-0.0023694188667542,-0.0024764199868457,-0.002685211477306333,-0.0031294043772867666,-0.0033052836503673333,0.00037440804722235006
2564,-0.000695409090166,-0.002211348801156825,-0.00227001724488125,-0.0023483035464136,-0.002456329893359533,-0.0026881679989527673,-0.0030841666450084,-0.0032807446697878996,0.000406578073997275
2562,-0.00069312137099894,-0.002192979140818425,-0.00226065588062015,-0.0023460726803946337,-0.0024267649981726002,-0.0026747658443148,-0.0030333712141254,-0.003244419273766,0.00044967753400245
2560,-0.00069075820293426,-0.002165343058682225,-0.0022486765958426996,-0.0023459736531323996,-0.002390522212491567,-0.0026142824718967,-0.0029830747607906666,-0.0032047496717101335,0.0004997817309276499
2558,-0.0006933541321335801,-0.002140357918885075,-0.00225093167755735,-0.0023457975768450003,-0.0023613463439573334,-0.0025453596292512337,-0.0029501944211644663,-0.0031793279050041333,0.0005268408549022251
2556,-0.0006966681258281799,-0.0021230209654953753,-0.0022726096060782,-0.0023423766203596666,-0.0023499333778310666,-0.0025274030906622,-0.002935873569444166,-0.003171596921822633,0.0004931915266036001
2554,-0.00069544870292542,-0.00209518238902525,-0.00227787602377145,-0.0023112140407080335,-0.0023458145905095,-0.0025533562197503665,-0.0029169538953176,-0.0031616528047232,0.00041785706491699994
2552,-0.00069354694450474,-0.00204602908280675,-0.00224214267600675,-0.0022452218571341336,-0.002331858081610867,-0.0025693550537561334,-0.002884054348694333,-0.003139637714882,0.000370579281319075
2550,-0.00069550115609306,-0.002000416125087925,-0.00220048403303655,-0.0021887519501834333,-0.0023087503415033,-0.0025553707297338666,-0.0028613914011081667,-0.0031238073209595,0.00038520579279382496
2548,-0.00069667503927402,-0.001988333803207375,-0.00220004591720785,-0.0021863698581428667,-0.002288576874490567,-0.0025304931494923334,-0.0028668086925642995,-0.0031228231219639336,0.00042862011886059986
2546,-0.0006926759404616,-0.0020082538250724502,-0.00223697976305145,-0.0022245089947568,-0.0022780175525086667,-0.0025073170505757665,-0.002883525964012767,-0.003113168266730333,0.00046978669466295
2544,-0.0006902015667031001,-0.00204729943234015,-0.00228091619728865,-0.0022679688480871005,-0.0022851332466485,-0.0024976643846745332,-0.0028972785667894,-0.0030852063206327335,0.0005183807881415751
2542,-0.00069725055413206,-0.00210656946763745,-0.0023230691028767,-0.0023166113925175,-0.0023199064218770334,-0.0025332126691104003,-0.0029224792558100667,-0.0030746394453012005,0.0005745788547845749
2540,-0.00071010300124064,-0.002172662283346325,-0.0023574767809834,-0.0023744988938099337,-0.0023671158189037668,-0.0026195240506557333,-0.0029610732546083668,-0.003108074404313533,0.0006055607869360999
2538,-0.0007208940979948799,-0.00220333339559465,-0.00235565589643165,-0.0024046630795535,-0.0023869964604733003,-0.002697483948142,-0.002978807058786267,-0.0031523252308989,0.0006026159847363499
2536,-0.00073037684361576,-0.002185458704409675,-0.0023104415929745,-0.0023803059809586334,-0.0023676693333278998,-0.0027128870000441333,-0.0029622865180766664,-0.0031646051379524334,0.0006032260525090001
2534,-0.0007420909107237401,-0.0021704074993724497,-0.0022698087352383,-0.0023465615730576,-0.0023476821481703664,-0.0026929752078049,-0.0029550825923513667,-0.0031581965845306668,0.00062715553602085
2532,-0.00075103087869338,-0.002201269316677725,-0.00227461902459275,-0.0023609888735384335,-0.002358589075568933,-0.0026923137065794334,-0.0029899542532634666,-0.0031684310551573,0.0006441241134490499
2530,-0.00074916731320986,-0.002241526537878925,-0.0022979518767624503,-0.0024021835087765335,-0.0023787091899241997,-0.0026985133371357334,-0.003027924912274134,-0.0031864073274148336,0.0006324673228397001
2528,-0.00073746242770346,-0.002231874553109825,-0.0022952769724892,-0.002406952029405033,-0.0023758883624288335,-0.0026638045599302663,-0.003016869475306967,-0.0031811883860676,0.000614910548062525
2526,-0.0007237631130966799,-0.002182884025899875,-0.0022746412570077,-0.0023699648993922334,-0.002358757379025033,-0.002598426996866367,-0.0029696584247276333,-0.0031583568853585666,0.00060827410989145
2524,-0.00071364618484336,-0.0021507202053514998,-0.0022651695561385,-0.0023364178188070663,-0.0023467670406139667,-0.0025543510015864,-0.0029304803101881,-0.0031409685416557663,0.0005938149331710749
2522,-0.00070949926378864,-0.0021497289622302,-0.0022560613711404,-0.002320891272699433,-0.002327142013066,-0.0025385106625213003,-0.0029005592713172,-0.0031195458659398667,0.0005660726322753
2520,-0.0007125005337997,-0.002154814857110275,-0.0022271355900672,-0.0023071099892706002,-0.0022873313085063998,-0.002520331724859833,-0.002859918810119133,-0.0030787238589089333,0.0005555977161138751
2518,-0.0007187093136351199,-0.002163401021524525,-0.00220315816451135,-0.0023026388845051,-0.0022549201775533003,-0.00250508694131,-0.0028289992990353334,-0.0030457492429816,0.0005730041776876501
2516,-0.0007207260242934799,-0.0021864183706902,-0.00221373874624585,-0.0023176224214162,-0.0022531164282988004,-0.0025198694998025332,-0.0028383931332599337,-0.0030490351693728004,0.0005873066320450749
2514,-0.00071942605240716,-0.002201368620833425,-0.00223320425404215,-0.0023156218876517333,-0.0022514231650868663,-0.0025430496909678666,-0.0028644936425861332,-0.003056711368945867,0.000590658042947475
2512,-0.00072453004690774,-0.0021807144660701,-0.00222324620055155,-0.0022640938237097,-0.002216109279432133,-0.002528473082125033,-0.002861564953802033,-0.0030229882764722335,0.000621740389318575
2510,-0.00073768875637426,-0.002147897411747675,-0.00220243839780515,-0.0022097780647409,-0.002174789986730333,-0.002487387810212433,-0.0028350337248314664,-0.0029695266470838332,0.000690744979876
2508,-0.00074675638935702,-0.002141268487366275,-0.0022088860438046,-0.0022199656121908,-0.0021722730901578,-0.0024710823369951,-0.0028205996719459663,-0.0029517661559548005,0.00074606048847625
2506,-0.0007445731076721199,-0.0021452115005019,-0.00222643023387645,-0.0022711359724997666,-0.0021942519504572996,-0.0024844676088018,-0.0028152899661874667,-0.002967178223610667,0.0007571101299319
2504,-0.00074054096512956,-0.002126639913684575,-0.0022187162647771498,-0.0022860891588048333,-0.0022003618005867667,-0.0024922589190629666,-0.0027970742968108663,-0.0029706665953501666,0.00076569385251425
2502,-0.0007448947665246801,-0.002112497590918575,-0.0022052135965391,-0.0022601092992473666,-0.002202495195864667,-0.002494920936838767,-0.0027876656537285,-0.002961552715269,0.0008102513230951999
2500,-0.00075354137321456,-0.002150462766474075,-0.0022282053887687997,-0.0022549367243467665,-0.0022390346829086,-0.0025195610881209337,-0.002820307640461633,-0.0029775423940953667,0.00085878687485455
2498,-0.0007589049733246801,-0.002210333879837975,-0.00226713105876155,-0.002277242253091767,-0.0022923637362348335,-0.0025468527844912333,-0.002863186881890333,-0.0030129917924929333,0.0008679512792513749
2496,-0.0007638487149210199,-0.002212626044194175,-0.0022645449315526,-0.0022673834987845,-0.002307025486793933,-0.002530892910781867,-0.0028526066871065667,-0.0030226327457269,0.0008543422189533999
2494,-0.00077307522141418,-0.002151752101516575,-0.0022230946503342,-0.0022168930427820667,-0.002280525328805466,-0.0024865641175104668,-0.0027941486914432336,-0.003002055846124766,0.0008568050793272499
2492,-0.00078164267261504,-0.00210521086155925,-0.00220137368231405,-0.002196558735604433,-0.0022658019676095,-0.002476191541872,-0.0027592595006347667,-0.0029915801447052332,0.0008743322505093249
2490,-0.0007837782324635001,-0.002116485586406225,-0.00222269684483215,-0.002245284302642533,-0.002287212194089367,-0.0025123786392828,-0.0027842595518870667,-0.0030029931009813,0.0008867061202408497
2488,-0.00078308693951432,-0.00215089831694885,-0.0022586394825296003,-0.0023165602272475667,-0.0023191198526366333,-0.002552448659311733,-0.002838435624396167,-0.0030127736779409337,0.000892311639629225
2486,-0.0007835022319602,-0.00217499059806705,-0.0022937307475497503,-0.002359659327740767,-0.0023444791978137,-0.0025828976258233335,-0.0028875818499378998,-0.0030222322091626665,0.0008853748381300749
2484,-0.00078086152920706,-0.002200154992667025,-0.002333508617518,-0.0023796183107151667,-0.0023699015076642338,-0.0026250019570495664,-0.0029229161877275998,-0.0030495884890527,0.0008442692538587751
2482,-0.00077451533085596,-0.002228987367369225,-0.0023532912318762504,-0.0023899465148395,-0.0023811032404239332,-0.0026567045028565335,-0.002928868953570567,-0.0030659992124030667,0.0007840124167704998
2480,-0.00077549971956508,-0.0022299504927328503,-0.0023125393697935002,-0.0023743211942458668,-0.0023464501119641336,-0.002618874288147966,-0.0028874937264387,-0.0030187113963543,0.000768419996413825
2478,-0.0007898320488262001,-0.0021925336322374004,-0.00222710033892515,-0.0023270631491422336,-0.0022735253340635335,-0.0025145155389250666,-0.0028208622139628335,-0.0029224125277932003,0.0008239596006942252
2476,-0.0008043816751667598,-0.002150280647844425,-0.0021634471010068502,-0.0022744311063866,-0.0022091005407474,-0.0024221950474822666,-0.0027736342904981664,-0.002852890131317934,0.0008904856760424003
2474,-0.00080389480395272,-0.002126415922453375,-0.0021504717745704496,-0.0022291097822827667,-0.0021755190594897667,-0.0023892253368992997,-0.002750140018557567,-0.002840934751570167,0.0009050192242556249
2472,-0.0007923336530012402,-0.00210610463146455,-0.0021537366598407,-0.0021743617336451334,-0.0021542056799754333,-0.0023831178719884,-0.0027188608807629,-0.0028442711222884,0.000883879898279425
2470,-0.0007835983493128,-0.0020805214551886,-0.0021458079580815,-0.0021147004969852665,-0.002135124516962033,-0.0023689829793718665,-0.0026780169694841337,-0.0028345197798877665,0.0008739705564800499
2468,-0.0007806772112368199,-0.0020680610722814997,-0.00214397466366465,-0.002089248628142633,-0.0021333517557412,-0.002362827419005733,-0.002662921337895133,-0.0028371183803369998,0.0008753873421595001
2466,-0.0007787870710825199,-0.00206980832869435,-0.0021590412863585,-0.0021083034847961,-0.0021484705269275,-0.002378645761521,-0.0026831084358373996,-0.0028635454288641667,0.0008691334612030251
2464,-0.00078041919831804,-0.002051997537158025,-0.0021583556926066,-0.002124356801773,-0.0021522954596721665,-0.0023857692138725666,-0.0027027655297988,-0.0028753549285711333,0.000873048088930025
2462,-0.0007905385469388201,-0.0020009611235762,-0.0021102050699285,-0.0020973893400210333,-0.0021298031980560334,-0.0023575121288677667,-0.002691879834163233,-0.0028469352067890335,0.00090735936064385
2460,-0.0008024104170055,-0.001958429698944525,-0.00203757189017235,-0.0020536357128418336,-0.0021006932966774,-0.0023191870725505002,-0.0026588221953591333,-0.0028104963436273336,0.0009402939298071749
2458,-0.0008043315792385999,-0.0019716693216957,-0.00200074012121985,-0.002047903929361667,-0.0020907873224935334,-0.0023123769610729,-0.0026277466299901003,-0.0028053477201487333,0.0009299634435108498
2456,-0.0007968538272807399,-0.00203312088371865,-0.0020356712674727,-0.0020918507966964334,-0.0021067098069002337,-0.002342939720427733,-0.0026153684093955,-0.0028238131192554,0.000892489036880075
2454,-0.0007902033041185001,-0.002092736438683725,-0.0021204829291397997,-0.0021465140722098336,-0.002139845279126333,-0.0023876297815135666,-0.0026296587092548337,-0.0028355121588896,0.0008743876697460749
2452,-0.0007885890906513199,-0.0021143349880865248,-0.0021965500410762,-0.0021721743106686664,-0.0021714816843864666,-0.0024247638305736666,-0.0026612263384171333,-0.0028301372527369333,0.0008835388642177001
2450,-0.0007891616879662202,-0.002104003829423625,-0.0022229087900279,-0.0021675503619473665,-0.0021802921992269,-0.002442270730600833,-0.0026825078720016,-0.0028145955021648336,0.0008991711777331249
2448,-0.0007919021959708799,-0.0020925954026984753,-0.00221049455772325,-0.0021624332785358997,-0.0021670008990584667,-0.0024377679073581,-0.0026826015400408,-0.002797110532639133,0.0009227762265783999
2446,-0.00079786730157202,-0.002101248561212175,-0.00219622489338145,-0.0021788156085121,-0.0021602925658999,-0.0024234978917203,-0.0026863005522899,-0.0027901658961339997,0.0009647504449860251
2444,-0.00080189950035738,-0.00211962976078205,-0.00219050095262835,-0.0022015778711367002,-0.0021756135711257663,-0.002413494912305233,-0.0027096079161042,-0.0028029507851768665,0.001003849548447225
2442,-0.0007998230552361801,-0.0021189071896666,-0.0021740570316781003,-0.0021968965268464335,-0.0021864163194206,-0.0024036548855126,-0.0027222029122615336,-0.0028202885605523,0.00101293169389595
2440,-0.0007986934236988999,-0.00209072815815215,-0.0021471523967346,-0.0021611822146185,-0.0021647994882493665,-0.0023843611869652334,-0.002693198739665,-0.0028161811285718,0.0010066725122400999
2438,-0.0008080867990978801,-0.00205898259974715,-0.00213875291341705,-0.002127239115183233,-0.0021258442432099,-0.0023615569285484997,-0.0026433776694541667,-0.002788047213931833,0.0010211386758307251
2436,-0.00082544530710984,-0.0020408421081902998,-0.00215019298345725,-0.0021102754332727003,-0.0020957632960102667,-0.0023392945952258,-0.002605424576798667,-0.0027500267944946,0.001064364780345625
2434,-0.00084103940903582,-0.0020190691530051997,-0.0021371257573821996,-0.0020825422652357667,-0.0020639808113006998,-0.0022994211844534,-0.0025652695994511665,-0.0027016586219315666,0.0011223650097526
2432,-0.00085227476081156,-0.0019762359176064,-0.002077757773381,-0.002026208251478967,-0.0020119675544947335,-0.002232709483457367,-0.0025002451838833004,-0.0026396836990717,0.0011890286754378
2430,-0.00086173476103708,-0.0019332394759029752,-0.0020170872408582,-0.0019749676301038664,-0.0019650790845974664,-0.002172536805076233,-0.002444817988128367,-0.0025898860137966,0.0012534944329859999
2428,-0.0008668679769530001,-0.001921609626969775,-0.00200521303194845,-0.0019660541731049,-0.0019633360274447,-0.0021562634462098337,-0.0024511225935611,-0.0025832628460366667,0.0012850521854315
2426,-0.0008638262944496199,-0.00193613452182295,-0.00202895855776035,-0.0019832719732663,-0.0019970696521832334,-0.0021699497705585,-0.0025045132790327664,-0.002608937292092167,0.001267856162964925
2424,-0.0008566623552185001,-0.00195030133697955,-0.00204658318942,-0.0019924928958780334,-0.002024445432424633,-0.002177292288311133,-0.002546469700848467,-0.0026352541966629998,0.0012257699509547748
2422,-0.00085119653022388,-0.0019604861128720502,-0.0020534218068769,-0.0020032018779080666,-0.0020376129212733665,-0.0021823512991310996,-0.0025629128648686334,-0.002663055429751033,0.001184484343662625
2420,-0.0008444218502751601,-0.00197885146387,-0.00206696112680225,-0.002044721169000567,-0.0020595331626,-0.002211134139623467,-0.0025826564031692003,-0.0027071379286669334,0.001139357076970225
2418,-0.00083141569521416,-0.0019997667070510497,-0.0020806688305148504,-0.002105070784689,-0.0020884757028596,-0.002249114683326867,-0.0026046498884385997,-0.0027429018446170996,0.00108814427319955
2416,-0.0008180539245871001,-0.002010515554156375,-0.0020810254770796,-0.002143597988628367,-0.002098559805357833,-0.002255014277715133,-0.0025985305055293666,-0.002731609101530466,0.001060311806463325
2414,-0.00081556821159636,-0.0020210343015682,-0.00208273173177305,-0.0021479607513407665,-0.002087523868132633,-0.002226477983399,-0.0025690585235404666,-0.0026880997205988998,0.0010808645375628752
2412,-0.00082562122115104,-0.00204563608387765,-0.0020996608548165,-0.0021338709145813668,-0.0020750784949918333,-0.0021976300391014334,-0.0025506140240534668,-0.0026615885191638,0.00113573308418295
2410,-0.00084046597595348,-0.0020679531616604498,-0.0021068204341728,-0.0021063809214517666,-0.0020614877959558,-0.0021790304301617667,-0.0025417130404082,-0.002654886958446567,0.0012008024116718747
2408,-0.0008541192202500801,-0.002061994179723725,-0.0020782483011977503,-0.0020663118964735334,-0.0020341145733367,-0.0021551368333643,-0.0025116484413386336,-0.002628416271996267,0.001270304895819725
2406,-0.0008642864510361199,-0.0020365797916559753,-0.0020375909877998997,-0.0020365369237139667,-0.002004282781341533,-0.0021323703606723004,-0.0024669894613454668,-0.0025787664541127003,0.0013326762297466
2404,-0.00086840292033552,-0.0020209695499528997,-0.0020228066138400502,-0.0020344998801252,-0.0019905984888645666,-0.0021316807406534665,-0.0024437132329639334,-0.0025424777649514,0.001360504460123325
2402,-0.0008672727282310201,-0.002018159393508775,-0.0020276204339585,-0.0020375374136973,-0.0019803498629887,-0.0021414494208707334,-0.0024384720085866333,-0.0025241997771203333,0.001352668841523375
2400,-0.0008679162585885,-0.0020130912090713503,-0.002028536359185,-0.0020219679009365666,-0.001957253374767,-0.0021363891467788667,-0.002418288381075967,-0.0024967319433956002,0.001344704531769925
2398,-0.00087452599610062,-0.0020144079628625997,-0.0020404535022705,-0.0020132123822906335,-0.0019485762212488667,-0.0021339811118249665,-0.0023936625694126,-0.002472593685636067,0.001353631742874825
2396,-0.00088125824810638,-0.002044800345600575,-0.0020900986863124,-0.0020479313700348,-0.0019894242626561,-0.0021722322860523,-0.0024101295810362664,-0.0024975359602911,0.0013549573017963999
2394,-0.0008811611361335999,-0.0020961261052610002,-0.00215522563988025,-0.0021075156948620333,-0.0020546699883443333,-0.0022354406383084005,-0.0024654082693626998,-0.0025626635098340666,0.00133546710540405
2392,-0.0008768620386045998,-0.0021322886086386755,-0.0021850590562871,-0.002139530941633333,-0.0020825793674356,-0.002260724151574,-0.0025015615473235665,-0.0025960813526965665,0.00132286484257855
2390,-0.0008763166257124399,-0.00213601700248535,-0.0021691446510998,-0.002127135865851433,-0.0020553205745213,-0.0022192590825699664,-0.0024843269417114664,-0.0025573383917993665,0.0013429008683454498
2388,-0.0008843120390804,-0.0021230999929611,-0.0021387751359435003,-0.0020901589971744333,-0.002001421488508233,-0.0021367260511832,-0.002429064627049333,-0.002473116299387067,0.0013958626364204
2386,-0.0009029488750767201,-0.002113803019338525,-0.0021133448920606,-0.0020384265824714668,-0.0019295240186129334,-0.0020345139078584667,-0.002347230700078133,-0.0023653102005431665,0.0014903566171156999
2384,-0.0009319538702588601,-0.002119300495827475,-0.0020934723652175496,-0.0019778235788350334,-0.0018224646476428668,-0.001910447792953267,-0.0022343310298512,-0.0022173717751231333,0.001640229851120275
2382,-0.00096370760039568,-0.00214917206921115,-0.0020940773797425,-0.0019426716133444666,-0.0016908792414605668,-0.0017779673099867002,-0.0021145741726252333,-0.0020325710044069665,0.00181059540185705
2380,-0.00098874644488778,-0.00219961191953335,-0.0021305294355112997,-0.001958591260095233,-0.0015651215752323002,-0.0016577297687909332,-0.0020242536667704,-0.0018476400716910667,0.0019396788496708248
2378,-0.001013696996578,-0.002235909748667075,-0.0021715920391055,-0.001975978559926667,-0.0014235223586322333,-0.001513489709244,-0.0019294299269582333,-0.0016478135446457,0.0020532085428603
2376,-0.00106153684095686,-0.0022181812643585,-0.00215562502222895,-0.001903622120953,-0.0011940519249909335,-0.0012606323406209334,-0.0017308356511233668,-0.0013380491522750001,0.002281964538008175
2374,-0.00113956193893824,-0.0021548470503442,-0.00207284199596,-0.0017316572589307,-0.0008676476449793668,-0.0008872433640289334,-0.0014057228624676,-0.0008757287439320333,0.002685140214550925
2372,-0.00121702007442474,-0.002103056532546975,-0.0019910811057846003,-0.0015640297395776,-0.0005557192103153334,-0.0005181704102985334,-0.0010905222472331333,-0.0003900771550001667,0.003112054829268675
2370,-0.00125752324247856,-0.002099253580309225,-0.001968138546162,-0.0014844892716037999,-0.00036596840726433325,-0.0002834364054048333,-0.0009329795887651333,-6.054003360912229e-05,0.0033640202326904248
2368,-0.0012659973051274598,-0.0021186842340157,-0.0019782561047632,-0.0014531608199790998,-0.0002651785525618334,-0.00016136487736856668,-0.0009006403272321333,0.00010707053776066665,0.0034514330314455253
2366,-0.00127404335018496,-0.00211943722314275,-0.0019626469701944,-0.0013958788942527,-0.00014838007656873325,-3.920711481836667e-05,-0.0008443727740507333,0.0002556381560937333,0.003531379976446
2364,-0.0012887845979037802,-0.00208874340792415,-0.0019092561080182,-0.0013199814288170667,4.929999715133319e-06,0.00011672219499176663,-0.0007098206664094666,0.00044448968647437773,0.0036415917479500504
2362,-0.00129166302335918,-0.002034881670706175,-0.0018481373191038,-0.0012710194352983,0.0001317621049855,0.00024735644430056667,-0.0005700225870751667,0.0005867023138091501,0.003687786815514125
2360,-0.0012778963107171,-0.0019778588523567,-0.0018109658614457501,-0.0012527039003020334,0.0001874473335018333,0.00030503992790626664,-0.0004950951274436333,0.0006088628107195389,0.003645850630393125
2358,-0.00125817052511616,-0.00195257447109785,-0.0018187702080007502,-0.0012606849254528667,0.00015066773151463332,0.00026604032443099996,-0.0005130291373603666,0.000518975544738711,0.0035679943943935253
2356,-0.0012304391628653398,-0.00197556805949055,-0.0018674714109557001,-0.0013206788670979332,-1.5332169605566704e-05,9.164760569219995e-05,-0.0006539176559188,0.00031593904372343335,0.0034335051962444
2354,-0.00118967507560612,-0.00201416117946455,-0.0019177772993539,-0.0014296031460629334,-0.00029471359810496664,-0.0002029705889984333,-0.0009009962554059666,-3.0158259335720614e-06,0.0032051708036382
2352,-0.0011533165038488198,-0.002037607234660375,-0.00194457700940015,-0.0015348988978052666,-0.0005733767872877667,-0.0004975450578353333,-0.0011472302635166332,-0.00034749504339960554,0.0029749665077523748
2350,-0.0011429823654825599,-0.00206923689250465,-0.0019760691186886,-0.0016101786564845998,-0.0007474146659815999,-0.0006784103186955832,-0.0012979605045986334,-0.0005866502341891666,0.00286974902021245
2348,-0.00115920191167386,-0.0021431888767889,-0.0020447606224509502,-0.0016715438909175667,-0.0007947419908743333,-0.0007199166025907778,-0.0013389248371437335,-0.0006544063080481001,0.002909109650346275
2346,-0.00118749137515276,-0.0022466476823266002,-0.00213107820057315,-0.0017239147303434333,-0.0007403076051293667,-0.0006542192540867114,-0.0012971470023893,-0.0005645260328372667,0.0030257434528835996
2344,-0.00121312619231338,-0.0023235006015483502,-0.0021759776841440504,-0.0017434379802767,-0.0006347448668891,-0.0005477715579919,-0.0012163766727746666,-0.0004081783319287723,0.003134821294114325
2342,-0.00122475132861222,-0.0023442092707574,-0.00216534225343165,-0.0017302408276914667,-0.0005635828734591999,-0.0004975816172810666,-0.0011730956580865998,-0.00033676806472147225,0.003163983375935
2340,-0.0012143910912700202,-0.0023456872415733004,-0.00216227164275835,-0.0017330555761149666,-0.0005913850721711334,-0.000558634728813,-0.0012303170148615999,-0.0004302876662167,0.0030816020522765747
2338,-0.00118829738755218,-0.002357643087884,-0.0022001255747476998,-0.0017666699588430332,-0.0006767260372163667,-0.0006661322903805666,-0.0013420308010336998,-0.0005879466497109,0.0029459919931829753
2336,-0.00117344577386474,-0.002355396001122175,-0.00222604998801815,-0.0017713105289510998,-0.0007088585274158667,-0.0006939598608435611,-0.0013764543223410333,-0.0006311660429108667,0.0028985704714301497
2334,-0.00119256608009964,-0.002314849031063125,-0.0021874782663560003,-0.0017012022782294668,-0.0006355206241077666,-0.0005930049034145332,-0.0012645275481048667,-0.0004980462090402667,0.003028638616065675
2332,-0.0012292659504706,-0.002255263120607175,-0.00210878615983405,-0.0016033446446582667,-0.000528894189929,-0.00045448617768066666,-0.0010970295639738,-0.0003180635129401833,0.0032297674616776004
2330,-0.00124235248787152,-0.0022052859336664753,-0.00204850194929455,-0.0015612093478156333,-0.0005016412818668001,-0.0004109395773827,-0.0010244692956591,-0.0002693091186172611,0.003295757080785675
2328,-0.00121654780621028,-0.00216678070783145,-0.00202528903315845,-0.0015944404566064334,-0.0005846581435176667,-0.0004978437844879,-0.0010900173637004,-0.00039258525019313334,0.003162686787467275
2326,-0.00117633053792996,-0.002127147665436925,-0.0020151115045961,-0.0016506741774887001,-0.0007147216460309334,-0.0006399409005799334,-0.0012095959121814666,-0.0005822589770027334,0.00296065743165315
2324,-0.0011497857350405,-0.0020788977128392253,-0.00199067841558105,-0.0016720292360794334,-0.0008169817597416668,-0.0007497057498462,-0.0012903478853722667,-0.0007283968758234333,0.0028314296327818
2322,-0.0011401846060368,-0.0020219195049522498,-0.00194517888793565,-0.0016450806373963,-0.0008705193303358722,-0.0008082774653411,-0.0013218028138685999,-0.0008182391710585333,0.002786312694375825
2320,-0.00113752961606826,-0.0019684229285151502,-0.0018946442464881,-0.0016011313740696002,-0.0009021761574056,-0.0008546201545552665,-0.0013523042398602,-0.0009001214475118334,0.002762280432463875
2318,-0.0011396754189921,-0.0019421530294914248,-0.00186240102802755,-0.0015814634152771,-0.0009408445454625334,-0.0009195716437402666,-0.0014093646548471335,-0.0009928868038900666,0.0027417839064180754
2316,-0.00115045657133308,-0.001947413102660725,-0.00184629689896175,-0.0015906904941454334,-0.0009845079648644667,-0.0009856933788521,-0.0014635710462745002,-0.0010633420423163,0.0027611021573472
2314,-0.00116802551733178,-0.0019531838702745,-0.00181598790428995,-0.0015934453269719666,-0.0010125466624699667,-0.0010182923451497333,-0.0014702909006836,-0.0010831747464740335,0.0028348714622343
2312,-0.0011860748240508999,-0.0019325804866227748,-0.001759764450698,-0.0015667745739608666,-0.0010223295133106,-0.001018343966023,-0.0014269164551575664,-0.0010711078015954,0.00292933584731435
2310,-0.0011986111520278999,-0.0019036733475913752,-0.0017155306148512002,-0.0015412976507147003,-0.0010452607081820667,-0.0010332775912696333,-0.0013886001116557,-0.0010817511839921999,0.0029875801790914753
2308,-0.0011999337615412001,-0.0019013199266761,-0.001725467697451,-0.0015654665231078998,-0.0011162139893580666,-0.0011100766163661,-0.0014213879786183,-0.0011620301861468,0.0029679743763347498
2306,-0.0011891794349033799,-0.0019188729590967997,-0.00177455603361335,-0.0016351941788697666,-0.0012298510282418666,-0.0012423161220505,-0.0015332557229276334,-0.0013114950490417,0.0028855188850152
2304,-0.00117770662984366,-0.001918152674406425,-0.0018111951427465,-0.0016956325709180668,-0.0013442394007220665,-0.0013775125653345665,-0.0016656368706724333,-0.0014829241772694,0.0028184145238889
2302,-0.00118116487278374,-0.0018879402411809752,-0.0018130109541787,-0.0017101447780727668,-0.0014268581146761,-0.0014723717824421,-0.0017556386777909667,-0.0016245225497280667,0.0028391973811071995
2300,-0.0011978380021041997,-0.001855186066648425,-0.00179673236049525,-0.0016968555421300333,-0.0014853115359566335,-0.0015334613918903666,-0.0018009654769140333,-0.0017315936778892667,0.002919699868061625
2298,-0.00120471221690686,-0.001836846943786925,-0.0017706023249674501,-0.0016876184810235,-0.0015464214912822667,-0.0015986594797868668,-0.0018507547226561001,-0.0018470401509660002,0.0029413924958006247
2296,-0.00118022323969974,-0.001819641978945,-0.00172688906949355,-0.0016861681295225002,-0.0016214424937862667,-0.0016898656712756334,-0.0019419732471081333,-0.0020034631305246,0.00281017551881565
2294,-0.00112430495407098,-0.001797061309951075,-0.0016894328593391999,-0.0016884239806296,-0.0017046420525900668,-0.0017944521787036,-0.0020654180561211666,-0.0021773660001403335,0.0025371376816248747
2292,-0.00105438162173032,-0.0017837746594311999,-0.00170317255430395,-0.0017058003416598334,-0.0017843723668877667,-0.0018802090986193667,-0.002181896623005567,-0.0023080423421348332,0.00221343957228875
2290,-0.0009901131966451198,-0.00177922397500045,-0.00175265424367585,-0.0017373770966019333,-0.0018390626611142667,-0.0019214698552242667,-0.0022503174763009665,-0.0023534235617948995,0.0019380891350056248
2288,-0.0009494525723851999,-0.0017699742635372748,-0.0017711381701297998,-0.0017590807492057665,-0.0018463553925551332,-0.0019190538633408333,-0.002243906869265433,-0.0023163803051830002,0.0017884195694349253
2286,-0.00094487104900974,-0.001770094840500125,-0.0017426497307536,-0.0017602280430831334,-0.001809542921930667,-0.0018957421440266,-0.0021650682954316666,-0.0022312150125021334,0.0017982061760174251
2284,-0.0009701364222413601,-0.0018053020972887,-0.00172478005492735,-0.0017558754340143,-0.0017561318953742,-0.0018670389343303333,-0.002050578247995,-0.0021390186036119,0.001920089009229175
2282,-0.00100392550121472,-0.0018590806445718,-0.00175894524472085,-0.0017543186419425665,-0.0017036633015534333,-0.0018213392873873667,-0.0019445611054206668,-0.002064785564643266,0.002064232801319275
2280,-0.0010330636015367799,-0.001879464791821225,-0.0018134861381273,-0.0017439988643199666,-0.0016490996533342333,-0.0017425862341800332,-0.0018668792216794666,-0.0020085824893662668,0.00219129361673995
2278,-0.00106020015586006,-0.0018445896625426,-0.00183385225509375,-0.0017206375408067333,-0.0015951708259089002,-0.0016460517144072,-0.0018132556150900001,-0.0019545003375298665,0.0023201825636863004
2276,-0.0010871662467197,-0.00178465366646,-0.00181001126828255,-0.0016943727528271,-0.0015563519474424334,-0.0015646585855369332,-0.001771702203882167,-0.0018854366246874334,0.0024522338136414752
2274,-0.0011068282387361,-0.0017322616069155498,-0.0017661074988149,-0.0016598342219650332,-0.0015285033992447333,-0.0015021046634333,-0.0017299262168355668,-0.0017953157530594,0.002555938496471925
2272,-0.00111755637487906,-0.001699270096986025,-0.0017194927211987999,-0.0016015294915347,-0.0014868457775097002,-0.0014392027463245999,-0.0016792554072358335,-0.0017013536765025001,0.0026297343048754503
2270,-0.0011320582844955597,-0.001698168317288975,-0.0016752672055589499,-0.0015326707852406334,-0.0014217535881541332,-0.0013749382205363,-0.001618213613636733,-0.0016357851741828331,0.0027211666884756998
2268,-0.00116594569723438,-0.001727035572302425,-0.0016278947498097498,-0.0014810766987446,-0.0013440038185804333,-0.0013181665454531334,-0.0015433530829232665,-0.001600847216726567,0.002888075587862125
2266,-0.00123073538723166,-0.001739688559457375,-0.00155514284246725,-0.0014357986389067665,-0.0012511165440971335,-0.0012518042047815333,-0.0014422479533817666,-0.0015481779672198998,0.00319862277974975
2264,-0.0013390296124691401,-0.0016955347666740748,-0.00144781316697135,-0.0013678024955010668,-0.001136495279366067,-0.0011572908138557999,-0.0013177705396044334,-0.0014369067621663666,0.0037363722428080002
2262,-0.00149068594654414,-0.0016354170517887748,-0.00134667454685865,-0.0012973397179409,-0.0010384234641477666,-0.0010658265570434335,-0.0012119475469084,-0.0012980614360825666,0.0044827158892764
2260,-0.0016459492305871601,-0.001623371662031975,-0.0012866324426956,-0.0012593130316869668,-0.0010129596859946,-0.0010160660055219667,-0.0011586733498514664,-0.0011899784410393667,0.005201397390451
2258,-0.0017285516754578002,-0.0015766783325708,-0.0011746995039248,-0.0011683551006268,-0.0010159355459864667,-0.0009366566749734667,-0.0010873955607161331,-0.0010693651218647998,0.005540447164738624
2256,-0.0016647042262811003,-0.0012134763390218499,-0.0007741267219880999,-0.0007814375714404333,-0.0008315468383504333,-0.0006176071300624333,-0.0007951957387597666,-0.0007423115777321002,0.005274412115443075
2254,-0.0014605340755418999,-0.00043056786160181694,-6.468764196631401e-05,-7.217461845633386e-05,-0.00033423928953263334,-3.804214493999893e-05,-0.0002522399688746333,-0.00018151781571063333,0.004541815947258875
2252,-0.0012287881037425,0.000261146073494125,0.00043806238319255003,0.0004138057908802334,0.00010294524487856367,0.00031647634617756664,7.972576275156507e-05,0.00013948941426186666,0.0037099561217513507
2250,-0.00108247228029758,0.0004861798339299483,0.0004856495371374,0.00041842675976163334,0.00023357672425800002,0.0002795443727749333,5.065057804499543e-05,8.380111900895958e-05,0.0030817906398784255
2248,-0.0010440625419,0.00036281639005730814,0.0002818998263193,0.00019973608878596667,0.00018769854044632154,0.00012382281208432797,-8.209230559331636e-05,-5.5950260031638946e-05,0.002767918230333575
2246,-0.0010593213043608,3.863658504966676e-05,-4.476793031231048e-05,-8.833961638213966e-05,1.807768417182794e-05,-8.066633829747315e-05,-0.00026161988707446666,-0.00022668752020046665,0.002651241769043625
2244,-0.0010840643013604,-0.0003805235342855,-0.0004224816041415,-0.0004101804409693333,-0.00023960574944669998,-0.00034693326850166665,-0.0004981491153173333,-0.000462136167829,0.002636461533616125
2242,-0.00110370081645278,-0.0007570489787493001,-0.00074194023817915,-0.0006926697013354333,-0.0004827020789280667,-0.0005891771422606,-0.0007187432492515999,-0.0006934012983246667,0.00268257661331855
2240,-0.00111819727712308,-0.0009805202621198,-0.0009254448936393,-0.0008528060927627999,-0.0006318717092395333,-0.0007112882625767334,-0.0008477886527675666,-0.0008358792805611333,0.002756643257152175
2238,-0.00113283190344032,-0.00105978823019855,-0.0009941333037092,-0.0008903533609771665,-0.0006993781215303667,-0.0007227847013794,-0.0008876073570193999,-0.0008943761235455334,0.002839010263259925
2236,-0.0011495987843393,-0.00109724004485365,-0.0010259667517619,-0.0008853121668022001,-0.000744537479749,-0.0007068953533052,-0.0008917333848747667,-0.0009321603086260001,0.002914077743022825
2234,-0.00116250389058342,-0.00116489753751555,-0.0010655927691098,-0.0008975968665949335,-0.0007893973951141334,-0.0007056921452030666,-0.0008928801188963333,-0.0009673989052354999,0.00295422951552935
2232,-0.0011647056390503801,-0.0012510945913314,-0.0011120364827585001,-0.0009224295132135334,-0.0008162306855766999,-0.0007074433167089667,-0.0008928372877796,-0.0009656218298526,0.002943123551631125
2230,-0.0011587774264057,-0.001317093765160075,-0.0011633227436400502,-0.0009420166272485665,-0.0008227436590926666,-0.0007175713923524,-0.0008984304777887334,-0.0009226510913440334,0.0029078568246497247
2228,-0.0011546607341421,-0.00134506583875485,-0.0012151887834692498,-0.0009568035132320334,-0.0008228748044050667,-0.0007549126865467,-0.0009166418247445,-0.0008848070062472666,0.002894517986191925
2226,-0.0011592894522170403,-0.001329639719612875,-0.0012383939142532,-0.0009602382062199334,-0.0008069774407947001,-0.0007905153341459999,-0.0009267896395524,-0.0008745662914847,0.002917859170624675
2224,-0.0011723026454330998,-0.0012810687589115749,-0.0012133642025463501,-0.0009418987441527334,-0.0007592375610906333,-0.0007750028782918,-0.0009030879894894999,-0.0008600883182744001,0.002962766671415775
2222,-0.00118817973894662,-0.001242746920017,-0.0011670343228362499,-0.0009218455258248999,-0.0007029055209424334,-0.0007213679532625999,-0.0008490919383378,-0.0008090258020856334,0.0030192036029832
2220,-0.0012006974154045002,-0.001249675494548525,-0.00112818415428895,-0.0009267131286624333,-0.0006721412672122668,-0.0006825677625690333,-0.0007823513919957333,-0.0007242290999703666,0.0030872677078639
2218,-0.00120860175534514,-0.0012687948190786501,-0.0010746313713728,-0.0009340240725156332,-0.0006501600463257334,-0.0006522510829841,-0.0007052297986033666,-0.0006212136639727334,0.003160233718174975
2216,-0.0012151748907584998,-0.0012409945827084,-0.00098189220039065,-0.0009034947824833,-0.0005953930203283334,-0.0005784435953352334,-0.0006260272185507667,-0.0005219085008149666,0.0032207462030111
2214,-0.00122158067567046,-0.0011731989506312999,-0.0008887902972495999,-0.0008527524839735001,-0.0005154917547025333,-0.0004716000952287333,-0.0005768020297526,-0.000467155484975,0.003259010584022975
2212,-0.00122306021293094,-0.0011294584243648248,-0.00084837378996565,-0.0008326792781943333,-0.00046083477226735594,-0.0004116911727211333,-0.0005687276467275667,-0.0004823368279481,0.003283504733290025
2210,-0.00121658219219862,-0.0011373206435381501,-0.0008524269028687,-0.0008342764682641333,-0.00045566722061570527,-0.00043626840836886674,-0.0005748247456424999,-0.0005365659726785,0.0033083004744048
2208,-0.0012089679409861601,-0.0011652277094459749,-0.0008690295913974,-0.0007992830767513333,-0.000489194403067156,-0.0004970465873709334,-0.0005906248148523,-0.0005763360510601333,0.003338325421201425
2206,-0.00121059087045586,-0.0011754432858638998,-0.0008956897206092,-0.0007144350303861666,-0.0005430243329527666,-0.0005231969110858,-0.0006468538856538333,-0.0005779148739354999,0.0033676079197464998
2204,-0.0012213875203088,-0.00114392473859725,-0.0009133004925449501,-0.0006258305880667334,-0.0005792497535779001,-0.00047909677300959994,-0.0007233869222864333,-0.0005448466519267333,0.0033918628511338247
2202,-0.00123233155955928,-0.001054807641629775,-0.00085829949733665,-0.0005602024000105668,-0.000546876738807,-0.0003712953860856333,-0.0007248654450816333,-0.0004791279373084333,0.0034181951855355
2200,-0.0012382500805394,-0.0009294971168958,-0.0007193639325029501,-0.0005071326070915,-0.00045328197925999995,-0.0002512521530974333,-0.0006069184635121333,-0.0003953872677441333,0.00345503780647895
2198,-0.0012403355868365,-0.000838244084153025,-0.00059798008211555,-0.00047146752933430007,-0.0003836386011218,-0.0001955814054430667,-0.0004581993608137667,-0.00033401244401480004,0.0034974735059564496
2196,-0.0012396185936955598,-0.000820943402592525,-0.00057658086545325,-0.0004669813454160333,-0.00038634964679279995,-0.0002206813932333497,-0.0003819452591716667,-0.0003074896729891333,0.003529933148793625
2194,-0.00123883758729222,-0.000832962826640775,-0.0005966832897867,-0.0004725728115543334,-0.0003937536118572,-0.0002499501723537563,-0.0003622398784884,-0.00027300764940396666,0.00354913852913465
2192,-0.0012469956007210201,-0.0008251211139023,-0.0005690532633426,-0.0004535330812196,-0.0003265669792735218,-0.0002129174991695553,-0.0003285612570308549,-0.000198913604648655,0.0035741577044825
2190,-0.0012699553230233,-0.00081158487798005,-0.00051795852063995,-0.00040843283888090004,-0.00021155949638906665,-0.00012161978802037735,-0.0002736768521728442,-0.00010543638565987746,0.0036324944802990497
2188,-0.00129765572642454,-0.0008037310540548751,-0.0005107244187827,-0.0003484641785086666,-0.0001222434424911,-1.1605526510944389e-05,-0.00021848281952688842,-6.696026078732535e-06,0.003734622153514125
2186,-0.0013146604717591,-0.0007553557139661,-0.0005197699906191,-0.00026595716036086666,-6.04142750512e-05,0.00011529824301095583,-0.0001401511725783554,0.00011407157975821148,0.003857975572501075
2184,-0.0013215477901403001,-0.000652911775203825,-0.0004739140684959,-0.0001719280428228,7.953990233366655e-06,0.00022777526545466665,-2.62497017419326e-05,0.00022546157752493333,0.003955948312149125
2182,-0.0013338876347861201,-0.000583605075254775,-0.00039014048540899997,-0.00012009344006903306,6.12633283268666e-05,0.00024070502287086665,7.02685145892671e-05,0.00023763305522609999,0.003994646115870925
2180,-0.0013576135256152199,-0.0006003734539466749,-0.00033179544589775,-0.00011500647726067854,8.082308201059395e-05,0.00015988360935853332,0.00012894081777462744,0.00016167472725692728,0.00400362735556495
2178,-0.0013782130071738799,-0.00061554912671715,-0.00029003408360865,-7.788277803983334e-05,0.0001239412807429056,0.0001284599573775,0.00021815477700543333,0.00015032163966590575,0.004039651396119949
2176,-0.00137806556922344,-0.0005481706400566251,-0.00024016589551737467,1.91531180575832e-05,0.00022422488061734987,0.00022004144114219998,0.00034952200641600006,0.0002849467716088667,0.0040934776273424504
2174,-0.0013553835391474799,-0.00046426607352598344,-0.00022467558553236695,9.015895963791102e-05,0.00030717962843932205,0.00032344968656843336,0.0004071798910484667,0.00045292958772846667,0.0040955529063533
2172,-0.0013257917902227002,-0.00046175493086815,-0.00026758425940355063,7.85058181864998e-05,0.0003053640591820998,0.0003293875665099,0.00032847088254969996,0.0005205086470383666,0.004033169044381375
2170,-0.0013069432770127,-0.0004946397958178171,-0.00028670192023925003,6.226811987508734e-05,0.00028323667668150003,0.0003128624156859667,0.00023330286229907723,0.0005251971640637333,0.00399167808878745
2168,-0.001307947407763,-0.000437411697885725,-0.00018956275283881605,0.00014276768280668917,0.0003521211793071667,0.00041069826724230004,0.0002767609445790893,0.0005883319946055999,0.0040589074552919244
2166,-0.0013295570678794,-0.00025147282246875,9.526716472690614e-06,0.00032033057289986667,0.0005297421355396932,0.0006290285591045666,0.0004776103318765667,0.0007509899707024667,0.004241324435344125
2164,-0.0013649503024707002,1.0952051460042241e-05,0.0002436542103222,0.0005494188796811334,0.0007731425292838333,0.0008951258195277,0.0007665920362982999,0.0009942541030783,0.0044940040849487245
2162,-0.00140572588039516,0.0002934883654411244,0.0004922693478416,0.0008259039405206667,0.0010756304543628667,0.0012027815316844334,0.0011168673943065001,0.0013201806956138335,0.00479058295730015
2160,-0.00144167534500782,0.0004855366731432,0.0006854012311393,0.0010666191407482334,0.0013673540926126334,0.0014986918948521665,0.0014429864985606668,0.0016375316197382334,0.005049917911544775
2158,-0.0014561713394612198,0.00041538178308825,0.00064928834756075,0.0010456433043450001,0.0014351929471948333,0.0015563674870147334,0.0015110874547970335,0.0016940776741590335,0.00509205685771075
2156,-0.0014430698936197402,0.000110468296244,0.0003666554637656,0.0007184889080443334,0.0011992405248956001,0.0012757976754829332,0.0012421687006337334,0.0014107777925139668,0.00488137590933943
2154,-0.0014120433682345201,-0.00019229035613047514,3.277683651775e-05,0.00032462797247946666,0.0008409428286883666,0.0008592933420775668,0.0008308798270636667,0.0009984518663801335,0.004581241521045425
2152,-0.0013744058516352601,-0.000376366626287875,-0.00023058970887978344,3.97876044983778e-05,0.0005242846038268,0.0005059883993588,0.00045736448271909997,0.0006238541798264333,0.004325777239491825
2150,-0.001339161705387,-0.000530256007523725,-0.0004549029769297,-0.00015826170732918888,0.0002630172185595389,0.0002304887682916389,0.0001590066108464388,0.00030235427334467216,0.0041365183255859
2148,-0.0013096297288917203,-0.000734453547942125,-0.00066369051322185,-0.0003322120037431,3.450242162023334e-05,-1.231015389533334e-05,-6.63619692361443e-05,3.2163989170461134e-05,0.0039757656460589754
2146,-0.00128420174115232,-0.0009337010222992,-0.0008131320543341,-0.0004732089073189,-0.0001406767495383,-0.00020546510017454425,-0.00020106286480250547,-0.00015612300697781092,0.0038197338516730503
2144,-0.00126398448738472,-0.001057485296376425,-0.0009007411894018,-0.0005655920914820334,-0.00025377816996973335,-0.00032718219028286664,-0.0002680486322489,-0.0002670457666209,0.0036798063877887003
2142,-0.0012517628778090403,-0.00113894941159175,-0.00099659775855185,-0.0006499303389820333,-0.0003459450836539053,-0.00042229068324443333,-0.0003474041843881,-0.0003525409422153,0.003568994931651975
2140,-0.00124429017224064,-0.001238186810734125,-0.0011169900965097498,-0.0007591030620608333,-0.000446891713868578,-0.0005344909058798,-0.00047655538554983325,-0.0004355578299976666,0.003479724636998925
2138,-0.00123755178085,-0.001336560089585275,-0.0011853151686760498,-0.0008647308449639667,-0.0005374245095431,-0.0006291174700111,-0.0006001410525800667,-0.00048688426059130004,0.003410801621011
2136,-0.0012364886719945603,-0.0013922167732703498,-0.0011703397442685,-0.0009387416205091332,-0.0006084182585556667,-0.0006617268172063668,-0.0006652356269532667,-0.0005060433750463334,0.0033801233211696
2134,-0.0012451412603441,-0.0014239264138014751,-0.00115822245637075,-0.0010019870587398333,-0.0006905110695059,-0.0006680911613088001,-0.0006991843300993332,-0.0005511564408509334,0.003380814498904175
2132,-0.0012529379357990001,-0.0014710587375416,-0.0012272249039177998,-0.0010749398952455667,-0.0007932702612381666,-0.0007139196251480666,-0.0007553027046272332,-0.0006544383201745333,0.00336353227595235
2130,-0.0012476248061033001,-0.00153125334617635,-0.0013435402174866,-0.0011389348274548998,-0.0008797805088240333,-0.0007989831408295334,-0.0008373008251840666,-0.0007759112352475668,0.00330111007553995
2128,-0.0012338005555802803,-0.0015978020583360501,-0.0014490736539098,-0.0011839935100170999,-0.0009315251440338666,-0.0008839767940731334,-0.0009242152923577667,-0.0008733607654793,0.0032246595336888747
2126,-0.00122491331641616,-0.0016914642083612499,-0.00154408284370415,-0.0012362407572833667,-0.0009803872278952,-0.0009620862361529333,-0.0010144900215054333,-0.0009530020008682334,0.00317040564948815
2124,-0.0012235075676343,-0.00180624648081545,-0.0016377718234395502,-0.0013076693203981002,-0.001050024930349,-0.0010475129115717666,-0.0011057372243395,-0.0010326811116338,0.0031320383019410748
2122,-0.0012241345230377002,-0.0018788421902402497,-0.00169427303754805,-0.0013657602690627334,-0.0011099735091412333,-0.0011242216706636666,-0.0011694453528955668,-0.0010974000895302334,0.0031001091071777
2120,-0.0012301576314451602,-0.00186102953517575,-0.00168046605991355,-0.0013831133315955,-0.0011221030667304666,-0.00115660803116,-0.0011829944799691,-0.0011202027928523333,0.003106255671387525
2118,-0.00124950671272066,-0.001786814503803425,-0.00162272363402845,-0.0013761507321618331,-0.0010968850602062665,-0.0011389368941161666,-0.0011626083261087332,-0.0011033528010130332,0.003175147531835675
2116,-0.0012759514888104,-0.00172101993479255,-0.0015635795265509,-0.0013611393872524,-0.0010630049952636666,-0.001092043887378,-0.0011307377015589667,-0.0010647025289375002,0.003266893936396775
2114,-0.00129224419748072,-0.00167558828738085,-0.00150070740499915,-0.0013175141619056665,-0.0010142188257102,-0.0010241691211911666,-0.0010768210164344668,-0.0010037462146351333,0.003323826360333675
2112,-0.0012919289519425202,-0.00163794886502975,-0.001433443412739,-0.0012464246617851,-0.0009447485259606001,-0.0009466165073796668,-0.0009999018036163333,-0.0009258109573009,0.0033418598133814247
2110,-0.0012841024614034199,-0.0016393043256553502,-0.0014236219820384,-0.0012199021779388999,-0.0009101959896406667,-0.0009146076682415666,-0.0009642680375605001,-0.0008844491277364,0.0033459066680012
2108,-0.0012769647749447401,-0.0017092739865293251,-0.0015185060017223499,-0.0012936077217225001,-0.0009747031832899,-0.0009780615648070001,-0.0010369938858161333,-0.0009363152989218666,0.0033338500223044753
2106,-0.00126968294919356,-0.0017920135272198752,-0.00164644703875965,-0.0014034572880624,-0.0011046225768431,-0.0010932805345573334,-0.0011789117661574332,-0.0010550509570848002,0.0032984567631133502
2104,-0.0012616723903995201,-0.0018005116257990002,-0.00168640575621295,-0.0014362520554804664,-0.0011909956952508333,-0.0011548531149254667,-0.0012744353197659333,-0.0011471854884137333,0.003269279816958775
2102,-0.00125601202682676,-0.001737621772751375,-0.0016184454708199,-0.0013756990056382333,-0.0011733583123964,-0.0011156204424506333,-0.0012632536007757666,-0.0011482971878108,0.0032732263849542
2100,-0.00125197679630126,-0.001685706471151025,-0.0015301986343358499,-0.0013036519540381333,-0.0010908976302153666,-0.0010258629760156667,-0.0011874650460171666,-0.0010710533343878334,0.0032838133519203
2098,-0.00124748454357996,-0.0016816024737064,-0.001485828087225,-0.0012710108691812334,-0.0010093668681482335,-0.0009499342687852001,-0.0011069717806431335,-0.0009648751214944665,0.0032729752400131
2096,-0.0012493704256723603,-0.001690354293113125,-0.00147910761475415,-0.0012584854880575331,-0.0009599185819860333,-0.0009080246398141667,-0.0010381016247677,-0.0008756270926911666,0.0032775170169253
2094,-0.0012664688352437398,-0.0016943576767750749,-0.0014988631202149999,-0.0012531810291084335,-0.0009524836637028001,-0.0009039031544418666,-0.0009867962883618334,-0.0008409384494486,0.0033425900151995
2092,-0.0012917388243947998,-0.0017141555951014,-0.0015424011864863,-0.0012697680652783,-0.0009811225009531666,-0.0009375726166127333,-0.0009685271154208,-0.0008653191681008667,0.00342990195362435
2090,-0.0013071837419232801,-0.00174052268098455,-0.00157247341600805,-0.0012953948227138333,-0.0010124881891846332,-0.0009812230777913,-0.0009777803317376668,-0.0009038114037281,0.003464653822796925
2088,-0.0013051490156259402,-0.0017371332804196,-0.0015503231722408,-0.0012977835273446333,-0.0010193627901946666,-0.0010000509645305333,-0.0009944818413455665,-0.0009138678790353667,0.00343931694253165
2086,-0.00129283608760542,-0.0017127957023473999,-0.00150580802894015,-0.0012865589748300666,-0.0010216557201118334,-0.0010011111253686999,-0.0010246214600817,-0.0009089714999797666,0.003403523243741
2084,-0.00127997337979616,-0.0017141045155931749,-0.00149827205180265,-0.0012959662951519332,-0.0010492238790277668,-0.0010134323767679667,-0.0010828247047799,-0.0009235242117559667,0.00338565281580645
2082,-0.00127250459371482,-0.001739486497363575,-0.00151377792506965,-0.0013092481997309666,-0.0010755839455137332,-0.0010219071462746999,-0.0011336056930615335,-0.0009417714756338001,0.00338437227472915
2080,-0.0012757423555330798,-0.001735912481896925,-0.00148621107529975,-0.0012753042114715999,-0.0010463186838105332,-0.0009820353398556,-0.0011122202980435333,-0.0009192615277887,0.00341367135518255
2078,-0.0012897062882823002,-0.0016916718009828751,-0.0014156886780632,-0.0012027588375055668,-0.0009696613669764333,-0.0009062706707570001,-0.0010194430154927998,-0.0008677473663344333,0.0034839186062348
2076,-0.00130293095819746,-0.001656281997451425,-0.0013746442802943,-0.0011593314535058665,-0.0009131872492180332,-0.0008669046118345,-0.0009388862781899333,-0.0008508362052621001,0.00355610184478505
2074,-0.0013065781715947198,-0.0016439961829225,-0.00138217182686115,-0.0011605329090393333,-0.0008962508579925,-0.0008865969981442333,-0.0009247022332268335,-0.0008792085715728333,0.00359007626024395
2072,-0.00130995994001326,-0.0016046990770825,-0.00137916120508675,-0.0011495324690943335,-0.0008666911015558334,-0.0009018924914753666,-0.0009377439650655335,-0.0008876762066229333,0.003611328389743825
2070,-0.00132547088505734,-0.00152429393394425,-0.001348000803822,-0.0011078235045564333,-0.0008025897209794334,-0.0008637038218158333,-0.0009258240137118,-0.0008385174020974334,0.0036583402496784996
2068,-0.00134435333763386,-0.0014727462449374998,-0.00135195612757725,-0.0010946640138339,-0.0007605750883756666,-0.0008078346130904334,-0.0009041015449237333,-0.0007784482926754334,0.00369862220465685
2066,-0.0013489044967112001,-0.0015078191081893,-0.0014198545639422001,-0.0011457702958751,-0.0007916896417617,-0.0007917763450712,-0.0009137870552330668,-0.0007592363336386001,0.0036794379907666
2064,-0.00134156216409634,-0.001601218588161075,-0.00148981496458075,-0.0012184761665815667,-0.0008761677528771666,-0.0008227244005956334,-0.0009535298159181332,-0.0007705461042490333,0.003626033676146325
2062,-0.0013385838043868,-0.0016901724344692498,-0.0015081635034843001,-0.0012668281168757998,-0.0009639820669194334,-0.0008761282737226999,-0.0009948058248905667,-0.0007854247543862999,0.003601815579646575
2060,-0.00134000722070126,-0.0017431771729073248,-0.00149909890472905,-0.0012954756693276,-0.0010251251705464667,-0.0009271108976601333,-0.0010253268847299666,-0.0008104416119671,0.0036013755695380252
2058,-0.0013329603121464602,-0.0017496687331679,-0.0014919114306309999,-0.0013084407675223,-0.0010423391127968998,-0.000943968018695,-0.0010442147395098667,-0.0008555616907565334,0.0035782960130008997
2056,-0.0013220403931802599,-0.0017065574004724,-0.0014690633853423,-0.0012828958855991667,-0.0010073730122668668,-0.0009071359448509,-0.0010444271787345668,-0.0009019679537019,0.003551310561448775
2054,-0.00132710089851112,-0.001648494321099175,-0.00142719537691525,-0.0012254638906057335,-0.0009494831686987001,-0.0008553720806133,-0.0010268153123313666,-0.0009280676720906001,0.0035815035706711004
2052,-0.00134924352090946,-0.0016285553734896,-0.0014025418483624,-0.0011816185870511,-0.0009133699152035,-0.0008529361124324,-0.0010008917873458331,-0.0009289772163677,0.003660996300014375
2050,-0.00136754792753178,-0.001635836960687125,-0.0013896458532633498,-0.0011551606828970999,-0.0008860651915850334,-0.0008837350590832001,-0.0009506409568751668,-0.0008856272382311668,0.00372853116688825
2048,-0.00137387804399408,-0.00159596885762305,-0.0013162992472594498,-0.0010950488871789667,-0.0008081245853699667,-0.0008453976499695999,-0.0008436547657114667,-0.0007623227806144,0.0037801633092329
2046,-0.00138225158702888,-0.0014880404152636,-0.0011634893175628,-0.0010020667292552998,-0.0006832490835813001,-0.0006908125972526999,-0.0007039021213657001,-0.0005799008229333333,0.0038573019573528754
2044,-0.00139498314660352,-0.001392987122299275,-0.0010345785067446,-0.0009572145059974334,-0.0005975209526828668,-0.0005141551526290333,-0.0006103498014760999,-0.0004283655457249667,0.003937238796703726
2042,-0.0013912485134221397,-0.00136449642065005,-0.00101399461430135,-0.0009837825467695668,-0.000584649919762,-0.00041772591937576663,-0.0005843810945038667,-0.0003524247215998,0.003954982832551425
2040,-0.0013647724289899197,-0.001358524582706575,-0.0010632374887891,-0.0010011217668432,-0.0005837301433053,-0.0003998179627918,-0.0005696937632910667,-0.0003189113389049333,0.003922072356607825
2038,-0.0013450568931039199,-0.0013201617974325,-0.00109837521192785,-0.0009430544084717665,-0.0005406957102673333,-0.0004042761707457,-0.0005182994550370334,-0.0002906907408110333,0.0039280232444107
2036,-0.0013602213793532402,-0.001253364724446075,-0.00108273389330785,-0.0008357434815184666,-0.00046699964955160007,-0.00038539336101629996,-0.00043047860338,-0.00025415105991823334,0.0040163013301927255
2034,-0.0013997798981353,-0.00118129932390835,-0.001023211177002,-0.0007318509144105333,-0.0003887471188355333,-0.0003217304906786333,-0.00031816418605166665,-0.00019360707958593335,0.004139755520865475
2032,-0.0014338656518408399,-0.0011089773048407,-0.0009381058835531,-0.0006540446699047335,-0.0003172129950084498,-0.00022913642993966667,-0.00020082996204273334,-0.00010933272037049991,0.004237911177335175
2030,-0.00144598741454306,-0.0010501730095025,-0.0008622708920544,-0.0006157751118744667,-0.0002764062181036,-0.00016566924458653333,-0.00013005608880134464,-4.748543436478938e-05,0.00427898294579935
2028,-0.0014380062538867802,-0.0010145790847229,-0.0008149279597438001,-0.0006027449935853999,-0.00027050547398083905,-0.00015290440082673895,-0.000130435753245078,-3.94043828552111e-05,0.004257469404688
2026,-0.00141947832381382,-0.000984898099292625,-0.0007744158157144,-0.0005632337061921666,-0.0002605704711209223,-0.00013188981511267785,-0.0001556630024765555,-5.343275380657771e-05,0.004203408187212199
2024,-0.0014066491724703,-0.0009620087171357749,-0.00073450715688405,-0.00048614927633006664,-0.00022881485539796116,-5.734557489458879e-05,-0.00015382525013519442,-5.359108416935546e-05,0.004192053110952225
2022,-0.0014173457729312,-0.00098290421452315,-0.0007368566121958001,-0.0004419682657070334,-0.00020800302597881665,3.372802202003333e-05,-0.00011285838371556674,-3.391307016816671e-05,0.0042890415458918755
2020,-0.00144596961755186,-0.0010408985586519998,-0.0007863710862467,-0.0004707165452309333,-0.00020594024805846127,9.550334911613332e-05,-3.640335103401706e-05,1.663709353644961e-05,0.004452734510527125
2018,-0.0014620290997771402,-0.001066405372486675,-0.0008095867099939,-0.0005010989318370334,-0.0001755965609705725,0.00014147366935812736,5.673371100798844e-05,0.00011151398006519423,0.004560418677456975
2016,-0.0014470698091817,-0.001041121287411925,-0.0007699580174721,-0.00047597351851056665,-0.00011493935478343332,0.00017183669077927807,9.00162895497221e-05,0.00019704620905406668,0.004532025761657575
2014,-0.00141893498582388,-0.001043068177478825,-0.0007447722488353,-0.0004633766833857667,-0.0001066757492363,0.00013044954994423898,-1.3730011993994603e-05,0.00018004192888547226,0.0044020672746787
2012,-0.00140612343155752,-0.001111028141128225,-0.00079911437515055,-0.0005344305622106,-0.00018497932705068885,1.4006835957122243e-05,-0.0001886507498538888,7.401162428074451e-05,0.00427068806942685
2010,-0.00141049095526496,-0.0011759327964739,-0.00088172920534315,-0.0006348075347352666,-0.00027363713916568887,-9.406245723761112e-05,-0.0002854444649933889,-1.7715124248944472e-05,0.004193045562558525
2008,-0.0014173633187534401,-0.0011916531329231,-0.0009224678694613501,-0.0006887387940865333,-0.0003149689857628083,-0.00014883624599224164,-0.00026846217666106665,-6.262929523221662e-05,0.0041701157740238505
2006,-0.00142200679771638,-0.001217451965706325,-0.00094197835251255,-0.0007251154554476667,-0.00034853799558813895,-0.00019585177926523888,-0.00023973188067506667,-0.000116506424899839,0.004189901795114725
2004,-0.00143046151810036,-0.001295744109487425,-0.0009923953831133502,-0.0007996821000990001,-0.00041082912309227236,-0.0002646297482929,-0.00026217130022303334,-0.0001826598352286,0.004236760072891375
2002,-0.0014431605159653201,-0.0013575516192122,-0.00105523092096455,-0.0008713274152205001,-0.0004531226514963721,-0.0003095071645407,-0.0002859938694415,-0.00019765988652160004,0.00428917577036315
2000,-0.00145648095697524,-0.00133337225954595,-0.00108529798335515,-0.0008643658997725001,-0.0004300843818808221,-0.0002958003764887333,-0.00027778897891,-0.0001563974750394555,0.004338689070467
1998,-0.00147489071353486,-0.00125918863756245,-0.00108349943416985,-0.0007831736430761,-0.00037198609792555,-0.00024627946145355,-0.00027185842129495,-0.00011781279861823325,0.004404762504454125
1996,-0.00150418762974694,-0.00119882717045145,-0.0010586496759975,-0.0006852001216324999,-0.0003151785370515666,-0.00017462147702657224,-0.00026821931180490556,-8.51494611553444e-05,0.004508932471503675
1994,-0.0015387180096446,-0.0011273747556223,-0.00097234510162125,-0.0005761656942577667,-0.0002295456760242,-4.9989600646799996e-05,-0.00019616752280848899,9.153255562666397e-06,0.004641995602916025
1992,-0.0015620851793549599,-0.0009998342202795249,-0.00080933105779275,-0.0004424507484043667,-9.614466109853333e-05,0.00010378330940323333,-4.4735038828999956e-05,0.00015220038520769998,0.0047459443222066
1990,-0.00156020739534036,-0.000870811886799325,-0.0006597251114349,-0.0003450160390907,7.454095910566616e-06,0.00016045846339706653,6.444880320616657e-05,0.00020344118207536667,0.0047399469350126
1988,-0.0015375244403103001,-0.0008090026811332,-0.0005987429831956,-0.00033820653887150007,1.9354775085222385e-05,7.426495823311148e-05,4.8336136630645084e-05,0.00011249887800388922,0.004622638864191825
1986,-0.00151080696836088,-0.0007592516494790251,-0.0005495345942807,-0.0003484804768091666,7.78426680980556e-06,-1.8446173832322122e-05,-9.709567408216583e-06,1.9291917278205665e-05,0.004491000236882975
1984,-0.0014939747026259998,-0.00063932494546965,-0.00041361213030009997,-0.0002748554490527,5.539362970623332e-05,6.3436194753999395e-06,-1.0326635504933427e-05,3.757981164069997e-05,0.004438042329237725
1982,-0.00149343386854544,-0.000488332541999275,-0.0002456952393778,-0.00013987356921300553,0.000136581582800289,0.0001109050877126278,3.5353263587283414e-05,0.0001170816312282945,0.00448036248752465
1980,-0.0015038317542107802,-0.00040217363201517503,-0.0001811573355061,-4.728525415652235e-05,0.00018657289007963885,0.00019588321774536665,8.685564947980549e-05,0.00017624988013013884,0.004562626098134775
1978,-0.00151263702240786,-0.0003606405124599875,-0.00021015421548375,-4.1873812457001045e-06,0.00023294617879845002,0.0002815274177516333,0.00018786088649883333,0.0002677965411815334,0.00463938627654055
1976,-0.001515084756581,-0.0002845814292648125,-0.0001966638564662746,6.321142342393348e-05,0.0003347518223562836,0.0004349866489491,0.00037108003479230004,0.00045614019212909996,0.004708321959254001
1974,-0.00152306192686744,-0.0002046677074376,-9.353594892945807e-05,0.0001516498589758948,0.0004592892656568334,0.0005949477868827667,0.0005479350879945,0.0006481275002497666,0.004780910484076275
1972,-0.00155097449317202,-0.000177722230916075,3.5274318322749997e-05,0.00021898572730296665,0.0005696481012344667,0.0006839626905064334,0.0006675515214492666,0.0007640296475414668,0.004884764101331725
1970,-0.0015911745611987198,-0.000128113805000475,0.00017702537806873323,0.0003093223476478,0.0007124656945990334,0.0007632365082273,0.0008090968150057666,0.0008867475974886,0.005036469015450475
1968,-0.0016168578609527598,3.221091129226243e-05,0.0003491201875545,0.0004637108476275,0.0008865168334981667,0.0008900001341811667,0.0009790801173969,0.0010544255909134333,0.00517896764283125
1966,-0.00160852204183966,0.00023198694691747498,0.00048502325172385,0.0005996243337117667,0.0009808472407113334,0.0009848100927661333,0.0010446278287072,0.0011412697585138334,0.0052024852893881
1964,-0.0015816503195516998,0.0003510390156243,0.00052665385881475,0.0006350574916097,0.0009690414370095999,0.0009891901120372998,0.0009875614436585,0.0010936217424744,0.00510726617962255
1962,-0.0015674630880744,0.000418629539116175,0.00053862848893695,0.0006401939535634333,0.0009811654636752334,0.0009982685947028333,0.0009767571607099334,0.0010557292753358334,0.00502956795745845
1960,-0.00157682085935518,0.0005149832425574499,0.0005935593971041,0.0007059283818067001,0.0010785735095021666,0.0010873000522042002,0.0010851568641617336,0.0011196029510341333,0.00505980597365455
1958,-0.0015962966871033602,0.00061451758284575,0.0006615937498804,0.0007927549286341,0.0011494429152071669,0.0011772804155854666,0.0011752848654233334,0.0011867339827058001,0.0051415800237503
1956,-0.0016068238795523798,0.0006646356686848751,0.0006925923477702,0.0008190020251356,0.0011133666889993666,0.0011787746923387667,0.0011424632205513667,0.0011641219089656666,0.005164134157557225
1954,-0.00160254877431774,0.0007058341813973501,0.0007128568768137501,0.0008030039567541,0.0010591416896018,0.0011377791364317667,0.0010737572276422666,0.0011154751430264998,0.005107188860640975
1952,-0.0015916892918067201,0.0007874576195523,0.00075502003852425,0.0008027755143435999,0.0010796147599934668,0.0011299260537450332,0.0010649099442397,0.0011161696643920667,0.005035605352986625
1950,-0.0015914318801750998,0.00087537653809495,0.0007942595454131999,0.0008246562117024,0.0011468955566014667,0.0011591115937641333,0.0010967952588551667,0.0011490998603376666,0.00503398741420905
1948,-0.0016175675802263,0.0009414281552232,0.00082608761761545,0.0008728520882433335,0.0012190165670168333,0.0012292653894275666,0.0011577716514666334,0.0012128918638150668,0.0051658763733786
1946,-0.0016671469867755,0.001051335372299475,0.0009192014679229,0.0009989046799700333,0.0013420036411274001,0.0013943047631083333,0.0013163843381813,0.0013739131306622998,0.005425647138265325
1944,-0.0017090097673697201,0.00125333204998095,0.00110390409097555,0.0012044541639281,0.0015280985027888334,0.0016312335219124,0.0015517695433785667,0.0016002698522788333,0.0056697383657693
1942,-0.00170370376591546,0.0014603596061366249,0.00128039041079595,0.0013596403504510333,0.0016452393204584332,0.0017629552513776664,0.0016585562668071999,0.0016846331366169665,0.0056673040589239
1940,-0.0016564234353123,0.001590122807504,0.0013649261864497001,0.001377950706232,0.0016077184318229333,0.0016975185016775,0.0015378913747567332,0.0015408830395754,0.005403327849778676
1938,-0.0016131471676187,0.00173289769579365,0.001440076279077,0.0013739063522468333,0.0015422807866823332,0.001593790454392367,0.0013844885475499333,0.0013704774042768333,0.00513605493993525
1936,-0.0016005484731171,0.0020124816104512503,0.0016139315905709,0.0014875145422142,0.001595707184360767,0.0016188624069972,0.0013910601700104,0.0013588129965051998,0.0050596421287995
1934,-0.0016061853994426799,0.0024241979202553497,0.0018774242675095,0.001711409761958,0.0017637419691666001,0.0017567174319341667,0.0015254305017527003,0.0014686866038093333,0.00512455243639545
1932,-0.0016070865143634002,0.002915494691332525,0.00218659292880415,0.001963677956521133,0.0019743082449190665,0.0019118802587205334,0.0016598566180116333,0.0015794920500261332,0.0051697519353264
1930,-0.0016052313621546202,0.0035586056468370503,0.0026068126338191,0.0022687404825256336,0.0022528090726339,0.0021085885063368997,0.0018119489333908664,0.0017134380143376336,0.00516910827007875
1928,-0.0016197241350609799,0.004484270870837725,0.00324529712892285,0.0027335624119209667,0.0026813025845353667,0.002454629760048267,0.002103053915003067,0.0019782554109536335,0.00522533944585805
1926,-0.0016559636492737798,0.005681896762715725,0.00408655723270895,0.0033809798992893666,0.0032501083087663335,0.0029677014799762333,0.0025555806402966,0.0023759943627809335,0.0053785865575686
1924,-0.0016985917958941802,0.007009309135915975,0.005008245308013149,0.004122546318985201,0.0038692012290762003,0.0035563170332017662,0.0030725496968525994,0.002807079307706533,0.005553202366222175
1922,-0.0017296688376682201,0.008352767277393824,0.005917166198939399,0.004863091265865134,0.004475381295399366,0.0041285290603775,0.003565956878593133,0.003201362069709033,0.00567130694093455
1920,-0.00173499849506276,0.00953542659896435,0.0066864594634769,0.005474095804532033,0.004970456015877966,0.0045706888786837,0.003939984102997433,0.003485182136850867,0.005687048362287625
1918,-0.00170298521876966,0.010187778355949974,0.007062062503696899,0.0057419639086111,0.0051566198566924334,0.0047080227589043995,0.004035734752295001,0.003520676708616,0.0055457407038628
1916,-0.00164400174935232,0.010096360043957326,0.0069183549495513506,0.005585702229429599,0.004965892588669467,0.0045062295757471,0.0038223779970829003,0.0032926534777203004,0.00527103011269565
1914,-0.0015922614173587,0.009437327237660074,0.00641228844014685,0.0051623633751864,0.004571324319722833,0.0041424974740313,0.0034824501698287338,0.0029858461083191665,0.00501873117718465
1912,-0.0015718343964514,0.00840166348364755,0.0056938440409159,0.004601582025755333,0.004108833179479234,0.003735834353153667,0.0031492664148873666,0.002724409250350867,0.0049222400788239504
1910,-0.00157411277715852,0.007034192406460875,0.00477812716320685,0.0038933424855674,0.003542684294574434,0.0032344071413808336,0.0027654747235986332,0.002432119937026333,0.004942959172833425
1908,-0.00157164103649518,0.005489716868704275,0.00373432135371945,0.0030647907237160332,0.002849798065159267,0.002605770763982633,0.0022535966540676664,0.002008088736942033,0.0049215557101802004
1906,-0.00155502243270824,0.004046702166721075,0.00273371235490005,0.0022558477990087,0.0021497252369559335,0.0019691313404358,0.0016932974121602,0.0015233329588079667,0.0047981408001579
1904,-0.0015381523484741199,0.0028343418809024,0.0018749577764680002,0.0015699352056518668,0.0015687633647672335,0.0014536768484811333,0.0012222707885285334,0.0011213344370830335,0.004664877461869225
1902,-0.00152921869319778,0.001821128260255825,0.00115459051437685,0.0010111968541255,0.0011253642715157001,0.0010722719631268334,0.0008819984347934667,0.0008428699682076999,0.00459505229499865
1900,-0.00152226684666998,0.00099551053674525,0.00057769466375355,0.0005688725411973,0.0007892936135550666,0.0007843496323834334,0.0006403543847578333,0.0006497940644142668,0.004566894087099975
1898,-0.00151866334439454,0.00039206727922665,0.00017462774526436675,0.0002613765075299,0.0005583722381174333,0.0005898101252658,0.00048806399597056666,0.0005391561564845,0.004569797594380476
1896,-0.0015345623693342198,-1.2095006911207336e-06,-6.682238105990002e-05,9.082523136691124e-05,0.00043810622922453335,0.0005077058891764333,0.0004404886281976,0.0005394624928295666,0.00466075014507845
1894,-0.00157652596183194,-0.0002577136107430207,-0.0002136469296445414,6.861553975250442e-06,0.00039029473424457233,0.0005037382441098999,0.0004670980445991,0.0006183598492671666,0.004854760054740325
1892,-0.00162339603798134,-0.0004442999155678999,-0.0003264823291865,-5.714178084481689e-05,0.00035294377944964994,0.0005024147960506334,0.0004918751419321667,0.0006842376425462334,0.005047976596592075
1890,-0.0016458584283442598,-0.0005863101549584001,-0.00042081225558715,-0.0001292693639947,0.00029732266922819444,0.00046313741317983325,0.0004699847952799,0.0006842242340971333,0.00512504210417025
1888,-0.0016334228994600401,-0.0007007452945783251,-0.0005003413131554,-0.00020765506711316667,0.0002217143555444665,0.00038788646270833334,0.0004039437719165,0.0006219364424483333,0.00507068703706755
1886,-0.00159818928565378,-0.000807685148159625,-0.0005783488989576,-0.00028881370192376663,0.00012520127289164458,0.0002855984737522112,0.00030669139006250004,0.0005096433721091667,0.004944993448846725
1884,-0.0015627257649769798,-0.000895972358694675,-0.0006461297388806,-0.0003566032599778667,3.108956208706115e-05,0.00018352963254686115,0.00020605807029686667,0.00038073440509653333,0.004820834007767575
1882,-0.0015423813459915197,-0.000934520600187,-0.0006760163714847501,-0.00038677372881806664,-1.7019945020266675e-05,0.00012355867594105555,0.00014137613652991102,0.0002933608688298333,0.0047467835539431
1880,-0.00153447408493146,-0.0009291867446297,-0.00067429551401975,-0.0003898866531288333,-1.8836273942933327e-05,0.00010357124420075001,0.00011008326298170004,0.00026014592736723334,0.004715909219938625
1878,-0.0015253971876922601,-0.0009266890186371999,-0.00068367247643335,-0.000409653254431,-2.8608965194966674e-05,7.081845004613332e-05,6.485414945826664e-05,0.00022817374492706667,0.004673078379138375
1876,-0.00151801307447696,-0.000941085316034525,-0.0007033133745633999,-0.0004385379267892,-5.137376444686666e-05,3.23077829965001e-05,2.32732831612669e-05,0.00020155135383833332,0.004628318439545475
1874,-0.0015431484821469403,-0.000924297628771075,-0.00066208681273015,-0.0003870975203503333,1.3380137171099866e-05,0.00010934429487259989,0.00011625273052676642,0.00031577937078766666,0.004730152415014675
1872,-0.00162464599148738,-0.0008488122991471501,-0.0005198640145431,-0.00019612280703426663,0.0002441724269406944,0.0003932134713651,0.00043736085067683336,0.0006762156543236,0.005111914888828201
1870,-0.0017255085075155202,-0.000786878126541375,-0.0003734263015829,2.6740114063916656e-05,0.0005214692412847333,0.0007419776830696,0.0008303644123398334,0.0011095389896975333,0.005614463240257525
1868,-0.0017525445200165797,-0.0008550347281801499,-0.0003988535779184,4.82219381689999e-05,0.0005647242485036667,0.0008157706771192335,0.0009250858001626666,0.0012031051596566667,0.0057756796412597
1866,-0.0016822148582083002,-0.001039067790528575,-0.00060219104497825,-0.00017350690507239998,0.00031704274307113334,0.0005370828844502,0.0006322411245966,0.0008679485513297666,0.0054480013609053
1864,-0.0015944969993293401,-0.0012161108824707,-0.0008190346151088501,-0.00043776883104039996,1.605037872702784e-05,0.0001919347503587945,0.00025812662915566665,0.0004577236420635667,0.00501132397819695
1862,-0.00155104901709986,-0.0013129483174693251,-0.0009442619567168,-0.0005931913154165667,-0.0001620412828803667,-1.3284344579998974e-06,4.204086530046692e-05,0.0002359367662264,0.0047830347073526
1860,-0.00154392997024326,-0.0013265575058805752,-0.0009793471923906,-0.0006343490288434333,-0.00021928000314273333,-5.082636961035534e-05,-1.84074219858831e-05,0.0001848210452682057,0.0047424154924121005
1858,-0.00153902976918812,-0.0012860786062266999,-0.00096227249423295,-0.0006183158951742,-0.00022049285331216664,-5.087796586329946e-05,-2.1242938270099075e-05,0.0001857987088308335,0.004730666942374325
1856,-0.00152927600519456,-0.0012367740453828001,-0.0009246325668079999,-0.0005856813397601666,-0.00019301234569523332,-3.72715462824776e-05,-6.555276558533049e-06,0.00019870112977364452,0.0047080149544869495
1854,-0.00153548645628352,-0.00121787928088055,-0.0008867309690223,-0.0005464010165464,-0.0001333258684655,1.423120461316107e-05,4.9031041062088786e-05,0.0002560953149125667,0.00475789345879705
1852,-0.0015733263578580198,-0.00122039149179305,-0.00084444728384355,-0.0004871684957873,-3.8558398166233334e-05,0.0001252919383565389,0.00017021180711113333,0.00038489436217153326,0.0049370050827130755
1850,-0.00164174729020076,-0.0011900672710518,-0.0007637398699669,-0.0003757855432735,0.00010406760234299969,0.00030661059885376667,0.0003728372838956,0.0006022641219963666,0.005238761009290599
1848,-0.00172794254360988,-0.0010980451902702,-0.0006268602260177,-0.0001996671019821,0.0003025814156428834,0.0005542438804734666,0.0006536050372321,0.0009082731078066333,0.00562181835848325
1846,-0.0017955185441126801,-0.000997877312481475,-0.0004935275853517,-3.075566915413348e-05,0.0004886927095114667,0.0007844132615898667,0.0009151740588955666,0.0011928816920656333,0.005935022804273176
1844,-0.0017930898431472598,-0.0009798237487219,-0.00046950889041189997,-2.807751449335552e-07,0.0005243698127289333,0.0008364135560761666,0.0009736384479707001,0.0012418477441877,0.0059308399729627505
1842,-0.00172391920727068,-0.0010439222088203248,-0.00055989317087705,-0.00012198756333710001,0.0003881973631427,0.0006777772242393667,0.0007940690831295666,0.0010198158607197668,0.005600167956521
1840,-0.0016519966372305,-0.0011174281731326499,-0.00066834127392515,-0.00027043729377556664,0.0002175577815994722,0.00046414699543746675,0.000554713954008,0.0007451438493081001,0.00524044997102685
1838,-0.00161976562966084,-0.00117174972627395,-0.0007412565837785999,-0.00036042543428743326,0.00011614250194059555,0.0003268623140678,0.00040263832373473333,0.0005898448705925001,0.0050685546771319
1836,-0.00162593404671194,-0.001210595148110325,-0.0007770488106876,-0.0003837601351751333,9.858272686534249e-05,0.0002982673059564334,0.0003712193998118333,0.0005779396590495333,0.005090733676760925
1834,-0.00166024808926322,-0.001209389608748775,-0.00075774973599085,-0.0003339425673730666,0.00016611583944746663,0.00038411489614363333,0.00046664659617993336,0.0006992057732332999,0.005259057901914375
1832,-0.00172074741285384,-0.0011342616938809248,-0.0006547872781258999,-0.00019541801399259998,0.00032640910197019677,0.0005833944556562333,0.0006922633850811334,0.0009556182627929001,0.0055610983196309
1830,-0.0017879800674277802,-0.0010153053761910251,-0.00050621329294175,-1.9825309934566663e-05,0.0005209817801241334,0.0008151887050946667,0.0009607033977299999,0.0012602840539025,0.005903858379152275
1828,-0.0018103415444568997,-0.000949150412346925,-0.00042981768066975,5.431235243198327e-05,0.0006033342518725667,0.0009052431196296332,0.0010708787980932668,0.0013931693075492002,0.006037960810010946
1826,-0.0017620125768847803,-0.0009902878473688251,-0.00049635702425145,-5.108301098871625e-05,0.0004900579636467667,0.000761846272635,0.0009108521107919,0.0012257007958953335,0.005827144646923825
1824,-0.0016862360544560799,-0.0010968219503259499,-0.0006494971345174,-0.0002515111072040333,0.00026860564158510573,0.0004922387969515,0.0006031059455503,0.0008973915854813666,0.005465868181110825
1822,-0.00163273132859862,-0.0012095579791069,-0.00080349587127905,-0.0004275298586733334,6.41392280924056e-05,0.00024407879642020559,0.0003236526008448333,0.0006093454542722667,0.005193855633164375
1820,-0.0016040273654852999,-0.00129568402009565,-0.0009166308202268501,-0.0005364515601914001,-7.71771913782e-05,7.335269052316667e-05,0.0001379864465255148,0.00042545841396410006,0.00503519445611355
1818,-0.00158643420148698,-0.00132168699041695,-0.0009596470351931,-0.0005718088957541,-0.0001425174047761,-1.1014361275888654e-06,5.85825448136556e-05,0.00034134420957076665,0.004934246390101825
1816,-0.00159041080088562,-0.00126131538170155,-0.0009040577946962001,-0.0005144105400852001,-0.00010101908916793333,5.787971132706668e-05,0.00011957015281834211,0.0003877045765641334,0.00494380312821955
1814,-0.0016298865390130801,-0.001140263162777575,-0.00076851083631445,-0.0003693999750621333,4.9792281686950025e-05,0.00024735309663098334,0.00032169630018463334,0.0005750640829962667,0.00513082408157205
1812,-0.00168087942414612,-0.00103615413888725,-0.00063774487018795,-0.00021585937447523334,0.0002245377835824611,0.00045831002453166665,0.0005527263674539,0.0007938147626646335,0.00538035285056175
1810,-0.0016984175764692203,-0.0010170395162553,-0.00060099422135795,-0.00016328305582163333,0.0002969948992263028,0.0005417330356501333,0.0006490024560003666,0.0008755763703417667,0.0054690188508638
1808,-0.0016799141693230601,-0.0010780019360444749,-0.0006605778893334999,-0.00022971811923603333,0.00023873883861102985,0.00047550438960423334,0.0005799205380429334,0.0007955334151789,0.005370788557710875
1806,-0.0016690916397333797,-0.001156088224606,-0.00073655482122255,-0.0003167977394127,0.00015370816947867224,0.0003901147062903333,0.00048617371160526664,0.0007075187896625335,0.0052978098003940745
1804,-0.0016909994051296801,-0.00119722229806045,-0.000761978522694,-0.0003308685163800667,0.0001455040728060394,0.00039927030320213334,0.0004956224565650667,0.0007391831901374001,0.005395170573647325
1802,-0.0017271024715217,-0.00118610628540965,-0.0007317139657176,-0.0002687619140153334,0.0002187527989262473,0.000491912973555,0.0005991826092457,0.0008663193030060333,0.005591531266402775
1800,-0.00175380440180606,-0.00114614821359295,-0.0006844725153479,-0.00019677673669416668,0.00030191173373087215,0.0005801763755320667,0.0007009821085183,0.000983208535413,0.005746264811474475
1798,-0.00178258189741964,-0.0011127498655427,-0.00064652188117085,-0.00015204557719236667,0.0003580905046007001,0.0006372681922799999,0.0007708591982607333,0.0010698307114401665,0.005866127029648175
1796,-0.00183291334704304,-0.0010866935815485499,-0.00059813316214305,-9.471210523053323e-05,0.0004340374809534333,0.0007301593918318333,0.0008803330370032667,0.0012084777175907335,0.006051708922603399
1794,-0.0018818663458807598,-0.00104393845531815,-0.0005222527160395,1.6205059961332234e-06,0.0005525871182726333,0.0008769093673941,0.0010440106683634665,0.0013994454613432334,0.006258011750939675
1792,-0.0018718254307387202,-0.000993151185144375,-0.0004674860013428,6.090188390247774e-05,0.0006132875536634666,0.0009438964092728001,0.0011087538468130334,0.0014554285009436001,0.006253836277262125
1790,-0.0017956996520479,-0.00097688052156235,-0.00049580924451805,-3.174706298250059e-06,0.0005143471865845,0.0008115727161650334,0.0009453371802309665,0.0012399049503769666,0.0059534103040482
1788,-0.00172595108346346,-0.0009821216217804,-0.0005549888269109999,-0.00011155462933546666,0.00036131458639696343,0.0006159889264757333,0.0007127210604791667,0.0009513066991217333,0.00563114151388175
1786,-0.00171303426796178,-0.000948742599624875,-0.0005445646530946,-0.0001281032165681,0.0003232169904316611,0.0005592933399061333,0.0006379471645107667,0.0008494686327570333,0.0055426111972955
1784,-0.0017486436162693201,-0.0008690965158607501,-0.000449848570844,-3.225825353091674e-05,0.00042845756980879995,0.0006757209560540001,0.0007617255438815,0.0009808994947704667,0.0057002922796020004
1782,-0.0017923772021825198,-0.000826519482544025,-0.0003714872769749,5.876492362969451e-05,0.0005437408616300667,0.0008169227432705334,0.0009265700992187667,0.0011754254114909,0.0059251647126567
1780,-0.0018179735512285598,-0.000887609211961475,-0.0003987828814112,4.1882630863833425e-05,0.0005464467221242333,0.0008436673880833999,0.0009781315238887,0.0012578414737340335,0.0060532587182863746
1778,-0.0018476975036878,-0.0009838093873384,-0.0004663301445801,-8.85048021631668e-06,0.0005149643254341666,0.0008389965999285333,0.0009960714105019,0.0013026818760260336,0.0061678422609981
1776,-0.0019151716483483201,-0.001005863451841425,-0.00045424292263974997,4.1556410553000084e-05,0.0006013407140940333,0.0009697528372664333,0.0011541955240722335,0.0014963029486474335,0.0064583882025096
1774,-0.00200575722287214,-0.000937829972811425,-0.00034896609326380004,0.00019970384775086668,0.0008093589120601001,0.0012315378991376667,0.0014462134719479,0.0018368386441792999,0.006901053649345575
1772,-0.00203815997027498,-0.0008838165505345,-0.0002834824782254917,0.00029215675059596663,0.0009281732137626335,0.0013675505147534332,0.0015937716229841,0.0020197118096860335,0.007117229087879501
1770,-0.00196722953946066,-0.0009218267271287749,-0.00035774475358540004,0.00019033108981326668,0.0007998763973289666,0.0011928535092428666,0.0013954864888492669,0.0018133882963027668,0.006837396412034751
1768,-0.0018689207227533997,-0.00098504539561375,-0.00048012731714215,1.4885830848716721e-05,0.0005697238719881667,0.0008967416766092999,0.0010584202242406332,0.0014402948960126666,0.006372414204152726
1766,-0.0018261461327616004,-0.001002506292948075,-0.0005386640113188499,-8.07750155751002e-05,0.00043027964064346665,0.0007243335444589667,0.0008563880923878666,0.0012094612250215,0.006120524444368225
1764,-0.00184307139677344,-0.000987554952617475,-0.0005272694789967001,-7.894702674919988e-05,0.00041588938416193335,0.0007191396598865999,0.0008459287561279667,0.0011909359049957666,0.006137393874303076
1762,-0.0018729698146883601,-0.000985892238156275,-0.000500843566748,-4.805808479197145e-05,0.0004542455962657666,0.0007854608953049,0.0009252357992867001,0.0012732329436462,0.0062450445552643995
1760,-0.0018741807038347002,-0.00102445950537015,-0.00051746203523985,-6.647796186125568e-05,0.00044847035870366667,0.0007972106493935,0.0009480544943412332,0.0012935585680367001,0.006267006655794116
1758,-0.0018578704089682201,-0.0010859696968582749,-0.00058209373159905,-0.00014239033543283333,0.0003717803633782222,0.0007212632819754667,0.0008674279409767666,0.0012021984825694,0.006219943552900642
1756,-0.0018774028886732,-0.001108841767098325,-0.0006128240853782,-0.00017146003789353335,0.00033594315760175,0.0006932792177100334,0.0008337834707862001,0.0011663078067874332,0.006306037416654438
1754,-0.00197115339182126,-0.001024124421207825,-0.0005002156261378,-1.884192579328338e-05,0.0005049905110743666,0.0009039738594000666,0.0010661261350444666,0.0014230348251201667,0.006715265426732501
1752,-0.0021326532531867398,-0.00081469074457825,-0.00021071888972142505,0.00035341557965810005,0.0009360135272796999,0.0014163656340074,0.0016386068097539999,0.002049903324108567,0.007470398084522874
1750,-0.00228341873637486,-0.0006073188592673751,8.75561001758e-05,0.0007362241441626668,0.0013928698028592334,0.0019599679581524337,0.0022489094031245,0.0027172692185529336,0.008227988312481324
1748,-0.00232628182307184,-0.000590296581948525,0.00013647336741870014,0.0008093706098025,0.0014953073185851335,0.0021002718817243666,0.002409672204232633,0.0028946749758202,0.008475801262358475
1746,-0.00228539418971232,-0.000722466916778275,-1.863912073855e-05,0.0006228155706169332,0.0012894605951600001,0.0018851032308707667,0.0021733342706428,0.0026359810076549,0.008278503384453174
1744,-0.0022474877715079,-0.0008365423501739749,-0.00015863138156125834,0.0004447624836512,0.0010854747640252668,0.0016641216479002998,0.0019311833513494666,0.0023661311395869002,0.008067913840802726
1742,-0.00224894243813152,-0.000888725886053375,-0.00021943300283859158,0.0003667965059109667,0.0009937748208657666,0.0015689532090238333,0.0018319619517860998,0.0022553621458622666,0.008041675294960575
1740,-0.0022795815465675396,-0.00094343892610165,-0.0002740489578449084,0.0003169818948113667,0.0009359405782698333,0.0015257744293022998,0.0017937235648397335,0.0022270107091898667,0.00814512509953875
1738,-0.00233282247361784,-0.001011119102308525,-0.00033055319762965,0.0002831013827003333,0.0009021669326162666,0.0015336526918596335,0.0018118465913316334,0.002278453509622333,0.008352373871282199
1736,-0.0024105012134974196,-0.0010103514357126,-0.0002904394660142415,0.0003611440654351333,0.0010044702595325,0.0017112541105228668,0.002012917967929367,0.0025349882229968334,0.00872327867875195
1734,-0.00246022648295782,-0.00092560421356025,-0.0001556139274453334,0.0005232336673477,0.0012033703601397334,0.0019783863559010664,0.0023061596029087003,0.002870149002020667,0.00904901228661665
1732,-0.0023936212912386797,-0.000916447327033375,-0.00015365820193259127,0.0004980522142188333,0.0011729387003225668,0.0019288416467681,0.0022477230428949667,0.0027792168322455335,0.00882801395588915
1730,-0.00224485828058614,-0.0010464599076217,-0.00035827901262130003,0.00022428882653090001,0.0008430006398070667,0.0015003383143894333,0.0017742819435860667,0.0022132337303262667,0.00812515437363745
1728,-0.0021124701417621797,-0.00117858422728305,-0.00057612227391205,-5.91419426515999e-05,0.0004980857472221,0.0010477716217417667,0.0012751765617070668,0.0016253131907644333,0.00744433183156085
1726,-0.0020388305947327398,-0.001214548048143825,-0.0006711997120145,-0.00019521709753013333,0.0003240268566182056,0.0007944690258982334,0.0009930580297246667,0.0012929328908433335,0.0070488053431029245
1724,-0.00202806282173274,-0.0011652013979876249,-0.0006435601893826,-0.00018098294384216666,0.0003287998577628944,0.0007613640668184666,0.0009515108732551667,0.0012449211399915,0.006969521517896275
1722,-0.0020863871170628797,-0.0010655962260320499,-0.000522668872475,-4.0897554918149725e-05,0.0004911096298369668,0.0009387687939331333,0.0011429828339625666,0.0014672768699590334,0.007222488593042474
1720,-0.0022345628849561204,-0.00089049404056255,-0.0002686448851407336,0.00028192354964720005,0.0008818428877053665,0.0014113845260893666,0.0016620840650669998,0.0020566050588040337,0.0079255085521345
1718,-0.0024360483907867395,-0.000637363803142875,0.00011002022663815018,0.0007748040211968668,0.0014786585762525002,0.0021313363655521,0.0024536958470642665,0.0029546487039554333,0.008961215438876624
1716,-0.0024961413652986597,-0.0005185799242733999,0.00028838741615129997,0.0010146041098325665,0.0017608319551773333,0.0024515032843246,0.002800731678049033,0.0033729341343836003,0.009373276093432375
1714,-0.0023447751838902202,-0.0006662550483595,6.447142979940001e-05,0.0007304121885500667,0.0014035435379941002,0.0019952451862131665,0.0022887061561917663,0.002833070273548667,0.008685308747410251
1712,-0.00218435920541002,-0.0008571305913772249,-0.00023423578896873332,0.0003394654954008666,0.000918166957838,0.0013973111499263333,0.0016212886861778667,0.002097534120768034,0.0078541454846838
1710,-0.0021466132497455,-0.000921548768958,-0.0003488636561117,0.00018425760553906668,0.0007212371891276,0.0011592008613080333,0.0013548618665651334,0.0017913012460911667,0.007591277399423925
1708,-0.0022281541546676402,-0.0008677432044151,-0.00027353250048685,0.00028693114056026664,0.0008439601827290666,0.0013145122962295002,0.0015305952917263669,0.0019810148513281,0.007932177979321626
1706,-0.00235143580318816,-0.000782365007371625,-0.0001309705201356167,0.0004899542955208333,0.0010995623681335667,0.001629247092622,0.0018904479648912998,0.0023940519172042,0.0085125935255416
1704,-0.00245575950867082,-0.000689297519438725,1.678120847360001e-05,0.0006890308316758333,0.0013562629221973998,0.0019280688491585668,0.002232652849684233,0.0027895862442159336,0.0090251283313416
1702,-0.00256033578333138,-0.0005128133335804,0.0002525551927994749,0.0009691481042789,0.0017046873877880665,0.0023105645203055,0.002657717264090233,0.003242628369405733,0.009559654015063725
1700,-0.0026723561405604,-0.0002534056817713084,0.0005834661300778,0.0013508969189605334,0.0021593383078315335,0.002806887166572467,0.0031956981414007,0.0037790943825242672,0.010161943127585775
1698,-0.00268257233116658,-0.0001089616260016417,0.000739406049332,0.0015093932347849,0.0023205793448690336,0.0029592318919669336,0.0033403605482879,0.0038893372919798,0.01028276802279485
1696,-0.0025437019218513,-0.00016941691879471667,0.00057991144081575,0.0012554866085990664,0.0019642104296859002,0.0024985544842052337,0.0027962077637484,0.0032842617968532662,0.009642464875961
1694,-0.00239758591911102,-0.0002629833685201,0.000364660705226,0.0009201928773739666,0.0015096616984125334,0.0019220040251109669,0.002123983882788333,0.0025531604166628002,0.008915537144904874
1692,-0.0023576112165451797,-0.000274387249397225,0.00029943416061715,0.0007928363268219,0.0013230563249355,0.0016765339699478332,0.0018310738079421664,0.0022273655367066997,0.008669142686539625
1690,-0.0024370807665365,-0.0001951583255789667,0.0004097119478414,0.0009190602224917668,0.0014607828763081668,0.0018323223916407666,0.001998849879152633,0.0023962575694710334,0.008985651017221026
1688,-0.00262233746065302,3.4472935560333324e-06,0.00070719398640375,0.0012973024006572669,0.0019077026977070664,0.0023561583298613003,0.0025831329337439334,0.0030184273152777,0.00982761213790725
1686,-0.0028771900685758004,0.000370990358247025,0.0012054503622659501,0.0019104668076291,0.0026227438285653,0.003172548816826833,0.0034857058793657664,0.003993173911586199,0.0110765280307796
1684,-0.00305419119481934,0.0007797042362269,0.00168576048434585,0.002459519688860433,0.0032377027682876,0.003835215120236133,0.0042029395308158,0.004776796871501133,0.012047638923638426
1682,-0.00302331501323098,0.0009708776680548749,0.0018169129247736998,0.0025410781344848998,0.0032835417703803997,0.0038193048018126,0.0041622324262018,0.004737036305019833,0.012007911291601475
1680,-0.00290876704735786,0.0010304189148342999,0.001747465356914,0.0023524353188004335,0.003001155791639167,0.0034272784789210337,0.0037032491368092,0.004228535047557733,0.011475118924063374
1678,-0.00286258571125616,0.0011984684635459749,0.0017964020859188,0.0022887237773323,0.002853175848182267,0.0031979616257848662,0.0034157486303031666,0.0038897000738556,0.0112207266252042
1676,-0.00292846327120442,0.001585617073197525,0.0021027843251157,0.0025301491440674665,0.0030516441085287004,0.0033806233467044335,0.003573633197283267,0.004020790097701733,0.011507731297713375
1674,-0.0030669286325472004,0.002192121132231125,0.00264947936770645,0.0030603255677922,0.003575768468157233,0.0039480636718767,0.004149621110072367,0.004590830068674633,0.012174646946616425
1672,-0.00317843945976048,0.00291317515318005,0.0032757964215123503,0.0036634767649303666,0.004162455551585533,0.004571252594962099,0.004779041831539534,0.0052002947195711,0.0127414703518895
1670,-0.0031913406235785395,0.003517456806251075,0.0037340058154964,0.0040414964066404005,0.004473005877499367,0.0048497321802962,0.005022587479250433,0.005388228118404167,0.012831915250674949
1668,-0.0031390782580406596,0.0037976754607456495,0.0038901801010264,0.004098270230812333,0.004441294332811133,0.0047474567649059335,0.004860603199640766,0.005168730598731634,0.012581218594314075
1666,-0.0030919230992411603,0.0037628225945796497,0.00381698366869015,0.0039679373880845,0.004251990987900533,0.004509400859017367,0.0045808111538054,0.004867045180659867,0.012340080279924349
1664,-0.0030849475601817202,0.0035916212321381,0.00367757611556565,0.0038165768430368,0.0040792763409692335,0.004319372301575133,0.0043802020042034,0.004673179801827,0.012304905574746424
1662,-0.00312036562641788,0.003463278837693375,0.00359423774798295,0.0037328742481089,0.003991109217951267,0.004224319928962033,0.004290115742246766,0.0045888466777796325,0.01248512541053055
1660,-0.00318785625811034,0.00342354425631925,0.00358339176465815,0.003721324923478,0.0039824710495741334,0.0042167485808663,0.0042904628805875,0.004586513127980033,0.012795119147321125
1658,-0.0032901912895434,0.003434916638645875,0.0036266660176127,0.0037834836201001,0.0040676765598534,0.0043309726913356664,0.004423169323600567,0.0047273711041345,0.013229696035601826
1656,-0.00345635082809266,0.0035355442268975,0.0037880786655708,0.004001174908424567,0.0043436869050284335,0.004678209589261467,0.004813998126521966,0.005149802214988634,0.013965106782240475
1654,-0.0037030522958765395,0.003847828878544725,0.00417575375010895,0.004469055534047667,0.004896008099046633,0.005327431450184667,0.005528418474749067,0.005902525828129199,0.015170838831521623
1652,-0.003928984116975599,0.0042766684158865005,0.00462254132794145,0.0049627781831638,0.0054425512124326334,0.005935135839256333,0.006178399701617467,0.006563063873783401,0.016394314003321777
1650,-0.0040232080114283395,0.004468626659543825,0.0047565563411834,0.0050890938351918664,0.005560072529394967,0.0060576226783155334,0.0062955248028959,0.006676530801142566,0.016958169275322947
1648,-0.004063221123463559,0.00447330382340975,0.0046795449452224,0.0049818934815791666,0.005419622053830334,0.005903558844157167,0.006119307077490934,0.006504475930732299,0.017171155881065325
1646,-0.004104271441644899,0.004543868127793925,0.004643498126193199,0.0048859988049363,0.005271290412564533,0.0057113464103943,0.005893299145157067,0.0062540798873815,0.0173644288578888
1644,-0.004120735851293701,0.00471501604296005,0.0046813167631221,0.0048322550044412665,0.005143186334963633,0.005496936702209799,0.005628782809575301,0.0059142377314552,0.01743153465894015
1642,-0.00413679189319236,0.004880835289971225,0.00473464683632105,0.004810526455527199,0.005061188361834567,0.0053392335041391,0.0054314259176150995,0.005642127323607066,0.01745702720467195
1640,-0.00422795690462578,0.0050598437316813,0.0048511847095473,0.004901690823253267,0.005136207178193567,0.005399709807596833,0.0054885989006001,0.005676880941840167,0.017818483840171925
1638,-0.0044175248105876004,0.0053807441844642995,0.0051399509490032,0.005199170098829267,0.005454820282693933,0.0057629929456491,0.005879493004209532,0.0060989937513364,0.018708321959434074
1636,-0.00456370440634816,0.005835198436871325,0.00553137947105385,0.005571226284119934,0.0058326798897493995,0.006173834684419367,0.006297335585471734,0.006547508586870299,0.019535433140013624
1634,-0.00447877292642138,0.00609254648576225,0.005659601391601101,0.005610979397474,0.0058122667760238,0.0060926107412145,0.006156112358148366,0.006371323916494167,0.019288606294520574
1632,-0.00432928922399216,0.0060990789640337755,0.0055378660631742495,0.0054007539047645665,0.0055295081956636995,0.005722403915386033,0.005718941702684433,0.005877825214491733,0.018591142234096875
1630,-0.004291175352533641,0.006130064699929,0.005482918260887801,0.005305060781257601,0.005400330286359033,0.005558454062011266,0.0055331960803220335,0.0056699760006956,0.018343552677394827
1628,-0.00432342968631148,0.0063257825652503746,0.005618155869697,0.005436397374531966,0.005534314162775032,0.0057131010312987006,0.005706096723156233,0.005854747328034667,0.018454828456820324
1626,-0.0042962774493769005,0.0066824862230177254,0.005884929721111,0.005692732818865634,0.0057960062336804,0.0060084311326826,0.006023118064541401,0.006187230694484701,0.018343621981148448
1624,-0.00416959469410822,0.00714392274299225,0.00616951763023025,0.005913541337707533,0.005987087598456134,0.0061976350218385335,0.006199493865211966,0.0063513501497376,0.017768194481093076
1622,-0.00403174939601202,0.007740603178637875,0.0065022917234710004,0.0061295251788209,0.006136562746977732,0.006313265915012766,0.006271785592430666,0.006383068913595833,0.01710158652992865
1620,-0.00391162447389106,0.0085760935183249,0.00700243312520335,0.0064758412478487,0.006389687788885,0.006520691753104767,0.006421172421362999,0.006467497940810667,0.016497095616445603
1618,-0.00375367571939568,0.00967228986832955,0.00768499103065765,0.0069621556138973,0.006749307960108634,0.006810894920666933,0.006633052130650966,0.0065791071930728666,0.015710656085903375
1616,-0.00354795897308934,0.010865449499804974,0.0084011350854653,0.0074410630373019995,0.007067229051427833,0.0070204335612080665,0.0067391477370175,0.0065539473197296005,0.014682914207273374
1614,-0.00336029094236924,0.011909617608814574,0.008987146231612751,0.007792653965657499,0.007253072028947133,0.0070880397713255,0.006700230210153667,0.006386938739538867,0.013716042436871924
1612,-0.003225006212848,0.012579841606303726,0.009342175517037199,0.007982589980348566,0.007315553289633799,0.0070699684794710005,0.006603389479251067,0.0061986699696253,0.012989080445360474
1610,-0.0031306606864089995,0.012725298225261675,0.00940129715169425,0.0079872452278286,0.0072620663958296,0.006994123415222067,0.0064926489628114,0.006048308407875899,0.0124673185917504
1608,-0.0030615790131221002,0.0124456970574907,0.009218042565500701,0.0078341367076335,0.007115140989571067,0.0068634228442867665,0.006363203248106633,0.005920935587917834,0.0120849978712422
1606,-0.00300050189363322,0.0119924789792155,0.00891570180807635,0.00758257870838,0.0068997085633047,0.006667206121869233,0.006183795221337634,0.0057604730845276,0.01176544293397285
1604,-0.0029241572054917,0.011394214329255874,0.008483996926392401,0.0072050501091161,0.006569029276373866,0.0063480305810764,0.0058887944381428,0.005493659649492499,0.011404029442134075
1602,-0.00282840741299204,0.010497287256128425,0.00782918533819125,0.0066413861698691,0.006071993018659467,0.005873656444401933,0.005452354960862532,0.005108449709831234,0.010969609768876025
1600,-0.002742571410839,0.0093846880460903,0.007034527334330401,0.005979237050729933,0.005498814832691633,0.0053478972235943,0.004978550851749267,0.004710836143681466,0.01056914508408985
1598,-0.00269069131255938,0.008342609478512099,0.0063070612128147,0.005389041636754233,0.0050030907761509,0.004913546122583267,0.004601488674475167,0.0044146634487673,0.010300219182792975
1596,-0.0026583060222763596,0.007459632477336026,0.00570359165876905,0.0049150587765712,0.004616271813637566,0.004581375384291867,0.0043283741151901,0.0042105042560968,0.01010997996308855
1594,-0.00261322729220996,0.006589525032018,0.005110684049383999,0.004463387269894301,0.004242838362857833,0.0042397894910592,0.0040470790153327,0.003985800388490233,0.009859355988426625
1592,-0.0025519883870417396,0.0056885025767428,0.0044797887688337,0.003976817257084466,0.0038225644906688,0.003828192462058467,0.0036884278546601332,0.003674514765468833,0.009510370200513126
1590,-0.00249566546440564,0.0049028025659305,0.0039088312462296,0.0035142207623909665,0.0034110172105812,0.0034188866819754335,0.0033166825679146333,0.003337959910186567,0.0091493274778055
1588,-0.00244484734100184,0.004281519890754575,0.0034525324853961,0.0031281290911922333,0.0030679416614873673,0.0030883539358025664,0.0030130172407657,0.0030610169816850997,0.008826773712950774
1586,-0.0023925644922997602,0.0037347354749721253,0.00306726102043725,0.0028134501936463996,0.002800378236328067,0.002848782530887833,0.0028005623446407334,0.0028848385651196,0.008564334933128125
1584,-0.00236350896526032,0.003238004814711175,0.00273267980153745,0.0025705431442472333,0.002613591148267567,0.0027037190551481333,0.002690362602736,0.0028322342407603,0.008449399918354899
1582,-0.00238959001974362,0.002853943457150425,0.0024935825927364,0.002435550188482767,0.0025451644599999335,0.0026932613590976,0.0027262273679861666,0.0029403285274753,0.008577538603368101
1580,-0.00246835799561716,0.0026180281462632503,0.0023987978444262002,0.0024519517767195667,0.0026409811726830997,0.0028651289955206,0.0029553129446063336,0.003244923088506367,0.008955365125010325
1578,-0.0025492466212234596,0.00250534396431595,0.00243852366576405,0.0026003205274697,0.0028710239992168333,0.0031716815913201,0.0033150629621579338,0.0036691268671852004,0.009409340029820475
1576,-0.00256973965645036,0.0024348965102439,0.0024975010121126,0.0027350333368940665,0.0030633300536194994,0.003409511380126767,0.003578674914585233,0.003970032722292499,0.009634892217342124
1574,-0.00254574477048924,0.00235659733166385,0.0024864258583418503,0.0027563570601989,0.0031146774548400998,0.0034775424346223,0.0036497874352008335,0.004053937670361767,0.0096038514854356
1572,-0.0025350717931156798,0.0023243848601038003,0.0024752117480573,0.00275869247431,0.0031395561298475996,0.0035159760390841336,0.0036922390413606995,0.00409813339603,0.0095583447502919
1570,-0.0025396411111012,0.0024039678535131,0.00255113396550735,0.0028393987952915335,0.003233467839198133,0.003618856841961067,0.0038016942782619335,0.004196875254386633,0.00956861335638495
1568,-0.00252299325970968,0.002543993915122075,0.0026618125614165,0.0029335589446164334,0.0033109313951376665,0.0036839166595009666,0.0038598726736157,0.004225251669020168,0.009499226351890825
1566,-0.00249581783319064,0.002605554743944725,0.00268500530259645,0.0029278676921682335,0.003269548030225967,0.0036252882899887,0.0037846608915924336,0.004116914336710033,0.009361409442621826
1564,-0.0025252501067824797,0.0025462725892398,0.00262789673891115,0.0028729730524100668,0.0032081174291528672,0.0035875004627131334,0.0037509298116838994,0.0040801752642594,0.009438234011979225
1562,-0.0026705318848937,0.002430984858855975,0.0026130978711265997,0.0029417640137232334,0.003348336229090133,0.0038304312856953,0.004050631911099933,0.004439948538036567,0.010050090212805375
1560,-0.0029071839985055597,0.00230108661570045,0.0027132631199122,0.003228835708728633,0.0038013227238157337,0.0044612259816056,0.0047983147311013,0.005324830908048133,0.011201209580164776
1558,-0.00298603735349046,0.002073611490569625,0.00269593570877475,0.0033658980594709668,0.004069658428769133,0.004833485246717533,0.0052521714637609,0.005889862394699867,0.01177195792348245
1556,-0.00279293206094492,0.00173172546609535,0.0023431718734439003,0.0029731516857694333,0.0036312880178435334,0.004312502854530667,0.0046864503207627,0.0052835230645860995,0.01097308372841765
1554,-0.00260213106325338,0.00143646405386745,0.0019626664842608502,0.0024955251702510335,0.0030641887826042004,0.0036309841148703336,0.0039344690445153666,0.0044416744071933,0.010026406040956375
1552,-0.0025013016628737004,0.0012531508434858252,0.0017386712762991001,0.0022177147939416004,0.00274372533645,0.0032417246054731994,0.0035092414436339995,0.003953859823777933,0.00948327357300885
1550,-0.00245635429236658,0.001170607020710925,0.0016576112361360502,0.0021254839036139333,0.0026507121090473,0.0031207380497309,0.0033823010974559334,0.0037933319306398335,0.009238946633151125
1548,-0.0024693452717889203,0.0011493067484437,0.0016661031445191,0.0021570912977334667,0.0027096056950561332,0.0031949077468588333,0.0034736754493721335,0.003881239933186866,0.009273896327086976
1546,-0.00257812509424844,0.001161932740390625,0.0017487970202106,0.0023062904488492663,0.0029188735619525667,0.0034764371224684336,0.003801181864293134,0.004251655791383067,0.00973323702149405
1544,-0.00278656160231932,0.001238695357214675,0.00195052310433995,0.0026256183870243667,0.0033384772267617997,0.004026239764654933,0.004430502589163701,0.004980615239539867,0.010673383243502775
1542,-0.0029572315951183602,0.0014076570359229002,0.0022456501443076,0.0030359511193468664,0.0038403339072985,0.0046538186818622,0.005131739011591,0.0057878488832586,0.0115521043475044
1540,-0.00284604057189896,0.001498396300273675,0.0023241157189103,0.003096364845424067,0.0038677977846314666,0.004664378254236667,0.005117098345345134,0.005753412601593934,0.011197482101118301
1538,-0.0026181881208140597,0.0013685892433212248,0.0020999451848452,0.0027733762936301997,0.0034464552790329666,0.004135249931629501,0.004507643180182633,0.0050388477477580325,0.01016975127351775
1536,-0.0025240588694947,0.001184661097006025,0.0018813252475365998,0.0025089212639056334,0.0031403584278594,0.0037669007081186667,0.004102136680726999,0.004574647351188299,0.0096612402907497
1534,-0.0025137797957602197,0.001050978630846975,0.00175408718974885,0.0023767296889287,0.0030053127613779,0.0036061282417168667,0.003937652659630667,0.004392283622114533,0.009546094444089125
1532,-0.0024916445507556805,0.0009649900976987,0.00165428897206865,0.0022622671814727,0.0028747982838635664,0.003444365093664033,0.0037663780318353333,0.004198972633433734,0.009402937467043725
1530,-0.0024633531575338394,0.00090651354520855,0.0015630033689335,0.0021462987526733664,0.0027299766976650332,0.0032707312473366,0.0035731581688972,0.003979509075687267,0.009234630448369474
1528,-0.00249963335728884,0.00088639656794675,0.0015477183767718498,0.0021391360363934332,0.002727601080064033,0.0032842268267021,0.0035885529530453666,0.0040023453259924,0.00937179563072125
1526,-0.00262153475897072,0.0009395828447074999,0.00167206941183465,0.0023257306626672,0.0029763649239175996,0.0036124211620596,0.0039609432273555,0.0044318815381569334,0.009953736524382275
1524,-0.00276924592807774,0.0010729166314796,0.0019099256420686498,0.0026544146495728334,0.0033948066665219997,0.004146572729380867,0.004566165351250834,0.005114237433238467,0.010723509677747725
1522,-0.00285318081376548,0.00119479923030255,0.0020997989262486498,0.002908489670267233,0.0037017355796324664,0.004540318575866467,0.0050117754271980335,0.005605531171176933,0.01119576572542405
1520,-0.00286202146023272,0.0011843383511501,0.0021011134811014,0.0029260202768750334,0.003717171987326734,0.004586098932822766,0.005069618824539033,0.0056746795861916,0.011247310466520801
1518,-0.0028130248204344004,0.001022819750859925,0.0019134290550187,0.0027115741774377,0.0034674276774765,0.004327676478114133,0.004794994129918333,0.0053982682595764,0.010999539265900301
1516,-0.0027105230850557596,0.0007784371299127,0.00161005491746305,0.0023420173188822666,0.0030401347885250334,0.0038632688557813668,0.004293911631119599,0.004878392846760033,0.0105055248460721
1514,-0.0026478515079461002,0.000581406968760325,0.00136916945287655,0.0020485818985796,0.0027080865915671336,0.0035070836764041,0.0039118756118078,0.004483765366090067,0.010170282342056424
1512,-0.0027431881487257202,0.0005392218684026,0.0013701609328285,0.0020819391999737334,0.0027800209147319332,0.003631017893665067,0.004067322272998434,0.0046844421119289666,0.0105437506353434
1510,-0.0030056801143809,0.0007055411360778251,0.0016840778934972501,0.0025306170014395665,0.0033599089298185334,0.004358914101096167,0.0049009007352266995,0.005638771212274701,0.011736145545461374
1508,-0.0031808618564594998,0.00101483897552225,0.00210639795963805,0.0030697596971516333,0.004012009556772066,0.005126875595306367,0.0057642378954764996,0.006595880848832166,0.012656029996416601
1506,-0.0028875641478508,0.0010846632995806,0.0020130030189016,0.0028521052547048,0.003680749842405734,0.004639887365717733,0.005188526736965467,0.0059049253442081005,0.01142356680017125
1504,-0.00249897584648738,0.0008522273902257,0.0015395510235869,0.0021727808454837,0.0028111801150951334,0.003528695560949067,0.003919012405862867,0.004464742529101701,0.009575051179552024
1502,-0.00236289475637976,0.00063892544808365,0.0012297139038444501,0.0017763207091555666,0.0023348087681355,0.0029464425657853336,0.003267185403926133,0.0037516199415470667,0.008822155567637024
1500,-0.00237993086366612,0.00053438154488755,0.0011302938450516,0.0016779069487140002,0.0022345322315383666,0.0028383973565065668,0.0031580365268794666,0.0036492497889812,0.00881530654365455
1498,-0.0023743927955526,0.000490121959502025,0.00109244887669425,0.0016435374948501,0.0021970876733682335,0.0027937564297762997,0.003113749601676267,0.003597327327765833,0.008773123699717075
1496,-0.0022907778386557004,0.00045703444906335,0.00102014113572285,0.0015393312121536335,0.002062303707293133,0.0026073243635467334,0.0028971543706034,0.003333405808802267,0.0083966839444427
1494,-0.0022538770084127397,0.000497993898621,0.0010303400010428,0.0015315968158860667,0.0020494955154626666,0.002556942981875267,0.0028274160788734,0.0032344836912727333,0.008219382793358975
1492,-0.0023397335217317603,0.0007484689443815,0.0012896962221736002,0.0018163494040832333,0.0023769969906799666,0.0029038721453643,0.003195168201407,0.0036188095287487004,0.008618780662257824
1490,-0.00245951416369474,0.001258889326607525,0.0017797641178160998,0.002317768807914333,0.002905115681862233,0.0034591134937310996,0.003772211816492633,0.0042115581848452,0.009218025879604725
1488,-0.00245002497128934,0.0018196061343682501,0.0022001181713412503,0.0026512454666748,0.0031657384568801335,0.0036683086551451,0.003938579631027434,0.0043324081440834,0.009232756144021526
1486,-0.0023151555279113797,0.00219001314523345,0.0023532241039407,0.0026450682475365334,0.0030187606540048664,0.0034083768125302,0.0035853388214668667,0.0038915112032462,0.0086328789276242
1484,-0.0021915982500701,0.0024281832208754,0.0024037119076109,0.002551632845615733,0.002803169887728067,0.0031026018741394,0.003199161952774067,0.0034299743703494006,0.0080640648156839
1482,-0.0021478032449935,0.0026284142893335002,0.002495610338285,0.0025573109634413334,0.002739012273202333,0.003005647548638333,0.0030610101572513333,0.003251295537637333,0.0078614717597985
1480,-0.0021902900924600207,0.0027601645867290003,0.0026120283746394997,0.002657889083240833,0.002828185090021467,0.0031147596479865,0.0031692251328951336,0.003365041583100833,0.0080402704325645
1478,-0.0023128824860553805,0.0028092114030904003,0.0027308075716979,0.0028306108880842666,0.003049336195230567,0.0033993666574782667,0.003492153223527567,0.0037451812666765665,0.008564032674856925
1476,-0.00248967193082336,0.0028774290069172,0.00291829715283745,0.003118890210760967,0.0034288268154716,0.003873928296077267,0.0040370421461796,0.004373481936734233,0.00935017384355245
1474,-0.0026168571268428997,0.0030609698640741002,0.0031889788026726,0.003467420865000933,0.0038450231906552667,0.0043630142581016,0.0045865378255949335,0.004954299186863267,0.00996598995566335
1472,-0.0025675988930633996,0.00325487175300855,0.0033433178988407997,0.0035899241668469668,0.003930360917106967,0.0044170521675663,0.004626846603372633,0.0049155999020603,0.0097828695721208
1470,-0.0024198377366877006,0.00334023748547785,0.0032909278083831,0.0034237441859979335,0.0036570239411769334,0.0040398994414266,0.0041804937423975995,0.0043576286728762665,0.00907551617379985
1468,-0.0023260668023684997,0.00341715203986155,0.0032228066185668,0.0032448029513611333,0.003383821484742467,0.003689204301635467,0.003772418388357466,0.0038870180596501333,0.00856833639918405
1466,-0.0023131240117598597,0.00355785380990815,0.0032570687276169503,0.0032052645789134005,0.0032870310635980666,0.0035794624614414335,0.0036403519006163996,0.003738266969184067,0.0084457153323734
1464,-0.0023395689015959,0.00365447092223105,0.0033196195232348003,0.0032430768937684665,0.003305287866766467,0.0036360090710774663,0.0037023379227418,0.003804674728708133,0.0085333417003738
1462,-0.0023910979054799003,0.00357297195847785,0.0033042698829071,0.0032647543436899336,0.0033530862087402667,0.0037491869417842667,0.0038441821799749336,0.003972915587132933,0.0087406671019316
1460,-0.0025031847932936997,0.00334205262060625,0.003242952569725,0.0033083253059540004,0.0034738316828416666,0.003961278625443001,0.0041197232741310005,0.004320295195146667,0.009228994016558
1458,-0.0026612047075954,0.00305002724451985,0.0031904883496516,0.0034015133209731,0.0036624503640610997,0.004258522461642433,0.004512190478940767,0.004826310018305767,0.0099790291963401
1456,-0.00268482666167394,0.00271096545566415,0.0030184918881459,0.003298552210987267,0.003568891640720233,0.0042014054739996,0.0045038307048216,0.004874856069513634,0.01016303096995245
1454,-0.0024976220891154,0.00235747509181635,0.0026500908742861,0.0028554528569951,0.0030234879372171004,0.0035766553401464334,0.0038253871679841,0.0041244787493621,0.00931225791389735
1452,-0.00230368142576,0.00205734590561255,0.0022765734014233,0.002378896228054966,0.0024457213724663,0.0029138572426659673,0.0030867325874492997,0.0032789381996276338,0.008347574001758024
1450,-0.00219684119370354,0.0017937210571156502,0.0019776882614689,0.0020226226097996,0.0020337683245099,0.0024677134368319667,0.0025973335001035665,0.0027199948094608997,0.0077840439562842
1448,-0.0021267624510934,0.0014851975438641,0.0016612333716491002,0.0016856486371674333,0.0016625964176977665,0.002081367106285433,0.002191599571116767,0.0022907457146247663,0.007440238186818601
1446,-0.00203549631464806,0.0010957050822366999,0.001251467322321,0.0012607919127418333,0.0011983675315787666,0.0015734297358371667,0.0016641754953101,0.0017669148317978334,0.007022248702674675
1444,-0.0019588404467684,0.0007293742485678617,0.0008637503302691,0.0008617689058867667,0.0007674660879641,0.0010895581477571,0.0011654295331640998,0.0012765380004551,0.0066389799121926
1442,-0.0019646016072651,0.000501194356590125,0.0006592766052966,0.0006786623902129333,0.0005929211549496001,0.0009086656298306,0.0009997065220719332,0.0011301413058592668,0.0066195693284381
1440,-0.0020600586175419,0.00044267665153512503,0.0006862396762941,0.0007757954288962667,0.0007563590485862667,0.0011287593588346,0.0012739040302339334,0.0014587145574522665,0.00706080938203235
1438,-0.0021794778074278,0.000500536732643975,0.0008544433771752,0.0010382134683337002,0.0011234966135647,0.0015765840988957002,0.001788354407291367,0.0020644738478687,0.0076901282184787
1436,-0.00223736670072534,0.000544208916409775,0.0009646191479534001,0.0012115820935269667,0.0013779780778733,0.0018731871154766665,0.0021167765418156665,0.0024706533588142333,0.0080516074205992
1434,-0.0022425964543407,0.000524387477442475,0.0009550369569697,0.0012234884697135335,0.0014166623327855332,0.0019119953405175333,0.0021490017284135333,0.0025249336494635333,0.0081098683601272
1432,-0.0022478899375606804,0.000506651463050925,0.0009274776704074001,0.0012059103038854,0.0013991387530794001,0.0018892245845017334,0.0021135755789757666,0.0024734045407001,0.008116765358589673
1430,-0.00225234287056526,0.0005114479062746527,0.00091747352419665,0.0012012041491093002,0.0013906019750549667,0.001879219643414633,0.0020966574531580003,0.0024298025636863003,0.0081010433389924
1428,-0.0022412454325466,0.0004981990234690707,0.0008858506104557999,0.0011613482888009668,0.0013452464000956333,0.0018312990760709668,0.0020401535143219664,0.0023468405799223005,0.0080032916593858
1426,-0.0022415944954438,0.000471589190821325,0.0008501875984398,0.0011143593167362998,0.0012949184425316335,0.0017876705326059668,0.0019860612501706332,0.0022749808213653002,0.007952445754971801
1424,-0.0022893798495976,0.000496299452439825,0.0008892840658218,0.0011619071132936334,0.0013518787003423,0.0018737820610952999,0.0020716890828092996,0.002366067888270633,0.008136525882871299
1422,-0.0023697927114413,0.000598004185349666,0.0010249778830699,0.001330135080073733,0.0015427556399423999,0.0021073997350457333,0.002322686173428733,0.002650888018384067,0.008518181380052649
1420,-0.0024111914815724,0.0006991111410344531,0.0011526877823389002,0.0014858665367166,0.0017101133574499335,0.0022997476761828996,0.0025373489395082998,0.0028981867540786,0.008773913254143648
1418,-0.0023644567343248,0.0007080809242351572,0.0011484344771419,0.0014685162152328999,0.0016628967516865666,0.0022380614142079,0.0024728970382399003,0.0028149521883439,0.00862536596475315
1416,-0.0022751759339633996,0.0006650971831961628,0.0010510877444568998,0.0013202147842942332,0.0014521841696059,0.0019858319565449,0.002184534198815567,0.0024569015476639,0.0082191758640479
1414,-0.0022069117239888803,0.0006563334943286226,0.0009745565026746,0.0011858712479283333,0.0012603911867046333,0.0017436790685056668,0.0018972655646396668,0.0020997145222415997,0.007848947387382925
1412,-0.0021791439198944,0.0006995873909120742,0.0009626233064873001,0.0011298199132589667,0.0011770163384649667,0.0016096728921243,0.0017342875070756334,0.001903012160966967,0.0076448643704643
1410,-0.0021913249688149,0.00078685057043755,0.0010173128095693,0.0011611667550747997,0.0012164918331854667,0.0016098393509398,0.0017304258209401334,0.0019080666145831332,0.0076383727303425495
1408,-0.0022301280365564003,0.00091511911280755,0.0011269737103243001,0.0012661775862339668,0.0013532962138099666,0.0017297154844236335,0.0018626298057549666,0.0020770870884433,0.00778095762982855
1406,-0.0022644472918962,0.0010556044167224,0.0012487446436339,0.0013931211758912334,0.0015132860180489,0.0018906326101728998,0.0020341765340665665,0.0022842348120755665,0.007922673195726149
1404,-0.0022818667242043003,0.00117069591256685,0.0013511852382276,0.0015076756887392668,0.0016525651086112666,0.0020360941419852664,0.002181339193885933,0.0024440236814236003,0.007995664799751351
1402,-0.0023202649651412,0.00129326507229355,0.0014896201584683,0.0016763605424842999,0.0018553509025463,0.0022541569258099667,0.0024060724016423,0.0026680875506333,0.008178199996197049
1400,-0.0024157172785792998,0.0015039194642134,0.0017472642771489,0.0019899474888647336,0.0022317067578114,0.002668713822373067,0.0028485842047937335,0.0031236650723277335,0.0086522351535859
1398,-0.0025235462166191,0.0017788795094833003,0.0020669504826938,0.002370423202174467,0.002687024114175467,0.0031745032665041334,0.0033972143171704665,0.0037055534289171335,0.0092164744563053
1396,-0.00253727888802856,0.0019182372615807,0.0022126917172824497,0.0025409908945889,0.002894998625845,0.0034038003589622334,0.0036533111787976,0.0039874667218073,0.0093496849588772
1394,-0.0024445711464764997,0.0017923033994712999,0.0020703786045138,0.0023831356946651333,0.0027234185865988004,0.0032102408013601337,0.0034546981463424668,0.0037898645687014666,0.00895288833150605
1392,-0.00235488613080596,0.0015408472856602,0.00182318384979995,0.0021209916731836664,0.0024419450497736666,0.0029020232138942666,0.003131392657933,0.0034686397733346332,0.008533114862421726
1390,-0.0023366232211113,0.0013426906798853,0.0016592679965838,0.0019679406049128,0.0022981980346151332,0.0027572907729714667,0.0029840548508731335,0.0033492421608764668,0.00844240687780105
1388,-0.00235914151601262,0.0012267952906759752,0.001582721020055,0.0019143700491357667,0.0022702900068691666,0.002743415698554467,0.0029780629202287665,0.0033827917984121333,0.008564010156509476
1386,-0.0023589257086824,0.00111681448707185,0.0014918742451386,0.0018303582871410998,0.0021948065166954335,0.0026680011370084334,0.0029046335500587665,0.0033223720614800997,0.00858914933795385
1384,-0.0023238221200445,0.00096382199156335,0.0013394376962361,0.0016617444355026,0.0020066109977446,0.0024611837005179336,0.0026883555726506,0.003080997059469933,0.008420414510768099
1382,-0.0022883842637364,0.0007989512575780999,0.0011723332583705999,0.0014694083534761001,0.0017789747698154334,0.0022192000848101005,0.0024365543574904336,0.0027928105646284336,0.008203808276610351
1380,-0.0022687320065541998,0.0006896777355842999,0.0010557348591798,0.0013199785630856333,0.0015751742841783,0.0020213363767682996,0.0022363121520996335,0.002567742052272967,0.0080480117045253
1378,-0.0022515700572698,0.0007578930631182499,0.0010817870297214999,0.0012821885262358334,0.0014362035675981669,0.0019012934789848334,0.0021131836933735004,0.002426757569832167,0.007954968235054
1376,-0.00222937857371148,0.0011944983419767,0.0014079290076191,0.0014939435455506667,0.0014949801916249999,0.001966620249822,0.002157093733807333,0.002438416434151,0.0079382959818844
1374,-0.0022189264999422998,0.0019791257598531,0.0020425918602386,0.0020059213670146,0.0018773718312762666,0.0023227619887496004,0.002472811079753933,0.0027037126049835997,0.00803161491303135
1372,-0.00223152775130172,0.0026675751041502997,0.0026368870476177,0.0025498618204934332,0.0023972810852140665,0.0027976790152334,0.0029154100431634,0.0031114932296404333,0.00818170122669675
1370,-0.00226377076065802,0.002926636282554975,0.002904595606179,0.0028572876491847997,0.0027712240655204667,0.0031412009631154665,0.0032549135091568004,0.0034627642422281335,0.0083446611604254
1368,-0.0023170044284338,0.00283472283581575,0.002898668860456,0.0029455901824095,0.0029655726951114997,0.0033399804992745,0.0034776354947175,0.003742140998042834,0.00856562369358425
1366,-0.00238483978891126,0.002606566293894925,0.00279046094221295,0.0029493293934031,0.003086271657679067,0.003499883792837067,0.0036807628972697665,0.004019304361994766,0.008850331246956175
1364,-0.0024347544334922997,0.0023837581589694,0.0026793463888254,0.0029357554427730664,0.003180227774169067,0.0036455514246237337,0.0038727514154247335,0.004260771323489067,0.009066005584080399
1362,-0.0024283262285276996,0.002195001509793,0.0025585102851565,0.002870162780208,0.003185756797237333,0.0036790066274346666,0.003932587139076333,0.0043184234249216665,0.009037314103281499
1360,-0.0023719943314356997,0.0020275245234041,0.0024073466185961,0.0027277747798262666,0.0030640268268226005,0.003545031811519267,0.0037941852285209333,0.004145463253448933,0.008783884229596351
1358,-0.002311952986085,0.0019262864958227998,0.0022916595679877997,0.0025956155675023,0.0029161058754066335,0.0033620934395646334,0.0035880905050973,0.003907299141553967,0.00851217819000005
1356,-0.00228013361341348,0.001972696136047625,0.002315457447312,0.0025979941022488333,0.002888452339097533,0.003297757397937133,0.0034991470823504665,0.0037935299950374664,0.00837499737565545
1354,-0.00227859987583782,0.002174019232114575,0.0024991916272635497,0.0027638173377902,0.0030253812052954666,0.0034035740460391668,0.0035875163991460333,0.0038531492679660002,0.008387759343937925
1352,-0.0022919282349174,0.0024007829125354254,0.0027195996866176,0.0029722368276740665,0.0032159229131235333,0.0035693275371378665,0.0037437533166632,0.003981534356402467,0.00847123839043265
1350,-0.00229928197619246,0.002478984965488525,0.002801274074769,0.0030484737447140334,0.0032882475801823668,0.0036241412426381,0.0037941655940383,0.004020866442853267,0.00851093255822535
1348,-0.0022928395379420404,0.00236919312679915,0.00270070537572885,0.0029507564823268335,0.0031965681142525335,0.0035235987494532,0.0036928477397096334,0.003925390721289934,0.00846296630483575
1346,-0.0022945150052316797,0.00220395576861805,0.00255627441383855,0.0028246159760127332,0.0030857229440552666,0.0034174266812902004,0.0035937610887175,0.0038375683147160665,0.008443330643827076
1344,-0.00233991950717264,0.0021381328829981503,0.0025380826345758,0.002849616471013734,0.0031431203047170334,0.0035027440432121334,0.0037011621123680667,0.003964295031632633,0.00864371470851765
1342,-0.00243077773986546,0.002197672789052875,0.00267433521923755,0.0030502325026732333,0.0033943168765912662,0.0038060323470509336,0.004039188916750767,0.004341291172006399,0.009091037996176625
1340,-0.00250695845139496,0.0022699218565678,0.00281917445480175,0.0032491766087833335,0.0036361418795932666,0.0040962875169255,0.004354857774586667,0.004701352732930833,0.0094974695159336
1338,-0.00249710003578664,0.00223167689416575,0.00279862103589955,0.003230650575858,0.003614313072498867,0.0040747607964778994,0.004323248926539333,0.004677750170505333,0.009488052673333625
1336,-0.0024150260559887603,0.002090960158991175,0.0026154778200492,0.0029970517555984667,0.0033323901791140666,0.0037405322199856998,0.003950228838983533,0.004266412488020834,0.009088829733657551
1334,-0.00233906635227858,0.0019440717172854501,0.0024163856191731503,0.0027402222255148664,0.0030258013835070667,0.0033750949198830663,0.0035523750888118663,0.0038254264519390333,0.00868115358586115
1332,-0.0023072106710634002,0.0018424701165783998,0.0022956260418424,0.0025909343406415996,0.0028551747437405663,0.0031762603818923664,0.0033471746803753998,0.0036052766922362,0.0084927026441108
1330,-0.0023003975461195598,0.001779869212803575,0.00225045468303385,0.002549353103763467,0.002814878372193267,0.0031362283920558,0.0033173423190342335,0.003582281281984533,0.00846433830617405
1328,-0.0022953771149236196,0.00174337830867565,0.0022489080834230003,0.0025673734952537668,0.0028374659629979335,0.0031657025433213,0.003355204887863667,0.0036291085867815667,0.008467628948258525
1326,-0.00229855346004946,0.0017337849746436001,0.0022795027999117498,0.002622434786371633,0.002894417912402967,0.0032275811343905336,0.0034208849304183334,0.0037046740207985662,0.00849033962734885
1324,-0.00232464418889772,0.0017525418449654748,0.0023467683803249503,0.0027209892319189333,0.0029992411258210334,0.0033456773037558664,0.0035496490106111667,0.003853478203068767,0.008593433761430826
1322,-0.00236647290244552,0.001790125092670025,0.002441784521058,0.002855092132250967,0.0031447799270134997,0.0035186643772051,0.0037443980138339,0.0040724865273228,0.008773568858807
1320,-0.0024017334255255402,0.001824497076961375,0.0025293915592467502,0.0029787135301175337,0.003274661472923167,0.0036779210409818,0.0039257695516645005,0.004266594841856667,0.008946008606766
1318,-0.0024177179990281803,0.0018305290761653,0.0025713753571269,0.003040090632461167,0.0033287499356646003,0.0037454054669043995,0.004004260838130466,0.0043466716164499005,0.00903447471740065
1316,-0.00241615322560712,0.0018073092184097749,0.0025697967195642,0.003040086738039333,0.0033092363659669335,0.0037169101036017,0.0039764266144974,0.004324130841770666,0.009027652929764325
1314,-0.00240030762507116,0.0017950606779316499,0.0025765489142477,0.0030404428111794665,0.0032824910147625664,0.003664060729908067,0.003920782856956633,0.0042799703325079,0.008950531965796926
1312,-0.0023730784685049196,0.0018391672094758252,0.0026421148487189997,0.003101001494396434,0.0033125478173199664,0.003661192305664633,0.003914922059177466,0.004279793455645467,0.00883010483160265
1310,-0.0023425852065893002,0.0019246157993837248,0.0027486056776075503,0.0032069136369672,0.0033912280713953337,0.0037122952779166003,0.0039633958413169,0.004326001163519233,0.008689146739749399
1308,-0.00231828600382826,0.0019735840474969,0.00281411475477685,0.0032743991326516335,0.0034418885118405,0.0037489407144712336,0.003999188168901033,0.004364700366283533,0.008548011419114475
1306,-0.0023056401570170403,0.0019291622235743247,0.0027792016120247003,0.0032409226715264003,0.003403856381237734,0.0037094966922071333,0.003961675206735766,0.0043417761983129,0.00843904204766875
1304,-0.00230722054164648,0.00182157610592465,0.00267374936471635,0.0031356947678877005,0.0033031925059895336,0.003614555460311633,0.0038710664340898334,0.004265980782425333,0.00840805846922895
1302,-0.00232016770758898,0.001725265472563325,0.0025752550832805997,0.0030391669023256004,0.0032173404478537,0.0035407211644457003,0.0038040863478774334,0.0042005082303583335,0.008462246329047074
1300,-0.0023315140523328,0.0016652568879645,0.0025117117096161,0.0029817075391431335,0.0031750721685185,0.0035194308793162,0.0037921047136505333,0.0041774939322906665,0.008530458026700126
1298,-0.00232844176760194,0.001612860272750875,0.0024517967603312,0.0029286528299916664,0.0031383889500319665,0.0035089595627252,0.0037897791524378666,0.0041610911656692,0.008533925954500001
1296,-0.00231822159915834,0.0015653598304021248,0.0023879489536778,0.0028657506768883997,0.0030884647968218667,0.0034793941066447996,0.0037619192658977,0.004121781580368866,0.008500359037215225
1294,-0.00232543192402744,0.00157123304434145,0.0023707039375948,0.0028415637679132,0.003072718776535833,0.0034713440041220004,0.003749122980621033,0.0041005864589012,0.008546209579511
1292,-0.0023601862425748203,0.0016605966871056001,0.0024364373454845503,0.0028963281893563332,0.0031332348233681,0.0035298722662895003,0.0038019467676504996,0.004148147399749066,0.008717880934450575
1290,-0.0024006863445182004,0.0018039320988421747,0.00255144162207605,0.0029972509953073,0.0032354104775040335,0.0036240444209673667,0.0038919807578161997,0.004236578709337333,0.00891102074068045
1288,-0.0024168410528921,0.0019704628945878,0.00266750259863535,0.003089591480457933,0.003316980485571233,0.0036895458425691002,0.0039505356853866995,0.0042959735729558,0.0089844422533482
1286,-0.0024046420447864,0.00218846070066395,0.00280302718902075,0.0031867243963879,0.0033850733452680665,0.0037326574802244335,0.003979590876289634,0.004324872740024533,0.008920895408695749
1284,-0.0023860473329436,0.00249317616197145,0.0030115513954944,0.0033495525633489335,0.0035027307622413663,0.0038233198238104664,0.0040520768708308,0.004391932739524333,0.0088279392013539
1282,-0.0023805716682778603,0.0028241376119700003,0.0032715800765587997,0.0035738244565327,0.003676435918116733,0.003976955010114166,0.004191133712299633,0.0045188711796026,0.008804258420740875
1280,-0.00239166196458068,0.0030351821640364,0.00346924411105435,0.0037603301082407663,0.0038226913645260665,0.0041127879175647,0.0043217588594524,0.0046378583061022,0.0088661603177631
1278,-0.00241624803009592,0.0030436073262857747,0.0035257983196739498,0.003833010406397133,0.0038788257812140334,0.004164854081660866,0.004378983706700267,0.004698613864335967,0.008985677531874625
1276,-0.0024534194084311995,0.00294315215312365,0.0035117637323673,0.0038535814324392004,0.003907020469892867,0.004191164650208501,0.004417717863600433,0.004763849019416966,0.0091435878345905
1274,-0.0025004524366064795,0.002926875640868525,0.00358757745935195,0.003968215529563334,0.0040376107918635,0.004318716363002167,0.004559352768953333,0.004943142429726867,0.0093269699319565
1272,-0.00254677922625808,0.0031129829030129503,0.0038448316505942,0.004253807372603967,0.004326011293103033,0.004599254741548833,0.0048504579544337,0.0052593507849255,0.00949647442105075
1270,-0.0025759416562357606,0.003464170790197725,0.00423575020830415,0.004653812550326166,0.004705195280209233,0.004963375577716633,0.0052209686718255,0.005628749171926399,0.009582157032981625
1268,-0.0025736879023844196,0.0038667573065267,0.00465718553477375,0.005068912978336966,0.0050819009026354,0.005320017637204467,0.0055837512583309,0.005970776997140967,0.009527174535826625
1266,-0.0025370550723485,0.0042568191237301245,0.00506674777092855,0.0054693749786571,0.005436670385296667,0.0056558529642789,0.005927809185746434,0.006288766231919599,0.009344006009296725
1264,-0.0024818183660225202,0.0046445711175346245,0.00548661255013915,0.005884670669835667,0.0057995824967610006,0.006006003040244033,0.006284566222310733,0.006622800198166,0.00912996897780465
1262,-0.0024396629662443,0.0050468238270636,0.00592716112872955,0.006319930023396033,0.006168807553063733,0.006367704081509966,0.006645982544145133,0.0069701718417458335,0.009010841747196699
1260,-0.0024375148698927603,0.005454695174857076,0.0063680655960178505,0.0067476777170624,0.006515335813598967,0.0067052854692224,0.0069766618046917,0.0073009588594144005,0.0090508756087965
1258,-0.00247732240236816,0.0058845202138649005,0.00682268434868445,0.007183771640330666,0.006862671677836367,0.007035940004966966,0.0072983432019644336,0.0076332664984510995,0.009227774263082399
1256,-0.0025387280359827,0.006409215598097999,0.00736246099335635,0.007704717404823501,0.007293942133580933,0.007441548518867667,0.007694787876929667,0.008032959009411632,0.00947889952660835
1254,-0.00259686106754036,0.007087257349870825,0.00803671889906785,0.008355267996392067,0.007852175794851732,0.007966419432217233,0.008207853717095233,0.008525443502241633,0.009733159271136375
1252,-0.00263650441275134,0.00786249862981565,0.0087836786145274,0.009065366617518666,0.008464625933621267,0.008537403589367299,0.008762452476663135,0.0090401387969879,0.0099192662589091
1250,-0.0026560198546685997,0.00856409108153265,0.00944819168682285,0.009685339879095431,0.0089909546819042,0.009015935945134399,0.009223021306397334,0.0094637745885365,0.009997726037404949
1248,-0.0026630439164961398,0.0090180371765649,0.00988888577352125,0.010095772560403,0.009333581521942767,0.009316446668298,0.009511472504210432,0.0097360961016847,0.009995308671790075
1246,-0.0026655397486212797,0.009143513112699252,0.01004756490326265,0.0102586723868504,0.009473213877569433,0.0094380359271706,0.009634043962864334,0.009862802391670132,0.009977512320411676
1244,-0.0026659699126012396,0.0089280238975409,0.0099061868966527,0.0101583095775089,0.009395766244981535,0.009374279566855666,0.009585713863340431,0.009828576693360432,0.0099807051547784
1242,-0.00266578217927572,0.008362294395179375,0.0094312361352374,0.0097487735518572,0.009042734080708633,0.009055703292260799,0.009291421405480902,0.009553199175693033,0.010000507557602976
1240,-0.00267168743198174,0.007483415154328075,0.0086356377071567,0.009026339171167101,0.008394735504475866,0.008447117588844399,0.008707369834360266,0.0089931250700843,0.010039436783927724
1238,-0.00268833579956818,0.00646157767425715,0.007672014824356501,0.008126339121316465,0.007574083499018234,0.007666237968479133,0.007944867467313167,0.008255201439448301,0.010111247832805124
1236,-0.00270467113668326,0.005533309763036049,0.006764325165693,0.0072575636143034005,0.0067798635465163995,0.006914745272371366,0.007203168564907767,0.0075275280479964,0.010184652604933949
1234,-0.0026991019304167196,0.004810418301110975,0.0060203471588718,0.0065235833016392,0.006111396970231,0.006288226817678634,0.006578395966055667,0.006898502376666234,0.0101789181590659
1232,-0.0026643397403538402,0.004208855777800375,0.0053668991932562,0.005863372139252966,0.0055119046929392,0.005722046601582633,0.006009432931298266,0.006311647333914966,0.010053634696026575
1230,-0.00261955298096146,0.003595928447802,0.00469256778748765,0.005184464605268067,0.0048995123223402335,0.005136406514131,0.005422623747998233,0.005707232307846633,0.00987179378696405
1228,-0.0025903432548274,0.00296757134834095,0.004009588396045051,0.004508137648294033,0.004303306698730899,0.0045717145087701,0.004862488667114101,0.0051409083685147,0.0097361482454775
1226,-0.00258249144541664,0.0024369653434827498,0.0034335219766238,0.0039443514761198,0.003829189445672133,0.004136863747829066,0.0044350741531711665,0.004718263578670699,0.009684127651322226
1224,-0.00258215555814028,0.0020827318681358002,0.00303659631112225,0.0035544835967526,0.0035225434370640004,0.003864929197980666,0.004166356427369434,0.0044561723416334,0.009674487333840326
1222,-0.0025766880068793198,0.0018763383428456251,0.00278410354236155,0.0032972093611272663,0.0033251697004428003,0.0036845224856889,0.003982090201156967,0.0042745450842996,0.00965714892835855
1220,-0.0025675482119915396,0.0017653478260533499,0.0026226781240143,0.0031190353989659337,0.0031786529324623,0.0035367315178644666,0.003827839374744233,0.004124167914557167,0.009625934313495826
1218,-0.00256412711665656,0.0017548006910643001,0.0025642417018679,0.0030376186754056994,0.0031091625522781663,0.0034560915826358,0.0037437261464370666,0.0040537738290538335,0.009607504809115425
1216,-0.00257109624898104,0.00185209178005875,0.00262970793841535,0.0030842314223791666,0.0031598652260827337,0.003494648036321033,0.0037824880461199664,0.0041130701317936,0.009619942017348924
1214,-0.00258221749620676,0.0019760554034367753,0.0027484711458388,0.0031976593446061997,0.003275573388184167,0.003605635377690233,0.003894927366841367,0.004238457689106767,0.0096445903363861
1212,-0.00258420078759982,0.002002994423653725,0.00279310652746745,0.0032512746855851335,0.003330228302253567,0.003668875939122133,0.0039601384748578,0.004303849991792733,0.009635783958688224
1210,-0.0025677743738122803,0.0019132367434162249,0.00272696335342685,0.0031997300292758,0.003278765718507067,0.0036353820987964,0.0039299788551779005,0.0042772051288808,0.009564707520149025
1208,-0.0025369930016595397,0.001834379891247725,0.0026599938275665997,0.0031412448422461665,0.0032191614473590334,0.0035902658810197333,0.003887845150464067,0.004258656349771434,0.0094523281785723
1206,-0.00250699994691372,0.001906513512789475,0.00272367430106075,0.0031989548102514666,0.0032699372346564003,0.0036437259771165665,0.003938789003319333,0.004341185010107167,0.009349651140374175
1204,-0.0024919797445391396,0.00213104092554975,0.00292033365706215,0.0033736894797289,0.003426620926525166,0.0037954912957324,0.0040788162333271,0.0044867858494075,0.00929172788346955
1202,-0.0024966020211203204,0.00238055139669325,0.00313119035009455,0.0035541743651839332,0.0035822435278322,0.003946652109989234,0.0042120685324404,0.004584365823514333,0.009286208830860499
1200,-0.0025171790554939996,0.002535831778699375,0.00325183447408615,0.0036504438663280668,0.0036616584937880664,0.004024072413891199,0.004274728974085933,0.004595511233913733,0.009333398677510674
1198,-0.00254682872676118,0.0025872743353526,0.0032850473745604,0.0036759282146254335,0.0036889683442774004,0.0040506365540434,0.004297746040190067,0.004590219761400067,0.009430752743800876
1196,-0.00258005055101412,0.0026174577339235,0.0033096246635841,0.0037047814673558666,0.0037322964543954665,0.0040956159559944,0.004349271117852633,0.004648065167562499,0.00956479144540975
1194,-0.00261524062228942,0.002729259633801325,0.00340506120694495,0.0037980700811464665,0.0038358552236811335,0.004203044242242399,0.004463561688226667,0.004781754672046567,0.00972138951344345
1192,-0.0026515790873255394,0.003010507237254375,0.0036284087703505,0.0039931704968574665,0.0040226887594612,0.0043899918672222,0.004647680227163766,0.0049707392271581665,0.009892666703533975
1190,-0.00268220882104426,0.0035247937755232004,0.0040212916420572994,0.004320843232726934,0.0043150461932558335,0.0046724073423517,0.004913799336166066,0.005213670371308766,0.010052901215001126
1188,-0.0026966600088354402,0.00426953834144015,0.00457925113027385,0.004778188838340533,0.0047058480450876,0.005043390884912867,0.0052561876698155666,0.0055055464303869,0.0101539185928637
1186,-0.0026962975577868994,0.00511391275995445,0.00519881981546055,0.005279199679571867,0.005117257958968466,0.0054288377819598005,0.005604013602069666,0.005788004676800333,0.010185535341196001
1184,-0.0027007880366189596,0.0058086612341480244,0.0056898069469295005,0.005667353062743467,0.005421684823475766,0.005703336191237734,0.005839481073592834,0.005968637920253067,0.010219276428217874
1182,-0.0027268147746084596,0.006120853441735375,0.0058864231022542,0.005811079857265166,0.005522902803736966,0.005774093524407334,0.0058827000534357006,0.005995365463802066,0.010332511976982001
1180,-0.0027627161566473,0.005989923162728576,0.00575863673953355,0.005690771373228167,0.0054134865615084,0.0056417573119294,0.005744331864616967,0.005886287701041032,0.010493236640005201
1178,-0.0027785564032240797,0.005546256628070775,0.00540876420742365,0.005389967684777799,0.005157886700052033,0.0053779885366615,0.0054941149964315,0.005688337289871167,0.010582527442596875
1176,-0.0027622256242998203,0.004996655230685275,0.00498198601410825,0.005024822193558833,0.004843860079967466,0.0050697614216691994,0.0052081260063251,0.0054413529089982334,0.010535383894719625
1174,-0.00273210221933102,0.0045052417364531,0.0045935651572901,0.004690929258248066,0.0045506919969969,0.004789169524595534,0.004949896798341867,0.0051879080859636995,0.0104016648346245
1172,-0.00271085835140628,0.004148045787024325,0.004308874333242001,0.0044470589952470664,0.0043325089425289,0.004583005718656066,0.0047645423695467,0.004983320960998467,0.01026185453445185
1170,-0.00270233282115234,0.0039250342285586754,0.0041451090077371504,0.0043124967687939,0.0042073485482731,0.0044645597503504995,0.004664940261495234,0.004871969005756867,0.01015493167275885
1168,-0.0027012882992707996,0.0037838233663285495,0.00407075055311225,0.004265248671891867,0.004157647724405734,0.0044157621060923,0.004630730418700167,0.0048591811724861,0.01010979392871165
1166,-0.002709650887859,0.0036520085584770753,0.0040230471900026,0.0042555761231882,0.004147163511342501,0.0044067424744823,0.004632914234513333,0.004913787609088033,0.01016221010674035
1164,-0.00272981725736758,0.003491215083349725,0.0039587369273742495,0.004243864935695,0.0041472963802131335,0.004417261349065234,0.004657363385744967,0.004995116830246133,0.01028740659594705
1162,-0.00275131175155542,0.003332852254883625,0.0038928087885848,0.004231361140043,0.004152867683075934,0.0044402941344405,0.004700377820376033,0.005074075366350534,0.010376743070548975
1160,-0.0027576486185571197,0.0032418471746877,0.0038717197743743,0.004244920867753833,0.004171846153765532,0.004470709507778367,0.004750440451367333,0.005134540049847367,0.010343249146892075
1158,-0.0027434525954699402,0.003233623676571925,0.0039042051337341,0.004287870311103633,0.004198430301302466,0.0044953050392829335,0.004784240219745933,0.005165695515777499,0.0102182137638702
1156,-0.00271617413359822,0.003237466986284025,0.00393082043171575,0.0043138152455242,0.0041996361453587,0.004490460185258633,0.0047761372573006,0.0051566011987277,0.010094591086018876
1154,-0.0026844579851427602,0.003151431928852275,0.0038695818293286,0.0042578362285680665,0.004135454555399099,0.0044283935877766,0.004706695312666,0.005096770812512333,0.010007545103542225
1152,-0.0026526208483286405,0.0029323983868309754,0.0036907971934615497,0.0040980987107634,0.003999127873191234,0.004299372487759,0.004576443249424766,0.0049871334042755665,0.009920753212742675
1150,-0.0026235537076052,0.0026413623130172,0.0034547152581694,0.0038923944095917,0.003842047583227133,0.004143026074481833,0.004429016233370533,0.0048590713235851,0.00980513751755735
1148,-0.00260146768176748,0.00241221827212955,0.00328288823814615,0.003753341789478467,0.0037547698372797,0.0040495175558659,0.004351085029919067,0.0047793252402407995,0.009686544528126175
1146,-0.0025939297633014195,0.002364953342796825,0.0032791888831214004,0.0037726645110691334,0.003808029058181833,0.004101855364011866,0.0044184416797112,0.004815944960225367,0.009627791709071975
1144,-0.00261090302257754,0.002514177921240925,0.0034479995123072498,0.003945919183808734,0.003991262601301167,0.004295587496959733,0.004620580421067634,0.004976426231624567,0.00968554858716245
1142,-0.0026530459006113396,0.0027420421487159,0.0036754032343701,0.004162383463461134,0.004203190158313833,0.004519841108136,0.004845210273696633,0.0051783509087461,0.0098563214912191
1140,-0.0026996906414067405,0.002881994574238575,0.00381194030424165,0.004287456193785133,0.004323100363170533,0.0046410950025707,0.0049618244511769,0.005305987685030033,0.010045018207332975
1138,-0.0027207222043510804,0.002850462412602,0.0037914710215403496,0.004269172022722833,0.004306735989875433,0.004614169904339566,0.004929440908636666,0.0053096431749145995,0.010125710164023626
1136,-0.0027065598430007004,0.00269416800060235,0.0036653684817330003,0.004161424200912633,0.004208274025927567,0.004503762885686866,0.004816087937938667,0.0052382400141684,0.010063071037985925
1134,-0.0026770022882688796,0.00251297439718335,0.00352468992879715,0.004047379316389834,0.004107698336788066,0.0044008919498152,0.004715458888127366,0.005169737003120667,0.009942834122801326
1132,-0.0026545724919164,0.002359008542008525,0.0034093122336989,0.003957235447067466,0.0040311492301286335,0.0043346398002112665,0.004657679207196533,0.005128535652882467,0.009857570193273575
1130,-0.00264176417075958,0.0022227113980669002,0.0033012946705346,0.0038669724069753,0.0039513975198041005,0.004271913499415767,0.0046068059898311,0.005086331183539533,0.0098117261490081
1128,-0.00263318678706916,0.0020852774837623747,0.0031757647270455004,0.0037494698263217338,0.0038409706038333665,0.004177382623878633,0.0045220423917408,0.0050177750855880665,0.009777544130146101
1126,-0.0026334868148155796,0.0019417457903481003,0.003022338367165,0.0035955388709174667,0.0036924026986162664,0.004042723088702167,0.004392313690116933,0.0049170971933599665,0.009778840373674776
1124,-0.00264595938537086,0.0017784477878650248,0.0028286847806239003,0.003397234984030967,0.0034987120590403,0.0038673937976210332,0.0042194322392205,0.0047708466098439,0.0098435152456546
1122,-0.00265496761501296,0.0015704433335286,0.00258462725188265,0.0031498355170766997,0.0032569534503922005,0.0036507070014036333,0.0040059614102923,0.004561453540189234,0.009913940664671175
1120,-0.00264149661603804,0.001319008565580775,0.0023130574820253,0.0028797494044661997,0.0030003990886770665,0.0034159646654915335,0.0037748611719141,0.0043098540008486,0.009896301384166376
1118,-0.0026124374886025603,0.001070959602665425,0.00206992185533425,0.0026427891393141,0.0027921148857688997,0.0032132855848667663,0.0035735371266999,0.004078587816492167,0.0097922328825754
1116,-0.00259303747460018,0.0008859523275471751,0.0019003157687404498,0.0024802031315176998,0.0026683191348815666,0.0030780938789092666,0.003436099316579767,0.003914619954754433,0.009695121881587675
1114,-0.0025894982681027405,0.000794342181399975,0.001809954094838,0.0023919798377091002,0.002610967486118533,0.0030037687288889665,0.0033570143570332664,0.0038148564305820003,0.009643599871704274
1112,-0.00257927646183068,0.000786102829460475,0.00177910999915025,0.0023550593205837666,0.0025845427656297332,0.0029660186737312665,0.0033145663032464,0.003755505890301433,0.009560403491538048
1110,-0.00254357484431232,0.0008189825755186,0.0017786115754152001,0.0023432749316017,0.0025705972262591004,0.0029506523419255332,0.0032979820635440998,0.003721325231191067,0.00937122246049475
1108,-0.00249322529604592,0.00083297352924015,0.00176742332128155,0.0023231060864309003,0.0025525476698788,0.002940364704100333,0.0032923231928202,0.0036933675644653333,0.0091260907768973
1106,-0.0024540951320581,0.00077826783137405,0.00170140600406235,0.0022550052146355333,0.0024960016752506,0.0028960942925789664,0.0032569913811901666,0.0036407850403065,0.008953595230941925
1104,-0.0024379014623403996,0.000645192859301975,0.0015622167012685501,0.0021172003329125,0.0023707768265961663,0.002779686037650667,0.0031488313383684664,0.003543449675662133,0.008916859073119
1102,-0.0024348500308405603,0.00046567852230812033,0.0013702389113849,0.0019218737813005667,0.0021822646914108667,0.0025921210119676332,0.0029644790765602,0.0034016176711549662,0.00894797767693625
1100,-0.0024289671149905203,0.000286612506199525,0.0011666939916835,0.0017054398552139999,0.0019686791503255,0.0023757721985691333,0.0027448211728188336,0.003219882524727,0.008927398980413125
1098,-0.0024153700161724002,0.0001494709167959701,0.00099602297435445,0.0015154198778496999,0.0017810304418213,0.0021866209138348,0.0025456926295614668,0.0030169602220941334,0.00881763205847955
1096,-0.00240515179685148,8.220510456322618e-05,0.0008974142060709,0.0013990595609020002,0.0016677431813107001,0.0020698362562753003,0.0024133776741551336,0.0028544891883514334,0.008710710938514301
1094,-0.00241462413809326,8.123011975758757e-05,0.00087999650436515,0.0013718521380077,0.0016467003264949666,0.002038444270732267,0.0023655989421103667,0.0028020175024183,0.008734714633087174
1092,-0.00244668154233738,0.00010238009874888294,0.0009015141179385,0.0013922213128662998,0.0016790564625883669,0.0020593430592315,0.0023761422458832998,0.0028510193766276334,0.00891256036820015
1090,-0.0024842001903906197,9.90734226910626e-05,0.0009033741840882999,0.0013985431572810668,0.0017006052347975666,0.0020801990988415665,0.002396159841325933,0.0029140169793657003,0.00913271082194875
1088,-0.00250552325698844,7.174922999637315e-05,0.00087324904107375,0.0013759097105652668,0.0016907625545479331,0.002083017875746033,0.0024056953391995,0.0029329331511971,0.009260845838842775
1086,-0.0025042131176981402,5.0859838492767015e-05,0.00084093040415895,0.0013524881500118335,0.0016775024046732998,0.0020877992181246997,0.002421120169295133,0.002934715673847133,0.0092539277907534
1084,-0.00249000672358274,3.15262564706847e-05,0.00080830635325065,0.0013271035047068664,0.0016641899144589998,0.0020930738204408,0.0024384006692414997,0.0029496069912907335,0.009160848319173525
1082,-0.00247581282570642,-2.8949162120208232e-05,0.000734558588353,0.0012552961627729667,0.0016057856142637,0.0020563824670882,0.002412225487491867,0.0029424281175490998,0.009056465296797425
1080,-0.0024716349788595597,-0.0001289654834431271,0.00061890254519805,0.0011368093692876334,0.0014954511103357666,0.0019693523432630666,0.0023311527619035333,0.0028863278905821997,0.0090078936105697
1078,-0.00248566783336664,-0.0001855285339674206,0.0005471233126143,0.0010625898765979668,0.0014223570833034,0.0019097931331327333,0.0022726753353884666,0.0028464961775123,0.0090643832361009
1076,-0.00251905448422908,-0.00012326254884986764,0.00060039430451425,0.0011160229723799,0.0014759275171589668,0.001957255359730867,0.0023181180119795667,0.0029027328430549,0.0092254388328727
1074,-0.00255953859512068,3.108693994870869e-05,0.0007489731405993,0.0012615284301155333,0.0016233013152042002,0.0020823010965766334,0.0024376422030575667,0.0030229403777016334,0.00942794004280755
1072,-0.00258964135379938,0.00018746942705213763,0.0008927025294897,0.0013926695680948665,0.0017522717974603334,0.0021872087271332,0.0025324022260897,0.0031058555104349667,0.009597349959279775
1070,-0.0026024965113274003,0.00029447132363635603,0.00097997711100435,0.0014625706423702,0.0018128865786582668,0.0022370968047587,0.0025723878491826333,0.0031277001982534334,0.009702927482232426
1068,-0.00260298828269244,0.00034612010849286237,0.0010192095317784,0.0014925413921056333,0.0018340593169949334,0.0022675916449465335,0.0026024469617269997,0.0031439166164877338,0.0097425711194066
1066,-0.0025946965008969798,0.0003153208879139491,0.0009926801621921,0.0014694640299531667,0.0018099306159952333,0.0022671377489574002,0.0026123732719368336,0.0031494168258914667,0.009702334468005825
1064,-0.00257594035873496,0.0001725729155141641,0.00085911983391465,0.0013401059961456333,0.0016809709765821998,0.002162004463747933,0.0025168309139393997,0.0030588512298210333,0.0095761102275753
1062,-0.00254985293863542,-1.5912279840389176e-05,0.0006650706139236,0.0011351687895986666,0.0014649002539579665,0.0019595839135935996,0.0023110376434489666,0.0028637069340191,0.009410264234008125
1060,-0.0025277831868416806,-0.00010499143874852839,0.00055353197355685,0.0009963500504669666,0.0013015000633559333,0.0018016763172737334,0.0021380662973447995,0.0026950890883854998,0.00927808293416945
1058,-0.00251803618172404,-4.056706367190464e-05,0.0005957948547801501,0.0010089428570246332,0.0012874379080865667,0.0017920354345004,0.0021132236814635,0.002654241506538667,0.009209422652773375
1056,-0.0025181202476272,5.205770890726049e-05,0.00068100204708295,0.00107516742401,0.0013343549136270335,0.001843197669536267,0.0021575972950546,0.002665503500427033,0.00918265258189565
1054,-0.0025219437403308,1.574762497883581e-05,0.0006496216358883,0.0010354771880809667,0.0012797137266789668,0.0017903603589479666,0.0021067743973943003,0.0025870503934293,0.009181404183943549
1052,-0.0025289248565318,-0.00014100823842083383,0.0005000655557636,0.0008793623443647666,0.0011032356828191,0.0016176652821777665,0.0019414173131254333,0.0024136324064027667,0.0092178695187241
1050,-0.002540806479352,-0.0002679156501248941,0.0003782949805893,0.0007457907765729666,0.0009368077076306333,0.0014642681200233,0.0017960201548993,0.002266125676493967,0.00928936013244555
1048,-0.0025518639727991,-0.0002730174137808977,0.0003757512162898,0.0007235571766454667,0.0008651604033027999,0.0014125636066094668,0.001746336950161467,0.002198265549480467,0.009340612029900549
1046,-0.0025467103390218195,-0.00022096390684067134,0.0004224321303158,0.0007393690057316333,0.0008103114820869668,0.0013751144965565667,0.0016992933250003003,0.0021144026454619665,0.009288311813809524
1044,-0.0025105192580702003,-0.00021683383204319193,0.0004061879155845,0.0006775510892915001,0.0006554409158425,0.0012339495192931667,0.0015381510432018334,0.0019104710604518332,0.009085533242860499
1042,-0.0024460448793622,-0.0002525874039832838,0.0003389107407849,0.0005558929442319,0.0004323039141582333,0.0010272048227689002,0.0013093705321268999,0.0016397274708295669,0.008781892376142901
1040,-0.00238409377530548,-0.00021009009960504997,0.00035543493936145,0.0005295026995654,0.0003290552893051,0.0009375335422314333,0.0012055151345578,0.0014981163030384666,0.008538902897464925
1038,-0.0023661507701251,8.263560170949366e-06,0.0005650904596634,0.0007274279027517334,0.0005077744647707334,0.0011105606561357332,0.0013788230096567333,0.0016514755232607335,0.00852875193920765
1036,-0.00240339581518418,0.0003886190587564,0.0009429212332486,0.0011216792008508667,0.0009431268481944667,0.0015216024077778334,0.0018035114856558,0.0020822097674398003,0.00875504404401935
1034,-0.0024660084383215,0.0008394068529075649,0.0013694328870093,0.0015684008965318001,0.0014591945527361334,0.0020134404378301333,0.0023106103132221334,0.0026041550437614666,0.0090429635513588
1032,-0.0025215452017089005,0.0012844358614810501,0.0017451153500433001,0.0019445356761154666,0.0018931559184741332,0.0024278458902348,0.0027271808325127996,0.0030225200218738,0.00925091734507505
1030,-0.0025658456914894995,0.00172030524205665,0.0020641118902334,0.0022366026116950664,0.0022110695135717333,0.002716280081927067,0.0030023553951867336,0.0032896028723930666,0.0094095241611504
1028,-0.0026092445772396,0.0021782203818063502,0.0023804087576771,0.0025074281813690998,0.0024811310799317666,0.002942171924820433,0.0032124550162881,0.003503766102377433,0.009618124314356099
1026,-0.0026488935399113,0.0026219711816673,0.0026980517429283,0.0027804066285324665,0.0027461896272654666,0.0031653979403491335,0.0034302245651217996,0.0037525341404161332,0.00987603420608355
1024,-0.0026695914836665,0.0029271951821621,0.0029319799872156,0.002991571676905934,0.0029596216661785997,0.003357771141464934,0.0036280242633602664,0.004002869886798933,0.010078611654309599
1022,-0.0026676226122283,0.0030093586558880498,0.0030140042236408,0.003083828672842133,0.0030703369649094665,0.0034703975905471334,0.0037509962142634663,0.004178765579960133,0.0101574223650163
1020,-0.00265946021983312,0.0029403288951060248,0.00299889613564885,0.0031048781072654332,0.0031204633818789334,0.0035374176701667335,0.003831776244500533,0.004289887717494967,0.010161653125442927
1018,-0.00266310993239342,0.0028817219912129,0.0030092126178555,0.0031567233074708337,0.0031995228198201664,0.0036404457942142334,0.0039525980370368,0.004411170998821267,0.01018710189770135
1016,-0.0026812319512082403,0.002931467518426025,0.00310833305240445,0.0032843908383551,0.0033402343445183337,0.003802195855249767,0.004130070515127533,0.004573945566396133,0.01027739313073295
1014,-0.0027078901151168203,0.0030833128162077498,0.0032846648069919,0.0034744839550467665,0.003526570080421334,0.003994858830111833,0.004327632935680133,0.004761185237792401,0.010424007850280149
1012,-0.0027416891298536797,0.0032809981058923247,0.00351016670088705,0.003714399402430733,0.0037580583350054673,0.0042174049695078335,0.0045464222156099,0.0049764144708609,0.010614706183580225
1010,-0.00278173085065798,0.003421360338591025,0.0037187264859075498,0.003956139318576266,0.0040039707327588665,0.004454602292674567,0.004784778242422266,0.005209444219906767,0.01082513835790095
1008,-0.0028170388936457997,0.0033510590183507497,0.0037671768098338,0.004060113591924367,0.0041283056871552004,0.0045848067331649665,0.004930078760795233,0.005353044651335033,0.0109868161649503
1006,-0.00283413870821198,0.0030021916912357253,0.00355916522186505,0.0039153949467522,0.004004045463722134,0.004477490534842366,0.004845906623512399,0.005289832934565533,0.011035303476819225
1004,-0.0028357582374838202,0.0025402325095221,0.00321943341195835,0.003627808674748033,0.003718806268036633,0.0042064628256498005,0.004593734727857067,0.005084366354228066,0.0110026383294246
1002,-0.00283988885763738,0.0022424783311582497,0.0030066508927484503,0.003448713933132967,0.0035244105110216334,0.0040180958045814,0.0044149039982642,0.0049532576145766335,0.01100360775333105
1000,-0.00285587857856154,0.0021842279368138,0.00300451620300255,0.003467330983722433,0.003527063484532867,0.0040242630818491335,0.004425485307846167,0.004986923648664233,0.011099743427037425
998,-0.00287078331854256,0.0021543061381383752,0.00301720699991885,0.0034957133373187,0.0035517508324502665,0.004054683873383533,0.004461054913106233,0.005021610449949401,0.011217869840128125
996,-0.00286684639353228,0.001952155863443825,0.00285335649784045,0.0033462416295124667,0.0034077888623641997,0.0039156194729819335,0.004329861745073633,0.004885198527881167,0.011246228778076699
994,-0.00284592426836814,0.00166501247101955,0.0026080910532632,0.0031165435732370002,0.0031816283585152333,0.0036868630120588997,0.004109893163246367,0.004670333500971933,0.01118107428805445
992,-0.0028272063111114197,0.0015416358718287502,0.00253992299095965,0.0030685660452823,0.0031271857932920004,0.0036178847710553997,0.004047372160028533,0.004624727787605234,0.011121663570254575
990,-0.0028236966758418006,0.0016615616887894749,0.0027292832838034502,0.0032824399421548995,0.0033213781230929666,0.003786765178914767,0.004218275314693967,0.0048169815094551,0.011131607699371899
988,-0.00282932080403836,0.001851635769720875,0.00298667089944325,0.0035616492470216337,0.0035694267015848,0.0040074123173384,0.0044369237606647,0.0050476158940525,0.0111626358019303
986,-0.00282810308280728,0.001904323148173275,0.00308026755907995,0.0036663275543193665,0.0036424824093139667,0.0040629817491625335,0.004487337069655601,0.005088064890553333,0.01112427842179305
984,-0.0028083978300149,0.001764715207179775,0.00293879031705665,0.0035225700942654666,0.003484046946841367,0.0039015919174198665,0.004315977249214834,0.004888375532972467,0.010980711798795024
982,-0.0027705318162139403,0.00150553209332195,0.00263204039234615,0.0032016520482596998,0.0031743212657773996,0.0035967799021605997,0.0039943887039301336,0.004539386365174233,0.010769391431544425
980,-0.00273022214298802,0.001219321920809875,0.00226095656083855,0.0028067870723596337,0.0028093525236432006,0.0032377063291796995,0.003615109174999933,0.0041459935491264,0.010571685586970575
978,-0.00271279133092976,0.000964153781125475,0.001903302134823,0.002421618369860433,0.0024625101825486665,0.0029010716410349997,0.0032632214230061667,0.003787347969473933,0.0104775308347221
976,-0.0027312725495810403,0.0007571212672031499,0.0016037815657374,0.0021021447840514997,0.0021898702003099,0.002649459719489867,0.0030063496052255665,0.0035246204855854334,0.010523866505983399
974,-0.00276723695699314,0.0005998366241516499,0.0013821154141190001,0.0018752224510337001,0.0020206582353413664,0.0025081893819856663,0.0028657545956747334,0.0033854305092219667,0.01063820935281945
972,-0.002785672294558,0.000537633769483225,0.0012738836803395498,0.0017677474438130333,0.0019706841887551,0.0024799602471325,0.0028353162814004997,0.0033661156849427005,0.010692727157385276
970,-0.00277299283626924,0.0006643008149179,0.0013434114980607498,0.0018251339151130334,0.002064782435864,0.0025802307632171334,0.0029247397277061336,0.003459306031999867,0.010642744514711025
968,-0.0027468893142094403,0.0009992437590857,0.0015934833529872,0.0020413357139196665,0.002286927253738433,0.0027920837385217,0.0031164983287865333,0.0036300427113392336,0.01055748283428785
966,-0.0027249669132785002,0.0013774085541538,0.00187655745176985,0.0022808491109107334,0.0025115541471848334,0.0029923997535303004,0.0032904476467206004,0.0037675269668471997,0.010491380827502374
964,-0.0027026858056627004,0.00154963947513485,0.0019810872667452,0.0023537176803777003,0.0025683103191776334,0.0030162594784500668,0.0032885539677169665,0.0037406899016724,0.010407222833852349
962,-0.0026732925259762997,0.0014002434906930498,0.00181686674342335,0.0021825931840954668,0.0023957529969511667,0.0028153491797058,0.003072250063286633,0.0035240038818323,0.010279374242713624
960,-0.00264911539192432,0.001009783505442275,0.00146022579228295,0.0018417298808465334,0.0020748540884335336,0.0024863820832392667,0.0027437947999897996,0.0032111003723770334,0.010181448426914451
958,-0.00264323453856058,0.000536163273357125,0.0010425359997086,0.0014512173597721334,0.0017207421646472335,0.0021478692812862336,0.002416505776523067,0.002902677301057567,0.010179325946508175
956,-0.0026444169621630403,0.0001139304486251294,0.0006709754844489,0.0011063575637909,0.0014137979718128332,0.0018666574225525666,0.0021459367301181003,0.0026474040124165998,0.010206004536386225
954,-0.0026342483550883004,-0.00015084008262972095,0.0004398403090827,0.0008948871886684333,0.0012286983341270666,0.001701647874087767,0.001985474806878333,0.0024915301786736666,0.01015917707864495
952,-0.00261933364538722,-0.00019749658476704205,0.0004103760372229,0.0008765602521288001,0.0012245304854637332,0.0017082706142171665,0.0019939038678196998,0.002485031102157233,0.010074230975959875
950,-0.00262024786107552,-5.705171800701654e-05,0.0005487041109171001,0.0010155903914081334,0.0013708748442723,0.0018606849859513664,0.0021485510594998667,0.002603203553768633,0.01006806737710805
948,-0.0026350671945634197,0.00019401197753838326,0.0007675120913595501,0.0012201102111921668,0.0015744262382808,0.0020655796051122,0.0023525116655704666,0.002758498658911266,0.0101398080601164
946,-0.00264256360394204,0.0005347406985662499,0.0010429518813777,0.0014655679971139334,0.0018058455930610336,0.0022864492963605666,0.002564170218190233,0.0029270456665318,0.01017162991089945
944,-0.0026384903795851,0.0009603235211220749,0.0013894137296946501,0.0017756067024597333,0.0020946901251418,0.002548017925618867,0.0028092699417342666,0.003153950462641167,0.0101200653173885
942,-0.00263936476120434,0.00134517697266815,0.0017115024808577,0.0020681681851101668,0.002373866501289267,0.002789123736662267,0.003032796733143267,0.0033904346034693664,0.010065029560108324
940,-0.0026493711293238,0.0014882540456012249,0.00182404482356055,0.0021642482038935662,0.0024713198944575337,0.0028523946816041003,0.0030827258469125,0.003464312378905633,0.010057760034406124
938,-0.00265451576572232,0.0013475473725045,0.00168044668287515,0.0020165808823787664,0.0023348794105123,0.0026990767359203333,0.0029233077484823,0.0033092344297403,0.010064042119930502
936,-0.0026548017623737397,0.001109459220213525,0.0014588361286024501,0.0018046152028541,0.0021414145253811335,0.0025092081896418666,0.0027366809713774,0.0031033216166050665,0.0100860740365219
934,-0.00266863965124468,0.000961208052215175,0.00134406138114015,0.0017148332923413,0.002081147188390567,0.0024645160900618663,0.0027032851556699996,0.0030551115054714335,0.010184243918507125
932,-0.0026938852272087198,0.0008953204522099751,0.0013240066559734999,0.0017270107654044,0.0021305987639486,0.002528516507773733,0.0027793029799627333,0.0031394746769140996,0.010324854125388375
930,-0.0026985876680893596,0.00081414202614215,0.0012893008305988,0.0017164482697848333,0.0021505306060237,0.002554059427137267,0.002809412135095567,0.0031824286914856337,0.01036373002424255
928,-0.00266863938195864,0.0007127923845006,0.00122420739631725,0.0016585013549375667,0.002102246922232333,0.0025033525359216004,0.0027546975230711003,0.003117943931860833,0.0102603484914471
926,-0.0026341736783142,0.0006396329096459,0.0011723215793412,0.0015958041060514666,0.0020184001930462,0.0024162108633706664,0.0026599267050097,0.0029939126699986,0.010164210057642776
924,-0.0026184010900029,0.0005467114244469,0.0010823048378534,0.0014706515882990667,0.0018256240259784003,0.0022283121047104,0.0024631599598253996,0.0027704365153043997,0.0101547935693139
922,-0.0025782375395283002,0.000330241312207875,0.0008470858313326,0.0011641888871092665,0.0013919241186885999,0.0018139703080412666,0.0020361454006096002,0.0023232287428036,0.009989650928404599
920,-0.0024412995601506998,5.638489721758443e-05,0.0005416331460208,0.0007667949080388,0.0008442097382788,0.0012967171796688,0.0015046885784314665,0.001769021057820467,0.0093238081222258
918,-0.0022396809330086,3.097169516308657e-05,0.0005004982842833,0.0006827171518172999,0.0007011822064839666,0.0011765896114186334,0.0013823068853036334,0.0016385122726386332,0.00835156428960905
916,-0.0021373369929924197,0.000389440328478475,0.0008769035232654,0.0011150540108360665,0.0012332600324577666,0.0017079660088880667,0.0019293105062654,0.0022162486658388,0.007875816509184225
914,-0.0022032771049220004,0.00082841513579645,0.00134756933545995,0.001684921644969567,0.0019646713425369,0.0024266776648698995,0.0026663328193528998,0.0029951188126336333,0.008190736041075675
912,-0.0023524388384967,0.001061994873898175,0.0016058005860054999,0.0020142638863257004,0.0024087649129845,0.0028648254925932996,0.0031141857504357,0.0034584759581632665,0.008863787342608426
910,-0.0024956175793306,0.001056266355985275,0.00161578867437355,0.0020558758741828997,0.002504641595537,0.0029637829068851,0.0032180503074507663,0.0035563291153932666,0.00948829088371245
908,-0.00258487265342292,0.00090564720445595,0.0014727925227525,0.0019251993841834334,0.0023971876462568664,0.002859287922749367,0.0031192118630155668,0.0034538700645041337,0.009882624957018325
906,-0.0025984775989149203,0.0007389231314521999,0.0013031507070153,0.0017622093527266001,0.0022442307651387,0.002702658736939867,0.0029668739932009664,0.0033046378326712,0.009983595463919626
904,-0.00254895477497244,0.0006421920364123499,0.00119773580865255,0.0016574894524339,0.002137936137903767,0.0025892058458507334,0.0028520282935402667,0.0031868697267768997,0.009846726232966
902,-0.0024876146123630804,0.000588758948491725,0.00114283606164255,0.0015980746878500667,0.0020712990043812666,0.0025182480714932,0.0027766443368381667,0.003106064504636533,0.0096616802186323
900,-0.00246912167708272,0.0004855678480116,0.00104927896668215,0.0015024062406604332,0.0019737079344774667,0.0024195468525852666,0.0026763780068979667,0.0030180505436769333,0.0096240402599043
898,-0.00250463889517576,0.00032082846988235004,0.0008929944981855,0.0013500684273390334,0.0018241340753203331,0.0022673592517465,0.0025247634464682332,0.0028961683191356664,0.009768123082687525
896,-0.00256049561765526,0.00021026555671820865,0.0007805759722803499,0.0012428169134783334,0.0017156713919718,0.002152383781225133,0.0024076950917926335,0.0027976552659045666,0.009976220933972449
894,-0.0026018843809420397,0.00024687617686215777,0.0008138954454102499,0.0012782647753178666,0.0017481987003871667,0.0021773947781523334,0.0024301755638387666,0.0028085563237485334,0.010136710436858225
892,-0.0026204903040259403,0.00037068349934505,0.0009436986966237,0.0014073801175382,0.0018825818234128333,0.0023076817030735666,0.002565364821256967,0.0029153854017327334,0.010218684282719
890,-0.00262286134714554,0.000462893348610575,0.0010438084569998,0.0015025592881717333,0.0019880423242156,0.002413902499621467,0.0026834645442801,0.0030114552044003665,0.010225100532361201
888,-0.0026147596556520803,0.000522141783874275,0.00109880141970865,0.0015458590517541334,0.002032540036886733,0.0024615369440136666,0.0027382116754756662,0.0030580370616638,0.01017604119272125
886,-0.0026016600331744202,0.000648098647066175,0.0012115698239362998,0.0016456606716220333,0.0021230467950126668,0.002553856249165633,0.0028252175805480663,0.0031464045631417,0.010132260535955525
884,-0.00258815556990178,0.00086946415051465,0.0014266545541084,0.0018585735372415666,0.0023296239035691,0.0027595954111062,0.0030198116644897664,0.0033455749213759,0.010144788218269024
882,-0.0025704438371258404,0.001086599404203325,0.0016479771888941001,0.0020921435204843335,0.0025650319517626333,0.002993412072540667,0.0032472691949260667,0.0035718538408379334,0.01017061051873125
880,-0.00253976683361814,0.0011934311715369001,0.0017566806102909502,0.0022160018824591665,0.0026890457722733665,0.0031169432765693005,0.003370007843921667,0.0036829929617819995,0.010106484823521375
878,-0.0024964010529957403,0.0011857601479866,0.0017402342102197498,0.0022034838083099,0.0026697592054329335,0.003097124662288233,0.0033484377512842667,0.0036507308507210665,0.0099145002565142
876,-0.00245239882187794,0.001140484324603075,0.0016822161505065502,0.0021356048965797,0.002596418910759567,0.0030218841777367336,0.003268249305983467,0.0035747967330055004,0.009664187302956949
874,-0.0024219294835974,0.0011427512269403751,0.0016778128818477,0.002116723999952733,0.0025798519719726666,0.0030060456940729998,0.003248693420203033,0.0035648346546349,0.009466377355325125
872,-0.0024170663019170797,0.001226052633166675,0.0017635048947097,0.0021954126543690003,0.0026657349888276668,0.003102606642416166,0.0033471557790374002,0.003654872213686633,0.009416985806213824
870,-0.00244787674943444,0.001335589885801,0.0018829974507024502,0.0023217333769860004,0.0028038669305965338,0.0032613126406556663,0.003513658744492733,0.0037987435187872664,0.009574894573389175
868,-0.00251264452924222,0.0013672108377742,0.0019277827421576,0.0023819363777605337,0.0028846977057932995,0.0033593260496840665,0.0036217821672475665,0.0039059920694066662,0.0099143450137759
866,-0.00258921761794034,0.00128784526850195,0.0018542351632146,0.0023173096551198,0.0028417490733362335,0.0033136293947633668,0.0035813883672266,0.003907828597962533,0.010301182889424877
864,-0.0026494537107280202,0.001188999234319975,0.0017425415637786,0.0021965083283389,0.002723838681493767,0.003170420954068267,0.0034320263453425995,0.003819830693206367,0.010585534839295776
862,-0.0026817974649375803,0.0011720173342252749,0.0016943846097333,0.0021254556218679665,0.0026307578766464,0.0030448004419466,0.0032912977702830664,0.0037186339051639,0.01071761890504525
860,-0.00269010507271798,0.001236091240975575,0.00172115349702305,0.0021295432284488664,0.0026063896622935665,0.0029992901339251,0.0032342038277539333,0.0036620803021983335,0.0107293885643513
858,-0.00267924030417218,0.001360672398498375,0.0018107321183928999,0.0022029786578425335,0.0026639715542895004,0.0030526870039430335,0.0032880376790951,0.003685751531287,0.01065555579543775
856,-0.0026583607048626203,0.00164997940863955,0.0020541625460207998,0.0024264883720505333,0.0028796392689835995,0.003271388614268067,0.0035106271887305,0.0038600608734003,0.010553765047106825
854,-0.00265002635560712,0.00228267237428965,0.0025859954597514997,0.0029106408412131,0.0033414435914733004,0.0037277898025513665,0.003954586108759099,0.004244927097925267,0.010546774765352027
852,-0.0026725307039872402,0.003300232519183325,0.0033862603983011,0.003606876827278033,0.0039798143205418,0.004339689618123934,0.004524774613168733,0.004749249202749834,0.010718861258704875
850,-0.00271097497534506,0.004485026526557375,0.00421528282836855,0.004265271816313366,0.004538850361443966,0.004848014400487367,0.004966882139249,0.0051238841922348335,0.010966862742585
848,-0.00272532801180914,0.005433738769916799,0.0047605475793847,0.0046153335403292,0.004769690265164834,0.0050181839630793,0.0050671145498235,0.005170034464864633,0.011061577824976776
846,-0.00269590490832146,0.005749798894832075,0.0048201077561066,0.004548566082081067,0.0046162746402723664,0.0048267475821339,0.004830173531340767,0.004917927375339633,0.0108981221406251
844,-0.00264901263712768,0.0052871464243934,0.00440096496585305,0.004146808105286966,0.004210988768453866,0.004436615723584867,0.004440089795593,0.004562650844456267,0.010618578791337301
842,-0.00262966242826084,0.0043389629686347506,0.0037491360558075002,0.0036318867183399665,0.0037728726691899,0.004064755017141468,0.004110784282923234,0.004289682408611534,0.010455281301703824
840,-0.00265498188946768,0.003514918819928975,0.00325152105562785,0.0032810127663137002,0.0035191467803982663,0.0038897251745848,0.003991244434051567,0.004201320620519733,0.01050005627080605
838,-0.00269820427088378,0.0032684087750212247,0.00316732627405965,0.003263565399392633,0.003561624869557267,0.00398265295318,0.0041199428573832665,0.004320583270500199,0.010644393591332475
836,-0.0027150636188470003,0.003537680702032775,0.0034227779949258,0.0035084730433824,0.003822592148241733,0.004256882348280166,0.0044014381457703,0.004577572273634167,0.010706321401148026
834,-0.0026883864261936,0.0039131139709593,0.0037304924488034503,0.0037886256600805335,0.004101067558432834,0.0045289901272438,0.004667749975571934,0.0048318365917536,0.01061196327214585
832,-0.0026494794241322594,0.004107895252941825,0.0039033005916622003,0.003954865328470833,0.004261527754439733,0.0046773743463518,0.0048139783839234,0.0049794526070816,0.010476697907610076
830,-0.00264423491398788,0.004154094511694975,0.00397176410614175,0.0040280528618809,0.004317940311189467,0.004713616670792166,0.004853650532037234,0.0050210537550075,0.010474221515691724
828,-0.00267287622696506,0.0041743041853852005,0.0040123162961217,0.004065480348919467,0.0043264195547015665,0.004690600373322866,0.0048333250443605,0.004997266405454533,0.010602152777511475
826,-0.0026828617516816596,0.004159018311834575,0.00400504532084245,0.004051729168020699,0.004287330474293533,0.004618048311985566,0.0047610813150529,0.004919488068335367,0.010654271688740651
824,-0.00263697045272356,0.004040624320058025,0.00391052540054925,0.0039662849321114,0.0041958608388114995,0.004505371907706034,0.004650799242690499,0.004811929883253001,0.0104898961755715
822,-0.0025674176479637003,0.00384730203647125,0.0037730520559572,0.0038621897881312,0.004104869508661233,0.0044122166988199004,0.004565766232586533,0.004751196229726567,0.010242403977561876
820,-0.0025341447896780798,0.003684176385857525,0.00367539160021105,0.0038111522681424665,0.0040725024619633,0.004395501950836334,0.0045613527076717,0.004787914352742634,0.010142582071452251
818,-0.0025460183733176,0.003628608460894375,0.0036549733478356498,0.0038252537377642336,0.004094911177290134,0.004444096642885333,0.0046200923670175,0.004868616948216934,0.010208042290008025
816,-0.00255919846840246,0.00369068575774905,0.00369868513627685,0.003866969317375133,0.0041275545963566996,0.0044982544745532,0.004674650237413933,0.004894077576824834,0.010257468167931374
814,-0.0025448741894182596,0.0038021107634772,0.00374895709274235,0.0038770877183902665,0.004120443913394,0.004492689628887766,0.0046574452385531,0.0048173971165137,0.01018876572997335
812,-0.0025194273245080397,0.003813372229995525,0.00369691501592155,0.0037773539874937667,0.004013758154775834,0.0043700893043668,0.0045184979481354,0.004646256128987267,0.010079744184720626
810,-0.00250589025414392,0.003584875252317125,0.00345389958673585,0.003520610682205967,0.0037691804961691006,0.004114465748311667,0.004253765650687133,0.004406026580701433,0.01002003849820555
808,-0.0025013341690402996,0.0031162508675780746,0.00305160165101585,0.003155489126495633,0.003428171807657733,0.0037854851702218,0.0039290943192083335,0.004142341059287233,0.00999559717116735
806,-0.002493455972345,0.0025280439899929997,0.0026001562946164998,0.0027739778488391335,0.0030746747542879332,0.0034614202129455668,0.0036201186117597,0.0039029920437849996,0.0099682646906856
804,-0.0024831802649833406,0.00193177057803205,0.00216036902498785,0.0024060271701120003,0.0027404871208601338,0.0031548687170663333,0.0033343047224772006,0.0036847735155192004,0.009949738080521676
802,-0.00247800416930094,0.001412227705193825,0.00175817973962135,0.0020583198274789333,0.0024334236869494002,0.0028628219698870667,0.003065392571347733,0.0034647460899326333,0.009956923664616651
800,-0.00247983232145622,0.00110070585227745,0.00149705859286965,0.0018302701851410999,0.0022433093079683004,0.0026772202272792,0.0029013190463927333,0.0033031108390463005,0.009975943009271925
798,-0.0024865618587053,0.0011144867408087,0.0015064814924829499,0.0018527337335822334,0.0022892211590642996,0.002723594502652367,0.0029603978480083333,0.0033151062351126667,0.009990244143222825
796,-0.0024928327786233402,0.001413001882325275,0.0017689010098650999,0.0021073754376575,0.002547814039164867,0.002984976990137533,0.0032181451240535,0.003506767239632167,0.00998525403308675
794,-0.0024902389712875197,0.0018357154748505,0.0021312272737904,0.002438987516453033,0.0028622071484245663,0.0033077706453871,0.0035186499712296,0.0037481756465125664,0.00994418006457915
792,-0.0024816408172398602,0.002275456210831675,0.0024904812003953497,0.0027493251093532334,0.0031381082130445335,0.0035912670719689664,0.003768709754259233,0.0039496423592632,0.00990353833664355
790,-0.00248854229685136,0.002684887520351625,0.0028278524438560496,0.0030383569930260003,0.0033964325373115334,0.003843780360426067,0.0039939825168764,0.004142406490493766,0.0099639132403908
788,-0.00252392518415658,0.002941511225464175,0.0030659457653956,0.0032548749069209997,0.0036147916471945,0.004041290908753399,0.004187868952212168,0.004333835784161433,0.010157337843121726
786,-0.0025632801786346004,0.002902576155198575,0.0030799800342266497,0.0032872721373037,0.0036849459863790668,0.0040907470632617,0.004258964373545933,0.004426788146407267,0.010350388923330074
784,-0.00256620260032582,0.0026329799045627,0.0029012595398256,0.0031535164363267996,0.0035916051349781336,0.003990357335309167,0.004187051383334334,0.004375474033006133,0.010380245585464075
782,-0.00252704739044922,0.00239895198884855,0.0027405369573384,0.0030362367074833665,0.003483972061289833,0.0038854897214143,0.004096372080525701,0.0042988233044372005,0.010257233075650601
780,-0.0024840806081442,0.00236431967206935,0.0027328651173617,0.0030524674223729002,0.003483488554371266,0.003888201034833233,0.0040955137230249666,0.004328168151369366,0.010141139606853224
778,-0.0024782954714075004,0.00243644905368925,0.0027974387687933503,0.0031241335556095665,0.0035434371804517997,0.003954298148764833,0.0041525496754795665,0.004439375372355567,0.010156973911950525
776,-0.0025198909919141197,0.0024652562760413,0.0028126563925119,0.0031430579213025003,0.0035746904425367665,0.0040021849180078,0.004195125129076,0.0045369334841509,0.010325514318506774
774,-0.00259119047292656,0.0024347215481812,0.0027796363992612,0.003118979387553933,0.0035782195401995003,0.0040281567072644004,0.0042176214794560326,0.004600497365223267,0.01061786812319315
772,-0.0026613411863172396,0.0023817827717293504,0.00273053894483815,0.003080269730232834,0.0035604298890223,0.0040252968231354,0.0042098543546636,0.004629410021433467,0.010953294239322724
770,-0.0026988860316116002,0.0023008063696966247,0.0026381920663994503,0.002985809102525367,0.0034595582380148,0.0039268664985033,0.004107779732294433,0.004551667277687233,0.01117825145752785
768,-0.00269245055674308,0.0022466605066088752,0.00253608908537225,0.0028552306861363667,0.0032835713988761,0.0037457599034862663,0.0039267474918926,0.0043423735619390336,0.011185095888352875
766,-0.0026631431592032202,0.0023661575429214246,0.0025740260787942,0.0028378567550290334,0.003190424132887766,0.003643935298693533,0.003825677618272367,0.0041451683928324,0.011046398498721974
764,-0.00264080712519898,0.002661581714716975,0.0027927131385742,0.002992095397940333,0.0032690273160462667,0.0037140086706167336,0.0038949163358429997,0.0040981761298479,0.0109190426709966
762,-0.00263018845431604,0.0028491950095161753,0.00295993936728465,0.0031114761599836337,0.003341040562902233,0.003788040458027,0.003970295661016267,0.004097798807919634,0.010840036676460302
760,-0.0026156392243119795,0.0026377789766255503,0.0028063572264211004,0.0029441033806253997,0.003154571695828667,0.0036217548894826,0.0038105171397175997,0.003916560775532967,0.0107307674388384
758,-0.0025899339300508,0.002076402166898525,0.0023519250593650003,0.002510107744924967,0.0027099421926781338,0.003204863993423,0.0034003349129855,0.0035232997529864,0.01055961233375745
756,-0.00255633032602716,0.0014788187216179748,0.0018538130190815997,0.0020515801243281002,0.0022396834211620997,0.0027496192788217335,0.0029454118950264334,0.0031189728730421002,0.0103636348172083
754,-0.002510767366899,0.0010875611094946,0.0015152881448896,0.0017509768883861002,0.0019366830050620999,0.0024423741735781,0.0026348648742007667,0.0028849360995261003,0.01014518271324685
752,-0.0024491661290476996,0.00096813058560725,0.0014041662802460001,0.0016645811386393334,0.0018707041088243334,0.002360333838896,0.002555546206630333,0.002872891916138,0.00989481185333675
750,-0.00238399058938046,0.00113539968594245,0.0015614406858664499,0.0018418085884377336,0.0020948663110258,0.0025568754313608,0.0027625713882601,0.0031156622764771,0.009671311989540675
748,-0.0023229618087967003,0.00153648874605845,0.00194745034770745,0.0022584983501711003,0.0025810037083961,0.0030007020133897663,0.0032127597016048336,0.0035972708639764334,0.00948737419328015
746,-0.0022533416889508,0.0019530387027336,0.0023375351659741,0.0026860230369741,0.003086238481481433,0.0034689308400974333,0.0036711412605951,0.004101476394077767,0.0092328912795801
744,-0.0021861157710961,0.0021808109914543,0.0025280205486468,0.0028989943060038,0.0033598580372017997,0.003742221878044467,0.0039214651230428,0.0043733315244697995,0.00893173899662205
742,-0.0021774928469748,0.00226051889199165,0.0025794188375448997,0.0029510253972715663,0.0034407940778529,0.0038582019976665673,0.004019278487333233,0.0044378708680789,0.008879514892791674
740,-0.00225935070928678,0.00233314401495195,0.00265350120952435,0.0030251977241474,0.0035268694307287337,0.003978842993946067,0.004145059097181067,0.004516278789293767,0.0092719153043039
738,-0.00238357628995994,0.002376584288883375,0.0027314707604100498,0.003125030087366667,0.0036480660966559664,0.0041097090862595,0.0043082886381095335,0.004675497648490467,0.009883171106206649
736,-0.0024794366815939204,0.002286020776516625,0.00269618637238795,0.0031268422922575336,0.0036875225379138002,0.004144045490945666,0.004387502062530533,0.004788247828432333,0.010349719677460924
734,-0.0025375487422127805,0.0021259919536007997,0.00259502369551905,0.0030494961939429334,0.0036475383939633664,0.004102370039336667,0.0043813857495279,0.004799364699772133,0.010617406972830026
732,-0.0025926269198137198,0.00208474214003505,0.0026010624158306498,0.0030487112306961,0.0036643576984609996,0.0041206675225701,0.004414377630946534,0.004801944426023533,0.010863913517483226
730,-0.0026509150339481596,0.002184978417499525,0.0027305608648922003,0.0031534444883392666,0.0037576498868933665,0.004210865227339134,0.004503049098580933,0.004827587979297499,0.0111205156422103
728,-0.0026907235996711403,0.00222437979565485,0.0027892645499307,0.003198382895567,0.0037633205507789334,0.004214305354524733,0.0044998392648113,0.0047650366611804995,0.011270478579393775
726,-0.0027175499457957396,0.002053688591305975,0.0026406842350946503,0.003063537948658933,0.003575828700942233,0.004036456385196633,0.004315847576822834,0.004561735754957167,0.0113415970336284
724,-0.00275480395977998,0.001778105408262775,0.0023860250059476,0.0028398136027194334,0.0033133400767888003,0.0037902911791072996,0.0040633991936807,0.004350479166964567,0.0114712834049425
722,-0.0027841459754174396,0.0016085378119663999,0.0022152219963754,0.0026921927319836,0.0031625689130230002,0.003642435764066167,0.003910153534882534,0.004280371942077867,0.0115992899977528
720,-0.0027606674699052996,0.0016014434908573,0.00217840879046915,0.0026562947062406667,0.0031530326555085,0.0036128021976727666,0.0038820362354613,0.004325603088209967,0.011524443020919276
718,-0.00269480333893216,0.001627069607724775,0.0021741754539542,0.0026387901514610666,0.0031621361291045667,0.0035956386538836664,0.0038772510181737333,0.0043494039178455,0.011293708689953151
716,-0.00265311594648376,0.001564450396711675,0.00211609204798565,0.002571401626126133,0.0030992196616127002,0.003528453249249667,0.0038275844935205332,0.004292767870594267,0.011196730070381977
714,-0.00266586826214994,0.0014553437574324,0.0020477831462685997,0.0025071542037629667,0.0030206002051648665,0.0034780158152652335,0.0037883273303309997,0.0042310968034995,0.011327716832982325
712,-0.0026967212889837,0.0014474600817521999,0.00209259756094635,0.0025671202605258,0.003067843543262167,0.0035681428126332665,0.0038785756944081998,0.004290249860241399,0.0114850254018527
710,-0.0027136382067228003,0.001597396756158575,0.00229082690313495,0.0027858398483643666,0.003294084859065133,0.0038254184323498995,0.0041318133117405,0.0045233609093205665,0.0115500221865112
708,-0.0027305353826564604,0.001751962250425475,0.0024902492760364497,0.0030046253498781338,0.0035425968767532332,0.0040861884696957,0.004392250245659267,0.004812829675070333,0.011647338333261299
706,-0.0027624958730606995,0.0016889073981460252,0.0024687874924624502,0.0029932955801025667,0.0035647211329373333,0.004118300671122999,0.004423460443098401,0.004926149456140367,0.01184805574245425
704,-0.0027969964529494804,0.001395434589876225,0.0022083529800176,0.0027308911265687004,0.003315716953724466,0.003890784949148067,0.004182045141853834,0.004768097445716866,0.012029874259204924
702,-0.00283004902877694,0.00112329351752475,0.0019637002547507,0.0024809454845396667,0.0030561522072813335,0.003656471808899,0.0039170644091678,0.0045438479448592336,0.0121435356503465
700,-0.00287458319323404,0.0011188839469174,0.0019897607995381,0.0025094031266869334,0.0030742360773372665,0.003690268090111867,0.0039143110662687,0.004548026403923633,0.0123031510424189
698,-0.0029139974262519597,0.00138082323413775,0.0022798685656161,0.002809866581663533,0.003383598021693367,0.0040082802834600665,0.004205227174411133,0.004825161131612966,0.0124938387898141
696,-0.00290903321680674,0.0017418436495057,0.0026497369723429,0.0031944045517504666,0.0037915960806596334,0.004427690294438367,0.004617711707516368,0.005184558131738601,0.012519637303773526
694,-0.0028745216129460204,0.0020808673733029998,0.0029751332336061,0.003545920531464767,0.004165865870609767,0.004814838888843067,0.005022067209852133,0.005506941155469067,0.012390316055235074
692,-0.00288377612539248,0.002351603002973275,0.0032268448354600496,0.0038419662093290667,0.004485166079891433,0.005142498286774167,0.005381516309599499,0.005833819145125399,0.012425371093703074
690,-0.0029629849485990002,0.0024989020436910247,0.0033620053385555,0.0040195400716956,0.004697598170524733,0.005364055806250867,0.005621156838367401,0.0061416334891787674,0.012776671447644425
688,-0.00304431734281812,0.002490225309338125,0.003340987731075,0.003998547568724933,0.004714152519068567,0.0053948722967827,0.005628304608403967,0.006251061671951833,0.013157815827538551
686,-0.0030612566833073595,0.0023923186399788755,0.00321919616869255,0.0038179639819202,0.004545356115996,0.005227670515476333,0.005401636102491667,0.006058371430025334,0.013258099886877877
684,-0.0030317201303574405,0.0023050591281434498,0.0030946730516159503,0.0036095318535803336,0.004313080578512467,0.004961906932080433,0.005080616573252867,0.0057061723790416,0.01314465040716565
682,-0.0030063619385637197,0.002258062525758075,0.0030038873491697498,0.0034644528635797665,0.004135457176919734,0.004726492757002367,0.004822156720948501,0.005432924024402967,0.01304549476639175
680,-0.0029972682582031403,0.0022718295920405003,0.00298510485796075,0.003450951651766633,0.0041134482996525,0.004660455578389666,0.0047549123144963,0.005385923288766167,0.013026577552647151
678,-0.0030020704240978605,0.0024387791819366752,0.0031576003622157,0.003677441860765933,0.004358269448254667,0.0048966113224968,0.004994478258221067,0.0056204360118373336,0.013097798533184301
676,-0.0030357204093979994,0.0027907425838729254,0.0035569221076343005,0.0041414297847737,0.004845493744730333,0.005400911543068233,0.005512799802135033,0.0060910976209929,0.013334563259467677
674,-0.0030937534721204004,0.00317036370152435,0.0039798426098203,0.004605577756793833,0.005328225214704066,0.005917662931544766,0.006057598596958934,0.006613384868623467,0.01369373727554635
672,-0.0031380092258012403,0.0033898844762082748,0.00417869619426765,0.004814983079904667,0.0055690488606170005,0.006217228751236634,0.006369864696520701,0.006982588649625999,0.013982501259267026
670,-0.0031429417564668195,0.003409747024574925,0.00410031707258755,0.004724828065254234,0.005537300693924433,0.006261918465429134,0.006374608982268733,0.007101265310240066,0.014106258825638075
668,-0.00311603256013688,0.00328874610749865,0.0038662059533496,0.004455070631735433,0.005318044632975733,0.0060871862437215,0.006125772065217967,0.006944947453770633,0.014113827169325851
666,-0.00306162063523416,0.0030606081343404245,0.0036028730885776,0.004117043750841134,0.004961432669373533,0.0057027409918503,0.005721132588881767,0.0065360568539896,0.013943465713498675
664,-0.0029802551163816806,0.0027689347054162747,0.0033813071534649,0.0037845920740412664,0.004554681143963134,0.005242603100244999,0.005324219057889934,0.006027622075408266,0.01351522110906005
662,-0.0029232948202178198,0.002529066028504925,0.0032753280448253,0.0035742563396494002,0.0042920079394949,0.004966305078474668,0.0051291911102491665,0.005657974979662633,0.013111770834633775
660,-0.00296139266250318,0.00246427428974355,0.0033521102635212,0.0035965030194863336,0.004336268093448867,0.0050399869504637665,0.0052472604259331005,0.005607332294029166,0.013175408789469675
658,-0.0030762604615944796,0.002590220634885175,0.00356192126332985,0.0038180819940974004,0.0046266291661060666,0.005359228404319467,0.005563318984825267,0.005846403211963633,0.01369837372557325
656,-0.0031520900236761996,0.0027728081086250246,0.00373137693656895,0.004073113696997866,0.0049045078217932,0.0056311311665821,0.005798798948327734,0.0061436971076698,0.014106394844009424
654,-0.0031436367835501002,0.0028761104629660746,0.0037806149506153,0.004290750342425033,0.0050503443335892665,0.0057550143482319,0.0058742877801162665,0.006381959344482767,0.01410590465968865
652,-0.0031283110359707003,0.002885082386889825,0.0037794067548087,0.004510807137096067,0.0051624202515777665,0.0058626591234031,0.005955070650869267,0.006643478362005733,0.014050604486190651
650,-0.00314867899174852,0.00290068571171535,0.0038219534678121,0.0047098093866186335,0.0053248503527009,0.006027985936428133,0.006151532562808666,0.006944771368515067,0.014201606745170875
