Wavenumbercm-1,2.72e+01 M,2.18e+01 M,1.81e+01 M,1.36e+01 M,1.09e+01 M,9.07e+00 M,6.80e+00 M,5.44e+00 M,4.53e+00 M,3.63e+00 M,2.72e+00 M
3000,-0.05299465501649512,-0.0774466868822278,-0.0577291009350003,-0.0570037192549476,-0.05801519172286611,-0.06365876103636035,-0.07713098705509311,-0.06203121531352284,-0.0753484266290437,-0.07489960433477891,-0.08002128658338127
2998,0.0006214605059697591,-0.002912281545284023,-0.003974075624917605,0.01639601895548198,0.012022482621516329,0.011096472976488771,-0.008440064166605367,0.016960763369598925,-0.004585289148026548,0.008691257851302597,0.006869540475793202
2996,0.06002194754930243,0.08501710085855167,0.045228980400402095,0.08875770922587704,0.09531890085939426,0.09444537180742917,0.07867804909340743,0.10607468621969302,0.10514925166208271,0.09282752982008069,0.13178016186422448
2994,0.1078353721590856,0.15551960561782824,0.0849291926274166,0.13425555469130437,0.16201467863864755,0.15094109967631236,0.15552878948685367,0.17642728084133097,0.2077429370859246,0.14984920031577018,0.23539492930026867
2992,0.13478538336779208,0.1970779298881609,0.11971662439753315,0.15405126362848348,0.19383096449554116,0.18288799477068585,0.20627337880593308,0.21680118289426908,0.26202529393705953,0.1716922215429431,0.2689017531457323
2990,0.14624452744313515,0.21574681831826786,0.15396706089667814,0.16750602035014142,0.19781390704367086,0.2093964877218124,0.2311127715680818,0.2411489577815404,0.2754445376922879,0.1678861216551281,0.24286874954015172
2988,0.1532940925710594,0.22095952562531415,0.18261947147961508,0.18620771215351192,0.19272098821523628,0.23203003553444762,0.23830196732579217,0.2627427818204155,0.2789958416422788,0.16227874091399408,0.21434638528434632
2986,0.16406720579602796,0.22307005600737445,0.20196547952356056,0.2086319246556962,0.19614961025733751,0.2452604372128391,0.24476871914672127,0.2827282909411353,0.28761133821262835,0.18642237520143684,0.23010631914411322
2984,0.18315201606916923,0.2327800941287342,0.2183058480619403,0.23227171934794058,0.21667443754828947,0.2604477376680128,0.27150096402265544,0.306061001879733,0.3067832200339895,0.25168592580835775,0.29208347234767706
2982,0.2054362049847768,0.2452966363646976,0.23001365570543025,0.24940257094464224,0.23933582953333268,0.28188383956863783,0.31248739641479756,0.32774195902363173,0.3376850102825395,0.31227548944143296,0.35200049799989774
2980,0.21671672668917472,0.24247246719187945,0.22461027738593115,0.24601684051402972,0.23659261259048509,0.28666264937461167,0.33236296933945814,0.32323582303988824,0.3610850994427667,0.30436155824006694,0.3502592767973222
2978,0.21299189036516825,0.2233501970771093,0.20605589468931318,0.22573347196056506,0.20929417838204228,0.2627649311276994,0.3150011753323868,0.2886590959831062,0.3519914995584585,0.2354160431339625,0.28340206808935636
2976,0.20927763410626485,0.21387304313585542,0.2015045761002111,0.21779466621115823,0.19451394237539882,0.23929833285567703,0.2876230577774917,0.2633298499592727,0.31936752174199035,0.18443108019022916,0.21493236401845855
2974,0.21798709058539276,0.232008113473876,0.22361209663877532,0.23789892360048823,0.21148409334322682,0.2450098450147366,0.2759122109544535,0.2756517717040413,0.2955133123566833,0.19327318743303196,0.20299640681029357
2972,0.23235210100689432,0.2632926675111714,0.2498179713788982,0.26485776624727075,0.2336656749610573,0.26591409375242414,0.2704676065048173,0.3010153883538971,0.29353340572914033,0.22335124010193408,0.24692495560328123
2970,0.24246039283355617,0.287249697948068,0.25886430878324623,0.27775884346539587,0.2406932936824476,0.2769469512618261,0.26241818749358065,0.3087792935825818,0.3046415093637964,0.24387236833428963,0.31319638805833744
2968,0.24918052212532668,0.3004896450074237,0.25656124029386496,0.28137480636326107,0.24866687123791648,0.27803965969380384,0.2637860708951293,0.3027265374526656,0.3128763593396889,0.26994223191892724,0.3628667765379776
2966,0.2561354493374531,0.3053580595070821,0.25344682337196883,0.28348189942168756,0.26684356625902433,0.2766640696245532,0.2752580710715749,0.29557792239894437,0.3056365141447312,0.29732994901007986,0.358302675363185
2964,0.26557031896037014,0.3052294495965966,0.2510125482497452,0.2834184883525937,0.27620445250098136,0.27337663984954125,0.2823730271831077,0.29232072657804564,0.2980162097406845,0.2979787676145515,0.3080650314284912
2962,0.27724377505974407,0.30766533187756484,0.25080851404788573,0.28089658855715727,0.263281976013545,0.26874367340513217,0.28316907163642685,0.2960532267027626,0.31749414442221263,0.27846907114476976,0.26819233718499963
2960,0.2842003658030866,0.3139788147323263,0.2544027002898148,0.27433427498567864,0.2399623748112415,0.2620323384499336,0.2870762984147149,0.30242765094397506,0.3569243121222197,0.27113502378529064,0.2645637630299628
2958,0.2756741864601942,0.30977525577751197,0.2535289412401024,0.2543870151598304,0.22106493843023514,0.24438651283214544,0.2895632851481133,0.29142467307710773,0.37311757971227333,0.27436820474756407,0.2570029665582015
2956,0.25165346493672364,0.28362760365766554,0.23914508749139662,0.21845836066427166,0.20417518536147766,0.2129251117847918,0.27484658645575144,0.2497880517897602,0.3462034676627511,0.25930516114335445,0.20986745567364423
2954,0.22887579656256463,0.25199779192897775,0.22450262833765297,0.19019097245891037,0.18867831423865275,0.19125596809574402,0.25140034311681464,0.20865777707195277,0.31953608346773205,0.2407127802101993,0.16713588585003844
2952,0.21651007348140344,0.23456364041338323,0.2235996386247485,0.18542061774537674,0.17667522485254217,0.196885148069567,0.23380606581602909,0.2022847451729899,0.3235295454262454,0.248388713927031,0.1734109339234125
2950,0.20938681057286512,0.22955932222659298,0.230852372660665,0.18760589310008402,0.1672787046415584,0.21586623388770568,0.21850156449832045,0.22201610395148663,0.340951340287988,0.2763408890555692,0.21596740003277873
2948,0.206391239861496,0.2278905463294754,0.23391278284427616,0.17262906346470597,0.15897911506829798,0.22228215628637432,0.1958421622804208,0.23205448123950795,0.3467067636945824,0.2945823822797415,0.2707064623985253
2946,0.21639895789172017,0.2344335210787033,0.2331875958116986,0.14547072848562656,0.15596212740876117,0.2103903028322677,0.1696713355268254,0.21670681363978728,0.33596494643761576,0.29067704900017616,0.3397927215761716
2944,0.24151459523402866,0.25950070569496114,0.23930130134313501,0.13699409933562812,0.1670694845097996,0.19521121181510162,0.1562371234150678,0.19819763983703761,0.3200648705214584,0.27761352579914794,0.42068688625017703
2942,0.27104215199601756,0.2997515241010824,0.2592071177889985,0.1684054077773752,0.19984031749253758,0.1948892655820934,0.17217349502248316,0.2141423004355287,0.32028419899806404,0.2776476087629054,0.48258421295195636
2940,0.2919344822628466,0.33275898098320533,0.2839021603603548,0.2221127819381236,0.24252022780208754,0.206951327128685,0.21086479151315013,0.2656992908929044,0.34307989345901285,0.29327200856087016,0.48738500816648395
2938,0.3029993347683265,0.3435068328974124,0.30012010302332187,0.26512744590207266,0.27302749863299025,0.2193396941305413,0.24663369138864674,0.3150256188143839,0.3666198669355468,0.3116244196854343,0.43824956236294016
2936,0.31362006597833747,0.3436905729589915,0.308180056594131,0.28798485087603426,0.28837591832120113,0.2381028693673364,0.26571451481793706,0.3391213655457611,0.3680583476282154,0.32926628179234424,0.38399264924994275
2934,0.32346382465696194,0.3443117318700087,0.3083479554277337,0.294074905327819,0.2917203463332841,0.26607078065300876,0.2646219003761856,0.33742081554711767,0.3422901945290131,0.33086238119408506,0.3491283302988419
2932,0.32383990080579167,0.3401327997207953,0.2963027662829348,0.284838381596566,0.279060334122122,0.28842558822550945,0.24693957319892712,0.3153136263959037,0.31179689700647273,0.29909075285499875,0.3158448084299513
2930,0.3153461811554658,0.3277114487365225,0.27729957042617415,0.26802008219113876,0.25393997906613036,0.2940769094433783,0.22675570587749777,0.28105512901777596,0.302326646848026,0.2517283290783515,0.2724948509253845
2928,0.3066462306276891,0.31503968958565726,0.26470914697413217,0.25924564772563263,0.234793550097919,0.2875200951831058,0.2178994732447674,0.24674301425704398,0.30334048912881506,0.22837036409898753,0.23337761485933226
2926,0.302430882223653,0.3121386601243359,0.2663931680029203,0.2664870895597125,0.23819104307666686,0.2767941724184918,0.2244687731864737,0.22759399243626507,0.28798484886177605,0.24615614950573847,0.2215560440596383
2924,0.29895824512729813,0.3166412601075162,0.2740160983339155,0.27353392443920654,0.25188166875669105,0.2566776906839168,0.23196674316017019,0.2205438387889525,0.25371716027690266,0.2697598171250387,0.2414589382185418
2922,0.2965853414198225,0.32265984921439245,0.28045081427612095,0.26602207614770806,0.2531100891910493,0.22790172959406066,0.2310037380547625,0.21269892136210633,0.23153874793883572,0.2653930608625906,0.2801299477946079
2920,0.30216056352667264,0.3307806163135753,0.29123865651683223,0.2556961762551818,0.24511987804237667,0.21081454343773234,0.23056614851315335,0.2084458065503195,0.24114528622690667,0.2442264030012179,0.3164846947578655
2918,0.3163310304606639,0.34012202355415755,0.3090800238936539,0.2601708418222208,0.2508338830029136,0.22278802289192956,0.23794276259669256,0.22411598285110307,0.26501356545553956,0.23156147253448695,0.3336564605859238
2916,0.3392976285503913,0.354801582503686,0.3348584192804953,0.2872559817563329,0.28799307719480344,0.26890763565274123,0.26061369174314414,0.27624611619069994,0.29857911417613875,0.25544823654037035,0.3551083913900267
2914,0.3738608769907259,0.3838193026608429,0.36926199226087736,0.33107089976249554,0.34762378527024396,0.3379679730860563,0.30147805750410034,0.3590163265318063,0.3569476150407658,0.3272496012096838,0.4151636674727301
2912,0.41107449686709946,0.4215677616295682,0.40189443731250485,0.37261171965474693,0.39681538560043383,0.3993463013414189,0.3437628741282983,0.4333456699974798,0.42467893694341646,0.4098542582883969,0.48967338768039587
2910,0.4281184670789806,0.44339731681447264,0.4132889463671222,0.39043429458722856,0.4078046977479015,0.4205652251266389,0.3630518548522296,0.4562818322132346,0.45675313232662307,0.44289050463660284,0.5123511957328306
2908,0.41115408243008933,0.431362281892506,0.3956952150844879,0.37749952559360905,0.380876646181354,0.39463464015287447,0.3528367257238364,0.4204454431663163,0.43281245700060783,0.408864992117556,0.4633181921765909
2906,0.37650849410789894,0.401247255850391,0.3701839041891685,0.352614877285001,0.34489228316054166,0.35301632552983153,0.33521751781127795,0.36404532114981303,0.3891413734217874,0.35988130825616543,0.40377898279512314
2904,0.35189762596338653,0.3822908119561202,0.3630931039050693,0.33993781839399645,0.3272780972308083,0.3333217978510721,0.3328186796458396,0.3311087406116965,0.3698117824567674,0.3477786943078556,0.38976823610843925
2902,0.3433566986381801,0.37741100342231837,0.3707493250933855,0.340066353349212,0.32667090966402795,0.3382950055037735,0.3403983941874375,0.32952140445183525,0.37312690121241526,0.3569951288765644,0.3979712873693961
2900,0.3388449280842117,0.36943606112438687,0.37019510065006567,0.33907358041574487,0.3275643511059663,0.34682545144757954,0.3457508183243792,0.34293722463703463,0.37991920551876235,0.35063184553843313,0.3849448223662829
2898,0.3341412739642848,0.3564380801749504,0.35654846602670737,0.3363027728729682,0.3285343712680113,0.3507043128317675,0.35725511478888466,0.36492776019108225,0.39668716303228696,0.34275540776903723,0.3710345183021777
2896,0.33446372841539085,0.3516989405476576,0.3452776785938773,0.3416152098996884,0.33710191389898764,0.3550297187926931,0.38300828093639633,0.3961437577100514,0.4301524649381849,0.3673463299378922,0.3989389829434695
2894,0.3366938139069855,0.35378944846072563,0.3426171008071424,0.3519794002713773,0.34717776357201535,0.354297649145091,0.4022078277925785,0.422591946565057,0.451876134886266,0.40634691147700935,0.4482853037618744
2892,0.3305404419701916,0.34432824254171746,0.3373687793761385,0.3510739232737792,0.34260169989444555,0.3363799551374845,0.3866275654691011,0.4215449820572942,0.42880059775982815,0.4088725635103452,0.4549444888841357
2890,0.31638382081372945,0.31867526970338744,0.3230622807197403,0.33391562941507946,0.32143880800475866,0.3069036955369505,0.34117489846143206,0.39125776144248486,0.37365178591711923,0.3686681828687453,0.4015514203775453
2888,0.3065200628037728,0.29728354336347146,0.31059913986172016,0.3163365353803224,0.30100199393424376,0.28825186334098074,0.29972286012137195,0.3585550495029449,0.33125704807527934,0.32936687751466326,0.33786435609592735
2886,0.3078265593230886,0.29871787733238675,0.3119359753972687,0.314244251017966,0.29565299317373356,0.2913800694575566,0.28419183764599115,0.3490572070917456,0.323355506703088,0.3172610543651061,0.31014202056459333
2884,0.3171810836652762,0.31979087286540775,0.32572220721912454,0.32853286598694853,0.3051158517060756,0.30787275316521856,0.2912864780853725,0.36313424259592075,0.34065434783351817,0.32224138330615043,0.31922699530327975
2882,0.3345852249890126,0.3492636115580474,0.34604520520934706,0.3548004859572335,0.3281565182556965,0.33225954877305486,0.3163687010418703,0.38676720075582366,0.37949579893086216,0.3446929362962783,0.3541618590580574
2880,0.36510629524794247,0.3828690171631547,0.37236162084938107,0.39105181793568045,0.3690287436944817,0.36956447471248777,0.3611369560169978,0.41150583544709435,0.44543031643849873,0.4037772797851151,0.4176123439717713
2878,0.4030762334976384,0.415401347517594,0.40245663202339416,0.4274493729440088,0.41961327070600146,0.41284633379682045,0.4124151830811308,0.4347402864142863,0.5194668645075053,0.4863821681994222,0.49824827927408066
2876,0.42876478064260887,0.4342559855290179,0.4254822151430274,0.443946670368807,0.4517803392347387,0.436158200969925,0.4401682686306644,0.4510059082898416,0.559639394716942,0.5410387341161156,0.5552352195327777
2874,0.4276459860900809,0.4318968298747839,0.43002988929742664,0.42969649118251574,0.4431493592541025,0.42318444824813184,0.4290348941438595,0.45322382213525647,0.5476195165200839,0.5422113097810851,0.5553520223508333
2872,0.40260031773537847,0.41318837007002174,0.4126835349268906,0.3947871711354161,0.4010127171091156,0.38623595287779544,0.3944413257126449,0.4389412579190188,0.5052493065108733,0.5158612127830599,0.5068512479351446
2870,0.36545002780233404,0.38465338283195105,0.37750212274201755,0.35704039004499855,0.35203715032250377,0.349209129122647,0.36162881565826,0.41271788499605694,0.46246194105165606,0.4904444735777673,0.44896450417565875
2868,0.3238717108610056,0.3460366048221829,0.3323303323783313,0.3232272685842635,0.31232026910185956,0.3205076249572092,0.33826049217578513,0.38125957558278145,0.42724441018214854,0.4565470638938909,0.41039252529755826
2866,0.27969160777747504,0.29835866171584635,0.2852998036116296,0.289042580649659,0.27641570936644594,0.29031698509867293,0.31379024868147953,0.34717251287594825,0.3944471842743025,0.39758401916183744,0.38535789764619527
2864,0.23366047625042605,0.24942800686844724,0.2392388224469321,0.25027958984710436,0.23402405080423128,0.2484253219966054,0.2757350132601556,0.30648185449207993,0.36199520324572443,0.32872757040896394,0.3495051631874174
2862,0.18405801757549756,0.20272706966595505,0.18776722037427584,0.20307961726474572,0.18271092328389646,0.19155435602433513,0.2161001879519425,0.24939918786799023,0.32041500650824806,0.2698398963443848,0.28704475717940026
2860,0.127853461330452,0.15227574041435746,0.1252657617647924,0.14205283667212618,0.12524662812257464,0.12206775278920359,0.13609281659965686,0.16965356876135776,0.25133752783727936,0.21021165578676335,0.20591257306332036
2858,0.06979233930806301,0.0968651218599839,0.061811353432770236,0.07020932836830089,0.06666909106205413,0.05128076924985118,0.05350314710890977,0.07743594832863016,0.1540355312464716,0.13165455666993642,0.12822096057748478
2856,0.023875371524118505,0.04883891121224404,0.017867377659652444,0.005711964371735589,0.015702069931362514,-0.002918899152386793,-0.006474087734594919,-0.001985780303778626,0.057062539427936244,0.045896367594417356,0.06547877182863683
2854,-0.00116115426953547,0.018802372690774633,-4.302622167602948e-05,-0.03261142664916442,-0.0195248845767361,-0.03239206063537085,-0.035734966669189946,-0.04892178286184896,-0.013494828712619514,-0.019743345333167066,0.010149832292900982
2852,-0.012526532764964205,0.001439532573994255,-0.0074366783613143425,-0.04395004151981364,-0.03957165232971777,-0.046943423774580835,-0.04779506973329113,-0.06635662813713866,-0.06129618689197368,-0.05710780893403425,-0.042111061559633386
2850,-0.02096854273719809,-0.010983241528702078,-0.01672773623831762,-0.03891579829975332,-0.04904522486074903,-0.05469536352496624,-0.049776989155167595,-0.06644759653125197,-0.09159110461762565,-0.0679436898438983,-0.07328634582741168
2848,-0.027785295595229735,-0.015093433164953311,-0.02301606083662285,-0.02487705190544135,-0.04835516153106679,-0.04993705350364411,-0.035388443709396075,-0.05541970720757373,-0.08827563958231666,-0.04909415496977837,-0.06906733941954939
2846,-0.028269011779266225,-0.005889865219185481,-0.018697285251352252,-0.005036244173166539,-0.03374234772991258,-0.02720002400388833,-0.006819192848178041,-0.03341239848369331,-0.03826985963945622,-0.005418089232175768,-0.0368875507363862
2844,-0.019169779891964833,0.01259206418693017,-0.004447351350750729,0.016658152656026486,-0.003276104588010535,0.0070058778605556205,0.022562395990741533,0.0019370513701624779,0.04209916749214525,0.04576118611791647,0.019584872584822964
2842,-0.0012652697886085724,0.03192741668684931,0.01602573482988336,0.0359023434691318,0.036398249469257495,0.04087005446774249,0.04711503757394457,0.047300989904673865,0.1163198501546503,0.08861721856957412,0.10424557695101658
2840,0.02014311544989451,0.04614490073426149,0.03939712571536332,0.05053273726134556,0.0696733517458826,0.06668025419637932,0.07180308904974379,0.08895242849478809,0.15811739440307704,0.11526020030570128,0.19273365542834267
2838,0.03514394252868141,0.05017652666380944,0.05816329734050905,0.059054314013854234,0.08132656275015376,0.07959187112193895,0.09348832603722312,0.10965098849746917,0.16487068203409208,0.11941911240326974,0.23102882382597753
2836,0.035708415181792776,0.04036871924212214,0.06360827853682349,0.06034687857066429,0.06964373390352296,0.07651040797330975,0.09755731281202694,0.10488539851885448,0.14990219437042523,0.10200706309175771,0.19872170130280448
2834,0.023956761907752564,0.020691278518495084,0.054781050575756454,0.05530727893094258,0.04729865099331643,0.059425382524463735,0.07804046672212929,0.08777452987450045,0.12681473535576057,0.0809563598676441,0.1415964361140268
2832,0.011169882681601618,0.0027972337968366315,0.040420293459756916,0.04694199448407212,0.029203816602399596,0.03732165247590334,0.04983176619632914,0.07558444043230451,0.10308750305357317,0.07823229693062334,0.11474068987947268
2830,0.006224618412165529,-0.006374807172236741,0.028876900923487242,0.0368597134135248,0.02103988879674633,0.02069505098744036,0.03179378018606652,0.07447197506588213,0.08187636774312265,0.0913838091537713,0.11574213309082933
2828,0.006317257424769391,-0.012807483012522523,0.01877101095074304,0.022691565306172445,0.018395161439504655,0.012841129265284596,0.024653136310271256,0.07804458547211891,0.06139726641762095,0.09344719992815895,0.10313855251845182
2826,0.0024334378859593776,-0.02436931760789834,0.004493846945728197,0.002558533356085385,0.014301296161566605,0.009548416629044508,0.016718317435816803,0.0776157224138552,0.03682162321131914,0.07011763767707285,0.06489006082995072
2824,-0.007805616023231931,-0.03668492922990105,-0.012420082581576211,-0.01845245735640827,0.006264701809126599,0.007463967876629357,0.0046759587808560665,0.07049377325823797,0.009831816190762292,0.03998148117920268,0.029590962237712102
2822,-0.016798391314448265,-0.037562566244257044,-0.022937109948518393,-0.029044102823189748,-0.001144551113764233,0.009832755202860897,-0.0027863127977297217,0.06213022963641729,-0.004566632704167873,0.02928446748630236,0.019351202464883303
2820,-0.016721375568323316,-0.023772112696165054,-0.020916272937441308,-0.021411116911387074,0.00013242545963078643,0.021526087560423863,0.0003947683296063155,0.06189057080255116,0.009981157870551956,0.040725016058070614,0.02766182838650615
2818,-0.009552557063185809,-0.006486582241555264,-0.010853802781482277,-0.0007546030020167674,0.012959169373479526,0.03913232840593567,0.009125230514268189,0.07196143547413501,0.04792405797810406,0.056946011698489306,0.04111650938930316
2816,-0.0042501090315101055,0.0015036833804932491,-0.003960046492348282,0.017141738841832774,0.029653687069180076,0.05060560418062859,0.015468862594512765,0.08055096264251826,0.08006024097746807,0.06491219804937189,0.054369516544758544
2814,-0.0050167173581487515,-0.0005505935649465523,-0.0066637040000639605,0.02044576327017367,0.038424661843611665,0.04808483912538401,0.01912903395887299,0.07342447731924,0.08348983485423694,0.06597059112115193,0.06233608738798042
2812,-0.006824479332313777,-0.0029803707302567518,-0.013760134418073302,0.013158063670904954,0.03576553512209138,0.038159810788023885,0.02613453625642677,0.05389284229961019,0.06789599897198235,0.06740154235547935,0.06170958724923873
2810,-0.005002893716925468,0.000484771354485529,-0.015702967282567558,0.00830757397565321,0.02733245905340304,0.032345774333803916,0.03844079851963255,0.040916371289933286,0.060095198628948264,0.07048421196240459,0.05929040242648416
2808,-0.003800357089568222,0.004793991220964433,-0.011388165252439056,0.010542870488397346,0.01717033724520191,0.030214391230006958,0.04868227389450706,0.04460096402831463,0.06906646060353065,0.06700414218288045,0.061256910733192525
2806,-0.00838007846446898,0.0028608213664833983,-0.007713914918996276,0.013437697668134614,0.005409429103393101,0.02310637719157219,0.04948134699906593,0.05618621353303236,0.08372755430387901,0.05042651679060742,0.06158258370907527
2804,-0.01385385965229911,-0.002864415667394238,-0.00840863725698198,0.011537096985938586,-0.00520234338665267,0.010340349412107512,0.04254270543195481,0.0632806359690687,0.09623202415809505,0.027084747519575163,0.052407982158729154
2802,-0.01027610952073515,-0.00323629392726247,-0.008722514341584782,0.008897381137878588,-0.007629574747724105,0.0024845673973939377,0.03562919108615734,0.06574400825162009,0.10889585891087683,0.01369591899638857,0.04238019279081537
2800,0.0024800864531890486,0.003932362902422364,-0.00427862367903532,0.011691998869350713,0.00020336689413816118,0.005623474725532154,0.031585054604935714,0.06740396849554256,0.11716868600415722,0.01804179460887674,0.046442125906319236
2798,0.01282235241604047,0.009249191300932358,0.0008283572547921014,0.017607379532058768,0.010302629880878713,0.011949899589070357,0.02538679037151613,0.06253082913035547,0.1063887164705793,0.026792154699081035,0.058990579742485345
2796,0.014568852727390653,0.0068959883667150165,0.0035937184036325858,0.022699741978554063,0.017711645208931814,0.016193635422335456,0.018237728416607327,0.048282515485892956,0.07933534735082394,0.02869405217581386,0.06741294463115581
2794,0.015067457527984742,0.004751787681859331,0.010354842823635125,0.03059112540005877,0.028250971465316525,0.026274020039438458,0.02231825022154443,0.03824321895076799,0.0627265411284666,0.036034373151432306,0.0796879318910336
2792,0.02076530598176482,0.011019396160262035,0.0256252773256461,0.04503212818543744,0.04474278143779547,0.046356582245602816,0.04168908212579419,0.04745694971725989,0.07097088575643294,0.0629679743263891,0.10849962599862487
2790,0.025656995333051096,0.01931581873990432,0.03993157163800489,0.05878221854768012,0.055693860040775714,0.06234108025402433,0.058560822279065325,0.06954553425200485,0.08399571302718277,0.09310333875032113,0.13753326388407186
2788,0.021770282004106904,0.01778039283729094,0.04031644648122727,0.05987923097234371,0.048598815088440515,0.0582326423342164,0.05189840853826085,0.08261861516751483,0.07788335736725929,0.09386964842920748,0.13377762481322295
2786,0.012720956158553278,0.007666339459560703,0.028884292430905744,0.047095171917816085,0.028483277788680927,0.03968869432032503,0.02520194294044623,0.07593970256002795,0.05983079979563621,0.060981909767909154,0.09367658420352219
2784,0.007698951089527859,0.0008983715265669831,0.019093648760189548,0.030761513829996284,0.01189036350490998,0.026818122694007004,0.002653894300102556,0.058653863842066084,0.05223419022054107,0.024659244470966103,0.05051024688796356
2782,0.007994500741897618,0.0015025175989905528,0.01631112501122786,0.019672888343200207,0.005777065849491582,0.02755034503544122,-0.001227989311402818,0.043875812003633066,0.05700276487134556,0.009836284566923816,0.03334498711694071
2780,0.009077815967358157,0.0022774426753968237,0.014716549104169776,0.015541829459461056,0.004181825757457334,0.03286816005687812,0.005641047417998152,0.037200715165452015,0.06097527205701009,0.0134072200819152,0.04158359723534314
2778,0.011278210091333438,-9.97219977080812e-05,0.012439402985745427,0.01893202994833013,0.0033723046908371375,0.03562310793273751,0.011769798796345021,0.04070894974014862,0.06566995641494573,0.02487385761684372,0.06224496233552276
2776,0.01756616921602834,-0.0005414108231380336,0.01491509228723153,0.030157143331925613,0.005915123184967166,0.036842988273484895,0.01690615568055997,0.05329451702852764,0.08132063952024991,0.04244300659376434,0.08614204441688406
2774,0.02525659304395332,0.0034234504070738856,0.023098964171092085,0.04516134606226511,0.01156614962035609,0.03683479792350521,0.025418442523980168,0.06705118637720078,0.10081607593125912,0.062266166839624285,0.10413991521460464
2772,0.02974670104849479,0.007775722238335962,0.03132733117144113,0.058201185031489154,0.016458527042626594,0.035286958210208615,0.03767893449723855,0.07468935025588953,0.10814654437401065,0.07383110123939689,0.10943992290090308
2770,0.03217535556343701,0.01029143142550178,0.03756141681145949,0.06730763672939785,0.020488759335555794,0.03711763276738417,0.05031129075598395,0.07876036089284152,0.10573943791735822,0.07406921499671092,0.10625393648043252
2768,0.03519372164924669,0.013440161770105935,0.044806204362659516,0.07226599501092842,0.026537461655558987,0.0463870010714561,0.05783972426723723,0.08534991616008901,0.10829146968430205,0.07141390279407073,0.10349566237835976
2766,0.035475836822071394,0.017036022347193792,0.05051752070520204,0.07014913842985976,0.03265973117935173,0.056200781033526284,0.05350327678272953,0.09179912950207701,0.11267080107761036,0.06918262578832313,0.10110387084156619
2764,0.02946669494523529,0.017155081457144585,0.046107853282213035,0.05988231817812951,0.03417379213786746,0.05643510734103428,0.03663599812284088,0.09107112541392988,0.10051031879949625,0.06016913266129518,0.09425603879320732
2762,0.022796408867283277,0.01512380893763476,0.031304106237672005,0.04866274698639853,0.03349865266917681,0.05042916117197536,0.019995772488315376,0.08593369611408601,0.07321850446256459,0.04441656118301722,0.08670087316613347
2760,0.024077274920986873,0.018699037523774123,0.01918420576116869,0.04605202758348307,0.0388995801468893,0.051963784526379994,0.020741010983195494,0.08726631213308671,0.059154654666099794,0.03723150785702232,0.08596710057687589
2758,0.03210297500225989,0.031160799739334725,0.021897859918638917,0.05323855621153199,0.053309654762060545,0.06635094929027988,0.041630964474516606,0.09993842831036286,0.0787623872121587,0.0520865329375925,0.09194919324436328
2756,0.03914973419232866,0.04684831270279855,0.03833746777461193,0.06475472246675633,0.072049677729221,0.08598637905752517,0.06837629856780475,0.1206716079494402,0.12173857715217136,0.08695804118149388,0.1047494934181945
2754,0.04462031558994435,0.06005788669685017,0.05944179622931028,0.0778173211264415,0.09073720884481522,0.10368300815308522,0.0870147358188088,0.14648148750903478,0.16539230883101694,0.13152714022098866,0.13248103445917908
2752,0.054125804709697606,0.07028826353967464,0.07787573516964229,0.09141965587554972,0.10680838018052709,0.11778802566355907,0.09553903379260391,0.17223111335359978,0.1963834558378093,0.17372815331478242,0.1727847998914162
2750,0.06584323282101544,0.07606195063402794,0.0883714212165562,0.09912861246239077,0.11410406640580532,0.12416461802891776,0.09753862546691021,0.18214630137117407,0.20735483614495864,0.19547844857181357,0.19790829718039893
2748,0.06926614732323562,0.07216794706487248,0.08645709771600561,0.09339114208041001,0.10596457634032429,0.11635472393678943,0.09410969439916235,0.15992066195362178,0.19207814854619676,0.17928185363652932,0.1818576212109126
2746,0.05956715810881996,0.05773598005274039,0.07321330953541254,0.07729251920782773,0.08547516761256459,0.09667040297586439,0.08586470386522224,0.11105504856110697,0.15599743275459596,0.12872250486409018,0.13549577961626252
2744,0.044139118529264235,0.04053684338462752,0.05725056988126809,0.06301611788381402,0.06485179424218411,0.07692920587574151,0.07590888217937604,0.06378017695212901,0.11852178605816964,0.07164724880653286,0.09167219133423321
2742,0.03243772470987312,0.02803285248187785,0.0466018463832635,0.0564473893548027,0.05161910875730166,0.06442581779301651,0.06556985919677481,0.04210255198071023,0.09279408611086803,0.03423049039023018,0.06225487867380858
2740,0.026788373634237885,0.019253961160859825,0.040991732596083824,0.05089861084743077,0.04156908303195279,0.05496802404221655,0.0516850665470226,0.04447494635011214,0.07304550524325662,0.018716717937735602,0.034437211506834924
2738,0.025957015036157317,0.010599168022459245,0.036145421382513324,0.03949941275806843,0.029211139439822967,0.04362834806373372,0.033417313162996794,0.05383461694837964,0.05286642287118288,0.013085570671600393,0.0060896137502952485
2736,0.02998001996491143,0.0040150886175184235,0.031794352126858307,0.025959432406860564,0.0182493839063755,0.03363679878514427,0.017434714167627683,0.058473526741317776,0.0418118583350378,0.010728244229735942,-0.004679375412399328
2734,0.03816003848549638,0.004679647360954948,0.03228806645785816,0.020726167107908564,0.018710936621264985,0.032188784220545406,0.014064542771901738,0.05833896351999849,0.053115512379812484,0.014152774019361715,0.0139864084520988
2732,0.04775814207861972,0.01396657950860951,0.04113021515818231,0.03130649757310123,0.03726159544922057,0.04403501421447249,0.03023809146084765,0.06039935108378686,0.08452410701966384,0.02891477243530411,0.05424846162114038
2730,0.056728131768195876,0.02827817058812246,0.05633694034669228,0.05630814183147722,0.07020684051271817,0.06902184219326256,0.06357038292468792,0.07211635779905294,0.11999644137058975,0.057274958068289694,0.1001647410141568
2728,0.06344343351986594,0.042220684100197046,0.06985892556768653,0.08424364369784126,0.1025807057762963,0.09868577591958974,0.09860504737729041,0.09301539405624444,0.14318171615929495,0.08948332104026602,0.13214571097898037
2726,0.06399605767259577,0.050897610824804124,0.07270991292265805,0.09917129704045435,0.11643893081117605,0.11679329468974405,0.11277139109070351,0.11052984461698936,0.14384728016298118,0.10309278577830645,0.12516094328676858
2724,0.0565916369943977,0.05305980445975478,0.06496764859283932,0.094629974057628,0.10714888872721115,0.11442011954987454,0.09668374700411535,0.11238333830868605,0.12261254323162059,0.08588981888385916,0.0724988476230375
2722,0.0479265380154738,0.053178683404247855,0.05823942270872482,0.08082784408890456,0.0894405280685624,0.10255170248213245,0.06725284948677733,0.10317961905354738,0.0957711350202565,0.0575813003868193,0.010688570946300593
2720,0.04732581292028482,0.056505945560251646,0.062493684551093324,0.07211873146001228,0.08085551042342873,0.09830096481043657,0.05095137089294298,0.09891632501651589,0.0852971362017376,0.0506971491227864,-0.009954688666521038
2718,0.05418035269280761,0.06138954732392535,0.07248300867432587,0.07009004812136226,0.08182658044008635,0.10124522618580545,0.05475990276287995,0.10516062518184206,0.09596624159203727,0.06845234625053284,0.01624281887833403
2716,0.059028376548349255,0.06147519627385375,0.07453751080645855,0.06621440561602604,0.08002043789594178,0.09675136091404894,0.06381302027236845,0.11222934516186417,0.11006369608114797,0.08201214666408284,0.048308318560257746
2714,0.05701348812268816,0.05494901825753262,0.06404481827388749,0.056659906483879315,0.06949862210770659,0.07991169895763843,0.06502338017167424,0.11135019183032153,0.10855896674730127,0.07203418481832477,0.05553567533309925
2712,0.05157742158116123,0.045364180561069764,0.04721428955511979,0.04400683153868981,0.05365166304886691,0.06007579156321677,0.05787645337830489,0.10255835508549133,0.08788127329772527,0.04875392160377772,0.0450523462550339
2710,0.04577611212343868,0.03520145716047767,0.029831699192888677,0.02932139193981931,0.03494598107619359,0.043753395653339675,0.04454076830394624,0.08745797850629955,0.05657059619239404,0.0282106001808281,0.032476251960534955
2708,0.03885306564092334,0.024597017193422537,0.014115257838424967,0.013931475066587562,0.014702141352561404,0.029056737891131723,0.025558769806589395,0.06647059880900572,0.026178551772518387,0.011117828508552079,0.017471249356091727
2706,0.03208113553328167,0.015534718772596762,0.004630610159023629,0.005904529472725188,0.0005016201159724997,0.017879334308430965,0.007481062730104127,0.045516545025203414,0.007265932696118384,-0.006064450800781794,-0.0017294698906802652
2704,0.02977383736769903,0.011263499494968462,0.006943039046987812,0.013094745020210278,0.0015672715540579248,0.017957293337428466,0.001616461657847303,0.035723716332594094,0.00508989562754084,-0.016905617114096362,-0.013374142073544822
2702,0.032386262313588855,0.011350804590240925,0.018883167483463012,0.03050487137457244,0.016199757750383695,0.028579461101389467,0.010189928775538806,0.04280826677851596,0.014833301709489625,-0.013872585047452635,-0.005115799295278575
2700,0.03561026623256426,0.012716333556192687,0.03171280668814891,0.04538416879062363,0.03376754043661697,0.03834794251139355,0.023411882570006787,0.06291049550568441,0.02788314698425753,0.0007567486753877468,0.022246227169296418
2698,0.03792121083531143,0.015049696759950115,0.04146671722409016,0.05407442814419095,0.04894720667051894,0.04218340067504013,0.03353923069359641,0.08879017715353217,0.043456937164831275,0.02155539606965769,0.05883583205215346
2696,0.04232879583496242,0.01958292338834679,0.05135566293844362,0.06248923188889187,0.0636121222069097,0.04754058592939098,0.0415685250357878,0.11244610549773251,0.06575495825328412,0.0465653627812898,0.08925244100506023
2694,0.04974938843017535,0.024487148256227248,0.06322564117930601,0.07210259851157456,0.07651587768275267,0.05972102511261706,0.04894342464071271,0.12540968539385614,0.09297882115236174,0.07217656518496987,0.09431572822525297
2692,0.05745794215117453,0.027960486920878505,0.07464742992396159,0.07799226378979074,0.0831736095007353,0.0730267543769716,0.05408587306327372,0.12759697357722918,0.12018977747231702,0.09262616837802924,0.06962256716235676
2690,0.06508318795225544,0.03386114352627389,0.08466376294736924,0.08039207426160407,0.08530773964939865,0.08129678477724209,0.05974673420429922,0.13250456447013567,0.1497767755101968,0.10846288053230807,0.04128173979231225
2688,0.07481642948599512,0.04629596526737187,0.09403723593796673,0.08491936888463276,0.0883231632301255,0.08578387495760051,0.07201344650038806,0.15036128153106457,0.18382732705292187,0.12431066672291331,0.04176042141850287
2686,0.08483359070236021,0.06032641108612988,0.09999217200668559,0.09038703059501307,0.09006372165131811,0.08790449303913231,0.08855926632223231,0.16946548238339876,0.2087780303399049,0.13689554571741402,0.07049095883914641
2684,0.08980558923259954,0.06632902102470667,0.09844503114909114,0.08874567998692538,0.08365300028305639,0.08465105689562247,0.09845662875689232,0.1691036106927192,0.20569820330023364,0.1367782385862,0.09726224857746794
2682,0.08947160164780323,0.06339268635761944,0.09171678890385274,0.0795241818035917,0.07203955158304184,0.07684597494612663,0.09793563435616934,0.1506833330439992,0.1786239486985246,0.12387874189977721,0.10409036084133477
2680,0.0889579454532252,0.0592354740071823,0.08580355376089849,0.07213804678090006,0.06685507346543232,0.0719879091598189,0.095359333695903,0.13760391327204732,0.15411882231901738,0.10723359499264135,0.10011136383004456
2678,0.08993438953077287,0.05831285928689353,0.08183363719305543,0.07282168452666653,0.072871510258042,0.07486529583153803,0.09858723623711106,0.14346173506463952,0.1496053720096299,0.09156170838529783,0.09711138637416916
2676,0.08886146224716898,0.05870602465438914,0.07821919364989702,0.07936476186126531,0.08427274236713436,0.08315647347189162,0.10718918984263659,0.15717601274704654,0.15768078068918068,0.07797185304261395,0.0960278065136005
2674,0.08485120900286773,0.05938784064838398,0.07815638587460004,0.08881954973906377,0.09584588175154345,0.09379971970219278,0.11820172186163566,0.16296957236548318,0.16371044468213347,0.07380690193173463,0.09869813266436424
2672,0.08241175582952734,0.0622619728145512,0.0859211241763559,0.10052933501728424,0.1075842110290636,0.10591581438983179,0.1301332354022294,0.15980280455863158,0.1641421558268305,0.08537995298435146,0.10861562119795283
2670,0.0837378106138603,0.0658355273194603,0.09661361969972367,0.10975273227699658,0.1167346301647267,0.11554496119281317,0.13785370635142502,0.15328724774179345,0.1616087132739984,0.10051086929460686,0.11524500226508531
2668,0.08493740186996614,0.06535219217470231,0.1004172009434384,0.10968858429550304,0.11749749278334248,0.11737509590360376,0.13425694702278018,0.14350808691574612,0.15759577219794385,0.09817105308754771,0.10170394124312876
2666,0.08346452149775396,0.06153460966606043,0.09803739213831897,0.10316963885373949,0.1121304666195922,0.11467377678455572,0.12191514695944046,0.13169530613247948,0.15866780565341523,0.07985447845355866,0.07362469610898573
2664,0.08281842478074655,0.06093023992435606,0.1000322677672704,0.10105617494009396,0.11063077481226241,0.11701564323060203,0.1124590261030132,0.12659193124216517,0.17469690382683017,0.07077604188137882,0.05728271496872374
2662,0.08581281768000475,0.06536943277199063,0.10843517886894154,0.10544888608121591,0.11528272272713007,0.12471749501244613,0.10962822471254215,0.1321808573817272,0.20031636765897692,0.08395605364140436,0.06367598335574429
2660,0.08864778393442516,0.06879650395122659,0.11094343328954591,0.10523338784914753,0.11589523696915595,0.12559399956821005,0.10342675925529347,0.13709894078123233,0.21069359861107412,0.10208543570200515,0.07542059755208236
2658,0.08603514919799193,0.06692518310153765,0.09840535635307912,0.09273373560676115,0.10511808851752016,0.11191477046961909,0.08741911185577896,0.12749004082092175,0.18779895126049828,0.10314534030124067,0.07549595553689405
2656,0.07838144045118571,0.06264735874573664,0.07824606150629256,0.07471740262289008,0.08907670650127139,0.09147431516157636,0.0717430620267459,0.10530750290483828,0.1428305269386965,0.08687257604065698,0.06777087176030137
2654,0.07044739871393263,0.059394173090812116,0.06478556520711161,0.061878675348288906,0.07799396167011641,0.07674475636408883,0.07041169105079763,0.08530003675169102,0.10348167037088332,0.06679445147752794,0.06190049594118123
2652,0.06580125482434657,0.055989075889176836,0.06339455553698217,0.0561999415669159,0.07410170291756916,0.07081081276209807,0.08237565163635467,0.07743973182418985,0.08580977762391562,0.05110178971047193,0.058020392305091914
2650,0.06539148873006585,0.05127772967655253,0.06997884722715693,0.05457192376995395,0.07420448488080808,0.06987336630294512,0.09476126238874684,0.08029347942118056,0.08742361138169223,0.04184678825410014,0.055268558609662635
2648,0.06848790408140157,0.04769786510387658,0.07948077125296454,0.05645918142231079,0.076907122556355,0.07215495626922232,0.10009039576590942,0.0886662183490924,0.10033693233687227,0.0403732610171273,0.057052659449135894
2646,0.07253757232085203,0.04749811318726362,0.08858837268169881,0.06157170815658051,0.08206480626645056,0.07805997135287568,0.10151970812058839,0.10012741021360184,0.11876361070984577,0.04439956615386618,0.06074199112324604
2644,0.075257357133523,0.05137050184315398,0.09573613170605796,0.06749692310341725,0.08933195100292406,0.08757643783520654,0.1048211121560311,0.11543200768015187,0.1393546331990081,0.05143771939532047,0.06079219212717199
2642,0.0786309683788019,0.062026508404130286,0.10350395851222094,0.07525919797377405,0.10047300868455626,0.10175138523365843,0.1123488129452877,0.13661606981239144,0.16289957492547621,0.07027794072600381,0.06714143547107952
2640,0.08657440466540853,0.08067867064521786,0.11505793131336287,0.08856840308124238,0.11547494963321084,0.11966179309737511,0.12142472701346785,0.1610239201900749,0.19031572892546422,0.11046725077772858,0.09589886437369327
2638,0.09769411617101494,0.09876369121236,0.1258118156089101,0.10334266456298538,0.12595431805511995,0.13252575827943786,0.12451461941026463,0.1775028282808373,0.21260260606165748,0.1553927688840295,0.13697002862517607
2636,0.10564418572916487,0.10353418320723634,0.12661520154181546,0.10840618643015582,0.12290426321553732,0.13069130168415538,0.11582375871218373,0.17621222683100563,0.2144036245038961,0.16954950332911453,0.15836344802887137
2634,0.10717467107835704,0.09395040556954352,0.11698387575365173,0.10069824993909889,0.11062457187928933,0.11708891200130882,0.09938750783718925,0.1608776461036096,0.19211049810622968,0.14138893117359966,0.14790546441081912
2632,0.10414458045039224,0.0809222699897047,0.10609279081656768,0.0893120764240165,0.10073499433848083,0.10284677722492606,0.08480598091418519,0.1421095898935444,0.15854679928284135,0.0969354662282537,0.12328347463605205
2630,0.09800001602807103,0.07099821771452006,0.0992184047568172,0.08150234920363306,0.0938286710162269,0.09074084527828452,0.07583557441915002,0.12243300660586212,0.1281855656462836,0.06427886667744234,0.0985943687865053
2628,0.08998181791408572,0.06235341784693198,0.09453187374952884,0.07744042124791861,0.08351411123711151,0.07818228306897536,0.07263502526694038,0.10294217424089741,0.1113250874502109,0.04962872347576838,0.07461290340613307
2626,0.08670830736395362,0.058491617633660765,0.09552132430559097,0.08199754565687191,0.07833502120064528,0.07576491305594499,0.08327909258539426,0.10037425753254868,0.12204453051904385,0.055910853404015894,0.06517055791592198
2624,0.09492091160461122,0.06826193198089216,0.11021175925343837,0.10313251542359093,0.09574980308305578,0.09926612325616536,0.11521446874468198,0.13189736477594932,0.16689291600818357,0.08985160236090561,0.08846240619700381
2622,0.1097598963579279,0.08774492443896001,0.13394246156879658,0.13278125234199503,0.1310031726887573,0.1402456523048608,0.1550607115697342,0.1820548799968532,0.22165569740603444,0.13630065205277322,0.1251510742562512
2620,0.11953312392140587,0.09998243073873225,0.15042646948661276,0.1495735231077489,0.15762491665732659,0.16967310132041075,0.17815426444742752,0.21315490393741515,0.24794202548467156,0.16168295571409635,0.13245292926150898
2618,0.12347506883683253,0.0999296321125978,0.15602517126306376,0.14905678905029526,0.16568661666295276,0.1776247868192052,0.182189235123603,0.21597780190763993,0.24340279082871594,0.16193302077835284,0.11150621945064247
2616,0.13155997579944645,0.1015511846388803,0.16428925215222262,0.15034172551731434,0.17239702243396254,0.1831926426882949,0.188003037349092,0.2195662220732725,0.24480566590802263,0.1708461597813261,0.11015154308400703
2614,0.14412771577105402,0.11142252972073174,0.17819557373347042,0.16265668780419854,0.18519713394684345,0.19592208134892827,0.20139770587689965,0.23984571860391993,0.2681768770824201,0.20204131058144736,0.1422245557800245
2612,0.14725378814708828,0.11498383525369281,0.17895895208342072,0.16805798726788224,0.18453486145852055,0.1971100680539936,0.20136992266347445,0.25197973666701995,0.28095462517286834,0.22150760128959052,0.15749899732440484
2610,0.1352599044217412,0.10199462743421776,0.1563612495126404,0.1525296942528051,0.1604575973153759,0.17567143957755704,0.178814705824429,0.23460114064010315,0.25713853297011163,0.20380267415741718,0.11880915117918689
2608,0.12248026350241857,0.08706555397299262,0.13078691762432265,0.13207386009222363,0.13817413328036515,0.1539495726136917,0.1596317535282398,0.21100064763576146,0.2250964209515585,0.17579393342773197,0.05786343503081424
2606,0.12316594016884456,0.08890791586247637,0.1278979467693971,0.12887025560009494,0.144391695829841,0.15611047636169467,0.17010993855721834,0.21848562741576913,0.22803781521612262,0.1723146353637871,0.024505854443841707
2604,0.13221220015201796,0.1030977386333947,0.14482023955143805,0.13885215356645186,0.1685999162874823,0.17271330534018833,0.2001617144080822,0.2570823218876155,0.26300602588731264,0.18254659464072437,0.02537117766522648
2602,0.1371234870440838,0.11255857772734676,0.1597520309026254,0.1444106098710589,0.18262829016605867,0.1806514135170342,0.22289049755362975,0.2976243462299523,0.296345601096287,0.1776925745629552,0.045246279890098176
2600,0.1377424329260875,0.11374937842634265,0.16412878519693683,0.14504038899970373,0.18196239636466482,0.1798506998868396,0.23273987249765749,0.3246039216200087,0.3192843626613949,0.16276032883213953,0.0850929882855619
2598,0.1415384769036872,0.1155815900721847,0.1666133058363471,0.15288896595788792,0.18326050286046097,0.18559994606073277,0.24221506062590653,0.3424036249557292,0.34739402388494556,0.16259158553817837,0.14174568288846534
2596,0.1475141285606056,0.12024155970424197,0.1725055618295451,0.1671225159785969,0.19280511372225004,0.19818463978928652,0.25383899833278106,0.3498890931841236,0.37513219818882654,0.1767919420782295,0.18537445721505086
2594,0.1481051401896817,0.12125996703042147,0.17707251899648446,0.17463759097723786,0.20125302159555652,0.20498926857646568,0.25825619906115077,0.3375315668945189,0.3738804423624685,0.185497669750257,0.19424102763575035
2592,0.14306244809184082,0.1168015558034142,0.17756023371624471,0.17165393294332437,0.20339416097240776,0.20485377520444523,0.2535618285606232,0.30858245196012885,0.33870400807236867,0.18543185615520957,0.18379495185070147
2590,0.14062861087633582,0.11250889689608666,0.17883333568969584,0.16799953070439877,0.20419645652355625,0.20946338458585578,0.24876298333122734,0.28330933698196903,0.3042395747412894,0.18979208019649685,0.17742601065353475
2588,0.14649474296615037,0.1130418882572294,0.1861460311380944,0.17227737893078013,0.20811431996223587,0.22395358719113537,0.25087916548586764,0.27874300700273297,0.3033507348385895,0.20294727953019975,0.17889781150112255
2586,0.15889687934168129,0.11857295920737886,0.1992510863903702,0.18430558232052097,0.21558777122644665,0.24189189477250797,0.26010329472759985,0.2948010941299247,0.3319860425176582,0.2201095892304785,0.192879170425074
2584,0.1730183880976478,0.12722234629463716,0.21339608392500428,0.20004541004045104,0.22729915549554944,0.25697475985810103,0.2740340223580759,0.31977621543360796,0.3661441490828309,0.24285706901112827,0.23523906897399702
2582,0.18408581947582497,0.1352067259940068,0.22257947394884767,0.21423062013105001,0.24202153980278354,0.2676715880380842,0.2878356371192747,0.3402179080500074,0.3928625633030182,0.27285487829205135,0.2968425903973382
2580,0.18852710145642876,0.13906862979502121,0.22514494775350335,0.2226166127935244,0.2552387435552804,0.27478668988068,0.296996351132646,0.3485167180044162,0.412595692342544,0.3014989331084846,0.3341608132219489
2578,0.18683938880915513,0.14101077041857646,0.22739180732725126,0.2288243194977265,0.2666117475043039,0.2825456512212951,0.30564680568603053,0.3474540590239539,0.42448677508360766,0.3218624444461569,0.32460167713178323
2576,0.1840040929332285,0.14628042774653793,0.23674212687237964,0.24279749500909265,0.28143944028251583,0.2970405853591803,0.32417430729418756,0.3462314088522738,0.425661618167419,0.33767396274869327,0.2966309633432714
2574,0.18514607433858932,0.15479136412847863,0.2519116895915444,0.26717825027050524,0.30064431079096715,0.31817614719900156,0.35361239654389237,0.3520064846565046,0.4243537061963184,0.3512896536363664,0.28466079830650576
2572,0.19204889276217404,0.16255590598886568,0.26594178596554524,0.291926450248691,0.31778109338210925,0.3387534352491526,0.38128516900106263,0.36828402623582107,0.43886004704754894,0.3585765560622798,0.289542823254221
2570,0.20315951416421724,0.17027485966972805,0.27639908015406234,0.30648341636744875,0.3282930145329957,0.35330090225823163,0.3959343108990794,0.39616733312565583,0.47509898588451,0.3619851579713876,0.30252779155845233
2568,0.21430577227125094,0.18092917290618304,0.2845832753997215,0.3099499063677235,0.33331627582657036,0.3607382047079642,0.3984071507240607,0.42936686560501575,0.5140292800027368,0.3708695822761907,0.3312935772293636
2566,0.22031415370594123,0.1893700451432255,0.28783321086243263,0.3064828580109196,0.3335646369179829,0.35970977714806973,0.39543306250625115,0.4530239607386949,0.5327353685268823,0.382908773049272,0.3749830052463326
2564,0.220358444314383,0.18673233482917662,0.28319844579481607,0.30016736812658273,0.3303132698165417,0.35250909113859413,0.3928999673001078,0.45956500615980617,0.5348905185132647,0.38681785486525827,0.40616957608507703
2562,0.22001341956893375,0.17570892299675075,0.2757124895866827,0.2966740563197261,0.3313300183706067,0.35062104331739347,0.3956697631416746,0.45977615769361463,0.5445781531589449,0.38739251210151454,0.4050699826518904
2560,0.22332136135102418,0.16816575142637055,0.27160028463252517,0.30003420288109334,0.3421424178786033,0.36262543509002004,0.4040182999548198,0.4647285270108259,0.5689421712746989,0.4016185601076038,0.38329184627261126
2558,0.22655985163139172,0.16751086799189616,0.26746019406344557,0.30536299340852435,0.353126836793536,0.378888759439637,0.40995695265924703,0.46629022970726663,0.5872545515489126,0.4256023165174271,0.3558285993432914
2556,0.22519028278527228,0.16604036850755216,0.2576110835871567,0.30335884299856103,0.34997477133836796,0.3822065079622174,0.40604867185705135,0.45184902611480093,0.5822156075276903,0.4322725045985296,0.3173703771648494
2554,0.22245132531641665,0.1610094172050235,0.2472373668921615,0.2933653267182521,0.3361207638978685,0.37209009542894994,0.3966354658342192,0.42996683122869317,0.562067559950813,0.4107482490796772,0.2646383848541284
2552,0.223526569429032,0.15954596001513882,0.2450294564634337,0.28306481823614865,0.3285447243606726,0.3621458092537736,0.39160722973518824,0.42100246516103146,0.5414286878459925,0.3815346334493872,0.21602293522719848
2550,0.22630788188395945,0.16565922434566605,0.248767996093864,0.27718955105504867,0.3338801630401136,0.35843487884481157,0.3951346873801929,0.4295692673048842,0.5238773888440803,0.3677128390990464,0.19411039711925207
2548,0.22668377325980754,0.17526568860235878,0.2527420312161441,0.2766539966338154,0.3456490238423099,0.35858797648338614,0.4101025749286557,0.4465662608561453,0.5173692000196094,0.37581399879350486,0.21063118897492883
2546,0.22811092797426646,0.18588595862328844,0.26291784412209,0.28565744729057646,0.36249777113706605,0.36750894056353256,0.44287319849572154,0.4711567688987167,0.5405686210001108,0.4060326867721924,0.27169712457723694
2544,0.23525920838767964,0.1979988274447975,0.2863566510887089,0.30494932236406774,0.3876150012341173,0.39088309084022876,0.48724190888103525,0.5051362247599251,0.5907184703801083,0.45003010369800245,0.3643808402677406
2542,0.2429038303264406,0.20664718145728042,0.31172904706865834,0.3211585144257367,0.410704624421383,0.41553385407476323,0.5158889226225262,0.533810120350771,0.6284088465613112,0.47761056008902053,0.4358322233605396
2540,0.2420660877820224,0.20460874689099753,0.3198742108217192,0.3188775352949697,0.4136815594038409,0.420471135075952,0.5089693221505845,0.5390713839143516,0.6217502470616826,0.4603682563493602,0.42756516357973723
2538,0.23390510722135335,0.19450829283228632,0.31006952645833624,0.3024202736204778,0.39747650681203867,0.4077122200720819,0.48204009849354507,0.5272660966754639,0.5887961246617244,0.4132472178826686,0.34241871148750525
2536,0.22705730921113124,0.18630067064342473,0.297561790824311,0.2912212188572589,0.38309835738363457,0.3994297743541417,0.46461591547774284,0.5197200547086465,0.5696605819756744,0.38024976910117975,0.2437627567234912
2534,0.22442058280173294,0.1836249115532123,0.289916847066584,0.2952987322109442,0.3839742560821095,0.40545000610186865,0.4619747810839018,0.5207452590677752,0.5747724311013105,0.3767687366014117,0.18525958149268462
2532,0.22383303072937583,0.18447960708491848,0.2856277167545812,0.3098958475702172,0.3958647369690302,0.4176071345802421,0.46192700776228657,0.521363300422781,0.5901836681134093,0.38112837817779177,0.17559163822034973
2530,0.2282072256853243,0.19260303703435047,0.291202471814333,0.33129055661862494,0.4141805299971397,0.4349109467855542,0.4676694484334438,0.5282374097413228,0.6165946805973125,0.38599744089333576,0.20996172947158187
2528,0.24241364852833922,0.21346365884337204,0.3158686552590628,0.3593568058822584,0.4396112128698745,0.466034271553169,0.4924710086998211,0.5573698634687976,0.6654220367943242,0.4138432405355871,0.2851010517247278
2526,0.2620273415298476,0.2403355307957921,0.3499673657597835,0.38551911819194745,0.4641812704798966,0.5034231510587469,0.5274110751914258,0.6000056783317574,0.7251667144472842,0.46937393337856714,0.3715302295863259
2524,0.27702128399718384,0.2592942051422923,0.3711645434846965,0.3980424681648312,0.47404717181065215,0.5237387660587433,0.5470284430082603,0.6261950548288926,0.7674618696161373,0.5189126431957457,0.4223168703201216
2522,0.2853684515030345,0.2671501185881701,0.3738526947717356,0.4006858637753971,0.47094554466826305,0.5216627484517654,0.5476796502569574,0.625934889885032,0.7840087121398992,0.5363152774460245,0.4287820774009712
2520,0.2916265884709967,0.269481204118589,0.3717513595434019,0.4077051278817921,0.47122299001221873,0.5173747871045576,0.5502374394934374,0.6177206921391848,0.7874413937891063,0.5335841873564324,0.42605044668095277
2518,0.2949048672989889,0.2649038029903778,0.3718255047020787,0.42024632049225763,0.4805599451856174,0.5237890564734249,0.5635811315393192,0.6144405170263151,0.7813799210426188,0.5287314401551017,0.4326478074762363
2516,0.29063201894014673,0.24836230674545684,0.36675129665679457,0.42538864371225676,0.4876743819832488,0.529782491627562,0.5735523921630511,0.6100466983828354,0.7593800268951202,0.5160001738641812,0.42764582410276986
2514,0.2827983776296801,0.22798868685055523,0.3546974764174333,0.4195874908975325,0.4859713467072439,0.5243975272085454,0.5719291510510205,0.6050425212120323,0.7308427268317532,0.48898214309430776,0.4018022135505095
2512,0.2813704571889198,0.2198710155439731,0.3452703972949201,0.4139624554253405,0.4817944899552334,0.51430784534548,0.5682673325662582,0.6146989216466511,0.7168678164910546,0.46350638374098374,0.38293501766799265
2510,0.2871482133720242,0.22532131807815306,0.3423971274165103,0.4140209568313881,0.4781807425643482,0.50762784587739,0.5680369151993504,0.6411897460465376,0.7204389990572038,0.45540124584179087,0.3883672501040086
2508,0.2903155962803059,0.2304960316887017,0.34017775337151906,0.41254068742169564,0.470401953674127,0.5015246846832658,0.5648991696035667,0.6625254015750988,0.7268987704505651,0.4588977425381244,0.39488703644032097
2506,0.28517331147348046,0.22924028947475086,0.33859735850710365,0.4058585385880943,0.46115192027147617,0.49560469570015325,0.5598852625716237,0.661421969198263,0.7322145066158676,0.46526982507772646,0.38032018230138587
2504,0.27590573490428655,0.22756811702437926,0.3441019210692819,0.3986221882277765,0.4593137279116627,0.4968087987086497,0.562140852397396,0.6435194136057897,0.7428330708639906,0.4780417226164003,0.35505113004017963
2502,0.2676889472206559,0.22559942388037238,0.3525174991363272,0.389834230892389,0.46033429755958144,0.502055856392756,0.5666035918054807,0.6202876943035791,0.7515744161279629,0.4950547127604465,0.33249697888081065
2500,0.26239350984112997,0.2161940252342849,0.3515505127425567,0.3733346754605694,0.4494553316243925,0.49699392155621397,0.5577535232988277,0.5957866447556739,0.7439777442592805,0.5005229154405963,0.3087569254282461
2498,0.26297750045343576,0.20400966322684114,0.3431837971448072,0.3560911475326655,0.4295620015612126,0.4815608930887808,0.5404387106670051,0.577000178246976,0.7276374659744461,0.4909310941443364,0.2922801653331917
2496,0.2709985239916336,0.20446430963779644,0.34272540010978975,0.35582968550233196,0.42262162296073824,0.4751322075496654,0.5388609383257714,0.5739202703216286,0.7245257386908726,0.4844120610643704,0.3097538698257543
2494,0.2791771039828682,0.2188646437206275,0.3528298151413591,0.3744689843148409,0.43669113599166004,0.48646697565047164,0.5583739712850231,0.5819292079654241,0.7354766675309352,0.4911685323545681,0.3567982788029573
2492,0.2776194208130584,0.23033070425906665,0.3595795856195029,0.39258614455243346,0.4537066618277695,0.49989518352284695,0.5763742553356442,0.5859554993315202,0.7419763798960444,0.4991906495887985,0.38430076491122644
2490,0.2685925774767404,0.23073627944145791,0.3586850781779659,0.39812201698430166,0.459678456886448,0.5036531697253178,0.5809178243703498,0.5887336528031905,0.7438361534901861,0.5018225509710629,0.36448068576247433
2488,0.26530280873847417,0.2322310134324538,0.36373673261614825,0.40271281216535254,0.46568717801914206,0.5109056458014648,0.5901497351475126,0.6118694389131545,0.7634152035082161,0.512595832218818,0.3329706321213879
2486,0.27524185683968516,0.2448988208891898,0.3825938674659989,0.4216500742103032,0.48732021438973,0.5375643387881928,0.620348516539623,0.6606325874062504,0.808390447415152,0.538059918129978,0.33727276569572406
2484,0.29304514695225226,0.2608275216459305,0.4047885506793297,0.45254528796167687,0.5197381705877507,0.5751383145529506,0.6582492730671774,0.7096485783999925,0.8575488320060446,0.5602046422530971,0.37511421843161014
2482,0.31051103722217954,0.2697951786025294,0.4199190161291225,0.4823371381227785,0.5462308602619678,0.6025177741948728,0.6816090054356879,0.7349247970871438,0.8904511559790154,0.5644245796530876,0.413046845377255
2480,0.3250029717775277,0.27532141040870395,0.43137483208382643,0.5031290429799791,0.5597812587538306,0.6136125449409949,0.6889053429544022,0.7410273590625496,0.9078312249878765,0.5643230323768447,0.4374689625795319
2478,0.3368419886198106,0.28505379940212633,0.4438695152459258,0.5130092145467272,0.5651346533001227,0.6186187705292289,0.6937009691672812,0.7465835457461842,0.9181965671049407,0.580679143489568,0.4559944883832646
2476,0.34599477813271545,0.29745920777193385,0.4532507652300459,0.5124663940206801,0.569030719049224,0.6262805464316086,0.703887998991909,0.7609098601687017,0.9264034590243219,0.6113200412791863,0.47058188841075893
2474,0.35243691736722677,0.30658094681199155,0.4561891514922252,0.5066284040407358,0.5758882371189007,0.6361226239526749,0.718490130893052,0.7835340828948361,0.9383961746704005,0.6366521760154359,0.47734896002280863
2472,0.35543027438660585,0.3107523598336913,0.4570324937433352,0.5030620169061849,0.5862077501232791,0.643559158971113,0.7344906120254271,0.8106262506327563,0.9579789153608423,0.6439476970033235,0.4792631690426346
2470,0.3537545739747173,0.31054001652290014,0.45946484412292915,0.5039133638437315,0.5952922657085671,0.6452808068522016,0.7479058163497261,0.8326373079272135,0.9774636440713363,0.6359716976851001,0.4810283992779349
2468,0.3504491299088604,0.3065268906693524,0.46232329899383096,0.5065640405417432,0.5994607575809903,0.6429337010682782,0.756035987204868,0.8390000943816283,0.9869291066860743,0.6259969097583666,0.4847463435083602
2466,0.3530171327706641,0.30320499664641604,0.466795142596178,0.5120246309657648,0.603775250918207,0.6445252888739964,0.7629092665602395,0.832442611396477,0.990108778826103,0.6294612994928886,0.49972417118774554
2464,0.3632793818130959,0.3061485491698387,0.4756433358756786,0.5232151515943383,0.6149268704899521,0.6564489131796492,0.7733995519339271,0.8266097016480517,0.9945220156853538,0.6484479251151483,0.5348962936681119
2462,0.371930291229901,0.31259569544258037,0.4833643819840204,0.5352267639997156,0.6285731830956393,0.6734700525356305,0.7821629370602922,0.8270003761663713,0.9937388911116871,0.6627741551042248,0.573377837390715
2460,0.3695633461824494,0.31340762755542284,0.4793065304745014,0.5375467359719504,0.6334977148861501,0.6826088767067051,0.7791009777626542,0.8261876868916587,0.9785386882894098,0.6496814314915098,0.5795975976085903
2458,0.35852011095759406,0.30639583123466585,0.4630117631400319,0.5267544809944728,0.6263339684110762,0.6767330476471206,0.7640151192949618,0.8199458153550777,0.9579972601066538,0.6128637608157,0.54338016899343
2456,0.3476276980547167,0.2992169629613567,0.4456547257563144,0.509248153017941,0.6126540017698997,0.6590283742300285,0.7449356540023295,0.815016349408752,0.9488977790778282,0.5787373630804197,0.4949001829639445
2454,0.3415681901813237,0.29881612524292295,0.43667661637862404,0.4942737891519949,0.5986967472364357,0.638892610508252,0.7273897919340024,0.819149597697771,0.9523767000349761,0.5680428018894986,0.4685784807706148
2452,0.342334081809382,0.3066104757725841,0.43974621285816307,0.4918885044732326,0.5930320894094717,0.6311919607872524,0.7189049784471168,0.8352889291947,0.9623648285672297,0.5856236824521742,0.4726840493011236
2450,0.35340949145593176,0.3223425716024715,0.4579814283006656,0.5109414764091901,0.6082423661924172,0.6509632783792377,0.7350582910079421,0.8638127186012763,0.9854662358054488,0.6291291219616851,0.4982934206943957
2448,0.3721870780451143,0.34128022003870023,0.48736803652708327,0.545950579771223,0.6441835632895123,0.6944779705663079,0.779369414777744,0.8958121608521386,1.0244422118973233,0.6830951399923068,0.5297897236866622
2446,0.3848981182369343,0.3498316014342659,0.5081039399008787,0.5719196097528453,0.6760366988609147,0.7320404815939049,0.8233023020384518,0.908442973723461,1.0534686213954059,0.7119314251444046,0.5407804190172336
2444,0.3813967965543634,0.338415815899728,0.5023327269357033,0.569192118122655,0.6793091354171342,0.7376417290975578,0.8324717466789543,0.887537440722515,1.0446840868173977,0.6918045009378968,0.5135385313732146
2442,0.3700285205462775,0.3178938411181244,0.48049210888547733,0.5493961669531384,0.6627430117290237,0.7215972008400132,0.8115706403639849,0.852066884572138,1.0133172784685414,0.6474757142195778,0.47152932934039976
2440,0.3661728289968876,0.3082486769510644,0.47051351431513905,0.5398483653472163,0.6556988765917944,0.7149838928425486,0.7963713552332331,0.8346421075053451,1.0000622962075807,0.6261782377509352,0.4607689942414872
2438,0.3717935817246148,0.3123048044326733,0.4811729472817313,0.5481646529029535,0.6678338636648532,0.7274938590725282,0.8033132897213013,0.8411838683855692,1.0135683349792175,0.6388612638779213,0.491344623762218
2436,0.3780882839932883,0.3159127164517271,0.4952345646869697,0.560089899547251,0.6824302195907874,0.7412188202091679,0.8152031529703752,0.851401554227869,1.025878706662212,0.6570633513904297,0.5285797269506091
2434,0.3822988082579335,0.3126849717761888,0.4988344395725344,0.5664619239299674,0.6856965484924202,0.7421495877088204,0.8167389461936428,0.8553403345855938,1.0220531775593547,0.6630738196360593,0.5470961171158042
2432,0.3880757576610764,0.31066350188295416,0.4960926957351727,0.5701726905241675,0.6793756738481325,0.7345705355806292,0.8134611525508499,0.8631581247172926,1.016999419282026,0.6671991279041126,0.5550850161341501
2430,0.3937544671685546,0.3141939585488473,0.4926916668862204,0.5698241909031888,0.6669622259205278,0.7253894877364699,0.8109015615029463,0.8798251578250982,1.0231743479086874,0.675629134524641,0.5581418466413088
2428,0.39468650836114494,0.31784363481316463,0.48709476914315236,0.5602866061221382,0.6512020770347378,0.7169802473902273,0.8041478326688579,0.897194368465263,1.0370120156314742,0.6788794582107281,0.5435492941260353
2426,0.393989828926629,0.3203054134790471,0.48209111188817183,0.5487098345137946,0.6433507721454006,0.7153808749642381,0.7952612003101819,0.9122704314203478,1.0579510430039318,0.6761168703058946,0.5137018424369949
2424,0.3972351205212547,0.32592301420708014,0.48462012435229684,0.5473016388220746,0.6512015584848726,0.7238297418616203,0.7946490311707283,0.9266812257969612,1.0861984682908379,0.6763057473775784,0.4939558872192999
2422,0.39991800191595195,0.33019362225073917,0.48989360019446904,0.5508790310263256,0.6602806833376998,0.7291112412958399,0.7985034030183632,0.9284485163168524,1.102145858145806,0.6736549715576856,0.4919163823573548
2420,0.3942045757488159,0.32255697463946686,0.4852229323009894,0.5437463723034724,0.6513126444167269,0.7167246905826166,0.7903802613715218,0.90419018445252,1.0850846004142822,0.6564044681553748,0.4865545630041092
2418,0.3849116684815149,0.30700077347128735,0.4735778344815964,0.528515959487305,0.6332872749460832,0.698090842059187,0.7710461255211344,0.8706742317011137,1.0525124711889535,0.6394935422697894,0.4708743439938175
2416,0.38402535092065565,0.30052695520870826,0.4724924174620176,0.5239022776345785,0.6313989465817577,0.6978136565893673,0.7606772907778984,0.8621454959984887,1.0414485888382765,0.6483074115739043,0.4647807929636681
2414,0.39180764044276356,0.3071480673527026,0.4856333422415994,0.5331737730766328,0.6451215299445456,0.7158716608689124,0.7665471931744449,0.8828295542311725,1.0522115077094971,0.6706435142982515,0.4729941338293159
2412,0.39750850820114025,0.3122960579215909,0.49653593650875205,0.5400180195980209,0.6496055299812907,0.7289603506663386,0.7749426182072201,0.9026278923642628,1.052169263638673,0.6680968028595285,0.4722420092244266
2410,0.3979181571159,0.308936606407734,0.49705044225710365,0.5397277930642821,0.6408539660587065,0.7306860926056765,0.7817429066091824,0.9059539149595096,1.0375928883979584,0.6397378385418082,0.45786794338785236
2408,0.40076324473559327,0.30965389023481227,0.5005288328807604,0.5485975756394059,0.6454149293830724,0.7405877794479621,0.8021791114720193,0.9111590690934764,1.044247148580892,0.6287658034782492,0.45945879553791336
2406,0.40932654094885895,0.32414424512356527,0.5178494675458839,0.5744577407802763,0.6766868880813122,0.767204950627245,0.8399105794849208,0.9314313588564771,1.0854692790243152,0.6563273440679416,0.4885442742485531
2404,0.4173603296755074,0.34256690236753284,0.5394936980298395,0.6011813930911913,0.7127516763932678,0.7915705683250142,0.8739718503852529,0.9507110824808358,1.126253595445026,0.6938407792173519,0.5138442652934017
2402,0.4207398199298663,0.35173094181285836,0.5514638986581915,0.6125238609153482,0.7301409096610545,0.7977108123322252,0.8887214049950701,0.954063726505487,1.1379375024305418,0.7146569389775146,0.5128651935623277
2400,0.4220675817588219,0.352361739711706,0.5524136980181794,0.6112056290608812,0.7321601797670103,0.7935949388112924,0.8920841455636541,0.9512230752750307,1.136022660747487,0.7273937028055633,0.5062901383460932
2398,0.42296359594127064,0.35101889066038366,0.5467846948353734,0.6065281274425617,0.7318536740289435,0.792089265786887,0.8946271554112218,0.9536038048467989,1.143602386145928,0.7419509463029003,0.5170734508969298
2396,0.42258664186986733,0.348531233591162,0.5362844229682968,0.6016967403228598,0.7316160653127353,0.7937330993805024,0.8946124117695466,0.9546010893966244,1.1550596652391847,0.7458818443477404,0.5340532535404451
2394,0.4236235157566703,0.3449378080472211,0.5254266587399335,0.6000883714713828,0.7315194075504545,0.7971491953359863,0.8925990353519088,0.9490296084645475,1.15809643591858,0.7341023642396423,0.5404363660309632
2392,0.4296762745336803,0.34423871424579405,0.5218468381289648,0.6066639654277528,0.7366543842337507,0.8056748244875244,0.896767851487381,0.9486011698538944,1.1599183613417505,0.7253107216744401,0.5426719053842964
2390,0.43712613323791133,0.3471627107130607,0.5254930483237618,0.6171532777185093,0.7453854261922179,0.8153809745145023,0.9047610511914004,0.9626247071203624,1.1695307425840638,0.7309977558570766,0.5486488777642136
2388,0.4383578447476993,0.34906448601488527,0.5289396935343125,0.6209742642975488,0.7475802842225986,0.8151563775756762,0.9021805931506349,0.9823085756940507,1.1786840045501983,0.7399005951065316,0.5512525051273225
2386,0.43141249891133404,0.3490457396046345,0.5299875152304181,0.617554409645306,0.7408402020708723,0.8042276269890776,0.8857767387207915,0.995207809708963,1.1773240753007614,0.745714386130747,0.55338277606066
2384,0.41721032197750635,0.3491010941278974,0.5289813607952324,0.6120080199658514,0.7290272740697646,0.7887778355754586,0.8637619474671243,0.9934072227051757,1.1626871247781645,0.7536559834551724,0.5710822497390688
2382,0.3901503329055091,0.34056384438883186,0.5125528092373398,0.5927206857955315,0.7002001831713387,0.7566276039818358,0.8264029867708541,0.9573579183106061,1.1176743603008314,0.7454478193506979,0.5890291171005727
2380,0.34285941810698306,0.3062920261708544,0.4596544435077746,0.5355316597303285,0.6302512895412827,0.6802298589935887,0.7449632870520333,0.8587589814155678,1.0090629247194047,0.6788572331707268,0.5527918281223232
2378,0.280436480426485,0.24545746398592674,0.37267782179683745,0.44040389835302846,0.5207697586898205,0.5580497926138694,0.6167024470829161,0.7010993618124114,0.8331596311129001,0.5498324251126184,0.4412199663670427
2376,0.21869774975694187,0.18403982066233587,0.28591156136949747,0.3444705464433914,0.4113359331827332,0.4315279763501224,0.4864620461564864,0.5371025536259274,0.6429754086812421,0.4223586388784553,0.3167086145325713
2374,0.16430129291485462,0.14588543685949212,0.22652350639163696,0.2788588702932054,0.3313809379803327,0.3373166333652354,0.39402009367476637,0.4141661571272243,0.4951512961538839,0.35402273333638984,0.25339841639771554
2372,0.10701974884995472,0.11980801288872449,0.17761050660676642,0.22440035002572747,0.2550022279585321,0.25571411946065103,0.3133320562208096,0.3105456219565428,0.37607840794783265,0.3105446286513188,0.22869935855343057
2370,0.039979642295803065,0.07627693850245493,0.10437629742471158,0.13970000067369426,0.1393441286565211,0.1417878483322121,0.18735305606028163,0.1682277959836169,0.22505980616748222,0.2143164120738189,0.15545062624794798
2368,-0.024895381104895874,0.01270177301761661,0.0083710861270239,0.025483190310864327,-0.0029038774561506962,-0.00013464909414630924,0.018851896083266973,-0.01273850074080945,0.030844269463982624,0.06494368423409819,0.021410378109816403
2366,-0.07415433321368635,-0.045818540117248126,-0.0774767657887562,-0.07780048621968662,-0.11735566893545087,-0.12001317534396631,-0.12905670755467036,-0.1688084226503408,-0.15217540957240488,-0.06808748019784326,-0.09396419797104112
2364,-0.10875104655116483,-0.08424339512644498,-0.13572186936094283,-0.14621148993348887,-0.18121532113700456,-0.19056043308466453,-0.21771582626408734,-0.25818457433530406,-0.28043447367189195,-0.15426537816061636,-0.14286054615609414
2362,-0.13062576196740963,-0.10641085133579596,-0.17104790079757098,-0.1856925562291973,-0.21292163547770515,-0.2244114327858892,-0.2612996795026797,-0.29367357764990176,-0.35426155124568764,-0.21560166956458277,-0.15422496611754077
2360,-0.13304682016212865,-0.11487778942821016,-0.18428157909954096,-0.20099368066151463,-0.22401888160496763,-0.23427059694952676,-0.27719328634601603,-0.29599048554617857,-0.38042348644418483,-0.25369694243488794,-0.1580666273391839
2358,-0.1127038271159103,-0.1068703395206771,-0.16848753542818912,-0.1840940902359665,-0.20423172318225802,-0.21444663853950788,-0.2555511605010972,-0.2601785646972126,-0.34637875655035094,-0.2421628037195703,-0.1466705968501538
2356,-0.07165232267688389,-0.08017835711768583,-0.11792986750881092,-0.12521531585398707,-0.14129861660250329,-0.15218366525437507,-0.1759575628183078,-0.16662733021259132,-0.22957939457792204,-0.16969687420473284,-0.10527019554778143
2354,-0.009351560099891482,-0.030488939940852392,-0.030970181259522615,-0.02384529333187246,-0.03383320225797436,-0.04139906285508766,-0.03525943530010477,-0.008667256313050343,-0.02700284494032645,-0.042401628054453196,-0.02482716291632079
2352,0.0651318449474223,0.03960322250523718,0.07655652868798005,0.09701348809487825,0.09645179741134137,0.09658656687555979,0.1311762654833706,0.17923740079874306,0.20932752510713595,0.12039902631795786,0.09239619183038299
2350,0.12465099569738172,0.1082455945805353,0.16689954304331975,0.19367463725168454,0.2041554481895894,0.21155813499822365,0.26114110759353865,0.32957458053551186,0.3887867978223946,0.27104104524253875,0.2117889034409835
2348,0.14276524037212643,0.14528917219355814,0.2032089829411343,0.2276521200717108,0.2453096473622785,0.2551792620345377,0.3029545772051223,0.3827387268827393,0.4397303511573404,0.3469915488800069,0.27739079235671454
2346,0.1144063179184048,0.1331749812956525,0.17389002833370754,0.18817156546934305,0.20531434284901484,0.21135581168648784,0.2443234050596234,0.3193658157138438,0.34856600046638,0.3105776849690259,0.2528364588018449
2344,0.06384568677138465,0.08377010345368491,0.10575885120328304,0.10513368594138896,0.11746146858330478,0.11477728027328717,0.12957441195156363,0.18242533085292456,0.18024255921463583,0.18843220816719505,0.15809990698981385
2342,0.026370312979126072,0.03255211529420791,0.04591641773967582,0.03139714635523383,0.041347214176769606,0.029065636651142215,0.03298496563611701,0.05557296846948513,0.04047488115370105,0.05900547136905971,0.052079959454259986
2340,0.00998150833149406,0.0002804654058448096,0.012968113658562463,-0.009502627686975079,-0.002161050383769811,-0.020053732572958817,-0.01764609994983736,-0.020228602434414995,-0.031167272064871247,-0.03175917651888123,-0.03806870285645946
2338,-7.075748016418137e-05,-0.016834929364820096,-0.001893672694976554,-0.025227896090774516,-0.029068861652920497,-0.045807165054673034,-0.04065838509022443,-0.057964678200808174,-0.06301871758333456,-0.08409872306150068,-0.10756193643796774
2336,-0.0052384535497138,-0.016100772862042954,0.006084782482420752,-0.011206666183669447,-0.030779365394800747,-0.04038400931383262,-0.03096929311726056,-0.05181751228832852,-0.05200133368152545,-0.07694768874620614,-0.11309657054262397
2334,0.004756826196250621,0.011363573626084634,0.044275558186840695,0.03952117181963643,0.015124938321956405,0.01461542034059929,0.028580251746153383,0.016830025709551208,0.02878305538182699,0.009498340330148325,-0.025057745361244655
2332,0.0271421780710984,0.05231116288979744,0.08871638348587156,0.0992347360051361,0.0872283413146582,0.09317532313590053,0.10748397761468209,0.1126650827188709,0.14576733984805942,0.11966600769043696,0.08342675773694015
2330,0.047253914005153094,0.07768390405137733,0.10536211311018032,0.12571273159214671,0.1331359258671153,0.14153232259383075,0.14882833729498854,0.16460877548331232,0.2194185518123543,0.16432586921020204,0.10383054399809592
2328,0.0585656256711198,0.07892732538164236,0.09607908743435126,0.1131862205583481,0.13657245070001436,0.14543162245141672,0.14301707323916332,0.15340598808727018,0.2216078122954063,0.13180010736694098,0.03750301994822026
2326,0.06626655147336735,0.07560312231604312,0.09291658388528393,0.09395584543703095,0.13035397529578616,0.13964140125334173,0.13280559340127474,0.12999970562280694,0.2006725427353179,0.09292115736118035,-0.009919035804219323
2324,0.07634816363772112,0.0864984146759208,0.11432640232482023,0.0965029321807789,0.14640412290888963,0.15579516763345957,0.15206713309802447,0.1453218789617958,0.21171396998156417,0.10220591699005016,0.02748091387342858
2322,0.09184527212039915,0.11016271877842307,0.15063725656240318,0.12410616908751082,0.18445805431197135,0.19318101134040336,0.19678125513994238,0.20001064545338237,0.2641658822470641,0.14790554631641617,0.10792838322876777
2320,0.11562837439023028,0.1355956560688861,0.18776019455335885,0.16832255712316263,0.23005296357297464,0.23969223570087098,0.25296178146805176,0.26715482270432417,0.33834162417032476,0.19940693019007835,0.1639846864519209
2318,0.1473102257385945,0.15876361770098982,0.22442524324523996,0.22169432766393976,0.27785973990387547,0.2931584888751157,0.31916285988362214,0.33338968488838294,0.41832044050072426,0.255473235023571,0.19581641941591307
2316,0.1807863488121429,0.18311568833634947,0.26481243450763964,0.27869971598000015,0.3309883968104143,0.35547063908291676,0.3954919753750421,0.4045908489657731,0.5005379666926777,0.32969233412568844,0.2488490409221777
2314,0.21141205440336863,0.2114954679928134,0.31071919892957606,0.33867399703477985,0.3935228194836964,0.42551216987121954,0.47653952644151115,0.4879375720952786,0.5897576385485631,0.4244862879250916,0.34101795212840535
2312,0.23972492894793357,0.2421794337536839,0.3619596219693584,0.4036000142364352,0.4670973516761856,0.5018185276918051,0.5592357791143739,0.5815709601277901,0.6914403885839795,0.5330484669487741,0.4542763996298083
2310,0.2653042360261674,0.2679079405303329,0.41086826477322735,0.4638026644297502,0.5411733646215607,0.576180184762011,0.6371549310054425,0.6711659439348249,0.7954111585276772,0.636028614927031,0.5584773409224117
2308,0.28439930913403405,0.2791944553878021,0.44022724129404167,0.4963265090996472,0.5900134969029613,0.6268652078882783,0.6901021658366745,0.7335985897709633,0.872318780854999,0.6949404427473113,0.617354232475729
2306,0.2973911587492646,0.2748565473119888,0.4412152194797594,0.49137094878440346,0.5963511616664997,0.6370213966222452,0.7024114891544442,0.756780408014713,0.904135967666472,0.6835218043397436,0.6050551767090699
2304,0.31122921468014775,0.2679038962329602,0.42936674265445723,0.47009678416178624,0.5751455984069211,0.619030857513225,0.6897225121057541,0.7562311673884383,0.9104127380124863,0.6293459382188447,0.5417952206041966
2302,0.329781048743838,0.2742163626691149,0.4298875120635195,0.46216692975718093,0.5598033519797431,0.6047221447610385,0.6856785099313379,0.7598927946706073,0.9260449819788882,0.5954766301413998,0.49089981356251755
2300,0.34622460428585117,0.29262237646057465,0.4457800956497629,0.46802658288019,0.5612180696781238,0.6050776906157694,0.6949817823936473,0.7702414326432535,0.9518324473988887,0.6049780565184355,0.4888526182540132
2298,0.3496401286052207,0.30375828612051936,0.4542976705292918,0.45992507078349687,0.5552953481380056,0.5951102565346885,0.6817478562151015,0.7560018159728377,0.9487357285309339,0.6120816150499477,0.4976852268341173
2296,0.3357789465714542,0.2918540838624812,0.43793554103587345,0.4212115827332512,0.5180402626016655,0.5490198743457605,0.6174846822289591,0.6917581340142593,0.888249443329252,0.5671126989457984,0.4580345026498476
2294,0.31016798221149966,0.26234213626849445,0.4063325210599905,0.3686541586632976,0.4593045396439945,0.4782841298891493,0.524590878408917,0.5967863027323181,0.7923100536644612,0.4825599251542207,0.37115401653456015
2292,0.2860252402232145,0.2359554574646569,0.38360897484688244,0.3321145962141641,0.4128487622684726,0.4228430227092008,0.456211010735946,0.522697460897605,0.7141805988139721,0.4134813691154732,0.2980337778073815
2290,0.279062829258749,0.22888128385772208,0.3843726324361552,0.32756139584054095,0.4022374111428659,0.4110698065405911,0.44320175111807836,0.5056279968689712,0.6909264302614295,0.3935648689561893,0.2848139594776679
2288,0.29529841471779306,0.24176205970436296,0.4075942470420904,0.3552947663603763,0.42823442202608325,0.4427365944795758,0.480693752938252,0.5446757745840067,0.7260100643263872,0.4208926545317431,0.32672304679779246
2286,0.3222667583983937,0.2632056443634292,0.4405920991745414,0.40345723612150347,0.4761531021662172,0.4991428049449748,0.5465643839692731,0.6141939580010396,0.7968940257108266,0.4790890053206406,0.39361976601947546
2284,0.3414828808617445,0.28114920321022846,0.4658109110040472,0.44999183891237143,0.5256733397040138,0.5573752411265427,0.6146903652152228,0.6837101919257685,0.8688396852173214,0.5447757867307021,0.455384572841652
2282,0.34964594835801305,0.2933454369994375,0.4744177857798458,0.47836306471498685,0.5633695100383507,0.6038896916301454,0.6666515234086462,0.7364560086085263,0.9189641848272225,0.5960377150758018,0.492745685610514
2280,0.3573281952263619,0.30617932342155596,0.4735746856933624,0.49212775409881726,0.5893074428345697,0.6399300375210715,0.7017302435114667,0.7750193409403988,0.9521986783973666,0.6300301657550881,0.5081851758799154
2278,0.36831440464906595,0.32267927962109827,0.47429499987448565,0.5044289062211954,0.608310926488006,0.6715151431956372,0.7290300340525736,0.8080414381894102,0.9867809790761851,0.6602051285030553,0.5221675299470614
2276,0.374672292863019,0.33727919220771196,0.47662268035017324,0.5174140480567073,0.6206601066085495,0.6976912949177276,0.7500322531045599,0.8363632758044449,1.028700243587756,0.6913564711474389,0.5463669017164527
2274,0.3750268655342385,0.34629941339396103,0.47733232466198866,0.5260769416928749,0.6292473453253851,0.7157573877376419,0.7609786898623022,0.8588670315147631,1.0716092192259512,0.7171152495561839,0.5748052793709704
2272,0.37883303635974097,0.35406937287577384,0.4830946606644505,0.5350395816315495,0.6453455227271052,0.7304087338269292,0.7682856029950264,0.8811454264707502,1.1095816832471859,0.7412604501837219,0.6076526778865401
2270,0.38805665310806553,0.36373608641990696,0.5006658794421313,0.5528700722814803,0.6733630284576281,0.7466270746831005,0.7840880443838264,0.9064567625279291,1.135065764750158,0.7757442083870524,0.6593248234861616
2268,0.3950257557659281,0.37394022199967447,0.5235766125027356,0.5774491703057627,0.7011653496777651,0.7622169584746435,0.8100748286664657,0.930675787288477,1.1428542416778924,0.8201696370177138,0.7322170881381036
2266,0.4054370619550274,0.39162655420051845,0.5472666294700584,0.6072715625014459,0.7235563692655862,0.7806778578024327,0.8463221965892558,0.9607506591147306,1.1544815220897686,0.8732311334116691,0.8097114414746561
2264,0.4388257271827589,0.4326341818828571,0.5851353330721969,0.656102858138351,0.7600391385165511,0.8202135065165382,0.9089632362506544,1.0220754178049607,1.2167000416800398,0.9586269630422567,0.8880822268882034
2262,0.4949838530584522,0.4972416199453056,0.6488393037275213,0.7317893652618871,0.8271790423155503,0.890285010509964,1.0100919419318481,1.1248702908467756,1.3485617245003472,1.1028476806089584,0.9942467530323753
2260,0.5440515657468286,0.5598751585711239,0.7240252807815077,0.8087409958754346,0.9046219753827993,0.9657674167329713,1.1205091117931132,1.2341529422284865,1.503971274391475,1.2883150412022328,1.1565093238914679
2258,0.5687852568891679,0.6029447891121413,0.7926722843280266,0.8513592257370223,0.9580391550724977,1.0093886972841504,1.1848147549825765,1.3034211001876526,1.6235851207148286,1.4721936207913011,1.3826923119138599
2256,0.6024794871553335,0.6561243883362534,0.8776801913798435,0.8706025304341367,0.9978672072685572,1.0274440105380476,1.1882791954655036,1.3411067014589142,1.7188306484680274,1.657026987342969,1.6820314496084996
2254,0.6809706188513217,0.7525999157528578,1.000631004233729,0.9088452352650245,1.0556300101813032,1.0583512067862126,1.1711540429003071,1.3845205725681973,1.823559796366727,1.8366577036477767,1.993336902542148
2252,0.7270791918298752,0.8027690308839276,1.048632658226046,0.9058107518003603,1.0448925142247127,1.035560847987056,1.1026465379291317,1.3418411522286708,1.793193503441416,1.8056936187923722,2.033404047350369
2250,0.6913236254890391,0.7508209293857712,0.967309263576916,0.8372657366524812,0.9470820783443342,0.9487993637177838,1.003986303362969,1.2155910959266196,1.607474417329666,1.5409825415496616,1.7454630071315989
2248,0.6424230569542668,0.6746707570043751,0.8629151613080353,0.7879843649800972,0.8801415098576161,0.9100781481884874,0.9749230973375312,1.1576046645271156,1.4776523994658886,1.307232745350521,1.4205982823992342
2246,0.6036973397007223,0.6076124674314114,0.777778579978846,0.7580062029517466,0.8492362240265284,0.9085166493315188,0.9767171587834753,1.1481250778595056,1.4260438873612382,1.1639672909765215,1.1720663685949408
2244,0.5578273191207946,0.5435048486888924,0.7001553013820776,0.7178146523975947,0.8107154637511979,0.8910897512261409,0.9534535197619489,1.108937181913154,1.3703450528884351,1.0444969945229818,0.9856135539044435
2242,0.50960623558655,0.488175119086361,0.634157011611553,0.6764273941038689,0.7662440624760931,0.8599243621621,0.9201332366329597,1.0418969084829475,1.2940445442470945,0.9367839217697618,0.8717318883662032
2240,0.48057645285360917,0.4524099388702635,0.5957935792045043,0.6550510544870061,0.7403888771457474,0.8380461955764804,0.9075008441191806,0.9911690542988778,1.2306428448842162,0.8736758065533071,0.8359541314564696
2238,0.4731310360599272,0.43389338986528797,0.5857808802096495,0.65241551644743,0.7362518918550909,0.825013181057095,0.9109442243490803,0.9720635872324462,1.1957217984947468,0.8678617066899259,0.8403858331424933
2236,0.4644081503469414,0.4186620467921789,0.5818119728653236,0.6463886891129744,0.7293948007838622,0.8029519895063261,0.900360359045724,0.9583513957277859,1.1676374577431359,0.8832982088153593,0.8297436541441471
2234,0.4395634025995811,0.39948221730082045,0.562913133991856,0.6248593206899187,0.7028785650516549,0.7702358211245149,0.8643835790720046,0.9273856916620362,1.1276040608661797,0.8737016833229129,0.7819988782710987
2232,0.41044163966037867,0.3811325407229684,0.5314266900993456,0.5987236053639019,0.6693080160185442,0.7440264290507478,0.8239601308665075,0.8891594096143596,1.0871977511524769,0.8318362675484626,0.7139998965315202
2230,0.39286032337703664,0.36638140298429045,0.5029344496665733,0.5808938210101774,0.6494220942326318,0.7305609971907255,0.8031549607527335,0.8638423030094745,1.0626069757915182,0.7860610935934562,0.6525447008910931
2228,0.38452315568833684,0.35170562662354765,0.4853599103208446,0.5692697487507332,0.6456521548496125,0.7175569757905349,0.8051843189862752,0.8546734406080709,1.0489710754215915,0.7631448499523968,0.6173034031052185
2226,0.37888107577240654,0.3420886102850122,0.48017700551475967,0.5610549584754928,0.6519705131454375,0.7030653309808806,0.8255977298685783,0.859018893663307,1.0420160323347567,0.7741367985377455,0.6236778268206716
2224,0.3800442709672938,0.3503745012498327,0.4898880611785957,0.5635233030319182,0.6698728765494696,0.7035846347325307,0.8623564943893705,0.8771207892606915,1.0512056305939628,0.8166381271170622,0.6718582535211701
2222,0.3880814912758414,0.3722841147104858,0.5082152749378994,0.5754229864615549,0.6949799754833458,0.7218572425110107,0.8974488632778314,0.8913275974433158,1.0688690727229682,0.8630475878700182,0.7276232244430235
2220,0.3906346014464288,0.3830970354388437,0.5173913175869636,0.5796756247821871,0.7088480363616724,0.7347273065593293,0.8984786130279271,0.8715420426789418,1.064666912721818,0.8716660752403881,0.7496414532325479
2218,0.3855621303788779,0.37399854733785004,0.5122776847605383,0.5723578255996481,0.704908173472144,0.7312782846462096,0.8608396804208684,0.824743458624924,1.0383463039940906,0.8393508059631906,0.7452126563894348
2216,0.3906698913020266,0.36877451206661754,0.5118879440445911,0.5765006440067224,0.7024683696023692,0.7326011733916002,0.824819314326516,0.8054290172451238,1.0369835748085976,0.8193732531190784,0.7648889158394879
2214,0.41457785210485054,0.3892603868993055,0.5317986725420928,0.6074644465161874,0.7164936199692393,0.7551851778687865,0.8306320867151097,0.8502412076153024,1.0873442268814806,0.8579919377869003,0.834200988706744
2212,0.4364064779409314,0.4214128339780472,0.557241967729211,0.6416387471042851,0.7299437696164112,0.7798928159560679,0.8677303926345639,0.9227535583426909,1.1425092555676997,0.9275761200004357,0.9159314355477968
2210,0.43349396761426146,0.43598079459561245,0.5624606597418698,0.6448741282535999,0.7189000542314959,0.7802800568553129,0.8926072969101813,0.9593615059203913,1.1407878542730783,0.9627661632181552,0.957620693646151
2208,0.41158144139152614,0.426575448765116,0.5445745770802599,0.6157101484560042,0.6897218510792226,0.7605621486677937,0.8824389450129909,0.9455828134428943,1.0897193269774523,0.942628177721409,0.9479429758825734
2206,0.3928199113342773,0.40950195933335487,0.5229189097560593,0.581016157145391,0.6700172958798518,0.7445150437766143,0.8498671252981959,0.9154774782350361,1.0516973917499912,0.9036182262821256,0.915130927619828
2204,0.3881495435002628,0.3978554447518901,0.5141842793601784,0.5610328145804236,0.6711895246524919,0.7420478047929577,0.8169089639706492,0.8958579207431733,1.0631686762318828,0.8851617623635789,0.8918306932852859
2202,0.39483038704804324,0.3925315806374635,0.5198551466401122,0.5550424164526081,0.6797129673863688,0.7448743835270162,0.793085203837621,0.8840397705478532,1.105480059495159,0.8925798841724443,0.8916095977788627
2200,0.40848268221741324,0.39227750135303,0.5320363376542928,0.5563285466102492,0.6806087810311091,0.7429743473435083,0.7786189345585965,0.8741224475803754,1.145589393201841,0.9141921488914745,0.9106115768361339
2198,0.423708105295624,0.397508555578117,0.5410284066710037,0.5639536785684779,0.6731898596744232,0.7331105392566795,0.7745643267781235,0.876209735963899,1.1694227440395044,0.9447552013195503,0.9419018673189774
2196,0.4345068582891553,0.40733803022247406,0.5438209223451376,0.5814153399561868,0.6700517239573027,0.7232775603017716,0.7857372602556938,0.9052408872733816,1.1811038620913525,0.9869610651418124,0.9872422670758391
2194,0.44287840983464866,0.42212090357874105,0.5500032113769073,0.6136581615647524,0.6874737471091684,0.7326348911632901,0.8179065961820802,0.9635811231958192,1.1937130686058801,1.045732425715096,1.0509822474683619
2192,0.4539741100036937,0.44158056751053254,0.5679131875254926,0.6561885497756446,0.726530268698013,0.7709732739666862,0.8662802972366139,1.0304877402775077,1.2149096605223544,1.1145071510373343,1.108669628018048
2190,0.4598859712132819,0.4557902748249541,0.585443586966952,0.6839586671813455,0.7596474309430828,0.8131546919890096,0.906186793569333,1.067027525998017,1.2320885370634664,1.1585134505927093,1.1070622437436026
2188,0.4464230301934873,0.4508390997409248,0.581736032005675,0.6713145999626846,0.7554121798384847,0.8198242084302445,0.91268618424218,1.0516271716105048,1.224491489973278,1.1395891914083165,1.0319429932853892
2186,0.4207419806906066,0.4304349629176435,0.5617437229919677,0.6282344013729093,0.7235044684614772,0.7939649228332676,0.8926930192444146,1.0150841751634345,1.1978938711612312,1.0747380802558522,0.9504462822649861
2184,0.4098783522456309,0.4170474195182254,0.5538056898033978,0.5946572768657412,0.7071567553670097,0.7805738220040208,0.8753191328781459,1.0109848180352659,1.1810010643400848,1.0343968719815226,0.9440827210196489
2182,0.4265505214258886,0.427560209487752,0.5706840131409993,0.5963875322076937,0.7296529909788625,0.8057076560392746,0.8772604691649281,1.0525207724070562,1.1888666368897018,1.0684933791555442,1.0195009735252705
2180,0.4541743082348116,0.4562431019159252,0.5943886088702206,0.6210930430656892,0.7684897818211425,0.8434944605369672,0.8944963237436278,1.1010707750718456,1.2120144914391249,1.1481259016901424,1.1163414067296262
2178,0.47419785785716106,0.4873838804860696,0.6078004027494713,0.6457974898833312,0.7929185946820545,0.8602264472161549,0.9223037876232234,1.1260902353234925,1.2442599529589922,1.2091010224498342,1.1958842358057946
2176,0.4834432605782252,0.5088603956520038,0.6109580813505743,0.6619690282935222,0.7965052121406021,0.8545559489427944,0.9548429349401323,1.1331057544351635,1.2822869313097698,1.2256607038600347,1.2549159211177114
2174,0.4829362808004748,0.5159259759993532,0.606818389202008,0.6702577821803579,0.7888567762926896,0.8443946891541634,0.9746382319710047,1.1343570737543263,1.3058942262131714,1.224408530829935,1.2867065996702347
2172,0.4738340913047886,0.5151801532737802,0.597631245682985,0.6738774846637673,0.7818052687179133,0.8405803392928352,0.9702027901030246,1.1281642957331646,1.297343339463577,1.2427966368844388,1.2910482998203652
2170,0.46493039980776146,0.5199864160963348,0.5944110422987318,0.6797005689709751,0.7860007310703018,0.8429399402231884,0.9544852483224067,1.1110560544413965,1.2770039911177513,1.2855619861516239,1.2959855275808223
2168,0.468352244411557,0.5371841308881418,0.6121152330109989,0.6942672514247177,0.8067634256806642,0.8523625157509073,0.9493407425598498,1.0948786068787635,1.2921562774534716,1.330951066388652,1.3298235952409243
2166,0.4869711383966586,0.5637718282196374,0.6544923044555482,0.7205021124547457,0.8405246804066266,0.8798879242415031,0.9668122315878588,1.1074109961027925,1.3723129604459317,1.370650727710814,1.3926405315004315
2164,0.5165056364755469,0.6001819028582384,0.7139515186621352,0.7660160065274265,0.8842693239262549,0.9455455321759775,1.0164634604174512,1.1789465418376255,1.5037882015884327,1.430011856106849,1.4762499891763516
2162,0.5575177723822798,0.6536941692068571,0.7859788687396037,0.8447056311576963,0.9456059365942772,1.0605170415399714,1.1144521658419753,1.3187325076482381,1.6497708144677175,1.536380488422973,1.5900035309256264
2160,0.5960535509691971,0.7011026945823764,0.8459375368439435,0.9315398562396487,1.0040567891695589,1.1746663466350529,1.2296317513284265,1.4626962396488643,1.743317998480708,1.6370682554195397,1.69403600885064
2158,0.5846266240549655,0.6760196617773114,0.8267063752781956,0.93814028053383,0.9835354841743473,1.1699129628566864,1.2474347685320708,1.4707714798453384,1.685675835183112,1.5943876602504017,1.6523707021300518
2156,0.5082932699120944,0.5670463900794003,0.7100758755312884,0.8332407663932465,0.8613221586478677,1.0198481347891337,1.1191898628557682,1.311104795210232,1.4850625715788544,1.384045888840272,1.4265188282543793
2154,0.4189269787270721,0.4491446080631715,0.5712495891923562,0.6996832754045325,0.7193669603662449,0.8395133239746295,0.9428963495455223,1.1134646760611504,1.2682436633191123,1.1431823211753005,1.160994561508358
2152,0.3581708588730772,0.36973855265411815,0.4675531315343826,0.6002073321015435,0.6195659325378153,0.7103123762164164,0.8049323401969959,0.9657582358304251,1.095619042740196,0.9518529187208263,0.9523353423111554
2150,0.32378232545831903,0.31895788201114333,0.3984477363601331,0.5285041535886438,0.5593090587883184,0.6281684318314295,0.7143239623409624,0.8593627864971398,0.9538538185165863,0.802616333501497,0.7892286654638215
2148,0.29843559195931174,0.2792334983599133,0.34739182650391426,0.4621481159892411,0.5141182016582404,0.5639888431378091,0.6498919391076187,0.7614444129958006,0.8329189902712801,0.6869648308858067,0.6511787231961162
2146,0.27712704857322873,0.2514708425735658,0.31188218077053736,0.4025094163612274,0.47365347572883143,0.5060478337865029,0.5996143090975798,0.6656518096051363,0.7367460447863371,0.6081064048771271,0.5455358107098913
2144,0.26129294083640014,0.23744358309457467,0.2940119964831847,0.3613900404439818,0.44051123611424503,0.4571693346655353,0.5589491399753952,0.5889044607805334,0.6630948948634362,0.5548548011218144,0.4747839086261059
2142,0.24439448135143635,0.22533898693904156,0.28314794802410914,0.33560916937144875,0.41401940205780674,0.41932647629657394,0.5197811954848492,0.544796675520534,0.6055551049322678,0.5075984675707133,0.4224910919594764
2140,0.21968829979386512,0.2043847884502266,0.26460052528765715,0.31304832736630944,0.3888665373274581,0.3905313175943855,0.47771350865257906,0.5267811059430749,0.5629863495870445,0.45717059088516276,0.3723916984374824
2138,0.19402633774315922,0.18059528737055963,0.24001382725840584,0.29419742898931905,0.3648936716348676,0.3705428192379587,0.44177339253269243,0.515598113890721,0.535311896959235,0.40634307386790447,0.3257774564027305
2136,0.1784602501575765,0.16501668515062481,0.22070114771477836,0.28653961036165465,0.3447018431545731,0.3582127123374888,0.42112733385113144,0.4956625812821582,0.5137492428723835,0.35831006440552743,0.2915990073157619
2134,0.17015645607218702,0.1551290779131974,0.20604364436239425,0.2817200421244996,0.322576643251429,0.3442884589529543,0.4054103776909212,0.4595321458979019,0.48175693734033437,0.31315172467997004,0.26770503819279867
2132,0.15691059557683779,0.13867268317354078,0.1844194908876175,0.2603353331569886,0.28886764679344984,0.3168642239314121,0.37312526110894906,0.40503833607346373,0.4290028818346451,0.2677738165292221,0.2416370393726507
2130,0.13672270287162322,0.11190083601320808,0.15493092179483436,0.22112463411423827,0.24654312736813774,0.27584056112724875,0.32119335600043714,0.3382928629073538,0.36346342039089397,0.22076440052428042,0.20839030038560666
2128,0.11843101381626359,0.08339066507705734,0.13059283744974462,0.18366586381708086,0.21084101814294756,0.234194502317056,0.26979269948434337,0.2772423755928108,0.3058466046392619,0.1804881342666508,0.17555288301015645
2126,0.10666051924748816,0.06272415853232066,0.1183047471168596,0.16104354063145038,0.18946571953798136,0.20350049753830737,0.2367091601604636,0.24007649081258975,0.27148420022871456,0.16097602173078351,0.1503806547615632
2124,0.09693885831897907,0.05120202603464865,0.10773566291833982,0.1437313556974565,0.1706530435763193,0.18079166264124014,0.21589347379555854,0.2250556062361746,0.25434755952911453,0.16168814853937993,0.12647920779683255
2122,0.0865847428782719,0.04536079391307942,0.08930175326746118,0.11980388947386535,0.14238791624998542,0.15731149935291897,0.19239503955351908,0.2163985395966956,0.23877347614393474,0.16561148074868742,0.0967947990295059
2120,0.08100655054619862,0.04518130767651861,0.07277534650070394,0.0985731632936944,0.11558870535401172,0.13705578172664248,0.17043182991657677,0.21121769856910202,0.22471231911404851,0.1649705437890584,0.07627023052740865
2118,0.08414021101337865,0.05225017010153978,0.07405590757150916,0.09715065668024471,0.11143165335179216,0.13291030575138144,0.16686097445498904,0.22036514567259424,0.22334761876301779,0.1683284690479569,0.08753156040151447
2116,0.08952023883583557,0.061921288490024304,0.08864460276947564,0.11003482093729826,0.12684317044373938,0.14318633333309902,0.17900659587303744,0.2397387984618727,0.22928549775449517,0.17372263307333785,0.11938905914250582
2114,0.08754118922820138,0.06500596979421838,0.09443446999091956,0.11257330961090027,0.13212369455514986,0.1471924835398124,0.18103136263344005,0.24389074571650887,0.22057968644061465,0.1585547576214446,0.12815548115378803
2112,0.07693093777622013,0.05764738803139278,0.08021917556514396,0.09471807160714854,0.10753016364646656,0.1297172456754955,0.15787419982089373,0.2176864842998607,0.19100814433302024,0.11221425385454394,0.09194749736827908
2110,0.0645886009333836,0.04531541973565905,0.05725746918965779,0.0728409429827993,0.06657332682165484,0.0992871969061466,0.1250951645310751,0.17698059553851486,0.16085619513627916,0.0610412655702223,0.0425181099743105
2108,0.05811036786041398,0.03654683071245769,0.04203462603663223,0.06470567514008828,0.03720732550979052,0.07634525012133547,0.10684704972691988,0.14662897015796575,0.1474053521353194,0.04003824374658334,0.02735955998099078
2106,0.06145357881345649,0.0354852314363684,0.03991235427600347,0.06811825169485246,0.030885490533100118,0.07081561507187058,0.10716947602319843,0.13132955588324183,0.1443604848221217,0.05218479938935072,0.055492216011861516
2104,0.07309581635220766,0.04083248395641792,0.04910819984798701,0.07209834718774416,0.041125409999559895,0.07937658754829435,0.11463431554879934,0.12271043163641307,0.14158036943997007,0.07784568015289806,0.10089704880087454
2102,0.08344213229008984,0.047747828906210196,0.06592525579380751,0.07399885447619482,0.0589752213777505,0.09482596432691286,0.12112158991986795,0.11955295082104131,0.1429271612484732,0.10531890001770779,0.13777747214168007
2100,0.07970954424665062,0.04978165143179353,0.08029715695744047,0.07649100754533475,0.07664779129671861,0.10834675944133795,0.12412390263587918,0.12313491327472899,0.14964644927519344,0.12843161013006546,0.1513567805999971
2098,0.05924668842690526,0.04269820238179347,0.07926617233247901,0.07786337752503963,0.08508975181865118,0.11013581749651495,0.12074572825751335,0.12483903255799327,0.14645393155189157,0.13045925865738878,0.13237051931190272
2096,0.03318807921023134,0.027754744697365188,0.06077663762133051,0.07391001079903689,0.07885587175554415,0.09627774955104021,0.10979949624874681,0.11464415863924508,0.1211901845353444,0.09818665606843471,0.0864247942046344
2094,0.014448910726535454,0.011234343821290382,0.03685738085288077,0.06430354303861187,0.061677857815471,0.07329837608236665,0.0950454864459888,0.09402360769951533,0.08380131103767453,0.047184903269701414,0.042972005200458754
2092,0.0063177477694887725,0.0005577530601516896,0.019730731103778702,0.051805623863336606,0.04218233318418302,0.05099738323930794,0.0803051716844912,0.0694839714093289,0.05117676978172008,0.009272254598579154,0.028491379868082787
2090,0.006248846499477267,0.0005635540059795211,0.012311568820082925,0.03925634683115089,0.02628024934324762,0.03347790708096528,0.06653928036242503,0.04308948744972053,0.028197192787541597,-0.002474788173467113,0.035471492922284575
2088,0.013554366043679898,0.01102750184808329,0.013830809180106114,0.02947799274349806,0.0161244699443846,0.02100655622815801,0.05602143844898942,0.019348719489744346,0.017294237799960394,0.0033829323222928477,0.04019477838767277
2086,0.02667212968122483,0.025164888484308087,0.023238671190520904,0.024104265915353865,0.011569073505726335,0.014881200464768471,0.051545413952959196,0.010321079254380413,0.028302557518957806,0.018251990885375945,0.03985352076097263
2084,0.039044052971299745,0.03346237362076823,0.03478978114350837,0.021365511762971395,0.009662073531818544,0.015356662825191629,0.049155877707627776,0.020720030795437806,0.06170146012884191,0.038423209193897793,0.0516788024212864
2082,0.04422860044178836,0.03246610091472128,0.040173152715629594,0.01942806394139,0.00762777614193755,0.019092618556520162,0.041685870393170274,0.03712642885142312,0.09636477412095608,0.056181933032782856,0.07877141428788033
2080,0.0414245691748168,0.026731451424779538,0.037586962171574104,0.019911264474107265,0.0072915906526725485,0.022488167651911473,0.03162153339368443,0.04418374509984964,0.11004256286139823,0.06298575508404565,0.09796673725267242
2078,0.03359426577126685,0.021289592611880764,0.03189774394165941,0.022225288498533866,0.0109949868898631,0.02479799991473734,0.029644431614239086,0.043254428166571206,0.1026471045962408,0.05954006000622172,0.08735812290728076
2076,0.024634764572295565,0.01641932670674083,0.025384593509970035,0.01841450858610559,0.0136167496284064,0.025580450785882933,0.036534082826862935,0.04545110937789515,0.08901517998541725,0.05202820879947682,0.053360844780896935
2074,0.01941725428849761,0.012676046713925655,0.016807508035008845,0.004433528927510066,0.008199272014273453,0.02382781854799604,0.0401065504878634,0.053395338985942495,0.07754370556689207,0.043223034338878426,0.021459528122080473
2072,0.02015267689622627,0.014180700975525101,0.009324584215700272,-0.008276859430590493,-0.0009778180105083343,0.021497504554231942,0.035284898894646845,0.05957203304612382,0.06713037616942835,0.03605492183822656,0.0073124723974859725
2070,0.019983737601459065,0.01978643433832661,0.007987952303724176,-0.005958621979684304,-0.002136601917055623,0.022621334491621792,0.031909229316824154,0.055226691209719625,0.05445587671448294,0.035482378651739525,0.004343542634476207
2068,0.008554831404289349,0.01754751968689367,0.007983106611341903,0.004957170998307547,0.005977642546891794,0.027162552521440005,0.0362893135638215,0.03471507185109853,0.03322867660190694,0.03516084366254848,-0.006858455538880573
2066,-0.011403397246337333,-0.0006499493120711377,-0.0009006271698331672,0.005694052855674856,0.011990510147404425,0.03045022398709917,0.04022706462710163,0.0014012883468144106,0.00029243600405191264,0.018222936219311762,-0.03598690261963567
2064,-0.023338396904288777,-0.02370150237910028,-0.016321150741922814,-0.006093826389726463,0.00931820778860036,0.029216813603302683,0.03611229250232987,-0.02581533072743906,-0.028920482212431337,-0.01588581690889439,-0.06848060779250713
2062,-0.018208213070603708,-0.031020978633547826,-0.02365394174249707,-0.013570789027040883,0.0035124296608802516,0.023790756374898598,0.028612749889380652,-0.024793008363947336,-0.029081841951378393,-0.04150185764589868,-0.07650532953952308
2060,-0.007247157221404082,-0.018009235115571565,-0.017602296701753267,-0.0082078290858567,-0.00028487651067126194,0.014646826583240078,0.022544999102320214,0.0010803879631365813,-0.0019495003639356174,-0.040871895705668335,-0.04932204441314549
2058,-0.005144314172735685,-0.0005409789326908989,-0.009152912385828355,-0.0016874252045076,-0.005800341414197658,0.0012209280253933515,0.012147144593830407,0.023151721972556442,0.019301485385407147,-0.029566551590530836,-0.006274462453685218
2056,-0.013230683098443009,0.004212128270299857,-0.007935833805252982,-0.006915343908758327,-0.017729475880249052,-0.015999621738184106,-0.00849367049352729,0.020172763055737165,0.01167522328461102,-0.03012680174884475,0.021335933678439632
2054,-0.02517775812840017,-0.007644022200710237,-0.010685452193839743,-0.022214860961760265,-0.03275600228750838,-0.03362875440153484,-0.032820722021968105,-0.002907020461136132,-0.012399816460733877,-0.03820974443839674,0.017268959366513955
2052,-0.03650289449533353,-0.026397682857945796,-0.009561495567783957,-0.03630611584522824,-0.04113765450834836,-0.044599352681942935,-0.0470857571674381,-0.028238808846422023,-0.028435141455653803,-0.03299648724761988,-0.004003470387898088
2050,-0.04131522065137505,-0.03720692445629885,-0.0013607573161256627,-0.03830067138604817,-0.03240801946277979,-0.03774230867139648,-0.042564728908033915,-0.04276310759577139,-0.029380486372911352,-0.00803562786661238,-0.007767188283675411
2048,-0.02983404511502084,-0.029032907013893768,0.01528508731744789,-0.01951036780681371,7.88157735170444e-05,-0.0037142987556323848,-0.016099869964776477,-0.03502200439238545,-0.015627406547057018,0.02945534437417146,0.03454769630199766
2046,-0.0033461807596466132,-0.0052489221524176675,0.03871911668497584,0.017603668076302762,0.0465469882915947,0.04624566363101082,0.02644465721438621,0.0009381715393784166,0.016363107414748494,0.07320952491718716,0.11484481968417469
2044,0.0197945848727771,0.017210463347089176,0.05890817790838529,0.05192122549476498,0.0811406918847319,0.08157768884074577,0.0670595653576301,0.047829913448623806,0.056472968171799524,0.11852957968314755,0.18978405848898605
2042,0.029613797245478402,0.030551468540393714,0.06692630698421691,0.06563145697926955,0.09267322168380608,0.09041312959009387,0.09276275811625728,0.08019466343581474,0.08214465367055683,0.15941639559861812,0.23254652225094408
2040,0.032830305982638155,0.03869046259063854,0.060602940058162934,0.05950765035698728,0.09025349780798923,0.08487518090273667,0.10102070062327334,0.08990271433460219,0.08103136370752037,0.1840132491090221,0.24235029824265636
2038,0.031208739506130623,0.03796782012554525,0.03845354472369529,0.04093585539243661,0.07848006254221987,0.07119974870743083,0.08856002923881687,0.08404372365617489,0.06075950539277316,0.18131596941215133,0.2127742678986306
2036,0.01754433880506159,0.019104790674064114,0.0026769024130636815,0.015270688030166185,0.05276136586972214,0.044664735833380965,0.055579390619879904,0.07028386721061172,0.03722514015523485,0.15816824422755926,0.14173263191481802
2034,-0.0004827940761794041,-0.008700723836664028,-0.03005351666163344,-0.004953267663052934,0.023170101090450913,0.014873587344248733,0.021852853175774303,0.05558113174650463,0.02107707874549095,0.14083608131275752,0.06649380189317541
2032,0.000776904009656154,-0.018640515518018923,-0.034632647408048556,-0.0005126190938404718,0.01790528174707274,0.005610936668325043,0.018204694687012326,0.053890148907363045,0.021152133613523052,0.1502561647030201,0.04800541165978647
2030,0.02644399509743232,0.001999509674391287,-0.005161524179696091,0.030452312002313676,0.04625633664886894,0.019968010474222295,0.05213169144910163,0.07555273922138137,0.04734028479945665,0.17993317515903143,0.10616365013674876
2028,0.05324096844701873,0.038335833352374594,0.03508279187426805,0.06467471244319438,0.0801855655768413,0.033588384074220747,0.09785216969708897,0.11084797842979784,0.10046569754357042,0.20927245091701532,0.19325916409401006
2026,0.06764361167988203,0.07526754907095985,0.06794110141689423,0.08767159459512479,0.09668840739461151,0.038495416155738,0.13484726190944848,0.1450967779426832,0.16723360737351456,0.23526879082498817,0.2590449633471339
2024,0.07742951219930098,0.10734395902978845,0.09551564344481915,0.10622735316335484,0.10345661930161548,0.05602186111011238,0.16378201428496914,0.17578031610421352,0.22474132545741887,0.2619713861233192,0.2894073221703804
2022,0.08348239549585543,0.12379431414377853,0.11895509898428042,0.12541000269983343,0.11550126916385506,0.09946160542289172,0.18576946453427098,0.2073614369112413,0.25275850004650974,0.28085297287274397,0.28861237783032634
2020,0.0738412933084708,0.11460447971530918,0.12743685239711053,0.13577821785464703,0.12897164945463696,0.14956722694553534,0.19166723540146016,0.23384857775057366,0.2475825249079468,0.27964616056617525,0.26611517837200244
2018,0.05194322955911618,0.09068981896421016,0.11656730642798185,0.13057690778413394,0.13124353019052132,0.18076352139204438,0.17846297328659577,0.23798150541338922,0.2201056253601654,0.2618024448241443,0.24009926798979203
2016,0.04048114253534883,0.07425970311562763,0.0983925887914511,0.11776455155464224,0.12143300366618921,0.18625684078828686,0.1567665701554105,0.21056085013258144,0.18271010059676318,0.24429562477736455,0.22955141525650036
2014,0.04994647381496897,0.07250273342207884,0.08767969609991323,0.11006706231583921,0.11129417257569894,0.1755351542050937,0.14065324345284647,0.17070493422161692,0.154817111547721,0.24157779766124127,0.23660143208232773
2012,0.06250223369383608,0.07272265182155666,0.08287130558228183,0.10745974138680729,0.10839903435459958,0.16054397442849663,0.13280653528382116,0.14653504990176136,0.15180482367970038,0.2484390493639211,0.23675017678488613
2010,0.059165950010232025,0.06432742955816095,0.06886668594395771,0.09776630245917059,0.1055450261159797,0.14400400193734572,0.12323780687276223,0.13697930192471153,0.16054337447371378,0.24112762458565265,0.19948097511413554
2008,0.04175833111406554,0.04970461141709423,0.038238501461713294,0.07432084792488595,0.09252421637666441,0.12154188224321734,0.10462942941714744,0.12177151888359593,0.15421856699227238,0.20267269607096988,0.1266672370267298
2006,0.022835953335525565,0.03515073226095247,0.003134701819460213,0.04647140374262112,0.06994806872820297,0.0927076789487576,0.08277312494591244,0.09862576429522572,0.13100283942047097,0.15008640055508227,0.06890480666863548
2004,0.010926586639765333,0.02439381086601587,-0.016064673951707662,0.03239835701957038,0.052261985261246084,0.06949737917390213,0.07192004034254969,0.08673318685098981,0.11826846224594839,0.12049050871457204,0.07915037976113294
2002,0.008953039510503658,0.021146416898857524,-0.012155282598295463,0.03993072560615401,0.05218954217041361,0.06477469758942474,0.0796890552350777,0.08942620269912217,0.12294957354265867,0.12235845155267097,0.14565234192002283
2000,0.016088497027204367,0.02736862132169396,0.00692925097494171,0.061077716888608746,0.06814869101098293,0.07687893880341218,0.10112609116437232,0.08877293997143779,0.11731866761270401,0.13589091233602088,0.21250736126933314
1998,0.025004124185632755,0.03987869598397072,0.032088671551798766,0.08337768938964006,0.09181603848764815,0.09627175441793497,0.12598837934813062,0.08161464358754308,0.09187479586568106,0.15563332125685558,0.25061017470151636
1996,0.025675910057232094,0.050860922497405175,0.058245191029804584,0.09871225159927921,0.11589842478092671,0.11682843848726113,0.14452545604892642,0.08616052231078666,0.07767130555046196,0.19217809695901525,0.2777644811573193
1994,0.02008578847599022,0.056323450558095234,0.08193281921320845,0.10582970664938401,0.13608975438523604,0.13868804155767192,0.15265400682588148,0.11098567308781199,0.10186959862112743,0.2407416700659342,0.3119058364973226
1992,0.02197621483809212,0.05843885467310161,0.09644389428632032,0.10458676329489877,0.14516080052265945,0.15675655169510383,0.15110062570207514,0.13886106038319254,0.1482461306604278,0.2743498733568191,0.3301946139648558
1990,0.03628056240669853,0.058939387175027155,0.09330279779162937,0.09275303455828299,0.1324582570252327,0.15385080689634945,0.14017456823503152,0.14504284867087913,0.17232626345500604,0.27311338824118037,0.298456541665938
1988,0.0510077537304041,0.05894158272298285,0.07639823217431377,0.07369154874869316,0.1007012356458898,0.12269260426955376,0.11974246076101983,0.12710872621139965,0.15446739184095234,0.2494331344283952,0.23286748038576624
1986,0.06084531671418028,0.06732801005540985,0.06618452997018008,0.06141708334577465,0.07242929785850144,0.08479159158832483,0.0968596686295224,0.10507002636102483,0.12140853574989773,0.22561684688179642,0.19079847050537985
1984,0.07714498851033284,0.09614556468593075,0.08204196913478887,0.0720749358255855,0.07205753344965087,0.0714530858199278,0.08925712515939485,0.10035355793719576,0.11126002496545982,0.20918833415195498,0.2072371960098197
1982,0.11016002995974622,0.14610467893139353,0.12796756472214912,0.11417414907663827,0.10958907428365114,0.1015372462522983,0.12003717384163747,0.13461114120188675,0.15423340743747146,0.21254345247775824,0.2760531860229089
1980,0.15483342930996438,0.20108710799547663,0.1894273977544135,0.18040604182373218,0.1727035971044435,0.1690447237368835,0.19484658495388799,0.21654214878606456,0.25629750498600723,0.25777621947349094,0.36515289030327786
1978,0.20368034275916827,0.24685231928973225,0.25033133887165515,0.25448835912836765,0.24154550643379577,0.2541785064608821,0.29185046240839224,0.32242888980920237,0.38707496781541245,0.3453699919290935,0.44589523420186533
1976,0.25603057322681194,0.2816387557250985,0.3034008861362098,0.318649931928193,0.30222323081566427,0.3346753391004276,0.375591466659857,0.40334913101331826,0.4913203461158166,0.43812849556656525,0.5050219886273194
1974,0.30387198944307936,0.3069481805879587,0.34364760218477014,0.35817418140384344,0.3460859718171212,0.38748043000552235,0.42063901158745454,0.42943352439028987,0.5323137880541597,0.49762147871352935,0.5466503714100325
1972,0.3386156859598871,0.33144491754854827,0.37752878462238454,0.38580711894326436,0.38324723353408496,0.41745631638679453,0.44316181617655903,0.43584965447545615,0.5451608799444672,0.5437114345232532,0.6066046281533166
1970,0.3712783524494897,0.373664224944886,0.42458589239389427,0.43415959101794815,0.4384782164529325,0.45784529451356976,0.481072188725021,0.4736583314982711,0.5876083265181181,0.6191832226794055,0.7142141094737516
1968,0.41643154774956137,0.43895599212730857,0.4879362242067512,0.5071777275952729,0.5129826112573705,0.5191112754671061,0.5390841421980311,0.5395026759191134,0.6538461001326719,0.7084154357565511,0.8350452433311443
1966,0.46538163919604025,0.503487771647182,0.5416773238645833,0.5667216056945704,0.5727037232084982,0.5702197854107695,0.5851842667217734,0.5931691184628178,0.6899568414170714,0.7545899290109459,0.8979905363599435
1964,0.4980443980847906,0.541871954895286,0.5664151252623528,0.5860701845575222,0.5955043200338044,0.5887874085419061,0.6019988087657674,0.625465039851355,0.6834648899092955,0.7488445490120207,0.8919072538657975
1962,0.5133891754390665,0.5573922866772233,0.5742567568851378,0.5860940128006125,0.6007670251312752,0.5959413094894493,0.6080456415642764,0.6599346530450511,0.6749593903962751,0.7353189686732331,0.870701641743489
1960,0.5182189237641877,0.5577594912290232,0.5762470537927056,0.5885257654596514,0.6055327017169037,0.6095319358416714,0.6137271987216013,0.691513576870966,0.6795268682409176,0.7322140856705615,0.859342735820297
1958,0.5096469631732042,0.5397417166218462,0.5666073246738269,0.5857788396974004,0.60014603844173,0.6152367481269497,0.6065047800208243,0.6897417973504415,0.6758254141202312,0.7276526381858246,0.8446776210971223
1956,0.48923636876990423,0.5113056793960556,0.5472117877689212,0.5684676009903746,0.5775021820342349,0.599781054270583,0.584008760095555,0.656720025646414,0.657261465872897,0.7229556914592099,0.8263872100214033
1954,0.4740501866303555,0.4967313960085139,0.5363764867985065,0.5503068511095847,0.5534149014342953,0.5794998494998022,0.5673175288686305,0.6282147285355774,0.6427103483639044,0.7295649521918491,0.816449763618573
1952,0.47899855891914006,0.5103557884578799,0.5463170976812326,0.5503191040445463,0.5472663311887889,0.5773724365482097,0.5751669201170814,0.6253695776152725,0.6450426962247797,0.7439332908633709,0.8101858695078549
1950,0.49801204549296296,0.540264473801267,0.5703725445773951,0.5707857805409376,0.5636082512206041,0.5957106319469948,0.6052021451020881,0.6447465210263904,0.6655595277406319,0.7606340293319084,0.8053639340596787
1948,0.5118943506347311,0.563563234455418,0.5951372373984372,0.5992775042991368,0.5939207615964607,0.6196691524067968,0.6405307328370591,0.6766608127318262,0.7042482801416657,0.7898405194608147,0.8264276237194599
1946,0.5152397163788035,0.5748059343327369,0.6168625095752588,0.6250465967466879,0.6287796904913422,0.6389728979965823,0.667808096380909,0.7119387172983974,0.7541068052511122,0.8350331728217348,0.8899474329821307
1944,0.5211089692134363,0.5845945323329927,0.6347432362986841,0.6403016388173839,0.6569506131103601,0.6505990735318402,0.6789945234061793,0.7308965197069445,0.7880719893349853,0.8654591429938101,0.957919283859162
1942,0.5422823745515061,0.5998812839890626,0.6425412235702094,0.6379228290756195,0.6634191799112644,0.6506836851829491,0.6695032200748467,0.7135737333424886,0.7785875729708421,0.8443995667643888,0.9631164356367876
1940,0.5783538105658703,0.6192089368199873,0.6430970043512848,0.6261335949883036,0.6502572890611568,0.6421748529884684,0.6492014357598878,0.6746987206245741,0.7413884059755015,0.7905177844471205,0.904756104239484
1938,0.6267484266871813,0.6457020018643034,0.6556076383877982,0.6272510923515862,0.6409384551170352,0.6390062304712317,0.6375703981248572,0.6506659556609915,0.7180440726042708,0.7560250860475888,0.8498283596751804
1936,0.6920155863869408,0.6898452324800605,0.6964477376712487,0.6547516310163263,0.654208472441849,0.651852184088693,0.645619498091101,0.6577133410705381,0.7248195144036159,0.7594794882002364,0.8352025576367786
1934,0.7783291447375651,0.7599927504382675,0.7668448047913123,0.7064069547651882,0.6940684711881939,0.6826316099565402,0.673593175059988,0.6921613673898696,0.7543822397368553,0.787702532853171,0.8466404940812043
1932,0.8873416741614272,0.8581379821532863,0.8618306884105847,0.7778561887792059,0.7591594341524871,0.7330244852978475,0.718342162542713,0.7487827407023638,0.8004634848372816,0.8305860051816089,0.8649826858400578
1930,1.029302909282138,0.9893803287474223,0.9903274326127758,0.8804709932564083,0.8562612103998168,0.814441868039693,0.7832605786954089,0.8289434201527474,0.8668835852194776,0.8949782313567233,0.8988625118294238
1928,1.2210124805747005,1.166274185340104,1.1728168291617103,1.0345330434526452,0.9975943809211408,0.9423401789516235,0.8796093550830064,0.9365471471135679,0.961043466052659,0.9924201699695037,0.970027184814619
1926,1.46428788408781,1.3937878221513662,1.4141375075408729,1.2426370331439123,1.182936191909219,1.1170159476402775,1.0143295720718315,1.072608736132694,1.0885905660320945,1.1275621250655201,1.0891640299872403
1924,1.739095002573898,1.6576202945502863,1.691117832811631,1.4797803631165916,1.393146755049747,1.3155751784163432,1.1762817244610058,1.2325530144176622,1.2473426265208387,1.2929151881204495,1.2483333572757394
1922,2.019201935859942,1.9285883872696108,1.967689449303697,1.7101178540166673,1.6001217193483561,1.504911275819666,1.3348758927330144,1.396322892408214,1.4118329403049468,1.460394410351869,1.4176427658994895
1920,2.262477333182208,2.1543923822875577,2.1913693237171716,1.8873969519039975,1.760763740822016,1.6432760146059333,1.4438643434347513,1.5119240423816545,1.5221243620203664,1.5740590660739482,1.5380269856606186
1918,2.3985361092513577,2.26311648683787,2.2913294730212574,1.9557296848423045,1.8195090886019651,1.684841886183136,1.4614386740707674,1.51937278038628,1.520254971131316,1.5810284221796431,1.549521884624129
1916,2.3886465173655407,2.230569964731465,2.243960222749956,1.904357824600536,1.7656816734770284,1.626601747356187,1.3960251266769057,1.4249772521132924,1.4237684900588874,1.4973649470392136,1.4653188057293713
1914,2.2586687732366135,2.097763580936421,2.0941046482512213,1.777604322267884,1.6437015302559086,1.511326898177401,1.2930215826272562,1.2932088833222313,1.300258450910986,1.3848022131885973,1.3559656369155881
1912,2.0338695674481717,1.8928196595943836,1.8765422907467137,1.6025451359589007,1.4810664986287074,1.3635848783085227,1.1705478722563099,1.1562558422765836,1.1719193542247497,1.2621243943642715,1.2491219024850966
1910,1.7263373439524727,1.6193611094785079,1.5989107783809522,1.375859955591171,1.2736693982571432,1.1791057793453201,1.0179993665959013,1.0002651019016324,1.0153694763776,1.104192420781897,1.1155794052323986
1908,1.3883294838956128,1.314861774681404,1.2957850812806653,1.1175012673741547,1.0370675847063284,0.9691400484065072,0.8425126520993104,0.821844727036601,0.8302492235467935,0.9074498781770451,0.9400888029124603
1906,1.0906660810418767,1.0407407053839277,1.0231449127615952,0.8759221819840347,0.814715346586512,0.7678312478459459,0.6756447731253569,0.6498661554699992,0.6554047655968701,0.7095243473169865,0.7583212060731356
1904,0.8527073688636831,0.8184391946861905,0.8020498108045103,0.6774636667844762,0.6318534854339992,0.5960041480080099,0.5362648631236502,0.5092994774849694,0.518301798324332,0.5447235720094641,0.610625731888846
1902,0.6549252674500503,0.6334759528249417,0.6206294437236125,0.5173116329264847,0.48485695001506895,0.454437671853379,0.42169381221990765,0.40178612685211446,0.41522128550900983,0.422204169115798,0.50205793320036
1900,0.48920767150810107,0.4779349421483506,0.46980151103061124,0.3870612404414153,0.36584768935626744,0.34157601804040455,0.3261809686517033,0.3183841187487602,0.3334445543901275,0.3360243143016068,0.4134832155538615
1898,0.3612569023434061,0.3560212294550897,0.3496857998534828,0.2859422120107133,0.27443696020704744,0.25781346964713536,0.24940530798683064,0.2522469040915993,0.2667620365857273,0.27298486457797366,0.3297361633393816
1896,0.26737778615235896,0.2672920186913672,0.2596732669207949,0.21554722979376026,0.21318027943080592,0.20229484883130538,0.19400441978953523,0.20364666644578763,0.2159688291445586,0.22362067342403524,0.2553431096320866
1894,0.19566851513526246,0.20554654248728071,0.19852389672856377,0.1746668212394525,0.18085225124918286,0.17231941542970733,0.16092996565524442,0.1777702621542355,0.1853974778997993,0.1925005042701775,0.2074821358349165
1892,0.14056647341448408,0.16368407702658236,0.16228189788381775,0.15297387344766813,0.16543563139429224,0.15802225407436127,0.1414785611090918,0.1704775150538838,0.17196632508675175,0.18344285051242248,0.1882774900609285
1890,0.1019205150885738,0.13085281761483245,0.13654109634332146,0.1305378356911716,0.1458400050712225,0.14008228806735057,0.11800265731565932,0.15881108439749145,0.15584087034729677,0.17548580786967416,0.1689768568426031
1888,0.07604537684015984,0.09581319894929925,0.10451463158794425,0.09369509407738398,0.1091881871750546,0.10462702476184725,0.0826723679914916,0.12050740821294234,0.1172810149944543,0.1393838363531162,0.12014261742984401
1886,0.05780304742775999,0.059721472447267256,0.06699385435549618,0.051389795485030594,0.06554060598914363,0.06051228971459528,0.05017924959719682,0.06442221719859302,0.06650632468507803,0.08156156331669273,0.05354472481190914
1884,0.046206749993847204,0.03399861293138822,0.03969791619957553,0.023722437885808748,0.03481946421521744,0.028590944936843044,0.03745560776381801,0.02308947483389323,0.03490221791141667,0.03964451298560474,0.00758575024891984
1882,0.04078847474795862,0.02083800954346734,0.026566197599608987,0.013487349827555726,0.019441254644159005,0.012976969127606597,0.03672106447534405,0.009489403034779458,0.028582811418620735,0.02486459071795605,-0.01012515907283724
1880,0.03790707262662739,0.01059536305043858,0.014520290072429349,0.005121065654466393,0.0053698659290335364,0.00035271487703209133,0.026117215770353745,0.005581979917063272,0.01955788590973544,0.009113477247018486,-0.028278552209372334
1878,0.035921971019846094,0.0011238225957480308,-0.001337418214012215,-0.008052651556984595,-0.010583475125820429,-0.012670114180756201,0.004012849655090546,-0.004141104876173529,-0.00770298404982336,-0.020015149322842526,-0.054467546519869375
1876,0.038984225330256646,0.006278116567157155,-0.0019707515721600396,-0.0067792724073365415,-0.006582563788171334,-0.004975872665251905,0.00020561357096688328,-0.0031376412949243155,-0.018436183509307983,-0.01979565884648074,-0.04004036072653487
1874,0.04823784111611087,0.03448392638040898,0.0309501638190218,0.0312303376389954,0.039218783795451614,0.0447973234301809,0.040588270743487975,0.03585932893094941,0.03335376779072148,0.05755863080355827,0.06444493959835348
1872,0.05296739532276535,0.06908234134433051,0.08441625674665205,0.09817067888169287,0.11656941523293908,0.12671153513728572,0.11305704025576595,0.10713203479080731,0.13940011000809108,0.19315475699677723,0.23360275940965908
1870,0.037315665057801733,0.07442076761388804,0.11130192070267239,0.14499643134059578,0.1716097636908692,0.1865674891735374,0.162975982627943,0.155116096931578,0.21701403536026487,0.28389921015922753,0.3451141065873296
1868,0.004498780814045504,0.03432895783709849,0.07343701928313871,0.1189808804430252,0.14509010058913152,0.1618177471629549,0.13458014907980437,0.12096556278878678,0.1777742227802978,0.22711394878446883,0.2772074071160165
1866,-0.01789458156924114,-0.01567352837519319,0.0031764245460649244,0.04224303722448112,0.05855199765619802,0.07084013752591517,0.051048745035294565,0.03522205692850605,0.06012698888051339,0.07435406128082701,0.09467871042018594
1864,-0.01632168272574842,-0.036766023186866545,-0.039744166749480614,-0.016576948458844085,-0.012527864260500818,-0.008211071263035248,-0.0150917806186594,-0.021357930431323696,-0.023762568441811488,-0.037408385749044745,-0.03538273194208243
1862,-0.003670766772511625,-0.02928965917196877,-0.040675837432294665,-0.030456170747452462,-0.03536849461828147,-0.03651522395899374,-0.033344738641866815,-0.024209019258787153,-0.036514121806370314,-0.0587645401607101,-0.056619259530645186
1860,0.003400997661080428,-0.01437679678608958,-0.023507821282940957,-0.020375929008519623,-0.03036754521151949,-0.03135149038084183,-0.024674410185251256,-0.008186607390963276,-0.020095523891124865,-0.03381574671427089,-0.028714484348456654
1858,0.0015283487883103936,-0.007276426681245189,-0.014226881945020316,-0.015584243160387949,-0.02976639985265934,-0.027738181519885004,-0.021812745745019083,-0.010217975225856395,-0.022422487007158425,-0.022300973998911976,-0.02497138066289862
1856,-0.000855440591544841,-0.006781303479276539,-0.0155928087903788,-0.01969439988050681,-0.03865320199192645,-0.03533335207208325,-0.02915257040185239,-0.022362319837073496,-0.04034636601255217,-0.032847225283270526,-0.04908306729553358
1854,0.00272159114793646,-0.00303119123759672,-0.011323472037971405,-0.01348128089244839,-0.033792099202826525,-0.03101689624091256,-0.02100963286043201,-0.0057792403310155315,-0.031603609203014464,-0.022714110887383964,-0.04505665016645721
1852,0.009064072877119817,0.008957869882718747,0.010404365901696062,0.015437059486808137,0.0034390810566528613,0.006701821825089207,0.021391769843952267,0.054694456700504455,0.028014398514775298,0.04361236929500407,0.024350121476321495
1850,0.010896982602599685,0.025138360578420955,0.04468491916826406,0.058438873516479466,0.06546036616213526,0.0699219046945321,0.0857979200411901,0.13120533846315838,0.11889996667785373,0.15287939874224757,0.1361700384912517
1848,0.005212541979512036,0.03780224174285185,0.07705874431081669,0.0973532295304556,0.12664118411787167,0.12976467333181446,0.14194310195544477,0.1825322643127466,0.1987882254366977,0.25436514623513656,0.23432318752870557
1846,-0.0031895540182559335,0.04192132541341115,0.09334053982248698,0.11567049277137037,0.15662753410642752,0.1560485452062526,0.1619908482750027,0.18259602808755554,0.22548111789477082,0.2885986849944049,0.26567444877045665
1844,-0.0037530093484837226,0.040062294473131574,0.08893658306719002,0.1067606378500943,0.13994840719259696,0.13885564170335,0.1399221683151743,0.13840250353058095,0.18458948162557226,0.23398376720788686,0.2168673323766579
1842,0.008141700665099448,0.03970984832826874,0.07487401688046601,0.0835721664643147,0.10063416942709791,0.10405476101459162,0.10388757567816084,0.09016152598769764,0.11858569770203102,0.14730511528517062,0.1397270773571699
1840,0.025289310698341803,0.042597308431248294,0.0640711024500881,0.06670903580111735,0.07793352475438559,0.08521058817066467,0.08779583273694559,0.0721054817034209,0.0854445380417165,0.10112753707623647,0.09613382369151793
1838,0.03897962750585707,0.0445784273975824,0.058887376089677,0.06504762842719292,0.08516329251622373,0.09230291832495237,0.1014429021222913,0.08969125776987033,0.10278894417628281,0.11336667938062317,0.10535459563172092
1836,0.045395660542701485,0.0438311144509934,0.05781654400213125,0.07650266752920885,0.11139560789351327,0.11705605989621844,0.13488284287462554,0.13154514527649683,0.15387201030708017,0.16521315186177882,0.16208393596875328
1834,0.0434018184923345,0.04299876128679716,0.06255869012564608,0.09557573510682126,0.13990146860910718,0.14554454197133973,0.17071388491791567,0.18061153204011265,0.21325986202137562,0.23440360088625817,0.2578110350152171
1832,0.031516523621639994,0.04341635236376485,0.07413197048184114,0.11525777879356185,0.15849128965597858,0.1637351771846541,0.1922216408906997,0.21917964024472758,0.26102427190433986,0.3012545221907197,0.37184960911892423
1830,0.010402173097099556,0.04073875442838935,0.08457515717497134,0.12404569386386143,0.1578939253153833,0.15893895107403774,0.1866242499967028,0.2303294171599961,0.2796416366737417,0.3348648189741829,0.44998916162630714
1828,-0.010501706900552828,0.03176550949434404,0.08038971573502407,0.10976188778884198,0.13109142496549228,0.12572619246694822,0.14927638877370555,0.20187894153454158,0.2504189955709454,0.2981368057430015,0.4240998008852283
1826,-0.017452882933899534,0.02344989758525676,0.060190225114543215,0.07561222342158451,0.08525527600681346,0.07665857800980976,0.0931857909763764,0.14036080552517535,0.17422526042104672,0.19499134886980202,0.29322637215094083
1824,-0.0090131332384345,0.023909061900550116,0.03721732409105687,0.04107586926342088,0.04213958187968001,0.0349785353528724,0.043348496155252735,0.07277444369896784,0.08441174769221138,0.08337168692098734,0.1422976997004728
1822,0.003464710597688552,0.028895022094508893,0.019805848547167108,0.0190579442870318,0.015904915063947866,0.012409821235904938,0.013993083021870483,0.02396619968676904,0.017413948776195443,0.01362172269717555,0.04501257826009778
1820,0.011544152609813684,0.028366046532486935,0.0061006852156564265,0.007472535951852576,0.004217776805143307,0.005332766332983082,0.0016589626601886424,0.002486177284568997,-0.012311053596280905,-0.007656743142909381,0.009546683392107572
1818,0.01654441494117496,0.02137836624142436,-0.003159895311566792,0.0027605219561098104,0.0016453018726821627,0.008192194470567557,-0.0011561541208206468,0.005307727361421806,-0.007159965374759549,0.0054942927568195025,0.014820077769632659
1816,0.021672830120985923,0.016573393538845196,-0.0007984726084535108,0.00844854219883662,0.00963147080928705,0.02107842290267031,0.00567656659694997,0.024662220177692207,0.023731997165069497,0.04385200428070518,0.051004522765135354
1814,0.023749428790160523,0.01759967127495291,0.013621751400035468,0.024605305376416864,0.02737477781366429,0.04149642322619615,0.022921834780358967,0.047610563420529606,0.0622736237519205,0.0940908775793933,0.1095402433468446
1812,0.017882953675719522,0.016530298186359958,0.025587160155031874,0.03640799918195984,0.04053170303062246,0.055201639455816034,0.03807744309718898,0.05459089607555622,0.0783157025336216,0.12125888067725682,0.15388254718192074
1810,0.007860263556565335,0.006890642910536733,0.019988740243034958,0.026269552289948553,0.0330525353175166,0.047174004073330944,0.032280172987058216,0.0321088819997335,0.050439164438311763,0.09360591729367213,0.13918553533189804
1808,0.003541865820696359,-0.0033538999259295024,0.0023743355198764956,-0.00017162439766787998,0.012100789489291264,0.024497177770823945,0.007362312170491716,-0.006410947075832403,-0.0007148520897402412,0.03417156423672815,0.07625745744906857
1806,0.006394560098471204,-0.003084741841217204,-0.008544985165917654,-0.01840866536439957,0.0013620034447515293,0.010524912972063755,-0.012461053690363098,-0.029990753087090163,-0.02777685943123987,0.0030132622091032283,0.029109209158969387
1804,0.008732632679841687,0.005458646058547056,-0.00573616299367356,-0.01575215289440141,0.009530787913905242,0.015140435835714696,-0.011281323567033355,-0.02176194711908686,-0.007518107218075471,0.024014271773733296,0.036284658887100835
1802,0.007286750811872815,0.01193080477772707,0.004168326713691883,0.0009335533734782511,0.025094969855960856,0.0285244053546463,0.00612970629934644,0.012512260867865341,0.04527354235625971,0.06876882665237821,0.07984278506524443
1800,0.009219007922698157,0.01419427167411723,0.016459430532629233,0.022159323364815024,0.039017016688405064,0.04138122542284011,0.02985530797503656,0.05629463082262795,0.10002773033693474,0.10445205852138671,0.12504050804980393
1798,0.018799304594030505,0.020132260955114566,0.033840652898631765,0.04865307651808486,0.05933596538434596,0.05976398573085407,0.059275189925684084,0.0965824279678699,0.1407226984136946,0.13785533747179332,0.16876917226461796
1796,0.0254210258653576,0.028509933062664607,0.052084140942307164,0.07873859236554762,0.08887219399147353,0.0860562509938199,0.09029935322832218,0.12393822848043727,0.16548147999047086,0.18095690176913637,0.21862411353028605
1794,0.01574198645609786,0.022916207619156373,0.05213283026860403,0.0908088689510536,0.10129808993192922,0.09562767389416482,0.09643387577688617,0.11809887879921739,0.15658184515217144,0.19454827121181512,0.23631029386163993
1792,-0.00594071920569712,-0.005869926157808954,0.019385265615637824,0.05703479614990446,0.06103279564120186,0.054576429224828714,0.04777347407566816,0.05884626023701003,0.08963990807200721,0.12031217792738345,0.1595355021687825
1790,-0.015566608924367908,-0.033923984750630486,-0.022727250882179598,-0.006032783808151747,-0.013272945374696253,-0.018669746731127524,-0.028877056354383143,-0.024699060357200712,-0.00422239666282497,-0.0032220386428861857,0.022540354125124243
1788,-0.0031759564186853353,-0.03342397217711851,-0.03673796586674935,-0.045348695640982754,-0.057607208145698835,-0.06140454550342372,-0.06883040013380307,-0.07313830479276233,-0.05706502294183884,-0.06595346019633416,-0.05623319496739617
1786,0.01818750715596378,-0.009672795962173714,-0.019497252326015672,-0.04106042023740471,-0.04764356974082279,-0.04968027883543977,-0.05421559863337177,-0.06836741041548769,-0.04954504060193405,-0.03934367878050601,-0.03728536781455496
1784,0.035642278118730844,0.01572726577093209,0.009561577559585121,-0.009241632557994154,-0.003594232566817882,-0.0038300280398558544,-0.01003529554113926,-0.026868091801587606,-0.005199963100023663,0.026767509865913856,0.03006892594067683
1782,0.045502096207266446,0.026878406711369394,0.03158183146690483,0.024143681511520444,0.04010685082081237,0.041023070699339595,0.031009204586214607,0.025210161068238215,0.04303329106490203,0.07489033408824382,0.07915933941494066
1780,0.05109930426461253,0.027248663605955716,0.043913673241222966,0.046742906095125804,0.06550142034729665,0.06650766407772833,0.0572514708362435,0.06764641603037415,0.07754034128626594,0.09755900181702644,0.09720497912631978
1778,0.0543309092159526,0.031066959965584874,0.058360799239137534,0.06962061280682162,0.08692932855628292,0.0873107604359606,0.08423092247354844,0.0992969120312568,0.10652551947522071,0.13170598365436204,0.13084668681040992
1776,0.050701778049456296,0.041179642253740746,0.07954209246225433,0.10352255288163431,0.1209938882165825,0.12020852511613815,0.12247697936763006,0.12248638006670716,0.1369162022754347,0.1910968508881195,0.20708814428725214
1774,0.034526147885669364,0.04429041832821906,0.091878145229106,0.1334895765376282,0.15363328262884413,0.1511720628173807,0.1509088171105361,0.1198391693626459,0.14565100325075386,0.23176540453137143,0.28210973075114126
1772,0.012580334869684597,0.025973315716680163,0.07075235861330634,0.12257708062187747,0.14287223568223426,0.13912281139742105,0.12760527373994024,0.06707634912902082,0.09339680115867932,0.18255644356672432,0.26296035879410196
1770,0.006151121155877372,-0.002055748246208058,0.024138802659301805,0.06756038740361152,0.0823032820015482,0.07836320733468348,0.05622677507359015,-0.012429909485153995,-0.0034555544517910607,0.055333109364108735,0.13811407609244714
1768,0.02236252854771544,-0.012334729912530156,-0.006424657299781357,0.01978973350667683,0.028545121466937443,0.024435331042878164,0.0010831668460088196,-0.056881742349582015,-0.06809800312304283,-0.041546569172625634,0.022087790067784902
1766,0.045206309456160984,0.0010443155182300009,-0.0007927290373864343,0.015913872755625256,0.02379873128571506,0.01893880541983915,0.002887562258605682,-0.041282647629995825,-0.05969449104941448,-0.04143666064063422,0.00021708289556175386
1764,0.05626994062832945,0.02219225550973509,0.02653235070650187,0.0466222216276619,0.05777632146546666,0.05293168576986482,0.04628137408740278,0.010284261902529178,-0.0024713598183783536,0.03308319864213585,0.06011619686802341
1762,0.04980247879835919,0.032394872940603545,0.047930784776497794,0.07740423516540956,0.0902564322672232,0.08765397615273059,0.08527786581319369,0.05276761606456681,0.04781166461376499,0.10841529543238819,0.13182022441989916
1760,0.037747261011404035,0.026676291012125215,0.04682089944494406,0.07896328112869787,0.08687649436047071,0.08780376062254101,0.08108792779730242,0.05201401458323546,0.04952394446262421,0.11768022780955327,0.14688370439489334
1758,0.03867498505385726,0.020311483082794044,0.03649746531756301,0.059382041632771866,0.05774753028849009,0.06057715998657525,0.045743848637189374,0.02179217566688549,0.02267406150344531,0.07700570732909567,0.11344178017518823
1756,0.05342653615212758,0.029033528048806673,0.04432028409254778,0.05650542309529706,0.04849623810218797,0.05082979206727804,0.03153606334087634,0.013443588590952647,0.02947273775263284,0.07409446716299438,0.11452320877469603
1754,0.06619507331435141,0.04993421738290118,0.07860353500000987,0.09225672596052578,0.08637391929307317,0.0877798711151234,0.06871518180991747,0.059085877977179006,0.10166056961772134,0.15776456323513408,0.20482779508320487
1752,0.06371385994649484,0.06822146891699965,0.12456200478586824,0.15624362675999914,0.1618618881032577,0.16351479075260214,0.14716975667253201,0.15114805486505875,0.2198404170184792,0.2966626140220436,0.35929754953985055
1750,0.04662874725817015,0.06956733197212464,0.15237291302047157,0.2074460556687227,0.22888146911431786,0.23196701496282368,0.22181104716589403,0.23723491101691987,0.3163608003502124,0.39695016393934174,0.47593101512096087
1748,0.029597804501927817,0.05514723122705067,0.14411066111245194,0.20674547555357994,0.23697100367816573,0.2418442399225356,0.24312744488653878,0.2537769135704289,0.32553309717599466,0.3907593454826383,0.4698078276624704
1746,0.019142347010160328,0.037659434672495745,0.11525487391877459,0.16611918655683988,0.19315967689432137,0.19970723037046492,0.21300416771283184,0.2074909779283512,0.266201997189192,0.31967115118019784,0.3854062539817294
1744,0.00868404555640005,0.021055931737185698,0.08126295778780522,0.11395543563167815,0.13078868657883078,0.13845770100337823,0.15736675373035544,0.14357032495193894,0.18837846726218513,0.23596936565300575,0.28857402600230314
1742,-0.0035799035012948274,0.005172773397722668,0.045185369391088116,0.06375164439431515,0.07000743258823841,0.07755282474097773,0.09336861895719861,0.08862834024215614,0.11864158862441339,0.15441797130014412,0.1956882966662306
1740,-0.011968450524637663,-0.004443084995411,0.016652829378448374,0.029949371975167248,0.030285917080671968,0.03654050723087025,0.04428375010854131,0.058198558245649686,0.08016261442331842,0.10474476803256397,0.1340844189993687
1738,-0.016067727859685483,-0.003870977814361095,0.00961711650316703,0.02693998073720871,0.02793842846333905,0.03222105698048603,0.03146786790401779,0.0624325408053283,0.09117830064533607,0.12393090855228946,0.15055005815206604
1736,-0.024820389340280843,-0.00042997080214528585,0.02162537604794749,0.0490719551012235,0.05675964650006658,0.057555391817734176,0.049312263821371195,0.09430370979105156,0.1385822525720657,0.19557382063712303,0.24329484046960032
1734,-0.04316349209108447,-0.00862561821514842,0.023755230237301656,0.057927934331169786,0.07403775213055565,0.06935846616902996,0.05814565223108576,0.11227580056311971,0.15876470369288584,0.22159533693831265,0.30191633977571464
1732,-0.05615259838330564,-0.029165824164482324,-0.00982378568278741,0.01603143052847882,0.03243782904468939,0.0244555815432004,0.020211733675411285,0.06845526096539645,0.09031395553247518,0.12145400328244864,0.19792041887621026
1730,-0.04851339317709587,-0.04376743918836053,-0.054847630665141624,-0.04822909264144803,-0.042605381826775465,-0.04795995002188254,-0.040787086365476684,-0.010566907810950241,-0.020755238869400228,-0.024894096441387716,0.004280441360834966
1728,-0.025351560491040676,-0.044427156773414106,-0.07947087079620047,-0.0913553781235577,-0.09963966840189617,-0.09875920178589813,-0.08600021606522777,-0.07173182782660026,-0.10235147307655157,-0.12244918630224104,-0.14192303748180926
1726,0.0017696505114602407,-0.03645249584058956,-0.08021113917216276,-0.10426266716497401,-0.1210333080457004,-0.1140004933748347,-0.10503278101029033,-0.10007633767307755,-0.13609038658575168,-0.15841246083075125,-0.20087407358900236
1724,0.02150603405141929,-0.026543049796691656,-0.06621827282556614,-0.0934842743004399,-0.10839415730860937,-0.09747478904438782,-0.0987753580818694,-0.10109171273454871,-0.126938548664407,-0.1404397872477727,-0.17936424648087443
1722,0.024894422224922275,-0.017451666047656404,-0.042023399060960545,-0.06114451992907772,-0.06411991704734732,-0.05245686568509338,-0.0651816871632071,-0.07397826217857958,-0.0735221750849237,-0.060379311346597284,-0.0810058349206328
1720,0.006652938762024048,-0.010670380598440839,-0.004750205805588522,-0.002326768633708228,0.012878837557394211,0.020914645072407603,-0.00023367830653976888,-0.0036347402149266303,0.035367907104519584,0.0904584834398592,0.09452444268386866
1718,-0.03285511054436451,-0.01595996733632533,0.03160319301883934,0.06315449021967139,0.09529682540823853,0.09387141307786949,0.07269825420597793,0.0985074787345988,0.16801559685797918,0.2451168928155313,0.27372263539537106
1716,-0.06988570768296067,-0.043598024359937,0.017847201666750634,0.06003536111711525,0.09472460842457883,0.08336504399359237,0.0755740280469459,0.12752548371653344,0.185044739111358,0.22209765216939178,0.25493372129408526
1714,-0.07470182282226186,-0.07103089940016204,-0.041773090820222146,-0.018393650785540106,0.004333281105027928,-0.00824957596424801,0.0007290741027343837,0.034611834723182404,0.05170507179084168,0.03309204800672482,0.04517245328254043
1712,-0.0570792359774467,-0.07195593194982994,-0.07770433290376051,-0.07626236710149906,-0.06538389659485662,-0.07315007115372325,-0.056163863988521016,-0.062402195492890646,-0.06893347380207435,-0.09834123635818766,-0.10428323283020124
1710,-0.03517616214918329,-0.04603169524129508,-0.059219928779632613,-0.06476639108839344,-0.05870392024446227,-0.061698104323809816,-0.0457149089693745,-0.07867131082364803,-0.08092659988705117,-0.08089083486019702,-0.08457738698479529
1708,-0.017934850154110914,-0.006817294183318765,0.0002638213244774283,0.00472465157439504,0.013025767219058508,0.012553626842410992,0.02259599144031935,-0.011842187882703461,0.008099632643824923,0.05343578278711027,0.07225708017156961
1706,-0.009319476588853516,0.025982513436919343,0.06202799853911396,0.08632058528733437,0.10164478936137968,0.10209688768126304,0.10567597394093203,0.08498914500069149,0.12949644600957355,0.21733921307666773,0.2675086192811199
1704,-0.009433133096263212,0.040646599574003704,0.0956058668173162,0.14050783249624213,0.16621921255554856,0.16716033970723773,0.16549291391071835,0.1559101570467036,0.21823405109086275,0.34061472496754464,0.4202617596491058
1702,-0.020396900985027396,0.03793955916128139,0.10299629200134897,0.16693032365908256,0.20751935111748013,0.20823588722529024,0.20007576181704084,0.19605251408639882,0.2725261181052203,0.4192643015394971,0.5273822771420263
1700,-0.04726886055110985,0.013815339102876628,0.08591022467914691,0.16411257714344055,0.22002551912559906,0.21945739286867633,0.20154372412211075,0.2084773162226951,0.29266134102657015,0.43241104707485895,0.5640699504813975
1698,-0.07217117823733753,-0.03156378262036771,0.02723768163511269,0.09897399637773817,0.15379819288366345,0.15272340077493998,0.1270410836707309,0.14998165456048626,0.21569019090820665,0.2951733504059621,0.418311498325896
1696,-0.05590572945413124,-0.06177558650591606,-0.046736633528964594,-0.006565780025407053,0.025109359371645445,0.025069443323160006,0.001286270502503801,0.03220789342160903,0.05733549717804859,0.05941307998476613,0.13446245916475938
1694,-0.0013702572458137248,-0.04767518661818534,-0.07698446144185932,-0.06970598715227529,-0.06286771895400486,-0.06258935157431307,-0.07665701376237066,-0.044160886269031877,-0.04499535822986203,-0.08079751778087381,-0.05485691439675353
1692,0.055834812150459164,-0.0022947828309810405,-0.05044947510035447,-0.05895126597513013,-0.06307820718212677,-0.06382956811447985,-0.06690960499458226,-0.03021951047586183,-0.025243096065843424,-0.04647534681298837,-0.04035125878130522
1690,0.09483541883629575,0.053835993390157516,0.015371902989761361,0.010526436471365893,0.010671322702897598,0.009050878548707083,0.013470108729308634,0.060166745410002234,0.09528032423555297,0.12883801211659232,0.14952011945161264
1688,0.11898558520960067,0.1161980498084052,0.11087860655806484,0.12621748298907148,0.1434334351998064,0.14265828153863916,0.1480860442245846,0.21281566488553919,0.28987425066738215,0.3986688335262592,0.4625270130609646
1686,0.14872059317635875,0.19128837077715574,0.2337451996820093,0.2799499919994869,0.3241119619814167,0.3267819070699315,0.3265685007939995,0.419678547064837,0.5375136191117869,0.702869758048026,0.8193066583342422
1684,0.20510931103314423,0.2719022691450144,0.3487682742698106,0.4161221130885259,0.48398941550322233,0.4926862903163017,0.4876654279664754,0.6050640542892999,0.7433469598972361,0.8968370248734278,1.029981617773882
1682,0.2837674174054988,0.3394363556554038,0.40878411506295026,0.46611832455334284,0.5362991493857668,0.5517340834883808,0.5510792517774802,0.6626464222870397,0.7937496205852944,0.8973694610400033,0.99471869896455
1680,0.3761713750402998,0.41077922594909266,0.4489459149222861,0.4782307317886154,0.5354387285167781,0.5557917598415354,0.5638730386752462,0.6509116122261543,0.7685258143084366,0.8581636630386976,0.9157157787610551
1678,0.4884104805958768,0.5118743693065123,0.5237984476599477,0.5287205683878715,0.5740549041046712,0.5957295998352782,0.6109835741633154,0.6851270720703261,0.8016536081386463,0.9160708090589217,0.9611862943526296
1676,0.6180436609468221,0.6431923205037229,0.6469088011624874,0.6411644279042576,0.6846219632852575,0.7029950161302524,0.722555555636695,0.8130739987484229,0.9470683062139021,1.0929107857506282,1.1527526648171376
1674,0.75325075019788,0.7901833605861005,0.806126747190592,0.8019334456979237,0.853384531303824,0.8655369906135517,0.8842101566450917,1.0184111831160143,1.1843696837279822,1.3422798956130366,1.4303890133251007
1672,0.8927682747658474,0.9456877227353688,0.9836836561042146,0.9781968312032314,1.0365410726752857,1.0452743619455902,1.0537015344241922,1.23181451965569,1.428581441478144,1.5771961678280721,1.684024659127669
1670,1.0372891453783217,1.1031000353405414,1.1546689343494299,1.1318146124741522,1.1848534965605018,1.1972079273603207,1.1887310570092464,1.3805294441646903,1.5943511620696147,1.733695603738929,1.8333196033974204
1668,1.156336333449335,1.22786073455997,1.2786576416170168,1.2324546350786034,1.2740975132191077,1.2942515106134982,1.274149284634083,1.4528889820556175,1.676125645602229,1.8182737815909122,1.8944012211716013
1666,1.2151620627585833,1.2846518200376869,1.327868838111342,1.2696705207257,1.308085253417028,1.3358364595574113,1.3178734281002082,1.4803383893243747,1.71337460758303,1.8599331958180076,1.9165894433927244
1664,1.2185995388316542,1.2805333839765036,1.3162901329657106,1.2606975314356261,1.3093899480111344,1.3433055147445752,1.340450425426079,1.4950192190793117,1.7350782104327462,1.8765917893246462,1.928597711511492
1662,1.2048958020505303,1.2616567757964694,1.2938229834203192,1.2480820497941123,1.3146047792695446,1.3529104394009042,1.3703349454451246,1.5215531373294726,1.763741525536033,1.896718582317537,1.9590124022490274
1660,1.203571984466082,1.2672168425068269,1.3027756826452968,1.2689159389590234,1.3512864247228744,1.3912895068230962,1.4238543865067816,1.5689692234243096,1.8170089841133268,1.9579816320089072,2.0401152729786625
1658,1.21069199587625,1.2940213296300285,1.3420189149009736,1.324537784544766,1.4175040689049245,1.4561233051867495,1.492565144408073,1.62972075159003,1.8958175324169015,2.0729524315727113,2.1798265445912945
1656,1.21218671940757,1.3170758320992522,1.3873569780929447,1.3948608078118456,1.495601084723855,1.5298465803371948,1.557430922156271,1.696308103222311,1.9891065021963574,2.218618275561964,2.349899556532535
1654,1.210908574944711,1.3171373314451236,1.4165328067723553,1.4523865134113785,1.559418006005666,1.5865207465391449,1.5953999580358758,1.763476834089638,2.0748907534274816,2.329036032041183,2.467505109924678
1652,1.2293795097338696,1.3036793949462038,1.4261220699810047,1.472450737712745,1.5824537151070235,1.6027490854429784,1.5980598951474343,1.8156903339011456,2.1241816088965453,2.3330559436105323,2.4450419829697263
1650,1.2724216885389736,1.3149614301452774,1.4482086056157637,1.4829238796102684,1.5947487381497063,1.613438979606631,1.6114875820517913,1.849167794129366,2.1527605240987024,2.308948700106497,2.3954347241377283
1648,1.3320947227403008,1.365303102338797,1.5061885956127692,1.5269535635985372,1.6436918708577672,1.665961209752311,1.6722435346978015,1.8884833418584273,2.19705242957894,2.3594147591378594,2.455584536267643
1646,1.4200243385104385,1.4516993586641405,1.5936286778579523,1.6003423312020333,1.7222060326524706,1.7519266860465168,1.7665684765879621,1.9485711392457996,2.2561828582383905,2.4557282357908776,2.5776566590933956
1644,1.5284737820704866,1.558484075370104,1.6870063492167982,1.6751467868812828,1.7972188739990036,1.835957903177891,1.8623035131286239,2.027754720648977,2.3270739698921665,2.5497756283747433,2.6807423029704607
1642,1.6248653346735606,1.6621731180465307,1.7740405817002445,1.7467599900064579,1.8665075279236982,1.9119111923130467,1.9509600117515367,2.128605578484351,2.433085031706861,2.6664304145642,2.790732784185441
1640,1.7039883439494825,1.7633951241278494,1.8719056885540095,1.8407978300129448,1.9617718142294918,2.009980792983501,2.056450758771165,2.267503008632122,2.599933785557588,2.854988164548407,2.9839844783511444
1638,1.7866350209370583,1.874558766509018,1.9952778600549474,1.9705717438349046,2.0968350710993064,2.1447720414702927,2.190640012690266,2.446245051910918,2.8152897319938837,3.0983304243173087,3.2607258869281486
1636,1.881950676329442,1.977137582097586,2.105087602744193,2.082358294443679,2.208139719090396,2.2554936012843294,2.2975942848473645,2.584300254093534,2.9637100437746637,3.2349564650670244,3.441318311135415
1634,1.9614491324805856,2.0295156144284814,2.135503397697572,2.096091502828285,2.2076177329453897,2.2581809117659075,2.3041783012975654,2.5826211058323003,2.935962042902466,3.145357706500433,3.3542103399511163
1632,2.0120327684083006,2.0572328921293934,2.134987960463217,2.076306883325261,2.1735372845889316,2.229233973511919,2.2834640213393347,2.5456624763757536,2.8819981179359724,3.0521750688780207,3.2331516351447953
1630,2.046775283823253,2.0915243123959164,2.1582794528087406,2.091854092371826,2.1836868586902685,2.2419952124458984,2.2996640490046376,2.56874406418506,2.9107437727961285,3.082588546054149,3.2493598136386863
1628,2.062140754653713,2.1166556663765976,2.187150880761869,2.120913232077602,2.2121388846041667,2.2674144536019902,2.321381519493088,2.6164071400479183,2.9675756017596515,3.1549819602512774,3.3338785018079258
1626,2.0654566487056965,2.1212212014730563,2.196105051798573,2.124718153863736,2.2108783626029624,2.2560412607676703,2.300250051264993,2.6145381365724187,2.9626190475994316,3.1603425191831076,3.365830919391543
1624,2.1047778516540814,2.1459565651517853,2.2151981874518487,2.122664218164504,2.193480037787624,2.224668431646898,2.25442849169314,2.557778608182347,2.8956761269280933,3.1053435145062456,3.3259897195142165
1622,2.207675912008162,2.22667115900739,2.2856262181563327,2.160271494850762,2.2079291026870607,2.224077979209836,2.2329074050295445,2.4997364330935157,2.8292458347597154,3.058943206049252,3.2695006962953155
1620,2.3519214974461096,2.342693934420506,2.392868221319404,2.2291253705617584,2.2467468253609977,2.2443584871330717,2.2233133836126946,2.438624514629971,2.749436378282809,2.986343997276277,3.1608512796069452
1618,2.516777862733487,2.465043550282228,2.5022910257639586,2.293438592399328,2.272637077152414,2.246606700789667,2.1900698222666866,2.3497452269257497,2.614409079121662,2.823693282001703,2.940737481229746
1616,2.705429986715315,2.597010463482165,2.609660985365985,2.3484457729421893,2.2865192555740452,2.236379668057438,2.1472872161975625,2.2730942519707424,2.4742970781198315,2.6398891716310238,2.696322088779275
1614,2.8991527466613447,2.7335627466688797,2.7165312219447215,2.403589680954236,2.3087246783770143,2.239627735195085,2.1245672694191833,2.249610127844742,2.3976538838481014,2.539446969848559,2.547235444103414
1612,3.0281652621145803,2.8192064523985394,2.7819473935709524,2.4305736972702707,2.3171817130175887,2.2363192931322815,2.1019014163574745,2.2352226439997547,2.349784739943403,2.4874550427986857,2.4557281018491204
1610,3.0359436090601943,2.808560850587454,2.7692241988892943,2.401319770056688,2.2841795698050125,2.200029750939184,2.055063486369844,2.1780353300788167,2.274389486885384,2.410731655195373,2.3470411217640126
1608,2.954520745553855,2.7360481257825326,2.709655811805384,2.3430476724829536,2.2309235572445933,2.1512141511319154,2.0032217405370947,2.095352293142188,2.1823384175964744,2.3172135637199216,2.2357641339586487
1606,2.8649524070798345,2.67044456275887,2.659741998269303,2.3001731410770976,2.1932275318880796,2.1216604700039254,1.9722805314318912,2.0323048956244185,2.1110678279256168,2.2484280374940817,2.1645266187327747
1604,2.781710653150964,2.609824692588398,2.6069772067962877,2.257458556912205,2.1539724180526307,2.091261624599679,1.9423693192963978,1.9793805183432756,2.0474998433226683,2.185453052125948,2.1054032282174107
1602,2.6495677189751383,2.4932140839594714,2.4895317285771834,2.161390247081726,2.0648084384617102,2.011733733686232,1.87368624492548,1.8858238915206764,1.9471423859607169,2.075370359012615,1.9985384162130875
1600,2.454024352718805,2.310615208005412,2.303352885884622,2.0089810091686404,1.9243180358509786,1.880968153146559,1.766115644822964,1.7419320638649147,1.8072336539492555,1.9202913593173676,1.8481063124932118
1598,2.2413027620556782,2.110071448243893,2.09942035215214,1.8399165619531201,1.7667582659357186,1.7305339837748532,1.641385536562471,1.5800932591520283,1.6555982722392808,1.7569818199346954,1.6933383919478082
1596,2.0353679888407212,1.9101963268148021,1.8936941021576852,1.6600899076642073,1.5938466655406756,1.5613820431934202,1.491196227215481,1.408690752304851,1.4899963397545768,1.5823376026509446,1.528704864275097
1594,1.823795609860794,1.696333211795215,1.6704307938418441,1.451379243309176,1.389032247332493,1.3596936511891171,1.2995464531172698,1.2122736949450437,1.2909586186865596,1.3774949103795266,1.3346316688148705
1592,1.615887036580687,1.4876648756968485,1.4540596931596521,1.2402248666602382,1.1807372234410098,1.1552629626398327,1.0956929996055476,1.0060353852401787,1.0775079083979628,1.1738762538243193,1.1453594886997565
1590,1.4379352514341024,1.319069752417685,1.2825605895974403,1.068408443529591,1.0080990543890307,0.9841597644374898,0.91498147365555,0.8244906243191226,0.8846066748285442,1.0047045555820904,0.9887185504787727
1588,1.283503308775491,1.1768986961928862,1.1370795560887175,0.9240938434725671,0.8582003895041752,0.832554968590256,0.7520231446874615,0.6766351107689091,0.7201398943921679,0.8484958111849823,0.8299745977669076
1586,1.1395787432649054,1.0372676885948928,0.990343160975206,0.7871961175272231,0.7175147549777778,0.6921242287925699,0.6146134307332421,0.569807558866046,0.6020208969709888,0.7095498582274186,0.6754612045745088
1584,1.0203465679408399,0.9184401690786959,0.8677093414476127,0.6822583406436611,0.6174618702062209,0.5977186583597631,0.5382221098697941,0.5226001637460412,0.5607009712892764,0.6514675576114469,0.610851715492344
1582,0.9299916179714428,0.835645805778778,0.7920639868294599,0.6283673935040384,0.5765251023634265,0.5645882739364231,0.5220001678523096,0.5307136534382177,0.5869520279679356,0.6911307129585732,0.6632952912495838
1580,0.844959742239379,0.7670867797203063,0.7402901106751417,0.6048166897918522,0.5707352620157837,0.5655806179887023,0.5304289462377417,0.5635118253913941,0.63745835688912,0.7641971464269609,0.7576470462913752
1578,0.7489841421230248,0.6887177944453909,0.6785214128967492,0.5797770850662561,0.5645216281746529,0.5659414167075594,0.5360929689069288,0.5793832235655232,0.661814242605657,0.7788942773916064,0.7872115303399838
1576,0.6669992186041821,0.6176780329018227,0.6138024895156036,0.5496467616763558,0.5485586639218409,0.5582767680320218,0.5422467717479649,0.5587426719037886,0.6408097111013651,0.7154034412724761,0.7300206312122963
1574,0.6319803094163988,0.5877459699151325,0.5836209975022459,0.5398465677686681,0.5469261150494278,0.5653095515158382,0.567333073863948,0.537716147436879,0.6185294553487429,0.6688333500489909,0.6908865283087512
1572,0.6365517565953098,0.5911730610827338,0.5888364355620975,0.5543260767958832,0.5683778187797831,0.5929053912680006,0.6075626874718902,0.5511829678038646,0.632147395490249,0.6933158305598977,0.7232546220405415
1570,0.6566073431285904,0.5969144946242678,0.5954155093444795,0.5637094737534991,0.5852589665465604,0.61165095829687,0.6338587447355101,0.5758514862139008,0.651229708191771,0.7258243464832459,0.7515077280400414
1568,0.6709902184524278,0.5875536169030551,0.5773472123614257,0.5397458915333462,0.5656308883363658,0.5893325071578888,0.6188218326258792,0.5586134047216623,0.6173574194836952,0.6846181067938087,0.6891267427102016
1566,0.6645027273206251,0.5704516712452077,0.5455483886491999,0.49630449809511534,0.5224870354936253,0.5411446762210969,0.5769816925785338,0.4990589130930314,0.5391574868452742,0.5995572849746104,0.5809471091798777
1564,0.6324587767916723,0.557442045344762,0.5268996874624567,0.4732160768575609,0.5012625864832598,0.5153611737504681,0.5516391158614783,0.45962201618362714,0.49481599499531215,0.5766798871738441,0.5505350087008248
1562,0.5692883013335295,0.5410504703327255,0.5272009259143058,0.49018779723895345,0.5267757206579821,0.5377982428066866,0.5645894659952754,0.4934144777496621,0.5454006129348434,0.6707599041375647,0.6602386123062182
1560,0.4581224712487861,0.4829512283577287,0.5126913463917571,0.5201083749889339,0.5693598290102959,0.5787690059105408,0.5849144129935485,0.5912476789862632,0.6740276060376852,0.8150078780329358,0.8430760573964174
1558,0.3242058575549419,0.35593964459460103,0.4233790626336969,0.47234587837888203,0.5236807871795163,0.5341898225838092,0.5234928895553994,0.6132873406337079,0.7056799607606642,0.7749663029917203,0.8343317634839
1556,0.26239984376972286,0.25536925450826475,0.31278045692733225,0.3585847099118553,0.4014579166561776,0.41637825542684037,0.41353908909803344,0.49667837635944107,0.5693795223797878,0.5629469928847084,0.6115992748749008
1554,0.2590427013144633,0.2255593713310641,0.2578730861143547,0.2869803813957152,0.3272888843488897,0.3470461863036901,0.36279896159517366,0.39679259235949216,0.4579854076101597,0.4417169604848689,0.46938358704117134
1552,0.26344182998021287,0.21939414239874933,0.23567797793353437,0.2573227344681073,0.29898527632597943,0.32181175831185166,0.3530537388114766,0.34842258667923937,0.4055305568971467,0.40129468327079465,0.4217665779590169
1550,0.26118337829504656,0.21118304438081698,0.22103008443981437,0.24216918735152373,0.282386767481655,0.3053499087034411,0.3441626216526786,0.31545223074197426,0.3599497620185867,0.36141725664388213,0.3900751826483677
1548,0.24912653178962907,0.20047410114768277,0.21563878349104568,0.24273944279420281,0.28081120494178413,0.3014539572438736,0.3368445419003267,0.29415570997158896,0.3202699533490773,0.33333368764570476,0.38339379520429795
1546,0.22135201504082963,0.18935804901945513,0.22807009229989303,0.2752260411245863,0.3194533288756911,0.33701634941401637,0.3579528827186498,0.30989732164115136,0.33107350375221456,0.38488524701647964,0.46872098462042455
1544,0.16272266334078742,0.1592252848367876,0.24009359858606805,0.32715346676097773,0.38836225658136564,0.4021400065361942,0.3989897918501075,0.35470417532768156,0.3902452330545585,0.5057726884276756,0.6308907369589989
1542,0.06149684511921372,0.07411350562458159,0.1877128593723657,0.3170008156032578,0.38880126104447504,0.3971081609958416,0.36695211855258447,0.33856451848269936,0.3782944718468139,0.5074384077389356,0.6483176208203798
1540,-0.01933790680429763,-0.024541357082842365,0.058304159843945054,0.1842162182949266,0.23522612490992975,0.24180871766983378,0.20676009022247524,0.20452207622932864,0.20779700434447188,0.24147202073275112,0.32724214774794663
1538,-0.010780116513450731,-0.030470398544359616,-0.007119226861692549,0.08610683852102081,0.11161995092840336,0.1251369640752261,0.11096734435365631,0.1291687510728834,0.10743316901599263,0.05618865529651006,0.07827414234427589
1536,0.031459411595632696,0.01926379614121622,0.010637021844800617,0.0888672123662913,0.10895990064792545,0.13103598327652913,0.1381504990114899,0.16322315396157927,0.1531943472879445,0.09348525734275215,0.10229376402109845
1534,0.0629616391234483,0.05758120926966231,0.034449198832294345,0.10958094149756113,0.13202003054330436,0.1586633411107181,0.17965934212697884,0.19611182712708422,0.1993743626151648,0.15640901428901297,0.18152591048386202
1532,0.07492701747479723,0.05976937748513039,0.02145145676173606,0.08829819531351175,0.10814104990100573,0.13460171803675464,0.16378387205195832,0.15800586294471825,0.1501971693285621,0.10988717157174897,0.14780440348939627
1530,0.06970306852864294,0.03905326526348337,-0.011905969428751663,0.04478185377521174,0.059485647756820415,0.08454554590151102,0.11826787883237876,0.09102844821657355,0.06259884359798853,0.01643079789353541,0.052362611536148275
1528,0.049973215580760885,0.018137803466494885,-0.02800524483280113,0.03293026361759807,0.04941666728580781,0.07477779137702963,0.10959913855032477,0.07541331495471591,0.04767943496538176,0.00991655316810946,0.04567589014769165
1526,0.014245650704236385,-0.0011070452536752831,-0.018415397621528516,0.06497770995505131,0.09171335168439845,0.11724186650168514,0.1479999065718863,0.12336788900761855,0.12246381779607766,0.10962553713769223,0.16317265156576258
1524,-0.032053126411528104,-0.023314660218071166,0.005502894854155005,0.11384129291473036,0.15252410011013925,0.174099956011702,0.19583011999704505,0.1947887118676351,0.22466185752877665,0.24094208984638366,0.3264838716963899
1522,-0.06601401496747028,-0.03639544222387404,0.034804006195979814,0.14862554562023814,0.19366132604261338,0.20749085234328887,0.22288431353259727,0.2513675329698608,0.28928515788975134,0.33442818687439296,0.4438760317803837
1520,-0.0779858052006929,-0.03505191982071486,0.057159318587909,0.16047536797712034,0.2055645905678197,0.21382021839707005,0.23168021076153067,0.27727029763572325,0.2995351443846326,0.37417563873884513,0.4871418920723789
1518,-0.08043450307924793,-0.0388026735694117,0.04890544380099197,0.1415561497252748,0.1795651180307489,0.18751473098152124,0.2110173635906991,0.24512524401244606,0.2390627333928654,0.32359510539141334,0.42497703333541287
1516,-0.06907812861235126,-0.04389669297828753,0.01754495528794473,0.10274524851363183,0.12816988505788854,0.14096551517275666,0.1681966167563936,0.16648642996174856,0.1344873247799004,0.1981763205341579,0.2805099072876854
1514,-0.03684486916940722,-0.017131826057385197,0.021775243520686886,0.10854349942092231,0.12993588545514115,0.15134836418183042,0.18223424888089393,0.15113630084195961,0.12593285327001064,0.17654406104096482,0.2532568281488406
1512,0.00027404045376140754,0.05220307252978428,0.10223587546425748,0.21022322750435574,0.24793020503643634,0.2786310780181506,0.31378621399666545,0.2865109552761054,0.3172395765818704,0.4026711278417566,0.5113141533416564
1510,0.01618738347684964,0.13417400023698203,0.23613370837800124,0.38576888212137356,0.45511429710988377,0.49122733027148346,0.5248470360195366,0.5411246065946361,0.6585373768548907,0.815249400502465,0.9973878475186972
1508,-0.00886222273841195,0.14115418362090704,0.29041041068000634,0.4668525860338382,0.5469442858932432,0.57819692705002,0.594558680550012,0.6697399299250473,0.8218792429442444,0.9890692101958583,1.226435946063211
1506,-0.03919329448959818,0.0235474441216094,0.12609975722772687,0.2588365635595364,0.29065820546457544,0.31144558952043677,0.3099213283617901,0.3848185597815981,0.4394614550747611,0.4718930466687675,0.6373267439912726
1504,-0.031635051609994455,-0.06329071075886993,-0.03912736212200855,0.03678721545492507,0.02214869855578545,0.04177550428353312,0.04641968326828147,0.07485589620810182,0.035916957920933,-0.04308039283155284,0.014435721799607526
1502,-0.018491305959436523,-0.07235923271799254,-0.0791044258474548,-0.02221623166489776,-0.04524584343069954,-0.020901984177741025,-0.0004206302321204902,-0.0028743611148365706,-0.057435291987736385,-0.1509235338373021,-0.1393262703461738
1500,-0.0208203057216501,-0.0588043194936046,-0.06378818126309584,-0.0034195991427411455,-0.013201634754529573,0.014823204476073036,0.04424447425605139,0.027322590361245278,-0.009779395219257133,-0.07730613725481761,-0.07356989613504304
1498,-0.027391346538913005,-0.05687639714067324,-0.06261746936296977,0.0016947794063796983,0.007913054274239748,0.03619918965635471,0.059982943477229274,0.02538085862277699,-0.003921110907079732,-0.05365972394575905,-0.06310793269614641
1496,-0.014011347996795511,-0.055853836876379244,-0.07936283119684023,-0.016862901045184862,-0.0022246777700051673,0.024718996647041788,0.035994515893798845,-0.025792393660865543,-0.05983624561203492,-0.10567769143463823,-0.14429783693510143
1494,0.017285165805069863,-0.023926637589769945,-0.05828108012478396,0.008545240917056746,0.02935720875790718,0.05539671232148179,0.0626742783197496,-0.019743802114840194,-0.041995901899574875,-0.06834553545116163,-0.11730629286822593
1492,0.05533980331341227,0.04924535016814239,0.02907666071138292,0.10913150763348711,0.1390072772581932,0.1633229572150048,0.17735583806332264,0.0902128593565059,0.10183646283744087,0.1154399317933508,0.09759433675166371
1490,0.1183605782377258,0.15629397180578,0.16174541369404222,0.24693291074417562,0.2813714957482486,0.3020161868323449,0.32604772334120563,0.2409891226204605,0.28017846086969284,0.3238527732281084,0.3581467000886033
1488,0.23438942864248022,0.2733906215383286,0.284763170629759,0.3493307484478697,0.37437474285533545,0.391781368201473,0.42086288850644216,0.3277985871008684,0.359215558360083,0.3948727185428693,0.4470279418465387
1486,0.3846262154581034,0.3817809180319645,0.37606872485920195,0.40619522346854015,0.41487929776298343,0.4319566355578464,0.4610043155268592,0.3503053080670963,0.3543693024443031,0.36370240081080574,0.3817288571689757
1484,0.5267933930520662,0.4862371184016766,0.4633517661122453,0.46529505934107807,0.4616855089999026,0.4805912924125547,0.5090994027693289,0.38626604795626485,0.37292252173233675,0.36714177718937463,0.33983406321333764
1482,0.6332958674795165,0.5821297302368111,0.5527146775325317,0.5381496019990583,0.5283954114478439,0.5510997972373284,0.5792140128283294,0.4560611139203235,0.4414507311198851,0.43685526291098264,0.38779045012356034
1480,0.6862908871218043,0.6475200252551083,0.6229604236900977,0.606302179730009,0.5974483861488098,0.6265969832075027,0.6517186928365051,0.5358007231507697,0.5340315868602259,0.54823566822041,0.5133927875663401
1478,0.6851376609871888,0.6700455569584586,0.6642838979100698,0.6646710994094527,0.6666881534799889,0.7032987598684283,0.7193678709863618,0.6114816964181203,0.6352344932359567,0.6891433817771477,0.6999064389469529
1476,0.6456547291682462,0.6556742863584113,0.6831724617061171,0.7183906816832584,0.7405917864530296,0.7808867759436872,0.7795663381460001,0.6787548259207988,0.7312147582982823,0.8324158687854087,0.9005230285771418
1474,0.5943997650285963,0.6182624097794264,0.6733517482389311,0.7402969494515372,0.7798114288046691,0.8152331128777275,0.7925494947633669,0.7019416613559535,0.7601470764855268,0.8706245094801762,0.9697351128836428
1472,0.5788790136291599,0.5935431743699587,0.6363059650463163,0.6982523707586343,0.7355868419107525,0.7604974580445435,0.7276166659735576,0.65470190424521,0.6816815745209257,0.7363445565379744,0.8106530664545273
1470,0.6259530950118863,0.6197678100822296,0.6228858621681571,0.6482073265234529,0.6706473717161722,0.6874688833140465,0.6602990597781077,0.612746611017323,0.60619721757787,0.6002170833554994,0.6269756258086588
1468,0.7090445956740433,0.6866430988424107,0.661538463057183,0.6484383793500389,0.6581814250553352,0.6695781638243054,0.6523045083790823,0.6358021106036416,0.6204506292332844,0.6005654076957863,0.5947313006978301
1466,0.7825861671009826,0.7509381071297786,0.7199111452251126,0.6790639742002981,0.6782870502521117,0.684650947671458,0.6741863679880111,0.686626821603289,0.6810198209868202,0.6877936000819583,0.6614888518825462
1464,0.7994550276999822,0.7662580203601365,0.7430129492442975,0.6897448973876547,0.6771132017119247,0.6807980704182609,0.6745732317860355,0.6995042457588799,0.7106136039578599,0.7592972023312816,0.7124936376477897
1462,0.7458397542529075,0.725585259255987,0.716749412680711,0.6705178715759703,0.6498455569210613,0.655386371879728,0.6532150216757667,0.6731951385230046,0.7067126213611288,0.7914650615458154,0.7285910970500722
1460,0.6496410061281608,0.6619242830501637,0.6797666376353547,0.6575790702730988,0.6410562137151044,0.64961448266974,0.6499564921471028,0.6707796415562821,0.7374443333025174,0.8422398653201014,0.7861691112063767
1458,0.5374090719896186,0.5903834850856736,0.6495685358239095,0.6520477456374153,0.650175636182081,0.6568411657085356,0.6524890093901213,0.7012037456819079,0.8035238681220817,0.8995673450085026,0.8854496012923501
1456,0.4408185624702656,0.5065514438679928,0.5879619104118535,0.58163651508212,0.5869361893793192,0.5870125187830372,0.5684617042877943,0.6501155150278298,0.7571611360671673,0.8123809155712877,0.8482425383408283
1454,0.3937499275480906,0.4396816057040676,0.4975035225766885,0.4472911673306462,0.44449448052870644,0.44105197068185675,0.40900188107021795,0.4874247172489629,0.5651212666670234,0.5929673235934699,0.6357862686449381
1452,0.37002214062176597,0.40396055534276937,0.4314055271496631,0.3396228063823468,0.3306937261896569,0.32522318542601836,0.2854189317261936,0.34511921722109873,0.3990029963090546,0.4340090524299153,0.45445738553344184
1450,0.33226061696898773,0.3697984432032703,0.3855902806063662,0.26481867496680167,0.256757083017748,0.24459480155970154,0.19972982860144117,0.25041954778857306,0.29361004632023463,0.34544228661508847,0.34609597554485594
1448,0.2744802183394559,0.3102553972736696,0.322511130084675,0.1802768889924747,0.16984192540843648,0.14718493447482428,0.10147654419311597,0.14647856163275363,0.17671045934547175,0.23254763059474448,0.22641354412805784
1446,0.2239189062964061,0.23916310355927828,0.23418947477866853,0.07780913093058608,0.05317311634321482,0.025223791513811312,-0.013694750157322041,0.01758331238402133,0.025720281266643573,0.07403531942466433,0.07285717554496385
1444,0.19964300587037145,0.19566478553032998,0.16248742226424817,0.0019924190118990066,-0.03994682931560969,-0.06406814735637735,-0.09353192627269823,-0.06969876117631421,-0.08006363028682353,-0.028854686173576036,-0.01785087850326266
1442,0.18073042384603902,0.17982061378753977,0.1295231352008821,-0.024951232168679713,-0.07465218198152206,-0.0927134879466804,-0.11696214206969235,-0.0760404029282759,-0.09174786980096968,-0.020701355223204126,0.009606878031912265
1440,0.1439594932611385,0.16354318914395846,0.11719575640784051,-0.020147844834896067,-0.06438475563717849,-0.07927444989306673,-0.10097360022020761,-0.02639060295316649,-0.0376844394031058,0.05818647240375692,0.11562223002753887
1438,0.0926243582346837,0.12819889712482094,0.09735257846189495,-0.012145825753548733,-0.03898554427986846,-0.051859483438481985,-0.06536661939889152,0.028995950467803483,0.02563127280337944,0.13559505314081066,0.21879807797097064
1436,0.05258779716531614,0.08280207036473893,0.05841616715656824,-0.022285806293369688,-0.026317907180554885,-0.03447411979563102,-0.030172950271145745,0.05342387335261223,0.05808529225892259,0.1649413154850128,0.25688826223979017
1434,0.032299943365561135,0.045464573871445306,0.015191210297653811,-0.04628951047643768,-0.031003173829174495,-0.033867167674707425,-0.011244851046997852,0.055135952483630846,0.06484717944560404,0.1607745897238017,0.2465193236810472
1432,0.017771179341061136,0.01684485759240326,-0.01800108522414006,-0.06989866443643636,-0.04282237569252306,-0.04427684805244832,-0.012434102689628992,0.043253516864698416,0.04968600728336641,0.13539150570899489,0.2137330186452852
1430,0.004542831733261598,-0.004798878054250569,-0.03728306713846032,-0.08664889466947516,-0.05535995785260111,-0.05847715553461494,-0.028211216492402196,0.005503001059728203,-0.00026167547478288315,0.07698965512855199,0.1500191370866112
1428,-0.00281102372162483,-0.013883225758138128,-0.041146212231814465,-0.0922616083754574,-0.06135271855390349,-0.06444812877526497,-0.04292176322920696,-0.04758734630203859,-0.06278551515959142,0.008230732541186225,0.07479524884066482
1426,-0.006659423471734404,-0.009744099058692793,-0.030871135077262118,-0.08163131877038605,-0.05116305088919835,-0.050330444211947094,-0.03909253670505965,-0.07202231019365998,-0.07943568298334182,-0.01047300062683631,0.05133006367641222
1424,-0.015297486920860862,-0.0019084267884321784,-0.012373011901498606,-0.054403158080004795,-0.022998518161165958,-0.017272750179613248,-0.013890190553763863,-0.040378103288222736,-0.022697670372486736,0.05006994044086952,0.11785410541644076
1422,-0.03147766451786095,-0.0017130932266461055,0.004367331017996875,-0.021079554627049663,0.009958691496551495,0.01720305093525571,0.015981338462353795,0.02368772798891474,0.06784883008635122,0.14957913913759457,0.2386384652725865
1420,-0.04626842062944536,-0.013073270609246856,0.006962230445582662,-0.0038984648005234543,0.02224464864596194,0.026848216001392203,0.022191883925850777,0.05509850707599442,0.1082541932042686,0.197030820575664,0.3101166229527337
1418,-0.04354774680363578,-0.025305770368847874,-0.00731206577527088,-0.01685897065118822,0.0002728272077901427,0.0024145429760745224,-0.006244800825512256,0.010505700400169385,0.05464447179318608,0.13727401174434758,0.24939637970866746
1416,-0.016329149249405227,-0.020647381899513952,-0.022017995492346412,-0.04252545835571381,-0.03535174688382001,-0.032607383394295024,-0.042199014222789766,-0.07026053635098084,-0.036302414690416916,0.026390446162367798,0.10349030616551225
1414,0.02876233805114179,0.008210325182940252,-0.01933748521869528,-0.055109136507046866,-0.056830034315653206,-0.0531070768805899,-0.05565442095585722,-0.12245471475443054,-0.09335154082764602,-0.05432009614823775,-0.025228738128196468
1412,0.08034415488059563,0.05514397868113892,0.005295746593540915,-0.04524379808425564,-0.053630093220095446,-0.05132661599675836,-0.04027736305626395,-0.11907914977601276,-0.09406686438101877,-0.07587605946710264,-0.08386952626566968
1410,0.12480647821305124,0.1026908407158629,0.04370386220311555,-0.01671407328666522,-0.028917044394051218,-0.029922742429430056,-0.00639606559179978,-0.06605471876545896,-0.04670519334637029,-0.04545255287392033,-0.06663091133631394
1408,0.14930553594202373,0.12675808029828542,0.07719912671390793,0.017850690845018793,0.003399995179347543,-0.00012140750753844633,0.026787445592234706,0.004253824667555169,0.015445897217739722,0.005912088712183833,-0.0028565431620771325
1406,0.15309590821132144,0.11782489192277687,0.09067781199391298,0.045342273262430906,0.028493218802651047,0.02566344462253302,0.046055824739378755,0.051787219556818816,0.04920180133335665,0.04228950159710826,0.0640403772119992
1404,0.1551260210631695,0.10318202297812389,0.09872892496413176,0.07369583586357685,0.05630592230851401,0.05725393725194115,0.06843569992830335,0.08237114350877003,0.06317061841848533,0.07833706583636482,0.13956927590849028
1402,0.1790646868922305,0.12572905062042422,0.14091235740164818,0.13463931182966768,0.12340150326342425,0.12886088930536072,0.13432889483751953,0.1583952217290188,0.1340943644599323,0.1858858096194203,0.2912752336878623
1400,0.2307686082807259,0.19821528700065197,0.2365318161601157,0.24682080163764022,0.24936620217889385,0.2583413401964307,0.2624380365267375,0.3207466794857634,0.3139382727053978,0.4008221607045588,0.5488100629512813
1398,0.2887278661037408,0.28463930558208794,0.34652325009574725,0.3739668748365991,0.39043717574768916,0.4029297763624981,0.4114851519306912,0.5103399778461222,0.5321086715123015,0.6324460247832902,0.803593893127801
1396,0.31321621520222465,0.32329198867466963,0.3896469892120464,0.43338767050818905,0.4518485054427766,0.4706724959343267,0.49372037648561495,0.5910757520228795,0.6226694197454237,0.708752340936768,0.8678994533175387
1394,0.2883068262291159,0.2953466159434698,0.3414601905445666,0.3967687557160074,0.4031509596789065,0.431147006711424,0.47660524945491006,0.5230566148994922,0.5375100992792012,0.6050763381707882,0.7327698475287707
1392,0.23752426810936655,0.2366102422316613,0.2609017111929715,0.324386189400162,0.315013966987457,0.35124898571716007,0.41714304803394114,0.41253081624895666,0.4069157711430857,0.4737900970810906,0.5780632328576043
1390,0.18314483938186582,0.1705505891602325,0.18932345180454396,0.2610093539896254,0.24096821368858384,0.281707710309709,0.35860605750951596,0.3379747656444691,0.32482018853696826,0.3982806558409297,0.48853576208630484
1388,0.1311886460235542,0.09651313925312209,0.11968026588542051,0.19834061055033997,0.17532687631943947,0.21719628061149657,0.2938694414188932,0.286775660074936,0.271983523584141,0.3293860627479844,0.3985461262732083
1386,0.08557117207103344,0.02550149436384655,0.04491145332716684,0.12372122766254441,0.10395574740243195,0.14590922790331465,0.2138795582369961,0.2217242707456334,0.20169502299242742,0.2076782222763273,0.24226424997768192
1384,0.05166355902131878,-0.015566117034082989,-0.012268199039433306,0.05625223322743387,0.04168071569643239,0.08361850488439644,0.1389738830495908,0.14200332320877643,0.11750668602997745,0.06732528489015442,0.06873713269458849
1382,0.028189976281232595,-0.019214521709382267,-0.03129955739784163,0.01618287050605662,0.004919042849634836,0.04416563721027467,0.08371209623094306,0.06449452516083454,0.04525635143213072,-0.02273413339176279,-0.03640408226788179
1380,0.012796145102942687,-0.0010713539633358591,-0.018504501956543608,-0.006299006958120244,-0.017230075469499836,0.012221388662847756,0.028411441115927215,-0.014436119237278368,-0.020667504327574106,-0.0538734782657994,-0.059807215179501244
1378,0.019726777579319777,0.031510146997515476,0.01560640365972278,-0.028644642059062843,-0.04157001282623798,-0.03242843402660691,-0.05059408809542635,-0.09541879729422245,-0.09148550019318742,-0.058807909902658786,-0.0365619682049235
1376,0.08273587573982019,0.09699089683227148,0.08161423987182963,-0.034325979972074115,-0.05095107751605066,-0.06904748235730743,-0.12325713572785048,-0.12655380718226472,-0.12254594695547384,-0.04631175209831981,0.0112085553155305
1374,0.20676945797805452,0.2051708988618475,0.18737474818672747,0.021216979243900015,-0.00040064025018853055,-0.03621635671957084,-0.10323007641442157,-0.03741811712124537,-0.03899574850707963,0.014931689246112703,0.08830486365445943
1372,0.3307068938259256,0.31465085297546413,0.2954662759235792,0.13349350889444053,0.10845765702273961,0.0785396915081361,0.03175779476133274,0.1426479544051417,0.13863551404284485,0.13402060147277914,0.199047457114851
1370,0.4055501888047868,0.38706806892689644,0.37155933608314345,0.25556395108078456,0.23373279678292028,0.22697991660967703,0.2149197816324503,0.33361966636868345,0.33430818217703484,0.2879829258240077,0.34594118083164216
1368,0.4363633575764921,0.42585174810056003,0.42409584166782915,0.3675133415371034,0.3582976443549123,0.37753810492834444,0.3978564725996978,0.5131272671848132,0.5261602582808009,0.4639017103840042,0.5288364264165354
1366,0.43999547046417337,0.44109279650362837,0.46577286745385843,0.46514820669363355,0.4754664884285695,0.5143322420898511,0.5611515085541382,0.6782124966779365,0.7064396977537762,0.6387454697340386,0.7137845807879083
1364,0.4228966529100946,0.42999277855690055,0.4846915762535093,0.527118089061906,0.5540000499834492,0.6038401616628195,0.6720723666682862,0.7883474480714208,0.8222923722215187,0.7517275473561161,0.8259113636596815
1362,0.3932051002682163,0.39565757312544714,0.4639168450343115,0.5300168443434933,0.5572679639064514,0.6130869382141746,0.6955012474732036,0.79287206328381,0.8127088024924934,0.7496829320482896,0.8157945924691837
1360,0.3713068968020582,0.36439601274039185,0.4213763709541993,0.4940781757756084,0.5044115728394172,0.5662048263793984,0.6533928255641428,0.7165137361175415,0.7090620805207024,0.670455086248301,0.737473001769541
1358,0.37235407215675964,0.35904255318863804,0.3939116532633634,0.46706554065879125,0.458311421313251,0.5263062425029459,0.6128651672261062,0.6439723800461232,0.6122762225030162,0.6010974218379458,0.6785423748702664
1356,0.39190907601941743,0.37392660324838306,0.39056920504608666,0.46665990052906353,0.45068257167394926,0.5219924279084565,0.6091465118339465,0.6195264077104782,0.5744116755694464,0.5707200391806214,0.6529311126552991
1354,0.41541670385367163,0.389434206456508,0.39399454862720096,0.47611268366556686,0.46534120454089045,0.53540064565895,0.6262421756635329,0.625943633828114,0.57732869662357,0.5511647154209858,0.6241873200727385
1352,0.4303517763751137,0.39299311614952853,0.38922209581808154,0.47519281018147785,0.47100756841653085,0.5360760347441605,0.6297039923317834,0.6260921979697137,0.5799380864611404,0.5141423162653691,0.5694399432055962
1350,0.4285397865203986,0.38172068516147156,0.3749258809755618,0.45818283926153536,0.4519605452146171,0.5097961896370348,0.6016180332943011,0.5967344818585816,0.5522136812371985,0.45603674153716445,0.49248072088488287
1348,0.4037364295268712,0.3547603392870492,0.3531179171368355,0.43014413639808025,0.41630069887817533,0.46620346854031347,0.5536113469683249,0.5388079614872933,0.48889964583626755,0.3901692132163387,0.41043437889657275
1346,0.35605844169804907,0.3163790900455512,0.3272581230602863,0.40390502233185377,0.3891332099465673,0.4331865016774239,0.5180489582275177,0.4803820443890696,0.4226709416970378,0.34791008361990716,0.3630402007407217
1344,0.2984626776252277,0.2821682864824996,0.3113184153541994,0.4003145125222922,0.3983287528684239,0.4415699924843034,0.5269722118883801,0.46866743047781784,0.4175394364026154,0.3754633856611553,0.4062323789774179
1342,0.2506714047814466,0.2666190119282537,0.31951910901741837,0.4297654794979969,0.44792883621877955,0.494943482319593,0.5822893767976396,0.5299366316813361,0.5113255207349243,0.48620501112320225,0.5457023406503495
1340,0.22413963384134533,0.26257311025292135,0.33811698218658665,0.4634249672001844,0.49335414585143306,0.5437498296964217,0.633461981924793,0.617711959296942,0.6415697341303805,0.6002141678391643,0.6727108156694692
1338,0.21319561563218467,0.24592114358569203,0.32665858812806187,0.4465730194301601,0.4685670015704193,0.5172321659672463,0.6091878150951258,0.6291950965387209,0.6656898135940854,0.582047165727378,0.6329560777947548
1336,0.20386798293607106,0.21142155050500133,0.2736670904401325,0.372451691901679,0.3735006533636511,0.4170915104467958,0.5089822213571662,0.5319079371749412,0.5340098817492058,0.40989437562174513,0.4234265213178838
1334,0.19009632345040525,0.180158782785585,0.216732176703248,0.29711585297622845,0.2802628459481638,0.3206332373887045,0.4096577670809163,0.4095563441500556,0.35813207487736454,0.20930674796844265,0.19359083733395874
1332,0.17366059427517586,0.16544082366173501,0.18702460765869366,0.2625627627274026,0.23831628773005673,0.27902493381349724,0.36688674921224285,0.34097692363767307,0.2505955395889265,0.08479449824183266,0.04405674523330527
1330,0.1572998113957421,0.1594740513318151,0.17790580498690897,0.259493028658352,0.23481876588739922,0.27759177177084976,0.3712968635466635,0.32656531386784915,0.2223001581828298,0.04086399624079878,-0.030907887994670653
1328,0.14451081022131052,0.14991860838601917,0.1664120544194808,0.25519509053155953,0.22939673491744503,0.2738616363511611,0.3788905132015341,0.32371253307761705,0.2213055209604281,0.03244993073618174,-0.06574105148633602
1326,0.1388745894896636,0.13701603333207346,0.14732866026028024,0.23766252023758538,0.20660696640156445,0.2517697037225064,0.36538783292829674,0.3141308110276414,0.21670222846481316,0.03710914861730126,-0.06269766360345197
1324,0.13872586758750455,0.128908399799213,0.13476348732496946,0.22309450145075918,0.18652851782776797,0.23164290250445066,0.34687029859382107,0.3161861064287145,0.22398338241105586,0.06892147346195081,-0.006288619624727448
1322,0.13547358625813657,0.12682105149473138,0.13599762145471272,0.22555292349841455,0.18909006099234404,0.23371340231403812,0.3480912667242339,0.3367836396971252,0.253023768594838,0.1328257181363757,0.09385989554903237
1320,0.12067139236537502,0.12273806285923497,0.14028226460411658,0.23748168570207503,0.2081264301252694,0.2524136188150564,0.36834014809163834,0.3463626152765684,0.27156047580230913,0.194378307531161,0.19383656134173283
1318,0.09549764427235853,0.10868484286448052,0.13271798422563016,0.23955557175392353,0.22067048727157168,0.2654606861637523,0.3816478880639349,0.3133524184739979,0.2387040225069842,0.20688538932532238,0.2444885986874212
1316,0.06984855427977076,0.08488984423482479,0.1098708799568009,0.22110378941421593,0.2124998483742873,0.25851997349997047,0.3663735921435446,0.244841407703311,0.1577799322607468,0.15999809751382346,0.22586669046502045
1314,0.05184136702751193,0.06003555584812738,0.07892941944441442,0.18717774027931608,0.18773228209515663,0.23517652611709655,0.32713524649436077,0.17577372143376174,0.07246573924952628,0.08471118897408828,0.15402262984772772
1312,0.04183021710750972,0.04471491461920663,0.049714643461029474,0.15154227205930554,0.15905154341605274,0.20834469876456252,0.28646714760537134,0.1337197007531255,0.02202562958147144,0.01830997115356223,0.06485366971818478
1310,0.03457617473217572,0.040144673822132194,0.028324748791677568,0.12452461662643012,0.1349861854127158,0.18703133764359578,0.2597836597966342,0.12264175446864344,0.012253661292901239,-0.024760665289474168,-0.010903511307310433
1308,0.023756422965110675,0.033571799249829073,0.012551879146076528,0.10459714916095937,0.11508373924270596,0.16988217310306364,0.24222974199649494,0.12723948612867622,0.021848418166219925,-0.051188531460690995,-0.063341215220609
1306,0.005468855865883058,0.011671609142010961,-0.004988002814969888,0.08452462740489317,0.09648264062123169,0.15225515671830625,0.22231554689731653,0.12602456072414425,0.027869307957499423,-0.0668317662380178,-0.09156966924058166
1304,-0.01810416407773012,-0.02088005252590495,-0.02585186907177359,0.06562542577204242,0.08261624682005086,0.13754129489147413,0.20208584316085995,0.10876033410500481,0.02488564109649887,-0.06725615907459145,-0.08884157855253706
1302,-0.03694940691192131,-0.04321596912450075,-0.0410849675880047,0.05849687022996841,0.079744188653989,0.13422791865709804,0.1945133027343659,0.08834838212142539,0.024526662667403994,-0.05167323747634996,-0.055405186076280755
1300,-0.03891164442220951,-0.04094457249833055,-0.04118527674858508,0.06715810225631337,0.08532950349820383,0.14095571174910848,0.20252101494442637,0.089084981899223,0.03844335925026753,-0.03241515960738278,-0.013275475507501354
1298,-0.020243134867704068,-0.0185057157663079,-0.025861461067758374,0.08274829645576401,0.08958653582325161,0.14591929791977856,0.21470431280793814,0.1217815399483738,0.06695948893808096,-0.017747878178309036,0.01595818248060431
1296,0.009510628396346895,0.011734288722129445,-0.0002625203513640304,0.09865496133579169,0.09231192912824075,0.14688189700733317,0.22635476465770754,0.1778358740915181,0.10758071657554041,0.006522698070043082,0.04251731471456301
1294,0.03616833977758754,0.04275094033642196,0.032704357356542986,0.12226415645078074,0.10839470252297194,0.16076182706932943,0.25122017764133964,0.24589500632705294,0.16588510893094827,0.06091559908133293,0.09307055901825315
1292,0.05591770746382608,0.07197106444143156,0.07097975467319205,0.16190894467514044,0.14796211740467227,0.20158087096287663,0.30049814376582573,0.32051185460016635,0.24549470888288633,0.13874033234375815,0.16426531646428078
1290,0.07850676095901489,0.0970857014741541,0.10932476286286666,0.20998203591309697,0.19903604000866118,0.2570598521186049,0.35937809792091185,0.38953516402041194,0.32961436775463904,0.2067472763244964,0.21961192955485126
1288,0.11570591618444263,0.12142137115582365,0.1446520682628173,0.25111585086816735,0.23995081123874995,0.30033196420988567,0.39927839947343224,0.4319984327655251,0.388902198648223,0.2440946403373551,0.23940984140898827
1286,0.1693271709026184,0.1562698101309887,0.18253114860474717,0.28341216652884377,0.26577800227677867,0.3230685467473628,0.41290538949298555,0.4446090940326362,0.41619479461018255,0.2693625467658758,0.2523308515882061
1284,0.2304051146813834,0.20661694728735885,0.2289327383026593,0.31769344050359527,0.29093602170505656,0.3429003323553357,0.42237064287893744,0.4544921647187117,0.4382679868457823,0.3172218894980295,0.3019265208782196
1282,0.2854837694571775,0.2591491063758479,0.2774471560246482,0.35656642001953714,0.32651205347442264,0.3763993249971836,0.44938866831049706,0.48662889105868523,0.480663166792285,0.3964567407934016,0.39796617514623484
1280,0.32234214518166815,0.29482949169082884,0.3147742590805545,0.39028096403349116,0.36931402396318397,0.4214708066692731,0.4936145832963749,0.5321607339483806,0.5359170515162283,0.483116086873438,0.5135277357946126
1278,0.33745991715903073,0.31152909060765743,0.3383975086994948,0.4150340030256553,0.4135154880080471,0.46910031959791215,0.5431954542867927,0.5665988193831175,0.5794999182282224,0.5495429809599625,0.6153803182875951
1276,0.3415609424699362,0.3240104830035316,0.35857261419315084,0.4404341956936066,0.4592514521710799,0.5171329571567388,0.5920681714993858,0.5905569598880221,0.6078049951104628,0.5923218372866291,0.6897577431148298
1274,0.3523606983018718,0.34251427475927904,0.3823537973012874,0.4739152349391482,0.5053385271914992,0.564915008389677,0.6388355043914256,0.6298547542967828,0.6432679159415697,0.6321665681969066,0.747815131723409
1272,0.37927354861327306,0.364858438204505,0.40801306262680914,0.5113854083274914,0.5456172007547827,0.6067884217540802,0.6802794915664067,0.6974900659262934,0.7049779445567478,0.6929277848690168,0.8136591857990401
1270,0.4171729210570116,0.39057184761457603,0.43667093781494537,0.5490032613446928,0.5793300811394377,0.6411065937436052,0.7174620973884523,0.7757416369927899,0.7878071274228273,0.7789840884424005,0.8986552291418507
1268,0.4554238297498615,0.427569108461602,0.47507573483172283,0.5907490791201505,0.6143430769548398,0.6757371164466357,0.7594269204190143,0.8394133563148142,0.8701746284374805,0.8671727919639798,0.9808233450031727
1266,0.48774656809986194,0.47601679464825636,0.5196872920966066,0.6342151208468683,0.6509947063773287,0.7127885517913276,0.8073956793782732,0.878746535645362,0.9303790837286026,0.9233226633623007,1.0210165459532872
1264,0.5107403591704451,0.5171228113205646,0.5510420841466672,0.661428692827717,0.6734167612108337,0.7370609827144518,0.8416806212038973,0.8924479360586896,0.9532569454225563,0.9313950817523833,1.0057901377548426
1262,0.5226685290210605,0.5333069823912613,0.557361896720778,0.6604820064561503,0.6706681287547539,0.7355841248420938,0.8416704730261534,0.8798254941515045,0.9377327161389026,0.907753190351833,0.9639285746257792
1260,0.5322493470611722,0.5360221332556138,0.5559294282612571,0.6494388647850262,0.6598743332139111,0.7237683035548947,0.8189168806297561,0.8556009337999237,0.9078867998961005,0.8859233673309163,0.9353262619745748
1258,0.5600315456074838,0.5575433849929031,0.5766391935631744,0.6612769860902308,0.6732168757008764,0.7348970986769521,0.8129445179615825,0.857203212155801,0.9062077475520912,0.8927413517200454,0.9410287541737035
1256,0.6203077137678815,0.6174671354681621,0.6329819887733924,0.7121846712523161,0.7283233746744208,0.7882832985317282,0.8541949299638325,0.9184729730953768,0.965607979220676,0.9411273551571223,0.9877269734104107
1254,0.7060802459320349,0.7085055005275861,0.7191349546852664,0.7966049363078008,0.8210109007772554,0.879575790936683,0.9423631583579772,1.0366878714795078,1.0838777371755046,1.0288125419077792,1.0703036484425676
1252,0.7979559223278477,0.8086879888732331,0.8218818762554899,0.9002990281935921,0.934591062739105,0.9913934422000551,1.053204585981997,1.1694247831578726,1.2207378212863205,1.1334738891992144,1.1604902101264254
1250,0.8800114355468488,0.8942258735517896,0.9207782502188736,1.001718359604691,1.0422211599886553,1.097547607886489,1.1514609653987444,1.2614601928421012,1.3195708990048467,1.2206934542473569,1.2214852513464622
1248,0.9373651991365837,0.9416851371726893,0.9840172690091565,1.0676793073958317,1.1077911276532266,1.1630095274732088,1.2009032141253067,1.2780239813653174,1.341581663352757,1.2669816370503113,1.245475365254562
1246,0.9469275656952519,0.9319024337536751,0.982513165595992,1.0683586985509448,1.103624150208476,1.1601166941293093,1.1809287578983323,1.2233170177978006,1.2897237915152389,1.2701976198850475,1.2543470076457197
1244,0.8899112499209321,0.8615867406345492,0.9135387394049583,1.002552319345934,1.0324763250393978,1.0911813612617947,1.1017463870414874,1.130831017415671,1.199023817308889,1.2349245221186689,1.2554013804625088
1242,0.7784538601674537,0.7511615199284556,0.8047877193071002,0.8998040523872445,0.9252315546502634,0.9869457812153507,0.9973550386369646,1.0346203261100488,1.103239840733544,1.1636587941209753,1.2281230516016162
1240,0.6565634424761527,0.6377844985714588,0.6946681048329226,0.7963065675357912,0.8166534422863696,0.8812483811694007,0.9003757167216963,0.9514349989341244,1.016705216439065,1.0729276422838154,1.1700431746894693
1238,0.5629610882553142,0.5531388352361102,0.6077935170578294,0.7111467232956663,0.7242632843327693,0.7895886713236846,0.8226345857095565,0.8843713387514596,0.9417359395744467,0.996358145296577,1.1170130646203893
1236,0.4976668299268928,0.5005889881555116,0.542419318256534,0.6408620734053001,0.6442379949938593,0.7073364275276699,0.7548981659767823,0.8279631963339468,0.8738747059973874,0.9474920489643289,1.0868427861140717
1234,0.43319945591717013,0.4543312685258516,0.4772786824663555,0.5698145358249936,0.5618225045492617,0.621493352180975,0.6803142953080072,0.7635439697732505,0.7945893053386939,0.8932123078789727,1.0365177891819775
1232,0.351063099663617,0.38510341812172755,0.39390693841426466,0.4864680798685629,0.4680450471262769,0.525110788560576,0.5906019882226982,0.6659953382675653,0.6795664984839547,0.7909417576214661,0.9167358509702931
1230,0.2579151899051333,0.2893546270742566,0.29694310630974013,0.39598583951650657,0.37170524075338096,0.426893201192374,0.4962171229799773,0.5332576928933297,0.5316632326007148,0.6479381705062363,0.7490324004575143
1228,0.17227097950941694,0.19174318147694472,0.21049959955629777,0.317333630959055,0.2935259166944965,0.3466115458639698,0.4201031279098691,0.40094322690610285,0.39212442600005115,0.516694472367969,0.6038092153443145
1226,0.10861039617872893,0.11949375813536324,0.15273708656782448,0.26419615831538656,0.2451846671317735,0.2962763898661667,0.3755994986499892,0.30868848728187975,0.29878927593232474,0.4297172265340263,0.5104410701464461
1224,0.07397395566278711,0.07924187980529863,0.11912282457935917,0.23073705523035073,0.2175099243022024,0.2673825375091354,0.35128384947354563,0.2569957723571169,0.24216081131096068,0.36583634544773763,0.4329626451797563
1222,0.06818720951386685,0.06010583367571795,0.09455394807857659,0.20205724443386283,0.19468309732717978,0.2433778066993721,0.3249626109202729,0.21771070073470372,0.18641475029278146,0.29140942518325813,0.337286147535138
1220,0.083454173926274,0.05342805382445928,0.0762139171311429,0.17701225047360064,0.17651024825060482,0.22331211854758248,0.2928281184206375,0.18488529082141317,0.13032100171146072,0.21305279327565024,0.24368867755906037
1218,0.1072670565465656,0.06034088336488252,0.07425863983411912,0.16992094100991995,0.176171121015837,0.22164027217047594,0.27353125425833424,0.18510650047538976,0.11443683392091059,0.16732604787973115,0.1948874004180809
1216,0.1262283408561331,0.07947100742673843,0.09136439568682708,0.1872537634513203,0.19633862308014097,0.2427693390163932,0.28081822433687464,0.2290139390198352,0.15922277384203024,0.1681226689194185,0.19761217988472526
1214,0.12885412645849012,0.09858944269129992,0.11388525230870268,0.21408430907534493,0.22026603361400238,0.2692652729760346,0.30495730940140797,0.28369310494744343,0.22756831928918883,0.1878528063373735,0.2169990381233451
1212,0.11229810429524979,0.1072839925688452,0.12855131933375777,0.2317219780357134,0.2324550922230936,0.28341927315730664,0.32889138354607833,0.3149937405392775,0.2711618513158871,0.19514630181622983,0.22023329667313682
1210,0.08988928455692916,0.11153427667974643,0.13808480310727028,0.2393299425210306,0.2367115526232455,0.2883882449756052,0.3494748979066059,0.33231782004212984,0.2892139904143408,0.19165186667235337,0.20714504774810472
1208,0.08445941603993215,0.12445561154017924,0.151735023966135,0.2466456529539873,0.24379397840242426,0.29563033862945487,0.3687271951588528,0.36305300892595105,0.31152730490485053,0.19788283403339135,0.19636665708579784
1206,0.1060231693149403,0.14466760860636682,0.16769282472149863,0.25282664541525807,0.2506371409536633,0.30151357188192024,0.37564844725159796,0.4025555543635524,0.3431930461010445,0.2167288443776446,0.19664402766871336
1204,0.14002962875192326,0.15574765623613918,0.1757182322200974,0.24755099354865934,0.24566843135610417,0.2930032271239065,0.3571851725147676,0.42365619203687316,0.36249838803573065,0.23075467077589742,0.20156748687002482
1202,0.16473686980946958,0.1490171943495304,0.1738406707244773,0.23131206477284222,0.2305899970916698,0.27235243010960775,0.3240864164584561,0.42456291542645863,0.36494580643259217,0.23086590747685354,0.2056831518263671
1200,0.17579074945387527,0.13591695902887993,0.17162028647656458,0.2198781303689041,0.22248017192970435,0.2592200937605436,0.3065161375011441,0.4308582359969642,0.37145605420690414,0.22767215108937724,0.21243621919841538
1198,0.1872085201491711,0.13404043069062174,0.17804941048492223,0.2263550252125932,0.23401499532779207,0.26784561282492336,0.3213133051762787,0.45194109344019917,0.3912962552203276,0.23424047625209585,0.22705312760938617
1196,0.21365394237225419,0.1524137911848618,0.19833164239829623,0.25273092695815624,0.26537180099496616,0.2981776859695554,0.360248729047302,0.47096543642748173,0.4122838601629076,0.2583017392529127,0.2574861888361915
1194,0.26256594240149617,0.19889014458808518,0.24539257213493823,0.3047251705247523,0.3194698122051482,0.35323813398361775,0.4152330714616957,0.48531436047073095,0.4381291502915916,0.3167919000930928,0.32643913682804115
1192,0.3409921304182734,0.289705692943062,0.34024278918119905,0.39907980217831746,0.4098175711978102,0.44662649268698607,0.4955259295918666,0.5240725025072102,0.5021239456506343,0.4326282328686008,0.45956669581867754
1190,0.4564118543016571,0.4347188138245611,0.4889227732164346,0.5417908782513384,0.5418968004832712,0.5807363432771621,0.6083003428674381,0.6093375793685807,0.6227132716502749,0.5987749468860375,0.6435031660046372
1188,0.6055988122273722,0.6155762964565494,0.6650126114340447,0.7069270490131366,0.6952711090184455,0.7296593949174256,0.736771896797265,0.7240879359430005,0.7678692144358864,0.7646824831508742,0.8150669901172543
1186,0.7676636080575272,0.7912430066369177,0.825119109968346,0.8512835332804998,0.8353291241413611,0.8573023020706817,0.8523507469930656,0.8351826863714139,0.8861103544139252,0.8818673413796819,0.9194082435405286
1184,0.9100065071104106,0.9252764483974942,0.9392290242091064,0.9485420682088336,0.9387904948251864,0.9464853424294017,0.940202692176992,0.9279157097306545,0.9584313892211987,0.950996299619505,0.9666707360926583
1182,1.0,1.0,1.0,1.0,1.0,1.0,1.0,1.0,1.0,1.0,1.0
1180,1.0154044173951362,1.0076496613351023,1.007196633019334,1.0134275260085925,1.0166060515318778,1.0183398440346003,1.0270408141755571,1.037514701450362,1.0203229808817926,1.0249018382704167,1.0158428415548166
1178,0.9535848515928596,0.9453952292490568,0.9575181314119804,0.985398758091233,0.9824352362747116,0.9915045973837551,1.0079863715853903,1.018804255856347,1.0035797560652802,0.9861570777452092,0.9607385715594419
1176,0.837360471546817,0.8288949650083847,0.8562719763469323,0.9116250153535054,0.8996145796407755,0.9162013049883571,0.9378692869337183,0.9386124968211805,0.928757366952898,0.8676407211869408,0.8144772891226953
1174,0.7064885551996519,0.6971582469845989,0.7282136496927589,0.8050221569964818,0.7888760334581931,0.8102472022216577,0.8323511750750118,0.8171624296084276,0.7975913880180753,0.7095304499498347,0.6342318743750676
1172,0.5944328541863789,0.5879230771660335,0.6053652644808271,0.6933251666075115,0.6799976187242924,0.7035383848845149,0.7206363100434282,0.6907206660587994,0.6441369249922283,0.5709855641667886,0.4975453766387205
1170,0.5133596594446519,0.5129821635633,0.5080041395255583,0.6021121392143983,0.5955225799354433,0.6207100411001222,0.631897165726816,0.6001956526688033,0.5227262415024607,0.48520998252726055,0.4388951685580787
1168,0.460110772790909,0.46469316479383854,0.44212035445292763,0.5441596012940546,0.5448561856231652,0.5736172778606307,0.5847498495448861,0.5736183695701417,0.4760304194716727,0.4599023531355866,0.45805296512099747
1166,0.4274346608923437,0.4358810804604578,0.4059035622210483,0.5171610214811707,0.523994847560056,0.5587035881986775,0.5763238233221674,0.600287100465753,0.4990678593463293,0.487835756533492,0.5404825525563112
1164,0.40740828355865877,0.42345857078178434,0.3911995411036914,0.5058315856503435,0.5165759364646768,0.5568537788973871,0.581384905973834,0.6318875541979632,0.5416619937857233,0.5373045989339914,0.6376483956452017
1162,0.39269152811021707,0.42058968584987927,0.3852778054873765,0.4923644598509358,0.5038303648324971,0.5455101025722874,0.5741856886180939,0.6280312651942391,0.5597746268411873,0.5588181733914114,0.6708879294934603
1160,0.3795717441014531,0.41708066271187555,0.3785033646770467,0.4703580239328604,0.47942540303812126,0.5172340657653259,0.5518107761388009,0.5929429390532047,0.5532780640159326,0.527707576252678,0.604039422378534
1158,0.3666764514349385,0.4060025516892294,0.36784508337865424,0.4460808215829138,0.45088509373684793,0.4823611673443348,0.5276758274592792,0.5528415474017552,0.5406833292652931,0.4692699190280736,0.4946330057249906
1156,0.350861093951993,0.38513726216902766,0.3516980864512225,0.4262977853965092,0.42638166324429394,0.4533960732527428,0.5077149681890494,0.5122907366309183,0.5173055086359919,0.42574370378624077,0.43369477271086093
1154,0.330752439891054,0.35783543590625205,0.3300543279092486,0.413285939771443,0.4098299718025363,0.4369364581571838,0.49050649650388845,0.46020824905620056,0.46898244187707544,0.41472636058056767,0.4516048522955591
1152,0.3139423770804217,0.33756541154452147,0.31362807455644665,0.4128275859580857,0.4101460092287869,0.4418175610285149,0.48858016690902006,0.41098859243801744,0.41704408913540886,0.43462944110584434,0.5146890388069814
1150,0.31080524763519374,0.34107839339225327,0.31995753629684665,0.43314464379284356,0.43884554960650607,0.4776876850241172,0.523840804758036,0.4052291854607409,0.41123521713083055,0.4847213340487005,0.5852434593524671
1148,0.31777359882960693,0.36614742843458115,0.34945739113048085,0.4676156621359766,0.4879350644448094,0.5344548104529213,0.5910466387213469,0.46122772784930643,0.4697055454697819,0.5517979035183889,0.6400030169526009
1146,0.3157253011607694,0.38440410748855186,0.3749863512394414,0.4904116371145118,0.5235674650001332,0.5767055953434366,0.6467980702916459,0.5488664084748727,0.5536716474712623,0.5954874578202218,0.6506705145090158
1144,0.2906271812454111,0.36957842062853774,0.3689978081628099,0.4824219273990428,0.5183696677585804,0.5760152675023679,0.6533597972995824,0.6200628184869528,0.6115440415241252,0.5825165642402977,0.6042889904188707
1142,0.2502095162509113,0.32893216481183385,0.33630813652393443,0.45551163579890186,0.4849312728316983,0.544761866453185,0.6231168149395385,0.6496235747755615,0.6280608450777662,0.5333191161953267,0.5439276301391335
1140,0.21528749862418908,0.2936482374242073,0.3061700904875478,0.43763030003254433,0.4605004937685634,0.5213905996181124,0.6009840622485687,0.6417740452455979,0.6212145558519758,0.5054993713870894,0.5394729654514777
1138,0.19943900347185028,0.28097472538678264,0.2953200759956178,0.437906740428016,0.4607145252900338,0.523310878327104,0.6091347195558353,0.6141655126078852,0.6107696976299157,0.5295658854544057,0.6084138056138648
1136,0.2010651705137029,0.2798039137918301,0.29439100400600066,0.4409069139873866,0.46637703574166933,0.5315720000653237,0.6289152784471487,0.5867264555982715,0.60544619085207,0.5845147224743716,0.7014344006008668
1134,0.20958952928479527,0.272251701898573,0.2897680064544413,0.43367358318547033,0.45752270126892014,0.5245459048388663,0.6351833831754561,0.5744803146612777,0.6085423487551115,0.6359523697185063,0.7699333385086083
1132,0.21538512789745412,0.2553784984743542,0.2825449381073377,0.42303871612410887,0.44235425594118827,0.5094688859920253,0.6285991971650121,0.5813188138758899,0.622410419809885,0.6733115948864686,0.810183278118034
1130,0.2180236163195695,0.23858284052023837,0.28097363897458655,0.4222467226602349,0.4427315873622417,0.5097329684771951,0.6273746001296714,0.6065428945986279,0.6525354220736358,0.7032172797032171,0.8325629420009684
1128,0.2270445437300021,0.230822011423582,0.2865338046721459,0.43271434588437224,0.4633256778236316,0.5317203594719349,0.6412050350445185,0.6548609977761745,0.7083091186578697,0.7281852099292899,0.8295986592300864
1126,0.24857323581607318,0.23372962362240612,0.29314689441385766,0.44398031851095804,0.4858049963964362,0.5559470291941794,0.661541729862512,0.7223512791302266,0.7845727702357143,0.7426749988591949,0.7951767202107629
1124,0.26899119042844116,0.23820885540966186,0.29115400037668815,0.44237991802039384,0.48660822354072775,0.556394792857916,0.6689311174310764,0.7724753072963528,0.8406245552431364,0.7358024457093056,0.7424648815188264
1122,0.2614365168688775,0.22667710448149883,0.2693961325839217,0.41687180920641675,0.453143981742074,0.5209646108223556,0.6448286691349963,0.7538600944518064,0.8229279996152198,0.692572295973674,0.6815223625370073
1120,0.21568290035510382,0.18977888705643528,0.22502818622276813,0.3683622355477067,0.39169468829684395,0.45954625670097154,0.5863316809898386,0.6584328069138079,0.7246627695794116,0.6087935676459351,0.6065599707255007
1118,0.15476790406431257,0.14327286725041571,0.17515953883148458,0.31845913111436164,0.32912539804295926,0.4010882698591274,0.5164110519987622,0.5419578019971106,0.6034863123131761,0.5101987162679422,0.524237219423408
1116,0.11277248167794297,0.11493606048603278,0.1444181846578284,0.29446891250457635,0.2966577338385597,0.3744427329156644,0.4686832836198803,0.4645099817059496,0.5187111284297147,0.4378402481408307,0.46633435951715774
1114,0.10123403567107184,0.1098900038292968,0.13392650508150208,0.2958529214481502,0.2982515153620864,0.3789466167401746,0.4520940091623612,0.4275367161851199,0.46908737295576686,0.4059397093812787,0.45038212202791866
1112,0.10550423105895307,0.1029065434470229,0.11674966629077377,0.288014492355635,0.300383589723311,0.37775899330811297,0.4387252345031444,0.3941130928764014,0.41764293292996835,0.3901657811030719,0.4504938063763783
1110,0.10742712464935991,0.07346927269923985,0.07433178819303166,0.24303852936231324,0.2671755646844469,0.334819552536284,0.39768340028133153,0.3538958603671032,0.3592959409223582,0.36523468525668656,0.43206762271772853
1108,0.10145901431781351,0.036258982482122365,0.024850784034577546,0.17808481609600219,0.2040720739583616,0.25928964406269706,0.33600260158647,0.33369577984444615,0.3281219144142376,0.3374134830475148,0.3979103370636747
1106,0.09191586893145193,0.02363269865370286,0.0011822460943997737,0.13689345390769547,0.15244561881327034,0.19903161363171784,0.29222090126486006,0.34701507284712807,0.3410109855602813,0.3269249527334632,0.3745635056399418
1104,0.08533346252295543,0.04541003159402711,0.010521359663878523,0.13875369372093319,0.14203982844964264,0.188165523540513,0.29100132964835873,0.3679471881059021,0.36876047263255435,0.3331830790068824,0.3684246601734651
1102,0.08668540323712214,0.07994020891110519,0.03212889893272241,0.16350430386510068,0.1645571966684421,0.21585365499165468,0.31844426227168304,0.36731653984103035,0.37436962953258096,0.3375494171512275,0.364926564954111
1100,0.0966869885130203,0.10375316654740667,0.05059510417174696,0.18713369567591553,0.19766246392397935,0.2529800028768738,0.3468948397641346,0.3529754482470798,0.35943023886952713,0.33689576966647516,0.3651966172980576
1098,0.11162648557124895,0.11672897504573003,0.07280200005344235,0.2120249545798811,0.23672700590631288,0.2921066135571059,0.3703872256718569,0.35769633201205847,0.35807446529471026,0.3540726253838251,0.39226421894742547
1096,0.12730758467538988,0.13279395920562173,0.1083630961319699,0.25166996938324976,0.28860265106575006,0.3437446394829763,0.4031248105333713,0.39776960898193214,0.39529149792584195,0.4053999273598498,0.4506836101255187
1094,0.14027064736593695,0.1547240151958986,0.14818246177694555,0.3006576215167077,0.34609846647396325,0.40447235501941853,0.4510895099143223,0.4565768585090159,0.46221707222915,0.467713865221396,0.49972316147375107
1092,0.14462199771112655,0.16804657201286638,0.17215672174288588,0.3370166463106913,0.3885055825414677,0.45251000525414825,0.5015249277977355,0.506443992930912,0.5304631675925625,0.49488244122856456,0.48792761755846886
1090,0.13529698812371055,0.1606240020849929,0.1720968971136227,0.3500438817807943,0.4065410727360076,0.4760668619078129,0.5413077380563047,0.5383357234185236,0.5845696812890372,0.4718053921193825,0.414181165024698
1088,0.11811111455859204,0.1404311851043354,0.1583161080503163,0.35001990043083925,0.41029903792725164,0.4856282528442504,0.5702040682577124,0.5662157830472501,0.63389987511826,0.43685173348943995,0.33753920219081296
1086,0.10708500742751678,0.12622295894917432,0.14381664602764666,0.34750624889263304,0.4078420268939931,0.4898721888124929,0.587910305753171,0.6017692568493128,0.6872046068139658,0.43423294214440533,0.3132771852102061
1084,0.10495896539989205,0.12243289952563456,0.12761221482100943,0.3349171772067469,0.38900362808010586,0.47513463078589563,0.5795987017487271,0.6284679281428024,0.7213132808713881,0.45215183083880867,0.32750565300054035
1082,0.09669830893573096,0.11424994292622595,0.09832335710994924,0.2974683739443725,0.340761413990595,0.423350650663884,0.5294757334957393,0.6111182613403571,0.6941343257587645,0.43466291389182393,0.3174120901390439
1080,0.07205631989012992,0.09124433039581535,0.053464268949950836,0.23716059000885434,0.27148220447716553,0.34244965254824383,0.44701643447668593,0.5361422546772353,0.5960964590304273,0.3572943232347549,0.2550728319788776
1078,0.04449288889835139,0.06470895411381089,0.009098578434843286,0.17637443337055175,0.2077677651861321,0.2638232400636088,0.366260993183545,0.43205467338772024,0.4704866351385513,0.2623183236584192,0.18373881630400754
1076,0.03411550373472444,0.05279756325897274,-0.013526066798667717,0.13827867095573185,0.16945202668274945,0.21249954517013234,0.31614178685181105,0.34083355134456106,0.3690961928802207,0.2069688203052547,0.1626080885899676
1074,0.04086032396641559,0.05893271706714134,-0.005325335588354052,0.13324109363458428,0.16075045079779354,0.1957845822558547,0.30423913311336187,0.28343968074346565,0.30982011267266374,0.20879580025320735,0.20915261290896098
1072,0.051012508401593604,0.07689254946931437,0.03088207643038331,0.16381594171619324,0.18404800798967658,0.2183198509323149,0.3305136852626314,0.26703907938062277,0.29617287878220083,0.2612594175836146,0.31246727894989407
1070,0.062135476106192786,0.10586879787064689,0.08761073909581098,0.2268648858373968,0.24196098795014362,0.28362061812237305,0.39475085772550644,0.30290050647598316,0.3449363669528469,0.3615271994007901,0.458546218405298
1068,0.08054220353399522,0.1424408704806209,0.14810785588158693,0.302061644406904,0.3174196207874771,0.37149475351353,0.47771486235955535,0.3849416022703643,0.45220560020719963,0.48204278985428956,0.6038627867772862
1066,0.09720813438588662,0.16582463893473154,0.1836632519891154,0.3524889661835851,0.3709749433086392,0.43623704498541677,0.5352567285774128,0.4616824176730966,0.5509713744477556,0.5472393519538263,0.6639049744133966
1064,0.09081097283238947,0.15595853004311697,0.1773068562378117,0.35598400693795934,0.37833590868931505,0.4492622995593301,0.537824731175655,0.4710865241656813,0.5588368778306644,0.500520394317232,0.5928701417794072
1062,0.06028584214536891,0.12702415896310168,0.1518130718622237,0.33376189818684376,0.36263507471931056,0.4344793072326002,0.5102724968913541,0.41341436816069693,0.4777936241371966,0.3901496933819831,0.463215709778361
1060,0.03244839899016952,0.11692960299307589,0.15013055276388532,0.32758038020378505,0.3649425442533775,0.4362497161029617,0.5030328310780701,0.35443939211129094,0.3980540473153422,0.32674503393308535,0.39762884189403813
1058,0.026740652452220934,0.1355404920165951,0.17832090959641672,0.34405322373162384,0.3828058234109796,0.45348976025066906,0.5199112234528348,0.3398215929165879,0.38239925353535004,0.34390424500978845,0.41702071953568653
1056,0.03090097309360765,0.1472365931761235,0.19013117514567981,0.3413611978920833,0.36498075658948803,0.43321175687031616,0.5044601768005172,0.3403615767997928,0.39139247059514487,0.35715107276782604,0.41925647218013745
1054,0.0239581596531358,0.1176675633650535,0.14434262633093292,0.2817258387735997,0.2777364902904833,0.3390788090982017,0.4123633674782273,0.3047255985288551,0.3506952836604593,0.281926262485615,0.3219843585774269
1052,0.0074607451104771105,0.05784121040418147,0.059914331445604284,0.18067005508110803,0.15376800294491463,0.20310874788951525,0.27269864491750717,0.23492928587108927,0.25382699192222036,0.14239355317359817,0.1657782384521114
1050,-0.002960420446357182,0.004456614843341212,-0.007694718962285601,0.08731462149694415,0.05599398197396858,0.09053810897314098,0.15346920075036727,0.17218197493890225,0.15544075559764498,0.02775564863580117,0.04672039723454682
1048,-0.006029885153698318,-0.026363571401363257,-0.03209868493376129,0.027607387911189614,0.00829175666834622,0.029137972365742386,0.08287265290350096,0.12670692991258473,0.08690248146227908,-0.018302927235857348,0.003824409019958072
1046,-0.015328885887284385,-0.04460683284202088,-0.03358588853839889,-0.013052579724798044,-0.016732994461557425,-0.0060797816546616125,0.03163030150066243,0.06680651296304257,0.028276670942705435,-0.02034645186530541,0.016036999247077466
1044,-0.03476431295513327,-0.056925459913126024,-0.03678797193668568,-0.05482677745179486,-0.04895810574017653,-0.045906820047615676,-0.03203160133029315,-0.020574529628479207,-0.03877458978821221,-0.009607066873732686,0.0667340144535505
1042,-0.05146400837850834,-0.05675794822119435,-0.03901875798813916,-0.09309952749635972,-0.08488164793048497,-0.0892220707520735,-0.09884226617290102,-0.09909095613506572,-0.09489033491541472,0.00847318283566182,0.15143182439710984
1040,-0.05325273371697751,-0.040629660575438736,-0.026295223474319788,-0.10831650423270435,-0.10183051128417471,-0.11368168789574015,-0.13563426335529508,-0.12677410891753124,-0.10975661881957205,0.034273261813835505,0.24376793710428835
1038,-0.03582191580131336,-0.008316379085153414,0.007988537153067415,-0.08522953234568263,-0.08065180092995906,-0.09770216607168042,-0.11779815308314515,-0.09502732933941099,-0.066873390323388,0.07591982208085997,0.3190139507824939
1036,0.007116829254773905,0.05079753318086727,0.07152140872946297,-0.013470999069146347,-0.007484152626183223,-0.024725107529759326,-0.03382358712345714,-0.008369970475409518,0.04523346048257281,0.16442992417527083,0.3940435453289923
1034,0.08049362677488495,0.14332828747999674,0.1698415296465907,0.10746480390076245,0.11678084792527617,0.10550249703854184,0.11025262529101706,0.12782559872281385,0.21962911839047689,0.3108492079544119,0.4837764235952755
1032,0.17791278992108356,0.2535366958121194,0.2874057790338532,0.2547001459258758,0.26195810967846517,0.26208356891877027,0.2779944887063883,0.28516955746222616,0.409222731436891,0.46971542819748324,0.5639091445058231
1030,0.2930658721087019,0.36560142943072954,0.4022509716925988,0.39801150274723546,0.39382991014571056,0.4079593808282886,0.42778557641458986,0.43270928810458653,0.5713735788834766,0.5969178081320297,0.629057151755274
1028,0.43082427306051346,0.4879962927708607,0.5184139564219713,0.5343776073195541,0.5163181290108867,0.5432335084484566,0.560111183706173,0.5873651422419135,0.7280151253981412,0.7139512568403101,0.7276019758956406
1026,0.5870731968676682,0.6297675156080472,0.6533271544967387,0.6826484321452525,0.6598356390241721,0.696366117253485,0.7099909981931687,0.7922079388514958,0.9304971840837329,0.8678939619580958,0.8912662039686947
1024,0.7257115689882998,0.7646592306023843,0.7923799466362705,0.8392208806280328,0.8249403525131837,0.8690838848304634,0.8861147792253914,1.0339148121326185,1.1670436468353187,1.0506744280884683,1.0771111716661437
1022,0.800084666054454,0.8461869488186795,0.8855784665329287,0.9628027033727184,0.9649552267632011,1.0169229727185276,1.0454203256080676,1.227883671367238,1.3546888097903218,1.2039835330005322,1.2245802234311454
1020,0.8015946148607226,0.8586267533810366,0.9016712634929922,1.0172308968675743,1.0369358446142811,1.0972761491529317,1.1418397387965227,1.3111992550054898,1.439150052688254,1.2981502806680008,1.3360643607334828
1018,0.7700419196637924,0.832945896079142,0.8660974343402225,1.0140543655259358,1.049494119108392,1.1167356530315853,1.1780329486976553,1.3172685037903407,1.4618515514768147,1.364113869815507,1.4516731536771414
1016,0.7508141399929575,0.8111989132909599,0.8324655349531486,0.9977711652011935,1.0451322795623317,1.1156208831915504,1.1919315538910042,1.3292299058868773,1.5021920223600838,1.4424306081664564,1.5714582059425193
1014,0.7519506485203614,0.809479420974152,0.8280944261305393,0.9971949401211578,1.0495975876754038,1.1200199630919898,1.2088523193712013,1.3823077561540504,1.5818079785745245,1.5339201555161184,1.6577225526924755
1012,0.7455622642209168,0.8138444764619798,0.8370373580309999,1.003642478168232,1.0540903501576144,1.1247458446287908,1.2248770900809165,1.4417528712835124,1.6547196726435673,1.6087027766441269,1.6976003307156329
1010,0.7013743323509909,0.7967350693125492,0.8263261119239197,0.991523774559593,1.0383640029552896,1.1139342253990987,1.225977663513842,1.4604243038593192,1.6722460759783793,1.6354061300692833,1.7041970192574305
1008,0.614475659748701,0.7366039158962071,0.7767938837044766,0.9469116130889705,0.9948143381286415,1.0809603980917928,1.2040396750638187,1.4221099864720912,1.6235278514427538,1.5922479285692512,1.6644780886689823
1006,0.5094481519086335,0.638569459208423,0.6959772949374028,0.8783420561419202,0.9338407402252203,1.032310058310776,1.160610702182824,1.3357508131527056,1.5232519222725354,1.4786133374177655,1.5495653529514422
1004,0.4223187836733565,0.5403135694858837,0.6132459525155739,0.8111400825830034,0.8782255302188426,0.9856231833814411,1.1115703054649595,1.22345857049247,1.3954285602848642,1.3322681448707299,1.3851435785073467
1002,0.3730943311699216,0.48422243104058116,0.5601371771497295,0.7714294978860616,0.8500544836705185,0.9613204687138108,1.0834439908492828,1.121875501514034,1.2760122376225447,1.2168272591431604,1.2570045420618754
1000,0.35211805769532534,0.47762519981529933,0.546434470263924,0.7663474833720905,0.8523333398094072,0.9641630178305867,1.089110267904602,1.068908664618043,1.2057348775857402,1.175210764085328,1.2253281035166836
998,0.33533482484707733,0.48745919907524393,0.5529296318722317,0.7765353189982889,0.8630902605574657,0.9737779484618233,1.1081757048812255,1.0707128981230507,1.1993947836131298,1.1980576748764322,1.2677897226305062
996,0.3129591811033117,0.4779242628161503,0.5511877986261439,0.7744144563153835,0.856409648119139,0.9646231663314176,1.106651805881858,1.0923368048974376,1.2276203455095533,1.2417575527285347,1.3250888902409153
994,0.29664257109596975,0.44495264241137894,0.5302423474515153,0.7520393134185722,0.829331903515418,0.9351940654527642,1.0771445380151006,1.0941661055817786,1.2430827588472109,1.2686013369196094,1.3681839645140186
992,0.29832823281331444,0.41001795943924085,0.5021881172875077,0.7262017190303884,0.801439944756471,0.9077408197985507,1.0459189059490626,1.0709300944158286,1.225228722943674,1.264877725401749,1.3944812151849737
990,0.3125898090232452,0.39210511050981156,0.48594855478987353,0.7168441606430639,0.7910368650714275,0.900713785405107,1.0391943785094722,1.046607030196244,1.19292874007018,1.23544930795207,1.391262022070619
988,0.3246361683039188,0.39358897200052984,0.48925835298968434,0.7266737875881899,0.799692097920519,0.9119143041406869,1.0553648418177992,1.0377174403864229,1.1729155683768837,1.1935432814622149,1.3426643326054097
986,0.32710031980767673,0.40524072271456635,0.5036379491148756,0.7429404153146443,0.8177865375034251,0.9286338663075131,1.0741972697975952,1.0342935938325828,1.1650151510700986,1.1500241827007787,1.2607459410179986
984,0.32201926905284906,0.4150422590853511,0.5130072605827911,0.7523731772933971,0.834844801764059,0.9423310868682917,1.0816223167533812,1.0201525377085585,1.1492760443704486,1.1065101728599347,1.1789144746830447
982,0.31305565531504087,0.4145402306546446,0.507606993261943,0.7501587388019584,0.8428023530566505,0.9492876876587696,1.0784016023692753,1.0026080447479355,1.1236903653996033,1.0624211604120994,1.1169348403098698
980,0.30292493257160585,0.4026307333315262,0.48961942617809345,0.737263210848899,0.8366809191092047,0.9453092428842247,1.0703185134223643,1.0077104829307482,1.1136880047025817,1.0247246282507696,1.0692891764137216
978,0.29336468912477653,0.3822075957854312,0.4633063443900882,0.7128123614183637,0.8144571996764839,0.924615046249268,1.05513221095685,1.0393687530291822,1.1300442178858736,0.9964794602685553,1.020459348900436
976,0.28157036046888384,0.3536221432618631,0.42476572692166126,0.6717316009548563,0.7744463132996666,0.8816702746862678,1.0194859872248485,1.055534245225745,1.1350786902099126,0.9583865814129924,0.9554211195872719
974,0.2617985661600914,0.31795965112503,0.37101559836219483,0.6130226377214044,0.7171269029096813,0.8163440730631789,0.95232974730303,1.0060066422423912,1.0795167875519684,0.8853328940016727,0.8664335179801849
972,0.23626547928637076,0.2871110096546589,0.3176989574226913,0.5506101331856348,0.6543093190100815,0.7424067809217059,0.8652135302210673,0.89650720376821,0.9708728653756479,0.7893508360339809,0.7702308618878899
970,0.21845600687656638,0.2801518219177202,0.29391887592474214,0.5094408576576247,0.6092545104295987,0.6858881055169984,0.7915112958354691,0.7923170366513581,0.8737427869815267,0.7221684105350517,0.7097891864898972
968,0.21860146101241343,0.30300145366650894,0.31230245144170105,0.5038031058855753,0.5959349005418579,0.6635740635169777,0.75471140338665,0.7458990267675855,0.833002131288184,0.7172975286225951,0.7151574164487131
966,0.23145008488860236,0.33747716453132043,0.351936804932556,0.5210055224168185,0.6001595052786397,0.6631313207883144,0.7421054448853435,0.739925388401597,0.8247154038250386,0.746593633224867,0.7640076191515108
964,0.24641713355477685,0.357497084940218,0.37876472967870706,0.5337329584780105,0.5941265433657408,0.6564213068994749,0.723992337750312,0.7214211197686364,0.8003654212987837,0.756265497957027,0.8029176859488726
962,0.26344380070643153,0.35283538637939654,0.3772448378747601,0.5282635582123578,0.5699842073445965,0.6336846683108911,0.6952439173973523,0.6752849434941846,0.7534767168350652,0.7322474408092664,0.8063030330506491
960,0.2880971711200867,0.33411346711472545,0.35704772197571355,0.5142529741073988,0.5464118907032065,0.6122487400393855,0.6793250261351693,0.6348930187096735,0.7161662811453495,0.703921601882926,0.7911209651303166
958,0.31617786558553695,0.32162341804508143,0.33888144708659734,0.5092547097252617,0.5417492678900986,0.6105201049330863,0.6915927760183712,0.630012218509525,0.7104155261774849,0.6935758639254962,0.775483632876585
956,0.33596148416441396,0.3318416490038725,0.3411248275669856,0.5218152986684504,0.5546407614471379,0.6275506920347452,0.7193215109937381,0.656555797629753,0.7329449419897057,0.6924462339105005,0.7519227392762138
954,0.3440787439887103,0.3656519997378252,0.3705412776539938,0.5492342058823775,0.5754667447277915,0.6532885697822371,0.7444659988495371,0.6985726513599915,0.7759602538514877,0.6890373886122478,0.7141389304521828
952,0.3472746873582857,0.4037256055486531,0.4146780476826991,0.581878453721461,0.6015794644584181,0.6835808456333061,0.7657696003055702,0.74721994662278,0.8295758279718352,0.6927985382794201,0.6864975162520464
950,0.34944526529494796,0.4212736933813144,0.4484053432111174,0.6064271825351248,0.6310777246942166,0.7144097176652001,0.7868517076450047,0.7878833459004084,0.8681864727701418,0.7156321676406945,0.7016156301183183
948,0.34909113807254316,0.4148449751736772,0.45822973259743893,0.6134527582636061,0.6529625698346815,0.7332121179652052,0.7997026584353302,0.7970982340880272,0.8663837279413772,0.7463146964677938,0.7545183443365653
946,0.3503830377007882,0.40716679440859926,0.4552976170610972,0.6063145354039122,0.656148288894441,0.7292493639341562,0.794838162318114,0.7683146775574201,0.8293121256840467,0.7582482463328226,0.8004250167808209
944,0.3645001282507883,0.41935637357921385,0.457155981069188,0.5979052187211493,0.6437351975477522,0.7080255455847629,0.7769890700651407,0.7238433932729812,0.7845225756444122,0.7374366846905626,0.8016127395565894
942,0.3953623357105459,0.44565968809386397,0.4647202002698611,0.5962794616692031,0.6295433535740466,0.6864319495235741,0.7583120855069073,0.6908296075522559,0.7483718070306798,0.6962571374518641,0.7646075003310642
940,0.4313004189197598,0.4618412888626806,0.46598111637368994,0.5967636759245243,0.6215114062601259,0.674626152997818,0.7430294374048003,0.6771658141557444,0.721568362871663,0.6599364162012291,0.7225981241104469
938,0.4536274808268901,0.45112195929963567,0.4538116792661465,0.5884612953810895,0.613330172549814,0.6669053043326458,0.7274158951328485,0.6744781781409366,0.7069225523074779,0.6380648492646339,0.6863360592030388
936,0.4477462495918296,0.4141281818920858,0.42782639816314466,0.5633956105656833,0.591217241013249,0.6478218122171882,0.7063981320486135,0.6654782280451117,0.6982385232043603,0.6094305088500213,0.6292441877647706
934,0.40833715127466186,0.3626477461620814,0.38687207594077105,0.5204451756493179,0.5470851501738132,0.6056262848784172,0.6724856235238438,0.6233690794768518,0.6584174606858131,0.5430574662652831,0.5291138793814718
932,0.3436465366689261,0.3132017067138652,0.3342595343006532,0.46759677748476747,0.4879959491609445,0.5449799036524166,0.6187538342003879,0.5292949018433063,0.5514498999923592,0.43980967349813826,0.4112287300650737
930,0.27411447809062073,0.27903985748823973,0.28445979275641503,0.41935313832881155,0.43196775518500236,0.4859634907047716,0.5505845649283662,0.4017593769071565,0.40041503168390485,0.3411042209647714,0.3304604345469158
928,0.21719149070473662,0.257317607102299,0.2491078460964689,0.38221358354010904,0.3882948010414351,0.4414324444031865,0.481776851007253,0.2879729702653507,0.27440510638909354,0.2858189019511612,0.31311917786300575
926,0.1690904804548611,0.22611126426390923,0.21694409626877414,0.33806380689558746,0.33860548268507384,0.3907034986488888,0.40642441672710555,0.21015203670016092,0.2040977272677828,0.26485807005087625,0.32957259101739317
924,0.10655889621470581,0.16256627148862474,0.16025381947702833,0.24966321412168288,0.24348645038592745,0.28490634237318496,0.2844797036802266,0.13272559180527788,0.1384551085146277,0.2276124368184697,0.3236885118631509
922,0.012420439472971105,0.06323536994074853,0.0637521522944562,0.0932373938056703,0.07783408993922385,0.0923330806268245,0.07791587143268881,0.003206641354092581,0.008419625861452796,0.12855957763937598,0.2528461475297321
920,-0.09610835720431433,-0.051042584752178856,-0.05518368639630841,-0.10023916205460104,-0.12469523452301216,-0.1442180514420316,-0.17651769213573912,-0.16932102190616924,-0.17513613870221856,-0.035404493991659784,0.09952960943532664
918,-0.15983171941157281,-0.13440089280495032,-0.14417157295456748,-0.22516592688081324,-0.2510265961659341,-0.286518776375347,-0.327493388659235,-0.27722775304518105,-0.2924746317778872,-0.19907414677760088,-0.10029351149627153
916,-0.1314539212085959,-0.139182136384083,-0.15140160467335065,-0.19010203449309748,-0.20622812309144117,-0.22675010875660637,-0.24979833037629254,-0.21709410066630688,-0.23478366384683638,-0.2531044445392101,-0.23155976342730758
914,-0.040655355846962664,-0.07074788919628817,-0.08406434721444657,-0.04192340955920006,-0.04551147338026154,-0.03852654344645016,-0.026739114681511064,-0.031031291583593256,-0.043685188956684204,-0.16573790473776878,-0.2171924105383034
912,0.049544471753787005,0.018331083943604578,0.0052716790260625345,0.10911408398648137,0.11123421958496806,0.13837318430103293,0.18064477530481526,0.1669116059877946,0.1668158020504039,-0.013226931366334793,-0.10613040374158483
910,0.09977790414343268,0.07784051525927929,0.06589986403106057,0.1964818486278745,0.1959668676823873,0.23224381467092964,0.2914796915810653,0.29727751337924074,0.3087202623695294,0.10959605478444522,0.012940837795547538
908,0.10580811255010741,0.0926464237422695,0.07806114978928315,0.21250134728413206,0.20712533245671488,0.24613339751987864,0.31033738120579685,0.3372314362952232,0.34540688242957635,0.16269557316135286,0.10297053886885921
906,0.09758058153763353,0.09310620823945631,0.07035451217672974,0.20154860661677457,0.19762979783793377,0.23926281209678976,0.30306720293289086,0.33457553347761493,0.3250862536872321,0.190131638276053,0.19418179961232596
904,0.10822891440362445,0.117316589613329,0.08860495683162051,0.2183467018955607,0.22462113079834922,0.2731823961620867,0.33841245754993,0.36628706721151777,0.34514271926524126,0.256107900183864,0.30913824608258417
902,0.12947163970487416,0.15562120613223532,0.13121928173605715,0.26261142216851324,0.28054867156224395,0.3388134684036214,0.4089077658777158,0.4365302977108776,0.42449633158458466,0.3361606278826308,0.38758943922426453
900,0.12122463816057381,0.16131295918355834,0.14674885749805128,0.27822855055633033,0.29985469162347256,0.3634901485568312,0.43618057173234287,0.4595809971291885,0.4645463308654088,0.33353962783877467,0.3488738615641082
898,0.07368881598235182,0.11963831036383366,0.10854153124914909,0.23256105785248782,0.24891937145371262,0.30908078398657557,0.3768981729103669,0.38196964119682364,0.38722240173287203,0.22500273701900012,0.22797760010292278
896,0.03240590935050992,0.07342061426022047,0.0581190714329598,0.16950547754291256,0.17989873218134358,0.23276094817094536,0.2919838635337371,0.2757236798735443,0.2597918359552082,0.12152024685074289,0.1687205946814543
894,0.04203049408096968,0.06551068348725186,0.04904585481854501,0.15521853578819617,0.165948450075153,0.21651896361913361,0.27175059473838864,0.2512331434467001,0.21024477373526304,0.13321561649221003,0.2484372068738316
892,0.08848759229565896,0.08558072311885577,0.07670804926785058,0.19335187207695473,0.20800063684765746,0.26239370934298484,0.31969987198936095,0.3128032867565156,0.2579533860907367,0.22922159158597535,0.37936431352304323
890,0.1205559673370087,0.09401376401924456,0.09457295913820458,0.22870560604250306,0.24211626710698916,0.29917070454507727,0.3587387611281763,0.36651693342222447,0.3081381024463285,0.28975051160932214,0.4264507467737729
888,0.1134888659097582,0.07613156732953506,0.08020102433093042,0.2234709563374494,0.22643104825016908,0.2801944833199359,0.33970484110862,0.3528911799990094,0.2951312696404409,0.25978481095957323,0.36614966303212665
886,0.08445849212846256,0.04848180720264019,0.050692085702102395,0.1923054959803908,0.18125240554458014,0.2294825845674258,0.2908680474878432,0.30140554560423743,0.24848406763544395,0.18476878302108068,0.2697226590797947
884,0.05533540569410614,0.027170906433541763,0.024354138877030744,0.16321417213645004,0.1444337579786304,0.19070936505425962,0.2578244669971919,0.2551070945416626,0.21442303230448106,0.11780585428864473,0.18108934719680841
882,0.03159668156189144,0.016732960657364983,0.004043004852773798,0.1431875644872932,0.12760233011754987,0.17596129396027324,0.24782226115458442,0.21365644748925572,0.19158409524370218,0.06702353784150492,0.09218195818182486
880,0.015319609948438208,0.020273131245632185,-0.005464880115022153,0.13035827512182077,0.12425262229824609,0.17482077928552794,0.24691247499827457,0.16455359099996733,0.16170302769686676,0.028632427929745467,0.009350226424469905
878,0.009954059701326083,0.03421232657774653,0.0012795161259773753,0.12582135886218562,0.12677251946964913,0.17602522741993187,0.24677217121020467,0.10946533333023974,0.11835775432835893,0.001896821728106879,-0.0420298979997167
876,0.00781842478277053,0.03759138137755636,0.009016342746243331,0.11972001895555592,0.12168372946324252,0.1645098350100502,0.2347193722673367,0.04128309752297438,0.046602263793878135,-0.0364775379319573,-0.07581838245381461
874,-0.0035371124258696696,0.013259809719619556,-0.005051598327545404,0.09600005303975419,0.09739463512762934,0.1301621327198997,0.19785898346530478,-0.04684055186120068,-0.06055783837932894,-0.10852308907263068,-0.1295636302757297
872,-0.01666754195459393,-0.019060161030004602,-0.027997495014826946,0.06847598639152158,0.07349481254828506,0.09824640938901581,0.16158649629567481,-0.10674094882392869,-0.14020668704006645,-0.16928907202862314,-0.17923439841239852
870,-0.0080314875733339,-0.01722323489233302,-0.014158324157285565,0.08236914387226014,0.09453424203902833,0.11948412510270029,0.18496918597852613,-0.051068867073261304,-0.08322027879919766,-0.12801144137575443,-0.14387463935068373
868,0.026128304357207047,0.02892693537066504,0.0514311747635988,0.1543958510637865,0.17184395828831867,0.20478718680802183,0.28444303730664416,0.13454713663920467,0.1325689202092789,0.03469961501193017,-0.0023624352051321673
866,0.05946439527912023,0.08041420501234714,0.12029684801617671,0.23430187101225344,0.25285731550902235,0.2942012183260317,0.3910389860176259,0.33909903457715074,0.3787888914071678,0.2205442497725428,0.15825792063192368
864,0.0721973447648469,0.09773856920197015,0.13554479518671364,0.256974115070354,0.27494870698278806,0.3190755825745859,0.4203412828636757,0.4322420027878994,0.4957714656884292,0.3188474514371185,0.2470943025829755
862,0.07837536184665432,0.08760629199385257,0.10187406042942349,0.2202923318560351,0.23749462915799988,0.27934561529513363,0.3675376456243577,0.3958659352544773,0.4485858414027456,0.31894871345054115,0.26951910879231533
860,0.10244367476145064,0.0868905217520204,0.07646812966356402,0.1830266063038648,0.19787188075980547,0.2352579829462953,0.3030043112859983,0.31641683637214074,0.3314292733038355,0.2881898540436292,0.28686348405302414
858,0.14754035078732722,0.11897330885218109,0.10525429338676125,0.19754182722895536,0.20969272050364063,0.24139775391499757,0.2949169022826023,0.2847304117595298,0.26006415718524317,0.28631300345995236,0.33108451681738105
856,0.2083800661868355,0.1884089751772386,0.19531217838879744,0.27497433321974885,0.2893733571227625,0.31583420009161056,0.36773125054760325,0.34356340413727116,0.3015125495464625,0.34241142350499704,0.40617853241135715
854,0.30606286537769056,0.3094394954333698,0.34308662983297983,0.410689447191996,0.4329720456447096,0.45819685119182,0.5167666106424673,0.4980796146950909,0.4684909076717284,0.4753138212158934,0.5294312998999366
852,0.4827403843098764,0.5089974666271011,0.5552536369390912,0.6059611636661785,0.6319168177878947,0.6597513302617019,0.7199257727412519,0.7208456422983202,0.7208407570392401,0.6805724408238875,0.7124377927418527
850,0.7471483531156615,0.783797729325637,0.8218787982501762,0.8454171380899272,0.8595358176555601,0.887493508073031,0.9314743269221003,0.9496020018683463,0.9759499001971587,0.9078549907539517,0.9196409866122506
848,1.028813229787544,1.0618866258279194,1.0799063972784453,1.0701199988594194,1.0593460921004638,1.0811456169985887,1.0944753401904657,1.1180811875673178,1.1581275457624212,1.089505099357503,1.0901648852432706
846,1.2014847030375366,1.2274043826791776,1.2271797457768991,1.1967376381626276,1.1654410312442185,1.1814581597682012,1.170943003257354,1.1932634170198995,1.2411392818867484,1.1857534361020792,1.1876028073682896
844,1.1756917263272195,1.2042193380381714,1.1937531659227147,1.175017233043098,1.143568140842333,1.163804422878079,1.1533524117361935,1.1716118175721064,1.2306585247740494,1.1834410078353041,1.1988670511699613
842,0.984117690718377,1.0258473787861864,1.010081638688443,1.032689099232067,1.0206433143990237,1.0539887258014375,1.0601199816712195,1.0664090087104587,1.1373742641231066,1.0844341038638077,1.1196462552914834
840,0.7661053440917417,0.8173970722500008,0.7975650723863552,0.8640704382186466,0.8756097231180023,0.9198033520172617,0.9381924798296023,0.9257879213445243,0.99917251218421,0.9347709966129062,0.9896580807390357
838,0.6520155452307859,0.6973459956843951,0.67612138772786,0.7633043638506276,0.787830643745614,0.8331442093372445,0.8522801293408764,0.8300589355216424,0.8932664787704622,0.8302113456353124,0.9054151171469659
836,0.6632230584925062,0.6914846102590656,0.6745020648432876,0.7567143521956708,0.7809773845167824,0.820557185514255,0.8400936469253223,0.8274326493000383,0.8759718868049086,0.8353534769645193,0.930819515585862
834,0.7261097436433647,0.7378502862264023,0.7304488373928063,0.797896708385986,0.8172224242076969,0.8506695816419919,0.8799074828343607,0.8867358813715145,0.9254688672865771,0.9096045956813834,1.0108489780702703
832,0.7717502530211497,0.7701065431815396,0.775128198290796,0.8314243919355486,0.8505564368789452,0.8800688058879471,0.9241338685006267,0.9489589539411725,0.9856267382490009,0.9654336725408482,1.0419938489622804
830,0.8000648652617189,0.7854690510962975,0.8032352881026746,0.8520304629831693,0.8763797650403202,0.9036603367344399,0.9592620163381164,1.0080306483251644,1.0506798168652904,0.9927814152892889,1.0245742553494126
828,0.8403197683179013,0.8209390957940667,0.8478270111741437,0.8869792061806396,0.9149269513266355,0.9414905295357874,1.0038091405593565,1.0927709704429691,1.15192135070787,1.059631729178097,1.061912458976806
826,0.8813426873766337,0.8782912887174651,0.9059500151997981,0.9339454082669675,0.9588411929476037,0.9859005037272361,1.051813964937123,1.1806866027076954,1.2650475233189966,1.179258365300594,1.187258472640429
824,0.8757544386067566,0.9047958987251201,0.9258714359353057,0.9495555043303539,0.9675807988669787,0.9947908904632076,1.0596229596188202,1.1935765235963507,1.2974814932518812,1.2509397199841987,1.2778195134257748
822,0.8066697008393962,0.8586585800535148,0.8749150797705355,0.9064452164852078,0.9198603083531008,0.9459738093281448,1.0037056733384289,1.0965427315090392,1.1961620973721105,1.1800284619359545,1.204230444863409
820,0.7165504358707265,0.767392085933375,0.7879249255934404,0.83215350393298,0.8454474896348877,0.8703220095524886,0.9181692205239553,0.9505990073147731,1.0211349564302747,1.0077743338403473,1.0086299724372383
818,0.660984270507726,0.6970149581272754,0.7264971028652206,0.7736343313156041,0.7896727611131609,0.8139398154478499,0.8525160704471134,0.8413564452383159,0.8786473990830725,0.8634013799068315,0.8547221956760674
816,0.655540829124534,0.6777028094668881,0.7099661608713497,0.7443979850095388,0.7641879006922477,0.7870217100536115,0.8162459477813082,0.7939630221301597,0.8134365331221955,0.8149533574343384,0.8296590154095709
814,0.6766376830944584,0.6847823243559428,0.7100425143597128,0.72638290713049,0.7487956966181626,0.7680493150801527,0.7875982971497921,0.7815483628683537,0.7957347160276652,0.8208877501292853,0.8691879288199512
812,0.6941709668568974,0.6837352859700605,0.6990603653811197,0.7064625678820023,0.727029808359306,0.7423317182127098,0.7566260620186186,0.78032749744281,0.7852929249334168,0.8126006322146269,0.8692439628416083
810,0.6856141310171526,0.6618407739187696,0.6722639312629566,0.683608228908276,0.6968041066103644,0.71127460251775,0.7296434237067527,0.7792756418260486,0.7668134257203014,0.7668425803699622,0.8001016609128818
808,0.630838600034456,0.6122545705401472,0.6242653177774908,0.6461923571779744,0.6508572777222928,0.6687482423836796,0.6986886944762076,0.7544295847220621,0.7294443702330042,0.6905573560286145,0.6947536256187843
806,0.5194609081119661,0.5207670858832734,0.537461347368991,0.5720613922118888,0.5726875316126929,0.5954869039277816,0.6374880821726439,0.6738604831469056,0.6501763901433602,0.583996489124657,0.5806902365295653
804,0.371547084232742,0.3912440551422486,0.4124492132703846,0.4622659721606654,0.4642825692812316,0.48963231283383074,0.5389577630520489,0.5372732520592453,0.5194663692331364,0.4513205307443176,0.46357750169755646
802,0.2376582544291552,0.2661203247538478,0.2910291045880537,0.35742465874378787,0.36431535075593985,0.3889385854956433,0.441022421106024,0.3959688719446668,0.3765403232427933,0.3291673799178243,0.356973257786466
800,0.16423000098203525,0.19515070174713167,0.22492244098914255,0.3045932435925873,0.3202757298455197,0.34388575104388874,0.3986003736887686,0.3221002914234495,0.29868128811512856,0.272334315376493,0.29098058174485214
798,0.15821484632361793,0.18714112809793843,0.22454576298083767,0.31138930213060256,0.34003963921090247,0.36590573765120965,0.42760336152489586,0.3486298672189343,0.33430150225346966,0.30239588113837307,0.2855667264645448
796,0.19081899870333796,0.2092026676473766,0.25355566144454145,0.34178704328669063,0.3809908303647559,0.41215710183638826,0.4835758662069346,0.4317759855746517,0.4422485821577532,0.3800220826426238,0.328256457218121
794,0.23111050472258554,0.2281842564811835,0.2708837661605301,0.3549701303324989,0.39253001248781183,0.4279980924362711,0.502962175422208,0.4812130000708875,0.5170296191230819,0.4375050081078304,0.3856107039803706
792,0.26697177833695596,0.2375298102657286,0.2661457784351608,0.342458814684956,0.3663464928923434,0.40214965993117363,0.4681627503738853,0.4466030980224754,0.49385635867631206,0.44311512625328564,0.4368230107213787
790,0.2971428289520346,0.24884856111968312,0.2572746281283307,0.32876064463770666,0.3410082971258481,0.37503258863246786,0.42661631276886797,0.374188263080565,0.4200314379371688,0.4296724037154617,0.489730392230705
788,0.31784121059101184,0.2732069351121708,0.2661893237672077,0.3406952058632584,0.35762060256272377,0.3919049903776346,0.43834500078640315,0.357457719878311,0.39895497891156706,0.4495698538004049,0.5526171772856522
786,0.3254803093770691,0.31140814062773503,0.2994522297618086,0.37955458984751994,0.41687403131085854,0.4545311743134753,0.5103853421108381,0.43217434573709856,0.4707298256807799,0.5058949019604877,0.5963324981535689
784,0.32649874230205955,0.35307768349068264,0.34598633215752883,0.4246075097279376,0.4842966861224061,0.5254837557203412,0.5955168562934986,0.5434495748573968,0.5774002412171884,0.5502255828301383,0.5760160514629818
782,0.33529681414826856,0.3852992724810256,0.3904295238814654,0.4610710428430395,0.5335604149289822,0.5758906888255214,0.6533033727615407,0.6204960441164057,0.6475786176889456,0.5563853940027752,0.5060708623173471
780,0.36050525903153013,0.40565891520876973,0.4267993858518644,0.4940913971693946,0.5700086128588134,0.6123771975471879,0.6893062277952275,0.6522676520897372,0.6775046607515298,0.5653015286440458,0.4762524950115128
778,0.3958974682448956,0.4208871808016761,0.4539959415144696,0.5277413166271371,0.6031184186477835,0.6472762489908247,0.7208664538108573,0.6661655960290297,0.7028494538785438,0.6240426106771572,0.5500164777450381
776,0.4258387933115962,0.43042566374796576,0.46203748722097693,0.5428144863728586,0.6134011995396068,0.6610566813289718,0.729995403577731,0.6629689869929759,0.7237756198138515,0.7017761256596775,0.6679329194367029
774,0.44037286608480564,0.4249849728390079,0.43976727556798784,0.5171550528534787,0.5741788507912912,0.6237383289757081,0.6858779856112855,0.6194988543945363,0.7073840353497903,0.7184821211138659,0.7112078679351946
772,0.4461549498282055,0.41001172581267314,0.4028135934245644,0.46818225931836766,0.5056892311943009,0.5532067426655801,0.6088327439636277,0.5508134782294472,0.6589466585856449,0.6624212055458334,0.6636758186616577
770,0.45958816244625794,0.412448423324712,0.39352829303257053,0.4487792160402403,0.47371712616722694,0.5165854987712483,0.5687069927890659,0.5175137184564575,0.6353107498592675,0.6214297729411357,0.6404513487586507
768,0.4846302179356917,0.4440266897167164,0.43186033713082556,0.48341980382970523,0.5116749746623478,0.5496174237884592,0.5975100101771698,0.5441045469960051,0.6600673371999386,0.660936655968717,0.7199539714024351
766,0.5009286506415485,0.4704280304803451,0.47713166807085977,0.524952585125444,0.5644495203093054,0.5964292874885325,0.6322844434136471,0.5630146452986795,0.6638013136747749,0.7132360679529236,0.8092455925476414
764,0.48319523747391857,0.44391138988284123,0.46562926299539814,0.500617923097793,0.5429271894165333,0.565187439611171,0.5809221734067966,0.4832837306987225,0.5575456036854871,0.6502966302446603,0.7502768061387014
762,0.43031746309972885,0.361944140260088,0.3841766593931548,0.3947900437321545,0.42698328809022984,0.43627466963420597,0.4321028550966098,0.30614015943395445,0.35439141236057686,0.454072822342563,0.5324794249830583
760,0.3627853126872734,0.26773328176175665,0.28148051426530113,0.26125591188272224,0.2814479589136909,0.2793306131999376,0.26312370736396845,0.1324346206029111,0.17019251427600787,0.2499981760112288,0.31652168111559653
758,0.29099502921718157,0.19444642233139078,0.20500962797778768,0.15494008147083918,0.17054312482267164,0.16210529634553958,0.14158687403624526,0.048618548889932695,0.09314619477083075,0.15638035714890355,0.23798833945613468
756,0.2039128251142953,0.13609424913034915,0.15257401518576133,0.07897353856981602,0.09310960120829488,0.0815449271265896,0.05907996791383253,0.037167628484127226,0.08908644849020955,0.1515284375710219,0.25691856569681715
754,0.0989842704293927,0.07655510123237491,0.09529562694273953,0.008505010454603688,0.016413348120055866,0.0015420970537947166,-0.024228759980327596,0.016520402421140227,0.058117362343183106,0.12313763240367108,0.23466487425765392
752,0.006858733601219544,0.01779163409956174,0.02427988978356223,-0.05877427276998082,-0.0597108088260338,-0.07670534029518951,-0.1050598527152555,-0.051843501115898936,-0.03708020809866389,0.018649471104944356,0.11161885698949539
750,-0.03383297552356727,-0.030863819390731625,-0.04179766874358135,-0.09766026569833458,-0.10330832771994894,-0.11666088358372997,-0.13936368672785074,-0.11973324924564269,-0.12826396756114647,-0.09637871937833833,-0.039756640885331276
748,-0.016679385624452144,-0.061509954069491536,-0.07787256429915763,-0.08749428376463682,-0.0952058118580413,-0.09829311717681993,-0.10018275810757059,-0.11103699882710451,-0.12477441230869388,-0.12627793533361234,-0.11618733893594728
746,0.03674088311737782,-0.056576305474157415,-0.06656579767580006,-0.02899346190321644,-0.04120115700777548,-0.03118292985206155,-0.00016274024990821264,-0.00216677655196509,-0.01069236157846209,-0.046046190084531834,-0.0775803090182163
744,0.10158725790927173,-0.007997080254960848,-0.013437135966449174,0.05542335019851824,0.03901812034784025,0.06111097523650547,0.12200166178427055,0.15158514183219146,0.14102075841762043,0.08911086400760204,0.04371871052425026
742,0.1508344558204259,0.04708003007998196,0.04025204743771147,0.12332565463748602,0.1080462804447043,0.1379881337516507,0.21058378634275537,0.25158517014693066,0.22646594134212777,0.19015918448774957,0.162484679098566
740,0.16037897763904208,0.05496688227108531,0.049047683585164106,0.13944597387349722,0.12743179050626352,0.1579403318833856,0.22340922594511733,0.23645471784152008,0.1960061308445449,0.19391139103707536,0.1878422812643997
738,0.13627315466832152,0.016250190496387422,0.01844634539817611,0.11699769962890696,0.10449776277522285,0.12965912436122778,0.1830549943274138,0.14824496912313184,0.10485525390118869,0.11483290362691342,0.10620858114862253
736,0.11536922799492935,-0.011321330827209788,0.0023668011941306434,0.10987429969841946,0.09590381537202353,0.11788219942215053,0.16910312839652808,0.10046754932644604,0.06618021707841583,0.03775610157161884,0.006786177119925841
734,0.11974542150167712,0.011237147726719653,0.03557971422653131,0.14909435323510087,0.14129385015622542,0.16945268448663828,0.23188384092509923,0.1620271152768237,0.13857630852235386,0.036506048025945065,-0.013257532472251152
732,0.13105348187023175,0.06282474817195828,0.0959294103480153,0.2099514399486205,0.2188141552836601,0.26004293469611434,0.33983538222376525,0.2963962217456918,0.28213133512678923,0.10910316819732592,0.04722555967691246
730,0.1287240550291151,0.10933439058578165,0.14695222204336358,0.2579341212631895,0.2885574532670814,0.34081831253298117,0.43652463869074065,0.43262276099116914,0.4358355060894268,0.21047867751983873,0.12182457893987
728,0.1282002786019824,0.1508902687141494,0.18583279896109364,0.2966967357200659,0.34681534536008063,0.4031576601290116,0.5123899401966017,0.552511388888573,0.5897677926844705,0.32025693832982993,0.18374677426134114
726,0.15164512227439517,0.19547192520457196,0.22339868415085928,0.3405562123046561,0.4015073150419784,0.45642704058400385,0.5784768876016659,0.6626888631518498,0.7415825767088753,0.4382860723949111,0.26503606848448513
724,0.18131485053286656,0.2198521359713682,0.24362142551747773,0.36588598306270276,0.42371139506459565,0.4730559090310489,0.6031129913487734,0.7189139505311534,0.8277719857699039,0.5320505377306707,0.37200336950248025
722,0.1804902520385312,0.19655572764947776,0.22154087236362607,0.336163501132191,0.37774968764915107,0.4170589768022776,0.5411625246155269,0.6582118228114098,0.7752806690847488,0.5469191241472372,0.4478173252368534
720,0.1488182675704807,0.1409823971600361,0.16876102461646755,0.265460206785263,0.28839901636226023,0.3166089256480644,0.418136636490776,0.5056286748828571,0.6130877859666665,0.4789343243414696,0.4459263703404996
718,0.11498111563488793,0.09178327582646516,0.12159057628118895,0.2066244401304699,0.2199201385064181,0.2423575695560404,0.3155774891818779,0.3670104041273095,0.45276009117291044,0.3891730541084813,0.3947765289735271
716,0.08066044488017672,0.05572781467150876,0.08807838754951494,0.17421963988109887,0.1866018659198574,0.20971976364300385,0.26340438555684037,0.29057737077992385,0.34449753611103096,0.32636147385719777,0.35622193288519916
714,0.023420745065669553,0.014680992152698219,0.04879489129802619,0.1351724986691323,0.14741676749433583,0.1730344848985385,0.21982112008344507,0.22019677093510107,0.24048234119894685,0.28506636654933726,0.35880955764161965
712,-0.04109988015068103,-0.020791207269141205,0.010222125672808242,0.08552341213279124,0.09680693476287561,0.12572918850478604,0.1727277126507829,0.12227703408328099,0.12575091359068355,0.26305293330462576,0.4057718414389137
710,-0.053058249740972056,-0.009868957921158513,0.013625026011680273,0.07869839171619726,0.09430643714280619,0.1320822352434419,0.18385866349779315,0.07675579399880841,0.09371411314199768,0.3029356184366747,0.5021901827321209
708,0.014746416475215865,0.061048653092147895,0.07709222074531996,0.14945586142034115,0.17668627725699168,0.22938146475803764,0.2943243842833522,0.17656518900459023,0.23004338036431882,0.4316727964041251,0.6285744052681417
706,0.11222287531840548,0.15339874955283922,0.16083100303273495,0.25267440401099445,0.2924007495912629,0.3578528264696551,0.4442125207280655,0.38215446126843344,0.4731024665359517,0.5920194379977055,0.7202889836941505
704,0.16752809579462594,0.21744735993374215,0.20791603564650427,0.3138217001837294,0.36067166430270486,0.4297888237749739,0.5348062449458519,0.5458529431889129,0.6563241870788521,0.6831687920092975,0.7223237559613077
702,0.15706342029498133,0.23081671229791909,0.196543505078272,0.3090839613295287,0.3578029215253158,0.4238190780487074,0.5309761859276191,0.5633554851924022,0.6683705494782504,0.6584525367184901,0.649580074483454
700,0.10324253049949424,0.19374696554853338,0.1404549756889433,0.2630840942612487,0.312078234148198,0.3730367755310251,0.4619248839654154,0.4538032667907671,0.5320659723566245,0.552656290006225,0.5551239450115178
698,0.038763762916461574,0.12112556815803169,0.06588206113668284,0.2008458505310813,0.2529112257731436,0.307141521653634,0.36530633880563723,0.3122646683647941,0.3567813916556756,0.4338177724198819,0.4647963697236555
696,-0.001310642694136275,0.052776571658074624,0.008281272335060146,0.14552304316269674,0.20752361013354087,0.2551964012719383,0.2835450028597008,0.2369316217677691,0.2630793169376918,0.36608090004146715,0.390281614492384
694,0.013202134219549262,0.03965530604863242,0.00584446580653183,0.13619027275866008,0.21278330432469617,0.26222442638315996,0.27460228453181834,0.28111853828833017,0.32082833288043366,0.3950170913356307,0.37648204836895177
692,0.0732647444519673,0.09398732682758408,0.06542774807026608,0.1936684352917033,0.2782514954754986,0.3410632468105548,0.3584903443239004,0.4141641150258646,0.4942285943158238,0.5128466201245688,0.46365643804552953
690,0.12850558108308385,0.17316952802593685,0.14882224734595828,0.28120470469561,0.3593646210331586,0.4358939071805406,0.47552982199679666,0.5404033202455651,0.6629910632149296,0.6473396374660091,0.6122107703128995
688,0.14730073723924123,0.23150571500499748,0.2149455955006011,0.3446843058279352,0.41027429142081107,0.4877353400971837,0.5528906563953135,0.5986377927381314,0.7400327616871334,0.7298252356299394,0.7341842668813687
686,0.1534320528564202,0.2680986399580381,0.26189312166147094,0.380340769144997,0.44077218366234444,0.5094332123858117,0.58951700147892,0.6211068144133248,0.7456562337727246,0.7647682611821714,0.7992962103120966
684,0.17611262774139702,0.30422781748074845,0.3057557178969215,0.41707673724369454,0.4770917308614362,0.5405631996026893,0.6212934884568249,0.6500057297568211,0.7282525757148129,0.7847266227692068,0.8380432416033238
682,0.19671094058758434,0.33217591092523485,0.333497717818184,0.4434849266198969,0.49408935233264817,0.5582136965338399,0.6311035712662691,0.6380889503865486,0.6601060750155345,0.755757008406765,0.8343599980473106
680,0.18395925827762574,0.31900701022617006,0.3117308661996624,0.4136293498730965,0.44778830853262425,0.5073528006257246,0.5708818160595746,0.5151142025021546,0.49459422279781695,0.6110202579379942,0.7151410241700282
678,0.15380633361744642,0.25947459519913474,0.24326793121696375,0.3315123960135251,0.3623581364884794,0.40691814410649524,0.4638462475551255,0.33395083097532535,0.30227379817501926,0.39340387952768907,0.4935962150056074
676,0.1503279532699923,0.20056952898755753,0.18469805771769482,0.2723700923758651,0.3210650618194806,0.3498761064990483,0.4047818309579473,0.2511650830720993,0.24289449518002357,0.2729724156370803,0.332192335846217
674,0.181077056024091,0.19483296294774707,0.1857511970421201,0.28987742338340267,0.3599195090282557,0.38202148087337084,0.43789322628206834,0.33427283621356235,0.3729360859650864,0.3516884147546361,0.35899571831815646
672,0.22117833685824767,0.2508450872216048,0.2423793415938782,0.362647755925284,0.44160819670987517,0.46396807970406484,0.5187682673518966,0.5036003175269855,0.5965876820548931,0.5542430174366806,0.5200729928533934
670,0.2628724068406308,0.3397060884379453,0.3211060021782987,0.44779735337216364,0.5295625380168751,0.5528222707526321,0.5999328019966822,0.6605852553679492,0.7967298271919401,0.7436964257512559,0.6838447985369208
668,0.31705642264169526,0.42019187877820663,0.3955510013297269,0.5280567936442725,0.6206597233107852,0.6453937781780489,0.681675808782504,0.7764725450203904,0.9270889915316433,0.8619521291908391,0.8068887423391599
666,0.36864726678240833,0.46697439801900226,0.4570358383349052,0.5936958133315539,0.7015334491548096,0.7329113028989431,0.767646108452533,0.862285329522656,1.004541866739304,0.9468006282284485,0.9429053079006643
664,0.38838786382047047,0.4855757319796004,0.5001728223949797,0.6247310401620078,0.7396275140038397,0.7814539141503704,0.8314542150824704,0.9133581142159126,1.0483022000577553,1.0091135719468152,1.0757489371620972
662,0.3832836779848116,0.48432434278040726,0.5138332513929453,0.6195997336241471,0.7343883169254647,0.7850755944981631,0.8649498844446435,0.9256313057718967,1.055708272171955,1.0078003556452524,1.1162732482045952
660,0.375818901629842,0.4661506625190658,0.4991894164944389,0.6065921316199706,0.7194834723799822,0.7745053817839903,0.890906213521311,0.9166728209436206,1.0298271091331617,0.9561550213746445,1.0601359260122019
658,0.3741341351372218,0.4551779762009834,0.4903675690028096,0.6223866683445173,0.7306720734030484,0.7858693466503751,0.9327317806051787,0.9185146439058807,1.0078633962030068,0.9555152327608201,1.0313628830446513
656,0.37904971673551047,0.4873230962758109,0.5283481582518869,0.6740677610519941,0.776055062050928,0.8326925641428616,0.993565134408826,0.9568837206422846,1.046596955831389,1.0773915352146606,1.13452147619176
654,0.3980532315027556,0.5545015219989224,0.6016584813910374,0.7338155984007094,0.8384103055393654,0.9027331274077081,1.0631691869655477,1.0369806198112481,1.1635453961599633,1.2466289287081571,1.2981810469968427
652,0.43340937006409047,0.608090929500877,0.6597023490587192,0.7820005062177996,0.9036500040326327,0.9764281867578467,1.1330377429647394,1.1416900982582883,1.3108502484707645,1.3538353371906273,1.3977993573255185
650,0.4679263011613428,0.6231852601696436,0.6807066497522968,0.8234221544568747,0.9622734152669759,1.0333531764707926,1.19275087480347,1.2358363436488884,1.4165988348909302,1.4056338595639901,1.4443661623633954
