Wavenumbercm-1,2.72e+01 M,2.18e+01 M,1.81e+01 M,1.36e+01 M,1.09e+01 M,9.07e+00 M,6.80e+00 M,5.44e+00 M,4.53e+00 M,3.63e+00 M,2.72e+00 M
3000,-3.4578681224250004e-05,-0.000917748446230875,-0.0014766056660187,-0.0022437562960891002,-0.003066603224257667,-0.0034778946024797666,-0.004260803405814033,-0.004857730973518449,-0.00674199892256245,4.1825901884850005e-05,0.0014523408675106
2998,-4.318628947368199e-05,-0.0008404935057513,-0.0013085621970156333,-0.0021875584258571664,-0.002977398873430634,-0.0033461999459664664,-0.0041790763055886,-0.00471824090333005,-0.00663113326521855,0.00011315397232555,0.0015423216454013
2996,-6.143512961288199e-05,-0.00076506140465485,-0.0011972566631422998,-0.0021337083599619667,-0.0029364553016471336,-0.0032647529316951,-0.0041608493813753335,-0.00464348017948695,-0.006546748745292,0.00019818593859194996,0.0016513207837091
2994,-0.00010140845540664489,-0.000663785629961825,-0.0011309596237217001,-0.002046089305287033,-0.0028927606366813668,-0.0032009678584171,-0.004147953588461933,-0.004600389085160399,-0.0064930064670048505,0.0002947275487307499,0.0017859549558969
2992,-0.0001567551392342665,-0.0005586916422008676,-0.0010684815292691665,-0.0019327709139204668,-0.002785951129515967,-0.0031187044383636665,-0.004083007454894334,-0.0045362338519355505,-0.006425945828804149,0.0004199778955497499,0.0019556882996028
2990,-0.000203682706143225,-0.0004765734554619664,-0.0009799835304072334,-0.0018389753129583002,-0.0026224464809614,-0.0030271009874131,-0.003963050828369333,-0.0044360958055548,-0.0063084675132948995,0.0005696223718819,0.0021216114920233
2988,-0.000221132029121375,-0.00040542581670510003,-0.0008770618348753334,-0.0018087010391991999,-0.0024702272677704002,-0.0029607056379710333,-0.003835354189530033,-0.00433815305788555,-0.00616656533787825,0.0006817264107759499,0.0022056556721225
2986,-0.00020434620080399997,-0.00033146616784182967,-0.0007915577043043666,-0.0018301515998527,-0.0023718049895094,-0.0029191268765228,-0.003742957740101966,-0.00427524938133455,-0.00605941485841935,0.00068880388157265,0.0021705984709078
2984,-0.00016212061179535784,-0.0002833913932542578,-0.0007399400278266334,-0.0018410002446678335,-0.0023076611173104,-0.002872182280805,-0.0036908554989152,-0.0042297363739133,-0.006007882374191149,0.0006019749873683,0.00206624722738
2982,-0.00011745040839118724,-0.00028458629781710006,-0.0007168559820567667,-0.0017968060804566665,-0.0022525329201676,-0.0028085186822573997,-0.0036571269206839333,-0.004172172506357,-0.0059829815199865,0.00051156747867375,0.0019840706989101
2980,-9.8814243229816e-05,-0.0003047882440043,-0.0007149792018007,-0.0017107382051086333,-0.0022085111384820334,-0.0027413655763319,-0.003628098785855467,-0.0041146949635375,-0.00595454638604735,0.00049125322980145,0.0019727476541365
2978,-0.00011968436187602828,-0.000297130823953125,-0.0007250095135280001,-0.0016195223123795,-0.0021667118439246333,-0.0026719165029508666,-0.0036015757952184333,-0.0040854797095589,-0.0059083253463294,0.00054354749281675,0.0020320000833323
2976,-0.0001686919287277,-0.0002601815431742051,-0.0007334253836360333,-0.0015476207520321334,-0.0021057222240017,-0.0025927469394865666,-0.0035760131473458,-0.00408418588707175,-0.0058464203538853,0.0006416899709769,0.002151711666201
2974,-0.00021764729914185,-0.00022850789589746778,-0.0007290706715006667,-0.0015014920670591667,-0.002038298374851767,-0.0025227483313339334,-0.0035567055057436664,-0.0040825358095152,-0.00580510083639445,0.0007644168125591,0.0023050704607158
2972,-0.00025143535139434997,-0.000200321931334521,-0.0006918257067127,-0.0014643124760973334,-0.0019940929855247337,-0.002481718073301067,-0.0035286022827053,-0.0040358873870125,-0.00580265331349335,0.0009030723797759499,0.0024638293786127
2970,-0.00027927468232432934,-0.000145697921341879,-0.0006177902560573333,-0.0014223454827314,-0.001976533340466633,-0.0024627103017128,-0.003457272655232333,-0.00392449135641125,-0.0057955036709162,0.0010341732888866,0.0026169507817765
2968,-0.000304759519407425,-9.85667531873995e-05,-0.0005665071122523332,-0.0014057529167242333,-0.0019864333743553333,-0.0024786066269483335,-0.0033645595247881,-0.00380851266306985,-0.00575543626524005,0.0010845920428364999,0.0027301415948255
2966,-0.00031029742317907497,-0.00014907323181638754,-0.0006188227777837334,-0.0014614863498549667,-0.0020466114616702,-0.002578331035823767,-0.0033464593065447,-0.0037940354304540997,-0.005737667745258751,0.00099540087287105,0.002738283755369
2964,-0.0002884170243834,-0.00030974292184274537,-0.0007638483838537666,-0.0015777834096948667,-0.0021547499294115,-0.0027562891559800664,-0.0034582244368097,-0.00390706672927095,-0.00580210626119255,0.0008317163684654499,0.0026437846635239
2962,-0.0002619833657818,-0.000467412552902375,-0.0008884025916764668,-0.0016885845549307668,-0.0022537832724258,-0.0029060972611043,-0.0036331740656359666,-0.0040596685849761,-0.00591786734657805,0.0007448310665001501,0.0025520045832289
2960,-0.000256041616527175,-0.0005086559682124,-0.0009091499526739667,-0.0017495735657417331,-0.002291916936661134,-0.002933501989025733,-0.0037570534892632664,-0.0041577406380325505,-0.00600166489062225,0.0008001007142113,0.0025486096856644
2958,-0.000268130913825725,-0.0004477364876847249,-0.0008765712276845999,-0.0017811055137764997,-0.0022975246748709334,-0.0028754737833373667,-0.0037921787562395664,-0.0041949330231304,-0.00602724938019245,0.0009054382553912001,0.0025964426885776
2956,-0.0002755541745955,-0.0003824225858538497,-0.0008831970010159335,-0.0018131792921105335,-0.002319341845871933,-0.0028329246238746665,-0.0037740020828569663,-0.0042048275184074,-0.006022735609716751,0.0009608576153225001,0.0025974823499258
2954,-0.000264158826194025,-0.00037894653430357134,-0.0009459362297797999,-0.0018496368792301333,-0.0023508168491002,-0.0028465161201982666,-0.0037475694436707673,-0.0042077338504124505,-0.0060090001580663,0.00097081034689895,0.0025269812796243
2952,-0.00023854033030482503,-0.00045055357239312494,-0.0010294792530965333,-0.0019136448724842,-0.002397447496685833,-0.0029112891285068,-0.0037696185429570337,-0.00424571683935815,-0.0060076399822167,0.0009668886871684499,0.002443957861775
2950,-0.00021546898140973003,-0.0005786584185849047,-0.0011129675786375668,-0.0020305125134569336,-0.0025124180744355,-0.0030314701579175663,-0.0038759815339147667,-0.00436873443710625,-0.0060419910314282,0.0009570025188125501,0.0024079410901449
2948,-0.00021337918751887058,-0.00070978209660825,-0.0011857435821242,-0.0021595714109469335,-0.0027046111478958666,-0.0031996938143378,-0.0040248019498152,-0.0045624258653096,-0.0061033714656791,0.0009658199902845,0.0024341572644027
2946,-0.0002398511529964298,-0.000766209572768825,-0.0012052927179599,-0.0022023698329923336,-0.0028656219100648334,-0.0033487858272037998,-0.0041096507648523,-0.00471835527621015,-0.0061256188308558505,0.00106223065519645,0.0025171831749748
2944,-0.00028645018859581014,-0.000697852780685575,-0.0011305427796102334,-0.002110508691193767,-0.0028610896153661333,-0.0033905015695286666,-0.004062817673199467,-0.0047187217147089,-0.0060427742306509505,0.0012783810870124499,0.0026565339314569
2942,-0.0003346999384818,-0.0005325050741722959,-0.0009953131937737666,-0.0019502869614609333,-0.002689692359064966,-0.0033049957857155337,-0.003926805201575266,-0.0045551750949864,-0.00586379866941295,0.00153802573811705,0.002834232970972
2940,-0.000365118189590575,-0.00036774790277195726,-0.0009044307751233001,-0.0018455413032044665,-0.0024972921064284333,-0.0031741193675500668,-0.0038185727783410666,-0.0043564189161584,-0.005692132472720201,0.00170840656293384,0.0029895116554094
2938,-0.0003686190256294,-0.000288647365481825,-0.0009189443502376667,-0.0018588407682904335,-0.0024064752354644,-0.003102555495562634,-0.0038059056841902336,-0.00426147837676075,-0.0056203059455969505,0.0017204401590567486,0.0030597106141686
2936,-0.00034879404170565,-0.000305050834059925,-0.0009947831314820333,-0.0019480296691298333,-0.0024097809628403333,-0.0031243789624030333,-0.0038618343593168,-0.00430378898995425,-0.00564462512206115,0.001608804078760585,0.0030217041983481
2934,-0.0003194196519673,-0.0003678524992229826,-0.0010555909672926333,-0.002032474518897933,-0.0024500280122512,-0.0031995896689248,-0.003939968684926367,-0.0044274227399849,-0.00571980726132525,0.0014549228572749,0.0028961173892418
2932,-0.000297125864136425,-0.0004247752977082416,-0.0010768176112342332,-0.0020688759313463334,-0.0025053750007561666,-0.003263090540391867,-0.0040208834378493334,-0.00455058362212485,-0.0058187736255401,0.0013316954092714001,0.0027341219282145
2930,-0.000288576594097825,-0.000466725985092025,-0.0010923920717190998,-0.0020797436560731,-0.0025758392409580668,-0.0032880912408286,-0.004099792739028267,-0.0046259120609363005,-0.0059342880982628,0.0012689340174868,0.0025955236448721
2928,-0.00028631220985995,-0.000515314130236625,-0.0011378639277232333,-0.0021136967969392,-0.002640824653670333,-0.0033100268618078,-0.004166540365693233,-0.00466030464182845,-0.00606296278953375,0.00123355309917925,0.0025148040945945
2926,-0.00028170329197730004,-0.0005758720129514668,-0.0012089455213334334,-0.0021761653457434667,-0.0026784767589053,-0.0033769456758329336,-0.004210404905113766,-0.004685851052785151,-0.00619548588507825,0.0011609915086175,0.0024804392962654
2924,-0.0002748930551997,-0.0006152965339419,-0.0012710377223542999,-0.002209765982383,-0.0026962466362464334,-0.0034716964313646665,-0.004225998564997766,-0.004717039093842801,-0.006304810343738001,0.001025202642873,0.0024410033314822
2922,-0.0002596952679693834,-0.0005983824512546585,-0.0012765426814158,-0.002160858081133,-0.0026923149631535997,-0.0035020659738986336,-0.0041944500623799005,-0.0047232360261770506,-0.00633855717381745,0.0008638385518802999,0.0023354333926732
2920,-0.0002209852533297709,-0.0005387286966562,-0.0012051408949288666,-0.002063759660251833,-0.002653923936270066,-0.0034212932267069004,-0.0041142030596527665,-0.00467625226841765,-0.006282749240800649,0.0007211683584690501,0.0021549208238619
2918,-0.0001654283729033458,-0.00047293491502312503,-0.0010849738925568333,-0.0019969094008428,-0.0025856153583462666,-0.0032895779098523668,-0.004016707804077767,-0.004583434670828449,-0.00619710028907005,0.0006062320021174499,0.0019801000421921
2916,-0.0001287182067703959,-0.00040152986936505,-0.0009479251814176999,-0.0019596081048162332,-0.0024871332418646666,-0.0031609952805766,-0.0039117677133884,-0.00444912335849445,-0.0061308833388263005,0.0005321247401049501,0.0019189731158422
2914,-0.00013522299065503752,-0.00030766622636356245,-0.0008086371782905333,-0.0018854588236373333,-0.0023481125030009667,-0.0030177754805421667,-0.0037790132835827665,-0.004272488820258449,-0.0060658852334437,0.0005390523791102,0.0019986732173616
2912,-0.00017124581119122085,-0.00021299102534049998,-0.0006968975598973668,-0.0017638889703715,-0.0021913834914803,-0.002855513143029233,-0.0036208577683023665,-0.00408563554139305,-0.0059734569098035505,0.0006383280552486,0.0021452773128191
2910,-0.00020700248827452917,-0.00016241232364487917,-0.0006554829501976999,-0.0016573449539087667,-0.002078084602603067,-0.0027347171260061667,-0.0034780295921185665,-0.0039437580198975995,-0.0058759523544176,0.0007687878595041499,0.0022615416425128
2908,-0.0002298076049894375,-0.0001607458894299625,-0.0006884807288068999,-0.0015992249298265333,-0.0020457926543977,-0.0027034061989717004,-0.0033901517446520996,-0.0038713866101338004,-0.00581653490762795,0.0008480581395740501,0.002308996419523
2906,-0.000246485816169075,-0.00017128732421401252,-0.0007453938328961333,-0.0015550094852330332,-0.0020635861266977335,-0.0027228208152732664,-0.0033568417890503664,-0.00383815360191635,-0.00578703224647375,0.0008568685760403998,0.0023152635394404
2904,-0.00026167216235539997,-0.0001718325713907542,-0.0007776927098418667,-0.0015058455252580335,-0.0020808657895151667,-0.0027269482096730336,-0.0033544447740226665,-0.0038130961501676,-0.0057499930218412,0.0008338662945406999,0.0023104385723674
2902,-0.0002733505338438,-0.00017212185812390837,-0.0007895305701601333,-0.0014934972459162664,-0.0020950284880003668,-0.0027175215033956,-0.0033708545293814666,-0.00380992566403555,-0.0057140329690322,0.0008078139291766,0.0022957415673702
2900,-0.0002832496198269,-0.00018718091122770005,-0.0008149553086680667,-0.0015497346445293003,-0.002130148154940033,-0.002740304105133033,-0.0034052894306186667,-0.0038506246723038,-0.0057238311725038,0.0007785317165883999,0.002277662667692
2898,-0.000292024466916325,-0.00023156182912840835,-0.0008701816349050333,-0.0016402270894620666,-0.0021785210704792332,-0.0027994242510274,-0.0034569982368749335,-0.003920355439374201,-0.005778607316943549,0.0007506022893382,0.0022807738613792
2896,-0.000289998142307625,-0.000324492484122875,-0.0009451487108317332,-0.0017150025447719667,-0.0022070697181237,-0.002852404560130433,-0.0035242490249176336,-0.0039847638588485,-0.00581977270261065,0.00074441461529495,0.0023066583276062
2894,-0.000271036301134025,-0.00045086706205797506,-0.0010192445482749334,-0.0017639559489485666,-0.0022073063023083333,-0.0028710300098075997,-0.0035928030186426,-0.0040210780741686,-0.0058075262564709,0.0007715830466483501,0.0023203687906797
2892,-0.000250622973975075,-0.0005352948756426751,-0.0010638881834803,-0.0017922645356826,-0.002196159612321367,-0.0028575959598640664,-0.0036251877110453335,-0.0040151279938521,-0.00576336779897995,0.0008205294038708499,0.0023001668674273
2890,-0.000250848210755275,-0.000514890689370275,-0.001056098778984,-0.0017902380790680331,-0.0021765387133176666,-0.0028173408222963,-0.0035886498079389004,-0.003956278044678799,-0.00572435639209185,0.0008715810251120001,0.0022761543137562
2888,-0.000267493858721775,-0.00042336469552812497,-0.0010054518998414668,-0.0017555203580159335,-0.0021402876731920666,-0.0027548020043882335,-0.0034977109645805,-0.0038560957285821503,-0.00569398260238535,0.0009065977782091501,0.0022846232642787
2886,-0.00027433744704615003,-0.00034515820104285,-0.0009484145349914,-0.0017044874454968668,-0.0020996161898845667,-0.0026884990285718333,-0.0034028619882828,-0.0037540069861879003,-0.00565891202443285,0.00091406203229185,0.0023127503234157
2884,-0.00026262425847767496,-0.00030147074668245835,-0.0009057794440527667,-0.0016411773645670334,-0.0020733042267285667,-0.0026377835162762,-0.003334120838200267,-0.0036844951927101502,-0.00562043272801465,0.00090904001364265,0.0023285591497938
2882,-0.00025360727084486654,-0.00024919888663719157,-0.0008662429151780333,-0.0015574947342157335,-0.002050644183045567,-0.0026034673751502003,-0.0032864431208282662,-0.00365293953974565,-0.005585657894146201,0.00093345407707305,0.002339558120532
2880,-0.00026562110562825,-0.0001848560952857166,-0.0008211001857866333,-0.0014819368796410001,-0.0020114881371238666,-0.0025852693967628334,-0.0032620202896673,-0.0036535046094746003,-0.005552231000771899,0.00100865074663275,0.0023739722127554
2878,-0.000289870046966225,-0.00016626583519939588,-0.0007881535417434333,-0.0014765143531819001,-0.0019735065567494663,-0.0025974328238782666,-0.003280337208760533,-0.00368236348116395,-0.0055222887099043005,0.0010989401667501502,0.0024226978920033
2876,-0.0003091943201639,-0.00021658260345170004,-0.0007871389598642667,-0.0015547833449435003,-0.0019769052190891333,-0.0026410471130254996,-0.0033311217110114665,-0.00372086851584175,-0.00551130760408885,0.0011513450244654499,0.0024515568090639
2874,-0.0003236389582916,-0.00029124926757126244,-0.0008208758060016334,-0.0016557277836467665,-0.0020302811139631667,-0.0026873408124462334,-0.0033687541302593,-0.0037421942138581,-0.0055279971603337495,0.0011568711242429001,0.0024656110938874
2872,-0.0003419868604131,-0.00036675781923542505,-0.0008975731327528,-0.0017300022567758998,-0.0021118312745828,-0.0027181163918113664,-0.003379522733504,-0.0037516909447657,-0.00556419591536,0.0011417449167274501,0.0025089958651486
2870,-0.00036068261616042496,-0.00048416610901708747,-0.0010380310845625,-0.0018005262777846332,-0.002215291068310967,-0.002761888687464433,-0.0034102605948496665,-0.0037888989401924002,-0.0056154314374301,0.0011204482038623,0.0025888511568055
2868,-0.000366251064339525,-0.000669610136400275,-0.0012357145647202,-0.0019061853320148,-0.0023517671857242336,-0.002859706689083167,-0.0035063329181165333,-0.00387489165150285,-0.0056915789096505,0.00109106003756345,0.0026477513792865
2866,-0.0003533781480899,-0.000873543538791425,-0.0014445630643608331,-0.0020365832320280333,-0.0025059622431636,-0.0030073299661247336,-0.0036532513926758998,-0.00398306547615025,-0.00579357022207345,0.0010678098842452,0.0026341827115935
2864,-0.000329322589154325,-0.0010362664101027002,-0.0016333517536575,-0.0021718891215477,-0.0026374898395536335,-0.003166049581548967,-0.0038087938456949667,-0.00408617244316955,-0.0059021074167444,0.0010678545267991,0.0025550842430436
2862,-0.000304738356764475,-0.001164699044628675,-0.0018218633940607334,-0.002337850980265533,-0.0027356820054287,-0.0033131835862111668,-0.0039581294344464,-0.00420158301863445,-0.00600098387582375,0.0010668616499617,0.0024492105986117
2860,-0.000286999603556225,-0.0012989567551786002,-0.002038054765384267,-0.0025618524184741,-0.0028349329901774002,-0.0034462275860196,-0.004103210140231533,-0.00435452109492955,-0.00609331427461585,0.0010150366011313,0.0023476058691998
2858,-0.000277601579057375,-0.0014426224080125,-0.002262175517557667,-0.0028054494246940666,-0.0029632680057338004,-0.0035573606391821667,-0.0042306892009240996,-0.0045245891429777,-0.0061853518434104,0.0009005862936597001,0.0022722202319398
2856,-0.00026885764957,-0.0015690910077383,-0.0024434540367623335,-0.002994882130764933,-0.0031062626516012003,-0.0036425186807514,-0.004328943276385434,-0.0046660256383407005,-0.0062714993095606,0.0007548477869310999,0.002230709970692
2854,-0.0002493880476828,-0.0016634190190118,-0.0025559420999697337,-0.0030991435497904666,-0.0032330647707222333,-0.0037230642810567663,-0.004414320610345233,-0.00476192247549905,-0.0063461059214698495,0.00059844188530505,0.0021921615487507
2852,-0.00022041880850872503,-0.00171967615036085,-0.002610682328140166,-0.003134599020340333,-0.0033279010996984672,-0.0038137534166675998,-0.004495817343739567,-0.00482090701389225,-0.006410103086265551,0.00043938370299825,0.0021104439180676
2850,-0.00019915375134769997,-0.001729633846752975,-0.0026250863727349666,-0.003113117845961367,-0.0033820182789536667,-0.0038748097422841,-0.004535106960360033,-0.0048347491173313505,-0.00645094894927475,0.00032819924172285,0.001995489828679
2848,-0.0001965380046817,-0.0017132701120715,-0.0026142401234586,-0.0030457811033286334,-0.0033907787439982,-0.0038550059953672,-0.0045015948601885335,-0.0047941132445225,-0.0064454332031518005,0.00032741945587829997,0.0019149369477682
2846,-0.00020223611662387498,-0.001719099963988875,-0.0026005599945973334,-0.0029753650915642,-0.0033671306507264006,-0.0037725204690281003,-0.004428873001798767,-0.0047263340427441,-0.00639296090265245,0.0004159867662732001,0.0019002021730851
2844,-0.00020043890597337086,-0.001757933140952375,-0.0025981957138090333,-0.0029425481543981,-0.0033291277470637003,-0.0036969822144721,-0.004369638936026733,-0.0046674549211575,-0.006315798824932,0.00050077221419215,0.0019037176845837
2842,-0.00018986520952635845,-0.001783288136392475,-0.0026009233650984335,-0.002940257911371867,-0.0032816176327517335,-0.0036690644130479,-0.004333670849327867,-0.0046204560580925,-0.0062317463592155,0.0005288937394492,0.0018758785259354
2840,-0.000181029668956725,-0.001765806836092675,-0.0026008577331376333,-0.0029375370211448333,-0.003229115242078933,-0.003674940138630367,-0.004303833036241566,-0.00457366515492085,-0.0061541744293175,0.0005300905130362998,0.0018361055728417
2838,-0.000182248732686175,-0.0017424204032983998,-0.002602071493421233,-0.0029253145664909,-0.0031917921369458003,-0.0036857110122735,-0.004280564074199233,-0.004532115711023601,-0.0061112077644792,0.0005423039596117999,0.0018383515893932
2836,-0.00019493266250302497,-0.0017572365419370002,-0.002603284940371733,-0.002911772551181867,-0.0031820148223497004,-0.003685011463960433,-0.004269390493510367,-0.0045018264222994,-0.00612778791732405,0.0005549862165348001,0.0018956392394311
2834,-0.0002159262337006,-0.0017968332455581748,-0.0025944204715384334,-0.0029006757571558,-0.0031817204628712,-0.003669079084832367,-0.0042530618916074665,-0.00447088457987285,-0.0061871339378263,0.0005492184108557501,0.0019703850590061
2832,-0.00023701071012225002,-0.001821919711034025,-0.0025822618682122666,-0.0028991575307348665,-0.0031693346911696335,-0.003646722547338333,-0.004214368530406466,-0.004431058480517849,-0.006237380270951149,0.0005435846877797501,0.0020197866575416
2830,-0.000247576549623025,-0.001827125555092375,-0.0025898329123792995,-0.0029211200275327,-0.003154286768696566,-0.0036337215711769667,-0.004171349381170967,-0.004400363186337649,-0.0062449415317576504,0.0005613436454085001,0.0020276525117881
2828,-0.000244812055890675,-0.0018310923306825001,-0.0026187771320695,-0.0029597768674030664,-0.0031593335005076334,-0.0036333444718423,-0.004158020935664567,-0.00440007613671635,-0.006225334813505351,0.0005834863530168999,0.0020058016364363
2826,-0.000236120786103675,-0.0018341506619087749,-0.0026422010117224,-0.002981307166143733,-0.0031815310443203,-0.0036294604266042334,-0.004178163672472233,-0.0044223491078692004,-0.0062116949108062,0.0005755950118408001,0.0019790435254634
2824,-0.00022758474627847497,-0.0018274786718808999,-0.002646435805816067,-0.0029670674376570997,-0.003200122535942533,-0.0036084696080082666,-0.004204340404180733,-0.0044432948239249,-0.0062092782716981505,0.0005439158438940501,0.0019629033460855
2822,-0.00021775153018785003,-0.001825560303256625,-0.0026501731026742,-0.0029382217492308336,-0.0032104115403497335,-0.003578470014440633,-0.004213834321833533,-0.0044530256298741,-0.006198409630699999,0.00052576139767855,0.0019493182454656
2820,-0.00020601294344475,-0.00184738092253085,-0.0026657589244266666,-0.0029173228281436,-0.0032174872461423333,-0.003554225394392967,-0.004202775664425733,-0.0044508872142475005,-0.00616755007124765,0.0005343996862141,0.0019196720109359
2818,-0.000198324746842425,-0.0018778352754754751,-0.0026717114608581,-0.0028945130475153667,-0.0032072264032996997,-0.003534010382475967,-0.004173936107545433,-0.00442914977554245,-0.0061247959109433005,0.0005482053262394999,0.0018780930527251
2816,-0.00019880004669054998,-0.0018839330426602503,-0.0026469217617291,-0.0028589560427618333,-0.0031613334553775665,-0.0035085374034923,-0.004134611808214933,-0.00438848703676885,-0.00608628881756195,0.0005491522357701,0.0018560696788766
2814,-0.00020398952639400002,-0.0018603671413459002,-0.0026057517709750003,-0.0028320591487987668,-0.0030987709526322667,-0.0034826763128628,-0.0041002019630035,-0.0043545076227589005,-0.00606504184791615,0.0005447740742396001,0.0018748713440743
2812,-0.00021185111167527503,-0.0018319696184560998,-0.0025783875425505,-0.0028351202273230332,-0.0030663940326697667,-0.003472213848649567,-0.004080313388502566,-0.0043511551517243004,-0.00606531020687555,0.00055131628768915,0.0019192427642783
2810,-0.000227310293586675,-0.001820553192760375,-0.0025795418996623003,-0.002851507099811333,-0.003084790909387233,-0.0034857904807447664,-0.0040693887980025,-0.0043709910420551504,-0.0060800212565002495,0.0005720549508365999,0.0019592677825734
2808,-0.000250398803525975,-0.0018333380736849,-0.0026125299233694665,-0.0028553622245332,-0.0031327204316909333,-0.0035194096358644334,-0.004064860673819333,-0.00439581178998905,-0.0060962893804857,0.0005930819082168,0.0019827474379188
2806,-0.0002676771578293,-0.0018684228961809001,-0.002672755264608967,-0.002852681921548733,-0.0031818395033351,-0.003559562730746134,-0.0040781023460244,-0.0044280513898876,-0.0061062834175235,0.0005937840042750001,0.0019953349997608
2804,-0.000266407222510425,-0.001904767755092325,-0.0027266280626040665,-0.0028595450535285334,-0.0032147344815845,-0.0035845109504950338,-0.004109338268014934,-0.0044703453708209,-0.00610984533503285,0.0005695908845295501,0.0020037860183022
2802,-0.0002517249523402,-0.0019079065270515001,-0.0027244368408415333,-0.0028633362385842667,-0.0032146965199469665,-0.003577937623342967,-0.0041301763650161,-0.0044926952155362,-0.00610796711310215,0.0005461022590127,0.0020117419817261
2800,-0.00023933789449765,-0.001870176715611425,-0.0026613876419645335,-0.0028455915852723668,-0.0031751422476442334,-0.003548677271609267,-0.0041149689119696,-0.004459941301055349,-0.00610207153199415,0.00055409526289065,0.0020216131105937
2798,-0.00023764426133339998,-0.00182706751958275,-0.0025929865531507668,-0.002820920869909234,-0.0031191338292843335,-0.0035206685185637334,-0.0040722410451699,-0.004381933052206549,-0.0060945918200227996,0.0005909617018185001,0.0020342253596233
2796,-0.00024535505170765,-0.0018123588803194,-0.002566107831144067,-0.0028146711736047997,-0.0030799694661062665,-0.003498898431182033,-0.004026145945930434,-0.0043043837725146,-0.00608028170752585,0.0006251569217549499,0.0020498194835658
2794,-0.000259089310399075,-0.001816297549740975,-0.0025695616054385666,-0.0028220049548684668,-0.0030621897992849333,-0.0034684871615339994,-0.0039881874360699005,-0.0042570849174208,-0.0060464000516925,0.0006414527997323,0.0020690724790535
2792,-0.000273344910586275,-0.001810719885378925,-0.0025755755681735,-0.002821692236283467,-0.0030446839693757002,-0.003432325103121367,-0.003963707128552333,-0.0042383292651436005,-0.00599401627702365,0.0006552671902784,0.0020842913914967
2790,-0.0002792228246401,-0.0017937846732979249,-0.0025870448719459336,-0.0028131439445971663,-0.003021048663421767,-0.0034189418761102334,-0.0039630431485928,-0.0042421604329247,-0.0059501619627199,0.0006733002690299501,0.0020762998681409
2788,-0.00027477769440327504,-0.0017828253388917248,-0.0026082344624022333,-0.002807865993308066,-0.003007323748819467,-0.0034393706884675336,-0.003983507764715867,-0.0042684045144230996,-0.005939912718706201,0.0006742649652112501,0.0020401189818869
2786,-0.000271562825124875,-0.00178185930949525,-0.0026108804052725667,-0.0028022264800564,-0.0030097894255169664,-0.0034656429961101667,-0.0040010852412704,-0.0043056607482155,-0.0059512707830640995,0.0006477430010992499,0.0020081924514328
2784,-0.00027921111682490004,-0.001784299434000575,-0.0025772188379085,-0.0027914189284914664,-0.0030161039955328667,-0.0034709608130720003,-0.004001869033509966,-0.0043321054092427,-0.0059493335539430505,0.00061975231984545,0.0020185722027573
2782,-0.00028871350687485,-0.0017919429783268999,-0.0025442336940558,-0.002791811016211667,-0.0030202390464016,-0.0034631268391566335,-0.0040008085933197005,-0.004337328808184699,-0.005919726920142801,0.0006170274782144499,0.0020593685336777
2780,-0.000284657946683775,-0.0018077119063905,-0.0025561368502686668,-0.002817818077755133,-0.003031830851745467,-0.003461357423814333,-0.004009709549545867,-0.0043266452638787995,-0.00587961906738835,0.0006333414178958499,0.0020813715765086
2778,-0.00026949399359697503,-0.001825443136494275,-0.0026001107909678998,-0.002854510910163367,-0.003057665154525034,-0.0034691542299586,-0.004012822146307267,-0.00430693651406635,-0.00585433745490585,0.0006526649040989501,0.0020700240002225
2776,-0.0002603112316307,-0.0018452513304267,-0.0026357688638963335,-0.0028806167865730336,-0.0030931857408325668,-0.003485600448060766,-0.003997476988357066,-0.00428343028924195,-0.00585774931365945,0.0006796136871572001,0.0020637887896864
2774,-0.00026497476110475004,-0.0018774238951667248,-0.002657969778451333,-0.0028956255922916335,-0.0031292162824101666,-0.003510879675546466,-0.003978759084538367,-0.0042612837046323,-0.0058855417743408495,0.0007206000860489,0.0020937856153609
2772,-0.000275755920875075,-0.0019128291427442747,-0.002680748730832167,-0.002898892611846533,-0.0031475045518461003,-0.0035248089974021664,-0.003967689038228334,-0.0042366345843933,-0.005910797362436,0.0007558616089364,0.0021418838077835
2770,-0.00028547433180525,-0.0019178962782217001,-0.0026884593245362666,-0.002874074705363333,-0.0031243555825061337,-0.003498436788357233,-0.003949140354965834,-0.00420151432815715,-0.0058969302980662,0.0007620810893682001,0.0021747849806808
2768,-0.000295876078320175,-0.00188190946958635,-0.0026591158262220665,-0.0028255992017463664,-0.0030655593766013,-0.003446726173464467,-0.003919521739996533,-0.0041685005825867,-0.0058379069271912,0.00074991997101265,0.0021894476535142
2766,-0.00030835503299315,-0.0018421131868276502,-0.0026172478990251,-0.0027984053718596003,-0.0030218171223785335,-0.0034279501424547,-0.0039097384735682994,-0.0041676393205399495,-0.0057748802194977494,0.00075303482906145,0.0022043204538163
2764,-0.000318550991273975,-0.0018380273122137252,-0.0026096250066372,-0.0028244786607440667,-0.0030362159898377,-0.0034664019837352,-0.003936992728363366,-0.00420516897151375,-0.0057507214896151005,0.00078583079914975,0.0022285978216628
2762,-0.00032279326732225,-0.001866078290897475,-0.0026394616826476668,-0.0028757736532698335,-0.003088327514119067,-0.0035171524564605004,-0.003968314953487033,-0.0042500387956168496,-0.005761596335924201,0.0008308725631603999,0.0022558841472721
2760,-0.0003212797118374,-0.00190111954497915,-0.0026719701477019666,-0.0029052332208286667,-0.0031240954908273006,-0.0035335438897555666,-0.003971033573939534,-0.00427558583877755,-0.0057739235117532,0.0008638611404057999,0.0022711001449865
2758,-0.00031457726874262496,-0.001931761727611675,-0.002690023136760733,-0.0029058127587678006,-0.0031253986223273,-0.0035253201895213333,-0.003965532135028367,-0.004285805285311349,-0.0057704445499944,0.00087526904093215,0.002256693381201
2756,-0.000305235860640725,-0.0019486534927081749,-0.0026941167492316002,-0.0028908738519999,-0.0031089716347408665,-0.0035139128017912,-0.0039792479108519,-0.0042817167618956,-0.0057514874993478005,0.0008730572246088501,0.002215565441747
2754,-0.000301020319018875,-0.0019330667020871,-0.0026653969009485666,-0.002850559476173633,-0.0030726815531909,-0.0034774713605361996,-0.003981091454937367,-0.0042388449160775995,-0.0057100686247427,0.0008760028422890499,0.0021908759178459
2752,-0.00030747567434264995,-0.0018914939876708,-0.0025908258453828667,-0.0027801167534794668,-0.003000762115507167,-0.0033947116168425336,-0.003924377743877634,-0.0041530300513324,-0.0056471712258775505,0.0008979296017696502,0.0022308878935987
2750,-0.0003194169234415,-0.0018702265752751001,-0.0025175384843715335,-0.0027238881380536335,-0.0029207255840914335,-0.003306152989610034,-0.0038334042766694997,-0.004075297950398149,-0.0056003005758357,0.0009314662435837,0.0023260164900679
2748,-0.000328668282034075,-0.001896749264517875,-0.0025168800790235,-0.002730807753732,-0.0028929740984135668,-0.0032700922173931,-0.0037809404033822998,-0.0040550341941508,-0.00560900938326155,0.00095733336394425,0.0024135673100649
2746,-0.000336828521085925,-0.0019353017499085497,-0.0025892450649485,-0.0027822376167701665,-0.0029307734304054333,-0.0032815698983275003,-0.0037882398566106332,-0.0040719032424963,-0.005654300765525,0.0009721091806095998,0.0024546371266998
2744,-0.000348904084161825,-0.001940273666627975,-0.0026631259999271334,-0.002821239390469433,-0.0029843091947515665,-0.0032961644914748334,-0.003812457433400233,-0.00407340992863165,-0.00567935741030255,0.00098584587443825,0.002466082780163
2742,-0.000357978478356675,-0.0019233026173336501,-0.0026921531488058666,-0.0028388582246206,-0.0030169637954620336,-0.003312756833552167,-0.0038286958444471333,-0.0040599773344284,-0.0056724373149155,0.0009888069763283498,0.0024650480128839
2740,-0.000352115529832875,-0.001920360764025725,-0.002694121832289767,-0.0028685453715121003,-0.0030428581571236,-0.0033634166760512,-0.0038558628560789003,-0.0040742723135683,-0.0056776400891182,0.00095699102689185,0.0024347800891678
2738,-0.00033670490579507497,-0.001918862453876375,-0.002683511566778433,-0.0029001776786188,-0.0030672478747164997,-0.003431565047787267,-0.0038915359719851003,-0.0041149067745823,-0.00571348679939325,0.00090366102208585,0.0023757650861498
2736,-0.000331794299704925,-0.00187808422529665,-0.0026343509082781004,-0.0028744234958209334,-0.0030504465797801666,-0.003452502630612267,-0.0038905626860255005,-0.00412696016628535,-0.00573728287273725,0.0008842625181080001,0.0023384810202949
2734,-0.00034406780094255,-0.0018069555150144,-0.0025422713326336,-0.0027777891956845668,-0.0029722982351083668,-0.0034029031240998334,-0.003835968004251667,-0.0040857030271248505,-0.005710361123164601,0.00092579730588505,0.0023596909152586
2732,-0.000357859448323925,-0.00176233432233335,-0.0024667702939734,-0.002680236160023733,-0.0028873820174042,-0.0033348372646365664,-0.0037794565823536332,-0.0040344340177136,-0.0056523441395546995,0.0009839396556006,0.0024027989857383
2730,-0.00035868701425282494,-0.0017715739809072,-0.0024660842982382,-0.0026507376387650667,-0.0028661828949923334,-0.003305069060818733,-0.0037760149223126003,-0.004020834440024,-0.0056045703819838,0.00100204702983505,0.0024082100685458
2728,-0.00035131947163772497,-0.0018069894580811001,-0.0025232909253185,-0.0026807442051430997,-0.0029076486435617665,-0.0033153101589018332,-0.0038143432246543333,-0.004039137444937051,-0.00557816609982985,0.0009843877791729,0.0023776323752031
2726,-0.00034808864091012497,-0.0018383994972760499,-0.002575507788247767,-0.0027171805650524996,-0.0029533508499560335,-0.0033370570043509667,-0.0038428794470854997,-0.00405414640438315,-0.00556514051610145,0.0009762630581843999,0.002363020008152
2724,-0.00035137753559652497,-0.001862973313154825,-0.002589510030421367,-0.002731098127344,-0.002965164652398333,-0.0033508439164499667,-0.0038330840002643667,-0.00404766146081275,-0.0055656600425248,0.0009947801447159,0.002387536973513
2722,-0.000356102116213525,-0.001879249059232,-0.002575137820710167,-0.0027257317083299996,-0.002947903596012533,-0.003343687295236167,-0.003790496466308567,-0.00402208326476585,-0.00557485247394525,0.0010200371008229,0.0024250928856386
2720,-0.00035988188592655,-0.00187699615835665,-0.002549706911428367,-0.0027080006518012,-0.0029142445553016,-0.0033059089795467998,-0.0037306296940265334,-0.00398464804562685,-0.00556959720429955,0.0010400373564022,0.0024506472947169
2718,-0.000362659002359,-0.0018629855916284,-0.0025275544215843664,-0.0026836317474481335,-0.0028715841560364337,-0.003250819516877067,-0.0036717275298147,-0.0039474714440467,-0.0055355882139817,0.0010629612361598,0.0024664799958531
2716,-0.00036444618738795003,-0.001862181861936275,-0.002531645966556,-0.0026662810085813335,-0.0028383561765413998,-0.0032127859662448334,-0.0036355544466165333,-0.0039251175537422505,-0.005489280413076,0.0010911019524044501,0.0024812960735823
2714,-0.00036893968619447503,-0.001883218142882075,-0.0025799063119826666,-0.0026697964954240333,-0.0028360982405723667,-0.0032127109761244336,-0.003634545796050033,-0.00392075689187825,-0.0054561017401186,0.0011134556592027,0.0024974163236345
2712,-0.00038060559957365,-0.0019107996530890001,-0.0026579065107213335,-0.002697143924332,-0.002863292987776267,-0.0032433916223366,-0.0036642339247483,-0.00393051024951815,-0.005445832689913201,0.0011244770980930001,0.0025192884658302
2710,-0.00039402593683357057,-0.001936887766195375,-0.0027266974768024,-0.0027442475988638665,-0.0029023100602220664,-0.003291488965005833,-0.003715033843229234,-0.00396049180864365,-0.0054614905551116505,0.0011277012001498,0.0025481963231399
2708,-0.0003956434959772246,-0.0019697650349154,-0.0027617665502996333,-0.0028042510126277,-0.0029489330569685995,-0.0033500388650359,-0.0037805215988081335,-0.0040171180892983,-0.00550678626647225,0.0011204761876612,0.0025672752973978
2706,-0.00038151841842022096,-0.0020073267705074,-0.0027711320865498666,-0.002862559566847934,-0.0030087801756427004,-0.003405111446663167,-0.0038483446397702,-0.004079777433925,-0.0055673303691706,0.00109849602053805,0.0025567286302445
2704,-0.000364576906423825,-0.002030741699086975,-0.0027746021214949666,-0.0028996070680890663,-0.0030663513998165,-0.003434997968699367,-0.003896347541227667,-0.00410912751750015,-0.0056089135866059,0.0010762461216620501,0.0025266649032273
2702,-0.0003588076875238,-0.0020327010487807,-0.002780059119511267,-0.002907508255187,-0.003089563339923,-0.0034340939222192667,-0.0039086683307823005,-0.004092499309601099,-0.0056151962578004,0.0010799373967752,0.002512403669317
2700,-0.000363870615307825,-0.0020280447676149,-0.002783241908796466,-0.0028981641536948333,-0.003073778681590967,-0.0034201164307084662,-0.0038900196110868666,-0.0040603446671765,-0.00560625210240925,0.0011148877362298,0.0025312791863565
2698,-0.000371116713914925,-0.002028864729436725,-0.0027807942694401,-0.0028896579765186337,-0.0030533348767432336,-0.003408682703178633,-0.003859269615196967,-0.0040468557865442,-0.005600316820019701,0.0011578172229045499,0.002562281654142
2696,-0.00037696830480854997,-0.002028666439941525,-0.002774475379838733,-0.0028876018654756335,-0.0030539490128295,-0.0033957098287289,-0.0038331745930932667,-0.0040504292620437005,-0.0055811053882401495,0.0011852439894351,0.0025756262040049
2694,-0.000383446535708575,-0.00201672961612335,-0.0027624684826526996,-0.0028797237744668997,-0.003055010795592133,-0.0033704350568751,-0.0038150871390034333,-0.00404270620391445,-0.0055261621872153,0.00119644514839745,0.0025704468846993
2692,-0.000391533519490975,-0.001991762357108375,-0.0027353482332548,-0.0028468041551681666,-0.0030185633896314666,-0.0033313577063897332,-0.003792392032371266,-0.00400507756013625,-0.0054471380742075505,0.0012059823477396001,0.0025735519829379
2690,-0.00039950311941035026,-0.0019602244322949004,-0.0026888766423307335,-0.0027854469557998334,-0.0029450795108392006,-0.0032850940193628665,-0.003749941127839534,-0.0039488689515049,-0.0053782000422866495,0.0012222887441929,0.002602141739408
2688,-0.00040414455250175854,-0.0019341773079470503,-0.0026368144915981996,-0.0027213683817304997,-0.0028759818373391664,-0.003240318305675,-0.0036937324405321333,-0.0039046818849795,-0.005338714825497,0.0012389661897953001,0.0026373363222658
2686,-0.0004014626924434961,-0.001926813024105175,-0.0026004484593635,-0.0026879563907092,-0.0028423389917244333,-0.003205449680878433,-0.0036515517916498666,-0.00389332751724545,-0.0053287176855345,0.0012431217599583998,0.0026437541876783
2684,-0.00039180678602321247,-0.001933063555756325,-0.002582569495663333,-0.0026861161139748336,-0.0028317711388555996,-0.0031828057415198333,-0.003637250193993167,-0.00390184961953235,-0.005344726489281351,0.0012308317481661,0.0026165719355759
2682,-0.00038498339737805,-0.0019239137252411252,-0.002564529660971,-0.0026839069160854664,-0.0028156089776614664,-0.0031667801373815667,-0.0036296751452547,-0.00389571109346185,-0.00537753328964425,0.0012154637565423,0.0025940523797522
2680,-0.00039197688596174574,-0.0018821427664854249,-0.0025370542771170333,-0.002666041907418133,-0.002793482210176633,-0.0031560666326400995,-0.0036067213104590667,-0.00386231108918105,-0.0054053806600014,0.0012153782665566,0.0026111332210313
2678,-0.0004095440079087586,-0.001835470167015775,-0.0025194759505092336,-0.0026599280603199003,-0.0027926170229393664,-0.0031608595329007338,-0.0035845595998045335,-0.0038302767404399998,-0.0054130360260319,0.0012315328648299,0.0026536805907496
2676,-0.000421826958582671,-0.00182972633126145,-0.0025368764511271664,-0.002694044942477967,-0.0028278978033845,-0.003187663959509767,-0.003597308564294166,-0.0038338282251193997,-0.0054141533290881,0.0012448634176781,0.0026791402085367
2674,-0.0004211269346470121,-0.0018739866193666999,-0.0025890907458662334,-0.002751589012870967,-0.0028818250919994664,-0.003224930878400667,-0.003646376420969467,-0.0038692056793117,-0.00543219854010235,0.00124027581421475,0.0026771787512778
2672,-0.0004171700720181291,-0.0019352337858569001,-0.002652366427679667,-0.0027891571082132335,-0.0029263752497562003,-0.0032555179983181667,-0.0036968752447984338,-0.00390363766466415,-0.00546364897453,0.00122436117987665,0.0026794208557924
2670,-0.00042156913401222905,-0.001978604188948825,-0.002700462350586467,-0.0027864354345142005,-0.0029464439124154,-0.0032734529310097,-0.003719320800248767,-0.0039154428904888995,-0.00547876541933695,0.0012172087031586498,0.0027096084565333
2668,-0.00043339755731932076,-0.001988396743926325,-0.002714321193061833,-0.0027556428796942,-0.0029374975112515665,-0.0032776224726570337,-0.0037115671193775,-0.003906293248958951,-0.0054571385230506,0.0012358900007870001,0.0027570519381098
2666,-0.0004456232103843501,-0.00195957043331505,-0.0026843108473165334,-0.002715099704878867,-0.002899667606525267,-0.0032629106090957664,-0.0036852206165897995,-0.003886459105973,-0.0054095294210863495,0.00128455570274755,0.0028041954992191
2664,-0.00045579944032114175,-0.001900663296464375,-0.002619671292714667,-0.002677578556593467,-0.0028462078840359333,-0.003232069731144866,-0.0036555639218524665,-0.0038696718312056996,-0.0053650173475422,0.001347872093878,0.002847402169449
2662,-0.0004632184304369668,-0.0018449792098309253,-0.0025514309076389665,-0.0026555114268722664,-0.0028042036669146,-0.003202775876528733,-0.0036409997454670668,-0.0038708515491057,-0.0053461289801116,0.00139413156029615,0.0028806839948794
2660,-0.00046433652134696677,-0.0018288456189585749,-0.0025120025556480004,-0.0026541659959608333,-0.0027917606821709668,-0.0031867647672066666,-0.0036468128992294,-0.0038855538351598995,-0.00535387038504,0.00140094300199245,0.0028898702007639
2658,-0.00045913226853359175,-0.0018525153202502,-0.0025117103684604,-0.002663911576561533,-0.002800557662164667,-0.003174104460035567,-0.0036501919632419334,-0.0038823771422301,-0.00536780346597785,0.0013829861779384,0.0028781392981859
2656,-0.0004551231370594288,-0.00188416604894695,-0.0025386653713152002,-0.002673822377538033,-0.0028104512409452332,-0.0031529832031601,-0.0036241762108536334,-0.00383976794629505,-0.00536180465451775,0.0013800483879219002,0.0028717379261613
2654,-0.00045710704961346676,-0.0019024518533221,-0.0025714085798238004,-0.0026836279108710336,-0.002812655398603267,-0.0031297330756059004,-0.0035755052431015663,-0.0037807785528436,-0.0053261026629705995,0.00141292919859255,0.0028839491729146
2652,-0.000458636366979525,-0.001912207477763675,-0.0025862156394428665,-0.0026901687601100337,-0.0028094009759445336,-0.0031123863829894335,-0.0035364311661578336,-0.003745304391969,-0.00527506468410295,0.0014635806166931,0.0028955033562617
2650,-0.00045197228219182484,-0.0019188332213312,-0.0025689699441688333,-0.0026800533335662666,-0.002802505616023233,-0.0030934443907649667,-0.0035226299650749668,-0.0037380347379657,-0.00523285174456005,0.00150127851137315,0.0028871719094639
2648,-0.0004412202466160123,-0.0019163697052609003,-0.002533754368884467,-0.002655010262984033,-0.0027978174192978666,-0.003072955866809567,-0.0035272638822744333,-0.0037381167653637998,-0.0052170455989935,0.00151097235430525,0.0028692513868605
2646,-0.00043705204873022927,-0.001907426557411675,-0.0025163810877295,-0.0026441663003988667,-0.0028101108957428664,-0.0030777070415182336,-0.0035507940737861,-0.0037481349778793003,-0.005233327812969,0.0014948531693118501,0.0028619743152834
2644,-0.0004423228509273087,-0.0019075790518883,-0.0025337318167381333,-0.0026645784900784335,-0.0028440644109308665,-0.003123994560666867,-0.0035990689633671,-0.0037882226307147,-0.00527187473529505,0.0014702398812036501,0.0028685735099777
2642,-0.000450764649968738,-0.001921923333271975,-0.0025650816053762334,-0.0026912407165075995,-0.0028796247906736666,-0.003179917153334833,-0.0036515175994693335,-0.00384492397296085,-0.00530798716149495,0.0014672423074999499,0.0028828696281149
2640,-0.00045607536953597085,-0.0019402041837181501,-0.0025884579435820998,-0.0026971989670212,-0.0028957384225236,-0.0032024323000493,-0.0036717041058232,-0.00387237083939915,-0.0053201807485834,0.0015011022080187,0.0029004324725643
2638,-0.0004549796610789084,-0.0019584111054451,-0.0026117596776771,-0.0026990064737618335,-0.002899666081099,-0.0031971479126558337,-0.0036586278678807003,-0.0038528139033349,-0.0053110838138098505,0.001540901851188533,0.0029064186603362
2636,-0.0004449981791982584,-0.0019802167059947253,-0.002644736254412,-0.0027237599473035334,-0.0029125401605674,-0.0032013956060394995,-0.003651539167030567,-0.0038181373034114003,-0.00530298203593375,0.0015327574225217334,0.002876019818348
2634,-0.00042694767505684593,-0.001994205751073225,-0.002662219277319733,-0.002751510398098233,-0.0029335531270751,-0.0032181638356907996,-0.0036692041520608332,-0.00379994786944845,-0.0053135202503439005,0.00146354656237765,0.0028054962289859
2632,-0.0004085026927697375,-0.0019787952384580504,-0.0026311020787576334,-0.002738420669070067,-0.0029410781448685665,-0.0032130147794724663,-0.0036788645066205,-0.0037951271859476,-0.00534360072799295,0.001373386416206,0.0027247152577969
2630,-0.0004000408257515375,-0.0019368582909561251,-0.0025633863690794,-0.0026849262280441333,-0.0029223702587516664,-0.0031733838885829335,-0.003642986520754267,-0.0037895421362616998,-0.0053799811728536505,0.00130139251117385,0.0026687225609722
2628,-0.0004071357409687791,-0.0018964321495105998,-0.0025057080466572334,-0.0026306250030622997,-0.0028788616642733,-0.0031228674041160003,-0.003565622123810133,-0.00377640433298725,-0.005393626009198051,0.0012577642724747,0.0026553068909199
2626,-0.0004279409235419501,-0.001869497383022625,-0.0024792200399246333,-0.0025870519799321666,-0.0028095115970343336,-0.003072828009869067,-0.0034741634033020664,-0.0037410857653801498,-0.00535095687590615,0.0012555715725849,0.0026912936437435
2624,-0.00045362449821324997,-0.0018419632301991998,-0.0024666209587648996,-0.0025322520352230333,-0.0027171766067386003,-0.0030081473696529,-0.0033877185631018005,-0.00366882463883825,-0.0052519340765813,0.0013155729782739498,0.0027673602269369
2622,-0.0004704887584201125,-0.001813289918112975,-0.0024552466106635,-0.0024723439657959663,-0.0026300121571215997,-0.002932027888972633,-0.0033231254158399997,-0.0035836243348287503,-0.00514687786391155,0.0014154821940236,0.0028415016456982
2620,-0.00047037834741762914,-0.0018109055301601,-0.0024573462014566,-0.0024525279631626,-0.0025883031107857,-0.0028835799287442333,-0.0033020527206837,-0.0035423741901998004,-0.0050892549595184,0.00148527149600975,0.0028706337400327
2618,-0.0004618483378019251,-0.001849905044435475,-0.002486553295804267,-0.0024973644318401333,-0.0026087803984557,-0.0028965149576871668,-0.003330370700841767,-0.0035721378118324498,-0.00508144046829255,0.0014882559756797,0.0028680801082779
2616,-0.0004615213487199749,-0.0019075043768105502,-0.002541825169924433,-0.0025821904195177333,-0.0026791884174121997,-0.0029671432084139664,-0.003388578107903533,-0.0036414733585752998,-0.00509479620603325,0.0014663217121858,0.0028854637388474
2614,-0.0004732503541410957,-0.0019514965763484252,-0.0026131313228463,-0.002667861967661767,-0.0027757917189924672,-0.0030659277762241665,-0.0034532251274313336,-0.0037022638237152,-0.005121456306122599,0.00147477250114085,0.0029334268760437
2612,-0.00048658854964312467,-0.00197056982054215,-0.0026789966124652668,-0.0027284013506703,-0.0028649465841567665,-0.0031562411354562666,-0.0035094120884537664,-0.00373048275009325,-0.00516673531083565,0.0015119005577872498,0.0029725445555591
2610,-0.0004967659310284957,-0.00196684904203505,-0.0027068985257221664,-0.0027467561177173666,-0.0029040111085717334,-0.0032041495933533997,-0.003540328138545167,-0.00372083160989655,-0.00520556016114895,0.0015495928043377089,0.0029908666837203
2608,-0.0005111142426606295,-0.0019431858295344251,-0.0026798476817284666,-0.0027187785248726,-0.002871351344477234,-0.003194304085356267,-0.0035291285453825003,-0.00367455435034655,-0.00519327878570915,0.0015952831633114413,0.0030287454651075
2606,-0.00053079000023915,-0.001910671123908875,-0.002615889718744467,-0.0026643120109004002,-0.0027897812182425,-0.0031371267351314666,-0.0034783485329619337,-0.0036064039264742,-0.00512068722066665,0.0016747470224350585,0.0031062412127385
2604,-0.0005431466792551,-0.001886386611297325,-0.0025421420238474664,-0.0026047802426325,-0.0026974333217748996,-0.0030478550804864998,-0.003406932616692166,-0.0035380810179552,-0.00502154662621985,0.00177507963359995,0.0031866426791409
2602,-0.0005415386053842999,-0.001873494758094675,-0.002466727705521967,-0.0025400143945370998,-0.00261109734496,-0.0029360780150668665,-0.0033283760912119,-0.0034789385918842,-0.00492858282606945,0.00185059270062145,0.0032384614578541
2600,-0.0005373660091517,-0.001863736740342325,-0.002402597675826833,-0.002478731866031833,-0.0025453524043128665,-0.0028345021743212337,-0.0032577460784155663,-0.0034358396754285503,-0.00485845008414185,0.0018745788919128,0.0032733562412226
2598,-0.000542645969741325,-0.0018626366736461501,-0.0023897541766955,-0.002464365457236333,-0.0025371409084086333,-0.0028022655516465335,-0.003229657806852767,-0.0034300022519057997,-0.004826529708881699,0.00185805433675165,0.0032987120990269
2596,-0.0005539647742995499,-0.001885194967179475,-0.002450905196144867,-0.0025211935553362,-0.0026025600796565997,-0.0028577894681663003,-0.0032681507277414665,-0.0034684568263141,-0.0048311411669958,0.0018298479843895,0.0032957080675831
2594,-0.000563538736851425,-0.0019218907277039747,-0.0025413319220627334,-0.0025939661222511667,-0.0026860583217212,-0.0029357151538614338,-0.003337744315918267,-0.003509797902482,-0.0048340910689615,0.00181806964062535,0.0032722848765205
2592,-0.000572989211648125,-0.0019368141183318,-0.0025841449756934666,-0.0025973144392413,-0.002704723613746733,-0.002954424927647033,-0.0033638288357669666,-0.00350089701829765,-0.004803741801256,0.00183721038677955,0.0032753995236184
2590,-0.0005841151512330251,-0.0019107523683156002,-0.0025508950934587334,-0.0025185105381034666,-0.0026410200129574333,-0.0029052272510196667,-0.003310139038198833,-0.00344289473829845,-0.004764882057662951,0.0018746741752532002,0.0033172062460746
2588,-0.000588769867837125,-0.00186520844570795,-0.0024780309776447668,-0.0024229081150173334,-0.0025505890123240665,-0.0028382619442661335,-0.0032093644020458,-0.0033813615083242,-0.0047564043107902,0.0019027477952606,0.0033485166948047
2586,-0.00058159463578585,-0.0018342936197971,-0.0024137978943378335,-0.0023670041769152665,-0.0024859020831726002,-0.0027880408321935,-0.0031154477113076,-0.0033383179815187998,-0.00475793628831385,0.00191475300670415,0.00334206838056
2584,-0.000571645048649325,-0.0018331270078945252,-0.0023830946834758997,-0.0023590164847012334,-0.0024585810660677997,-0.0027613041311871332,-0.0030593948129791003,-0.0033020456081208497,-0.0047198170864152,0.0019300093776557,0.0033359479678279
2582,-0.0005683516583056751,-0.0018580745745946253,-0.002390867700543567,-0.0023918416802672,-0.0024687112932540336,-0.0027686107313485333,-0.0030528073415180003,-0.00327725179536295,-0.0046524049724829,0.0019569854541978,0.0033556955520816
2580,-0.000566208918312825,-0.001895611833257525,-0.0024232549368901663,-0.002454587657202067,-0.0025157785109324333,-0.0028103507891073334,-0.0030937484463329002,-0.00329036467545385,-0.004618940165749701,0.0019791431066733,0.0033636164327233
2578,-0.0005574869257352251,-0.0019230396149810748,-0.0024507504909321667,-0.0025130277077304,-0.0025719197136956666,-0.0028483770624336004,-0.003157019096200066,-0.00333795633101065,-0.004636925606079451,0.001986077449048,0.0033349254352346
2576,-0.000550206859895275,-0.00192070470392685,-0.0024561552714654337,-0.0025294792495330664,-0.0025915419344631333,-0.0028428968621594,-0.0032059561420219665,-0.0033777740119148997,-0.00465496481334965,0.0019879540476171,0.0033169573189696
2574,-0.0005574629977043251,-0.001893596732011675,-0.0024508645459835002,-0.0025071500185269335,-0.002563540530237267,-0.0028042200923307664,-0.0032240607612082,-0.0033820869853892002,-0.0046373957677707505,0.0019896114340427,0.0033544001991498
2572,-0.0005759764312924501,-0.00186794644941815,-0.0024453720119880997,-0.0024777396389418335,-0.002522468625244767,-0.0027669201460070666,-0.0032196191199258665,-0.003363372386566,-0.004611541713934,0.0019807017814859502,0.0034141355382391
2570,-0.0005902336778974,-0.0018618944169463498,-0.0024262548103674334,-0.0024496787241016335,-0.0024986754089003,-0.0027360570313042665,-0.0032011964987341667,-0.00333893872860935,-0.00461493321776975,0.00196472160012125,0.0034440834488142
2568,-0.0005928799543744,-0.001871136217791075,-0.0023865517013064667,-0.0024107266180833664,-0.0024884663093281,-0.0027036169223783,-0.0031698799323362,-0.0033072553027816,-0.00464578997931745,0.0019666925778327,0.0034514012665388
2566,-0.000589285443502475,-0.001880822042927875,-0.0023497236063678,-0.0023694188667542,-0.0024764199868457,-0.002685211477306333,-0.0031294043772867666,-0.00326621805379755,-0.0046777257594003505,0.0020018682812604,0.0034659323016624
2564,-0.0005866906108989,-0.0018782309778599,-0.0023342629300615336,-0.0023483035464136,-0.002456329893359533,-0.0026881679989527673,-0.0030841666450084,-0.00322372518508435,-0.0046842141978372005,0.00206145580081915,0.0034770454508302
2562,-0.000589040307956125,-0.00185741905174185,-0.0023243325802389334,-0.0023460726803946337,-0.0024267649981726002,-0.0026747658443148,-0.0030333712141254,-0.00318400516538215,-0.0046471800143159,0.00213110790955655,0.0034656068549948
2560,-0.000598521285949725,-0.001824803681926725,-0.002306405523193267,-0.0023459736531323996,-0.002390522212491567,-0.0026142824718967,-0.0029830747607906666,-0.0031457110350876,-0.0045797959614853005,0.0021910504435273,0.0034537910146714
2558,-0.0006123152039305001,-0.001795755522484525,-0.002299260928554267,-0.0023457975768450003,-0.0023613463439573334,-0.0025453596292512337,-0.0029501944211644663,-0.0031125968152123998,-0.00453626648779095,0.00220016782496765,0.0034667706606679
2556,-0.000620899297162325,-0.0017748156622586502,-0.0023125946218649665,-0.0023423766203596666,-0.0023499333778310666,-0.0025274030906622,-0.002935873569444166,-0.00308645370612925,-0.00455423170752405,0.002128002769556,0.0034833406291411
2554,-0.00061835360181255,-0.0017492095201781998,-0.0023144908767693336,-0.0023112140407080335,-0.0023458145905095,-0.0025533562197503665,-0.0029169538953176,-0.0030599755236050998,-0.004596782219073101,0.00201137090811385,0.0034772435146271
2552,-0.0006105869554508499,-0.0017121949910210749,-0.0022816695399588333,-0.0022452218571341336,-0.002331858081610867,-0.0025693550537561334,-0.002884054348694333,-0.00303630745248315,-0.0046004435129207,0.00193458559445705,0.0034677347225239
2550,-0.0006064183880925499,-0.0016778857199424998,-0.0022476406382499667,-0.0021887519501834333,-0.0023087503415033,-0.0025553707297338666,-0.0028613914011081667,-0.0030338989679917503,-0.0045630783846739,0.0019429250665813,0.0034775057804655
2548,-0.0006061603459626,-0.0016612233132270251,-0.0022557558689522664,-0.0021863698581428667,-0.002288576874490567,-0.0025304931494923334,-0.0028668086925642995,-0.0030500629732056004,-0.0045288299403235,0.0020102108701192,0.0034833751963704
2546,-0.000606173204325425,-0.00166307079993625,-0.002297792837218,-0.0022245089947568,-0.0022780175525086667,-0.0025073170505757665,-0.002883525964012767,-0.0030516311762469,-0.0045051264089088,0.0020948887232318998,0.0034633797023084
2544,-0.0006086616743261001,-0.001685325330283525,-0.002342029979671633,-0.0022679688480871005,-0.0022851332466485,-0.0024976643846745332,-0.0028972785667894,-0.00303008682036615,-0.0044646572202743,0.00217819221921675,0.0034510078335155
2542,-0.0006183416373677,-0.001733621477395875,-0.0023836054626364,-0.0023166113925175,-0.0023199064218770334,-0.0025332126691104003,-0.0029224792558100667,-0.00302830498415995,-0.004418442099812601,0.00224081924025955,0.0034862527706607
2540,-0.00063386208669515,-0.0017897634473627501,-0.0024205385217745666,-0.0023744988938099337,-0.0023671158189037668,-0.0026195240506557333,-0.0029610732546083668,-0.00307497639642905,-0.00441139911118875,0.002260127971918,0.0035505150062034
2538,-0.000650083619938475,-0.001815210910754225,-0.0024226459141484997,-0.0024046630795535,-0.0023869964604733003,-0.002697483948142,-0.002978807058786267,-0.00313240450168345,-0.0044406937165467,0.00224760709636725,0.0036044704899745
2536,-0.000664663818492575,-0.0018037226854509501,-0.0023803520686308,-0.0023803059809586334,-0.0023676693333278998,-0.0027128870000441333,-0.0029622865180766664,-0.0031547388141845998,-0.00445186497543855,0.0022402060786729,0.0036518842180792
2534,-0.000676459819991,-0.0017963427567441,-0.0023468305715482335,-0.0023465615730576,-0.0023476821481703664,-0.0026929752078049,-0.0029550825923513667,-0.003157264327345,-0.00442308254121205,0.0022421357869932,0.0037104545536191
2532,-0.0006821125982737,-0.001818368921956675,-0.0023691812094805997,-0.0023609888735384335,-0.002358589075568933,-0.0026923137065794334,-0.0029899542532634666,-0.0031766998037461996,-0.0043890452728643,0.002223769524039,0.0037551543934673
2530,-0.0006790349161036,-0.0018394577198780002,-0.0024112919757211665,-0.0024021835087765335,-0.0023787091899241997,-0.0026985133371357334,-0.003027924912274134,-0.0032002820433909,-0.0043746319756176495,0.00218731939054085,0.0037458365660497
2528,-0.0006678172180866,-0.0018284519504346251,-0.0024067625406167,-0.002406952029405033,-0.0023758883624288335,-0.0026638045599302663,-0.003016869475306967,-0.00319143018320455,-0.00436944736697215,0.00217525999794165,0.0036873121385174
2526,-0.0006502448494926749,-0.0018076684250617498,-0.0023559936949602,-0.0023699648993922334,-0.002358757379025033,-0.002598426996866367,-0.0029696584247276333,-0.00315451298192815,-0.00437495439998365,0.0021990724909151,0.0036188155654835
2524,-0.000630922632893075,-0.001811770360186525,-0.0023102262951938,-0.0023364178188070663,-0.0023467670406139667,-0.0025543510015864,-0.0029304803101881,-0.00311691141042655,-0.00440941431887365,0.0022183873210503,0.0035682309242168
2522,-0.000619947178665775,-0.00182853689083935,-0.0022881995440414333,-0.002320891272699433,-0.002327142013066,-0.0025385106625213003,-0.0029005592713172,-0.00307631460834765,-0.004454329647827,0.00220972256234365,0.0035474963189436
2520,-0.0006251774902435001,-0.00182775177339935,-0.0022747720743342,-0.0023071099892706002,-0.0022873313085063998,-0.002520331724859833,-0.002859918810119133,-0.003024476489058,-0.0044605984314413,0.00219693322986435,0.0035625026689986
2518,-0.0006405619799509,-0.0018168407202116747,-0.0022746187275487,-0.0023026388845051,-0.0022549201775533003,-0.00250508694131,-0.0028289992990353334,-0.00299081308640165,-0.00442190062732165,0.0021933249205384002,0.0035935465681756
2516,-0.0006522565782319749,-0.0018180222255271,-0.002298555293894533,-0.0023176224214162,-0.0022531164282988004,-0.0025198694998025332,-0.0028383931332599337,-0.00299758231484525,-0.00438281190177535,0.0021796396659176497,0.0036036301214678
2514,-0.000657395148973125,-0.0018204812644926252,-0.0023191691998636,-0.0023156218876517333,-0.0022514231650868663,-0.0025430496909678666,-0.0028644936425861332,-0.0030051962358014503,-0.0043621706200083,0.00216505075726795,0.0035971302620359
2512,-0.0006639804256237,-0.0018054784534782,-0.0023047216611715333,-0.0022640938237097,-0.002216109279432133,-0.002528473082125033,-0.002861564953802033,-0.0029702311619124,-0.00433099648925705,0.0021989008978288,0.0036226502345389
2510,-0.0006714880366627,-0.001791321496798675,-0.0022778906968756,-0.0022097780647409,-0.002174789986730333,-0.002487387810212433,-0.0028350337248314664,-0.0029251310278018998,-0.00427850912270395,0.00228661824869625,0.0036884437818717
2508,-0.0006685989778905,-0.001800800414990575,-0.0022796768041117,-0.0022199656121908,-0.0021722730901578,-0.0024710823369951,-0.0028205996719459663,-0.0029284253951488,-0.00423552223517395,0.00236152839995035,0.0037337819467854
2506,-0.000655090801795625,-0.001810264113675825,-0.002298384115411767,-0.0022711359724997666,-0.0021942519504572996,-0.0024844676088018,-0.0028152899661874667,-0.0029663860795436,-0.0042151971278585505,0.0023836033626695,0.0037228655383609
2504,-0.000648003951367175,-0.001789418870292325,-0.002299001907767467,-0.0022860891588048333,-0.0022003618005867667,-0.0024922589190629666,-0.0027970742968108663,-0.00298226280558795,-0.00419319868145445,0.00239949688622165,0.003702704825648
2502,-0.0006583337867776501,-0.001766038339985175,-0.0022958009607748665,-0.0022601092992473666,-0.002202495195864667,-0.002494920936838767,-0.0027876656537285,-0.00297574593771995,-0.00416620578657855,0.0024578883812736998,0.0037244738326234
2500,-0.0006761713789316249,-0.001787194114543775,-0.0023241689118683666,-0.0022549367243467665,-0.0022390346829086,-0.0025195610881209337,-0.002820307640461633,-0.00299025536267875,-0.00416869067648745,0.0025263527646956496,0.0037677068660732
2498,-0.0006878722047354251,-0.0018335648182085,-0.0023614581372409,-0.002277242253091767,-0.0022923637362348335,-0.0025468527844912333,-0.002863186881890333,-0.0030191604271761997,-0.00420900963707375,0.0025473225007014,0.0037945248666238
2496,-0.0006937815625154749,-0.00184121837467835,-0.0023529459552372334,-0.0022673834987845,-0.002307025486793933,-0.002530892910781867,-0.0028526066871065667,-0.0030138130015808498,-0.0042453004567796,0.00252422699037415,0.0038192435746055
2494,-0.00069943564393245,-0.0018013329001423499,-0.0023051665458354667,-0.0022168930427820667,-0.002280525328805466,-0.0024865641175104668,-0.0027941486914432336,-0.0029760523636292,-0.00424520501561275,0.0024990957151739,0.0038653761070708
2492,-0.00070315936864455,-0.001770871892631825,-0.0022785597096116,-0.002196558735604433,-0.0022658019676095,-0.002476191541872,-0.0027592595006347667,-0.0029577728254201,-0.0042226109939892,0.00248757142183245,0.0039082133630753
2490,-0.000702516735376,-0.00178393589853925,-0.0022948055539819,-0.002245284302642533,-0.002287212194089367,-0.0025123786392828,-0.0027842595518870667,-0.0029723527480413,-0.0042002020313131,0.0024820317872054,0.0039188911623175
2488,-0.0007012297500602501,-0.0018156307265487252,-0.0023229550079967667,-0.0023165602272475667,-0.0023191198526366333,-0.002552448659311733,-0.002838435624396167,-0.00298664607273025,-0.0041856671778749,0.0024800586641663,0.0039154346975718
2486,-0.0007007813359859001,-0.001838291916919575,-0.002349547345182267,-0.002359659327740767,-0.0023444791978137,-0.0025828976258233335,-0.0028875818499378998,-0.0029953234704279,-0.0041950715594302,0.00246904081247355,0.0039175111598014
2484,-0.000696636297161975,-0.0018555056417143,-0.0023877923654114334,-0.0023796183107151667,-0.0023699015076642338,-0.0026250019570495664,-0.0029229161877275998,-0.00301967625790825,-0.0042428005799983,0.0024244787890272002,0.0039043076460357
2482,-0.00069099329050635,-0.00186890971014095,-0.00241849886164,-0.0023899465148395,-0.0023811032404239332,-0.0026567045028565335,-0.002928868953570567,-0.00303411611626555,-0.00429714748412205,0.0023640012881840497,0.0038725766542799
2480,-0.000696136860678175,-0.001861484379136675,-0.0023972981163614664,-0.0023743211942458668,-0.0023464501119641336,-0.002618874288147966,-0.0028874937264387,-0.00298297707089605,-0.0043012929357059,0.0023542936059855,0.0038774985978253
2478,-0.0007146460971024,-0.0018308755178151502,-0.002330469663753567,-0.0023270631491422336,-0.0022735253340635335,-0.0025145155389250666,-0.0028208622139628335,-0.00287893378314765,-0.004252364538441,0.0024210186092216003,0.0039491602441314
2476,-0.0007292604957940499,-0.0017996342014337248,-0.0022781154601047,-0.0022744311063866,-0.0022091005407474,-0.0024221950474822666,-0.0027736342904981664,-0.0028024792963195003,-0.00420689415231605,0.0025000554158266,0.0040219083758337
2474,-0.00072475950662975,-0.001780540954135725,-0.0022682931385520333,-0.0022291097822827667,-0.0021755190594897667,-0.0023892253368992997,-0.002750140018557567,-0.00278892172524635,-0.00419689324961175,0.0025247142861320997,0.004019474019764
2472,-0.0007084803024715751,-0.0017646951306934749,-0.002266952792628533,-0.0021743617336451334,-0.0021542056799754333,-0.0023831178719884,-0.0027188608807629,-0.00279344098384245,-0.00419703468436385,0.00251099464882945,0.0039616682650062
2470,-0.000698278485512,-0.0017493403161914249,-0.0022470727588892333,-0.0021147004969852665,-0.002135124516962033,-0.0023689829793718665,-0.0026780169694841337,-0.00278440148546375,-0.00418553562271375,0.0025071026780238,0.0039179917465643
2468,-0.0007005077763873249,-0.00174327821064235,-0.002229478574840233,-0.002089248628142633,-0.0021333517557412,-0.002362827419005733,-0.002662921337895133,-0.0027912975890428,-0.0041771020210638,0.002511803695828,0.0039033860561842
2466,-0.000710794265969775,-0.0017382837391439249,-0.0022316464074840663,-0.0021083034847961,-0.0021484705269275,-0.002378645761521,-0.0026831084358373996,-0.0028309299215084002,-0.0041754580564422,0.0025023690793539,0.003893935355413
2464,-0.0007260944166617501,-0.001710599547442875,-0.002226673889672333,-0.002124356801773,-0.0021522954596721665,-0.0023857692138725666,-0.0027027655297988,-0.0028598507870031,-0.00415440949554525,0.0024962760717565998,0.0039020959915902
2462,-0.0007431607929359501,-0.00166225927016035,-0.0021850890388235666,-0.0020973893400210333,-0.0021298031980560334,-0.0023575121288677667,-0.002691879834163233,-0.0028400897694383,-0.0041114319172108,0.00251949123040615,0.0039526927346942
2460,-0.0007530447753056,-0.00163211897169925,-0.0021267532243769665,-0.0020536357128418336,-0.0021006932966774,-0.0023191870725505002,-0.0026588221953591333,-0.00280028788837475,-0.0040875704248790005,0.00254667561491325,0.0040120520850277
2458,-0.0007492777183807,-0.0016517163878136,-0.0021019463335461,-0.002047903929361667,-0.0020907873224935334,-0.0023123769610729,-0.0026277466299901003,-0.00279059073341325,-0.0041068163098356,0.0025384834019509498,0.004021657896193
2456,-0.00073657376876965,-0.0017090125560064997,-0.0021352499690397,-0.0020918507966964334,-0.0021067098069002337,-0.002342939720427733,-0.0026153684093955,-0.00281474415873575,-0.00413965422422295,0.0025115222096338003,0.0039842691364039
2454,-0.0007238185864045751,-0.00176402444292785,-0.0022038520054257667,-0.0021465140722098336,-0.002139845279126333,-0.0023876297815135666,-0.0026296587092548337,-0.0028403206795877,-0.00415042726855555,0.0025107467890046,0.0039510165205928
2452,-0.000715525002436025,-0.0017862318704965749,-0.0022621193320082333,-0.0021721743106686664,-0.0021714816843864666,-0.0024247638305736666,-0.0026612263384171333,-0.0028451940433426998,-0.004140354900557849,0.00253594806660215,0.0039429454532568
2450,-0.0007151536479737,-0.001775278616779925,-0.0022819707595223,-0.0021675503619473665,-0.0021802921992269,-0.002442270730600833,-0.0026825078720016,-0.0028287488679234,-0.0041232635617434,0.0025555573119699997,0.0039458084398316
2448,-0.0007260333833586999,-0.0017565643193896748,-0.0022734969650337667,-0.0021624332785358997,-0.0021670008990584667,-0.0024377679073581,-0.0026826015400408,-0.00280084453051895,-0.0041004947318369,0.00257147042662655,0.0039595109798548
2446,-0.000742334097304525,-0.0017557865258476999,-0.0022647660156209335,-0.0021788156085121,-0.0021602925658999,-0.0024234978917203,-0.0026863005522899,-0.0027797738926717,-0.0040785278284334505,0.0026078855129460002,0.0039893365078604
2444,-0.00075033108753405,-0.0017698586745998248,-0.0022627531338787667,-0.0022015778711367002,-0.0021756135711257663,-0.002413494912305233,-0.0027096079161042,-0.00278203482484555,-0.00407035755789775,0.0026509165509788,0.0040094975017873
2442,-0.000746775347138975,-0.0017717238450140748,-0.0022496204431971,-0.0021968965268464335,-0.0021864163194206,-0.0024036548855126,-0.0027222029122615336,-0.0028006804400012002,-0.00406373173678575,0.0026602850856599,0.003999115276181
2440,-0.000744489110947325,-0.00175132546109075,-0.0022224754188066667,-0.0021611822146185,-0.0021647994882493665,-0.0023843611869652334,-0.002693198739665,-0.0028120566382458002,-0.00403049864175615,0.00263489505237705,0.0039934671184948
2438,-0.000752579699424725,-0.0017312579848639499,-0.0022061731613857998,-0.002127239115183233,-0.0021258442432099,-0.0023615569285484997,-0.0026433776694541667,-0.00280226606700215,-0.0039755971267091995,0.00261785272673015,0.0040404339954898
2436,-0.0007644679616007,-0.001726892619195275,-0.002208512870680333,-0.0021102754332727003,-0.0020957632960102667,-0.0023392945952258,-0.002605424576798667,-0.002768133366801,-0.0039320382052462,0.0026402476732218,0.0041272265355495
2434,-0.000773501928208375,-0.001717689445489675,-0.0021969865590573665,-0.0020825422652357667,-0.0020639808113006998,-0.0022994211844534,-0.0025652695994511665,-0.0027056498827756,-0.0039026940570111002,0.0026979875038049,0.0042051970451793
2432,-0.000784896573956325,-0.001683983729156725,-0.002148770602931067,-0.002026208251478967,-0.0020119675544947335,-0.002232709483457367,-0.0025002451838833004,-0.0026269258538126,-0.00385985922700035,0.00277462998105195,0.0042613738040581
2430,-0.0008011664869853501,-0.001647615029254225,-0.0020935600418517998,-0.0019749676301038664,-0.0019650790845974664,-0.002172536805076233,-0.002444817988128367,-0.0025734604998853003,-0.0038076946033944,0.002848978045964,0.0043086738051856
2428,-0.0008106076190237,-0.001642585287302975,-0.0020728109437447664,-0.0019660541731049,-0.0019633360274447,-0.0021562634462098337,-0.0024511225935611,-0.00257468675176435,-0.00378815748960485,0.0028908844007946998,0.004334339884765
2426,-0.0008040257283439499,-0.0016640477007424,-0.0020830976529050663,-0.0019832719732663,-0.0019970696521832334,-0.0021699497705585,-0.0025045132790327664,-0.00260658464761405,-0.0038149385442261497,0.0028842638435074997,0.0043191314722486
2424,-0.0007900749232878251,-0.00168214801192405,-0.0020962639206677336,-0.0019924928958780334,-0.002024445432424633,-0.002177292288311133,-0.002546469700848467,-0.00262972543008695,-0.00385846993837615,0.0028451980873317,0.0042833117760929
2422,-0.0007804464221749751,-0.0016896809845868498,-0.002108087029771367,-0.0020032018779080666,-0.0020376129212733665,-0.0021823512991310996,-0.0025629128648686334,-0.00264713136615175,-0.0039033495825787,0.00279687516586935,0.0042559826511196
2420,-0.00077155779364285,-0.001701001727915975,-0.0021270664247416663,-0.002044721169000567,-0.0020595331626,-0.002211134139623467,-0.0025826564031692003,-0.002678580682189,-0.00396052905621705,0.00274606237365805,0.0042221092513761
2418,-0.000755236845260775,-0.00171782966044325,-0.0021417389808295333,-0.002105070784689,-0.0020884757028596,-0.002249114683326867,-0.0026046498884385997,-0.0027037684262444,-0.0040151926724753505,0.00270235764015775,0.0041570784760709
2416,-0.00073730249675315,-0.0017311784977894502,-0.0021401529385166,-0.002143597988628367,-0.002098559805357833,-0.002255014277715133,-0.0025985305055293666,-0.0026891228572227498,-0.0040245785444141,0.0026917765507999,0.0040902696229358
2414,-0.00073102265471525,-0.0017460853248307251,-0.0021396699365389335,-0.0021479607513407665,-0.002087523868132633,-0.002226477983399,-0.0025690585235404666,-0.00265250346891355,-0.00398193742956095,0.002725099863711,0.0040778410579818
2412,-0.000738955255740575,-0.00177065771572535,-0.0021571734216783663,-0.0021338709145813668,-0.0020750784949918333,-0.0021976300391014334,-0.0025506140240534668,-0.00263929560682915,-0.0039247335307917,0.0027790594743635,0.0041281061057551
2410,-0.000753272282496375,-0.001790507715286725,-0.0021708878012074665,-0.0021063809214517666,-0.0020614877959558,-0.0021790304301617667,-0.0025417130404082,-0.0026452536098129998,-0.00386894552313175,0.0028323085787347498,0.0042023298797678
2408,-0.0007680912722882001,-0.0017860689830277,-0.0021528094670924,-0.0020663118964735334,-0.0020341145733367,-0.0021551368333643,-0.0025116484413386336,-0.00262779794408125,-0.00379825185659195,0.00288873713369285,0.0042705961012508
2406,-0.000781206822726625,-0.0017657105728213752,-0.0021184212717374334,-0.0020365369237139667,-0.002004282781341533,-0.0021323703606723004,-0.0024669894613454668,-0.002583806573027,-0.0037258720126304504,0.0029461652363913004,0.0043214322551806
2404,-0.0007906733660510751,-0.0017507168010440998,-0.0021019817869295334,-0.0020344998801252,-0.0019905984888645666,-0.0021316807406534665,-0.0024437132329639334,-0.00254849276049285,-0.0036954542357330996,0.0029802319682066,0.0043420146016778
2402,-0.000798417302173125,-0.001739299735243075,-0.0021044579778141336,-0.0020375374136973,-0.0019803498629887,-0.0021414494208707334,-0.0024384720085866333,-0.0025254128188976002,-0.00370784345542695,0.00298411247111325,0.0043363636411551
2400,-0.000809817993983575,-0.0017199032520879,-0.002110044621104,-0.0020219679009365666,-0.001957253374767,-0.0021363891467788667,-0.002418288381075967,-0.00249073662411185,-0.0037191661508065,0.0029844232768934,0.0043395812929428
2398,-0.000823124306348025,-0.0017073868423380751,-0.002129708080583367,-0.0020132123822906335,-0.0019485762212488667,-0.0021339811118249665,-0.0023936625694126,-0.002461935867406,-0.003720847253678,0.0029948410881278998,0.0043726299805033
2396,-0.00082820798983435,-0.00172812136514835,-0.002180124191876067,-0.0020479313700348,-0.0019894242626561,-0.0021722322860523,-0.0024101295810362664,-0.0024860528173002,-0.0037473389479846,0.002993856808175,0.0044062912405319
2394,-0.0008221549070152501,-0.00177480093525815,-0.0022376460041263,-0.0021075156948620333,-0.0020546699883443333,-0.0022354406383084005,-0.0024654082693626998,-0.00255329696773035,-0.0037930750794615,0.00297040815291465,0.0044058056806684
2392,-0.0008160890866666749,-0.001809522308566525,-0.0022603790530730332,-0.002139530941633333,-0.0020825793674356,-0.002260724151574,-0.0025015615473235665,-0.0025916431354974998,-0.00380003943306435,0.0029511351281626,0.004384310193023
2390,-0.0008212776774729,-0.0018109713579435248,-0.0022449814330124996,-0.002127135865851433,-0.0020553205745213,-0.0022192590825699664,-0.0024843269417114664,-0.00255728190024565,-0.0037472889660360503,0.0029635734509924497,0.0043815831285622
2388,-0.000838816353467075,-0.0017929446746752999,-0.0022214887755213,-0.0020901589971744333,-0.002001421488508233,-0.0021367260511832,-0.002429064627049333,-0.0024680093531834002,-0.0036758952214011502,0.0030151753006437,0.0044215601954021
2386,-0.000866615740039675,-0.00177860861133265,-0.0022052496104565333,-0.0020384265824714668,-0.0019295240186129334,-0.0020345139078584667,-0.002347230700078133,-0.0023407566001521,-0.0036036521216074504,0.00311978446748435,0.0045147443753837
2384,-0.0009027266875495251,-0.00178117836892305,-0.0021960986130496666,-0.0019778235788350334,-0.0018224646476428668,-0.001910447792953267,-0.0022343310298512,-0.00216649385491335,-0.0034976014189872,0.00328861263780915,0.0046597693512945
2382,-0.0009370657790282,-0.0018060258125987497,-0.0022103382239334,-0.0019426716133444666,-0.0016908792414605668,-0.0017779673099867002,-0.0021145741726252333,-0.00195983264608165,-0.0033570806203188502,0.0034799785625148,0.0048185380019787
2380,-0.00095702078305405,-0.0018458200957784752,-0.0022639584194216,-0.001958591260095233,-0.0015651215752323002,-0.0016577297687909332,-0.0020242536667704,-0.0017579419671236,-0.00323352122750965,0.00362749467421885,0.0049437322244389
2378,-0.0009710124044359501,-0.0018737520741270502,-0.0023254167138391,-0.001975978559926667,-0.0014235223586322333,-0.001513489709244,-0.0019294299269582333,-0.00153745292329655,-0.00311799158717425,0.0037558987877777,0.0050684849828903
2376,-0.00100975732494275,-0.0018643167852682749,-0.0023317876219440333,-0.001903622120953,-0.0011940519249909335,-0.0012606323406209334,-0.0017308356511233668,-0.0012012622623909,-0.0028930006298856503,0.00399727613748825,0.0053076842047843
2374,-0.00108599002564095,-0.00182721866371995,-0.0022700157101814664,-0.0017316572589307,-0.0008676476449793668,-0.0008872433640289334,-0.0014057228624676,-0.0007154235445152499,-0.0024909390927078997,0.00441414510308125,0.0056978096946914
2372,-0.001165354655556025,-0.0018010760826537003,-0.002204588587013967,-0.0015640297395776,-0.0005557192103153334,-0.0005181704102985334,-0.0010905222472331333,-0.00021362732287739998,-0.0020497855358931998,0.0048598565987457,0.006085100372124
2370,-0.001204148794042875,-0.0018053893627667998,-0.0021942516662383335,-0.0014844892716037999,-0.00036596840726433325,-0.0002834364054048333,-0.0009329795887651333,0.00013364275246426657,-0.0017757356268758501,0.0051355151831822005,0.0062876162123931
2368,-0.0012053887226393,-0.0018212637465521,-0.002218208598153633,-0.0014531608199790998,-0.0002651785525618334,-0.00016136487736856668,-0.0009006403272321333,0.000328136582992,-0.00167359560968945,0.00524393763341065,0.0063299865256377
2366,-0.0012035402560773,-0.0018251462187755998,-0.0022195045614909997,-0.0013958788942527,-0.00014838007656873325,-3.920711481836667e-05,-0.0008443727740507333,0.00050425015128975,-0.00157547979867915,0.00533233845895955,0.0063702167509249
2364,-0.0012077388330662751,-0.001811633504645175,-0.0021799731621353663,-0.0013199814288170667,4.929999715133319e-06,0.00011672219499176663,-0.0007098206664094666,0.0007090000505446,-0.0014156019202410334,0.0054345584005485,0.0064439229895192
2362,-0.00120108995366675,-0.0017815993779819249,-0.0021211197037445,-0.0012710194352983,0.0001317621049855,0.00024735644430056667,-0.0005700225870751667,0.00085717103405415,-0.001292893989527075,0.00546219249881685,0.0064583151167961
2360,-0.00118232156042725,-0.001743043414312325,-0.0020737962623151667,-0.0012527039003020334,0.0001874473335018333,0.00030503992790626664,-0.0004950951274436333,0.00088250623923965,-0.0012736538637151918,0.00540140232454815,0.0063894815535859
2358,-0.001164029647869275,-0.001720487378521725,-0.0020668742734699,-0.0012606849254528667,0.00015066773151463332,0.00026604032443099996,-0.0005130291373603666,0.0007866303062255,-0.0013242473293085333,0.0053066428161876004,0.0062908526255811
2356,-0.0011418344387198998,-0.001728343019512025,-0.0021029003470908665,-0.0013206788670979332,-1.5332169605566704e-05,9.164760569219995e-05,-0.0006539176559188,0.0005556110406998,-0.0014406098500129,0.00514981986022355,0.006152195814327
2354,-0.0011075215389142,-0.001746612272708125,-0.0021413464827024333,-0.0014296031460629334,-0.00029471359810496664,-0.0002029705889984333,-0.0009009962554059666,0.0001909049223422419,-0.0016534653837843001,0.0048941906408028,0.0059483753780306
2352,-0.0010767207957447498,-0.0017593892110313249,-0.002153908483193867,-0.0015348988978052666,-0.0005733767872877667,-0.0004975450578353333,-0.0011472302635166332,-0.00019556839798235838,-0.00190882510827545,0.0046497926970411,0.0057665825192441
2350,-0.001068774557937525,-0.00178913406104055,-0.0021707877196321,-0.0016101786564845998,-0.0007474146659815999,-0.0006784103186955832,-0.0012979605045986334,-0.000456116695684,-0.0021013634203169,0.00455954689143555,0.005714911827413
2348,-0.001082656181748275,-0.001858935705386,-0.002230639587296567,-0.0016715438909175667,-0.0007947419908743333,-0.0007199166025907778,-0.0013389248371437335,-0.00051934223032475,-0.002180020955453,0.0046379682452134495,0.0057960095583694
2346,-0.001106692135801025,-0.0019495162239479501,-0.0023204568557402,-0.0017239147303434333,-0.0007403076051293667,-0.0006542192540867114,-0.0012971470023893,-0.00040108188029005,-0.00215671599215105,0.00479376729107045,0.0059374568757639
2344,-0.001132206744847425,-0.00200932280382675,-0.0023818235137839,-0.0017434379802767,-0.0006347448668891,-0.0005477715579919,-0.0012163766727746666,-0.0002069522813181584,-0.0020856241949835,0.0049171360858537,0.0060656309615669
2342,-0.0011479194445908748,-0.0020181305810219752,-0.002389026043500867,-0.0017302408276914667,-0.0005635828734591999,-0.0004975816172810666,-0.0011730956580865998,-0.00011499370846915841,-0.0020604828798784502,0.00493641292160485,0.0061237566430611
2340,-0.001136604773714925,-0.002015177767811,-0.0023907058473521,-0.0017330555761149666,-0.0005913850721711334,-0.000558634728813,-0.0012303170148615999,-0.0002174357146195,-0.0021455444141094,0.0048447750057819495,0.0060719554563501
2338,-0.001100540843530175,-0.0020281358329205,-0.002419201244329867,-0.0017666699588430332,-0.0006767260372163667,-0.0006661322903805666,-0.0013420308010336998,-0.0003946663034199,-0.0022758231264907,0.0047098099728295,0.0059414869377614
2336,-0.0010768529629037501,-0.0020349670131581997,-0.0024312109818669667,-0.0017713105289510998,-0.0007088585274158667,-0.0006939598608435611,-0.0013764543223410333,-0.00044490032889215,-0.00229719855109715,0.00465887632382125,0.0058672288693241
2334,-0.001099637414668325,-0.0020136632405691503,-0.002381326812170934,-0.0017012022782294668,-0.0006355206241077666,-0.0005930049034145332,-0.0012645275481048667,-0.00030645855449615,-0.002140162170645,0.004775413443463,0.0059628304004982
2332,-0.001149536845421125,-0.0019760339106723,-0.0022942238433587,-0.0016033446446582667,-0.000528894189929,-0.00045448617768066666,-0.0010970295639738,-0.00012428818524362495,-0.0019308958370179,0.00496445880002985,0.0061463297523532
2330,-0.0011725547916209,-0.0019400563572793,-0.0022264884923372664,-0.0015612093478156333,-0.0005016412818668001,-0.0004109395773827,-0.0010244692956591,-8.239025106969166e-05,-0.0018614845453751,0.00502554406041125,0.006211762439358
2328,-0.00114644007388165,-0.0019067595057446999,-0.0021958805367295665,-0.0015944404566064334,-0.0005846581435176667,-0.0004978437844879,-0.0010900173637004,-0.00021515983074134998,-0.0019761775134534,0.0048864635283138,0.0060827390310516
2326,-0.001099205597438125,-0.001872816674365575,-0.0021774590911249666,-0.0016506741774887001,-0.0007147216460309334,-0.0006399409005799334,-0.0012095959121814666,-0.00041409817225155,-0.0021521150409756,0.00467331326620445,0.0058816526896498
2324,-0.00106592902616155,-0.00183817297937645,-0.0021431561118565,-0.0016720292360794334,-0.0008169817597416668,-0.0007497057498462,-0.0012903478853722667,-0.0005739488228926,-0.00226528616541105,0.0045350346025307,0.0057489286752028
2322,-0.00105428637453405,-0.001799507166580375,-0.002087928220468867,-0.0016450806373963,-0.0008705193303358722,-0.0008082774653411,-0.0013218028138685999,-0.0006828200856933,-0.0023068433646938,0.00448446856745895,0.005700923030184
2320,-0.0010551397183772748,-0.0017585805526604747,-0.0020319157344090336,-0.0016011313740696002,-0.0009021761574056,-0.0008546201545552665,-0.0013523042398602,-0.0007814448421523,-0.0023357810238971,0.00444778051953875,0.0056876480803413
2318,-0.0010635830243634,-0.0017339545462604499,-0.0020005469954953,-0.0015814634152771,-0.0009408445454625334,-0.0009195716437402666,-0.0014093646548471335,-0.0008841252832139,-0.00237631361586855,0.0044054879586032,0.0056983770949606
2316,-0.001078949428472125,-0.001737525826463925,-0.0019895426818292,-0.0015906904941454334,-0.0009845079648644667,-0.0009856933788521,-0.0014635710462745002,-0.0009647769289651501,-0.00239640840898265,0.00441223516083495,0.0057522828566656
2314,-0.00109826218468995,-0.0017489607392709,-0.0019653157268311335,-0.0015934453269719666,-0.0010125466624699667,-0.0010182923451497333,-0.0014702909006836,-0.00100196498925195,-0.00236859824309905,0.004495480243779,0.0058401275866591
2312,-0.00111903621486325,-0.001740847776791925,-0.0019135630005069667,-0.0015667745739608666,-0.0010223295133106,-0.001018343966023,-0.0014269164551575664,-0.0010080960683254,-0.0023127464114385,0.00460766541187225,0.0059303741202545
2310,-0.001138149322697775,-0.00171977493562745,-0.0018690377823021669,-0.0015412976507147003,-0.0010452607081820667,-0.0010332775912696333,-0.0013886001116557,-0.00102605691476915,-0.0022870742274442,0.00466913684433825,0.0059930557601395
2308,-0.001146423525572375,-0.001713916269532025,-0.0018715082429649331,-0.0015654665231078998,-0.0011162139893580666,-0.0011100766163661,-0.0014213879786183,-0.0011031157608577002,-0.0023400026032212,0.00463618743367505,0.0059996688077063
2306,-0.0011373476006287,-0.0017250983450429252,-0.0019069057651480998,-0.0016351941788697666,-0.0012298510282418666,-0.0012423161220505,-0.0015332557229276334,-0.0012515974596368,-0.00245703928885035,0.00453948335769655,0.0059458971745169
2304,-0.001121925879186575,-0.0017288425910721,-0.0019268200837674332,-0.0016956325709180668,-0.0013442394007220665,-0.0013775125653345665,-0.0016656368706724333,-0.0014322820247869,-0.00256517679579295,0.0044656350278442,0.0058885331492187
2302,-0.0011202097378011,-0.0017176499342713997,-0.0019107228495700002,-0.0017101447780727668,-0.0014268581146761,-0.0014723717824421,-0.0017556386777909667,-0.00158684623908005,-0.00260729999972365,0.00448284499446655,0.0059058243639189
2300,-0.0011320010194682249,-0.0017116713166357251,-0.0018762365512298002,-0.0016968555421300333,-0.0014853115359566335,-0.0015334613918903666,-0.0018009654769140333,-0.00170003991804175,-0.0026123006989135,0.0045597548309839996,0.0059891900105212
2298,-0.0011294660821961249,-0.0017222689858663,-0.0018350710791224,-0.0016876184810235,-0.0015464214912822667,-0.0015986594797868668,-0.0018507547226561001,-0.00181611156422905,-0.00266272656116365,0.00457928234827765,0.0060235610845346
2296,-0.0010858914422023501,-0.00173509642212125,-0.0017831702653238,-0.0016861681295225002,-0.0016214424937862667,-0.0016898656712756334,-0.0019419732471081333,-0.0019795578755445,-0.0027992079635832997,0.00444336408172275,0.0059011161984989
2294,-0.0010038913986299249,-0.0017376215052204499,-0.0017408613711453666,-0.0016884239806296,-0.0017046420525900668,-0.0017944521787036,-0.0020654180561211666,-0.00217216921310875,-0.0029861031265670497,0.004155736317537399,0.0056215247703553
2292,-0.000911799600286475,-0.00173258372633395,-0.0017452728495008665,-0.0017058003416598334,-0.0017843723668877667,-0.0018802090986193667,-0.002181896623005567,-0.0023229948477583497,-0.0031618747282217002,0.00381373115302945,0.0052719081086517
2290,-0.0008394987671523249,-0.0017158595795148499,-0.0017837789946367998,-0.0017373770966019333,-0.0018390626611142667,-0.0019214698552242667,-0.0022503174763009665,-0.0023781933627555997,-0.00328626210790615,0.0035352154063675997,0.0049505659832261
2288,-0.000807458266927925,-0.0016816142224304249,-0.0018043820996337665,-0.0017590807492057665,-0.0018463553925551332,-0.0019190538633408333,-0.002243906869265433,-0.0023411549977981503,-0.00333534348779205,0.0034051357357225004,0.0047472628619261
2286,-0.00082328450268455,-0.00165117433456685,-0.0017973995731836,-0.0017602280430831334,-0.001809542921930667,-0.0018957421440266,-0.0021650682954316666,-0.0022529308857702,-0.0033021038257844996,0.00344244692231185,0.004724355245049
2284,-0.0008728521410616,-0.00165377510540335,-0.0018049805414521666,-0.0017558754340143,-0.0017561318953742,-0.0018670389343303333,-0.002050578247995,-0.0021554872421497,-0.0032180456181916,0.00357984191777835,0.0048506821112069
2282,-0.00092940706833505,-0.001678851072734525,-0.0018469360031747335,-0.0017543186419425665,-0.0017036633015534333,-0.0018213392873873667,-0.0019445611054206668,-0.0020697619020694996,-0.0031303578860142,0.00372159329072045,0.0050196275060738
2280,-0.000978431467199725,-0.001684145990663275,-0.0018866132065904666,-0.0017439988643199666,-0.0016490996533342333,-0.0017425862341800332,-0.0018668792216794666,-0.00199812707334105,-0.0030493959148315,0.00383457748376095,0.0051653180076842
2278,-0.001022073832648575,-0.0016526792105599501,-0.0018826839222747,-0.0017206375408067333,-0.0015951708259089002,-0.0016460517144072,-0.0018132556150900001,-0.0019366258075619,-0.0029492201996402,0.003943960238629651,0.0053010007793005
2276,-0.001060310286762075,-0.0016092956735707,-0.0018386815315575,-0.0016943727528271,-0.0015563519474424334,-0.0015646585855369332,-0.001771702203882167,-0.0018770801362695,-0.00281743456180975,0.00405291177153165,0.0054358312335988
2274,-0.0010843622074002,-0.001577124221975725,-0.0017831523004895999,-0.0016598342219650332,-0.0015285033992447333,-0.0015021046634333,-0.0017299262168355668,-0.00180674806758255,-0.0026748800398920997,0.0041334608739889995,0.0055341411936808
2272,-0.001092413267200575,-0.0015597382293961002,-0.0017384139061167668,-0.0016015294915347,-0.0014868457775097002,-0.0014392027463245999,-0.0016792554072358335,-0.0017241601068181001,-0.0025565694274878497,0.00419427669210535,0.0055877818743955
2270,-0.0010984307255752748,-0.0015635846041840249,-0.0017184792612381335,-0.0015326707852406334,-0.0014217535881541332,-0.0013749382205363,-0.001618213613636733,-0.0016465578020312499,-0.00248676274778785,0.00429183045425725,0.005660291422478
2268,-0.00112201522293325,-0.0015899773591885249,-0.0017152299821713332,-0.0014810766987446,-0.0013440038185804333,-0.0013181665454531334,-0.0015433530829232665,-0.0015794333322340002,-0.00243930638959925,0.00447875582938155,0.0058297284861722
2266,-0.001182358519503575,-0.001609025599542575,-0.0016857267942459002,-0.0014357986389067665,-0.0012511165440971335,-0.0012518042047815333,-0.0014422479533817666,-0.00149557973558365,-0.0023118109988339497,0.00480553087500795,0.0061536769361586
2264,-0.00129892375082175,-0.0015948445017936,-0.0015992801508410998,-0.0013678024955010668,-0.001136495279366067,-0.0011572908138557999,-0.0013177705396044334,-0.00137665778059635,-0.0019958991305671003,0.00534236722235705,0.0066951480623457
2262,-0.00146800487443535,-0.001583952718741275,-0.0014935388869622,-0.0012973397179409,-0.0010384234641477666,-0.0010658265570434335,-0.0012119475469084,-0.00125871306558695,-0.00151968037439585,0.0060700181980513,0.0074534297327209
2260,-0.0016335515391881252,-0.001628570629296925,-0.0014160030041715666,-0.0012593130316869668,-0.0010129596859946,-0.0010160660055219667,-0.0011586733498514664,-0.0011827609187908998,-0.00106810966572595,0.0067538246273917,0.0082297461529362
2258,-0.00170214328164505,-0.0016621426562228,-0.0012805756546501335,-0.0011683551006268,-0.0010159355459864667,-0.0009366566749734667,-0.0010873955607161331,-0.0010817028599457998,-0.0007958671445247999,0.0070330374625061,0.0086427583772891
2256,-0.0015969553934411002,-0.0014529477879446,-0.0008420224019754333,-0.0007814375714404333,-0.0008315468383504333,-0.0006176071300624333,-0.0007951957387597666,-0.0007487942256886001,-0.0006530790225521,0.0066754695468258,0.0083235211314058
2254,-0.00134642180397305,-0.00088826965731255,-7.185042096899856e-05,-7.217461845633386e-05,-0.00033423928953263334,-3.804214493999893e-05,-0.0002522399688746333,-0.0001664640873723,-0.0005337101427313,0.0058601942122006,0.0073026703777096
2252,-0.00109749596063105,-0.0003378289995861,0.0005060227941725666,0.0004138057908802334,0.00010294524487856367,0.00031647634617756664,7.972576275156507e-05,0.00015301556215855001,-0.0006195803266329,0.00502374087001355,0.0061439405187126
2250,-0.000976341355397975,-0.00010546946189652669,0.0006103000925615667,0.00041842675976163334,0.00023357672425800002,0.0002795443727749333,5.065057804499543e-05,5.928957809898938e-05,-0.00091782464249105,0.0044416373219184,0.0054123614014879
2248,-0.0009848638033111,-0.0001240157829251668,0.0004100902827709667,0.00019973608878596667,0.00018769854044632154,0.00012382281208432797,-8.209230559331636e-05,-0.0001133019525291284,-0.00119559995121463,0.0041506566196133,0.0052203127095003
2246,-0.0010375777302395498,-0.0002993317437035583,3.868061784749301e-05,-8.833961638213966e-05,1.807768417182794e-05,-8.066633829747315e-05,-0.00026161988707446666,-0.0002849762871563,-0.0014394329060758,0.0040385581901166,0.0052966065218041
2244,-0.0010782102063845,-0.00056663252173825,-0.00040266931324533335,-0.0004101804409693333,-0.00023960574944669998,-0.00034693326850166665,-0.0004981491153173333,-0.0005023336116205,-0.0016806002440331001,0.0040524919177414,0.0054203215068019
2242,-0.001099900333319275,-0.0008252828031360251,-0.0007766159759327334,-0.0006926697013354333,-0.0004827020789280667,-0.0005891771422606,-0.0007187432492515999,-0.00072161385809375,-0.0018668288269973,0.0041542419231091,0.0055185040822641
2240,-0.001114341336378625,-0.00098336425886455,-0.0009910449468001666,-0.0008528060927627999,-0.0006318717092395333,-0.0007112882625767334,-0.0008477886527675666,-0.0008701268567268,-0.00194066534887255,0.00427476660625435,0.0055909863856153
2238,-0.00112976490060065,-0.0010414064595408998,-0.0010689645349493333,-0.0008903533609771665,-0.0006993781215303667,-0.0007227847013794,-0.0008876073570193999,-0.00094114956282755,-0.0019235734130658,0.00436909955849405,0.0056641595172017
2236,-0.0011432736398504,-0.001079463514951875,-0.0010993129951419333,-0.0008853121668022001,-0.000744537479749,-0.0007068953533052,-0.0008917333848747667,-0.0009750628070689001,-0.00190424343752505,0.00443522430685225,0.0057479939216967
2234,-0.001147714506520025,-0.0011515809419505,-0.0011353711157722666,-0.0008975968665949335,-0.0007893973951141334,-0.0007056921452030666,-0.0008928801188963333,-0.00098467330135985,-0.0019366051328841998,0.00447237938099095,0.0058125194529171
2232,-0.001143048904451575,-0.0012366585743997,-0.0011777165368964666,-0.0009224295132135334,-0.0008162306855766999,-0.0007074433167089667,-0.0008928372877796,-0.0009566588625096999,-0.00198794884881995,0.0044706579721869,0.0058235281952522
2230,-0.0011370594005496,-0.00129263058388035,-0.0012233825807430334,-0.0009420166272485665,-0.0008227436590926666,-0.0007175713923524,-0.0008984304777887334,-0.0009066731153912499,-0.00200316649140995,0.0044446330530704,0.0057938871320284
2228,-0.001137069949812475,-0.001306822247542325,-0.0012694586010830666,-0.0009568035132320334,-0.0008228748044050667,-0.0007549126865467,-0.0009166418247445,-0.00087018369594285,-0.0019833358218222,0.0044286931454227,0.0057733036707106
2226,-0.0011463050664819252,-0.0012849921318478,-0.0012888683915747332,-0.0009602382062199334,-0.0008069774407947001,-0.0007905153341459999,-0.0009267896395524,-0.0008465532631819,-0.0019638716875238,0.0044360702241852,0.0057964472610856
2224,-0.00116600878700685,-0.00123930584055805,-0.0012637527192149666,-0.0009418987441527334,-0.0007592375610906333,-0.0007750028782918,-0.0009030879894894999,-0.00081129142796725,-0.0019418179649892502,0.00445775364479355,0.0058615132271658
2222,-0.001191116624466625,-0.001201348004965675,-0.0012253655009148,-0.0009218455258248999,-0.0007029055209424334,-0.0007213679532625999,-0.0008490919383378,-0.0007682489164331,-0.0018736665476034998,0.004496334619508,0.0059408986947331
2220,-0.0012084415666018002,-0.0011998439853953251,-0.0012084717186020002,-0.0009267131286624333,-0.0006721412672122668,-0.0006825677625690333,-0.0007823513919957333,-0.0007325877986368,-0.0017448104471455,0.004563846473043301,0.0060034870770225
2218,-0.00121190075778645,-0.001213367058526225,-0.0011887931768450669,-0.0009340240725156332,-0.0006501600463257334,-0.0006522510829841,-0.0007052297986033666,-0.00068260145500455,-0.0016026871358802,0.00465243114291275,0.0060430087767257
2216,-0.001211500779570725,-0.00119434298514915,-0.0011267540421759667,-0.0009034947824833,-0.0005953930203283334,-0.0005784435953352334,-0.0006260272185507667,-0.0005951180786014,-0.0015188994781247002,0.00473470998462955,0.0060758744537926
2214,-0.001219034232988875,-0.001141806571022375,-0.0010449721864439,-0.0008527524839735001,-0.0005154917547025333,-0.0004716000952287333,-0.0005768020297526,-0.00050853640598365,-0.0015238480519768499,0.0047957207093676,0.0061079033783527
2212,-0.001229647693107875,-0.001104574238120075,-0.0009976648723778335,-0.0008326792781943333,-0.00046083477226735594,-0.0004116911727211333,-0.0005687276467275667,-0.00048680770197539997,-0.0015707311366287499,0.00484339253093455,0.006115301064655
2210,-0.0012305764956334,-0.00110943310561145,-0.0009923363119679,-0.0008342764682641333,-0.00045566722061570527,-0.00043626840836886674,-0.0005748247456424999,-0.00053334903809505,-0.0015791900721438,0.00488283561953415,0.0060829109609931
2208,-0.00122347273623585,-0.001132333541052375,-0.0010068615387855333,-0.0007992830767513333,-0.000489194403067156,-0.0004970465873709334,-0.0005906248148523,-0.00059913375606195,-0.001516384482358,0.00490524515176705,0.0060448397049311
2206,-0.0012209878113052,-0.001138755707807375,-0.001035710953501,-0.0007144350303861666,-0.0005430243329527666,-0.0005231969110858,-0.0006468538856538333,-0.00064102183224305,-0.00142266149463435,0.00490554967932735,0.0060529543522796
2204,-0.00122395422510895,-0.0011120423110743249,-0.0010550837987632665,-0.0006258305880667334,-0.0005792497535779001,-0.00047909677300959994,-0.0007233869222864333,-0.00063382312185895,-0.0013528577934805,0.0048996678389449,0.0061069376015442
2202,-0.0012214242797430998,-0.001050630778911125,-0.0010030890414573,-0.0005602024000105668,-0.000546876738807,-0.0003712953860856333,-0.0007248654450816333,-0.00056167349903345,-0.0013120687622199501,0.00491061182746335,0.0061616577977968
2200,-0.001211728518335425,-0.0009748211919615751,-0.0008672559646993667,-0.0005071326070915,-0.00045328197925999995,-0.0002512521530974333,-0.0006069184635121333,-0.00045035829941875,-0.0012752974903538499,0.0049470252997656505,0.0061912504026973
2198,-0.0012045944090527,-0.0009290413612203499,-0.0007386904513111666,-0.00047146752933430007,-0.0003836386011218,-0.0001955814054430667,-0.0004581993608137667,-0.000374895576954,-0.00122924304560565,0.0049972280013591,0.0062016779341825
2196,-0.0012030783147687749,-0.0009334324176860499,-0.0006963284599783667,-0.0004669813454160333,-0.00038634964679279995,-0.0002206813932333497,-0.0003819452591716667,-0.00036620209112275,-0.00116982306812815,0.00503561046311545,0.006198092968478
2194,-0.00120333911338125,-0.0009550650750602,-0.0006952630229439334,-0.0004725728115543334,-0.0003937536118572,-0.0002499501723537563,-0.0003622398784884,-0.00035660066935975,-0.0010956126833236,0.005043884968616,0.0061941879364614
2192,-0.0012113907065988251,-0.000961853839440325,-0.0006601969339143001,-0.0004535330812196,-0.0003265669792735218,-0.0002129174991695553,-0.0003285612570308549,-0.00028017223936885,-0.0010225361957727824,0.00503516443533095,0.0062349780036054
2190,-0.001240291094278625,-0.00096090483449815,-0.0006090831510698334,-0.00040843283888090004,-0.00021155949638906665,-0.00012161978802037735,-0.0002736768521728442,-0.0001631025303723,-0.0009661109935818663,0.00506115959850415,0.0063497766151166
2188,-0.0012853030498469501,-0.0009517878823657501,-0.0005920959856855999,-0.0003484641785086666,-0.0001222434424911,-1.1605526510944389e-05,-0.00021848281952688842,-5.605984019868256e-05,-0.0008961561426288163,0.00516727693467625,0.0064882786321228
2186,-0.001322122998545775,-0.000899505858365075,-0.0005825832560849,-0.00026595716036086666,-6.04142750512e-05,0.00011529824301095583,-0.0001401511725783554,4.9107899478217226e-05,-0.0007754137839538499,0.0053267132197173,0.0065733023587956
2184,-0.0013370367281351,-0.00080396848037265,-0.0005343977848258667,-0.0001719280428228,7.953990233366655e-06,0.00022777526545466665,-2.62497017419326e-05,0.00015349452168815,-0.0006542529243519001,0.00544697791789855,0.0066077389507017
2182,-0.0013433635962519,-0.0007412481026407,-0.00048189755006576666,-0.00012009344006903306,6.12633283268666e-05,0.00024070502287086665,7.02685145892671e-05,0.0001869837223611,-0.000634419367851,0.0054584583731055,0.0066694381739308
2180,-0.00136098243707565,-0.00075291614084125,-0.00046585267466356666,-0.00011500647726067854,8.082308201059395e-05,0.00015988360935853332,0.00012894081777462744,0.00013556581589219095,-0.0006904970371752,0.0054106642092602505,0.0067880676280761
2178,-0.00138933230584535,-0.0007648454508044,-0.0004388728944521,-7.788277803983334e-05,0.0001239412807429056,0.0001284599573775,0.00021815477700543333,0.00012738906283620862,-0.00067680426128945,0.0054086679322571,0.0068910650358698
2176,-0.001410831057478,-0.000706477349009075,-0.00036470285714338313,1.91531180575832e-05,0.00022422488061734987,0.00022004144114219998,0.00034952200641600006,0.00026351094483075,-0.0005597048168107999,0.005465405361019551,0.0068903278461174
2174,-0.0014113727820947,-0.0006271391382706084,-0.00030976182648161126,9.015895963791102e-05,0.00030717962843932205,0.00032344968656843336,0.0004071798910484667,0.00046217826248855,-0.00047395781862115,0.00549382090256315,0.0067769176957375
2172,-0.0013927536108473252,-0.0006116558818935751,-0.0003311697408098671,7.85058181864998e-05,0.0003053640591820998,0.0003293875665099,0.00032847088254969996,0.0005751239529688,-0.0004915089505813,0.0054490065813761,0.0066289589511134
2170,-0.0013670196457106999,-0.0006397429579460671,-0.0003532096647287333,6.226811987508734e-05,0.00028323667668150003,0.0003128624156859667,0.00023330286229907723,0.00059920049182845,-0.0004955026381339,0.00540009587744405,0.0065347163850638
2168,-0.001348023499079775,-0.00062168731069095,-0.00026322203231754406,0.00014276768280668917,0.0003521211793071667,0.00041069826724230004,0.0002767609445790893,0.0006427510423128999,-0.00036013971132805005,0.00544783305209985,0.0065397370388151
2166,-0.001349577770978425,-0.00051810415040595,-5.4631836929706256e-05,0.00032033057289986667,0.0005297421355396932,0.0006290285591045666,0.0004776103318765667,0.0007703024022465,-0.00010840156533910002,0.00562334032013605,0.006647785339397
2164,-0.00137789476000085,-0.0003497910475566578,0.0002057027814537,0.0005494188796811334,0.0007731425292838333,0.0008951258195277,0.0007665920362982999,0.0009873069782817,0.00019759371689240002,0.00588211287316405,0.0068247515123535
2162,-0.00142910474528205,-0.00014552054445220053,0.00047612130480296664,0.0008259039405206667,0.0010756304543628667,0.0012027815316844334,0.0011168673943065001,0.00129372001555385,0.00058551150821405,0.0061678907332653,0.0070286294019757
2160,-0.00148680094313335,1.2509382654250027e-05,0.0006672462239095666,0.0010666191407482334,0.0013673540926126334,0.0014986918948521665,0.0014429864985606668,0.0015928287428379501,0.0009769099340900499,0.00638220621324915,0.0072083767250395
2158,-0.0015223963425269498,-1.5118082107924999e-05,0.0006097682762359666,0.0010456433043450001,0.0014351929471948333,0.0015563674870147334,0.0015110874547970335,0.00164854172859385,0.0010580603093188,0.0063781998400942,0.0072808566973064
2156,-0.00152198189165145,-0.00021961860645397502,0.00030874554561006665,0.0007184889080443334,0.0011992405248956001,0.0012757976754829332,0.0012421687006337334,0.0013871483476989,0.000720385191120909,0.00616371023458045,0.0072153494680991
2154,-0.00149242532542095,-0.0004275942813929502,-2.7915388467800004e-05,0.00032462797247946666,0.0008409428286883666,0.0008592933420775668,0.0008308798270636667,0.00099596080183995,0.00024023569089510002,0.00589385592833955,0.0070602168411729
2152,-0.0014489385264950252,-0.000542320503159525,-0.0002912130208230556,3.97876044983778e-05,0.0005242846038268,0.0005059883993588,0.00045736448271909997,0.0006246833609084,-0.00014670567690000004,0.0056733434356266,0.0068720292581766
2150,-0.00140971478861425,-0.000625537179495575,-0.00052854354615,-0.00015826170732918888,0.0002630172185595389,0.0002304887682916389,0.0001590066108464388,0.00029137463089140824,-0.0004332033212728,0.0055204924881024995,0.0066958085269354
2148,-0.0013829392845486252,-0.000751027614227275,-0.0007591587558557334,-0.0003322120037431,3.450242162023334e-05,-1.231015389533334e-05,-6.63619692361443e-05,5.99630432535001e-06,-0.0006862062443837583,0.0054059128937027495,0.0065481486444586
2146,-0.0013626920796951751,-0.0008890528783326,-0.0009250323571718335,-0.0004732089073189,-0.0001406767495383,-0.00020546510017454425,-0.00020106286480250547,-0.0001932549508617081,-0.0009081535857352083,0.0052961873765955,0.0064210087057616
2144,-0.001342629327324825,-0.000980146715381175,-0.0010200806101362998,-0.0005655920914820334,-0.00025377816996973335,-0.00032718219028286664,-0.0002680486322489,-0.0003093134791625,-0.00107427145793005,0.00518266784427675,0.0063199224369237
2142,-0.0013245931829394752,-0.001037523660487275,-0.0011197800596029666,-0.0006499303389820333,-0.0003459450836539053,-0.00042229068324443333,-0.0003474041843881,-0.00039318540164850005,-0.00120507497484025,0.00507803163194715,0.0062588143890452
2140,-0.00131105702042645,-0.0011082231944702,-0.0012436858125242,-0.0007591030620608333,-0.000446891713868578,-0.0005344909058798,-0.00047655538554983325,-0.00046510961233044997,-0.0013337789916922501,0.0049942757024224,0.0062214508612033
2138,-0.00130004513309275,-0.0011897209468510251,-0.0013151884267227,-0.0008647308449639667,-0.0005374245095431,-0.0006291174700111,-0.0006001410525800667,-0.0004953106583764001,-0.0014461382344224999,0.00493884629180875,0.0061877589042504
2136,-0.0012924256348381502,-0.0012519585264839249,-0.0013048177654343001,-0.0009387416205091332,-0.0006084182585556667,-0.0006617268172063668,-0.0006652356269532667,-0.0004901865454497,-0.00151648989878885,0.004916636344021751,0.006182443359973
2134,-0.001290800050914475,-0.001295083925249125,-0.0012981069883378335,-0.0010019870587398333,-0.0006905110695059,-0.0006680911613088001,-0.0006991843300993332,-0.00052157402892555,-0.00156739820421385,0.0049110134188109,0.0062257063017209
2132,-0.00129052212827185,-0.001335561794580075,-0.0013663462485297665,-0.0010749398952455667,-0.0007932702612381666,-0.0007139196251480666,-0.0007553027046272332,-0.0006303648526535,-0.0016393768767073,0.0048828039615061,0.0062646896789952
2130,-0.00128411962343965,-0.0013726108543089001,-0.0014744319797336334,-0.0011389348274548998,-0.0008797805088240333,-0.0007989831408295334,-0.0008373008251840666,-0.0007676488614523,-0.0017324710180520002,0.0048194111624546,0.0062381240305165
2128,-0.0012717594526018752,-0.0014110915480593,-0.001575651438806833,-0.0011839935100170999,-0.0009315251440338666,-0.0008839767940731334,-0.0009242152923577667,-0.0008715222234844499,-0.00182856119130825,0.00475485994500065,0.0061690027779017
2126,-0.0012583559602897,-0.001475190726864925,-0.0016814674514385331,-0.0012362407572833667,-0.0009803872278952,-0.0009620862361529333,-0.0010144900215054333,-0.0009376755885606501,-0.0019334155582178,0.00472011615341195,0.0061245665820809
2124,-0.001244841710265925,-0.001563275436190375,-0.0017951996074957333,-0.0013076693203981002,-0.001050024930349,-0.0010475129115717666,-0.0011057372243395,-0.0009953306604411,-0.00205105386980395,0.0047026705475905995,0.0061175378381718
2122,-0.0012329281244946502,-0.0016263134736261,-0.0018625403529208666,-0.0013657602690627334,-0.0011099735091412333,-0.0011242216706636666,-0.0011694453528955668,-0.0010521982684427,-0.0021391613366113,0.0046851413775198,0.0061206726151885
2120,-0.0012322290968208752,-0.0016249976969939751,-0.0018423104141655,-0.0013831133315955,-0.0011221030667304666,-0.00115660803116,-0.0011829944799691,-0.00108975282018425,-0.00214527877859505,0.0046918446736627,0.0061507881572263
2118,-0.0012488418212424001,-0.0015817166829053,-0.0017726682767610334,-0.0013761507321618331,-0.0010968850602062665,-0.0011389368941161666,-0.0011626083261087332,-0.0010931310057088,-0.0020846893933121,0.00474931947937105,0.0062475335636033
2116,-0.001271291500383825,-0.0015429535402442,-0.0017113386912706334,-0.0013611393872524,-0.0010630049952636666,-0.001092043887378,-0.0011307377015589667,-0.0010567713283254,-0.0020253652447678,0.00482899193045435,0.0063797574440523
2114,-0.0012820813310893,-0.001517703930020525,-0.001655282634162,-0.0013175141619056665,-0.0010142188257102,-0.0010241691211911666,-0.0010768210164344668,-0.00097938939500265,-0.00199012331904295,0.004880935619058301,0.0064612209874039
2112,-0.001278717401150975,-0.0014978253753910001,-0.0015907186463805668,-0.0012464246617851,-0.0009447485259606001,-0.0009466165073796668,-0.0009999018036163333,-0.0008887453728416499,-0.0019456818034695,0.00489960798726615,0.006459644759713
2110,-0.001271240121778925,-0.001506381958968575,-0.0015714950835751,-0.0012199021779388999,-0.0009101959896406667,-0.0009146076682415666,-0.0009642680375605001,-0.0008567842022429,-0.0018979343004149,0.0049096019935468,0.0064205123070176
2108,-0.001264654235712525,-0.0015631199752230499,-0.0016492783268478,-0.0012936077217225001,-0.0009747031832899,-0.0009780615648070001,-0.0010369938858161333,-0.0009338831347232,-0.0019106805529102,0.0049153788464977,0.0063848238747237
2106,-0.00125767198233275,-0.0016246536936784,-0.0017600200761073333,-0.0014034572880624,-0.0011046225768431,-0.0010932805345573334,-0.0011789117661574332,-0.00107427853856575,-0.0019963499999113,0.00491075825609255,0.006348414745968
2104,-0.0012541450765803251,-0.001626814496941375,-0.0017864605578442334,-0.0014362520554804664,-0.0011909956952508333,-0.0011548531149254667,-0.0012744353197659333,-0.0011739497239451999,-0.00207283308939945,0.0049103832386426,0.006308361951998
2102,-0.0012594178470301,-0.00157349591789565,-0.0017119277023587,-0.0013756990056382333,-0.0011733583123964,-0.0011156204424506333,-0.0012632536007757666,-0.0011697773148939,-0.00206652292073425,0.00492027715675325,0.0062800601341342
2100,-0.0012683279718810002,-0.0015271028125003,-0.0016271279990856334,-0.0013036519540381333,-0.0010908976302153666,-0.0010258629760156667,-0.0011874650460171666,-0.00107921404791625,-0.0019974089915632,0.00490772775098515,0.0062598839815063
2098,-0.001273264696399275,-0.0015158431422523499,-0.0015930191441896335,-0.0012710108691812334,-0.0010093668681482335,-0.0009499342687852001,-0.0011069717806431335,-0.0009569013872153,-0.00192333200028695,0.0048601598263368,0.0062374227178999
2096,-0.0012801820728547252,-0.001515896655926375,-0.0015940565383993999,-0.0012584854880575331,-0.0009599185819860333,-0.0009080246398141667,-0.0010381016247677,-0.0008553645828246,-0.0018653961467142998,0.00483892806017165,0.0062468521283622
2094,-0.001298870484812,-0.001517350461129325,-0.0016142057799945666,-0.0012531810291084335,-0.0009524836637028001,-0.0009039031544418666,-0.0009867962883618334,-0.0008161798276717499,-0.0018305559814653502,0.0049043360772537,0.006332344176219
2092,-0.0013209679200200247,-0.00153700216488345,-0.0016560795119127667,-0.0012697680652783,-0.0009811225009531666,-0.0009375726166127333,-0.0009685271154208,-0.000841789566191,-0.0018359338573586499,0.0050102015176600005,0.0064586941219741
2090,-0.00132691921096155,-0.0015672684514056,-0.0016887352053673668,-0.0012953948227138333,-0.0010124881891846332,-0.0009812230777913,-0.0009777803317376668,-0.00088686498896275,-0.00186663160949535,0.0050591277836515,0.0065359187096166
2088,-0.0013117851818701752,-0.0015779263092160001,-0.0016720261933150001,-0.0012977835273446333,-0.0010193627901946666,-0.0010000509645305333,-0.0009944818413455665,-0.0009143864851994,-0.0018727347845748,0.0050320807972196,0.0065257450781297
2086,-0.0012895405197234,-0.001568448306967325,-0.0016316746661780332,-0.0012865589748300666,-0.0010216557201118334,-0.0010011111253686999,-0.0010246214600817,-0.0009370772516635001,-0.0018412139531090999,0.00498979022327115,0.0064641804380276
2084,-0.00127526334611955,-0.0015655586149065748,-0.0016298470736181,-0.0012959662951519332,-0.0010492238790277668,-0.0010134323767679667,-0.0010828247047799,-0.0009726532893929501,-0.00181711984614905,0.0049758590000304505,0.006399866898981
2082,-0.001274718121523225,-0.00156765882836295,-0.001659505669541,-0.0013092481997309666,-0.0010755839455137332,-0.0010219071462746999,-0.0011336056930615335,-0.0009888815365214,-0.0018202748322268501,0.0049839822204687,0.0063625229685743
2080,-0.0012884839502934249,-0.00154591013661845,-0.0016524025027350334,-0.0012753042114715999,-0.0010463186838105332,-0.0009820353398556,-0.0011122202980435333,-0.0009475506440667499,-0.0018051394284733001,0.00501178460238935,0.0063787117776655
2078,-0.00131079319314795,-0.0015045636415327252,-0.001595056220915567,-0.0012027588375055668,-0.0009696613669764333,-0.0009062706707570001,-0.0010194430154927998,-0.00088514929411,-0.00174453325225165,0.005071632988623851,0.0064485314414115
2076,-0.0013282966497684002,-0.0014816019054840748,-0.0015498257067905665,-0.0011593314535058665,-0.0009131872492180332,-0.0008669046118345,-0.0009388862781899333,-0.00087957008831415,-0.0016873157452315499,0.005145507819729,0.0065146547909873
2074,-0.00133620038590135,-0.00147679760744965,-0.0015404090899939667,-0.0011605329090393333,-0.0008962508579925,-0.0008865969981442333,-0.0009247022332268335,-0.00092969310568295,-0.0016730947056533,0.00519768204547795,0.0065328908579739
2072,-0.0013480755625969502,-0.001445654223551325,-0.0015173330913255667,-0.0011495324690943335,-0.0008666911015558334,-0.0009018924914753666,-0.0009377439650655335,-0.00095019129758025,-0.00166203547215365,0.005228469389254,0.0065497997000663
2070,-0.0013731068557047749,-0.0013827778921164,-0.0014656642591409999,-0.0011078235045564333,-0.0008025897209794334,-0.0008637038218158333,-0.0009258240137118,-0.00089713174029475,-0.00161266776242365,0.00525502668628585,0.0066273544252868
2068,-0.0013939316743412,-0.00134856164532135,-0.0014488968814745332,-0.0010946640138339,-0.0007605750883756666,-0.0008078346130904334,-0.0009041015449237333,-0.0008254002641033501,-0.0015626890561891,0.00525677794650815,0.0067217666881697
2066,-0.0013899790769578,-0.0013856951138362249,-0.0015042704270071666,-0.0011457702958751,-0.0007916896417617,-0.0007917763450712,-0.0009137870552330668,-0.0007950867184392,-0.0015639459438281501,0.00520679290156465,0.006744522483556
2064,-0.0013701610101171748,-0.00146688796188715,-0.0015813730714234,-0.0012184761665815667,-0.0008761677528771666,-0.0008227244005956334,-0.0009535298159181332,-0.0007983842681001,-0.00160035035886405,0.0051410774126424,0.0067078108204817
2062,-0.0013589428260019,-0.0015411291882533248,-0.0016232159032529001,-0.0012668281168757998,-0.0009639820669194334,-0.0008761282737226999,-0.0009948058248905667,-0.0008088736273256,-0.0016346834924224499,0.0051225916364947,0.0066929190219341
2060,-0.001359047194913575,-0.001583562176853675,-0.0016335017058415665,-0.0012954756693276,-0.0010251251705464667,-0.0009271108976601333,-0.0010253268847299666,-0.00083466574159085,-0.0016726871649588,0.00514442357592175,0.0067000361035066
2058,-0.0013558842728803252,-0.0015858362881932002,-0.0016268057034572667,-0.0013084407675223,-0.0010423391127968998,-0.000943968018695,-0.0010442147395098667,-0.00088924292601125,-0.00171803116817325,0.0051481228036852,0.0066648015607326
2056,-0.0013512217651897,-0.001548065812975175,-0.0015924693419386668,-0.0012828958855991667,-0.0010073730122668668,-0.0009071359448509,-0.0010444271787345668,-0.0009586246510166,-0.00172417028462505,0.0051273631450356,0.0066102019659015
2054,-0.001359889891758225,-0.001503590688268525,-0.0015433167368919334,-0.0012254638906057335,-0.0009494831686987001,-0.0008553720806133,-0.0010268153123313666,-0.00102031760051355,-0.00165849546955065,0.0051319664569926,0.0066355044925558
2052,-0.001377284566679875,-0.00149898123965235,-0.0015201531899672,-0.0011816185870511,-0.0009133699152035,-0.0008529361124324,-0.0010008917873458331,-0.00105505706755605,-0.0015669907032546,0.0051774657440141,0.0067462176045475
2050,-0.00138409239448995,-0.0015241783408869,-0.0015090987484755666,-0.0011551606828970999,-0.0008860651915850334,-0.0008837350590832001,-0.0009506409568751668,-0.00102175731592445,-0.0015026467366811998,0.0052341557102057994,0.0068377396376592
2048,-0.0013831869390693498,-0.0015127853124553,-0.0014339917129609664,-0.0010950488871789667,-0.0008081245853699667,-0.0008453976499695999,-0.0008436547657114667,-0.0008707577222140501,-0.0014476809942791501,0.0053005860540522,0.0068693902199704
2046,-0.00139668225911245,-0.001438637247840425,-0.0012830400678376333,-0.0010020667292552998,-0.0006832490835813001,-0.0006908125972526999,-0.0007039021213657001,-0.00063243361263875,-0.00137367918838015,0.0053952365137524,0.0069112579351445
2044,-0.001419073048876225,-0.001362465560365425,-0.0011632889329124335,-0.0009572145059974334,-0.0005975209526828668,-0.0005141551526290333,-0.0006103498014760999,-0.00042686628641435,-0.0013087762461172,0.00548011394084265,0.0069749157330178
2042,-0.0014167826607021999,-0.0013320551281986001,-0.0011489554409034666,-0.0009837825467695668,-0.000584649919762,-0.00041772591937576663,-0.0005843810945038667,-0.00032152102068525,-0.00126855348698495,0.0054932818068178,0.0069562425671111
2040,-0.0013834873170863748,-0.0013186289202611748,-0.0011919901679879666,-0.0010011217668432,-0.0005837301433053,-0.0003998179627918,-0.0005696937632910667,-0.0002832482045358,-0.00120847482818145,0.00544556966510055,0.0068238621449499
2038,-0.0013593975067542248,-0.001278891799831,-0.0012165082842548,-0.0009430544084717665,-0.0005406957102673333,-0.0004042761707457,-0.0005182994550370334,-0.00026154419717715,-0.0010994623792172,0.0054183747212392,0.00672528446552
2036,-0.0013777969373665,-0.001216557466673425,-0.0012008719883355,-0.0008357434815184666,-0.00046699964955160007,-0.00038539336101629996,-0.00043047860338,-0.0002337878994581,-0.0009763531125009501,0.0054609636340839495,0.0068011068967664
2034,-0.001421906729079425,-0.0011592573189638249,-0.0011486209827136333,-0.0007318509144105333,-0.0003887471188355333,-0.0003217304906786333,-0.00031816418605166665,-0.00018807943738540002,-0.0008701811497788,0.005547911264178,0.0069988994906765
2032,-0.0014567750319296,-0.0011189081862404999,-0.0010595721243309333,-0.0006540446699047335,-0.0003172129950084498,-0.00022913642993966667,-0.00020082996204273334,-0.00012884854656292479,-0.0007819545566167251,0.00563796224769205,0.0071693282592044
2030,-0.001471261432557,-0.001092389392306425,-0.0009668558651268,-0.0006157751118744667,-0.0002764062181036,-0.00016566924458653333,-0.00013005608880134464,-9.040897081671707e-05,-0.000736414158541967,0.0056985923330525,0.0072299370727154
2028,-0.0014751424343265502,-0.0010590535970531252,-0.0009138064674314668,-0.0006027449935853999,-0.00027050547398083905,-0.00015290440082673895,-0.000130435753245078,-8.660713589560826e-05,-0.0007538165395502084,0.00570124027582205,0.0071900312694339
2026,-0.001476759806858925,-0.0010007608466033,-0.0008919110112731665,-0.0005632337061921666,-0.0002605704711209223,-0.00013188981511267785,-0.0001556630024765555,-8.755290760488321e-05,-0.0007888832186205833,0.0056544075604053005,0.0070973916190694
2024,-0.001483853444866525,-0.0009471146360748499,-0.0008754742402990668,-0.00048614927633006664,-0.00022881485539796116,-5.734557489458879e-05,-0.00015382525013519442,-7.667734765104165e-05,-0.0007766921386947916,0.0056404661508203,0.0070332458623519
2022,-0.0015054689612084501,-0.0009575336395660251,-0.0008800161813474334,-0.0004419682657070334,-0.00020800302597881665,3.372802202003333e-05,-0.00011285838371556674,-5.6912330879125e-05,-0.0007135060630034251,0.00575426744808595,0.0070867288646562
2020,-0.0015344886056508,-0.001021884118342275,-0.0009135645329628,-0.0004707165452309333,-0.00020594024805846127,9.550334911613332e-05,-3.640335103401706e-05,-1.8435365385337243e-06,-0.0006440591626345419,0.00596140331665215,0.0072298480877597
2018,-0.0015458541715148502,-0.00105489266828785,-0.0009306510165364665,-0.0005010989318370334,-0.0001755965609705725,0.00014147366935812736,5.673371100798844e-05,0.00011636721132279133,-0.0005890408191617,0.0061057091834078,0.0073101454988857
2016,-0.001527080105256475,-0.001025585324281925,-0.0009096961707822666,-0.00047597351851056665,-0.00011493935478343332,0.00017183669077927807,9.00162895497221e-05,0.0002355215339109,-0.0005642429071784001,0.00607066768720935,0.0072353490459088
2014,-0.00149901793833665,-0.0010056043091764251,-0.0009126677155509999,-0.0004633766833857667,-0.0001066757492363,0.00013044954994423898,-1.3730011993994603e-05,0.00024269032590115003,-0.0006123288447509917,0.00589649849697555,0.0070946749291198
2012,-0.00148974680732505,-0.001042114885518025,-0.0009818372337431,-0.0005344305622106,-0.00018497932705068885,1.4006835957122243e-05,-0.0001886507498538888,0.00014551729733655,-0.0007291822653450333,0.00572074996438935,0.0070306171577879
2010,-0.001498246754947275,-0.0010844001001372502,-0.0010630189841895332,-0.0006348075347352666,-0.00027363713916568887,-9.406245723761112e-05,-0.0002854444649933889,5.176219831698329e-05,-0.0008368940736001501,0.0056184229258642495,0.0070524547763251
2008,-0.001507284353410325,-0.0010919217573738499,-0.0011005134737485333,-0.0006887387940865333,-0.0003149689857628083,-0.00014883624599224164,-0.00026846217666106665,-9.977029551574935e-06,-0.0008784062643602499,0.0055912626022275504,0.0070868165937673
2006,-0.0015128434460751749,-0.00110985677154995,-0.0011243325619772666,-0.0007251154554476667,-0.00034853799558813895,-0.00019585177926523888,-0.00023973188067506667,-9.915237864170848e-05,-0.00088255214798645,0.005631731485216901,0.0071100339885819
2004,-0.00152389660459535,-0.001171946139830075,-0.0011789012723255,-0.0007996821000990001,-0.00041082912309227236,-0.0002646297482929,-0.00026217130022303334,-0.00020212403073085,-0.0008950254335657,0.0057205260619855,0.0071523075905018
2002,-0.0015416924406411,-0.001223586968279325,-0.0012317844209742666,-0.0008713274152205001,-0.0004531226514963721,-0.0003095071645407,-0.0002859938694415,-0.00023313360866945003,-0.00090255962621635,0.005809653655916401,0.0072158025798266
2000,-0.00155845697117625,-0.0012134384298155,-0.0012329693952677666,-0.0008643658997725001,-0.0004300843818808221,-0.0002958003764887333,-0.00027778897891,-0.00018444654416083326,-0.0008810834760157,0.005867109556113101,0.0072824047848765
1998,-0.00157349118981885,-0.0011739688629542001,-0.0011961222583905331,-0.0007831736430761,-0.00037198609792555,-0.00024627946145355,-0.00027185842129495,-0.00012822795959477494,-0.0008471835808029249,0.00592099056754135,0.0073744535676745
1996,-0.001593235330601275,-0.0011517501371687252,-0.0011512014371518333,-0.0006852001216324999,-0.0003151785370515666,-0.00017462147702657224,-0.00026821931180490556,-7.88077724338583e-05,-0.0008139348020318083,0.00602241425137265,0.0075209381487347
1994,-0.001617475271647875,-0.0011191108077461,-0.0010671449854596001,-0.0005761656942577667,-0.0002295456760242,-4.9989600646799996e-05,-0.00019616752280848899,2.746908806403308e-05,-0.0007439595037852834,0.00616741648078565,0.0076935900482233
1992,-0.00163424075613245,-0.00103546124427925,-0.0009165389639438666,-0.0004424507484043667,-9.614466109853333e-05,0.00010378330940323333,-4.4735038828999956e-05,0.0001717805412009,-0.00063005712354325,0.0062732528561796,0.007810425896775
1990,-0.001629875792239425,-0.00094173626841575,-0.0007724288347160667,-0.0003450160390907,7.454095910566616e-06,0.00016045846339706653,6.444880320616657e-05,0.00020816945487189999,-0.00057362640675005,0.006249994106665499,0.0078010369767018
1988,-0.0016054012402261,-0.0008942023492871,-0.0007075681781409,-0.00033820653887150007,1.9354775085222385e-05,7.426495823311148e-05,4.8336136630645084e-05,9.476087974418381e-05,-0.00064841438817975,0.00612386845304925,0.0076876222015516
1986,-0.00157411967986575,-0.000855529294268925,-0.0006571715772477334,-0.0003484804768091666,7.78426680980556e-06,-1.8446173832322122e-05,-9.709567408216583e-06,-1.16904265307e-05,-0.0007654823808499415,0.0060110937361615,0.0075540348418048
1984,-0.0015490266007767998,-0.000767146217084725,-0.0005299020947209,-0.0002748554490527,5.539362970623332e-05,6.3436194753999395e-06,-1.0326635504933427e-05,9.505201328899994e-06,-0.0008012276180265501,0.00598924003606915,0.00746987351313
1982,-0.001539451503583025,-0.000659523040535825,-0.00037199727100150005,-0.00013987356921300553,0.000136581582800289,0.0001109050877126278,3.5353263587283414e-05,0.00010163291465179173,-0.00075034626587765,0.006051476101753999,0.0074671693427272
1980,-0.0015454557764078252,-0.000599106420387125,-0.0003039730609823333,-4.728525415652235e-05,0.00018657289007963885,0.00019588321774536665,8.685564947980549e-05,0.00017227104503420823,-0.00068364835542085,0.00614142494132425,0.0075191587710543
1978,-0.0015571725553010498,-0.0005644412937166125,-0.00031320006559203335,-4.1873812457001045e-06,0.00023294617879845002,0.0002815274177516333,0.00018786088649883333,0.00026678538376845003,-0.0005928540392846999,0.0062249434643499,0.0075631851120395
1976,-0.0015659949253689,-0.0005016475415098875,-0.0002788357817938831,6.321142342393348e-05,0.0003347518223562836,0.0004349866489491,0.00037108003479230004,0.00044792537437694996,-0.00043099305723264995,0.00629620999810475,0.0075754237829052
1974,-0.00157711047880535,-0.00044711046213605004,-0.00017472286606030538,0.0001516498589758948,0.0004592892656568334,0.0005949477868827667,0.0005479350879945,0.00063266154609185,-0.00026685380428315006,0.0063605496595499,0.0076153096343372
1972,-0.00160382726239545,-0.0004432122509555,-6.901823315836667e-05,0.00021898572730296665,0.0005696481012344667,0.0006839626905064334,0.0006675515214492666,0.0007571481826450001,-0.00017484513250024995,0.00645583339090075,0.0077548724658603
1970,-0.001641975074089475,-0.000419634189172925,4.405326106385548e-05,0.0003093223476478,0.0007124656945990334,0.0007632365082273,0.0008090968150057666,0.0009034150243108,-8.398723238454996e-05,0.006605695232210751,0.0079558728059937
1968,-0.0016645492446231,-0.0003053426105766167,0.00020745404543770553,0.0004637108476275,0.0008865168334981667,0.0008900001341811667,0.0009790801173969,0.00108637044730225,7.018841184030004e-05,0.0067408701605080005,0.0080842893047642
1966,-0.0016482499294247,-0.00016445839915532503,0.00036873913207979993,0.0005996243337117667,0.0009808472407113334,0.0009848100927661333,0.0010446278287072,0.00115808918338375,0.00019295048817714996,0.006744530440386899,0.0080426102091983
1964,-0.0016094431851383748,-9.494456526687499e-05,0.00045558772799640006,0.0006350574916097,0.0009690414370095999,0.0009891901120372998,0.0009875614436585,0.0010804816697417,0.00018725274080659999,0.006633104763529,0.0079082515977588
1962,-0.0015848384379711,-6.691672274682499e-05,0.0005071601122794334,0.0006401939535634333,0.0009811654636752334,0.0009982685947028333,0.0009767571607099334,0.0010322741713727,0.00013497809730044999,0.00655681983906135,0.0078373154403723
1960,-0.0015878973199247501,-9.430638823399977e-06,0.0005840864342182332,0.0007059283818067001,0.0010785735095021666,0.0010873000522042002,0.0010851568641617336,0.00111394541252545,0.00014456828076090002,0.00659845053218575,0.0078841042967764
1958,-0.001605562126243025,6.140660877130001e-05,0.0006587988218379666,0.0007927549286341,0.0011494429152071669,0.0011772804155854666,0.0011752848654233334,0.0012042143008059,0.00018036059213370005,0.0066879444108612005,0.007981483435517
1956,-0.001618967981567375,0.00010376202756007499,0.0006901439295157333,0.0008190020251356,0.0011133666889993666,0.0011787746923387667,0.0011424632205513667,0.0011892705014739501,0.00015476761461844993,0.00671335336358945,0.0080341193977622
1954,-0.0016208865848009002,0.00014742236153227504,0.0007100545002342333,0.0008030039567541,0.0010591416896018,0.0011377791364317667,0.0010737572276422666,0.0011372078932746499,8.684570316974997e-05,0.006657164903582849,0.0080127438715889
1952,-0.001615774712042825,0.00022760402502635,0.0007513689480966667,0.0008027755143435999,0.0010796147599934668,0.0011299260537450332,0.0010649099442397,0.00113266785618845,5.257047676060001e-05,0.00658100364009535,0.0079584464590339
1950,-0.001618974833733225,0.00030891162072707503,0.0007910395647851,0.0008246562117024,0.0011468955566014667,0.0011591115937641333,0.0010967952588551667,0.00115587184397005,8.532261989595004e-05,0.0065718504546208,0.0079571594008756
1948,-0.00165063949326755,0.0003601624301968,0.0008306527357584001,0.0008728520882433335,0.0012190165670168333,0.0012292653894275666,0.0011577716514666334,0.0012002498675589002,0.00020341280478225005,0.0067035089195728,0.0080878379011317
1946,-0.0017126221035963,0.00043324776179465,0.0009418356194576,0.0009989046799700333,0.0013420036411274001,0.0013943047631083333,0.0013163843381813,0.00133731799458975,0.0004390566661416,0.00696792184485385,0.0083357349338778
1944,-0.0017689982405051999,0.000577166533139375,0.0011478047914965336,0.0012044541639281,0.0015280985027888334,0.0016312335219124,0.0015517695433785667,0.001549101939501,0.0007155504440322,0.007202704707999349,0.0085450488368486
1942,-0.001767435503789775,0.0007366019920264,0.0013356781545381998,0.0013596403504510333,0.0016452393204584332,0.0017629552513776664,0.0016585562668071999,0.0016398147928493498,0.00078852352993245,0.0071739600852027,0.0085185188295775
1940,-0.0017097248265041001,0.00084593488857875,0.0014211287260184333,0.001377950706232,0.0016077184318229333,0.0016975185016775,0.0015378913747567332,0.0015205698112764,0.00055969353739715,0.0068966583219661,0.0082821171765616
1938,-0.00165265358752905,0.000961708034981,0.0015032632378091,0.0013739063522468333,0.0015422807866823332,0.001593790454392367,0.0013844885475499333,0.00137828305263775,0.0002677002350672,0.006648974779534,0.0080657358380936
1936,-0.0016312183629725498,0.00117010250134025,0.0017065035679635,0.0014875145422142,0.001595707184360767,0.0016188624069972,0.0013910601700104,0.00138204772529785,0.00016756348762424992,0.006606521356641951,0.0080027423655855
1934,-0.001632042031556825,0.0014690970971101749,0.0020241643188712,0.001711409761958,0.0017637419691666001,0.0017567174319341667,0.0015254305017527003,0.00148440915232985,0.00026470696257805,0.006687555164990101,0.0080309269972138
1932,-0.0016299849424290002,0.0018286467105594752,0.0024016949928664997,0.001963677956521133,0.0019743082449190665,0.0019118802587205334,0.0016598566180116333,0.00157165113524125,0.00039621709388405003,0.00672315743065805,0.0080354325718173
1930,-0.0016303194808815,0.00231191604478245,0.0028985015962031666,0.0022687404825256336,0.0022528090726339,0.0021085885063368997,0.0018119489333908664,0.0016852889675083,0.0005034103459884001,0.0067065958427806,0.0080261568107733
1928,-0.001655324150465,0.00301591993846825,0.003628891304626233,0.0027335624119209667,0.0026813025845353667,0.002454629760048267,0.002103053915003067,0.0019449728937719001,0.0006678328287907001,0.0067559459479315,0.0080986206753049
1926,-0.0017062831315415498,0.003922066605398475,0.0045859164581614,0.0033809798992893666,0.0032501083087663335,0.0029677014799762333,0.0025555806402966,0.0023491480337810003,0.00092082654736275,0.0069112809549802,0.0082798182463693
1924,-0.001759902197189125,0.00491413911823675,0.0056479401653429335,0.004122546318985201,0.0038692012290762003,0.0035563170332017662,0.0030725496968525994,0.00278685571880135,0.00119022825249945,0.007093460232967801,0.0084929589794711
1922,-0.00179557929348595,0.005908999997944675,0.0067144581670927,0.004863091265865134,0.004475381295399366,0.0041285290603775,0.003565956878593133,0.00318134146640965,0.0014166986829841,0.00722244474286835,0.0086483441883411
1920,-0.0018012158144033001,0.00678592125593095,0.0076336036937956,0.005474095804532033,0.004970456015877966,0.0045706888786837,0.003939984102997433,0.00346091991822905,0.00155852088641125,0.007244932887554199,0.0086749924753141
1918,-0.0017662678196294999,0.007278218100276375,0.0081041704049193,0.0057419639086111,0.0051566198566924334,0.0047080227589043995,0.004035734752295001,0.0034939997608269503,0.00152317682995225,0.00709785683294625,0.0085149260938483
1916,-0.001703010446907975,0.007224914531079625,0.0079715083304946,0.005585702229429599,0.004965892588669467,0.0045062295757471,0.0038223779970829003,0.00327042316535795,0.00128975902733315,0.0068108538758997,0.0082200087467619
1914,-0.001651163325492375,0.006749160750887625,0.0074068630141865,0.0051623633751864,0.004571324319722833,0.0041424974740313,0.0034824501698287338,0.0029748893102094,0.00100501246493985,0.0065556761983018505,0.0079613070867939
1912,-0.00163808823960195,0.005987672548759626,0.006578944265844767,0.004601582025755333,0.004108833179479234,0.003735834353153667,0.0031492664148873666,0.0027263633050252497,0.00080262668540325,0.0064725180516170995,0.0078591719822572
1910,-0.00164994334282675,0.004972474097630426,0.005510779015749967,0.0038933424855674,0.003542684294574434,0.0032344071413808336,0.0027654747235986332,0.0024409774721206,0.0006430452832523,0.00651479355293705,0.0078705638857928
1908,-0.0016496182605735,0.003820798792232575,0.0042948609577146,0.0030647907237160332,0.002849798065159267,0.002605770763982633,0.0022535966540676664,0.0020146663734963996,0.00040236218585274993,0.00650911337518615,0.0078582051824763
1906,-0.0016257478157200751,0.002742627625598275,0.0031372006578768,0.0022558477990087,0.0021497252369559335,0.0019691313404358,0.0016932974121602,0.00152453568049295,8.089500853175006e-05,0.00638829426773235,0.0077751121635414
1904,-0.001599295098684675,0.00183443384154885,0.0021519887875727666,0.0015699352056518668,0.0015687633647672335,0.0014536768484811333,0.0012222707885285334,0.0011225478907227,-0.00020255893859290005,0.0062463867560477,0.007690761742371
1902,-0.001584973524205,0.0010730410186922498,0.0013317768752797,0.0010111968541255,0.0011253642715157001,0.0010722719631268334,0.0008819984347934667,0.0008505686808784,-0.00038229025294675,0.0061630843813824995,0.0076460934659894
1900,-0.001577984670805875,0.00045345948559712503,0.0006747326606577333,0.0005688725411973,0.0007892936135550666,0.0007843496323834334,0.0006403543847578333,0.0006628329822064,-0.0004846359766069,0.0061246151485467,0.0076113342333503
1898,-0.001578272657236675,4.717419245999966e-06,0.00020614294580844448,0.0002613765075299,0.0005583722381174333,0.0005898101252658,0.00048806399597056666,0.0005477039062994999,-0.00052171601189435,0.006125683168096051,0.007593316721973
1896,-0.0016006440372842749,-0.0002851901401071707,-8.931930066319999e-05,9.082523136691124e-05,0.00043810622922453335,0.0005077058891764333,0.0004404886281976,0.0005319582092863,-0.00046086111789179996,0.006223191014671,0.0076728118466715
1894,-0.001649477689176825,-0.0004780952559784457,-0.00027682877693326096,6.861553975250442e-06,0.00039029473424457233,0.0005037382441098999,0.0004670980445991,0.0005898912568607999,-0.00032359187812685,0.0064294456000674,0.0078826298091601
1892,-0.0017011403966941498,-0.000625311826814725,-0.00041377853883859994,-5.714178084481689e-05,0.00035294377944964994,0.0005024147960506334,0.0004918751419321667,0.00063944929985745,-0.00021266833398794993,0.006637038596180551,0.0081169801899069
1890,-0.0017262347806802749,-0.00073798055781175,-0.0005197653062537,-0.0001292693639947,0.00029732266922819444,0.00046313741317983325,0.0004699847952799,0.00063272848396525,-0.00019442329441815,0.0067234692990784505,0.0082292921417213
1888,-0.0017157007163034,-0.0008206385223107001,-0.0006084737824893,-0.00020765506711316667,0.0002217143555444665,0.00038788646270833334,0.0004039437719165,0.00057320877929235,-0.00024658560162404996,0.0066640983114892,0.0081671144973002
1886,-0.0016817901796656498,-0.0008890520086619499,-0.0006983386885040665,-0.00028881370192376663,0.00012520127289164458,0.0002855984737522112,0.00030669139006250004,0.00047128915571025,-0.00033142292261265,0.006519112508625,0.0079909464282692
1884,-0.0016469943906070501,-0.000942499761981,-0.0007772670423575333,-0.0003566032599778667,3.108956208706115e-05,0.00018352963254686115,0.00020605807029686667,0.00035666690904775,-0.00042705561997705003,0.0063763439216668,0.0078136288248849
1882,-0.0016276211890064248,-0.000963021676589525,-0.0008131501370971001,-0.00038677372881806664,-1.7019945020266675e-05,0.00012355867594105555,0.00014137613652991102,0.0002816438503313,-0.0005026215657183999,0.0062986327615392,0.0077119067299577
1880,-0.00162006203411245,-0.00095539260243905,-0.0008119632950032,-0.0003898866531288333,-1.8836273942933327e-05,0.00010357124420075001,0.00011008326298170004,0.0002534801530345,-0.00054615972082275,0.0062785316863876,0.0076723704246575
1878,-0.001607305040831275,-0.000953650383772975,-0.0008190884224866,-0.000409653254431,-2.8608965194966674e-05,7.081845004613332e-05,6.485414945826664e-05,0.0002182493870232,-0.00059280572698875,0.00624948074640225,0.0076269859384613
1876,-0.0015932641764304502,-0.000968324866564,-0.0008382257378906334,-0.0004385379267892,-5.137376444686666e-05,3.23077829965001e-05,2.32732831612669e-05,0.00018381784904595,-0.0006329632233086999,0.00621307659791855,0.0075900653723853
1874,-0.0016176748934076252,-0.000963934577058575,-0.0008035562231381667,-0.0003870975203503333,1.3380137171099866e-05,0.00010934429487259989,0.00011625273052676642,0.0002889610847281,-0.0005310607869142,0.0063182023830296,0.0077157424107347
1872,-0.00171227259384275,-0.0009188744087840249,-0.0006778730575348668,-0.00019612280703426663,0.0002441724269406944,0.0003932134713651,0.00043736085067683336,0.00064030880669195,-0.00016233802985185004,0.0066985675035832505,0.0081232299574369
1870,-0.0018345313623666752,-0.0008813845837338499,-0.0005527479541689333,2.6740114063916656e-05,0.0005214692412847333,0.0007419776830696,0.0008303644123398334,0.0010687904982385,0.00031989361425390004,0.00719077958378015,0.0086275425375776
1868,-0.001872145354835425,-0.0009302716312698,-0.0005903002414064666,4.82219381689999e-05,0.0005647242485036667,0.0008157706771192335,0.0009250858001626666,0.0011672521631623,0.00047415782775120006,0.0073332457310495,0.0087627226000828
1866,-0.001794128858665,-0.00105641137308285,-0.0007898555387069666,-0.00017350690507239998,0.00031704274307113334,0.0005370828844502,0.0006322411245966,0.0008417540320489,0.00016152360212355003,0.00698911076911185,0.0084110742910419
1864,-0.00169389145266855,-0.001179304040115025,-0.0009940719285376333,-0.00043776883104039996,1.605037872702784e-05,0.0001919347503587945,0.00025812662915566665,0.00043379106095890003,-0.0002567051628968,0.0065459050231037996,0.0079724849966467
1862,-0.0016436664947893,-0.00125153133042685,-0.0011049236559818665,-0.0005931913154165667,-0.0001620412828803667,-1.3284344579998974e-06,4.204086530046692e-05,0.00020315974057535,-0.0004805983718541001,0.00631979065257365,0.0077552450854998
1860,-0.00163266464763605,-0.001268716707376525,-0.0011263496131565,-0.0006343490288434333,-0.00021928000314273333,-5.082636961035534e-05,-1.84074219858831e-05,0.00014082419925575855,-0.00052402039380135,0.00628543382166375,0.0077196498512167
1858,-0.001620472840973075,-0.00124580046818905,-0.0010996383408882666,-0.0006183158951742,-0.00022049285331216664,-5.087796586329946e-05,-2.1242938270099075e-05,0.00014023299584165028,-0.0005269874063851001,0.0062792119355678,0.0076951488459411
1856,-0.001601463608889625,-0.0012128157341101751,-0.0010618746563736,-0.0005856813397601666,-0.00019301234569523332,-3.72715462824776e-05,-6.555276558533049e-06,0.0001643785220660668,-0.000532344232278,0.00625885730085975,0.0076463800259731
1854,-0.0016038325228814002,-0.0012004490575345,-0.0010350950071069333,-0.0005464010165464,-0.0001333258684655,1.423120461316107e-05,4.9031041062088786e-05,0.00023773137770850003,-0.00048788360554445,0.0063113659770901,0.0076774322814176
1852,-0.001647071345972825,-0.0012047742305113,-0.0010099033394043,-0.0004871684957873,-3.8558398166233334e-05,0.0001252919383565389,0.00017021180711113333,0.0003760706172507,-0.00035910171703095004,0.0065010669138184495,0.0078666317892905
1850,-0.0017276391415149749,-0.001187285104020475,-0.0009455960976676668,-0.0003757855432735,0.00010406760234299969,0.00030661059885376667,0.0003728372838956,0.00059117960710585,-0.00013692701707635,0.00682229738604435,0.0082087364510038
1848,-0.0018276494239028752,-0.001127952425043675,-0.0008210688451264666,-0.0001996671019821,0.0003025814156428834,0.0005542438804734666,0.0006536050372321,0.0008862948857586001,0.00017963305842275004,0.0072202620754703,0.0086397127180496
1846,-0.001903765495849875,-0.0010655875383307001,-0.0006929150014901332,-3.075566915413348e-05,0.0004886927095114667,0.0007844132615898667,0.0009151740588955666,0.00116218251571075,0.00048503306332404995,0.00752335620732815,0.0089775927205637
1844,-0.001897733228742,-0.0010608198545438,-0.0006631832194348334,-2.807751449335552e-07,0.0005243698127289333,0.0008364135560761666,0.0009736384479707001,0.0012151066827892,0.0005431936100547999,0.0074834266614949,0.0089654492157363
1842,-0.0018155622984144747,-0.0011076936860554,-0.0007406824251697668,-0.00012198756333710001,0.0003881973631427,0.0006777772242393667,0.0007940690831295666,0.0010050383317142001,0.00029196805592564994,0.00712325529830505,0.0086195960363535
1840,-0.001732748076142275,-0.00115403930911705,-0.0008397429618320334,-0.00027043729377556664,0.0002175577815994722,0.00046414699543746675,0.000554713954008,0.00073647907620695,-3.314399935599999e-05,0.00676528904608845,0.0082599831861529
1838,-0.0016989497849035,-0.0011834427942753,-0.000912923301414,-0.00036042543428743326,0.00011614250194059555,0.0003268623140678,0.00040263832373473333,0.0005779681070505001,-0.00022512002412249994,0.00661961450307245,0.0080988281483042
1836,-0.001711838660867175,-0.0012022173370576,-0.0009566414852257,-0.0003837601351751333,9.858272686534249e-05,0.0002982673059564334,0.0003712193998118333,0.00056055819574895,-0.00024867676779584993,0.00667166029736305,0.00812967023356
1834,-0.001756359691020425,-0.001196966156355275,-0.0009469983212633667,-0.0003339425673730666,0.00016611583944746663,0.00038411489614363333,0.00046664659617993336,0.0006789619669276,-0.00011982158028745003,0.0068571638538805,0.0083012404463161
1832,-0.0018262607558571248,-0.0011484924252331248,-0.0008504485572278998,-0.00019541801399259998,0.00032640910197019677,0.0005833944556562333,0.0006922633850811334,0.0009310526285848,0.00016475904549675003,0.007157943827234999,0.0086037370642692
1830,-0.00189842205150215,-0.001078007726370075,-0.0007026097720992,-1.9825309934566663e-05,0.0005209817801241334,0.0008151887050946667,0.0009607033977299999,0.0012239829331974002,0.0005198943324266,0.0074843154049648,0.008939900337139
1828,-0.0019176901900957249,-0.001043569158602275,-0.0006209691127399001,5.431235243198327e-05,0.0006033342518725667,0.0009052431196296332,0.0010708787980932668,0.001341224895694,0.0007012126845308417,0.0075973841399786,0.0090517077222845
1826,-0.0018589550171298251,-0.0010729154422045501,-0.0006788154950215334,-5.108301098871625e-05,0.0004900579636467667,0.000761846272635,0.0009108521107919,0.00116335393488665,0.00055067664313175,0.0073737784674603,0.0088100628844239
1824,-0.0017718767066827001,-0.00113961213190575,-0.0008238356627550666,-0.0002515111072040333,0.00026860564158510573,0.0004922387969515,0.0006031059455503,0.0008311765492792,0.00021920279387324995,0.007011854261150851,0.0084311802722808
1822,-0.00171138569103925,-0.001212068506318175,-0.0009716878375163667,-0.0004275298586733334,6.41392280924056e-05,0.00024407879642020559,0.0003236526008448333,0.0005410700578129,-6.490394513934997e-05,0.00674373501356685,0.0081636566429935
1820,-0.0016798128891708998,-0.00127002747013495,-0.0010789243703464666,-0.0005364515601914001,-7.71771913782e-05,7.335269052316667e-05,0.0001379864465255148,0.00035599691329100003,-0.00024350965537749998,0.0065860208615464,0.0080201368274267
1818,-0.001661393510354,-0.0012867469936496,-0.0011152170078248334,-0.0005718088957541,-0.0001425174047761,-1.1014361275888654e-06,5.85825448136556e-05,0.0002737602835746,-0.00034421290309880005,0.0064848762103664,0.0079321710074352
1816,-0.0016665285678108001,-0.001244369771083025,-0.0010539459216838,-0.0005144105400852001,-0.00010101908916793333,5.787971132706668e-05,0.00011957015281834211,0.0003248407020785,-0.00033081706357239996,0.006499112480565001,0.0079520540044284
1814,-0.0017093923423895001,-0.00116539449764645,-0.0009161198862202667,-0.0003693999750621333,4.9792281686950025e-05,0.00024735309663098334,0.00032169630018463334,0.0005181512190253,-0.00016261774493574996,0.006693994466016149,0.0081494326950656
1812,-0.00176318880481265,-0.001103154297090925,-0.0007863770030137334,-0.00021585937447523334,0.0002245377835824611,0.00045831002453166665,0.0005527263674539,0.0007446700755443501,5.91429702355e-05,0.0069454162389753,0.0084043971207306
1810,-0.0017794974262332751,-0.001096737208829625,-0.0007524319499438666,-0.00016328305582163333,0.0002969948992263028,0.0005417330356501333,0.0006490024560003666,0.0008358994156693,0.00014121818835990003,0.0070282407120378,0.0084920878823465
1808,-0.001757736696138525,-0.0011382659435665,-0.0008162412702133666,-0.00022971811923603333,0.00023873883861102985,0.00047550438960423334,0.0005799205380429334,0.0007624102266579,4.414012355135e-05,0.0069285414646731505,0.0083995708466154
1806,-0.0017474873079395498,-0.001189832399397025,-0.0008978806367299,-0.0003167977394127,0.00015370816947867224,0.0003901147062903333,0.00048617371160526664,0.0006743186619137501,-5.714134500370001e-05,0.006866991369038251,0.0083454581986673
1804,-0.0017752127009072502,-0.0012205435112242,-0.0009282728049174667,-0.0003308685163800667,0.0001455040728060394,0.00039927030320213334,0.0004956224565650667,0.0007018979164926001,-1.0724015819150014e-05,0.0069804435190029,0.0084549970256488
1802,-0.0018169397449799502,-0.0012197434791919501,-0.0008988775113315667,-0.0002687619140153334,0.0002187527989262473,0.000491912973555,0.0005991826092457,0.0008252699035624499,0.00015438541212289998,0.007185129992824951,0.0086355123576086
1800,-0.0018436494122984,-0.0012004408163759,-0.0008487329931335667,-0.00019677673669416668,0.00030191173373087215,0.0005801763755320667,0.0007009821085183,0.0009376652887645,0.00030115636392624994,0.007344009768862351,0.0087690220090307
1798,-0.001870200926156875,-0.00118631803871375,-0.0008102922840427335,-0.00015204557719236667,0.0003580905046007001,0.0006372681922799999,0.0007708591982607333,0.00101511769944855,0.00038603668607679995,0.0074793909973819,0.0089129094870987
1796,-0.001923754161776325,-0.001176827091805825,-0.0007684274571223,-9.471210523053323e-05,0.0004340374809534333,0.0007301593918318333,0.0008803330370032667,0.00114237672679565,0.0005013874635692,0.007690086863620349,0.0091645667352154
1794,-0.001981450509240975,-0.0011490890077179498,-0.0007024776383065667,1.6205059961332234e-06,0.0005525871182726333,0.0008769093673941,0.0010440106683634665,0.0013290072474175,0.0006752451881402,0.00790627339363445,0.0094093317294041
1792,-0.001975580380898175,-0.001103030043642575,-0.0006507540662645667,6.090188390247774e-05,0.0006132875536634666,0.0009438964092728001,0.0011087538468130334,0.00139500714546005,0.0007380693762029,0.00787817520742985,0.0093591271536937
1790,-0.0018919503290066,-0.001075017098144175,-0.0006699230423072999,-3.174706298250059e-06,0.0005143471865845,0.0008115727161650334,0.0009453371802309665,0.0011986206365549,0.0005365251758046,0.0075422830911824005,0.0089784982602399
1788,-0.001811405739847825,-0.00106884573538315,-0.0007157378857789999,-0.00011155462933546666,0.00036131458639696343,0.0006159889264757333,0.0007127210604791667,0.00092714274056215,0.00024066925126810002,0.0072065533759571,0.0086297554173175
1786,-0.001794970395261625,-0.001044659522739825,-0.0006969171241639334,-0.0001281032165681,0.0003232169904316611,0.0005592933399061333,0.0006379471645107667,0.0008366620602285,0.00011590356403695,0.0071242740495566495,0.0085651713398089
1784,-0.0018357488176784999,-0.00099266333562345,-0.0006018842244232668,-3.225825353091674e-05,0.00042845756980879995,0.0006757209560540001,0.0007617255438815,0.00097177552992545,0.00023975006957785005,0.0072887991611829996,0.0087432180813468
1782,-0.0018871793062288,-0.000967978485235725,-0.0005301024430601334,5.876492362969451e-05,0.0005437408616300667,0.0008169227432705334,0.0009265700992187667,0.0011580471960083,0.0004595723712442,0.0075149049698409005,0.0089618860109127
1780,-0.001917575423793175,-0.0010166671167679,-0.0005669667348556,4.1882630863833425e-05,0.0005464467221242333,0.0008436673880833999,0.0009781315238887,0.0012221653761874001,0.0005761953963498,0.00764998499656515,0.0090898677561429
1778,-0.0019520396143604749,-0.001091393971180375,-0.0006442170049298,-8.85048021631668e-06,0.0005149643254341666,0.0008389965999285333,0.0009960714105019,0.0012480111213718,0.0006384832916443501,0.0077839691637995,0.0092384875184392
1776,-0.0020296347628766,-0.00111624127535435,-0.0006414312471543334,4.1556410553000084e-05,0.0006013407140940333,0.0009697528372664333,0.0011541955240722335,0.00142837505754115,0.0008490965362727,0.0080958301133056,0.0095758582417418
1774,-0.00213394909426185,-0.0010782011374281999,-0.0005431457551246,0.00019970384775086668,0.0008093589120601001,0.0012315378991376667,0.0014462134719479,0.0017619350591810499,0.00123938532933055,0.00854165181926815,0.0100287861143607
1772,-0.002171748861687525,-0.001043557681170675,-0.0004772682795103612,0.00029215675059596663,0.0009281732137626335,0.0013675505147534332,0.0015937716229841,0.00194057962027595,0.0014974676488208,0.00873057869550365,0.0101907998513753
1770,-0.00209010856254885,-0.001063306834894875,-0.0005417608410714334,0.00019033108981326668,0.0007998763973289666,0.0011928535092428666,0.0013954864888492669,0.00172774435146145,0.0013369171135862,0.00841213995482435,0.0098361476973033
1768,-0.001974457646772225,-0.00109860220944255,-0.0006509334685490666,1.4885830848716721e-05,0.0005697238719881667,0.0008967416766092999,0.0010584202242406332,0.00134473349805585,0.00095707224198515,0.00793116320539995,0.009344603613767
1766,-0.0019205903637062502,-0.0011085499986122,-0.0007005074696547334,-8.07750155751002e-05,0.00043027964064346665,0.0007243335444589667,0.0008563880923878666,0.0011048209412108999,0.0006888028691765999,0.007696251583977199,0.009130730663808
1764,-0.001936881633596375,-0.001101694819594975,-0.0006886033131883667,-7.894702674919988e-05,0.00041588938416193335,0.0007191396598865999,0.0008459287561279667,0.00108398560241225,0.00062431789543335,0.0077452096163205,0.0092153569838674
1762,-0.0019730558926615753,-0.00110253356578045,-0.0006692491085982666,-4.805808479197145e-05,0.0004542455962657666,0.0007854608953049,0.0009252357992867001,0.0011739012146786002,0.0006736045122530499,0.00787000826234555,0.0093648490734418
1760,-0.00197989743916785,-0.001125838263293875,-0.0006935742670956334,-6.647796186125568e-05,0.00044847035870366667,0.0007972106493935,0.0009480544943412332,0.0012079587696468,0.0007009917559712833,0.0078799488784384,0.0093709035191736
1758,-0.0019642409265265,-0.0011658161238983248,-0.000759063364591,-0.00014239033543283333,0.0003717803633782222,0.0007212632819754667,0.0008674279409767666,0.001127302401677,0.0006536511127787833,0.007817555292779,0.0092893520448412
1756,-0.00198482993502405,-0.001187372962631425,-0.0007864060306312665,-0.00017146003789353335,0.00033594315760175,0.0006932792177100334,0.0008337834707862001,0.00109538098042185,0.000653691397895475,0.0079189569434896,0.0093870144433662
1754,-0.002089172069635175,-0.001141758949315125,-0.0006763239401373334,-1.884192579328338e-05,0.0005049905110743666,0.0009039738594000666,0.0010661261350444666,0.00135318098532655,0.0009154627790616,0.00836855584720395,0.0098557669591063
1752,-0.0022730620534883,-0.0010116062607343499,-0.0004015979222663167,0.00035341557965810005,0.0009360135272796999,0.0014163656340074,0.0016386068097539999,0.0019805385859719502,0.00155035117804245,0.00915312825822725,0.0106632662659339
1750,-0.0024452267634536753,-0.000880055454311375,-0.000123376015844,0.0007362241441626668,0.0013928698028592334,0.0019599679581524337,0.0022489094031245,0.0026454296069805,0.0022760883774683,0.009901815627406,0.0114170936818745
1748,-0.002490610227528325,-0.0008764496401142,-8.38030792485999e-05,0.0008093706098025,0.0014953073185851335,0.0021002718817243666,0.002409672204232633,0.0028179216909690503,0.00253670568866735,0.010123283051130999,0.0116314091153597
1746,-0.00243631992481615,-0.000975092356153075,-0.0002361559110916333,0.0006228155706169332,0.0012894605951600001,0.0018851032308707667,0.0021733342706428,0.0025583074887275,0.0023221356346073,0.00991704968277305,0.0114269709485617
1744,-0.0023829352768711502,-0.00106345193608495,-0.00037177405651117227,0.0004447624836512,0.0010854747640252668,0.0016641216479002998,0.0019311833513494666,0.0022932622676364502,0.0020599444692414497,0.00971309822533815,0.0112374388575395
1742,-0.0023732122698315503,-0.0011131848493661,-0.00043096442125256103,0.0003667965059109667,0.0009937748208657666,0.0015689532090238333,0.0018319619517860998,0.0021858360165493,0.001960508473602,0.00969769322323425,0.011244712190658
1740,-0.0023985013071756,-0.001167895286034275,-0.0004847249933648723,0.0003169818948113667,0.0009359405782698333,0.0015257744293022998,0.0017937235648397335,0.00215109349817025,0.0019615036390613003,0.0098192152592119,0.0113979077328377
1738,-0.0024552963606980496,-0.0012306988099245,-0.0005419048300308,0.0002831013827003333,0.0009021669326162666,0.0015336526918596335,0.0018118465913316334,0.00218697936023485,0.0020535307576329,0.01004986170508545,0.0116641123680894
1736,-0.002547731128190325,-0.00123946262976265,-0.0005086719035180277,0.0003611440654351333,0.0010044702595325,0.0017112541105228668,0.002012917967929367,0.00242788285244725,0.0023719956339729002,0.010422908171835249,0.0120525060674875
1734,-0.002613238327104475,-0.001176904788852575,-0.0003847348866975223,0.0005232336673477,0.0012033703601397334,0.0019783863559010664,0.0023061596029087003,0.0027621046575063,0.0027871632311632,0.0107034139802001,0.0123011324147894
1732,-0.0025423233305890245,-0.001155341792487775,-0.0003835172252949608,0.0004980522142188333,0.0011729387003225668,0.0019288416467681,0.0022477230428949667,0.0026939146201708,0.0027230912408271,0.0104237940710518,0.0119681064561938
1730,-0.00237012683051175,-0.0012305763077106,-0.0005746255019235667,0.00022428882653090001,0.0008430006398070667,0.0015003383143894333,0.0017742819435860667,0.0021625118767036,0.0020944110839147,0.00970109068068055,0.0112242914029309
1728,-0.00221343216510335,-0.0013125129206577497,-0.0007750506075742667,-5.91419426515999e-05,0.0004980857472221,0.0010477716217417667,0.0012751765617070668,0.0016053461590831999,0.0014107318817084499,0.00902938005407115,0.0105623507088111
1726,-0.0021250411982362996,-0.001331353126230675,-0.0008563890974666999,-0.00019521709753013333,0.0003240268566182056,0.0007944690258982334,0.0009930580297246667,0.00129087389792545,0.00100188515557275,0.0086471744821406,0.0101941529736641
1724,-0.0021119518001387,-0.00129417970044855,-0.0008212380256768,-0.00018098294384216666,0.0003287998577628944,0.0007613640668184666,0.0009515108732551667,0.0012440420648797,0.00090748971822265,0.0085847359083456,0.0101403141086637
1722,-0.0021815692126983,-0.001227812130417275,-0.0007007109539767666,-4.0897554918149725e-05,0.0004911096298369668,0.0009387687939331333,0.0011429828339625666,0.0014538917374657,0.00110936737206085,0.00886666558883975,0.0104319355853144
1720,-0.0023564531032715503,-0.0011178862983194748,-0.0004582409169827224,0.00028192354964720005,0.0008818428877053665,0.0014113845260893666,0.0016620840650669998,0.00202051580483995,0.0017298896692556002,0.00959911200598905,0.0111728144247809
1718,-0.0025925888512239245,-0.00095878242152785,-0.00010139054074059988,0.0007748040211968668,0.0014786585762525002,0.0021313363655521,0.0024536958470642665,0.0028826641811536503,0.0027551745792051,0.010626444196360649,0.012180241953934
1716,-0.0026644501295166496,-0.000878783779302675,6.489464799766665e-05,0.0010146041098325665,0.0017608319551773333,0.0024515032843246,0.002800731678049033,0.00325964151440585,0.0033208915970766003,0.010985066863711049,0.0124807068264933
1714,-0.00249161756768975,-0.0009639567247733,-0.0001458853611460333,0.0007304121885500667,0.0014035435379941002,0.0019952451862131665,0.0022887061561917663,0.00269960941289265,0.00279156440615,0.01026711112637525,0.0117238759194512
1712,-0.0023071551327229,-0.001080480691242525,-0.0004227488915449222,0.0003394654954008666,0.000918166957838,0.0013973111499263333,0.0016212886861778667,0.0019689724195742003,0.0019707214244614,0.009454000292958849,0.0109217960270504
1710,-0.0022620646785003,-0.0011244781404878,-0.0005236057869435001,0.00018425760553906668,0.0007212371891276,0.0011592008613080333,0.0013548618665651334,0.00167628742836125,0.00160127678684905,0.0092254093284105,0.0107330662487276
1708,-0.0023526191984595502,-0.0011013153328339749,-0.0004476901555994,0.00028693114056026664,0.0008439601827290666,0.0013145122962295002,0.0015305952917263669,0.00187015358809655,0.0018048161233365,0.00959052313753315,0.0111407707733384
1706,-0.00249132526827125,-0.0010601941366223501,-0.0003141674887080445,0.0004899542955208333,0.0010995623681335667,0.001629247092622,0.0018904479648912998,0.00226832301273775,0.00229022926454935,0.010179123141631951,0.0117571790159409
1704,-0.002609954732057175,-0.001006891723028675,-0.00017834646127279995,0.0006890308316758333,0.0013562629221973998,0.0019280688491585668,0.002232652849684233,0.00264192295930695,0.00276144241573895,0.0106918718822841,0.0122787975433542
1702,-0.002730031257473375,-0.0008901980586176249,4.436513299481659e-05,0.0009691481042789,0.0017046873877880665,0.0023105645203055,0.002657717264090233,0.0030935899312417997,0.0032654130536706,0.0112234081409951,0.0128016789166571
1700,-0.002857899045917775,-0.0007158810133542,0.0003622163557854222,0.0013508969189605334,0.0021593383078315335,0.002806887166572467,0.0031956981414007,0.00366342837348655,0.0038334042056973,0.01181480489837305,0.0133617807028021
1698,-0.002866141799958125,-0.0006147970513756708,0.0005179531147199056,0.0015093932347849,0.0023205793448690336,0.0029592318919669336,0.0033403605482879,0.0038137280270312502,0.003963192999558151,0.01191619012905335,0.0134128616558333
1696,-0.00269964198823785,-0.0006443141654027249,0.0003798234039194778,0.0012554866085990664,0.0019642104296859002,0.0024985544842052337,0.0027962077637484,0.0032182659669968,0.003373129228697,0.0112606724468797,0.0127185096092568
1694,-0.0025229732619774002,-0.0006985606630153,0.00019186468026243333,0.0009201928773739666,0.0015096616984125334,0.0019220040251109669,0.002123983882788333,0.0024768274627485,0.0026543717129803,0.010535650941297551,0.0119879295955552
1692,-0.0024692045304862747,-0.0007090642923130749,0.00014211284403896669,0.0007928363268219,0.0013230563249355,0.0016765339699478332,0.0018310738079421664,0.0021452887200482,0.0023268924601806996,0.0103131244565473,0.0117880560827262
1690,-0.002554693873119775,-0.0006701184084271,0.0002508786289573111,0.0009190602224917668,0.0014607828763081668,0.0018323223916407666,0.001998849879152633,0.0023193862946521,0.0024811973132861497,0.010672402864368949,0.0121854038326828
1688,-0.002761811018536275,-0.0005582854523696666,0.0005322919091301,0.0012973024006572669,0.0019077026977070664,0.0023561583298613003,0.0025831329337439334,0.0029514745144719,0.00311585221877755,0.011559694863849,0.0131116873032652
1686,-0.003045083590144825,-0.00033410934066462495,0.0010085611792929334,0.0019104668076291,0.0026227438285653,0.003172548816826833,0.0034857058793657664,0.003928076500551049,0.0042027837155185505,0.0128189815414293,0.0143859503428792
1684,-0.0032346997734009246,-7.19840988764e-05,0.0014820391428706336,0.002459519688860433,0.0032377027682876,0.003835215120236133,0.0042029395308158,0.0046939533196883,0.00519408696008475,0.01373695488770705,0.0152709559740969
1682,-0.00318665778608265,5.972476867672504e-05,0.0016361645084119,0.0025410781344848998,0.0032835417703803997,0.0038193048018126,0.0041622324262018,0.0046284705156598,0.0053014889309832,0.013633130061012251,0.0151165750661549
1680,-0.00304353559171515,0.00010737047618130001,0.0016058105328371,0.0023524353188004335,0.003001155791639167,0.0034272784789210337,0.0037032491368092,0.0041061132998931,0.00483346130369295,0.013081548197482449,0.0145438352367897
1678,-0.002976273616108125,0.00022302102600487502,0.0016955866100512333,0.0022887237773323,0.002853175848182267,0.0031979616257848662,0.0034157486303031666,0.00376728184175995,0.00451100404656115,0.01284125319473025,0.0143129285562809
1676,-0.00303619427467235,0.00048197307698022505,0.0020408684592559665,0.0025301491440674665,0.0030516441085287004,0.0033806233467044335,0.003573633197283267,0.0039065138173362,0.0046697183946733,0.0131492573519588,0.0146423163560221
1674,-0.0031831297095055756,0.0008948758602011749,0.0026286051662729997,0.0030603255677922,0.003575768468157233,0.0039480636718767,0.004149621110072367,0.0044869129452338,0.00525400972236165,0.01382729474728125,0.0153346431627362
1672,-0.003304901649519675,0.0014031823956386,0.0033063243908222663,0.0036634767649303666,0.004162455551585533,0.004571252594962099,0.004779041831539534,0.00510455560718745,0.0058468248360426,0.01438590369050435,0.0158921972988025
1670,-0.0033150686738064,0.001844565104461575,0.0038210500051612333,0.0040414964066404005,0.004473005877499367,0.0048497321802962,0.005022587479250433,0.00529606289381815,0.0060176801164885,0.014454078109702999,0.015956703117893
1668,-0.0032498792163754998,0.002057175262400575,0.004015495523577267,0.004098270230812333,0.004441294332811133,0.0047474567649059335,0.004860603199640766,0.0050726964539251004,0.005808363023998,0.01418677796370065,0.0156953912902037
1666,-0.0031920457392980005,0.002036792070166675,0.003948885632006133,0.0039679373880845,0.004251990987900533,0.004509400859017367,0.0045808111538054,0.0047576478206507004,0.0055475789236528,0.01394569383843205,0.0154596154962059
1664,-0.0031803599332634004,0.0019089703159136501,0.003794152609391367,0.0038165768430368,0.0040792763409692335,0.004319372301575133,0.0043802020042034,0.0045453643202297,0.0054416217050744006,0.01392022592647485,0.0154247378009088
1662,-0.003212655481093625,0.0018024836274553,0.0036934833764011,0.0037328742481089,0.003991109217951267,0.004224319928962033,0.004290115742246766,0.0044485510334566995,0.0054928487357737005,0.014111207002455248,0.0156018281320898
1660,-0.003277480140599075,0.0017530920879525748,0.0036730771582092,0.003721324923478,0.0039824710495741334,0.0042167485808663,0.0042904628805875,0.0044459714887866,0.0056156073001898,0.01443878855236,0.0159392812905518
1658,-0.0033837263160812004,0.00173763594084565,0.0037088012143447,0.0037834836201001,0.0040676765598534,0.0043309726913356664,0.004423169323600567,0.0045947455300255,0.005823076474321551,0.014907148499199802,0.0164509564477171
1656,-0.003567909629586175,0.00178381692393165,0.0038576503069621335,0.004001174908424567,0.0043436869050284335,0.004678209589261467,0.004813998126521966,0.0050296067781619505,0.00630168320466455,0.0156827498339056,0.0172817541404636
1654,-0.0038472596624585,0.001979439694248675,0.004232947135951133,0.004469055534047667,0.004896008099046633,0.005327431450184667,0.005528418474749067,0.005801632701140799,0.0072407027528700995,0.016895500211534797,0.0185152614793827
1652,-0.004101276651817825,0.00226471658949365,0.004684358661282533,0.0049627781831638,0.0054425512124326334,0.005935135839256333,0.006178399701617467,0.00648026740825055,0.00826221841612065,0.018068277700508353,0.0196449205848782
1650,-0.004201267959695649,0.00239086607599195,0.0048377289327384,0.0050890938351918664,0.005560072529394967,0.0060576226783155334,0.0062955248028959,0.0065888803238056005,0.0086947043741086,0.01858953002587465,0.0201160400571418
1648,-0.004233288980936874,0.0023820409922332003,0.004780397173860233,0.0049818934815791666,0.005419622053830334,0.005903558844157167,0.006119307077490934,0.00639518142443395,0.0087400043347068,0.01880578709042945,0.0203161056173178
1646,-0.0042557810677191,0.002414929729094225,0.004768172303279034,0.0048859988049363,0.005271290412564533,0.0057113464103943,0.005893299145157067,0.00613481616753615,0.008703465081353251,0.0190110176938482,0.0205213572082245
1644,-0.004244726389548975,0.0025212203297779253,0.0048376808935667,0.0048322550044412665,0.005143186334963633,0.005496936702209799,0.005628782809575301,0.005811573232189549,0.008540951238629201,0.01908006181600995,0.0206036792564688
1642,-0.0042403528480196755,0.00262700586740425,0.004920687763008967,0.004810526455527199,0.005061188361834567,0.0053392335041391,0.0054314259176150995,0.005563585462999499,0.00834962917484465,0.01912205102392945,0.0206839594659618
1640,-0.0043316491281985,0.0027381886538076503,0.0050586005734181,0.004901690823253267,0.005136207178193567,0.005399709807596833,0.0054885989006001,0.0056064756615834006,0.0084493334166496,0.0195265877533065,0.0211397845231292
1638,-0.00454199851046345,0.002946114740433975,0.0053662632210145006,0.005199170098829267,0.005454820282693933,0.0057629929456491,0.005879493004209532,0.0060159080985777505,0.0090503981556622,0.02045501626516365,0.0220876240529383
1636,-0.0047100663991384,0.0032664617907052747,0.005786483030528234,0.005571226284119934,0.0058326798897493995,0.006173834684419367,0.006297335585471734,0.00644621490597375,0.0097825642434134,0.021254088995075048,0.022818522031741
1634,-0.0046198308111128,0.0034786442110807,0.0059534234980909,0.005610979397474,0.0058122667760238,0.0060926107412145,0.006156112358148366,0.00627005428200055,0.0097389825929005,0.02092822927282775,0.0223938646321072
1632,-0.004452849827931826,0.0035107479784086,0.005864669753538567,0.0054007539047645665,0.0055295081956636995,0.005722403915386033,0.005718941702684433,0.0057856247577038,0.009192039303062751,0.0201981351691844,0.0216464461199608
1630,-0.004409091272393,0.003541344040834925,0.005833735828351901,0.005305060781257601,0.005400330286359033,0.005558454062011266,0.0055331960803220335,0.005578577484902749,0.008921127467509251,0.0199644260220868,0.0214558767626685
1628,-0.004448040978375275,0.0036861759655216,0.0059899178734175995,0.005436397374531966,0.005534314162775032,0.0057131010312987006,0.005706096723156233,0.0057550996994691,0.0090427876695841,0.02008531632086075,0.0216171484315574
1626,-0.004427180919901776,0.003966756878941975,0.006286704417082533,0.005692732818865634,0.0057960062336804,0.0060084311326826,0.006023118064541401,0.0060773103260195,0.009198685887935,0.0199514001666271,0.0214813872468847
1624,-0.00429720110319945,0.0043451725364906,0.006624955676241266,0.005913541337707533,0.005987087598456134,0.0061976350218385335,0.006199493865211966,0.00623510879745475,0.0090589298599213,0.01934538879414585,0.0208479734705413
1622,-0.0041529164763087,0.004825843240959875,0.007038847374276233,0.0061295251788209,0.006136562746977732,0.006313265915012766,0.006271785592430666,0.0062656380703974,0.0087638647474487,0.0186689001223748,0.0201587469800603
1620,-0.004030140375216075,0.0054829693126194744,0.007646600734879133,0.0064758412478487,0.006389687788885,0.006520691753104767,0.006421172421362999,0.0063571449725383,0.0084967217351116,0.01806251025172955,0.0195581223694555
1618,-0.003870027629171,0.0063449690723236495,0.0084636657216815,0.0069621556138973,0.006749307960108634,0.006810894920666933,0.006633052130650966,0.006487319261761,0.0081541283156361,0.01726433608552955,0.0187683785969788
1616,-0.0036564004256883498,0.007288423595560776,0.009332060208404701,0.0074410630373019995,0.007067229051427833,0.0070204335612080665,0.0067391477370175,0.00648415778653315,0.0076153947598462,0.0162272994150384,0.0177397948654468
1614,-0.0034566148132745746,0.00811266719034755,0.010062366226115234,0.007792653965657499,0.007253072028947133,0.0070880397713255,0.006700230210153667,0.00633117904235965,0.00700849772269645,0.0152720888620728,0.0168014547118465
1612,-0.003310476322304975,0.0086416230108721,0.010518033213593599,0.007982589980348566,0.007315553289633799,0.0070699684794710005,0.006603389479251067,0.0061497330316311,0.00649258848169055,0.014571328799717051,0.0161250310642404
1610,-0.0032091806191807248,0.008765755562883075,0.010608061332526933,0.0079872452278286,0.0072620663958296,0.006994123415222067,0.0064926489628114,0.00600503226487465,0.006099759080461399,0.01407565673395595,0.0156533034320453
1608,-0.0031367132992814,0.00856506759723915,0.010399187034507566,0.0078341367076335,0.007115140989571067,0.0068634228442867665,0.006363203248106633,0.00588349002517315,0.0058011041079336,0.013712857458449,0.0153078950656108
1606,-0.003073358911397425,0.008232963320303724,0.010053464143074467,0.00758257870838,0.0068997085633047,0.006667206121869233,0.006183795221337634,0.0057251032781932,0.0055414468365841,0.0134037906458767,0.0150025094681662
1604,-0.002992426569574325,0.007795422691109725,0.0095706935520694,0.0072050501091161,0.006569029276373866,0.0063480305810764,0.0058887944381428,0.005450841272252,0.00524630324667135,0.0130410108258542,0.0146207860274587
1602,-0.00288860960173645,0.007138190898346125,0.008835719149832435,0.0066413861698691,0.006071993018659467,0.005873656444401933,0.005452354960862532,0.0050446740262790005,0.00488644816771345,0.01259975337602615,0.0141420370649606
1600,-0.0027947212887612753,0.0063191755389935995,0.007932377599299233,0.005979237050729933,0.005498814832691633,0.0053478972235943,0.004978550851749267,0.0046154271342738,0.00452898755690815,0.01220370116542225,0.0137128570541954
1598,-0.002739618481362375,0.005549499279470949,0.0070971935281488666,0.005389041636754233,0.0050030907761509,0.004913546122583267,0.004601488674475167,0.0042878255801583505,0.0042526698240093,0.0119552098531706,0.0134534565627973
1596,-0.002709810749533,0.004898024950418425,0.006400442103986233,0.0049150587765712,0.004616271813637566,0.004581375384291867,0.0043283741151901,0.0040667960193981004,0.00404134219407765,0.0117818130411556,0.0132915301113819
1594,-0.0026686178587941,0.004259470469806025,0.005716640440580833,0.004463387269894301,0.004242838362857833,0.0042397894910592,0.0040470790153327,0.00384785526492455,0.00379561364677705,0.0115208754173621,0.0130661364610498
1592,-0.0026066514022416998,0.003599218515066625,0.0049944591527100665,0.003976817257084466,0.0038225644906688,0.003828192462058467,0.0036884278546601332,0.00355543173521005,0.00345547725796525,0.0111416325884497,0.012759941935209
1590,-0.0025439070429336998,0.0030211469373060997,0.004347195285554466,0.0035142207623909665,0.0034110172105812,0.0034188866819754335,0.0033166825679146333,0.0032343052360694503,0.00307487670378615,0.01075724922002095,0.0124783273220286
1588,-0.0024838607836978,0.002562030326045575,0.0038314098864700667,0.0031281290911922333,0.0030679416614873673,0.0030883539358025664,0.0030130172407657,0.0029634068436612503,0.00274524647755525,0.010424301224708051,0.0122242367050093
1586,-0.00242376664500185,0.002159233436821075,0.0033895914373291004,0.0028134501936463996,0.002800378236328067,0.002848782530887833,0.0028005623446407334,0.00278367101848125,0.0025344648064516,0.0101563806582534,0.0119628224614988
1584,-0.002392972294192975,0.0017946409311040499,0.0029977198293245667,0.0025705431442472333,0.002613591148267567,0.0027037190551481333,0.002690362602736,0.00271792740553,0.00247702912050995,0.01004342225865945,0.0118175448263017
1582,-0.0024259973870581,0.001510330254273275,0.0027058858154985666,0.002435550188482767,0.0025451644599999335,0.0026932613590976,0.0027262273679861666,0.00280760970120685,0.00260015341505895,0.0101838318323242,0.0119479500987183
1580,-0.002519770467951975,0.0013310549194306,0.002560926829968367,0.0024519517767195667,0.0026409811726830997,0.0028651289955206,0.0029553129446063336,0.0030969324955049497,0.0029389828007777502,0.0105713045974546,0.0123417899780858
1578,-0.0026179401693044997,0.001243569596088,0.0025498907918468667,0.0026003205274697,0.0028710239992168333,0.0031716815913201,0.0033150629621579338,0.0035170335788535503,0.00341737074819625,0.011014849480310101,0.0127462331061177
1576,-0.0026487035475330502,0.00119465018202185,0.0025673677483312664,0.0027350333368940665,0.0030633300536194994,0.003409511380126767,0.003578674914585233,0.0038244871882439496,0.0037569922553954,0.01121900493335765,0.012848698282252
1574,-0.002627522837738775,0.0011437791813759999,0.0025351639387813335,0.0027563570601989,0.0031146774548400998,0.0034775424346223,0.0036497874352008335,0.00391654012931615,0.0038219137072462,0.01118579371362835,0.0127287238524463
1572,-0.002619495779980375,0.0011235317796017,0.0025188199908220328,0.00275869247431,0.0031395561298475996,0.0035159760390841336,0.0036922390413606995,0.0039668600036662505,0.00380083272246325,0.011158517385710099,0.0126753589655784
1570,-0.0026276310175331248,0.001183991221176175,0.0025981643249963003,0.0028393987952915335,0.003233467839198133,0.003618856841961067,0.0038016942782619335,0.0040719777022407,0.0038286747193861,0.01118278439496995,0.0126982055555062
1568,-0.002610332477354075,0.0012931347981764,0.0027178084004945333,0.0029335589446164334,0.0033109313951376665,0.0036839166595009666,0.0038598726736157,0.004106720865611001,0.003807621383133,0.0111145048092936,0.0126149662985486
1566,-0.0025793614572481,0.0013452806190237501,0.002749821255972,0.0029278676921682335,0.003269548030225967,0.0036252882899887,0.0037846608915924336,0.00400141843237035,0.0036692580596703,0.0109879693152914,0.0124790891659533
1564,-0.002612503782352625,0.0012977864366804249,0.0026911675611859666,0.0028729730524100668,0.0032081174291528672,0.0035875004627131334,0.0037509298116838994,0.003962150160581299,0.003617336840069,0.011104118652741,0.0126262505339125
1562,-0.0027809053532508498,0.001190538474639075,0.0026529810892185666,0.0029417640137232334,0.003348336229090133,0.0038304312856953,0.004050631911099933,0.0043110982581797,0.00400694444605925,0.0117657308161923,0.0133526594244687
1560,-0.00306237924930605,0.001061337282256275,0.0026997068594325,0.003228835708728633,0.0038013227238157337,0.0044612259816056,0.0047983147311013,0.00517344393087145,0.005033886436235,0.0129143751590313,0.014535919992528
1558,-0.00317075694828955,0.000889062068172825,0.002627636710947533,0.0033658980594709668,0.004069658428769133,0.004833485246717533,0.0052521714637609,0.0057191970731145,0.00581207695238645,0.01338234202978745,0.0149301867674526
1556,-0.0029589636657187,0.0006716969630947999,0.0022658840390134,0.0029731516857694333,0.0036312880178435334,0.004312502854530667,0.0046864503207627,0.00512246264835795,0.0052597670843703495,0.0125068921686236,0.0139646603047251
1554,-0.002740298093412825,0.0004838358681081,0.0018954609229811668,0.0024955251702510335,0.0030641887826042004,0.0036309841148703336,0.0039344690445153666,0.004305000997787,0.0043293760451893,0.0115756189915928,0.0130106553162672
1552,-0.002623940000336975,0.00036432150735215,0.0016739705280374335,0.0022177147939416004,0.00274372533645,0.0032417246054731994,0.0035092414436339995,0.0038405574350863,0.0037294715608168503,0.01107405372859695,0.012506508314369
1550,-0.002573033853794425,0.00031141152917267496,0.001587456130589967,0.0021254839036139333,0.0026507121090473,0.0031207380497309,0.0033823010974559334,0.0036980145795887003,0.0034720637697873,0.01085692708196935,0.0122817714618333
1548,-0.0025882676771479003,0.000294562469617325,0.0015858425846635665,0.0021570912977334667,0.0027096056950561332,0.0031949077468588333,0.0034736754493721335,0.0037944179402599,0.0034924494465976997,0.0109094219876242,0.0123467263589449
1546,-0.00271289377223555,0.000288257165112675,0.001651081986411,0.0023062904488492663,0.0029188735619525667,0.0034764371224684336,0.003801181864293134,0.0041594576063045,0.00384248298090915,0.01139670440722785,0.0128906254712424
1544,-0.00295541163122205,0.00031821981914610003,0.0018239289580819333,0.0026256183870243667,0.0033384772267617997,0.004026239764654933,0.004430502589163701,0.00486783406636195,0.0046175834069662,0.01236586786718885,0.0139328080115967
1542,-0.0031630524018409754,0.000429511680458875,0.0020899777807478,0.0030359511193468664,0.0038403339072985,0.0046538186818622,0.005131739011591,0.00565099395200205,0.00552335824824195,0.01321855083185675,0.0147861579755919
1540,-0.00304761061872815,0.0005227190334057749,0.0021703933735699996,0.003096364845424067,0.0038677977846314666,0.004664378254236667,0.005117098345345134,0.0056221303640312005,0.005517058174575,0.012770793136273651,0.0142302028594953
1538,-0.002785100375305625,0.000455909845886875,0.00196668961886,0.0027733762936301997,0.0034464552790329666,0.004135249931629501,0.004507643180182633,0.004938243385752749,0.0047154811599876,0.011698579320897,0.0130909406040704
1536,-0.0026698823150975996,0.000324037454416,0.0017547933261167334,0.0025089212639056334,0.0031403584278594,0.0037669007081186667,0.004102136680726999,0.0044976813374086495,0.00416607864920605,0.0112105444479303,0.0126202943474737
1534,-0.002652279350977025,0.00021968011645670006,0.0016245289540552665,0.0023767296889287,0.0030053127613779,0.0036061282417168667,0.003937652659630667,0.0043287434892361,0.0039452213129105,0.01112220002980275,0.0125688989788014
1532,-0.0026231317880996254,0.00015598948175767505,0.0015262949355071666,0.0022622671814727,0.0028747982838635664,0.003444365093664033,0.0037663780318353333,0.00414453397034685,0.0037421504713351502,0.01098853806566685,0.0124582227537784
1530,-0.0025878932814943746,0.00011545002085465005,0.0014416893911969667,0.0021462987526733664,0.0027299766976650332,0.0032707312473366,0.0035731581688972,0.0039290402670718,0.0035203282648747997,0.0108307730844887,0.0123167657876691
1528,-0.002628392324621625,9.4890670607625e-05,0.0014256209516475,0.0021391360363934332,0.002727601080064033,0.0032842268267021,0.0035885529530453666,0.0039462904829498996,0.0035566878084815,0.0109950475657775,0.0124981667864444
1526,-0.0027700179511984248,0.00011729704489045001,0.0015352266776258667,0.0023257306626672,0.0029763649239175996,0.0036124211620596,0.0039609432273555,0.0043614253290877,0.00403659182733685,0.01160344130214855,0.0131076737948537
1524,-0.002942406165599,0.00019455589662677498,0.0017522297485186333,0.0026544146495728334,0.0033948066665219997,0.004146572729380867,0.004566165351250834,0.005029377397322499,0.004795462806196251,0.01237042048163995,0.0138462296403889
1522,-0.0030382848068660753,0.000268703993920475,0.0019304046522208333,0.002908489670267233,0.0037017355796324664,0.004540318575866467,0.0050117754271980335,0.0055150340608598,0.005336088413570099,0.01281575369876975,0.0142659040688277
1520,-0.00304580232308245,0.0002551265893407,0.001930725333535533,0.0029260202768750334,0.003717171987326734,0.004586098932822766,0.005069618824539033,0.005579664772068,0.0054220999265411005,0.01284982196313805,0.0143101073011637
1518,-0.0029899860058333503,0.00014369446579212496,0.0017460597238233332,0.0027115741774377,0.0034674276774765,0.004327676478114133,0.004794994129918333,0.0052900365342667,0.00518211348000585,0.0125917688558066,0.0140651241021721
1516,-0.002873730002601775,-1.8316382537425014e-05,0.0014498094899516331,0.0023420173188822666,0.0030401347885250334,0.0038632688557813668,0.004293911631119599,0.00475414989786435,0.0047113308076638,0.0120868505441167,0.0135526154252788
1514,-0.002797819607882225,-0.0001565398725349001,0.0012140490542441333,0.0020485818985796,0.0027080865915671336,0.0035070836764041,0.0039118756118078,0.00434680354855125,0.00433431624280585,0.0117654641720254,0.0132392575397309
1512,-0.0028981251558573753,-0.000210232059107325,0.0012048991518325335,0.0020819391999737334,0.0027800209147319332,0.003631017893665067,0.004067322272998434,0.0045310689729527,0.0045356715556903494,0.0121894535381229,0.0137159407436286
1510,-0.003192320444454425,-0.00013390830838974995,0.0014889449235926666,0.0025306170014395665,0.0033599089298185334,0.004358914101096167,0.0049009007352266995,0.0054575069090948,0.0055274099729123,0.013431330741375501,0.0150284005719044
1508,-0.00339955071473715,7.456671364977505e-05,0.0018892595144723667,0.0030697596971516333,0.004012009556772066,0.005126875595306367,0.0057642378954764996,0.00638991271326535,0.0065544467824339,0.0143093671292333,0.0159043092822978
1506,-0.003078902269677275,0.00018755728448687498,0.001830739479211067,0.0028521052547048,0.003680749842405734,0.004639887365717733,0.005188526736965467,0.005712972005859,0.0058236364097757,0.01294900283139295,0.014437820739254
1504,-0.0026372376391866,7.972446068889999e-05,0.0014077283632101666,0.0021727808454837,0.0028111801150951334,0.003528695560949067,0.003919012405862867,0.0043007042732863005,0.004239409604611,0.0110596626586406,0.0124948792324374
1502,-0.002476785160990125,-6.171071125847505e-05,0.0011182131023730333,0.0017763207091555666,0.0023348087681355,0.0029464425657853336,0.003267185403926133,0.00359755916844205,0.00341460093100315,0.010352344057200001,0.0118144737818989
1500,-0.002494231540329175,-0.000144478225890425,0.0010177662054003998,0.0016779069487140002,0.0022345322315383666,0.0028383973565065668,0.0031580365268794666,0.0034957115880011004,0.0032613494872027003,0.010397599536411749,0.0118996543183307
1498,-0.002492597492519125,-0.00017286461076834993,0.0009784233422611666,0.0016435374948501,0.0021970876733682335,0.0027937564297762997,0.003113749601676267,0.0034526100378366497,0.0031883179528577497,0.01036532841150705,0.0118719639777629
1496,-0.002403749914238575,-0.00017896533797554998,0.0009151306277590332,0.0015393312121536335,0.002062303707293133,0.0026073243635467334,0.0028971543706034,0.00320877764960085,0.0028899239454235,0.0099678304104251,0.0114538891932787
1494,-0.0023639614344179247,-0.00014183508382552499,0.0009354855424932333,0.0015315968158860667,0.0020494955154626666,0.002556942981875267,0.0028274160788734,0.0031268528593743497,0.0027462233676427,0.009782722375578,0.011269385042064
1492,-0.0024602857529494003,2.7802049932074997e-05,0.0012015118084279,0.0018163494040832333,0.0023769969906799666,0.0029038721453643,0.003195168201407,0.0035199393008086503,0.0031100891058724,0.010186413406628101,0.0116986676086591
1490,-0.0025930028654319,0.0003842784137737,0.0017108041767404665,0.002317768807914333,0.002905115681862233,0.0034591134937310996,0.003772211816492633,0.00411819652148285,0.0037168513227684996,0.0107695557829889,0.012297570818474
1488,-0.0025760800182858,0.000798035032366925,0.0021802386557947667,0.0026512454666748,0.0031657384568801335,0.0036683086551451,0.003938579631027434,0.004242761624350199,0.0038532239799833,0.01074307647161125,0.0122501248564468
1486,-0.00241469325975315,0.001088141311402075,0.0023989769808875332,0.0026450682475365334,0.0030187606540048664,0.0034083768125302,0.0035853388214668667,0.0038021226189362003,0.0034020585867542003,0.0101109546346487,0.0115757776395572
1484,-0.0022662779400385,0.001276175296612675,0.0025075253406920666,0.002551632845615733,0.002803169887728067,0.0031026018741394,0.003199161952774067,0.0033398794675674,0.0029210059376499,0.0095332101564994,0.0109579912503504
1482,-0.0022099825873759,0.0014234008678215252,0.0026373961623846667,0.0025573109634413334,0.002739012273202333,0.003005647548638333,0.0030610101572513333,0.003159553547573,0.0027304289920265,0.0093403961739695,0.010739016224968
1480,-0.0022539196953736754,0.001508146935528025,0.0027654518910925,0.002657889083240833,0.002828185090021467,0.0031147596479865,0.0031692251328951336,0.0032630689202594997,0.0028390390642020003,0.0095502700241685,0.0109514504623005
1478,-0.0023911270772805004,0.0015209574297149501,0.0028715756385809,0.0028306108880842666,0.003049336195230567,0.0033993666574782667,0.003492153223527567,0.0036188092235874,0.00321927404000895,0.0101255477709939,0.0115644124302769
1476,-0.002591145680050725,0.00153981490096575,0.003034424598522267,0.003118890210760967,0.0034288268154716,0.003873928296077267,0.0040370421461796,0.0042211886592008994,0.0038563281039044,0.01095887400204245,0.012448359654117
1474,-0.0027336363680635495,0.001651165812357625,0.0032891445500835997,0.003467420865000933,0.0038450231906552667,0.0043630142581016,0.0045865378255949335,0.0048083247976876,0.0044380722557936,0.0115748888210331,0.0130842856342146
1472,-0.00267215118510735,0.001797811973333575,0.0034551617304979664,0.0035899241668469668,0.003930360917106967,0.0044170521675663,0.004626846603372633,0.0048185504801358005,0.0043535517314263,0.0113480395531113,0.0128379944653173
1470,-0.0024958591717543005,0.001879031332693125,0.0034369760771612665,0.0034237441859979335,0.0036570239411769334,0.0040398994414266,0.0041804937423975995,0.0043048306324831,0.0037143014883696,0.010618748894342101,0.0120991886834386
1468,-0.0023793048221333497,0.0019425485634963248,0.0034103041397618,0.0032448029513611333,0.003383821484742467,0.003689204301635467,0.003772418388357466,0.0038446219263898003,0.0031751589932572997,0.0101322519622748,0.0116303340118428
1466,-0.00235328006669345,0.002036313798475675,0.003482599236312767,0.0032052645789134005,0.0032870310635980666,0.0035794624614414335,0.0036403519006163996,0.0036842033995419,0.0029853609191134002,0.0100464567704679,0.0115656200587994
1464,-0.0023726968277966,0.002089191950740575,0.0035644325785461335,0.0032430768937684665,0.003305287866766467,0.0036360090710774663,0.0037023379227418,0.0037362026733203,0.0030208856480348004,0.0101676849184648,0.0116978445079798
1462,-0.0024248332980603003,0.002008292933766375,0.0035370331765006004,0.0032647543436899336,0.0033530862087402667,0.0037491869417842667,0.0038441821799749336,0.0038931613139826,0.0031601407680791,0.0104096607388011,0.0119554895273996
1460,-0.00255067913604165,0.001809070807987275,0.003434874989208,0.0033083253059540004,0.0034738316828416666,0.003961278625443001,0.0041197232741310005,0.0042205311613105,0.0035225493606945,0.0109373883205965,0.012515923966469
1458,-0.0027289542040098,0.001552599761711375,0.0033268266361997667,0.0034015133209731,0.0036624503640610997,0.004258522461642433,0.004512190478940767,0.0046853239523651,0.0041574010160226,0.0117017866827626,0.0133060235379771
1456,-0.00274615631268595,0.0012719688936431999,0.0031178206555832334,0.003298552210987267,0.003568891640720233,0.0042014054739996,0.0045038307048216,0.004693067517872,0.0043946153608959,0.01183859651122245,0.01342413330837
1454,-0.0025157347874563,0.001011025793361625,0.0027536025488797667,0.0028554528569951,0.0030234879372171004,0.0035766553401464334,0.0038253871679841,0.0039443209124286,0.0036902861574491,0.0109325716591716,0.0124881104455771
1452,-0.0022787395398561,0.000795284534296575,0.0023993144395783,0.002378896228054966,0.0024457213724663,0.0029138572426659673,0.0030867325874492997,0.0031291608353843,0.0027651640673888,0.009960026835784251,0.0115184071288003
1450,-0.0021456796315162,0.0005967976295616999,0.0021138609302335663,0.0020226226097996,0.0020337683245099,0.0024677134368319667,0.0025973335001035665,0.0025968441931034,0.0021500017196284,0.00940913122976895,0.010984205968518
1448,-0.0020607339026053,0.00036515355258562505,0.0018039220211221,0.0016856486371674333,0.0016625964176977665,0.002081367106285433,0.002191599571116767,0.0021721190699606,0.0017693946987621,0.0090581750491181,0.0106338122554671
1446,-0.00195743455704895,8.586011761670001e-05,0.0013981903860258334,0.0012607919127418333,0.0011983675315787666,0.0015734297358371667,0.0016641754953101,0.001632414281646,0.00136082178728695,0.00861289279749295,0.0101774815732404
1444,-0.00187229191421505,-0.0001734893389331133,0.0010113068111867664,0.0008617689058867667,0.0007674660879641,0.0010895581477571,0.0011654295331640998,0.0011279364631791,0.0009468589734315999,0.0082208702715361,0.0097942022338421
1442,-0.0018814841433305498,-0.0003417129489303501,0.0007977036565572666,0.0006786623902129333,0.0005929211549496001,0.0009086656298306,0.0009997065220719332,0.0009778948713576,0.0008236546488006,0.008221297077344099,0.0098230080363256
1440,-0.0019973181693222998,-0.0003920707051901,0.0008001494563562667,0.0007757954288962667,0.0007563590485862667,0.0011287593588346,0.0012739040302339334,0.0013004023478961,0.0011752111588126,0.0086839305496796,0.0103002930877096
1438,-0.0021464542946562,-0.00034983383236274993,0.0009329323852876999,0.0010382134683337002,0.0011234966135647,0.0015765840988957002,0.001788354407291367,0.0018861526778207,0.0018322094283762,0.0093099105839942,0.0108973890371387
1436,-0.00222358438130945,-0.0003068628564064501,0.0010136764695942667,0.0012115820935269667,0.0013779780778733,0.0018731871154766665,0.0021167765418156665,0.0022709549121794,0.00229084765789095,0.00965397555753595,0.0111868335036269
1434,-0.00223170622876245,-0.00031122051469824997,0.0009887828419495334,0.0012234884697135335,0.0014166623327855332,0.0019119953405175333,0.0021490017284135333,0.0023221231550312,0.0023667504651852,0.0097117724383817,0.0112129822717032
1432,-0.0022353874003877253,-0.0003190524712658,0.0009532903306097334,0.0012059103038854,0.0013991387530794001,0.0018892245845017334,0.0021135755789757666,0.0022813448485909,0.00230852472541445,0.00973404311032245,0.0112394496878034
1430,-0.0022403993093285,-0.0003095210135955973,0.000939568537454,0.0012012041491093002,0.0013906019750549667,0.001879219643414633,0.0020966574531580003,0.0022497404521581,0.00223550608151965,0.0097306868134232,0.0112617143528266
1428,-0.00223049392030235,-0.0003128239436061542,0.0009105138692296332,0.0011613482888009668,0.0013452464000956333,0.0018312990760709668,0.0020401535143219664,0.0021776318926598004,0.0021052415755358003,0.009640857139092799,0.0112062271627333
1426,-0.0022323330847401,-0.00033430580580815004,0.0008817716817129667,0.0011143593167362998,0.0012949184425316335,0.0017876705326059668,0.0019860612501706332,0.0021162487951003,0.0019905204657718,0.0096066072425098,0.0112079724772193
1424,-0.0022847667164081,-0.00033074711791739996,0.0009263073435723,0.0011619071132936334,0.0013518787003423,0.0018737820610952999,0.0020716890828092996,0.0022095429260352998,0.0020747916041038,0.0098143694440153,0.0114468992479883
1422,-0.002373178379787,-0.00027568742247130907,0.0010628240531217333,0.001330135080073733,0.0015427556399423999,0.0021073997350457333,0.002322686173428733,0.0024792498978309,0.0024089285329874,0.0102000345782599,0.0118489635572064
1420,-0.00242004054800375,-0.0002106719321380469,0.0011895708805069332,0.0014858665367166,0.0017101133574499335,0.0022997476761828996,0.0025373489395082998,0.00270540096677495,0.0027464982424194,0.0104152287262799,0.0120559574078619
1418,-0.0023698155807682503,-0.00019523693882006777,0.0011890396859845667,0.0014685162152328999,0.0016628967516865666,0.0022380614142079,0.0024728970382399003,0.0026259351703904,0.0027297458558559,0.010206337349963901,0.0118222836716239
1416,-0.00226996759113975,-0.00021019728732556215,0.0011024480219142332,0.0013202147842942332,0.0014521841696059,0.0019858319565449,0.002184534198815567,0.0023018790477309,0.0023605292216449,0.0097733559453074,0.0113758796698169
1414,-0.002190616616242025,-0.0002040818948628524,0.0010395608023795997,0.0011858712479283333,0.0012603911867046333,0.0017436790685056668,0.0018972655646396668,0.0019809114336366,0.0019314226925015998,0.0094178531220177,0.0110345586199447
1412,-0.00215610072441335,-0.00016600558495265082,0.0010387672715383,0.0011298199132589667,0.0011770163384649667,0.0016096728921243,0.0017342875070756334,0.0018014109930998001,0.0016510454318338,0.009243930757709299,0.0108957195994723
1410,-0.00216866846408735,-9.946591033617501e-05,0.0010993135181694667,0.0011611667550747997,0.0012164918331854667,0.0016098393509398,0.0017304258209401334,0.0018013903785533,0.0015936652631033,0.0092654773188658,0.0109566248440748
1408,-0.00221410969876635,-2.878346990175032e-06,0.0012105786240409666,0.0012661775862339668,0.0013532962138099666,0.0017297154844236335,0.0018626298057549666,0.0019504759689242999,0.0017214462667723,0.0094303035652343,0.0111506401827823
1406,-0.00225616446994525,0.00010652720752242503,0.0013320731814559,0.0013931211758912334,0.0015132860180489,0.0018906326101728998,0.0020341765340665665,0.0021391176719524002,0.0018850493057028998,0.0095864134021699,0.0113222364594809
1404,-0.00228015150810605,0.00020049991417462498,0.0014314756271422667,0.0015076756887392668,0.0016525651086112666,0.0020360941419852664,0.002181339193885933,0.0022997468562591,0.0019889039330316,0.0096640475218366,0.0114093336210216
1402,-0.00233015331901335,0.000296803873826325,0.0015614578537176333,0.0016763605424842999,0.0018553509025463,0.0022541569258099667,0.0024060724016423,0.0025455393917758,0.0021659040840653,0.0098464254296498,0.0116013248257063
1400,-0.00244831254189725,0.00045068951123992506,0.0018073707136280666,0.0019899474888647336,0.0022317067578114,0.002668713822373067,0.0028485842047937335,0.0030261327343729,0.0026048838613364,0.010319658123505899,0.0120785863928964
1398,-0.0025829588606696,0.0006514295014288249,0.0021192684523961332,0.002370423202174467,0.002687024114175467,0.0031745032665041334,0.0033972143171704665,0.0036184255173668,0.0031911807541413,0.010872807242930299,0.0126177310830958
1396,-0.00260957890252095,0.00076492656025595,0.0022635158032682998,0.0025409908945889,0.002894998625845,0.0034038003589622334,0.0036533111787976,0.0038976448187330003,0.0034655690968934502,0.01097415886476745,0.0126863944401429
1394,-0.0025108702466935997,0.0006950531287330749,0.0021167945154574666,0.0023831356946651333,0.0027234185865988004,0.0032102408013601337,0.0034546981463424668,0.0036983058298393,0.0032379030093077996,0.0105429368107258,0.0122228557323828
1392,-0.002410948129650475,0.0005288561383234749,0.0018545647178396334,0.0021209916731836664,0.0024419450497736666,0.0029020232138942666,0.003131392657933,0.00337571157396795,0.0028920850722819504,0.0101141774115805,0.01177443065403
1390,-0.0023882774174931003,0.000388304884115825,0.0016686909135538,0.0019679406049128,0.0022981980346151332,0.0027572907729714667,0.0029840548508731335,0.0032441818644072997,0.0027839656093893,0.010038971470341801,0.0116831161055568
1388,-0.002408500272694175,0.00029837164524375005,0.0015724767108508334,0.0019143700491357667,0.0022702900068691666,0.002743415698554467,0.0029780629202287665,0.00325619994752645,0.002872019666926,0.01017613460615295,0.0117957075800635
1386,-0.0024010108577128,0.00021199752119012498,0.0014708104137477666,0.0018303582871410998,0.0021948065166954335,0.0026680011370084334,0.0029046335500587665,0.0031824551500601,0.0028804573535041,0.0102016299928576,0.0117946285434121
1384,-0.00235353962460555,9.483760172487502e-05,0.0013166202833419334,0.0016617444355026,0.0020066109977446,0.0024611837005179336,0.0026883555726506,0.0029459135477236,0.0026735195257631,0.0100333362371431,0.0116191106002226
1382,-0.00230318432812055,-3.959417527587506e-05,0.0011565547473191002,0.0014694083534761001,0.0017789747698154334,0.0022192000848101005,0.0024365543574904336,0.0026666619156121,0.0023725884936976003,0.0098366213315126,0.0114419213186821
1380,-0.0022626210556491,-0.00015286299577192496,0.0010628189445366332,0.0013199785630856333,0.0015751742841783,0.0020213363767682996,0.0022363121520996335,0.0024326614859248,0.0021335927644483,0.0097095522207013,0.0113436600327713
1378,-0.0022128757053639,-0.000158351340727475,0.0011407347366441665,0.0012821885262358334,0.0014362035675981669,0.0019012934789848334,0.0021131836933735004,0.0022545407314345,0.002049276297102,0.009617330653145,0.0112578502863495
1376,-0.002152943725135775,0.0001021746556916999,0.0015500115974546333,0.0014939435455506667,0.0014949801916249999,0.001966620249822,0.002157093733807333,0.00221798483395965,0.0021947479115277,0.00954803743522915,0.0111468928685576
1374,-0.0021230152250453,0.000651903659086375,0.0022638335080046,0.0020059213670146,0.0018773718312762666,0.0023227619887496004,0.002472811079753933,0.0024661817846185997,0.0025359346549371003,0.009569366044126601,0.0110946324997116
1372,-0.002145966280209875,0.0011782384855035751,0.0028857823113844004,0.0025498618204934332,0.0023972810852140665,0.0027976790152334,0.0029154100431634,0.00289934972115325,0.0028659638529662497,0.009686509345480251,0.0111576387565088
1370,-0.002205694924899925,0.0014097439984122502,0.0031268954150795,0.0028572876491847997,0.0027712240655204667,0.0031412009631154665,0.0032549135091568004,0.00328182071889945,0.00308273161312095,0.0098594894505274,0.0113188538032904
1368,-0.0022912481532889,0.001378723935604025,0.0030671012642485003,0.0029455901824095,0.0029655726951114997,0.0033399804992745,0.0034776354947175,0.003571241789944,0.0032730360599940002,0.010107669963210001,0.0115850221421695
1366,-0.0023914817650802,0.00123642718959595,0.0029010688057954336,0.0029493293934031,0.003086271657679067,0.003499883792837067,0.0036807628972697665,0.00384473637575045,0.0035029197044933996,0.010419863484382449,0.0119241989445564
1364,-0.00246895880883625,0.001091939618848675,0.0027426766686724,0.0029357554427730664,0.003180227774169067,0.0036455514246237337,0.0038727514154247335,0.004095144424026901,0.0036881324584564,0.0106530051871804,0.0121737721674614
1362,-0.0024789457021508997,0.000973599027284525,0.002592260722104,0.002870162780208,0.003185756797237333,0.0036790066274346666,0.003932587139076333,0.00418646908467,0.003669949340701,0.010625029347255,0.012141631142639
1360,-0.00242765183465505,0.0008731869726111251,0.0024275597072686,0.0027277747798262666,0.0030640268268226005,0.003545031811519267,0.0037941852285209333,0.0040492047294806,0.0034472071342941,0.0103595656470021,0.0118599716571786
1358,-0.0023680046536986004,0.000819054162814075,0.002308167384126633,0.0025956155675023,0.0029161058754066335,0.0033620934395646334,0.0035880905050973,0.0038246024861012997,0.0032068652247768,0.0100739549162403,0.0115597649304253
1356,-0.002337010757177025,0.0008670463431184501,0.0023336296759938,0.0025979941022488333,0.002888452339097533,0.003297757397937133,0.0034991470823504665,0.0037099049943938,0.0031033398378426,0.0099267108780968,0.0114006680670678
1354,-0.00233693498809165,0.0010214915352512,0.0025210782050527,0.0027638173377902,0.0030253812052954666,0.0034035740460391668,0.0035875163991460333,0.00377515051973335,0.00314949286003245,0.009934099520464399,0.0113929993791893
1352,-0.002350833979472275,0.0011888735635008502,0.0027435105042251996,0.0029722368276740665,0.0032159229131235333,0.0035693275371378665,0.0037437533166632,0.0039189745472641,0.0032470549596863504,0.010018928221224951,0.0114596411745872
1350,-0.00235764066521385,0.001245384440554325,0.0028237010097226334,0.0030484737447140334,0.0032882475801823668,0.0036241412426381,0.0037941655940383,0.0039687951940496,0.0032670557791768,0.0100691088670229,0.0114964098809626
1348,-0.002351471533138125,0.0011656701298096749,0.0027190637274192996,0.0029507564823268335,0.0031965681142525335,0.0035235987494532,0.0036928477397096334,0.0038725580364936,0.0031706462942438,0.01003871551601375,0.0114641976897105
1346,-0.0023578748141975248,0.001045892573777475,0.002567908612557033,0.0028246159760127332,0.0030857229440552666,0.0034174266812902004,0.0035937610887175,0.0037821754748261,0.0030870602682207,0.01003749050360215,0.0114725750261586
1344,-0.0024153676228153,0.0009943712020909251,0.0025376949827261666,0.002849616471013734,0.0031431203047170334,0.0035027440432121334,0.0037011621123680667,0.00390918609078645,0.0032247970985867496,0.01025009000717945,0.0116995975358632
1342,-0.00252339101507165,0.0010278428354193502,0.0026558885379895,0.0030502325026732333,0.0033943168765912662,0.0038060323470509336,0.004039188916750767,0.0042809767745042495,0.0036397830355647497,0.0106963085906301,0.0121538886993275
1340,-0.0026120481056581,0.0010707364177021,0.0027828302769079666,0.0032491766087833335,0.0036361418795932666,0.0040962875169255,0.004354857774586667,0.004627339414494299,0.00406758757017375,0.011084645018107901,0.012534792256975
1338,-0.00259981087520625,0.0010436182166505248,0.0027544067012506,0.003230650575858,0.003614313072498867,0.0040747607964778994,0.004323248926539333,0.004595766016854351,0.0041031893252512,0.0110510251708531,0.0124855001789332
1336,-0.002502860592980825,0.0009516382479566,0.0025748517920720668,0.0029970517555984667,0.0033323901791140666,0.0037405322199856998,0.003950228838983533,0.0041915374084905005,0.00370517493584245,0.01064300071504135,0.0120751302799441
1334,-0.002411283903165175,0.0008533747331961,0.0023817876753238335,0.0027402222255148664,0.0030258013835070667,0.0033750949198830663,0.0035523750888118663,0.00376025215996355,0.0032460142556136,0.010246514553357199,0.011695331761393
1332,-0.00236962160401825,0.0007796020122695749,0.0022617191872253664,0.0025909343406415996,0.0028551747437405663,0.0031762603818923664,0.0033471746803753998,0.00353975836702535,0.0030146662108788,0.01007086907101325,0.011536053355317
1330,-0.00235782345387945,0.000729019449258525,0.0022112048350559667,0.002549353103763467,0.002814878372193267,0.0031362283920558,0.0033173423190342335,0.0035102537051516997,0.00300125516826735,0.010039595796606751,0.0115019877305982
1328,-0.0023508183294847747,0.00069819503929075,0.0022016456625688664,0.0025673734952537668,0.0028374659629979335,0.0031657025433213,0.003355204887863667,0.0035536075337814,0.0030571287094461,0.0100297417461527,0.0114768855746184
1326,-0.0023560164430242,0.0006885832400360501,0.0022237036700344,0.002622434786371633,0.002894417912402967,0.0032275811343905336,0.0034208849304183334,0.00362757640271345,0.0031138900554486502,0.01004984017760965,0.0114927673002476
1324,-0.0023892425198271247,0.0006984393472011751,0.0022812319621756667,0.0027209892319189333,0.0029992411258210334,0.0033456773037558664,0.0035496490106111667,0.00377132032822275,0.0032170411871203,0.010167112839877451,0.0116232209444886
1322,-0.0024413908133935247,0.00072048850705035,0.0023651047086470666,0.002855092132250967,0.0031447799270134997,0.0035186643772051,0.0037443980138339,0.0039859456280225,0.00339165205356115,0.01036208757090075,0.0118323645122276
1320,-0.002486308824024475,0.0007412132192137,0.0024428289059848,0.0029787135301175337,0.003274661472923167,0.0036779210409818,0.0039257695516645005,0.00418304132334825,0.0035709488491491997,0.0105335857400057,0.0120086671276277
1318,-0.0025087498473312505,0.0007434674909231999,0.002479135483135433,0.003040090632461167,0.0033287499356646003,0.0037454054669043995,0.004004260838130466,0.0042669478007593,0.00367048305126815,0.010607231009878149,0.0120885899951411
1316,-0.002510135510901225,0.000725569231001075,0.0024754431014441668,0.003040086738039333,0.0033092363659669335,0.0037169101036017,0.0039764266144974,0.0042367376340955495,0.00368051873469675,0.0105838626893744,0.0120807661280359
1314,-0.0024939808420459003,0.000716629120169175,0.0024804031007910335,0.0030404428111794665,0.0032824910147625664,0.003664060729908067,0.003920782856956633,0.00417653107392595,0.0036487106243242497,0.010495008669427649,0.0120015381253557
1312,-0.0024633965823013496,0.0007503288444270001,0.0025425923814380333,0.003101001494396434,0.0033125478173199664,0.003661192305664633,0.003914922059177466,0.004167348103477251,0.0036102019147357,0.01036965365719805,0.011865392342525
1310,-0.0024274819984146253,0.000814631735833575,0.0026447165233759,0.0032069136369672,0.0033912280713953337,0.0037122952779166003,0.0039633958413169,0.00421528077443925,0.0035621883640696997,0.010233363069795349,0.0117129260329467
1308,-0.002397372535045875,0.00085078321628955,0.0027058309851417666,0.0032743991326516335,0.0034418885118405,0.0037489407144712336,0.003999188168901033,0.0042532428436027996,0.00348876958009925,0.0101053459543814,0.0115914300191416
1306,-0.0023803796480953753,0.000817280132390975,0.0026664164653597,0.0032409226715264003,0.003403856381237734,0.0037094966922071333,0.003961675206735766,0.004218647008174,0.00339784698437045,0.0100101540077198,0.0115282007850852
1304,-0.0023808826511475248,0.0007381008036850251,0.0025562759449163,0.0031356947678877005,0.0033031925059895336,0.003614555460311633,0.0038710664340898334,0.0041302635181696,0.0033293554420072,0.00998741779780295,0.0115361027082323
1302,-0.00239663444879505,0.000668873333995525,0.0024539259926892334,0.0030391669023256004,0.0032173404478537,0.0035407211644457003,0.0038040863478774334,0.0040661568241727,0.00331360984435935,0.010045069066127,0.0116008385379452
1300,-0.002412667485060425,0.0006277838197027749,0.002388805123618933,0.0029817075391431335,0.0031750721685185,0.0035194308793162,0.0037921047136505333,0.0040591557343776005,0.0033273952986073497,0.01011182078801915,0.0116575702616643
1298,-0.0024126472365185252,0.0005931646140996,0.0023302520877773003,0.0029286528299916664,0.0031383889500319665,0.0035089595627252,0.0037897791524378666,0.0040620104396051505,0.0033234162439405002,0.01010295755495335,0.0116422088380096
1296,-0.0024022654804509,0.00056114133388035,0.0022702419398182,0.0028657506768883997,0.0030884647968218667,0.0034793941066447996,0.0037619192658977,0.0040365724375151495,0.00330555823492845,0.01004570577464425,0.0115911079957918
1294,-0.0024082734276992,0.0005643993508377999,0.0022582255799545995,0.0028415637679132,0.003072718776535833,0.0034713440041220004,0.003749122980621033,0.0040238651728983,0.00333558761277565,0.010070266251631248,0.0116271596201372
1292,-0.00244421200314485,0.000625131307191375,0.0023302176701104336,0.0028963281893563332,0.0031332348233681,0.0035298722662895003,0.0038019467676504996,0.0040764574546417,0.00344338558483215,0.010237674322613799,0.0118009312128742
1290,-0.0024893265025495255,0.0007271751976182,0.0024545950455517,0.0029972509953073,0.0032354104775040335,0.0036240444209673667,0.0038919807578161997,0.00416417536249895,0.0035688658853987,0.01044215243617375,0.012003431722591
1288,-0.0025114834430393996,0.000854010797547125,0.0025875140310435,0.003089591480457933,0.003316980485571233,0.0036895458425691002,0.0039505356853866995,0.0042134818234892,0.0036274393383588996,0.010529821072051599,0.0120842052644608
1286,-0.00250352358533385,0.0010253346643072248,0.002749814213623933,0.0031867243963879,0.0033850733452680665,0.0037326574802244335,0.003979590876289634,0.00422477024548015,0.0036161367799794498,0.01047658779000255,0.0120232102239323
1284,-0.002485372518470625,0.0012590135813911251,0.0029903355074915334,0.0033495525633489335,0.0035027307622413663,0.0038233198238104664,0.0040520768708308,0.00427506232399535,0.0036115572189593,0.01039203963668055,0.0119302366647182
1282,-0.00247671954350655,0.001503767855207525,0.0032762196709348,0.0035738244565327,0.003676435918116733,0.003976955010114166,0.004191133712299633,0.004394005454133,0.0036665869788227,0.0103748020072353,0.0119028583413893
1280,-0.002483569782625575,0.00165156872057645,0.0034829704345158002,0.0037603301082407663,0.0038226913645260665,0.0041127879175647,0.0043217588594524,0.00451364858482005,0.00375853455489385,0.0104377700435139,0.0119583098229034
1278,-0.0025066065034114998,0.0016450391743704248,0.0035303517033919,0.003833010406397133,0.0038788257812140334,0.004164854081660866,0.004378983706700267,0.00457555904083175,0.0038465681038879,0.010556528640293751,0.0120812401504796
1276,-0.0025471404634942497,0.0015565182731104251,0.0034971759322028335,0.0038535814324392004,0.003907020469892867,0.004191164650208501,0.004417717863600433,0.0046353418681283,0.00394139843793805,0.0107226603711621,0.012267097042156
1274,-0.002601397067363775,0.0015306010679990499,0.0035545264322015004,0.003968215529563334,0.0040376107918635,0.004318716363002167,0.004559352768953333,0.00480444257675635,0.0040850481240553,0.01092803171617545,0.0125022621830324
1272,-0.0026554793698007,0.001656814383342875,0.0038007862425937003,0.004253807372603967,0.004326011293103033,0.004599254741548833,0.0048504579544337,0.0051138440541903,0.0042749238028065,0.011126259096847651,0.0127338961312906
1270,-0.0026895457460841504,0.00190919101911765,0.004189964734695466,0.004653812550326166,0.004705195280209233,0.004963375577716633,0.0052209686718255,0.00548559641161585,0.0044444064552499,0.01123758081639765,0.0128797082811789
1268,-0.002687334323158275,0.00220306998902335,0.0046166727067573,0.005068912978336966,0.0050819009026354,0.005320017637204467,0.0055837512583309,0.005839042030899799,0.0045376420301981996,0.0111996107503054,0.0128684395119226
1266,-0.00264579216704525,0.0024890230407706,0.005034191060044566,0.0054693749786571,0.005436670385296667,0.0056558529642789,0.005927809185746434,0.0061742766425012495,0.00458527229983155,0.01101897474326875,0.0126852753617426
1264,-0.002583246260217175,0.00277271962943315,0.005461508087813434,0.005884670669835667,0.0057995824967610006,0.006006003040244033,0.006284566222310733,0.0065253213501926,0.00467778685718555,0.0107864841304238,0.0124090918301127
1262,-0.0025362643704946,0.003065168217196575,0.005909229115894701,0.006319930023396033,0.006168807553063733,0.006367704081509966,0.006645982544145133,0.0068790487626494,0.00486454349929835,0.01063419157945345,0.0121983148312219
1260,-0.00253537373910215,0.0033578470014325,0.0063591481642262665,0.0067476777170624,0.006515335813598967,0.0067052854692224,0.0069766618046917,0.007198109668070701,0.005112016495967851,0.01064927616794405,0.012187574349464
1258,-0.002580849628889,0.003660397043798975,0.006826215960449266,0.007183771640330666,0.006862671677836367,0.007035940004966966,0.0072983432019644336,0.00750778935035545,0.00537723249696595,0.01082712042059965,0.0123866120118408
1256,-0.0026465261287652,0.004025521565485775,0.007384054150769634,0.007704717404823501,0.007293942133580933,0.007441548518867667,0.007694787876929667,0.0078923156335592,0.005669414304668099,0.01109868753915,0.0126936401799137
1254,-0.002703184715819625,0.00449861330946245,0.0080854824951153,0.008355267996392067,0.007852175794851732,0.007966419432217233,0.008207853717095233,0.008387638921638699,0.00600123540090005,0.01137345680424545,0.012984305337702
1252,-0.00273667453584205,0.00504408540076225,0.0088683954082933,0.009065366617518666,0.008464625933621267,0.008537403589367299,0.008762452476663135,0.0089145214379443,0.0063224532493177995,0.0115705049941594,0.0131825220637571
1250,-0.0027502383306441495,0.0055424798294045,0.0095678941437973,0.009685339879095431,0.0089909546819042,0.009015935945134399,0.009223021306397334,0.0093428931592092,0.00655343796642455,0.01165473319530925,0.0132800992733433
1248,-0.002755446064789125,0.0058685996801433,0.010027362069801567,0.010095772560403,0.009333581521942767,0.009316446668298,0.009511472504210432,0.0096071908207939,0.00667191924862975,0.0116580416354431,0.0133152195824809
1246,-0.0027605631406531247,0.005961289055870376,0.0101795266177823,0.0102586723868504,0.009473213877569433,0.0094380359271706,0.009634043962864334,0.0097237763180312,0.0067173941537780005,0.011644208384966149,0.0133276987431064
1244,-0.0027662337571619997,0.005808040903223925,0.0100091304120717,0.0101583095775089,0.009395766244981535,0.009374279566855666,0.009585713863340431,0.009689547348300149,0.0067021865188599,0.0116476167009343,0.0133298495630062
1242,-0.002772431512863,0.0053992895079805255,0.009491768991447868,0.0097487735518572,0.009042734080708633,0.009055703292260799,0.009291421405480902,0.0094244623209035,0.00657360389967665,0.01166829220997595,0.0133289108963788
1240,-0.002784427164050425,0.00475892433044295,0.008649503402048966,0.009026339171167101,0.008394735504475866,0.008447117588844399,0.008707369834360266,0.008876168894567351,0.0062980671183758,0.011715106580084251,0.013358437159909
1238,-0.0028040071790335747,0.004008573055881575,0.007643465946836234,0.008126339121316465,0.007574083499018234,0.007666237968479133,0.007944867467313167,0.00814638504656075,0.0059365808878359,0.01180149239146545,0.0134416789978412
1236,-0.002817320541432575,0.00332350051819925,0.0067046045976823995,0.0072575636143034005,0.0067798635465163995,0.006914745272371366,0.007203168564907767,0.00742694847380845,0.00558371491287315,0.01188825605347265,0.0135233556834165
1234,-0.002803674817835575,0.0027938428975312,0.0059420618504404665,0.0065235833016392,0.006111396970231,0.006288226817678634,0.006578395966055667,0.00681192140267635,0.0052595167571099,0.01188639689730305,0.0134955096520837
1232,-0.0027608847382716503,0.00236474810319005,0.005277356445423699,0.005863372139252966,0.0055119046929392,0.005722046601582633,0.006009432931298266,0.0062442404057962,0.00491630050906735,0.01175335012717725,0.0133216987017696
1230,-0.002713087607866825,0.0019363916836313499,0.0045926227194393,0.005184464605268067,0.0048995123223402335,0.005136406514131,0.005422623747998233,0.005658000204644549,0.0045418898776807,0.011555663500969149,0.0130977649048073
1228,-0.0026865875938604,0.0014974470040124998,0.003898102756902834,0.004508137648294033,0.004303306698730899,0.0045717145087701,0.004862488667114101,0.0051045235612825,0.00420335949145895,0.01139991785391705,0.0129517162741371
1226,-0.00268432250140565,0.0011264569659365,0.0033113034139906667,0.0039443514761198,0.003829189445672133,0.004136863747829066,0.0044350741531711665,0.00469114105827705,0.0039737215566377,0.011324559442193901,0.0129124572270837
1224,-0.002689238779609325,0.0008821662841145251,0.002907210762021833,0.0035544835967526,0.0035225434370640004,0.003864929197980666,0.004166356427369434,0.004438274207294,0.0038499010805624,0.0112896689969235,0.0129107777907017
1222,-0.0026865573631246744,0.000743789166399,0.002653731069537233,0.0032972093611272663,0.0033251697004428003,0.0036845224856889,0.003982090201156967,0.0042636309604705495,0.00376995130035205,0.011250813205145451,0.0128834400343969
1220,-0.0026767967276182998,0.000669904903733375,0.0024988579292746665,0.0031190353989659337,0.0031786529324623,0.0035367315178644666,0.003827839374744233,0.004109483818161,0.0036999966840862,0.01120976946660135,0.0128377410599577
1218,-0.002670231055292025,0.00066338212142205,0.0024514821067300333,0.0030376186754056994,0.0031091625522781663,0.0034560915826358,0.0037437261464370666,0.0040197496328415,0.00366830892019305,0.01119729401713545,0.0128206355832832
1216,-0.002674066839837675,0.000733317539373475,0.0025250996513390997,0.0030842314223791666,0.0031598652260827337,0.003494648036321033,0.0037824880461199664,0.0040529607811569,0.0037004214662583503,0.011228366362520299,0.0128554812449054
1214,-0.00268384512471235,0.000823516207976975,0.0026437973637774663,0.0031976593446061997,0.003275573388184167,0.003605635377690233,0.003894927366841367,0.00416223018868285,0.0037536853334479,0.0112754079437846,0.012911087481034
1212,-0.002685680613836425,0.0008429980749725501,0.0026826389890020667,0.0032512746855851335,0.003330228302253567,0.003668875939122133,0.0039601384748578,0.00422610623550225,0.00375967997473565,0.0112810547258279,0.0129210039379995
1210,-0.0026694480406739504,0.00077735296741325,0.0026121273681666665,0.0031997300292758,0.003278765718507067,0.0036353820987964,0.0039299788551779005,0.00419624267702205,0.0037234222134464,0.01120612190862005,0.0128388718690615
1208,-0.0026403628292983247,0.000723312253436225,0.002546914838424933,0.0031412448422461665,0.0032191614473590334,0.0035902658810197333,0.003887845150464067,0.00415495195446675,0.00372511241827205,0.01107009400491395,0.012684965008298
1206,-0.002614597096547475,0.000784986119500175,0.0026189489423,0.0031989548102514666,0.0032699372346564003,0.0036437259771165665,0.003938789003319333,0.00420250992392485,0.0038031806081656,0.0109378893965343,0.0125349997345687
1204,-0.0026039550595031496,0.00095813404415265,0.002829405451676533,0.0033736894797289,0.003426620926525166,0.0037954912957324,0.0040788162333271,0.00433023732820835,0.0038856263272348,0.010867821524259299,0.0124598987226958
1202,-0.00260921319313585,0.0011419653889032247,0.0030568557994303334,0.0035541743651839332,0.0035822435278322,0.003946652109989234,0.0042120685324404,0.0044453555417034996,0.0038803632408856,0.010881742561602549,0.0124830101056017
1200,-0.0026263582015905998,0.001248059377550025,0.0031914320272207,0.0036504438663280668,0.0036616584937880664,0.004024072413891199,0.004274728974085933,0.00449465130982715,0.00380050554384055,0.01097195971348925,0.01258589527747
1198,-0.002652293088883825,0.0012751359077342,0.0032312257271079332,0.0036759282146254335,0.0036889683442774004,0.0040506365540434,0.004297746040190067,0.00451695165431575,0.0037496788121267003,0.0111131328463564,0.012734143633806
1196,-0.00268453316881015,0.0012886640223396,0.003257434697891267,0.0037047814673558666,0.0037322964543954665,0.0040956159559944,0.004349271117852633,0.00457800838541975,0.00379840531696265,0.011275140562245399,0.0129002527550709
1194,-0.002720913568794425,0.00136407447265745,0.003359438074065333,0.0037980700811464665,0.0038358552236811335,0.004203044242242399,0.004463561688226667,0.00470297129870935,0.0039300859853375995,0.01144425219518605,0.0130762031114475
1192,-0.0027589603535715995,0.001565028609198125,0.0036055593435282336,0.0039931704968574665,0.0040226887594612,0.0043899918672222,0.004647680227163766,0.004889599227642,0.0041020699025202,0.011620825399329151,0.0132578954366277
1190,-0.002791320762610975,0.0019406359196739251,0.004044484550911433,0.004320843232726934,0.0043150461932558335,0.0046724073423517,0.004913799336166066,0.0051418938034042995,0.0042979501100307,0.011780942020919751,0.0134110441052213
1188,-0.0028067734263989503,0.0024912960240785,0.0046717550638043,0.004778188838340533,0.0047058480450876,0.005043390884912867,0.0052561876698155666,0.0054486024076873,0.00450511982097895,0.011870784580552799,0.0134833000441774
1186,-0.0028048617810009497,0.0031176679337097,0.005373526090323134,0.005279199679571867,0.005117257958968466,0.0054288377819598005,0.005604013602069666,0.0057432323427872,0.004690424062305749,0.011878677398032101,0.0134814877889349
1184,-0.00280510170452535,0.00362947579317745,0.005937607430915967,0.005667353062743467,0.005421684823475766,0.005703336191237734,0.005839481073592834,0.00592628118204265,0.00482734872045315,0.011885909742772049,0.013503940183095
1182,-0.0028273041058787494,0.003852447985844625,0.006173870192848034,0.005811079857265166,0.005522902803736966,0.005774093524407334,0.0058827000534357006,0.0059397173009360996,0.00491891069499495,0.0119824072172148,0.0136340738730425
1180,-0.0028627849306764497,0.00374707623381815,0.006042073378059367,0.005690771373228167,0.0054134865615084,0.0056417573119294,0.005744331864616967,0.0058026051878909,0.00496853451980365,0.012137974732259,0.0138135807832368
1178,-0.0028807671355437748,0.0034167868568385747,0.0056552313419435995,0.005389967684777799,0.005157886700052033,0.0053779885366615,0.0054941149964315,0.00557538896494145,0.00495010776695045,0.01222567308004835,0.0138927820161205
1176,-0.0028661631024399503,0.003015509620280325,0.005180692919365667,0.005024822193558833,0.004843860079967466,0.0050697614216691994,0.0052081260063251,0.00531784896062955,0.0048313973644099496,0.012177986767147451,0.0138111281214993
1174,-0.002836290979616125,0.002659160984587975,0.004752035381283367,0.004690929258248066,0.0045506919969969,0.004789169524595534,0.004949896798341867,0.0050817984425595,0.0046182725763035,0.0120548652310039,0.0136605110966553
1172,-0.002815049418909025,0.002398906667882425,0.004440070353885433,0.0044470589952470664,0.0043325089425289,0.004583005718656066,0.0047645423695467,0.0049094964648829995,0.00436790715280325,0.011944141014199449,0.0135542917570314
1170,-0.002807206242568725,0.002234881877385575,0.0042559960948933,0.0043124967687939,0.0042073485482731,0.0044645597503504995,0.004664940261495234,0.00481893068775145,0.00417209355127225,0.01187096056224845,0.0135116641057617
1168,-0.0028075967574426,0.002131037593758875,0.004158863243306533,0.004265248671891867,0.004157647724405734,0.0044157621060923,0.004630730418700167,0.004798874532869649,0.00411837301502185,0.0118378913200838,0.0135064414963543
1166,-0.0028187004359014746,0.00203408522397695,0.004081445007438866,0.0042555761231882,0.004147163511342501,0.0044067424744823,0.004632914234513333,0.0048259940948174995,0.00422128426356735,0.01187369604908035,0.0135482544392951
1164,-0.002843148990798125,0.001913169987115275,0.003984387972013633,0.004243864935695,0.0041472963802131335,0.004417261349065234,0.004657363385744967,0.00488190809389495,0.00438087091940095,0.0119801662805482,0.0136490862868384
1162,-0.00286804322710385,0.0017898677382705498,0.0038910565980867333,0.004231361140043,0.004152867683075934,0.0044402941344405,0.004700377820376033,0.004951031699920051,0.00445455653706255,0.0120807315747526,0.0137565587577771
1160,-0.00287287149244785,0.0017135228099260501,0.0038533266282670003,0.004244920867753833,0.004171846153765532,0.004470709507778367,0.004750440451367333,0.00501207706493705,0.00439576752548515,0.01208634223174,0.013788243092786
1158,-0.0028514581417806,0.0016990915999089001,0.0038783693879643334,0.004287870311103633,0.004198430301302466,0.0044953050392829335,0.004784240219745933,0.0050417066927814,0.0042932025859712,0.0119914300339791,0.0137172629773499
1156,-0.0028159513553491005,0.001698313510133725,0.0039003965071459997,0.0043138152455242,0.0041996361453587,0.004490460185258633,0.0047761372573006,0.005023562916836401,0.0042508224109289,0.01185926330836825,0.0135808706679915
1154,-0.00278105259708,0.0016383430916463,0.0038311464900291,0.0042578362285680665,0.004135454555399099,0.0044283935877766,0.004706695312666,0.004950651831737,0.00426372156182005,0.011734728069438899,0.013422289925714
1152,-0.0027526310352785754,0.0014862756555455501,0.0036378350705119668,0.0040980987107634,0.003999127873191234,0.004299372487759,0.004576443249424766,0.0048314457321943505,0.0042440735792419505,0.01161513509964065,0.0132631042416435
1150,-0.002729785722313625,0.001282705398183225,0.003381810842301067,0.0038923944095917,0.003842047583227133,0.004143026074481833,0.004429016233370533,0.004706837913134,0.00414309384895025,0.01149006598939505,0.0131177685380261
1148,-0.0027121552194967,0.0011218632552507,0.0031894930043190333,0.003753341789478467,0.0037547698372797,0.0040495175558659,0.004351085029919067,0.0046509834845544495,0.0040109013815424,0.0113765228460979,0.0130073384088376
1146,-0.002706087028980525,0.0010900382160011,0.0031709125242802335,0.0037726645110691334,0.003808029058181833,0.004101855364011866,0.0044184416797112,0.00472770514251585,0.00394283689435565,0.0113241344133569,0.0129696488165072
1144,-0.002723087334954725,0.0011973027649291499,0.003333777958930933,0.003945919183808734,0.003991262601301167,0.004295587496959733,0.004620580421067634,0.00492557074830725,0.0039906333158432495,0.0113922749011672,0.0130545151128881
1142,-0.0027649272323481498,0.001357033034940275,0.0035617741167262,0.004162383463461134,0.004203190158313833,0.004519841108136,0.004845210273696633,0.0051416264187035005,0.0041195868433446005,0.0115863413319808,0.0132652295030569
1140,-0.0028105525729526003,0.0014498750823747752,0.0036987052202384,0.004287456193785133,0.004323100363170533,0.0046410950025707,0.0049618244511769,0.00525463743209065,0.00423863747301235,0.01180651643359105,0.0134984532070339
1138,-0.002829907759840025,0.0014209463029242,0.003672342166465533,0.004269172022722833,0.004306735989875433,0.004614169904339566,0.004929440908636666,0.0052259726418479,0.0042778636350131495,0.01191024330268035,0.0136036110217555
1136,-0.0028151527520417,0.0013090994551238251,0.0035329409795144665,0.004161424200912633,0.004208274025927567,0.004503762885686866,0.004816087937938667,0.005121417672018199,0.00424272445035955,0.011852960367344751,0.0135327992150039
1134,-0.002787545154408325,0.0011849663639951,0.0033755270555454,0.004047379316389834,0.004107698336788066,0.0044008919498152,0.004715458888127366,0.00503220743092065,0.004188559848623,0.01172700075006765,0.0133850114413447
1132,-0.0027683635189856997,0.001079913502864125,0.0032451987467787334,0.003957235447067466,0.0040311492301286335,0.0043346398002112665,0.004657679207196533,0.004986449224107,0.00414872989787585,0.011636333514097,0.013272862459582
1130,-0.0027571733726244,0.000983116042930075,0.0031269477994387337,0.0038669724069753,0.0039513975198041005,0.004271913499415767,0.0046068059898311,0.00494596472099375,0.00411208850726135,0.01159048541817145,0.0132088208537979
1128,-0.0027471932471455,0.0008812665137047249,0.0029968041291859333,0.0037494698263217338,0.0038409706038333665,0.004177382623878633,0.0045220423917408,0.0048679814211738,0.0040693948660171,0.01156140763381035,0.0131659339353461
1126,-0.0027440963060275,0.000771300068661275,0.0028451369237031334,0.0035955388709174667,0.0036924026986162664,0.004042723088702167,0.004392313690116933,0.00473995264842855,0.0040406245183575995,0.01156903233356435,0.013167434074078
1124,-0.002752449916040325,0.00064345315697435,0.0026591169407058335,0.003397234984030967,0.0034987120590403,0.0038673937976210332,0.0042194322392205,0.004563198069476099,0.00403504026533265,0.011630163607839,0.0132297969268546
1122,-0.002756924422855425,0.00048320309849785004,0.0024236916867484,0.0031498355170766997,0.0032569534503922005,0.0036507070014036333,0.0040059614102923,0.00434327652242385,0.00401550060044925,0.0116738654792206,0.013274838075065
1120,-0.0027394586301061003,0.000297684263083975,0.0021539212047573335,0.0028797494044661997,0.0030003990886770665,0.0034159646654915335,0.0037748611719141,0.0041103718303107505,0.0039343006370785,0.0116089697621212,0.0132074830801904
1118,-0.0027094716533490252,0.00012291339419437508,0.0019025759049786668,0.0026427891393141,0.0027921148857688997,0.0032132855848667663,0.0035735371266999,0.0039172547435042,0.0037917847807876,0.011462214244090649,0.0130621874430132
1116,-0.002693787917644875,-2.173423325624996e-06,0.0017210329461835666,0.0024802031315176998,0.0026683191348815666,0.0030780938789092666,0.003436099316579767,0.00379458017950725,0.0036337584524219497,0.01135124137687725,0.0129651873730011
1114,-0.0026964129472262254,-5.987223520345002e-05,0.0016249754348269668,0.0023919798377091002,0.002610967486118533,0.0030037687288889665,0.0033570143570332664,0.00372765873790255,0.00349606584367645,0.01131201413744555,0.012947491340514
1112,-0.0026901998126988,-5.6978122795900004e-05,0.0015983202496559334,0.0023550593205837666,0.0025845427656297332,0.0029660186737312665,0.0033145663032464,0.00368991154777415,0.0033711455818764002,0.0112448175343009,0.0128963823091536
1110,-0.002653921435215,-2.2460791117524977e-05,0.0016069360455577668,0.0023432749316017,0.0025705972262591004,0.0029506523419255332,0.0032979820635440998,0.00367293356843605,0.0032309892509066003,0.01106157283765255,0.0127178742215618
1108,-0.002600624139766225,-1.388662316475055e-06,0.0016028884958749665,0.0023231060864309003,0.0025525476698788,0.002940364704100333,0.0032923231928202,0.00366513845230565,0.0030779706222254,0.010816060585846499,0.0124661264802301
1106,-0.0025605263596942002,-3.258109870054999e-05,0.0015392791689698001,0.0022550052146355333,0.0024960016752506,0.0028960942925789664,0.0032569913811901666,0.0036268150567929,0.0029650424212497497,0.0106412727141556,0.0122704756602907
1104,-0.0025473051826756746,-0.00012316937633472495,0.0013991985880281999,0.0021172003329125,0.0023707768265961663,0.002779686037650667,0.0031488313383684664,0.00351628183940995,0.00294060787079255,0.010597249293677651,0.0121895073117021
1102,-0.0025491237753863002,-0.0002483692646807797,0.0012063046393559335,0.0019218737813005667,0.0021822646914108667,0.0025921210119676332,0.0029644790765602,0.00333195036459985,0.0029602895823214997,0.0106190168365822,0.0121742501542028
1100,-0.002546744923413625,-0.00037336085735627505,0.0010051418520973666,0.0017054398552139999,0.0019686791503255,0.0023757721985691333,0.0027448211728188336,0.0031116777467814,0.0028988607439418,0.0106016654697172,0.0121448355749527
1098,-0.0025342711681139753,-0.0004682839587724798,0.0008411000141922,0.0015154198778496999,0.0017810304418213,0.0021866209138348,0.0025456926295614668,0.0029054904546745,0.0027018104999663502,0.01051497845502845,0.012076850080862
1096,-0.002523820329151025,-0.0005142041953881237,0.0007499959814313001,0.0013990595609020002,0.0016677431813107001,0.0020698362562753003,0.0024133776741551336,0.0027612165288013503,0.00249375364223935,0.010435305996386101,0.0120257589842579
1094,-0.002531822177347075,-0.0005170279107765125,0.0007357310499295668,0.0013718521380077,0.0016467003264949666,0.002038444270732267,0.0023655989421103667,0.00270713195554005,0.00246166683843055,0.010467096380597951,0.0120731206904665
1092,-0.0025597873096191996,-0.0005112936562293171,0.0007544882608598999,0.0013922213128662998,0.0016790564625883669,0.0020593430592315,0.0023761422458832998,0.0027237099655282497,0.00263287042044925,0.01062836555952065,0.0122334077116872
1090,-0.00259094893708945,-0.0005269828353901124,0.0007512560656353333,0.0013985431572810668,0.0017006052347975666,0.0020801990988415665,0.002396159841325933,0.00275590432465885,0.00284577173109615,0.0108242705812144,0.0124210009519533
1088,-0.00260747854466475,-0.0005545824286328019,0.0007180408701269999,0.0013759097105652668,0.0016907625545479331,0.002083017875746033,0.0024056953391995,0.0027731887684832998,0.00294523792605555,0.01093885656747125,0.0125276162849422
1086,-0.002606314687717225,-0.000567053652828833,0.0006859026453275,0.0013524881500118335,0.0016775024046732998,0.0020877992181246997,0.002421120169295133,0.0027895578071816998,0.00292526182187575,0.01093457666897465,0.0125210655884908
1084,-0.0025953529262034,-0.0005734367886792152,0.0006559476580002667,0.0013271035047068664,0.0016641899144589998,0.0020930738204408,0.0024384006692414997,0.00280578210859745,0.00286005954245575,0.01085524866527295,0.012450033617914
1082,-0.002582293649233775,-0.0006142013192557833,0.0005867454245504334,0.0012552961627729667,0.0016057856142637,0.0020563824670882,0.002412225487491867,0.00277955054171705,0.0027898850765636,0.01076760508737175,0.0123790641285322
1080,-0.0025750991230722247,-0.000691344514725252,0.00047651427117189997,0.0011368093692876334,0.0014954511103357666,0.0019693523432630666,0.0023311527619035333,0.0026991626982026,0.00273543894279565,0.01073158996886555,0.0123581748942978
1078,-0.002585190804367625,-0.0007404096933348206,0.0004087317711118333,0.0010625898765979668,0.0014223570833034,0.0019097931331327333,0.0022726753353884666,0.0026430290569046,0.00274828318095735,0.0107930289171915,0.0124283391668336
1076,-0.002617148006855175,-0.0007019571017873676,0.0004629621423512667,0.0011160229723799,0.0014759275171589668,0.001957255359730867,0.0023181180119795667,0.0026932981560558,0.0028617311751330003,0.010952311388566099,0.0125952724211457
1074,-0.00265791675953985,-0.0005941828875810913,0.0006109998846245999,0.0012615284301155333,0.0016233013152042002,0.0020823010965766334,0.0024376422030575667,0.0028161526772273997,0.0030282113517393003,0.011147080135399,0.0127976929756037
1072,-0.0026872774253326502,-0.00048302984928611236,0.0007561016988887,0.0013926695680948665,0.0017522717974603334,0.0021872087271332,0.0025324022260897,0.0029070445200884,0.0031710787526616,0.011301256526963451,0.0129482067689971
1070,-0.00269831033192285,-0.000406426857780419,0.0008481019062433999,0.0014625706423702,0.0018128865786582668,0.0022370968047587,0.0025723878491826333,0.0029368967457073,0.00326779094022165,0.011386476297597349,0.0130124825566374
1068,-0.0026984495541983997,-0.0003695531075143876,0.0008933229103057333,0.0014925413921056333,0.0018340593169949334,0.0022675916449465335,0.0026024469617269997,0.00295806991342955,0.0033246185285799503,0.0114108580148041,0.0130149414134624
1066,-0.002692417112183,-0.0003925909494152008,0.0008710645393159667,0.0014694640299531667,0.0018099306159952333,0.0022671377489574002,0.0026123732719368336,0.0029647673421359,0.0033083707639369,0.01136891481653365,0.0129734825044848
1064,-0.002676455362469225,-0.0004961546379995609,0.0007397565126954333,0.0013401059961456333,0.0016809709765821998,0.002162004463747933,0.0025168309139393997,0.0028676200805996498,0.0031830246729327,0.0112500016495123,0.012879701793675
1062,-0.0026507991846791497,-0.0006313732762300391,0.0005486390863151,0.0011351687895986666,0.0014649002539579665,0.0019595839135935996,0.0023110376434489666,0.0026553419667498497,0.0029966731591005,0.0110894413966059,0.0127492646931773
1060,-0.0026258624401027005,-0.0006943608857867783,0.0004430251871563666,0.0009963500504669666,0.0013015000633559333,0.0018016763172737334,0.0021380662973447995,0.00247016741143635,0.002849093694828,0.01096008042754855,0.0126389159342085
1058,-0.0026106817620011,-0.0006494038269481796,0.0004931609673498666,0.0010089428570246332,0.0012874379080865667,0.0017920354345004,0.0021132236814635,0.0024322009572894003,0.0027700326144332,0.010902883539321999,0.0125901809086203
1056,-0.0026029693892609,-0.0005910186705529645,0.0005851953103048,0.00107516742401,0.0013343549136270335,0.001843197669536267,0.0021575972950546,0.00246686513517365,0.0027009348132994,0.010900459846890701,0.0125906012381362
1054,-0.00259540757202135,-0.0006356485867868892,0.0005589132350903,0.0010354771880809667,0.0012797137266789668,0.0017903603589479666,0.0021067743973943003,0.0024095051535403,0.0026051990931573003,0.0109238203605063,0.0126097187016543
1052,-0.0025860955877123003,-0.0007779617956668089,0.00041590113623376666,0.0008793623443647666,0.0011032356828191,0.0016176652821777665,0.0019414173131254333,0.0022369379077121,0.0025266465613701,0.0109702910366406,0.0126446242826591
1050,-0.00257706138878935,-0.0009072155063311191,0.0003060008481336333,0.0007457907765729666,0.0009368077076306333,0.0014642681200233,0.0017960201548993,0.0020794333597318002,0.0025079148574863,0.0110385443640338,0.0127040323967603
1048,-0.0025644310194991,-0.0009520421581676228,0.00032200187470913334,0.0007235571766454667,0.0008651604033027999,0.0014125636066094668,0.001746336950161467,0.0020097749878133,0.0025020110293868,0.0110871764348238,0.0127593198639958
1046,-0.0025346755223738747,-0.0009534050343331464,0.0003932597216626333,0.0007393690057316333,0.0008103114820869668,0.0013751144965565667,0.0016992933250003003,0.0019327910261958,0.0024096012952797997,0.01103905942678175,0.0127335516951093
1044,-0.0024741826859354,-0.0009824988516114169,0.0004063901209441667,0.0006775510892915001,0.0006554409158425,0.0012339495192931667,0.0015381510432018334,0.0017313808057729998,0.0021931171158965,0.0108359770095535,0.0125525962903515
1042,-0.002388008980871,-0.001029649856322759,0.00036929427253356667,0.0005558929442319,0.0004323039141582333,0.0010272048227689002,0.0013093705321268999,0.0014580719845279,0.0019385688078344,0.0105116229677624,0.0122302243968109
1040,-0.002311822650761975,-0.001006573894894525,0.0004078755954671,0.0005295026995654,0.0003290552893051,0.0009375335422314333,0.0012055151345578,0.00132139153375095,0.0018155541491434498,0.01022780012832945,0.0119204688765274
1038,-0.0022920297704945,-0.0008425430444655256,0.0006235908564084001,0.0007274279027517334,0.0005077744647707334,0.0011105606561357332,0.0013788230096567333,0.0014906518731639,0.0019494787382614,0.0101792096265684,0.0118307538506254
1036,-0.002340768693427025,-0.0005493749745118249,0.0009946380991191,0.0011216792008508667,0.0009431268481944667,0.0015216024077778334,0.0018035114856558,0.0019410380100616,0.00228716140048015,0.0103967137906961,0.0120169790759211
1034,-0.0024251997878811,-0.00019419467334441003,0.0014146762796478,0.0015684008965318001,0.0014591945527361334,0.0020134404378301333,0.0023106103132221334,0.0024860387525688,0.0026271356965338,0.010713964123453299,0.0123300421916078
1032,-0.0025079581456571003,0.00016561966852382504,0.0017965340153331332,0.0019445356761154666,0.0018931559184741332,0.0024278458902348,0.0027271808325127996,0.0029328717038808,0.0028266365941253,0.010972243420682301,0.0126077260085448
1030,-0.0025788464623012495,0.0005200346250836751,0.002138487880038733,0.0022366026116950664,0.0022110695135717333,0.002716280081927067,0.0030023553951867336,0.0032224244963014,0.0029450922331454,0.011171321672719899,0.0128292284574474
1028,-0.0026428917879393,0.000882804898355875,0.0024892745715717666,0.0025074281813690998,0.0024811310799317666,0.002942171924820433,0.0032124550162881,0.0034354757587520997,0.0031476679365800998,0.011385642643847099,0.0130462228861981
1026,-0.00269579691083935,0.0012255392278575751,0.0028401837482987997,0.0027804066285324665,0.0027461896272654666,0.0031653979403491335,0.0034302245651217996,0.0036553229308233,0.0034930524799403,0.0116102603622493,0.0132444676995568
1024,-0.0027252057941010497,0.001462865019611125,0.0030913821275689334,0.002991571676905934,0.0029596216661785997,0.003357771141464934,0.0036280242633602664,0.0038630664298691005,0.0038658484602216,0.0117586345395606,0.0133479574183326
1022,-0.00273138735110915,0.001537960483231625,0.0031670124937341337,0.003083828672842133,0.0030703369649094665,0.0034703975905471334,0.0037509962142634663,0.0040050404647573,0.0041176779808093,0.011791218123835299,0.0133381130611418
1020,-0.0027329006236330748,0.0015029888432171001,0.0031271512914067003,0.0031048781072654332,0.0031204633818789334,0.0035374176701667335,0.003831776244500533,0.004107604325935901,0.00422389598500115,0.01177798696660845,0.0132973010991656
1018,-0.002747539585630225,0.00147357806446515,0.0031085365410852667,0.0031567233074708337,0.0031995228198201664,0.0036404457942142334,0.0039525980370368,0.004245500166664451,0.004273887180094,0.0118137981158924,0.0133155496619675
1016,-0.00277621342119115,0.0015201034337976,0.0031869387906819997,0.0032843908383551,0.0033402343445183337,0.003802195855249767,0.004130070515127533,0.00443270761648435,0.0043577235071651,0.011922193609389849,0.0134061597560416
1014,-0.0028104481138582003,0.00163666766463205,0.0033527507000451,0.0034744839550467665,0.003526570080421334,0.003994858830111833,0.004327632935680133,0.004635555846690301,0.00451082246583785,0.0120736899569285,0.0135394505755845
1012,-0.00284733556996335,0.001779737567660525,0.003568757395095433,0.003714399402430733,0.0037580583350054673,0.0042174049695078335,0.0045464222156099,0.0048608548678820505,0.00472566868347465,0.012253287697460851,0.0137084456492685
1010,-0.002887303746236625,0.0018734862362329249,0.003756503370968033,0.003956139318576266,0.0040039707327588665,0.004454602292674567,0.004784778242422266,0.0051127396169021,0.00494436466472025,0.012453011637394651,0.0139086542532901
1008,-0.002922250075104525,0.00180905219746955,0.0037687289117938334,0.004060113591924367,0.0041283056871552004,0.0045848067331649665,0.004930078760795233,0.00528088145865635,0.0050585972472314,0.01262112336690085,0.0140851944682291
1006,-0.0029397672978597,0.0015403894060028,0.0035179717450135664,0.0039153949467522,0.004004045463722134,0.004477490534842366,0.004845906623512399,0.00522365313542555,0.0050043170552062505,0.012692039394324901,0.0141706935410601
1004,-0.00294149298520155,0.0011896480306288,0.0031427951642923335,0.003627808674748033,0.003718806268036633,0.0042064628256498005,0.004593734727857067,0.004992290003367299,0.0048691573138500005,0.01268098327926425,0.0141787911874195
1002,-0.0029453140383593,0.0009601398145639249,0.002908155905708167,0.003448713933132967,0.0035244105110216334,0.0040180958045814,0.0044149039982642,0.00482283658428285,0.0048253986679682,0.01268914453218235,0.0141994442881873
1000,-0.002962258638372425,0.000908435038231775,0.0028939485536717334,0.003467330983722433,0.003527063484532867,0.0040242630818491335,0.004425485307846167,0.0048364677457488,0.0049238273483268,0.01277988078659165,0.0142793928928079
998,-0.00297945527853125,0.0008801652457252501,0.0028982940303007997,0.0034957133373187,0.0035517508324502665,0.004054683873383533,0.004461054913106233,0.004876946004152951,0.005024733502004,0.0128895175526668,0.0143539165927132
996,-0.00297639867995815,0.000726287489818375,0.0027271830807846335,0.0033462416295124667,0.0034077888623641997,0.0039156194729819335,0.004329861745073633,0.0047536967453416,0.004991334511075,0.0129081081077276,0.0143342319676619
994,-0.0029536711015874,0.0005097889210769751,0.0024740464569352,0.0031165435732370002,0.0031816283585152333,0.0036868630120588997,0.004109893163246367,0.0045402487317803,0.0048879079715708,0.012824681453295201,0.014229621341841
992,-0.0029335499197192,0.0004153689723344,0.0023943605677388,0.0030685660452823,0.0031271857932920004,0.0036178847710553997,0.004047372160028533,0.0044811152566197505,0.0048944370050511,0.01273685078246745,0.0141360315555574
990,-0.0029323179160965253,0.0005028273806025249,0.0025680973618439334,0.0032824399421548995,0.0033213781230929666,0.003786765178914767,0.004218275314693967,0.00465395618772,0.0050539686301937,0.0127215211554082,0.0141184833792091
988,-0.0029423770316257,0.0006427645991894,0.0028105768624411332,0.0035616492470216337,0.0035694267015848,0.0040074123173384,0.0044369237606647,0.0048720871453257,0.0052043285497939,0.01274697773972385,0.0141466040201918
986,-0.00294372187666505,0.00068162007193655,0.0028952398385768668,0.0036663275543193665,0.0036424824093139667,0.0040629817491625335,0.004487337069655601,0.0049163851035584,0.00517128721938555,0.01272272414945395,0.0141405154140364
984,-0.00292371526970755,0.0005835991639683001,0.0027516389119049667,0.0035225700942654666,0.003484046946841367,0.0039015919174198665,0.004315977249214834,0.004734744815503,0.00494407340701725,0.01259417409949105,0.0140419891500749
982,-0.0028847469332501,0.000406590611075375,0.0024487251218697666,0.0032016520482596998,0.0031743212657773996,0.0035967799021605997,0.0039943887039301336,0.00440373140796455,0.00463622080819165,0.01238158065415915,0.0138526590810697
980,-0.002843715434309425,0.0002144410673945249,0.0020883958525453666,0.0028067870723596337,0.0028093525236432006,0.0032377063291796995,0.003615109174999933,0.00401622680701015,0.004350653952919,0.0121699253802315,0.0136511107149402
978,-0.0028260098677268,4.041368422947499e-05,0.0017472158244961334,0.002421618369860433,0.0024625101825486665,0.0029010716410349997,0.0032632214230061667,0.00365379188897265,0.0041313156534316,0.01206899775392625,0.0135639566546492
976,-0.0028460817304079003,-0.00010600319717377497,0.0014626750542362998,0.0021021447840514997,0.0021898702003099,0.002649459719489867,0.0030063496052255665,0.0033869725315772,0.0039894336072618004,0.0121300762275533,0.0136563627479053
974,-0.002886790887742,-0.00021749153280082507,0.0012481740740167334,0.0018752224510337001,0.0020206582353413664,0.0025081893819856663,0.0028657545956747334,0.003245938730806,0.00391502058171055,0.01227551276447225,0.0138361847849661
972,-0.002910805569910175,-0.000254519422655,0.0011437469786942332,0.0017677474438130333,0.0019706841887551,0.0024799602471325,0.0028353162814004997,0.0032238076582999002,0.00388720820221505,0.01235943124527465,0.01392836147279
970,-0.002900609962909325,-0.00014863517128030002,0.0012253475370684666,0.0018251339151130334,0.002064782435864,0.0025802307632171334,0.0029247397277061336,0.0033137139365713,0.003905225873148,0.01232302617702925,0.0138649641813466
968,-0.0028737110654467753,0.00011098005535099999,0.0015001397372177,0.0020413357139196665,0.002286927253738433,0.0027920837385217,0.0031164983287865333,0.00348378581241225,0.00397480879983665,0.01223421183781195,0.0137344465710474
966,-0.00285092642006475,0.00040173433775529996,0.0018115609610000669,0.0022808491109107334,0.0025115541471848334,0.0029923997535303004,0.0032904476467206004,0.00362120893419005,0.00404551490105725,0.012154910986832,0.0136248345663925
964,-0.002828853514239525,0.000539672721405775,0.0019346755256837668,0.0023537176803777003,0.0025683103191776334,0.0030162594784500668,0.0032885539677169665,0.0035901500860187003,0.00402344990954755,0.012055166010490299,0.0135134290283135
962,-0.0027989009469737997,0.0004366475478169,0.0017724194721216665,0.0021825931840954668,0.0023957529969511667,0.0028153491797058,0.003072250063286633,0.0033656133649845998,0.0038843063740522004,0.011911603254198051,0.0133664626298817
960,-0.002773282379539375,0.00014976419503359996,0.0014026937949121667,0.0018417298808465334,0.0020748540884335336,0.0024863820832392667,0.0027437947999897996,0.0030452506932729497,0.00371457317822475,0.011796935061085749,0.013245576959622
958,-0.002767803542952625,-0.00020165300118129997,0.0009637928588595001,0.0014512173597721334,0.0017207421646472335,0.0021478692812862336,0.002416505776523067,0.0027302504514115002,0.0035969558243319,0.011777375222457798,0.013216172692803
956,-0.0027722148241468253,-0.0005127047412797207,0.0005717554047631,0.0011063575637909,0.0014137979718128332,0.0018666574225525666,0.0021459367301181003,0.00246907479130925,0.0035136670640560502,0.01178933083062425,0.0132220848108156
954,-0.002765540226152825,-0.000703613488034896,0.0003272311229853,0.0008948871886684333,0.0012286983341270666,0.001701647874087767,0.001985474806878333,0.00231492983025915,0.00342080147324055,0.01173429723407975,0.0131712417754419
952,-0.0027520972279816754,-0.00073402120736445,0.0002928570832753439,0.0008765602521288001,0.0012245304854637332,0.0017082706142171665,0.0019939038678196998,0.00232819355161435,0.0033516222121172997,0.01164785872795575,0.0130966682269364
950,-0.002752481543900575,-0.0006315315192777666,0.0004346714323806334,0.0010155903914081334,0.0013708748442723,0.0018606849859513664,0.0021485510594998667,0.0024849403375294997,0.0033615799796172,0.011643800115033399,0.0131012393053779
948,-0.00276488679134375,-0.0004518508161200667,0.0006675621833036001,0.0012201102111921668,0.0015744262382808,0.0020655796051122,0.0023525116655704666,0.0026835878677096,0.0034253369634636,0.0117207712910178,0.0131753359728174
946,-0.0027683063167804,-0.00020468524277930002,0.0009680049251829999,0.0014655679971139334,0.0018058455930610336,0.0022864492963605666,0.002564170218190233,0.0028789369785776,0.0034810800331527498,0.01176740230001105,0.0132128180197104
944,-0.002761643267847975,0.00011169707578519993,0.0013424848047344001,0.0017756067024597333,0.0020946901251418,0.002548017925618867,0.0028092699417342666,0.0030998739405798,0.00352782569044175,0.0117471307487544,0.0131924518979256
942,-0.00276542820919215,0.00040437436594495,0.0016837014731183667,0.0020681681851101668,0.002373866501289267,0.002789123736662267,0.003032796733143267,0.00330009647905155,0.00358344947454405,0.011733753168814049,0.0131968238060221
940,-0.002782559868897225,0.0005194572908100501,0.0018022201650852332,0.0021642482038935662,0.0024713198944575337,0.0028523946816041003,0.0030827258469125,0.0033340100533478002,0.0035974205278476497,0.011757130232665551,0.0132468556466194
938,-0.00279342740476965,0.00042066348718627493,0.0016565198991633997,0.0020165808823787664,0.0023348794105123,0.0026990767359203333,0.0029233077484823,0.00316695150221345,0.0035238377299805,0.0117648572379716,0.0132725788286118
936,-0.002796519459940875,0.00024516562178734995,0.0014289718929348001,0.0018046152028541,0.0021414145253811335,0.0025092081896418666,0.0027366809713774,0.0029820627598468,0.00344372009334385,0.011764343238826351,0.0132740088118688
934,-0.002814676318332775,0.000134706476019675,0.0013032120280566668,0.0017148332923413,0.002081147188390567,0.0024645160900618663,0.0027032851556699996,0.0029619108424578,0.00347817191313425,0.01183947321151755,0.0133431982562236
932,-0.0028474875894757,8.722867507795002e-05,0.0012669682141114333,0.0017270107654044,0.0021305987639486,0.002528516507773733,0.0027793029799627333,0.0030587634796595,0.0035957545223790502,0.01196968919608735,0.013469426136044
930,-0.002857370812763225,3.121734104202505e-05,0.0012156151040680666,0.0017164482697848333,0.0021505306060237,0.002554059427137267,0.002809412135095567,0.00310561769922385,0.00365147729595405,0.01199753892031225,0.0134929383404468
928,-0.0028236049227239003,-4.131905303930006e-05,0.0011386944412988332,0.0016585013549375667,0.002102246922232333,0.0025033525359216004,0.0027546975230711003,0.0030531382039590497,0.00361099850776545,0.0118618777140644,0.0133431969097931
926,-0.0027738518764158253,-0.00010598630087099996,0.0010838863716141,0.0015958041060514666,0.0020184001930462,0.0024162108633706664,0.0026599267050097,0.00294214180451735,0.0035783990448214004,0.011713314075159,0.0131708683915714
924,-0.002728517612778,-0.00021171394393832503,0.0010067920501150667,0.0014706515882990667,0.0018256240259784003,0.0022283121047104,0.0024631599598253996,0.0027067418659654,0.0035586149991749,0.011653882321436899,0.0130920054500144
922,-0.0026394398594888,-0.00043497721045235,0.0008072058312066,0.0011641888871092665,0.0013919241186885999,0.0018139703080412666,0.0020361454006096002,0.0022136070363011,0.0033483600871771,0.0114565839987156,0.0128911876976416
920,-0.0024427280880430996,-0.0006938097803331405,0.0005494865178878,0.0007667949080388,0.0008442097382788,0.0012967171796688,0.0015046885784314665,0.0016054096879038,0.0028223791385063,0.0107701101043953,0.0122064978007538
918,-0.00220962162172985,-0.0007059030998688885,0.0005295258568569667,0.0006827171518172999,0.0007011822064839666,0.0011765896114186334,0.0013823068853036334,0.0014541795036642998,0.0023248476524718002,0.0097826674995183,0.0111984046650433
916,-0.0021345322472569248,-0.0003663878455157501,0.0008761879221911,0.0011150540108360665,0.0012332600324577666,0.0017079660088880667,0.0019293105062654,0.00205692121496245,0.002361896770944,0.009313845548738951,0.0106866849649625
914,-0.00225633151906325,3.186120788297502e-05,0.0012967649780722668,0.001684921644969567,0.0019646713425369,0.0024266776648698995,0.0026663328193528998,0.00288124785357295,0.00281658798761645,0.00966812169760745,0.0110163855246099
912,-0.002447951608451475,0.00023247065129295,0.0015197701012514334,0.0020142638863257004,0.0024087649129845,0.0028648254925932996,0.0031141857504357,0.0033861386139157,0.00325295613104815,0.010395096781256101,0.0117621941924836
910,-0.0026118224250124746,0.000220828132370825,0.001514177348867267,0.0020558758741828997,0.002504641595537,0.0029637829068851,0.0032180503074507663,0.0035100197141822,0.00349817710302805,0.01106383467497795,0.0124780878966532
908,-0.002710612048039075,9.650666825059998e-05,0.0013667440384560333,0.0019251993841834334,0.0023971876462568664,0.002859287922749367,0.0031192118630155668,0.0034154047675047,0.0035914810548270002,0.01147698755490385,0.0129243632671146
906,-0.0027302046787331,-2.585629289232505e-05,0.0011979499439221666,0.0017622093527266001,0.0022442307651387,0.002702658736939867,0.0029668739932009664,0.00326418025241645,0.003597325818122,0.01156644760902015,0.0129923879945749
904,-0.0026828019268704748,-8.381795046612508e-05,0.0010953151324795667,0.0016574894524339,0.002137936137903767,0.0025892058458507334,0.0028520282935402667,0.00314467162117645,0.0035617189569440997,0.01139497954054545,0.0127447738748627
902,-0.00261972282818065,-0.00011001395976402496,0.0010405273357384332,0.0015980746878500667,0.0020712990043812666,0.0025182480714932,0.0027766443368381667,0.00305931097158315,0.0035321868144860998,0.01117192287724245,0.0124380730618154
900,-0.0025996774878539997,-0.00018346305639460004,0.0009425943723305,0.0015024062406604332,0.0019737079344774667,0.0024195468525852666,0.0026763780068979667,0.0029553400791405,0.00352996385968445,0.01111704820379215,0.0123456083854138
898,-0.00263624000611935,-0.000313671807952125,0.0007819185521025,0.0013500684273390334,0.0018241340753203331,0.0022673592517465,0.0025247634464682332,0.0028130045357468497,0.0035312513824218503,0.0112746454879703,0.0125231944758791
896,-0.0026939810821798,-0.0004075517736264163,0.0006686225021273667,0.0012428169134783334,0.0017156713919718,0.002152383781225133,0.0024076950917926335,0.002709068591006,0.0035268946225569,0.011511722509100548,0.0128024780882766
894,-0.0027368477443842,-0.0003871679986548422,0.0007006455552383666,0.0012782647753178666,0.0017481987003871667,0.0021773947781523334,0.0024301755638387666,0.0027362155810379003,0.0035525222521936,0.0116928065737525,0.0130094219047105
892,-0.002757469539966425,-0.00029416715089675,0.0008247422113168666,0.0014073801175382,0.0018825818234128333,0.0023076817030735666,0.002565364821256967,0.0028660987255319497,0.0036128056056681,0.01178031657677225,0.0131024515201296
890,-0.002761754251556425,-0.000221762354591975,0.0009196499991025999,0.0015025592881717333,0.0019880423242156,0.002413902499621467,0.0026834645442801,0.0029742025084378,0.0036485584020718997,0.011787469592949351,0.0131143067357278
888,-0.0027532556042228753,-0.00017636602908100004,0.0009769527432898332,0.0015458590517541334,0.002032540036886733,0.0024615369440136666,0.0027382116754756662,0.0030176599663906,0.00364717699505055,0.01173740187736685,0.0130737982782604
886,-0.0027382961794372,-8.229148132807499e-05,0.0010965282377754333,0.0016456606716220333,0.0021230467950126668,0.002553856249165633,0.0028252175805480663,0.00309524407219855,0.00370838344173115,0.01167635031975775,0.0130083001658723
884,-0.00272490230076255,8.713735545347507e-05,0.0013138158806676001,0.0018585735372415666,0.0023296239035691,0.0027595954111062,0.0030198116644897664,0.0032875241634506003,0.0039064844732754,0.0116435412571213,0.0129407778495092
882,-0.0027096051389434,0.0002586048050977499,0.0015313780481183,0.0020921435204843335,0.0025650319517626333,0.002993412072540667,0.0032472691949260667,0.0035201273644852498,0.00414344914386295,0.01160931569755655,0.0128522191856293
880,-0.0026805279167382,0.00034924100637832503,0.0016377997933594334,0.0022160018824591665,0.0026890457722733665,0.0031169432765693005,0.003370007843921667,0.0036472686853371997,0.0042378780657657995,0.011502895254567349,0.0126988341680908
878,-0.0026371351564161752,0.000353957849417475,0.0016247376584673332,0.0022034838083099,0.0026697592054329335,0.003097124662288233,0.0033484377512842667,0.0036227763925271,0.00413057306461625,0.011310744699477099,0.0124820052649791
876,-0.002594056416817475,0.00033109650671269997,0.0015720717101516,0.0021356048965797,0.002596418910759567,0.0030218841777367336,0.003268249305983467,0.0035367319741027503,0.0039231867512309,0.01109965392539365,0.0122619941093897
874,-0.0025663529986669252,0.000342342359143625,0.0015710086038543665,0.002116723999952733,0.0025798519719726666,0.0030060456940729998,0.003248693420203033,0.0035173252029974504,0.00375465794861165,0.01095319983199985,0.0121096474179873
872,-0.002564312770162875,0.00040706441749060004,0.0016582940743966,0.0021954126543690003,0.0026657349888276668,0.003102606642416166,0.0033471557790374002,0.0036237453110079003,0.00371476306836915,0.0109351057987877,0.0120853315095857
870,-0.002598085488078025,0.00048172434205522496,0.0017781384271759668,0.0023217333769860004,0.0028038669305965338,0.0032613126406556663,0.003513658744492733,0.0038006372830260496,0.0038370611134873004,0.01109051415485965,0.0122393837471725
868,-0.0026677173688398,0.000492042766731325,0.0018212948658782667,0.0023819363777605337,0.0028846977057932995,0.0033593260496840665,0.0036217821672475665,0.003916574799661,0.00408259667033275,0.011406895338562501,0.0125632226462111
866,-0.0027489031855155,0.00041755099770692504,0.0017463906873231999,0.0023173096551198,0.0028417490733362335,0.0033136293947633668,0.0035813883672266,0.0038790308844448996,0.00433651206526965,0.011775521681228,0.012946088089702
864,-0.002808079900483775,0.00032745203113727504,0.0016387743295276666,0.0021965083283389,0.002723838681493767,0.003170420954068267,0.0034320263453425995,0.0037262621693305003,0.0044896129838410005,0.01206130628840945,0.0132472685536403
862,-0.002833061303453125,0.000298475968666975,0.0016020641902748003,0.0021254556218679665,0.0026307578766464,0.0030448004419466,0.0032912977702830664,0.00357738760182055,0.00451922431383745,0.012212083089834399,0.0134089873246879
860,-0.0028339134259810746,0.000334585076604675,0.0016444866639547002,0.0021295432284488664,0.0026063896622935665,0.0029992901339251,0.0032342038277539333,0.0035127456427078,0.0044631392895091,0.01225074996798815,0.0134505253635901
858,-0.002820707561491475,0.00042436374293267494,0.0017511091947178667,0.0022029786578425335,0.0026639715542895004,0.0030526870039430335,0.0032880376790951,0.00356303959415195,0.0043766273922741,0.012201971140949501,0.0133962015208609
856,-0.0028015501604466003,0.000643293299690075,0.002016488881770933,0.0024264883720505333,0.0028796392689835995,0.003271388614268067,0.0035106271887305,0.0037803282067474997,0.00436212874544125,0.01210926268996865,0.0132918035243134
854,-0.0027955961949143,0.0011177932635370751,0.0025879201213783,0.0029106408412131,0.0033414435914733004,0.0037277898025513665,0.003954586108759099,0.00420270531495945,0.0045491700596230495,0.0120839989139916,0.0132501317780357
852,-0.002819664115265625,0.0018741278029594248,0.0034643142008747,0.003606876827278033,0.0039798143205418,0.004339689618123934,0.004524774613168733,0.0047212224645269505,0.00494110205383475,0.012217945043204701,0.0133626535199362
850,-0.0028581321553776,0.002751912045804725,0.004413559108177601,0.004265271816313366,0.004538850361443966,0.004848014400487367,0.004966882139249,0.0050827692538525995,0.00532692323272195,0.01243242184858485,0.0135548748767257
848,-0.0028703380291585,0.003457537955609325,0.0050935368245292,0.0046153335403292,0.004769690265164834,0.0050181839630793,0.0050671145498235,0.0050997316179913,0.0054513424199151,0.0125138132798212,0.0136266400590458
846,-0.002838492593626475,0.0037009276194783503,0.005236715482175566,0.004548566082081067,0.0046162746402723664,0.0048267475821339,0.004830173531340767,0.00481787127918985,0.0052653879846278,0.0123501138096384,0.0134795245416072
844,-0.00279209903686105,0.003369321181249175,0.0047988546220296,0.004146808105286966,0.004210988768453866,0.004436615723584867,0.004440089795593,0.00444453949951935,0.0049386443305530995,0.01207541842646725,0.0132450631856386
842,-0.002775465163659975,0.002668451618335,0.004044622008716567,0.0036318867183399665,0.0037728726691899,0.004064755017141468,0.004110784282923234,0.004174070936147,0.0046624126863848495,0.01193444652314085,0.0131483121413045
840,-0.0028016798993948247,0.002044474394047675,0.0034388766550072663,0.0032810127663137002,0.0035191467803982663,0.0038897251745848,0.003991244434051567,0.00410936434857055,0.004523288589648,0.0120319858105038,0.0132749094473387
838,-0.0028434632243976,0.0018438138894477,0.0033052878778616333,0.003263565399392633,0.003561624869557267,0.00398265295318,0.0041199428573832665,0.004260191876751749,0.00452335829064795,0.0122406012438061,0.0134910213544189
836,-0.0028606579492471,0.0020383416700922247,0.003570075273455733,0.0035084730433824,0.003822592148241733,0.004256882348280166,0.0044014381457703,0.0045391482468872,0.004614473555665501,0.0123377203630771,0.013575318094235
834,-0.002837727163171475,0.00232912392267035,0.0039019738708268668,0.0037886256600805335,0.004101067558432834,0.0045289901272438,0.004667749975571934,0.00479996694430485,0.0047185775934599,0.012232170828673249,0.0134419321309682
832,-0.0028021596192096747,0.0024892871747405,0.004080758284102367,0.003954865328470833,0.004261527754439733,0.0046773743463518,0.0048139783839234,0.00494439922485165,0.004790503453475,0.0120639734871852,0.0132473971206614
830,-0.00279659374889105,0.00252679249263405,0.004139312238050666,0.0040280528618809,0.004317940311189467,0.004713616670792166,0.004853650532037234,0.0049783141731183,0.0048506135484861004,0.01204050865732045,0.0132211745699397
828,-0.002822615075291625,0.002533518514361625,0.004171284814226299,0.004065480348919467,0.0043264195547015665,0.004690600373322866,0.0048333250443605,0.0049456221099261,0.004908539842761,0.012163852643104898,0.0133643811348255
826,-0.0028297320192560496,0.0025163469732402497,0.004161798438226033,0.004051729168020699,0.004287330474293533,0.004618048311985566,0.0047610813150529,0.0048636816965917,0.0049097812170931995,0.01220715818709535,0.0134143087584082
824,-0.00278076407336055,0.002433862356579875,0.0040621008949451665,0.0039662849321114,0.0041958608388114995,0.004505371907706034,0.004650799242690499,0.0047573942805905,0.00483100040027855,0.0120168663633444,0.0131848522636181
822,-0.0027094078059064003,0.00230237367071595,0.003908786852914233,0.0038621897881312,0.004104869508661233,0.0044122166988199004,0.004565766232586533,0.0046923374019392,0.00476290403040595,0.011737816747459051,0.0128370882398188
820,-0.00267876876957515,0.002190384281359025,0.0037901009161087668,0.0038111522681424665,0.0040725024619633,0.004395501950836334,0.0045613527076717,0.0047148836544253,0.0047946489416292,0.01162214110176865,0.0126707239483906
818,-0.0026962711788651,0.002151052455424525,0.003758387855474367,0.0038252537377642336,0.004094911177290134,0.004444096642885333,0.0046200923670175,0.00479104923098365,0.0048671758870289,0.0116957389510348,0.0127300918665882
816,-0.00271154313724705,0.0021941728600510502,0.0038112006901072,0.003866969317375133,0.0041275545963566996,0.0044982544745532,0.004674650237413933,0.00484068451350735,0.00485271335533615,0.011764658661250201,0.0127959923420126
814,-0.0026935376091066247,0.002274079644724375,0.0038866060499437335,0.0038770877183902665,0.004120443913394,0.004492689628887766,0.0046574452385531,0.0048001299578025,0.0047359505081375,0.0117053611952315,0.0127243709470915
812,-0.0026645132167880496,0.0022835992165642,0.0038579461100601334,0.0037773539874937667,0.004013758154775834,0.0043700893043668,0.0045184979481354,0.00463872698837715,0.0046050021930833,0.0115865750701915,0.0125971366225404
810,-0.002652001205237825,0.0021185058473672,0.0036172767811677004,0.003520610682205967,0.0037691804961691006,0.004114465748311667,0.004253765650687133,0.004369371733330549,0.0045045834173195,0.0115104360814533,0.0125294512707198
808,-0.0026490609195683997,0.0017737502713874999,0.0031875928399553665,0.003155489126495633,0.003428171807657733,0.0037854851702218,0.0039290943192083335,0.00405968931528615,0.004410583366394849,0.0114810978269837,0.0125066708452017
806,-0.002638426612180325,0.0013355597597607752,0.0026855586990527335,0.0027739778488391335,0.0030746747542879332,0.0034614202129455668,0.0036201186117597,0.0037777959549234502,0.0043195396677791,0.0114600418934836,0.0124672798617251
804,-0.0026240203630030256,0.000889456757481175,0.0021900578197581997,0.0024060271701120003,0.0027404871208601338,0.0031548687170663333,0.0033343047224772006,0.00352380167732445,0.00425350180968515,0.011441382284854001,0.0124159013249171
802,-0.0026190914474618,0.000503094765326425,0.0017464120606849331,0.0020583198274789333,0.0024334236869494002,0.0028628219698870667,0.003065392571347733,0.0032829529080353,0.00419690071758045,0.01143610241526405,0.0123900208465049
800,-0.0026243316717998503,0.00027387467299587497,0.0014665356609279666,0.0018302701851410999,0.0022433093079683004,0.0026772202272792,0.0029013190463927333,0.00313314025331275,0.00412334552085635,0.011450485699303601,0.0123991616072812
798,-0.002631793527041375,0.00028550297379077505,0.0014744209558922,0.0018527337335822334,0.0022892211590642996,0.002723594502652367,0.0029603978480083333,0.00319059008543495,0.0040581128821627,0.0114880400247536,0.0124328092935268
796,-0.002634584607632225,0.0005078479879972249,0.0017441973781515332,0.0021073754376575,0.002547814039164867,0.002984976990137533,0.0032181451240535,0.00343923890339415,0.00403641065163865,0.01152292742403065,0.0124641638931166
794,-0.0026276171260555497,0.0008248075713468751,0.0021217866031266333,0.002438987516453033,0.0028622071484245663,0.0033077706453871,0.0035186499712296,0.0037286559315423,0.0040491510338604,0.0115072192053055,0.0124511948564379
792,-0.0026162911800409754,0.001156389427193475,0.0025047300564360335,0.0027493251093532334,0.0031381082130445335,0.0035912670719689664,0.003768709754259233,0.0039614207099554506,0.0040995161770019,0.0114665012821249,0.0124082040861993
790,-0.00262313205891145,0.0014627845821026247,0.0028646444640323663,0.0030383569930260003,0.0033964325373115334,0.003843780360426067,0.0039939825168764,0.0041644675069556,0.00423369033055275,0.01152192263688535,0.0124427114842571
788,-0.002662841461218575,0.001651217080142375,0.0031082693453899335,0.0032548749069209997,0.0036147916471945,0.004041290908753399,0.004187868952212168,0.00434948125990765,0.0044324277472536505,0.01172370739493275,0.0126196259207831
786,-0.0027106737633149753,0.00161992823630675,0.0031056153013691665,0.0032872721373037,0.0036849459863790668,0.0040907470632617,0.004258964373545933,0.00444216537125,0.0045663040968434,0.011924290151591,0.0128164008931733
784,-0.002720763993304525,0.00142138718362685,0.0029003109783278663,0.0031535164363267996,0.0035916051349781336,0.003990357335309167,0.004187051383334334,0.00441227299176615,0.00456410265680455,0.011931820071052101,0.0128310130016291
782,-0.002681333386102325,0.0012514109684411251,0.0027204448628232332,0.0030362367074833665,0.003483972061289833,0.0038854897214143,0.004096372080525701,0.0043533643350025,0.004536524599577501,0.011755193697253849,0.0126352369522463
780,-0.0026314160406045,0.0012257231068845001,0.0027084592057199336,0.0030524674223729002,0.003483488554371266,0.003888201034833233,0.0040955137230249666,0.00435646567147205,0.004617575263049499,0.0115902889858784,0.0124204030407211
778,-0.0026191969675981503,0.001271940329494475,0.0027794076492403,0.0031241335556095665,0.0035434371804517997,0.003954298148764833,0.0041525496754795665,0.0044019153537604005,0.004777014804355851,0.011598342045799199,0.0123914773570379
776,-0.00266093497063985,0.00128019483045235,0.0028032811634561335,0.0031430579213025003,0.0035746904425367665,0.0040021849180078,0.004195125129076,0.00444063243102525,0.00491829639600845,0.01179777255642085,0.0125994549595707
774,-0.00273932385030975,0.0012436672051039,0.0027749444024792666,0.003118979387553933,0.0035782195401995003,0.0040281567072644004,0.0042176214794560326,0.00447438541822855,0.0050591049634657,0.012125015730210499,0.0129559523646329
772,-0.00281965225599495,0.0011950745451351752,0.0027266046294822,0.003080269730232834,0.0035604298890223,0.0040252968231354,0.0042098543546636,0.004479902315947399,0.0052452398134509495,0.01247220841560405,0.0133067059315865
770,-0.002864908488098,0.0011322278940635749,0.0026386339432217,0.002985809102525367,0.0034595582380148,0.0039268664985033,0.004107779732294433,0.00437493904203755,0.00537251333148405,0.01268933637903575,0.0134944301580584
768,-0.0028585743627742247,0.001092665869316175,0.002553400462432267,0.0028552306861363667,0.0032835713988761,0.0037457599034862663,0.0039267474918926,0.00416655381403805,0.005298120052719,0.012687951860999601,0.0134622527837153
766,-0.0028203922138140504,0.00117955965350305,0.002620098924834,0.0028378567550290334,0.003190424132887766,0.003643935298693533,0.003825677618272367,0.0040194130584012,0.00508306431842965,0.01255021431185355,0.0133157157960163
764,-0.00278403834293,0.001391082133644925,0.002866514115720567,0.002992095397940333,0.0032690273160462667,0.0037140086706167336,0.0038949163358429997,0.0040389509179501,0.0049150966645260495,0.012429284141291349,0.0132040356259951
762,-0.00275902797187565,0.0015163788551036499,0.0030454376560472667,0.0031114761599836337,0.003341040562902233,0.003788040458027,0.003970295661016267,0.00407745628640945,0.0048160448124008,0.0123577993301995,0.0131509422715806
760,-0.0027301777595388496,0.0013395340598346501,0.002882736345533767,0.0029441033806253997,0.003154571695828667,0.0036217548894826,0.0038105171397175997,0.0039043346550024,0.00463598961378105,0.01225695371141275,0.0130781961215601
758,-0.0026876028214965746,0.0008981239425326249,0.0024059015506419667,0.002510107744924967,0.0027099421926781338,0.003204863993423,0.0034003349129855,0.0035046922938253003,0.0043311964924085,0.0120934506856337,0.012949669650254
756,-0.0026349590046842253,0.00043205364620597497,0.0018842902428041,0.0020515801243281002,0.0022396834211620997,0.0027496192788217335,0.0029454118950264334,0.0030722717807811,0.004042827123144551,0.01189980422498605,0.0127816516301361
754,-0.00257498986476505,0.00013520835300837497,0.0015287033134297667,0.0017509768883861002,0.0019366830050620999,0.0024423741735781,0.0026348648742007667,0.0027769149556846,0.0038878888941701,0.0116760473086806,0.0125538368344951
752,-0.00251343968146215,6.829865034177496e-05,0.0014051961273879997,0.0016645811386393334,0.0018707041088243334,0.002360333838896,0.002555546206630333,0.002696317716179,0.003867144637202,0.011412583904880001,0.012245830645239
750,-0.00246803131551445,0.00024287290611722502,0.0015483869353964334,0.0018418085884377336,0.0020948663110258,0.0025568754313608,0.0027625713882601,0.00290291246161545,0.0039873164092289,0.01116591204950145,0.0119199529469024
748,-0.0024416273345567504,0.0006091810584479751,0.0019186105800334332,0.0022584983501711003,0.0025810037083961,0.0030007020133897663,0.0032127597016048336,0.0033813011692334,0.004232083040726951,0.010949865950572901,0.0116148090439834
746,-0.0024087852043138,0.000989948110928875,0.0022986216905561,0.0026860230369741,0.003086238481481433,0.0034689308400974333,0.0036711412605951,0.0038945591271190997,0.0044219418708326,0.0106681419299481,0.0112667084447541
744,-0.0023691408088306,0.0012165335473683253,0.0024863784178264666,0.0028989943060038,0.0033598580372017997,0.003742221878044467,0.0039214651230428,0.0041894480459613,0.0044082618343083,0.010360475971938801,0.0109305788554808
742,-0.0023761835162507496,0.001304992966531175,0.0025327370690202333,0.0029510253972715663,0.0034407940778529,0.0038582019976665673,0.004019278487333233,0.0042947542340099,0.00435793158696295,0.010319418149291899,0.0108874642348739
740,-0.0024658808853031,0.001357734913524925,0.0025918029398451,0.0030251977241474,0.0035268694307287337,0.003978842993946067,0.004145059097181067,0.0044073565503729,0.004540592679726001,0.0107219227892324,0.0112967535464343
738,-0.00259420500821245,0.001369221304090075,0.0026504440143478004,0.003125030087366667,0.0036480660966559664,0.0041097090862595,0.0043082886381095335,0.0045730386419735505,0.0049142094052578,0.0113333999130176,0.0119178814498001
736,-0.0026914996426792,0.001274646461201,0.0026022283895951997,0.0031268422922575336,0.0036875225379138002,0.004144045490945666,0.004387502062530533,0.00468330341042765,0.0051983796447747,0.011801536338383,0.01239718340797
734,-0.0027482655953775504,0.00112770538341815,0.0024961707807383336,0.0030494961939429334,0.0036475383939633664,0.004102370039336667,0.0043813857495279,0.0047181238207800996,0.00528778659673685,0.012084078722269301,0.012687743711064
732,-0.002799473762830825,0.001069732577030175,0.0024989745119785,0.0030487112306961,0.0036643576984609996,0.0041206675225701,0.004414377630946534,0.00477848026104105,0.00531802618531705,0.0123526699281092,0.0129631345990689
730,-0.002852238378924725,0.001121419084941575,0.0026232458019914335,0.0031534444883392666,0.0037576498868933665,0.004210865227339134,0.004503049098580933,0.00487448154864755,0.0053552250382111494,0.01262541908163765,0.013254575169741
728,-0.00288723969418085,0.00113568635941325,0.0026762145410651667,0.003198382895567,0.0037633205507789334,0.004214305354524733,0.0044998392648113,0.00486568280634565,0.0053077459474484,0.01278827439758635,0.0134536179983558
726,-0.0029132406058445495,0.000998009219283275,0.0025230995508932,0.003063537948658933,0.003575828700942233,0.004036456385196633,0.004315847576822834,0.0046708670156971,0.0051754212308086495,0.0128856345886974,0.0135877497289788
724,-0.002953560256199575,0.000780505843140425,0.0022675564994276668,0.0028398136027194334,0.0033133400767888003,0.0037902911791072996,0.0040633991936807,0.0044049482642753,0.00511921395055805,0.01305711344604835,0.0137740197989003
722,-0.0029846737828780746,0.00064168249470045,0.0021052768387465667,0.0026921927319836,0.0031625689130230002,0.003642435764066167,0.003910153534882534,0.0042340130320132,0.0052094406937564005,0.01321531924430915,0.0139207298770873
720,-0.0029579168568897246,0.0006316170921397,0.0020881510846137,0.0026562947062406667,0.0031530326555085,0.0036128021976727666,0.0038820362354613,0.00418216108609305,0.005326808542641601,0.013126652370655599,0.0138033373495265
718,-0.002887671438855775,0.0006552278476853,0.0021041290029428666,0.0026387901514610666,0.0031621361291045667,0.0035956386538836664,0.0038772510181737333,0.00415193635634875,0.0053840555448161,0.0128385230081791,0.0134740166946612
716,-0.00284663030308035,0.0006132718540666751,0.0020526132488179667,0.002571401626126133,0.0030992196616127002,0.003528453249249667,0.0038275844935205332,0.0040875189296750505,0.00543464599611145,0.0126776571546595,0.0132655797324187
714,-0.002863747918825175,0.0005290849984862251,0.0019754172309576334,0.0025071542037629667,0.0030206002051648665,0.0034780158152652335,0.0037883273303309997,0.00405490817375625,0.0055070427464211005,0.0127754572956617,0.0133293413107497
712,-0.0028962577885280998,0.0005160076111772,0.002004143237795533,0.0025671202605258,0.003067843543262167,0.0035681428126332665,0.0038785756944081998,0.0041707681744584495,0.00555805653170585,0.0129347976654437,0.013483606444919
710,-0.002910868737579775,0.0006244224057485499,0.002182945041538367,0.0027858398483643666,0.003294084859065133,0.0038254184323498995,0.0041318133117405,0.0044564643775211,0.0056314427850363,0.01301308305763875,0.0135681910336142
708,-0.002926433203332575,0.00074167256311595,0.0023582377337863334,0.0030046253498781338,0.0035425968767532332,0.0040861884696957,0.004392250245659267,0.0047492491071929,0.00582422276011,0.01311411085518395,0.0136526769132825
706,-0.002960318634606875,0.0006957575027006501,0.0023129899132767998,0.0029932955801025667,0.0035647211329373333,0.004118300671122999,0.004423460443098401,0.0048163346067045,0.0060493152462277495,0.013313446133534801,0.013812479365304
704,-0.002997308177455575,0.00047129096288025,0.002039176971031333,0.0027308911265687004,0.003315716953724466,0.003890784949148067,0.004182045141853834,0.004617760120067749,0.006094813050862799,0.0135068303836807,0.0139849822647478
702,-0.0030322663093613,0.00025626854685022497,0.00179144016192,0.0024809454845396667,0.0030561522072813335,0.003656471808899,0.0039170644091678,0.0043967980839796,0.0059830372672118,0.01364788529484805,0.0141502451438848
700,-0.003079176208991325,0.00023950798871212508,0.0018136047672307999,0.0025094031266869334,0.0030742360773372665,0.003690268090111867,0.0039143110662687,0.00442772200101305,0.0059839612381101005,0.01383020046851495,0.0143729159661703
698,-0.003118653903678925,0.000425904822986625,0.0020946797530975335,0.002809866581663533,0.003383598021693367,0.0040082802834600665,0.004205227174411133,0.00472949935773365,0.0061923913518198495,0.01401853500186405,0.0145699871312602
696,-0.0031073716115193753,0.0006934457650602999,0.0024591286148370668,0.0031944045517504666,0.0037915960806596334,0.004427690294438367,0.004617711707516368,0.0051191200748851,0.0064018373605763,0.0140225713276767,0.0145451660840337
694,-0.0030646284165211255,0.000948526528618225,0.0027885118157685664,0.003545920531464767,0.004165865870609767,0.004814838888843067,0.005022067209852133,0.0054696442577141,0.006506301002240301,0.0138787945513541,0.0143726080647305
692,-0.0030737684441157504,0.0011494838679047751,0.0030461197868982335,0.0038419662093290667,0.004485166079891433,0.005142498286774167,0.005381516309599499,0.00577559045219965,0.0066928968902177,0.01392354324919555,0.0144188806269627
690,-0.0031609190503370252,0.00125101376545395,0.0031814384161374665,0.0040195400716956,0.004697598170524733,0.005364055806250867,0.005621156838367401,0.0060066470093215005,0.00705218878467595,0.014299494963561948,0.0148149247429952
688,-0.003246022257798675,0.0012311925870107,0.0031602028895212665,0.003998547568724933,0.004714152519068567,0.0053948722967827,0.005628304608403967,0.006061459994877,0.0073170325530256,0.01470293825805695,0.0152215867140906
686,-0.00325547230469635,0.001145120500724025,0.0030475968988843663,0.0038179639819202,0.004545356115996,0.005227670515476333,0.005401636102491667,0.00589544699119605,0.0072333913938695,0.014821776825459801,0.0153062834165368
684,-0.0032145858213124753,0.001071165637334025,0.002941554233310767,0.0036095318535803336,0.004313080578512467,0.004961906932080433,0.005080616573252867,0.005596378398729,0.00694243866301915,0.01473044199525175,0.0151586006517876
682,-0.0031839929465296,0.001034127639586725,0.002869225445441567,0.0034644528635797665,0.004135457176919734,0.004726492757002367,0.004822156720948501,0.0053236112209807,0.006753435367327049,0.0146474241346707,0.015031809692819
680,-0.0031783464046214504,0.001051453690547625,0.0028595858831210338,0.003450951651766633,0.0041134482996525,0.004660455578389666,0.0047549123144963,0.0052505881799925,0.0067759376040648495,0.014612343608878201,0.014986341291016
678,-0.0031953289075153254,0.001188740584822425,0.003028772874153467,0.003677441860765933,0.004358269448254667,0.0048966113224968,0.004994478258221067,0.0055115963523998,0.00698341997726595,0.01462605869421405,0.0150103521204896
676,-0.0032484919869336997,0.001458246210066125,0.0034197318704135334,0.0041414297847737,0.004845493744730333,0.005400911543068233,0.005512799802135033,0.006052013788968949,0.0073703106086399,0.014794147529320751,0.0151786020469902
674,-0.0033234543286072,0.0017330272597221499,0.003844693646892066,0.004605577756793833,0.005328225214704066,0.005917662931544766,0.006057598596958934,0.0066095480219886,0.00784932726370595,0.0151142928880323,0.0154687673606021
672,-0.0033693120037881505,0.0018767412149833002,0.004065722439860533,0.004814983079904667,0.0055690488606170005,0.006217228751236634,0.006369864696520701,0.0069661011842830495,0.00822141600274405,0.01540634524144285,0.0156900461290062
670,-0.0033619695785150248,0.001877110437100425,0.004021450008933033,0.004724828065254234,0.005537300693924433,0.006261918465429134,0.006374608982268733,0.00707973327578115,0.00836567819266825,0.015561649757019751,0.0157147087823342
668,-0.00332809431055535,0.00179708930311655,0.0038104178552548665,0.004455070631735433,0.005318044632975733,0.0060871862437215,0.006125772065217967,0.0069415005690845,0.0083133616342385,0.015600131915642301,0.0155801628006847
666,-0.00328181686819065,0.001658097950917625,0.003544983735812733,0.004117043750841134,0.004961432669373533,0.0057027409918503,0.005721132588881767,0.00652730247024325,0.0080870131527296,0.0154226494969234,0.015308103176171
664,-0.0032091224313644004,0.0014682945719388498,0.0033001296614629002,0.0037845920740412664,0.004554681143963134,0.005242603100244999,0.005324219057889934,0.00600335061383775,0.007679378711599299,0.0149385082148411,0.0149012755819087
662,-0.003155648538241625,0.001301508181719,0.0031556691762239,0.0035742563396494002,0.0042920079394949,0.004966305078474668,0.0051291911102491665,0.00565969438220895,0.007275021874007149,0.01446755083200065,0.0146164741010895
660,-0.0032057260302094,0.0012551039429295752,0.0031856142408733332,0.0035965030194863336,0.004336268093448867,0.0050399869504637665,0.0052472604259331005,0.00565054009450785,0.0072001397074846,0.01450765456173265,0.014806963312516
658,-0.0033453266000131997,0.00135113365248115,0.0033600648494520667,0.0038180819940974004,0.0046266291661060666,0.005359228404319467,0.005563318984825267,0.00587048623301935,0.0075240427937502494,0.015081172088336151,0.0153813023079724
656,-0.003438271276151075,0.0014938798939240251,0.0035237005727217336,0.004073113696997866,0.0049045078217932,0.0056311311665821,0.005798798948327734,0.0060878330635588,0.00789433912205285,0.015565938104721351,0.0157604501183811
654,-0.0034269894516369,0.001577731446878825,0.0035815066181255663,0.004290750342425033,0.0050503443335892665,0.0057550143482319,0.0058742877801162665,0.00626770094122855,0.0080771456419558,0.01558080979404175,0.0157181839177507
652,-0.0034074198929125,0.0015865838968200001,0.0035803106205644,0.004510807137096067,0.0051624202515777665,0.0058626591234031,0.005955070650869267,0.00651957748358425,0.00826439784118105,0.01546167360069775,0.0156415551798537
650,-0.003436954001250275,0.001590381245067325,0.003629848616158267,0.0047098093866186335,0.0053248503527009,0.006027985936428133,0.006151532562808666,0.0068166308137908,0.00860424304607205,0.01552779920388,0.015743394958743
