Wavenumbercm-1,00:02:32,00:05:32,00:08:32,00:11:32,00:14:32,00:30:55,00:33:54,00:36:55,00:39:55,00:42:55,00:45:55,00:48:55,00:51:55,00:54:55,00:57:54,01:00:55,01:03:55,01:06:55,01:09:55,01:12:55,01:15:55,01:18:55,01:21:56,01:24:56,01:27:55,01:30:55,01:37:04,01:40:04,01:43:04,01:46:04
3000,0.0006230976113967487,0.00012649699948995285,-0.00024345799047714722,-0.0006444513453065445,-0.001314026142613646,-0.0006560536602423506,-0.0009946515644459475,-0.0007062624176217489,-0.00140526819220195,-0.001425958311091248,-0.001598590494763047,-0.0019233138127446453,-0.0023519430819654505,-0.0024560119935573485,-0.0030638567093757493,-0.0029906849413579503,-0.0031452680220394463,-0.00315289742885555,-0.003550169969186147,-0.003730616409397751,-0.004128268485741951,-0.004098983777879046,-0.004555157953821248,-0.004731422053612946,-0.004984039893424046,-0.005233281626167145,-0.00825071621895785,-0.001610783943943546,0.0016944357477132535,0.00145234086751065
2998,0.0006618694648399745,7.389326637487204e-05,-0.00024391437671102828,-0.0006645935123985244,-0.0013695764875066227,-0.0004885934846949255,-0.0009033731151928265,-0.000600430935610928,-0.0012617038703225253,-0.0013314024496255267,-0.001332580271098928,-0.0019022475450012274,-0.0022770472883918286,-0.0023833804441785247,-0.0029722471524200253,-0.0028596825148720223,-0.0031002669529999263,-0.0029826187361000275,-0.0034834878156890237,-0.003572493286110423,-0.003992036984557523,-0.004105949243340325,-0.004439242688868028,-0.0046406427843740244,-0.0047958390222861275,-0.005091949864649628,-0.008170316665787526,-0.0014749255805879269,0.001701233525239071,0.0015423216454013775
2996,0.0007060413975648744,6.297901516907206e-05,-0.00027364502556142395,-0.0007411159056240277,-0.001405580265257625,-0.0003397965605644246,-0.000759855379662229,-0.0005550134131352275,-0.001078743707198529,-0.0013424502393431237,-0.0011705760428853268,-0.0018912574243342278,-0.0021782177714126244,-0.002331649884139128,-0.00292466139051073,-0.0028427662248003277,-0.003041938289630425,-0.0028690670716211286,-0.003442313978374724,-0.003482877745089527,-0.0038793035304271264,-0.0041722405757624245,-0.004431004037936524,-0.004601001687195225,-0.004685958671778727,-0.004926570249241424,-0.008166927241342624,-0.0013350203551601297,0.0017313922323440728,0.0016513207837091717
2994,0.0007231303848124204,4.4333331573720436e-05,-0.0003166105975861769,-0.0008564869404266776,-0.001380321134270182,-0.00018280663018847843,-0.0005521297742891798,-0.0005398849810997822,-0.0008812874910958807,-0.0013823539802441803,-0.0011292373998252753,-0.0018394162723373783,-0.002057647435906279,-0.0022412042076176766,-0.0028722220549596764,-0.0028697996575906756,-0.0029362601974939756,-0.0028196203598679775,-0.00336888499516258,-0.0034143982202209794,-0.003785176933328277,-0.004206948400941275,-0.004451735431116481,-0.004583120042922079,-0.00461765812739888,-0.004792087657538378,-0.008193925276471475,-0.0012527007385173816,0.001842155835978819,0.0017859549558969234
2992,0.00071759966642123,-2.6540785410165968e-05,-0.0003442951433695676,-0.0009737842945786654,-0.0013286677426656707,-3.5188032916570744e-05,-0.00034588370931967066,-0.0005250270839017648,-0.0007112935563489686,-0.00134934625668897,-0.0011448047747697684,-0.0017402535638711691,-0.0019339870441438672,-0.002124072133746567,-0.0027558557519460694,-0.0028241179333068703,-0.002777879703295169,-0.002787344171008066,-0.0032552134788936676,-0.0033135556651894688,-0.003695707556986269,-0.004166061242007364,-0.004387253565689565,-0.004522690091830268,-0.004549777612040964,-0.004699489007896268,-0.008152402649712169,-0.0012018867710328687,0.0020418425621323358,0.0019556882996028327
2990,0.0007136292530078303,-0.00013791826987546996,-0.0003533888321262668,-0.0010370529755791696,-0.001306880667450265,8.352574601823426e-05,-0.00021666980825246762,-0.00046626909216356677,-0.0005906533903658681,-0.0012212413592765647,-0.0011280558415794686,-0.0016388649458640644,-0.001819905712710665,-0.0020581552803003653,-0.0026026114413676693,-0.0026592290204026647,-0.0026054989811140697,-0.002729206620692065,-0.0031578198199851693,-0.0031942765215622684,-0.003600922227908969,-0.004054194810825168,-0.004234035446374067,-0.004400592756943468,-0.004471598854166266,-0.004605967585708769,-0.008010967440881166,-0.001117954693621366,0.0022571994373851365,0.002121611492023334
2988,0.0007142803591191002,-0.0002180109635726013,-0.000379424993584801,-0.0010013725184472022,-0.001321127555637104,0.00019455725031349708,-0.0001484067609773057,-0.0003467262005194052,-0.0005111717915621053,-0.0010763084696468056,-0.0010437052434171049,-0.001586798736873403,-0.0017509887083628044,-0.002088315672361403,-0.0024903799154577036,-0.0024573840093824045,-0.0024629178784711034,-0.002655002508021604,-0.003127775121741304,-0.003099339284150203,-0.003503360705914404,-0.003918472881784905,-0.004084228980890805,-0.004278387214636404,-0.004397918901134702,-0.004485843416463502,-0.007847287259293002,-0.0010119720484054046,0.0023754248699573988,0.0022056556721225945
2986,0.0006965109009966809,-0.00019848701808031916,-0.0004352911171686194,-0.0008801175689637161,-0.001353213667691918,0.0003168669052304833,-6.431893578091874e-05,-0.00022519897312491682,-0.0004612922973077187,-0.0009831505508148194,-0.0009302302647906172,-0.0015647463942071171,-0.001765029131263817,-0.002160679274087217,-0.0024290732721547192,-0.002342761907796219,-0.0023435797885773164,-0.0026039708350935192,-0.0031341285756710177,-0.003019281218803918,-0.003423955701122916,-0.003822196995666917,-0.003982720523516118,-0.004209407384692217,-0.004341091377976919,-0.004359461617656019,-0.007759368099182717,-0.0009659790974937167,0.0023435868606390825,0.002170598470907885
2984,0.0006588622955110701,-9.05952875760313e-05,-0.00047323223582783,-0.0007435172192886315,-0.0014177647801986298,0.0004140331777042691,4.8833283328268695e-05,-0.00017866725385093027,-0.0004344835377411288,-0.0009272568462479307,-0.0008580796994909316,-0.0014971736783616317,-0.001834617431366932,-0.0021912096242750305,-0.0023545540698301295,-0.0023489292966263307,-0.00221949998547483,-0.002586914623339629,-0.003099827013394129,-0.00292980520568133,-0.0033857768500479314,-0.0037893505637908304,-0.0038974390829069304,-0.004172796152797132,-0.004286676595029529,-0.00425060477950923,-0.007765159968873132,-0.001024928766686431,0.002228878741423069,0.00206624722738007
2982,0.0006440796784273513,4.68574082555101e-06,-0.0004504038494649483,-0.0006681632033527507,-0.0015142690653453493,0.00043358102797024997,0.00013796630085085096,-0.000195623454744151,-0.00040794440294094833,-0.00087178932347785,-0.0008708342197516483,-0.00136780859980095,-0.0018616591375117501,-0.0021609505040574503,-0.002252500240471949,-0.002392786663916551,-0.002112311856114449,-0.0025615789114115488,-0.0030012374579234495,-0.002862739677437349,-0.0033840010116173505,-0.00378545124289955,-0.0038019285075350483,-0.004138861304523751,-0.0042054837081903496,-0.004165638298911849,-0.007800324741061251,-0.001135253981783449,0.0021583889391309508,0.0019840706989101495
2980,0.0006782843253045345,-1.827650564664024e-06,-0.00039213115639536583,-0.0006795824912638644,-0.0015774906812171634,0.0003711825646975364,0.00018054756889833434,-0.0001933924283959651,-0.0003657598844103646,-0.0008292937064877659,-0.0009498840145041633,-0.0012511359778861648,-0.001775341929091366,-0.0021057367083485642,-0.002190934480867466,-0.0023707093960653666,-0.0020638895385134658,-0.002487826051472266,-0.0028809105695465666,-0.002855360107977066,-0.003390901062327565,-0.003772383518684766,-0.003721011776554265,-0.004135377169778964,-0.004094012757296164,-0.004112754448468765,-0.007796338323626063,-0.0012099511725830632,0.002192457632185934,0.0019727476541365335
2978,0.0007191614034242899,-8.952478004071313e-05,-0.00037171080991881336,-0.000736663260968811,-0.0015532626358283133,0.0002829279911858891,0.00021512497949568998,-0.00013331363066561297,-0.0003247831731227127,-0.0008244222618132117,-0.0010258231056481104,-0.001204539685940812,-0.0016106777281829111,-0.002043349523014812,-0.002199489136993811,-0.0022639183494524116,-0.002036728045327712,-0.0023751487336026132,-0.002768019202941712,-0.002872581572308311,-0.0033734365754094116,-0.0037499992383429118,-0.003681291571903011,-0.004183878766943712,-0.00398708065217411,-0.0040873903646619116,-0.007729260327996911,-0.0012041748874958118,0.002291269873129387,0.0020320000833323887
2976,0.0007074482609979796,-0.0001617452432914196,-0.0004432614302114189,-0.0007772093024059172,-0.0014769439512903187,0.00023212435397688275,0.000268795901052981,-6.470247643622015e-05,-0.00032125074074901977,-0.0008451321640414178,-0.0010338932461177175,-0.0012080421841804204,-0.0014716572396341193,-0.001963162832281918,-0.002209419563179018,-0.0021580378214395186,-0.0019497092873866188,-0.0022741835889535204,-0.0026592336163493192,-0.0028448236131569174,-0.003319618088875119,-0.0037347449095425193,-0.0036736764436198187,-0.004229723637136119,-0.003938648137007419,-0.00406382207784722,-0.0076290186299234185,-0.0011214025495607204,0.00240478249151458,0.002151711666201081
2974,0.0006449528997165312,-0.00015517048253057067,-0.0005868102367129688,-0.0007735613770405714,-0.0014344812641482706,0.00024845462781802885,0.00031551836219342877,-4.352330945307098e-05,-0.00036615795496887024,-0.0008605792115069719,-0.0009604748480263707,-0.0012174321210928693,-0.0014269087873427719,-0.001860135292742069,-0.0021472764358651704,-0.002143702000510672,-0.0018239166881796713,-0.0022394815536488713,-0.0025714951892651695,-0.00275726825108797,-0.0032660566133317706,-0.0037181760052240713,-0.003685883898675371,-0.00420210953031987,-0.003962962088710671,-0.004036710634136971,-0.007573491038652071,-0.0010100525838757715,0.0025388862089939304,0.0023050704607158294
2972,0.0005838011038883165,-0.0001070999594455814,-0.0007364381839270843,-0.0007460043660932822,-0.0014580879730350833,0.0003506975209449162,0.00034227876980391647,-3.617604305188385e-05,-0.00040315987492668334,-0.0008395271318547837,-0.0008327901133568828,-0.0012152463309498818,-0.0014408861763374817,-0.0017368049210048815,-0.002026065909348982,-0.0021893212419419814,-0.0017668918052834819,-0.0022615768237986833,-0.0025387868554282815,-0.0026447905406764838,-0.0032429467590718818,-0.0036451646448137816,-0.003697695444230483,-0.004091962204184282,-0.003979812569840882,-0.004004811463459483,-0.007600495163527383,-0.0009195220709900843,0.002725666830541918,0.0024638293786127183
2970,0.0005660305921120837,-9.785869842991735e-05,-0.0008474972904621188,-0.0007377733325173164,-0.001499852052479319,0.0005312100830339832,0.000366222592819182,1.962769125878408e-05,-0.0003663531067527176,-0.0007738427055962172,-0.000713174955823119,-0.0012086915952036169,-0.0014437056635803192,-0.0016146391894103183,-0.001924100904646918,-0.0021959163876383164,-0.001809582729114717,-0.002278998796414817,-0.0025663405895463183,-0.0025427915191773183,-0.003219401324574718,-0.0034826755477573162,-0.0036697410933650178,-0.0039425610556332175,-0.003906421657189317,-0.003947493510881318,-0.007643513830951118,-0.0008605680592396192,0.002928914637012881,0.002616950781776581
2968,0.0006044596330710035,-0.00015201244152679774,-0.0008965347714878988,-0.0007749504976862984,-0.001511103517195498,0.0006992412401800006,0.0003439664035005015,7.362886076530198e-05,-0.0002835012081326971,-0.000713839905614199,-0.0007021802230103985,-0.0012068995450511995,-0.0014453125737241973,-0.001565046631397598,-0.0019135959998179963,-0.002165447828958198,-0.0018802562942900995,-0.002282601141795397,-0.0026454540265831994,-0.0025077647124666994,-0.003170678708337097,-0.003315009137878598,-0.0036079907281488972,-0.003818216969385998,-0.003798808356753898,-0.0038874802795988983,-0.007623392250881399,-0.000847576204267099,0.003016760289940003,0.0027301415948255033
2966,0.0006826588639686493,-0.00022495061613325013,-0.0008625243604119502,-0.0008363735801398507,-0.0014970940626526513,0.0007191771575206507,0.00018805600943104864,-6.432031564550245e-06,-0.000262163160436351,-0.0007379388746537492,-0.0008563662982612498,-0.0012107373075022493,-0.0015136410537765523,-0.0016600806882862522,-0.0020078857365518517,-0.0021991274300994512,-0.0019328212183594498,-0.002335254894774652,-0.0027837618814033523,-0.00261597633129345,-0.003153528100579551,-0.003294177950671752,-0.00359167186838295,-0.003785432581348851,-0.003802638279559451,-0.0039105615216061505,-0.007564773968911451,-0.00090885027433385,0.0028996520200759504,0.0027382837553690496
2964,0.0007465790137988169,-0.0002737015057887836,-0.0007562509528305818,-0.0008702946527132834,-0.0014901165659900809,0.0005501861246444174,-6.046930378628135e-05,-0.00023857194223918243,-0.00035331454521158115,-0.0008533613653640831,-0.0010848692409858827,-0.0012266943527026834,-0.0016514003995722823,-0.0018552554768098833,-0.0021502992021303832,-0.0023179184584099823,-0.001996032127694381,-0.0024546999129269817,-0.002960611612233783,-0.0028535559427796814,-0.0032402840518682818,-0.003463829538061281,-0.0036705597204997817,-0.0038663488482874823,-0.003947784610254582,-0.0040509563734006816,-0.007553256148984581,-0.0010075209712961802,0.002670953708227019,0.0026437846635239196
2962,0.0007392852513774008,-0.0002965178293344965,-0.000637026124534798,-0.0008536747606355984,-0.0015040711201013968,0.0003066034699951009,-0.00021178156147809782,-0.000460401000025399,-0.0004852860805805992,-0.0009713521054691976,-0.0012085695889798992,-0.0012785216244008968,-0.0017788052217920965,-0.0020084268185995985,-0.002262957096871899,-0.002423190330439598,-0.0020752023899661964,-0.0025576536765943986,-0.0030885815460746993,-0.003072056560644097,-0.003405971098396198,-0.003703403189638998,-0.0037901479088729984,-0.004012110904619897,-0.004107226265332498,-0.0042204633193893976,-0.0076152713737668975,-0.001030532336165197,0.002520194469165401,0.0025520045832289028
2960,0.0006584242216160323,-0.00030084290421786633,-0.0005608194994472654,-0.0008209282840597673,-0.001524443219555565,0.0001526700946416354,-0.0001596808857464646,-0.0005031698621893663,-0.0005535145111451659,-0.001012903637629365,-0.0011610317092475668,-0.0013744767590822653,-0.0018348260364212665,-0.0020394179017218655,-0.002315057897165667,-0.0024478282792069657,-0.002112864633610965,-0.0025705341325681676,-0.0030897215730475644,-0.0031402502614616655,-0.0035422019684830663,-0.0038622905530105653,-0.003866667946296365,-0.004147678526714067,-0.004167802749351166,-0.004312397305760066,-0.007690932475484566,-0.0009177686587811644,0.002517970087203735,0.0025486096856644352
2958,0.0005739054031494994,-0.00029385336770820086,-0.0005278988648108017,-0.0008246768259333008,-0.0015239190332749022,0.000144583049043797,-2.931354828659971e-05,-0.00038229641822110083,-0.0005434483803284998,-0.0010106376792512022,-0.001075627623474202,-0.0014862223708489025,-0.0018421692929245018,-0.002014924877556102,-0.002343820264336001,-0.002435722323983803,-0.002113031436293003,-0.002528921151362301,-0.0030101364822115,-0.0030873637164383003,-0.0035809353302389026,-0.0038973124284493003,-0.0038982885100305002,-0.004232806134959601,-0.004157059911301202,-0.004343638206439401,-0.0077108605539455005,-0.0007625084801654997,0.002573384990947898,0.0025964426885776992
2956,0.000557592542358501,-0.00028381970464749773,-0.0005063755440648972,-0.0008696139920283986,-0.0014952656515434988,0.00020395743534980249,7.472438808501375e-06,-0.00024585456603039985,-0.0005123897770097988,-0.0010420117947100987,-0.0010951894313281987,-0.0015580024416057998,-0.0018456814116803964,-0.0020358540230456974,-0.0023783107095626983,-0.0024267424083357983,-0.002152972419717597,-0.0025168040570270993,-0.0029659915155428977,-0.0030159782990542977,-0.0035435858906161972,-0.0038500027694322973,-0.003928417588522699,-0.004256149282925999,-0.004153505753888998,-0.004405945781195297,-0.007639525438238398,-0.0006889341930411998,0.002610649423686103,0.002597482349925802
2954,0.0006067472557250118,-0.00026065177674868684,-0.0004947284011406865,-0.0009080023826119853,-0.001470345974847985,0.00021415248180701313,-5.1348855485685435e-05,-0.00020824378868778554,-0.0005135753982636881,-0.001115760599596987,-0.0012084726914789873,-0.0015720280878882865,-0.001868849230409888,-0.002108033319392487,-0.0023997260253520863,-0.002393957780160185,-0.0022587667417885877,-0.0025692867302568867,-0.003005219881808286,-0.0029650417485298855,-0.003484688433357686,-0.0037807536887412875,-0.003977266208913588,-0.004222851578666788,-0.004192616122158287,-0.004522033053799886,-0.007495967262332887,-0.0007071201004638858,0.002648740794261712,0.0025269812796243143
2952,0.0006683942767093491,-0.00019072209663665088,-0.0005215620398062518,-0.0009102714614858502,-0.0014897965405556504,0.00011932904119545118,-0.00012627149902175172,-0.00030547529119065095,-0.0005672428072171498,-0.0011943520285688514,-0.0013268429235037509,-0.001602665253452349,-0.0019439441188408499,-0.0021943252451595494,-0.0024288570918018504,-0.002365013412398552,-0.0023984719858572492,-0.0026810476970270496,-0.003094189150741951,-0.002958630537751552,-0.0034600250433915493,-0.0037730477756730517,-0.004075782809806649,-0.00418161504355935,-0.004309818635157052,-0.004654602048516251,-0.007360677915917251,-0.0007654842084995513,0.0026992615828364507,0.0024439578617750507
2950,0.0007021042818191811,-7.208739060182018e-05,-0.0005848871116005197,-0.0009070057052557243,-0.0015460651645061232,-4.4325502956119034e-05,-0.00022484823424642059,-0.0004993947726310219,-0.0006638693718616223,-0.0012579672637184208,-0.0014170661003327228,-0.00172945928444522,-0.0020768649195913175,-0.0022852133363343227,-0.00253746051023342,-0.0024446230671842234,-0.002555170645888921,-0.0028432888145854193,-0.0031978962622278215,-0.003053225396939519,-0.0035026105804145218,-0.0038730723188998215,-0.004252261702430021,-0.0042172559329832215,-0.004520212941229319,-0.00477549529184142,-0.007308486771015022,-0.0008198067617193189,0.002733811799344482,0.0024079410901449785
2948,0.0007012633096773191,2.9926294658817743e-05,-0.0006310715747735868,-0.0009536347796381822,-0.0015806405143270821,-0.0001885208355007842,-0.00038730942507718413,-0.0006826576115282826,-0.000761883568519181,-0.0012978454743943837,-0.0014975017034592822,-0.0019078148878933845,-0.002204043784057086,-0.002366855560890585,-0.0027240322115888865,-0.0026588211209671864,-0.0027309801111317852,-0.003034115547316883,-0.003308976151190385,-0.003255989744506381,-0.003592388177705984,-0.0040243882979764806,-0.004457629373763386,-0.004369337138534983,-0.004755514592084384,-0.004871127130391784,-0.0073356158009665814,-0.0008266201739160831,0.0027582601544850135,0.0024341572644027143
2946,0.0006684086052179752,4.540161522358088e-05,-0.0006160713198572199,-0.0010571435125700246,-0.0015577785629892205,-0.00024903058293641867,-0.0005356449577714195,-0.0007223841873783207,-0.000779606390608624,-0.0012905422512344208,-0.0015457295120367212,-0.0019892358784220215,-0.0022317979818131245,-0.002386075638741922,-0.0028601426146784223,-0.0028661003891571196,-0.0028706227263590248,-0.0031910325823080246,-0.003405723829301918,-0.003449601070001522,-0.0036598255975371224,-0.004109695688247324,-0.00455943100877252,-0.004555329789688221,-0.004881380762732118,-0.00490115175585782,-0.007350085905853919,-0.0007189034669803224,0.002843364777373278,0.002517183174974881
2944,0.0006050113737601642,-2.5997036657440797e-05,-0.0005639914538590404,-0.0011608236376269357,-0.0015107331770737378,-0.00020922034072894113,-0.000510766412659236,-0.0005606911922805408,-0.0006631092329621377,-0.001225962238360842,-0.0015025568675078385,-0.0018917170614556403,-0.002134860264380742,-0.0023049487477450406,-0.0028198673200238375,-0.0028968127253590423,-0.002866588800715636,-0.003241649384869136,-0.0034382222351640387,-0.0034916330885529367,-0.003646593882820841,-0.004070715786392641,-0.004471143350385037,-0.004624933665521136,-0.004812509763896737,-0.004822763311192038,-0.007262785150109939,-0.00047420074695164044,0.003030962920976564,0.0026565339314569628
2942,0.0005300243809832142,-0.0001345357293236829,-0.0005334962187768869,-0.0012007921868100874,-0.001495433217044581,-7.344563178888347e-05,-0.0002767439897959842,-0.0002843974580599845,-0.00046971451300738265,-0.0011478566144563843,-0.0013683684538577864,-0.0017024931622323866,-0.0019880698170424843,-0.0021602979051081814,-0.002630388746614483,-0.002735436600680985,-0.002703251729899686,-0.003159472428408583,-0.003379575225889081,-0.003375939702849183,-0.0035635988566918853,-0.003956943141364584,-0.004259873606669587,-0.004512310326921287,-0.004598039863051684,-0.004654824832387286,-0.007072772506438785,-0.00018452970990368717,0.003260581186137715,0.002834232970972017
2940,0.0004897707261591819,-0.00024285680520231417,-0.0005471921763650148,-0.0011601945029541191,-0.0015290388970472177,0.0001290508241836852,1.3609107155851397e-06,-7.236444893981425e-05,-0.0003477686248438139,-0.001120842800361517,-0.0012446809001646145,-0.00159615670355482,-0.001888351254781817,-0.0020521159512768145,-0.0024359958453242167,-0.002534478505228116,-0.002521401968733017,-0.0029948965773884187,-0.0032910169728786187,-0.0032364445523832136,-0.003493054229198919,-0.00386699580074832,-0.004095668305076017,-0.004328930866889118,-0.004383906965427717,-0.004495535802318016,-0.006888729143122416,3.217027378280002e-06,0.0034135960984894853,0.002989511655409484
2938,0.0005106840686750977,-0.00033357019696019993,-0.0005742430849029999,-0.0010773468893296029,-0.0015852345116509,0.00033320920380379773,0.00014712577661799703,-4.96899306979999e-05,-0.00038167445233929995,-0.0011527610896755018,-0.0012223975086983023,-0.0016466576757818013,-0.0018652000667874029,-0.0020646645623021015,-0.002339961184247303,-0.0024360202563746026,-0.0024434442657713003,-0.0028462876362440014,-0.0032760390445565023,-0.003185339805887401,-0.003500867665012203,-0.0038507181136625997,-0.004066131273896,-0.004231105230905103,-0.004291851522616401,-0.004413863684554303,-0.006826748206639602,2.7501810497897183e-05,0.0034133785076156005,0.0030597106141686016
2936,0.0005669174604897714,-0.00037880582743473126,-0.0005770097339057312,-0.0010062780659719286,-0.0016265280315255308,0.00046011767857306873,0.00014038585166016929,-0.00019417883494732974,-0.0005019113967434305,-0.0012004132168496294,-0.0012820247808531318,-0.0017668014355403314,-0.001885171396630931,-0.0021921161752183303,-0.0023425862614795297,-0.002453193155618129,-0.0024335634714234312,-0.002782056685056329,-0.0033757687562307286,-0.003215311445922131,-0.0035734550062798305,-0.0038881999009543304,-0.004123848170716329,-0.0042585500711067314,-0.004349027908801831,-0.004386354011598731,-0.006902896232523631,-4.527978264372984e-05,0.0032628879401649692,0.0030217041983481713
2934,0.000616693803167468,-0.0003586258636105316,-0.0005561563542813321,-0.0009795901931448324,-0.0016184387813726296,0.0004725854100089688,6.255678301136935e-05,-0.00038811340853963164,-0.000587738192188731,-0.0012377145439533312,-0.001341320165735932,-0.00183650532177293,-0.001908545097296932,-0.0023523731376240316,-0.002410697306295631,-0.002533632405773532,-0.0024057543246845305,-0.002794446259206832,-0.003535968233018832,-0.0032683545145488317,-0.003668380832092732,-0.003949390433737231,-0.004202134788949232,-0.004361342149455832,-0.004493503330514032,-0.004387359755310832,-0.007052254767339731,-0.00012668853193253254,0.0030365342464823697,0.002896117389241868
2932,0.0006469984376090334,-0.0003030983743150667,-0.0005388243698440671,-0.0009935791499957672,-0.0015456184716686663,0.0004019596353550328,-2.4411402785166555e-05,-0.0005310309517342661,-0.0006097888759658658,-0.0012652098625659663,-0.0013554540951710662,-0.0018294295484005667,-0.0019169365343937664,-0.002460261711244867,-0.002523087016837766,-0.002630603060879467,-0.0023624349245514667,-0.002822254962916467,-0.003652052550352067,-0.0033149641079072666,-0.0037674358802067664,-0.004021894185940067,-0.004273320247401366,-0.004487263947821566,-0.004613903296428266,-0.004437210484213366,-0.0072003367668669665,-0.0001959332518850672,0.0028593240704278336,0.002734121928214532
2930,0.0006651059302501174,-0.0002643684957990833,-0.0005428976276737833,-0.0010121461831687825,-0.001441217268480583,0.00028651508022541766,-0.00010833088639948356,-0.0006038708657136824,-0.000639916810063982,-0.0012766503523167824,-0.0013606090527767834,-0.0018090935552028831,-0.0019302559304622824,-0.0024998814825543825,-0.0026514879126687827,-0.0027170891122534823,-0.0023589406979521825,-0.002836901163999383,-0.003659767121657583,-0.0033676054368290825,-0.0038675373942717826,-0.004103412448736683,-0.004328428374076583,-0.004602094528015483,-0.004649729593857283,-0.004543338926611783,-0.007325237269913983,-0.0002781103048986825,0.0028159783398722174,0.002595523644872118
2928,0.0006608621803552324,-0.00024194317889376753,-0.0005752581812157676,-0.0009889096596856677,-0.0013695552551545673,0.00013217528570503255,-0.00018147732310276783,-0.0006423992283943669,-0.0007354800301158674,-0.0012631465865160672,-0.0014149651665379672,-0.0018370846424109674,-0.0019945456493164673,-0.0025094600990903677,-0.002744063194903867,-0.0027797121705394673,-0.002398698595567867,-0.002879738479036967,-0.003589166918933767,-0.003461175187452867,-0.003945330832063167,-0.004184227547402867,-0.004370062717613868,-0.0046663635604622675,-0.0046542457231947675,-0.004665844126165367,-0.007460081452902267,-0.00038820195864616713,0.0028553081570046324,0.0025148040945945326
2926,0.0006080485102855325,-0.00019063335569966759,-0.0006346818517038678,-0.0009095464707913675,-0.0013536261283560672,-3.1495382579967146e-05,-0.00023006150968716763,-0.0006883050311828672,-0.0008671899224842678,-0.0012419725911333671,-0.0015176740503828673,-0.0019079801658276677,-0.002113709218392968,-0.0025068066530099676,-0.0027629517666819675,-0.0028123134838067675,-0.0024601650262273678,-0.0029902247158972673,-0.0035399576536170674,-0.0036006546579846676,-0.003979557355639167,-0.004236619124873268,-0.004415038234829067,-0.004658116140535868,-0.004713585965034567,-0.004752093636266167,-0.007638878133890467,-0.0005291191024560677,0.0028511021196910326,0.0024804392962654333
2924,0.0005229919938697335,-0.00010572926610416707,-0.0006954826398706667,-0.0008213523086938665,-0.001341431110683267,-0.00010727549589876692,-0.00025680716687106683,-0.0007556723623147665,-0.0009753537984842665,-0.0012366071772822668,-0.001601152191296567,-0.001963490747620667,-0.0022159385729720667,-0.002449868626556467,-0.002729045117655267,-0.0028108537951827667,-0.002548840995901467,-0.003115957079380167,-0.0035778177081388666,-0.0037213145065751667,-0.003985607915786667,-0.004235478506194367,-0.004456909273012467,-0.004614863805516466,-0.004819214382169267,-0.004778531573896067,-0.007831089113580067,-0.0006933772495162673,0.002743782535262233,0.0024410033314822338
2922,0.00048419527238836683,-2.5480632777333603e-05,-0.0007180031415469335,-0.0007794925699416335,-0.0012966523207957334,-2.500949895713374e-05,-0.0002692974622845335,-0.0008025705229813334,-0.0010173783726470337,-0.0012249368445537336,-0.0015873128270467336,-0.0019604764493197334,-0.0022183032636040336,-0.0023037945304753334,-0.0026769611220117335,-0.0027629064426998333,-0.002637077324749333,-0.0031454405665196335,-0.0036353892031164335,-0.0037253681520599334,-0.003968502978526333,-0.004181419491119434,-0.004433427717494051,-0.004582337727109534,-0.004864134325244633,-0.004745327040071933,-0.007931787307563033,-0.0008434647564667334,0.0025711418602273666,0.0023354333926732668
2920,0.0005604663588342166,2.874927502471633e-05,-0.0006918165107359835,-0.0007813401364421837,-0.0012709798105426835,0.00014309509635251644,-0.0002648576893543833,-0.0007621723830804833,-0.0009602686870685832,-0.0011723837180180835,-0.0014827702797001834,-0.0019112584173285835,-0.0021368686330400836,-0.0021431519303870836,-0.0026236854672013836,-0.0026852390760933836,-0.0026528472655156835,-0.0030593478196923015,-0.0036061245183304836,-0.0035984073420980834,-0.0039060084573403833,-0.004120303527687283,-0.004316297193930884,-0.004559603311612084,-0.004792901225223384,-0.004681430162647384,-0.007884068318954083,-0.0009401015622701836,0.0023824382792082166,0.002154920823861917
2918,0.0007188726055335167,6.294971607121672e-05,-0.0006522810576504833,-0.0007912547555677834,-0.0013183865505785833,0.0002702441926802166,-0.00022284563621208318,-0.0006207516659822833,-0.0007897708067951834,-0.0010970895208249833,-0.0013680613500505834,-0.0018442942860299833,-0.0020636640213525835,-0.0020827698951460835,-0.002569987969130083,-0.002620650348752583,-0.002566207757156383,-0.002947707884136983,-0.003480475580634983,-0.0034405502647853834,-0.0037900659125130833,-0.004089325908004083,-0.004170731591716383,-0.004516318299420983,-0.004650551042236084,-0.0046344550016963835,-0.007759745576443884,-0.0009804461403164833,0.002192910144551317,0.001980100042192117
2916,0.000840629862661116,7.96644998032163e-05,-0.0006379019083193839,-0.0007972652812266838,-0.0014041002887604838,0.0003458274882017164,-0.00011244410345038385,-0.00043540257345128374,-0.0005410865084189839,-0.0010317169124272837,-0.0012709721234070838,-0.0017464901963395838,-0.002022758413856784,-0.002109575704252584,-0.0024861166018673836,-0.002553791560110384,-0.002421491563616484,-0.002855813522346084,-0.0033161743412127836,-0.003310997978171184,-0.003643468568348884,-0.004042443702607284,-0.0040493908692092835,-0.004425330158072084,-0.004472916558916984,-0.004598780514842184,-0.0076629861628105846,-0.0009819522456330839,0.002046201725842916,0.0019189731158422165
2914,0.0008504480050972501,7.062476904264991e-05,-0.00065014478087975,-0.00081181995588035,-0.0014577812547414502,0.00044528932577554995,5.4342105144650123e-05,-0.00027251508163305,-0.00030642581654695,-0.00096895667557125,-0.00115052904275355,-0.00159009125612155,-0.00195967430663365,-0.00210661090815695,-0.00234605032572615,-0.00243354152694205,-0.002264745656334847,-0.0027386143740682502,-0.0031513534606955503,-0.00316335860686285,-0.00349926952238275,-0.00391218754223115,-0.00392558278613455,-0.00428156468125035,-0.00426341295926665,-0.004519144311099951,-0.00761262615578755,-0.0009473881493879501,0.0020254929076083503,0.0019986732173616502
2912,0.0007796083328669167,3.7404158025816604e-05,-0.0006687532928915834,-0.0008332424427661834,-0.0014602940680540834,0.0005666049287430164,0.00019634262672411635,-0.00015461758877518346,-0.00017702409483318342,-0.0009058042262267835,-0.0010078643586323836,-0.0014018993589958834,-0.0018572621548251036,-0.0020325053972936836,-0.0021861867620151833,-0.0022844492404515836,-0.0021035144719743835,-0.0025780337940816836,-0.0030060952621619834,-0.0029824103728442837,-0.0033731151161853837,-0.0037158775780594833,-0.0037735806106624836,-0.0041053082783350835,-0.004065962804451184,-0.004390989273648683,-0.007555924545958583,-0.0008795320816992834,0.0021561881921964166,0.0021452773128191162
2910,0.0007016943966209833,-3.773071769516646e-06,-0.0006851240074337167,-0.0008408072705158166,-0.0014335316894148167,0.0006184944868323832,0.00023609308834688335,-7.07051803438166e-05,-0.00016778776656341666,-0.0008796492650265167,-0.0009190118190032167,-0.0012554291200848285,-0.0017550915759568168,-0.001961514165684717,-0.0020833479437110166,-0.0021900262629393165,-0.0019608796011589165,-0.002438668750587617,-0.0029153799418479166,-0.0028501026855830168,-0.0032637208855917166,-0.0035384831462439165,-0.0036318847445201167,-0.003937245549780817,-0.003950270490014417,-0.004287034838405017,-0.0074648698704302165,-0.0008212183569071167,0.0023587940759154835,0.0022615416425128833
2908,0.00066035959697165,-5.3759356920749966e-05,-0.00070178171645225,-0.00082404894355645,-0.0013897659995652499,0.00056650553795755,0.00019073009250724997,-1.045318861934996e-05,-0.00022329643217865,-0.00090733854990365,-0.0009348072043385499,-0.0011785607032532498,-0.00166806109876275,-0.00195105298746375,-0.00206968495404835,-0.00216985468956355,-0.0018978383195813499,-0.0023785587620875496,-0.00289907360722265,-0.00283258622760505,-0.00317830320012465,-0.0034393101883051502,-0.0035528418455266497,-0.00382001656170895,-0.00392275665855875,-0.00426147940567215,-0.00737159040958385,-0.00082847903364865,0.0025245953127967504,0.0023089964195230498
2906,0.0006500705697646499,-0.00013464594411665006,-0.00070237030949255,-0.0007989975808318501,-0.00132932027476405,0.0004853397752147499,0.00014614792287404995,1.2683279819249952e-05,-0.0002970863868846501,-0.0009432936827676501,-0.00099580142903625,-0.00113293886366415,-0.0015684511632620501,-0.0019636384287730502,-0.00209612883390025,-0.0021600721408869504,-0.00193455740530615,-0.0023717821564810497,-0.00292085952838145,-0.00287582076095745,-0.0031302157174321497,-0.0034146734303026503,-0.00352563621941645,-0.00376433877394475,-0.0039119684298880505,-0.004261914392864751,-0.00731215010008285,-0.00089825015346225,0.0026119873055430497,0.0023152635394404503
2904,0.0006483759154823831,-0.0002354624236753168,-0.0006679148346002169,-0.0007916873066284169,-0.001263749922945917,0.00044698110489348316,0.0001438582210920832,-1.4419688602516803e-05,-0.0003894087776485168,-0.0009354631798308169,-0.0010082061720463166,-0.001103319489775117,-0.001465681472943617,-0.0019485356130554171,-0.002105576416732617,-0.002126071336975917,-0.002010949614837017,-0.002371366867581317,-0.002924454583187417,-0.002885023178250417,-0.003116854210437517,-0.0034395668852209168,-0.0035069132264096167,-0.003754879876841617,-0.0038713124234936174,-0.004204392083499217,-0.007295593960183217,-0.0009698618874069168,0.002637594476488383,0.002310438572367483
2902,0.0006423077976935667,-0.00030346140392063336,-0.0006237465899125332,-0.0008085019392356334,-0.0012023394319950335,0.0004401528541385667,0.00014256740718766663,-6.88682618267334e-05,-0.0004990629415264334,-0.0008998024751062333,-0.0009697262938478332,-0.0011287582796924332,-0.0014296838700375333,-0.0019220495880189331,-0.002103183231093133,-0.0021137403607035333,-0.002068161872204533,-0.002385897820798833,-0.0029061001419014333,-0.0028605665474866334,-0.003123842294290733,-0.0034913882548914333,-0.0034973330389623334,-0.0037856497074649333,-0.0038342016206062337,-0.0041084924506936335,-0.007319573487370833,-0.0009978848084435334,0.0026135126667967664,0.0022957415673702667
2900,0.0006254322812159999,-0.00030617811744590006,-0.0006257902514319,-0.0008264623916457001,-0.0011446641883845002,0.0004218248386704999,9.285307825579979e-05,-0.0001187373734525001,-0.0005845430371263002,-0.0009043709978498002,-0.0009559518910281001,-0.0012296624451108003,-0.0014959537807642,-0.0019235877077129003,-0.0021151403297635,-0.0021600693500531,-0.0021152347850035003,-0.0024366375807503005,-0.0029150814341927,-0.0028691933004561998,-0.0031499632806642995,-0.0035384189408794,-0.0035274860703124,-0.0038563114953152995,-0.0038449378492924997,-0.004067984595311,-0.007379677749696699,-0.0009899900764085,0.0025470535095853,0.002277662667692
2898,0.0005951628512374666,-0.0002642044497115335,-0.0006883240073562336,-0.0008107322618350332,-0.0011126759937139334,0.00037886199216366663,-9.82238223673341e-06,-0.0001826109327266335,-0.0006154790980599336,-0.0009906430737456333,-0.0010044227329096334,-0.0013580652825626335,-0.0016109308316135335,-0.0019516851542101335,-0.0021324951868503337,-0.002226382709293034,-0.002176685315294433,-0.002492935982531333,-0.0029787136024934336,-0.0029266231680575338,-0.003213224307177934,-0.0035641993859586336,-0.003593571017488334,-0.003936635536985934,-0.003904075341762534,-0.0041030631019252336,-0.007454151531961934,-0.0009704577640028335,0.0024716623426792664,0.0022807738613792664
2896,0.0005570412355128502,-0.0002111792060627499,-0.0007589953659871498,-0.0007468592326935499,-0.0011466657583756497,0.00031234757659185015,-0.0001498468960382498,-0.00031380485866954995,-0.0006235176276907499,-0.0011367083062494498,-0.00107522019855515,-0.0014512998975088497,-0.0017092833839524497,-0.00198442435285475,-0.00213874165842065,-0.0022587001908813496,-0.00222376730506925,-0.0025111521019320496,-0.00305955525517495,-0.0029865063232844494,-0.00331642288134825,-0.00359520797209335,-0.00366111622131145,-0.00396998175446725,-0.003999545963229849,-0.00413516629544085,-0.00750437910978055,-0.0009417054525377498,0.00243053468312765,0.00230665832760625
2894,0.0005226263783896833,-0.00016003994324191692,-0.0007807526237643169,-0.0006659790159195169,-0.001236223586143717,0.0002276834498221832,-0.00029796040418681694,-0.0004969677077235168,-0.0006578032138335169,-0.001276337157447817,-0.0011235932735435166,-0.0014967017051042166,-0.0017787576664671167,-0.002016408475274417,-0.002151113635237117,-0.002258347110779017,-0.002212458160908917,-0.0025049003144591167,-0.0030892338133826167,-0.0030189559015811173,-0.0034134687437928166,-0.003654670903870617,-0.0037102694082644166,-0.003927300155605417,-0.004114855992731817,-0.004114715805026317,-0.007500336707915518,-0.0008938474857101166,0.0024370135790068833,0.002320368790679783
2892,0.0005031437536574335,-0.00012380727639516682,-0.0007525984560798667,-0.0006292299170828665,-0.0012976749715268667,0.00016116454498373315,-0.0003864213790900667,-0.0006182476969376666,-0.0007074433203589667,-0.0013353183646429667,-0.0011489028654391668,-0.0015159170239881668,-0.0018183039745911667,-0.0020425726084686664,-0.0021827247121864665,-0.002249590829829967,-0.0021561632949478665,-0.002518004574759967,-0.003031512702870367,-0.0030232706019620668,-0.003435130694179567,-0.003703532176468967,-0.0037369002624876666,-0.0038398385085295665,-0.004190417479174767,-0.004085481577825767,-0.007441254020134266,-0.0008336129282941664,0.0024746717360358563,0.0023001668674273333
2890,0.0005043855926731172,-0.0001257748938626826,-0.0007149321858863828,-0.0006670713559453825,-0.0012727614707348828,0.00015829299903761737,-0.0003569643446744825,-0.0005881299411095828,-0.0007198422222949828,-0.0012821874378902824,-0.0011662666767669823,-0.001524083626756483,-0.0017969671061585824,-0.002049663504289283,-0.002196018912134483,-0.0022301888028280824,-0.002103408424990683,-0.0025468188534628826,-0.0029151735775913823,-0.0029900300358348827,-0.003355102708333483,-0.0036788224516598827,-0.003732024263823583,-0.003759112652113783,-0.004153443437243982,-0.004095847240162983,-0.007352865544020882,-0.0007811670490483831,0.0025243290992723174,0.002276154313756217
2888,0.0005225447246515833,-0.00015838582040341668,-0.0006931170002239164,-0.0007410173389113166,-0.0012146478293917169,0.00021392600742828338,-0.0002456512023496166,-0.0004470857577994168,-0.0006819544390102164,-0.0011646861987872166,-0.0011697150617270167,-0.0015240375726352168,-0.0017025153955352165,-0.0020400081058774165,-0.0021545378694492164,-0.002199395901745317,-0.0020669292483817166,-0.002541439719080517,-0.0028090176515822166,-0.0029139486425020164,-0.003216889624756817,-0.0035837505005102167,-0.003692492768474517,-0.0036987692688327167,-0.004013422188331617,-0.004118668066198217,-0.007269297138572517,-0.0007537737927360167,0.002566969349154383,0.0022846232642787833
2886,0.0005415698166930166,-0.00017009706465928327,-0.000681855899507883,-0.0007869666407106829,-0.0012154005352308836,0.00028337087838891696,-0.00014878878441368327,-0.0002998143629159831,-0.0006330096176009833,-0.0010716129451804834,-0.0011406210421929836,-0.0015049576599753833,-0.0015872770577625831,-0.002021227618752883,-0.0020938221809991835,-0.002181828816093983,-0.002023197572560783,-0.002473612427182283,-0.0027623837832720832,-0.0028295008752613833,-0.003087834090558983,-0.003483393376542083,-0.0036373584977475834,-0.0036385587168599833,-0.003869455255515983,-0.004100874885999483,-0.007216949162866382,-0.0007609802860674831,0.0025891043506511167,0.0023127503234157167
2884,0.0005405332513764667,-0.00013161767800603337,-0.0006671604663413331,-0.0007922521409398334,-0.0012780621158831333,0.0003508027771824667,-8.849459749463336e-05,-0.0001901290505345334,-0.0005996653864509334,-0.0010412828926993334,-0.001076390053008133,-0.001439149729175433,-0.001512816999926133,-0.001971565364599633,-0.002079214099607233,-0.0021805846164697335,-0.0019601139641088334,-0.002367094829321133,-0.002765022410682933,-0.002781233308824633,-0.0030018181500575335,-0.0034155574037757334,-0.0035849869607676335,-0.003573993167895633,-0.0037949972175247335,-0.004038651984976233,-0.007202213471053133,-0.0007918577587354334,0.002609937786020767,0.0023285591497938666
2882,0.000513868669412134,-9.007740642926615e-05,-0.0006370966597713658,-0.0008011236865910665,-0.001325129037152466,0.000425215197582934,5.992985726833728e-06,-0.00010287469270616606,-0.0005658631850283661,-0.0010352201829772665,-0.000997645377528666,-0.001319767942382866,-0.0014811148935119658,-0.001871601366752566,-0.0021102123130616658,-0.0021564783055202665,-0.0018852419305549662,-0.002269687399800766,-0.0027741792876507664,-0.0027665354379992663,-0.002959844607982366,-0.003369772541063566,-0.0035297122134390663,-0.003534531078525966,-0.003771348000965466,-0.003960658677610066,-0.0072106571106824655,-0.0008050931856293663,0.0026720013397754337,0.002339558120532034
2880,0.0004822153265165337,-0.00011743418253536662,-0.000585472179524666,-0.0008417933869696659,-0.0013114877902422667,0.0004714251198102339,0.0001539677128528337,-5.332942356366631e-05,-0.0005140013029197666,-0.0010129066322626659,-0.0009363926221776665,-0.0012062057366395663,-0.0014669025043412666,-0.0017727023979423658,-0.0021270002266069662,-0.002097640779381466,-0.001809823405383366,-0.0022267345571110667,-0.0027749272567442664,-0.002754146376433366,-0.0029636792484787665,-0.0033504588337540664,-0.0034719227867692666,-0.0035495197844248663,-0.003757489434524466,-0.0038799247475251666,-0.007224537254018766,-0.0007595708662008665,0.002776872359466334,0.0023739722127554337
2878,0.00047309510804631645,-0.00021852851975838385,-0.0005297708233278839,-0.0008842759528251837,-0.0012632177041381832,0.0004289484831796163,0.0002527704348765161,-8.356455471558374e-05,-0.0004586257945216835,-0.0009867564400702833,-0.0009190783906385834,-0.0011831737621319834,-0.0014818487831329838,-0.0017645205142809836,-0.0021014533604996836,-0.0020596712770541833,-0.001759395032694784,-0.0022617412465770837,-0.002786132537569484,-0.0027444246874884833,-0.003012792763696484,-0.0033837867378149833,-0.003444432124770383,-0.0036123111800322833,-0.003752415782295783,-0.003805520363072283,-0.007239057056736483,-0.0006647310733474835,0.0028626114068477163,0.0024226978920033164
2876,0.00048826406035683365,-0.0003249094624582661,-0.0005149363797612664,-0.000885195498793066,-0.0012147795284081662,0.00031549776160653357,0.0002091265337532339,-0.00017617518075846612,-0.0004271081415857664,-0.0009836709423519663,-0.0009506377956552663,-0.0012582331166986664,-0.0015534284911093658,-0.0018526884270226663,-0.0020651173566218666,-0.002088560712854166,-0.0017770375877915658,-0.0023516997290123666,-0.002807591957770566,-0.0027638496522937664,-0.003075088804521766,-0.003446382558925266,-0.0034718937695875666,-0.003687145097695366,-0.003754591933988266,-0.0037684362414561667,-0.007254178966721665,-0.0005775064652396664,0.002880196514170534,0.0024515568090639336
2874,0.0005006445924040505,-0.0003774426701652501,-0.0005694401688813499,-0.0008483175865239495,-0.0011710552607209499,0.0002170386998335506,5.8249485459750325e-05,-0.00026922999485745006,-0.00044052920984625,-0.0010050866308933494,-0.0010170115772654498,-0.0013557691150234497,-0.00166539950155805,-0.0019460147343589498,-0.00205440549671635,-0.00215438945417325,-0.00188204839100005,-0.00244063776464375,-0.00280553451850535,-0.0028158501541897495,-0.0031054823358326496,-0.00346951453724215,-0.0035312655177032496,-0.0037484745367274497,-0.00373591389098885,-0.0037930535698981497,-0.00726294075076945,-0.0005430216709676498,0.0028567639194534505,0.0024656110938874503
2872,0.0004870205479189675,-0.00037807917393043334,-0.000662079117159633,-0.0008148096984813332,-0.0011410484234962333,0.0001545677982501669,-0.00011718064271693321,-0.0003633700089787327,-0.0005222004034466333,-0.0010556826728584327,-0.0011148363219534328,-0.001428897316884733,-0.0017696385126451325,-0.001991470940797933,-0.0020819698001681326,-0.002212361255856733,-0.002041162767723633,-0.002498444584543933,-0.0027753510549005326,-0.0028805535359897327,-0.003109941488928533,-0.003441313487159433,-0.003587313224424133,-0.0037973646142152326,-0.003706017275316233,-0.0038670034302011333,-0.007261388400518934,-0.0005581350602146332,0.0028416248936695672,0.002508995865148667
2870,0.0004513836992847504,-0.0003606254388913493,-0.0007268814144050497,-0.0008066073106301501,-0.0011461206921637495,4.658834959775024e-05,-0.0003130382505044495,-0.0005240938429980496,-0.0006921986410799493,-0.0011621433685810494,-0.0012597512440266495,-0.0015096700062369496,-0.0018508771412493498,-0.0020410316858677493,-0.0021647894033035497,-0.0022793134864288493,-0.00220177031520065,-0.0025581723825676495,-0.0027796987765425496,-0.0029477949032832504,-0.003152397323151949,-0.0034350038295472493,-0.003643380631849949,-0.0038429174810368505,-0.003734880399348049,-0.00396942078975315,-0.00726144208510715,-0.0005915916747054493,0.0028324880824300504,0.0025888511568055504
2868,0.0004179876533058494,-0.00034536592065294996,-0.00073161771949705,-0.00080600827051405,-0.0011827471219283507,-0.00016204304994405037,-0.0005697255562470502,-0.0007639248174818505,-0.0009344916131336506,-0.0013288638140156505,-0.00144378826701145,-0.0016297876895652501,-0.00193619070059465,-0.00215257760588465,-0.0023195270369678507,-0.002395103216383451,-0.0023406713038215503,-0.0026715803956470505,-0.00288408058682025,-0.0030234590847823496,-0.003278400830578951,-0.00351091423488815,-0.0037296836888826507,-0.0038894723044173496,-0.003860310998588451,-0.004100031532803551,-0.00728312628649755,-0.0006217260910774507,0.00280384616620435,0.0026477513792865495
2866,0.00040539654493008254,-0.0003286115241256174,-0.000700452760870017,-0.0007898448522940171,-0.0012206701192340177,-0.0004122758020985171,-0.0008567836101238176,-0.0010044446237094176,-0.0012027475563023173,-0.0015120506859422171,-0.0016188909508380173,-0.0017629955971582177,-0.0020426007715415168,-0.002304153327384418,-0.0025138941291769166,-0.0025430179413755173,-0.002460974658938417,-0.0028369533671298176,-0.0030788366220549177,-0.0031061999091895175,-0.003461839427015818,-0.003644480542970818,-0.0038534342080411167,-0.003943401549711517,-0.004022729402589017,-0.004257465089059517,-0.007329675355087417,-0.0006377631100467169,0.0027733828785371827,0.0026341827115935828
2864,0.00041213302699036596,-0.0003008529619095337,-0.0006693829925881337,-0.0007591874291100337,-0.0012377938864263334,-0.0006279043915697335,-0.0010886667333180333,-0.001190700629096834,-0.0014727702485917331,-0.0016820754536275339,-0.0017452095587533337,-0.0018923548986932342,-0.002166974802091634,-0.002456337663858333,-0.002679495322202334,-0.0026738602772990337,-0.002559113919159633,-0.003006162255762934,-0.003299848470247534,-0.003192138018636533,-0.003643879285654434,-0.003786561666683533,-0.0039959405847470346,-0.004022640846618834,-0.004149704039720334,-0.0044156037515460335,-0.007388611081942833,-0.0006376714341782335,0.002773380487776466,0.0025550842430436664
2862,0.00042550258577911653,-0.0002633504570726834,-0.0006507799201297838,-0.0007303256356347839,-0.0012302571715535832,-0.0008201182838824834,-0.001240604339071384,-0.0013678163840075844,-0.0017518890786722844,-0.0018720630502865833,-0.001841638053223584,-0.002071427193529583,-0.0023184476903019844,-0.002623678056965283,-0.002791857436193584,-0.002784312389436384,-0.002630876190656383,-0.0031425111613530834,-0.0034959438061672827,-0.0033010957911133827,-0.0037987365498312843,-0.003930312565104884,-0.004145339188403283,-0.004146512869184883,-0.004256653168084184,-0.004546669130402084,-0.007455298621245583,-0.0006428026553275835,0.0027765259552509167,0.002449210598611716
2860,0.000435780649604184,-0.00023006999184561547,-0.0006428724166385163,-0.0007108366553449149,-0.001199607454975016,-0.0010328056313112163,-0.0013669084652021164,-0.001596505469226116,-0.0020331179216799156,-0.002111560014246115,-0.001969486360226815,-0.0023462518952643164,-0.0025147203304872155,-0.0028245850296708154,-0.0029010001479159164,-0.002905749345492115,-0.002698049477124216,-0.0032408458819740155,-0.0036473347204782156,-0.0034505021556066155,-0.003936063634355516,-0.0040791172795793165,-0.004294449506759815,-0.004309401330202816,-0.004399640859656316,-0.004652395841429015,-0.007534232707802716,-0.0006878744489755163,0.002717947651238184,0.002347605869199884
2858,0.0004466982120888653,-0.0002175639765112352,-0.0006452111764399353,-0.0006943293753672343,-0.001161813915710335,-0.0012490852429640348,-0.0015088515942231345,-0.0018507388791526354,-0.0022762529694047347,-0.002350734991139535,-0.0021595385921288346,-0.002653701785572034,-0.0027420835862895353,-0.003020562902220735,-0.0030622311936110355,-0.003035946923545434,-0.002791625900045034,-0.0033076646060094354,-0.0037498647454208348,-0.0036145525661163344,-0.004057203495890935,-0.0042098831333106344,-0.004424980973570835,-0.004478181680092536,-0.004570996605862935,-0.004749730991922234,-0.007620972694898634,-0.0007844283798459344,0.0025856009671653656,0.002272220231939865
2856,0.0004764702519666677,-0.0002253783419713315,-0.0006499333847105326,-0.000676589123564832,-0.0011552793724120321,-0.0014178425715441322,-0.0016507788098181313,-0.0020524632771790324,-0.0024473508555858323,-0.0025088796135202315,-0.0023741316411810317,-0.0028692023867340315,-0.002948685705255732,-0.003166758300305132,-0.003263176249382731,-0.003143884717022632,-0.002911726988398332,-0.0033526336549418324,-0.003821278584863032,-0.0037536438024494325,-0.004146598425662932,-0.0043139709402970315,-0.0045262604631964316,-0.004621436770628432,-0.004710614506053031,-0.004839132529547131,-0.007703866089574131,-0.0009138519623235319,0.0024235475361857684,0.0022307099706920684
2854,0.0005402688486365499,-0.00022849141099485007,-0.0006401673938148493,-0.0006691622345581499,-0.0011946093580194501,-0.0015239497988555496,-0.0017687236114490492,-0.0021663933077233494,-0.0025521991500503504,-0.0025729331397465506,-0.002542694010112449,-0.00294071399490225,-0.00308580501348695,-0.00327091164098235,-0.00343960756344365,-0.00322992189626585,-0.003029664852457349,-0.0033924303976787494,-0.0039032078896583493,-0.0038735545558333494,-0.00420542150291575,-0.004423527617284449,-0.00461401271083565,-0.00472981816377975,-0.00479402678721845,-0.004909138197265749,-0.00778307364567405,-0.0010575720321623506,0.00225445580277245,0.0021921615487507503
2852,0.0006236386811700172,-0.0002024117882421829,-0.0006160347327194837,-0.0006868673942434841,-0.0012287686840324833,-0.001576673599108784,-0.0018626821414596834,-0.0022105801768427837,-0.002611539979488684,-0.0025965758192134838,-0.002623931185718584,-0.0029201318674517834,-0.0031433077691716826,-0.003340357424397783,-0.0035427225181069843,-0.0033188276945677834,-0.0031221530864208834,-0.0034350898937193838,-0.004006709674213484,-0.003999460682070183,-0.004254002271616484,-0.004535984129673683,-0.004697465629928784,-0.004801991143129384,-0.004839822884655284,-0.004954551392670684,-0.007865654779860582,-0.0011985231141784843,0.002077290520174917,0.0021104439180676168
2850,0.0006795911167602493,-0.000155581544177252,-0.0006015257923063511,-0.0007190987856675515,-0.001198874823288152,-0.0015749284060542507,-0.001930642427662152,-0.0022140897300075516,-0.0026294254745377506,-0.002614084300338552,-0.0026317493433287518,-0.002874685674119852,-0.003135974814784651,-0.0033286930489797514,-0.003564867829946852,-0.0033972974745011507,-0.0031838895324131505,-0.0034589308711184506,-0.004067278445695651,-0.004098219910038352,-0.0042860662004760505,-0.004573934810072452,-0.004745319870531752,-0.0048265609576214515,-0.004842937277041352,-0.004965505775780952,-0.007936392122768652,-0.001289060063985251,0.0019454585474309484,0.0019954898286790486
2848,0.0006686183619629841,-0.00011792440158111574,-0.0006094043373824163,-0.0007274416417262161,-0.0011287849290415163,-0.001542272980286816,-0.001967101133235616,-0.0022149214057221155,-0.002613933093501516,-0.002618799143717815,-0.002609988133156516,-0.0028344698521616148,-0.0030851651853695157,-0.0032177082724548153,-0.003527139645965016,-0.003424395267516615,-0.003220801318513015,-0.0034367837377106154,-0.004023351848525916,-0.004104882399865116,-0.004270613724418615,-0.004502129514934616,-0.004732041341212415,-0.004801237840518316,-0.004786988648526716,-0.004928574971250016,-0.007962291435053616,-0.001281015843146516,0.001935854754903184,0.0019149369477682848
2846,0.0005998587905360177,-0.00010153647500818225,-0.0006171569431506823,-0.000690109838872883,-0.0010912577065893833,-0.0015442914096452818,-0.001990751427425383,-0.0022500993122957823,-0.002590844347563583,-0.002611840831772682,-0.002598994804455982,-0.002812953504678083,-0.0030191864238374817,-0.003093955346177283,-0.0034625605610448832,-0.003393036204737282,-0.003245795186397283,-0.0033761670102738827,-0.003915990602406583,-0.004025403794404082,-0.004201411670082383,-0.004402096839676582,-0.004683110495637583,-0.0047454345619983825,-0.004707233523489983,-0.004856950202614283,-0.007928971602690783,-0.001196711179755683,0.002028684712302017,0.0019002021730851176
2844,0.0005228280458010161,-9.66768518882834e-05,-0.0005954178057495834,-0.0006324890120567835,-0.001101962060690083,-0.0016019345828637843,-0.002020855538022384,-0.0023069803822335835,-0.0025766544750310833,-0.0026021230485959845,-0.0026158096178002833,-0.0028097477846903834,-0.002960433465795484,-0.003057463212708684,-0.003396258304448783,-0.0033266157224262835,-0.003264509214316284,-0.003309285711595984,-0.0038408888493950844,-0.0039407720824254835,-0.004110342033123283,-0.004364760993257383,-0.0046338137816997835,-0.004675528593182583,-0.004659381249132583,-0.0047850369424647845,-0.007846560707399385,-0.0011157558259926835,0.002117300254376916,0.0019037176845837162
2842,0.0004803856677424662,-9.60675247919339e-05,-0.000546915882641834,-0.0005968630984141332,-0.001116417687830034,-0.0016478553031352332,-0.0020426892408532344,-0.002326190313751533,-0.002568970283690234,-0.002583183534318933,-0.0026506162772862328,-0.002798466044942033,-0.0029163693974318334,-0.0031059382917418337,-0.0033374069748814328,-0.0032432245620994333,-0.0032642213612744343,-0.0032629118465705336,-0.003835182378952533,-0.003909099013620733,-0.004036264380826433,-0.004378135154232433,-0.004586613012924834,-0.004596860188163634,-0.004644051928021433,-0.004731120548399134,-0.007732372170031933,-0.0010863570395693335,0.0021441445184677667,0.0018758785259354663
2840,0.0004797827219634168,-0.00010538606221648355,-0.0005034611416660836,-0.0005950541939079837,-0.0011119868970145838,-0.0016261849610536838,-0.002037278219196483,-0.0022877772671062837,-0.0025698402773547836,-0.0025525055641746827,-0.002680227357883683,-0.002756654071824483,-0.0028881976696916827,-0.003167759321918583,-0.003290333751019883,-0.0031669588729909843,-0.003230053102226184,-0.003250543935874284,-0.0038609607534017838,-0.003913315726615284,-0.0039968569046276835,-0.004373900716197683,-0.004540741487899583,-0.004528294993042383,-0.004619035316799483,-0.004692698890257483,-0.007615649968377684,-0.0010885495351471838,0.0021487305612197167,0.0018361055728417165
2838,0.0005000221912669833,-0.00013164856156331652,-0.0004935178911153167,-0.0006038506693330165,-0.0011093566586486163,-0.0015811844073484165,-0.002027424693280216,-0.0022517158539164164,-0.002590906400871517,-0.0025314062349230167,-0.0026839018444692157,-0.002702981413743916,-0.0028733046498574163,-0.003199657635871416,-0.003261969329360216,-0.0031424686163803155,-0.0031709384650969157,-0.0032719635910979164,-0.003878458317094517,-0.003906711128628117,-0.003987852107797816,-0.004332701129554117,-0.004521138985245816,-0.004497097516852117,-0.004567133905195116,-0.004676238027539916,-0.007546177501418517,-0.0010890852402588164,0.0021736931594824836,0.0018383515893932835
2836,0.0005148159382529658,-0.0001710294835262343,-0.0005195640136001342,-0.0006039530911387345,-0.001115908589419034,-0.0015893691538589345,-0.002050359899826634,-0.0022733085246435343,-0.002625262268542734,-0.0025317012473059343,-0.002652891305266635,-0.002676266430366634,-0.002858388924015634,-0.0032006622991634344,-0.0032490576073352347,-0.003185768070020534,-0.0031112187896934337,-0.003303999782114435,-0.0038827928149354337,-0.0038682417948315345,-0.003989213324283634,-0.004284542057468634,-0.004534416098778935,-0.004496035405051534,-0.004507617439547334,-0.0046948472488083344,-0.007560728585839833,-0.0010893206342659344,0.0021992930673355657,0.001895639239431166
2834,0.0005095307329736837,-0.0002109075777155158,-0.0005624891041680164,-0.0005998389858925162,-0.0011066801242038161,-0.001650647817204416,-0.002103758943131016,-0.002326246097693516,-0.0026491105264156165,-0.0025320411017225155,-0.002602109786477216,-0.0026878106969850163,-0.0028352934325067162,-0.003178923141975717,-0.003236036470989817,-0.0032479132757572164,-0.0030612116418666157,-0.0033163924602395154,-0.003878867289053816,-0.0038119775052038165,-0.003978507496357117,-0.0042458149184889165,-0.004534863259976416,-0.0044808273334213155,-0.0044609418263244155,-0.004735011088116816,-0.007639256787535816,-0.0011029928523334162,0.0022014296740449834,0.0019703850590061835
2832,0.0004830096524290001,-0.0002335437271411998,-0.0006012042266740009,-0.0005963045391029998,-0.0010717438170524006,-0.0017081153770256994,-0.0021561263708565993,-0.0023516932792016993,-0.002658437769421501,-0.0025188811335647007,-0.0025694667016506008,-0.0027168020186318998,-0.0028258924832781996,-0.0031547780902947,-0.0032152067202491008,-0.003274379168661,-0.0030184181845988997,-0.0033085395727591995,-0.0038678409577460006,-0.0037637871115099994,-0.003951917605608799,-0.004211662639997,-0.0044795253456137,-0.0044292374789433,-0.0044328794820924005,-0.0047570650940412995,-0.0077176954478611,-0.0011231350978211001,0.0022103044733806,0.0020197866575416
2830,0.00044519032804369967,-0.00022442924976600036,-0.0006282169587334,-0.0005828503180363006,-0.0010373463132960998,-0.0017358779524079002,-0.0021923187636740003,-0.0023429591909916994,-0.0026683195051826992,-0.002517099161631501,-0.0025840800703238994,-0.0027389359853732,-0.0028657926142845,-0.0031586314829404006,-0.0031961929348042007,-0.003277078395321,-0.0029895889759645996,-0.0033067904241126005,-0.0038603543130309994,-0.0037340199763874994,-0.003927744245821,-0.004191369464057899,-0.0043949344336341,-0.0043754679590159,-0.004425258413659401,-0.0047403275415426995,-0.0077495555219727,-0.0011371642635388994,0.0022598515543558,0.0020276525117881
2828,0.00041187980392685,-0.00019222540183715022,-0.0006461311966276502,-0.00055277142902485,-0.00102655341287355,-0.0017459097908913502,-0.0022170555850926496,-0.0023348505338726495,-0.0026734401541063492,-0.002548536474862949,-0.0026343547672393495,-0.0027398412961878492,-0.0029540295073297506,-0.0031854597986917506,-0.00319009417449585,-0.00330256558587625,-0.00298534074115095,-0.0033216941559683502,-0.0038682241481469504,-0.0037101151114117504,-0.003922724652372951,-0.00420357979828045,-0.0043477583563404495,-0.00436030745727795,-0.0044398448161548495,-0.0047084875921116496,-0.007742182034899151,-0.0011523622709622506,0.00231933497699605,0.0020058016364363504
2826,0.0003922216684592514,-0.00016917268387824785,-0.000649434046780948,-0.0005180980822148476,-0.0010345603810486478,-0.0017360818064283481,-0.0022272391494246487,-0.002338721310733649,-0.0026488413016582477,-0.002593494002798449,-0.002684267730710649,-0.0027150456909708475,-0.003041434947099549,-0.003187440860360949,-0.003197637353594348,-0.003349850030759249,-0.0029971057486074485,-0.0033353637111236487,-0.0038768209832038478,-0.003676196585485349,-0.003931691281428049,-0.004241758680381449,-0.004361041055607348,-0.004373728187894648,-0.004470970027843848,-0.004694731894670548,-0.007728657926941948,-0.0011781019795046484,0.0023292920031862518,0.001979043525463452
2824,0.00038196346845205224,-0.00017426598459724732,-0.0006226237219409472,-0.0004954127470278482,-0.0010525643609715484,-0.0016984518219289486,-0.0022155763460746485,-0.0023433221585486483,-0.002598329434047147,-0.002626162580726248,-0.002714815402674948,-0.0026772709486578474,-0.0030779410343641476,-0.0031459903299494475,-0.0032187626972069484,-0.003373967691039448,-0.0030076372195813484,-0.003334880433954848,-0.003853969252863647,-0.0036365591372064486,-0.003937765574974248,-0.0042788687368891486,-0.0043963869006789485,-0.004379514531504147,-0.004507075116345748,-0.004700783469333447,-0.007717773074062949,-0.001195747808015648,0.002283579495803752,0.001962903346085552
2822,0.00037402932824541664,-0.00018661916318828305,-0.0005669907486741833,-0.0004914255371345835,-0.0010783121247139836,-0.0016672496892934825,-0.0021968529311144833,-0.002359826467904884,-0.002565362778637883,-0.0026548540770882836,-0.002730302452296683,-0.0026531551458062828,-0.003052509277340784,-0.003109000824545684,-0.003252183229665284,-0.003358360705899883,-0.0030206906854842834,-0.0033274744350721835,-0.003794974864409984,-0.003612960743839983,-0.003933982284674684,-0.004299216591536183,-0.0044083040892899834,-0.0043726097072976835,-0.004533441552450683,-0.004709861728169484,-0.007686957533230683,-0.001177046068620284,0.002228568863977317,0.0019493182454656168
2820,0.0003751152437558008,-0.0001743003962623984,-0.0005174793819114985,-0.000507387239361199,-0.0010956202371565985,-0.0016911116875640998,-0.002195390593983399,-0.0024074011714196996,-0.002576483781628499,-0.002690053279444299,-0.002730739712207499,-0.0026532261913672986,-0.0029816811538721996,-0.0031170611391915983,-0.003273947340056699,-0.0033304547232697983,-0.0030480596751007,-0.0033137525161005994,-0.0037319193100274,-0.003617004357051,-0.0039231750590649,-0.004300149995577299,-0.0043850019386351986,-0.004373151774083999,-0.004528622654411198,-0.0047138929789887,-0.0076212071635066,-0.001127183381917399,0.002195982754345501,0.0019196720109359005
2818,0.000400476175912233,-0.00014260431509746825,-0.0005091434529400675,-0.0005420273952445667,-0.001084794065355268,-0.0017560551155345674,-0.002206751266537967,-0.002463740654474368,-0.0026067523278676674,-0.002704459009169267,-0.002703923045537567,-0.0026593955203860677,-0.0028861576030015674,-0.0031379860191586683,-0.003245387285121767,-0.0033080033406723674,-0.0030682885841051676,-0.0032786970731314667,-0.0036871194022088678,-0.003636214672087768,-0.003902063216616767,-0.004277891101730267,-0.004341854004289467,-0.004378735104757368,-0.004479564446327668,-0.004708041054676067,-0.007541550767210666,-0.0010802772199837666,0.0021766878724627323,0.0018780930527251324
2816,0.00044642092776079993,-0.00012748447182110018,-0.0005313268258832996,-0.0005828098168186996,-0.0010608694921144003,-0.0017913776328698002,-0.002202051851668,-0.0024814331939888006,-0.0026209976286097995,-0.002669490649859,-0.0026502770067186997,-0.0026570939802596,-0.0027957949961131007,-0.0031239791519128996,-0.0031626162366099,-0.0032789417761147008,-0.0030424423534081996,-0.003223725971632901,-0.0036475531369241,-0.0036543331019199005,-0.003862321897815801,-0.004238460118370301,-0.0043030534084587,-0.0043673389004761,-0.0044096351730616,-0.004683871062065,-0.007488706573058902,-0.0010552431017009003,0.0021535475732411,0.0018560696788766998
2814,0.00048068796510044795,-0.00014332601369755095,-0.0005429497765419514,-0.000610370280437051,-0.0010589132384982523,-0.001759840151624852,-0.0021709232829698524,-0.0024517918922908524,-0.002617099619683252,-0.002606791828127352,-0.0025933638651145507,-0.0026570346067022518,-0.002748929432431352,-0.0030902134072628516,-0.0030764188980485514,-0.0032395190773243515,-0.0029803748825240513,-0.003177217226656351,-0.003600136611013452,-0.0036706751009187508,-0.0038086475473655523,-0.004204548198042252,-0.004287410143602852,-0.0043425592382138525,-0.004366456007304051,-0.004647070140292451,-0.007483013555539953,-0.0010391076276933513,0.0021286557761725482,0.0018748713440743482
2812,0.0004724385054991325,-0.00016812824211486638,-0.0005327073881508677,-0.0006190073219346677,-0.0010718383175770674,-0.0017024613602609675,-0.0021391099912985677,-0.0024144688046880674,-0.002611960626462767,-0.002565207659355768,-0.002557994341833167,-0.0026685418376201676,-0.002757666939801567,-0.0030791519045475675,-0.0030412036667912673,-0.0032123261657371668,-0.0029456522654810677,-0.0031585907577696675,-0.003566835754344867,-0.003691215033834367,-0.0037634055085774675,-0.004186756086293366,-0.004290778570637067,-0.0043349545934612665,-0.004367355709987466,-0.004621932357995066,-0.0075086880557561665,-0.0010156250230899666,0.0021182575984682334,0.0019192427642783332
2810,0.00042373862023458234,-0.00018565295133951727,-0.0005307590137234169,-0.000616567829518317,-0.001050026608226817,-0.001685484320792718,-0.0021417437418840175,-0.002404958100138018,-0.002615944832188917,-0.0025682499538649175,-0.002554430912933118,-0.0026786379238815175,-0.002792159896553917,-0.003083723478998617,-0.0030630495029058177,-0.0032171278165679176,-0.002974195408688018,-0.0031605373021064177,-0.0035809213900558183,-0.0037159127500721173,-0.0037497438941850175,-0.004169059827131118,-0.004289362672691418,-0.004355345433438818,-0.004386636650671518,-0.0046201035227896176,-0.007539938990210916,-0.0009928100007414176,0.002136919902414682,0.0019592677825734824
2808,0.0003602960817129675,-0.0002086695206530327,-0.0005517093949957332,-0.0006015123801681333,-0.0009811522238149326,-0.001733242412945134,-0.0021916603767596337,-0.0024272972812200335,-0.0026391720682097334,-0.002613184785407934,-0.0025852329164908327,-0.002677834808062633,-0.0028200810079526337,-0.0030681708575844326,-0.0031170805006916335,-0.0032537735162659325,-0.0030273072781153328,-0.0031764981717962333,-0.0036378353845403326,-0.003743895351256833,-0.0037747872588269338,-0.0041450073621625335,-0.004274787400468633,-0.004383847662528733,-0.004407775917449433,-0.004623950654586734,-0.007568628106384732,-0.0009960083963381338,0.002182172212771767,0.001982747437918867
2806,0.0003028358150497495,-0.0002461548239074494,-0.0005639507684479499,-0.0005634388540116508,-0.0009246263684435495,-0.0018120540662330507,-0.00226698566856535,-0.00247002548148185,-0.00269000181544265,-0.0026867520893398503,-0.0026415118890445507,-0.0026775974189380495,-0.0028413443438665507,-0.0030391040018417498,-0.0031850339157108495,-0.0033125151076065507,-0.0030479694866880503,-0.00321285169392075,-0.0036905459718169498,-0.0037752905265008505,-0.0038260031800515498,-0.004138973339552749,-0.004269330518469051,-0.0044070777279374505,-0.0044490250518378505,-0.00461674277332625,-0.00759582406172085,-0.0010413924051006496,0.0022289604136506496,0.00199533499976085
2804,0.0002642730325015663,-0.00027644349978213356,-0.000538577128340734,-0.0005148812944204325,-0.0009381571282605326,-0.0018549002015715334,-0.0023152930067503324,-0.002510720683787033,-0.002744308452398434,-0.0027486319678581336,-0.002686943767555733,-0.002680192685715333,-0.002867488247398133,-0.0030309542274722327,-0.0032484270084253333,-0.0033680560191268333,-0.0030277204172014325,-0.003258282905238833,-0.003697842221303033,-0.0037974077249433337,-0.0038736184420459334,-0.0041616679045731325,-0.0042927284574258325,-0.004428126427901934,-0.0045125643137399335,-0.004609354706981433,-0.007610335963084332,-0.0011141529351898338,0.0022533347042489665,0.0020037860183022664
2802,0.0002611887134672825,-0.00027566646484421774,-0.0004979369414139182,-0.000494485116569918,-0.0010048421723654177,-0.0018182068188644183,-0.002290743607603318,-0.0025178335093729177,-0.0027513452530020174,-0.0027427501967319176,-0.0026792150727907183,-0.002662043601967418,-0.0028893297037457175,-0.003038635410039717,-0.0032760373206262173,-0.003373852665775317,-0.002994199573439417,-0.0032801675261629176,-0.003667135840737617,-0.003786509503128418,-0.003885447696190217,-0.004174577241946517,-0.004330504156911618,-0.004437382141170617,-0.004548008289901817,-0.004614933633925717,-0.007601000592278617,-0.0011701532620709172,0.002262357780096383,0.002011741981726182
2800,0.00029997267807760006,-0.0002543721315974995,-0.00048609979703159896,-0.0005168523274393984,-0.001064261532602799,-0.0017259360014083985,-0.002206927533881199,-0.002483581794553699,-0.0026967915188549994,-0.002665868195535999,-0.0026215032115028992,-0.0026176264957191997,-0.0028890306417186998,-0.0030301176183794992,-0.0032553008578372986,-0.0033041851331462,-0.0029659407519493,-0.0032716167023833995,-0.0036401213338176,-0.0037342937786269993,-0.0038522705051064997,-0.004139785451935898,-0.004352850778866699,-0.004408916810849799,-0.004510965791261,-0.0046183767687277,-0.0075857662952606,-0.0011695500728684995,0.0022777405986497004,0.002021613110593701
2798,0.0003541326815664509,-0.00024359662719565002,-0.0005127921120753505,-0.00054832098762915,-0.0010836483142896494,-0.0016485220954105505,-0.0021328029577692507,-0.002443296710861749,-0.002629029943515949,-0.0025905203884186503,-0.00255940932751785,-0.0025862126320853503,-0.0028669827075876505,-0.0030095672700548495,-0.0032124247349145495,-0.0031993777274130497,-0.0029455990255255506,-0.0032598564890192507,-0.003640095525760249,-0.00366205354091185,-0.0037937837329795505,-0.00407765617566155,-0.00434528322686875,-0.004337629092866049,-0.00442623701154715,-0.00459846668404555,-0.00759071695600015,-0.0011137798613591494,0.0022957032649961505,0.00203422535962335
2796,0.0003824437438662825,-0.00025491125266211695,-0.0005545119027182167,-0.0005544407953165173,-0.0010683992767353163,-0.0016276511335038164,-0.0021217251392622177,-0.0024316599717763166,-0.0026013844170083168,-0.0025779385100006165,-0.0025190005664233166,-0.002599618195715917,-0.002835317598191717,-0.0030090777269068166,-0.003174527859927917,-0.003132217867267516,-0.002933162671123417,-0.0032533638382553163,-0.0036450136712969164,-0.003598317783993917,-0.003739080015290417,-0.004035034644982217,-0.004304323177518717,-0.0042562366923689175,-0.004352530852660318,-0.004559459215056516,-0.0076011041999952175,-0.001041767756196417,0.002292081599706383,0.002049819483565883
2794,0.0003771734770241838,-0.0002766980196774165,-0.0005928908762936162,-0.0005439418226494165,-0.0010327152374573177,-0.0016381699626960167,-0.0021587729143794174,-0.002435532084431216,-0.0026171226968264173,-0.002606472838014016,-0.0024850892814753164,-0.0026324030174253166,-0.0028024180906232165,-0.0030311937565569175,-0.0031353117986138174,-0.003128559831898317,-0.0029226977673427173,-0.003225405440952917,-0.0036234610572576167,-0.003556594986391517,-0.003708757057326416,-0.004022260892974517,-0.004233544357908818,-0.004202302256598718,-0.004311867578242918,-0.004520794780522117,-0.007572005322862918,-0.000987287341184617,0.002270192940649283,0.002069072479053583
2792,0.000368712152967866,-0.0002999306314955333,-0.0006186615295432334,-0.0005434996342742332,-0.0009909117491516337,-0.0016410083810931338,-0.002189700505358834,-0.002421258905912233,-0.0026496165905583336,-0.002627778708664834,-0.0024493314052974335,-0.002637861679178734,-0.002776761622990634,-0.003050453406681135,-0.0030823026018712337,-0.0031485232070648343,-0.0029032260991911345,-0.003170204459118635,-0.0035852274421158334,-0.0035415434081297343,-0.003711521195194835,-0.004018954698794335,-0.004160645491667935,-0.004187831784148834,-0.004288826746138435,-0.004491164802303134,-0.007496867751744234,-0.0009534077484614333,0.0022639421290182662,0.002084291391496766
2790,0.0003734746772054501,-0.00032197947863845007,-0.0006154052859330492,-0.0005529812111944501,-0.0009594085695804506,-0.0016391574363631492,-0.0021831009134131493,-0.00239347177383515,-0.0026810678342166494,-0.0026434793920093493,-0.002436587389611949,-0.0026113302387785493,-0.0027693950566303506,-0.0030587065383827494,-0.00303521430670025,-0.0031455184325846503,-0.002882413250980549,-0.00312965711053745,-0.003572322959709549,-0.003554845558083849,-0.00374025171946505,-0.0040200390714298494,-0.00412883865488365,-0.004208697640664449,-0.00427562322518505,-0.00447220714428135,-0.007428116781158551,-0.0009327116009350492,0.0022793121389949504,0.00207629986814095
2788,0.0003669995789945847,-0.00033224512520251513,-0.0005787665223829144,-0.0005550987090222146,-0.0009410082042739156,-0.001654826851539816,-0.0021467234114122147,-0.0023887428883410146,-0.002698247010792715,-0.0026701168989766155,-0.0024563394774374143,-0.002584374191124915,-0.002777431137668816,-0.0030617926511305148,-0.003021907450624216,-0.003113203679632616,-0.002886860116201616,-0.0031333712086789155,-0.0036015152544548144,-0.003583225602268916,-0.0037683974801834153,-0.004033899411323915,-0.004148226402640315,-0.0042584174458698155,-0.004278391582976415,-0.004473029677065015,-0.007406795760347416,-0.0009314721688307159,0.002280002099253285,0.0020401189818869845
2786,0.00032831306902081706,-0.0003205557924551832,-0.0005431272713311824,-0.0005508813057341824,-0.0009219411509330828,-0.0016829351566565818,-0.0021054876332126833,-0.0024170732971789833,-0.002686245529300583,-0.0026763176615054833,-0.002470078025011882,-0.0025761041512677822,-0.0027832744354734824,-0.0030473008534281833,-0.003035033623559483,-0.0030732497043727824,-0.0029210849486188822,-0.0031543220413788823,-0.003642106363169882,-0.0036005005837819824,-0.003770662445759982,-0.004050529015978983,-0.004182064262072483,-0.0043193733696573824,-0.004291948126773783,-0.0044943235044512825,-0.007408218061677083,-0.0009559672573213832,0.0022514532595198176,0.002008192451432817
2784,0.00028325380223958273,-0.00029924954491461833,-0.000547409308542017,-0.0005534394160825185,-0.0009017277354578176,-0.0017036707079097178,-0.002084737711579217,-0.002447061581055617,-0.0026551774121125176,-0.0026300192798628177,-0.002446459821750218,-0.0025845182789173173,-0.002783449853221617,-0.003006288653335517,-0.003049180048619718,-0.0030483027086156186,-0.0029508292293633186,-0.0031577498394823184,-0.0036606423942034186,-0.0035944902055303173,-0.003754316503487117,-0.004052747612403517,-0.0041985429846393175,-0.004360156314024317,-0.004304054504461119,-0.004508840802765018,-0.007389826305121116,-0.0009896296645267172,0.002229134304217682,0.0020185722027573827
2782,0.00027337975157298335,-0.00029400021288481654,-0.0005761093981374171,-0.0005581241680501173,-0.0009045145061784172,-0.001716925210211117,-0.002097383656454616,-0.002448948540463517,-0.0026415953483942163,-0.0025744202346092166,-0.0024166854991640174,-0.0026081887089005173,-0.0027950100482568158,-0.002972234291477716,-0.003064422504334516,-0.003051797641792517,-0.0029444969930778157,-0.003153552892529816,-0.0036618230543767165,-0.0035740045705634164,-0.003751403324162416,-0.004048200430555917,-0.0042028220252408165,-0.004358906258527816,-0.004315751357841617,-0.004481998039112417,-0.007357455801173217,-0.0010040316419788163,0.0022380865984077836,0.002059368533677783
2780,0.00029748302846299875,-0.0003086161372383017,-0.0005766525027262014,-0.0005508461752335003,-0.000942739789773701,-0.0017330790172991016,-0.0021308659323675,-0.002424162886121701,-0.002658090553295701,-0.0025782642127851006,-0.0024320557847252004,-0.0026428261177856016,-0.0028228863581492014,-0.0029877417573306014,-0.003098006899927201,-0.0030843364339583016,-0.0029131492213509014,-0.003165784951056001,-0.0036701338952323005,-0.0035481534251547014,-0.003773124328962001,-0.004053365396892002,-0.004202638922783601,-0.004323314068212401,-0.0043299764595452015,-0.004414035277086,-0.0073452028576907,-0.0009874214990308015,0.0022541043348225983,0.0020813715765086987
2778,0.0003166255841795494,-0.0003203514897490503,-0.00053660581520335,-0.00053764425361515,-0.0009920480258345504,-0.0017542607946921512,-0.002160883630447051,-0.0023945800950035505,-0.002677558894773651,-0.002632907785573851,-0.00248986569255635,-0.002671073421560451,-0.00284850040286775,-0.003043958906062051,-0.0031462883593156507,-0.0031335739266624505,-0.0028931331775971514,-0.003189018927120051,-0.003694419808158751,-0.0035240239545971507,-0.00379485933837625,-0.004058582664823151,-0.004185024435722551,-0.004280485111680651,-0.004333387916452151,-0.00434841654658975,-0.007360258363222051,-0.0009509382779919508,0.002256268086189849,0.0020700240002225496
2776,0.00030936698387526614,-0.00031523720553553423,-0.0005015347623892347,-0.000533839942473335,-0.001022543863163635,-0.0017861284088913354,-0.002186819418590334,-0.002385513631061634,-0.0026890653247044344,-0.0026725604936676355,-0.0025456807733170352,-0.002683774383467034,-0.002863093527363034,-0.0030949824488891355,-0.003190189067054334,-0.003185281061992635,-0.0029040870934508353,-0.003210542773922534,-0.003725512081273235,-0.003520746488986634,-0.0037942197695240345,-0.004045373726943734,-0.004152837468603534,-0.004252835698359634,-0.004314024880124334,-0.004330105898098135,-0.007385392729220836,-0.0009110487130191344,0.0022702760873335656,0.002063788789686465
2774,0.0002880043992119167,-0.00030383982877348406,-0.000508689135705084,-0.0005353744791525838,-0.001033886570941684,-0.0018387784336030832,-0.0022279252637230837,-0.002409105312399384,-0.002720054839992783,-0.002676238960412084,-0.0025776155349493835,-0.002691192731490084,-0.002879391896343883,-0.0031162921490411836,-0.003222983751113283,-0.003229552741760483,-0.002935112354356983,-0.003234586759201184,-0.0037476364749405838,-0.0035504157924978828,-0.0037758962295295836,-0.004020745145058083,-0.004139635879027683,-0.004242450197404683,-0.004280117211860083,-0.004361466776676384,-0.007409616772005483,-0.0008766840436694838,0.0023178842157672167,0.0020937856153609167
2772,0.00026318216983638176,-0.000296047496218017,-0.0005405702381598172,-0.0005295881189588177,-0.001038860124283317,-0.001893858805561418,-0.0022739082078418182,-0.002444689433290617,-0.0027700898108594177,-0.002677879352531517,-0.002594277029105618,-0.002691711778629218,-0.0028940594219524184,-0.003110906634958017,-0.0032406547855928173,-0.0032464811978561176,-0.0029553776720894175,-0.0032503376781485172,-0.003741536489717017,-0.0035825528243410183,-0.0037479775252463182,-0.004001079638236118,-0.004154009951202617,-0.004231163831516617,-0.004242105337270017,-0.0044008174874082175,-0.007420777237463818,-0.0008514345231365184,0.0023631577410093826,0.002141883807783583
2770,0.00022894332104834818,-0.0002860371577924521,-0.0005624545259727519,-0.0005223489645042514,-0.0010328876534597513,-0.001903438994085951,-0.002282899422823151,-0.0024523590425181516,-0.002778390044040152,-0.0026896355953281523,-0.0025973523342406515,-0.0026620466064033524,-0.0028782941956080523,-0.0030818833140787514,-0.0032281557930541518,-0.003210597826372452,-0.002934313128091951,-0.0032248552728533515,-0.0036993139704670514,-0.0035711411217514526,-0.0037067968352160526,-0.003984092053646252,-0.004156532176035352,-0.004202333488103753,-0.004200695168210651,-0.004402638366642352,-0.007391222229490152,-0.0008383715467483524,0.0023625337254847487,0.002174784980680848
2768,0.00019037602419890234,-0.0002726654723080972,-0.0005725583742164971,-0.0005286564909552979,-0.001005943340233198,-0.001851526422520398,-0.002247290576503797,-0.0024228775390883975,-0.002707617868261297,-0.0026865961929714976,-0.0025831334174336983,-0.0026061639649320976,-0.002828929483730598,-0.003041704156576697,-0.0031901748520891983,-0.0031333840311569983,-0.0028731192465579983,-0.0031662574026919982,-0.003647131510851498,-0.0035267896068501975,-0.003661415781097698,-0.003967754138339398,-0.004129395300552797,-0.0041672861394657975,-0.004169715025707798,-0.004362369248865397,-0.007313444605517196,-0.000840030584168398,0.0023398705261936017,0.0021894476535142017
2766,0.00017244724684748435,-0.00027089774283651537,-0.0005892269555997157,-0.0005457426803838154,-0.0009709003218438157,-0.0017866846391447165,-0.002216660361746515,-0.0023942074245756166,-0.0026152131145251167,-0.0026637158202474157,-0.002572814762302816,-0.0025790455513266166,-0.0027903930581622167,-0.0030257775060900157,-0.003171566149935216,-0.0030748607285593157,-0.0028190244886411153,-0.003142595102432916,-0.003628155543402716,-0.003513099781528516,-0.0036406909537912164,-0.003971972758444615,-0.004116551708469116,-0.0041564778118720145,-0.004178800829207916,-0.004318012363423917,-0.007231748075571616,-0.0008522695629009161,0.002358339221023884,0.0022043204538163847
2764,0.00018460702582318196,-0.000285252298745417,-0.0006120517687090172,-0.0005615069234646171,-0.0009543938565670165,-0.0017636840961400176,-0.0022326771239230166,-0.002401354172224918,-0.0025868359814337164,-0.0026457246335233175,-0.0025963144049546173,-0.0026231700734078173,-0.002797729667748718,-0.0030525362410757165,-0.0032045243366598166,-0.003081969658295417,-0.002822153974557918,-0.0031921231418539173,-0.0036506814393761165,-0.003556401369975617,-0.0036554173066567167,-0.004006767738906517,-0.004148793139526916,-0.004178370194521719,-0.004231967748505816,-0.0043057134553719165,-0.007195729523858316,-0.0008608311024427169,0.0024324927007422833,0.0022285978216628824
2762,0.00020307838004168105,-0.00029089790539191945,-0.0006231063644838199,-0.0005802471794549187,-0.0009647110779832189,-0.0017827684811402185,-0.0022807182931732194,-0.00243611531129332,-0.002633140232425219,-0.0026412934695327194,-0.0026439513459851193,-0.0027077108040823184,-0.002831508906495519,-0.0030881012492317197,-0.0032543147024718198,-0.00313472430186402,-0.0028759435380214197,-0.003263763763821719,-0.00367764115432352,-0.00361005245123632,-0.0036812589012741193,-0.00404344447694642,-0.00418024148224062,-0.004207680440444218,-0.00429239715078952,-0.004324075579036218,-0.007199117092812218,-0.0008525655230729196,0.0025143106493937806,0.0022558841472721802
2760,0.00020493457019911746,-0.00026491727492108236,-0.0006163543496682834,-0.0006087817929595826,-0.000985981297636683,-0.0018150492770526837,-0.0023262157133028833,-0.0024772318919246833,-0.002704404947549484,-0.002639964564243683,-0.0026715409313129834,-0.0027679995936348827,-0.0028574883207123838,-0.0030902117481389837,-0.003262994977255183,-0.0031801514025056824,-0.002929140092721284,-0.0032936757071080833,-0.003678622216730784,-0.003628333745428083,-0.0036995603918851833,-0.004055442099270683,-0.0041580982306629825,-0.004224455689118582,-0.004326715988436683,-0.004346607187227883,-0.007201239836278682,-0.0008304974012093829,0.0025582196820209176,0.0022711001449865174
2758,0.0001975511704751659,-0.00022287988845873415,-0.0006054107845349342,-0.0006275695724520334,-0.0009983843062305337,-0.0018500663342867329,-0.002355612592572033,-0.002522983677357534,-0.002769108868781933,-0.002644648837493534,-0.0026563117040068335,-0.0027793307162112344,-0.0028729549090908343,-0.003065152651001433,-0.003227161357364134,-0.0031951513163002328,-0.0029538831933176336,-0.0032885637534094334,-0.0036645026543102328,-0.0036228941608444348,-0.0037233398852786325,-0.004061499808355034,-0.0041117567114515325,-0.004237384867107832,-0.004334225703514933,-0.004354696176874133,-0.007186192923114733,-0.0008100397724690334,0.002560577854333366,0.002256693381201066
2756,0.00019877608866561598,-0.00019947479853688402,-0.0006075564450300844,-0.0006126882876617851,-0.0009946219991838843,-0.001880953567076184,-0.0023566473832715845,-0.002562391021301385,-0.0028154408991587863,-0.002652792579018284,-0.0026141167695179855,-0.0027538855666827834,-0.002879152516783284,-0.0030395834725338838,-0.0031834122090654855,-0.0031818856843480858,-0.0029616170108092855,-0.003276509780358384,-0.0036522196155026835,-0.003613009009512785,-0.0037541723893350833,-0.004081866139614183,-0.004101705203606686,-0.004248388629070484,-0.004315044894720883,-0.004343246933817884,-0.007159728064877883,-0.0007968024142644848,0.002542916863482115,0.002215565441747015
2754,0.0002075331672331173,-0.000201722309417382,-0.0006299690707735825,-0.000579923063117882,-0.000986794641770183,-0.0018806195943238836,-0.0023085110374214835,-0.002556341534833183,-0.002808607095863282,-0.0026255723026148824,-0.002562011304367782,-0.0026947606794476813,-0.0028491041626533837,-0.0030078135864200824,-0.003136485264464481,-0.003130457416013482,-0.0029511019790949816,-0.003230419613253684,-0.0036283669470097823,-0.003573627521345381,-0.003749539778629683,-0.0040804246611835845,-0.0041133099249990816,-0.004226449099443684,-0.004251240732711681,-0.004306307558774083,-0.007113829690711481,-0.0007779769930059827,0.0025299826775840167,0.0021908759178459174
2752,0.00021312596007594907,-0.00021004071548115164,-0.0006629060593407524,-0.0005700818826247511,-0.0010009851962280523,-0.0018390961906140525,-0.002229745928207653,-0.0024961486356336517,-0.002725538178009553,-0.0025420844703165513,-0.0025048548878226513,-0.0026057154324979504,-0.002773375709637352,-0.0029612591183032517,-0.00306378512234135,-0.0030402051557835517,-0.0028982960683967534,-0.003120080747300852,-0.0035793101117739517,-0.003484743991452951,-0.0036771235135955507,-0.004012130247639552,-0.00408387947039795,-0.004153796229852553,-0.004152263872812352,-0.004244863000184151,-0.0070494794515710505,-0.0007438365359153515,0.0025396957394546484,0.002230887893598748
2750,0.00021768027226646593,-0.0002213568749647333,-0.0006820006223354335,-0.0005919904687323348,-0.0010483487963019334,-0.0017968671181655335,-0.0021887311741648346,-0.0024469592124682343,-0.002623205535388933,-0.0024657622029468345,-0.0024636477147789333,-0.002526409723079633,-0.002707193471156633,-0.002938061219924735,-0.0029837353905236338,-0.0029617586504670345,-0.0028166827112837325,-0.0029999822232631337,-0.003528452358273435,-0.003390024387293635,-0.003574217204824934,-0.003910044609542933,-0.004015951015640734,-0.004073272491153633,-0.004077323409642735,-0.004186570817715134,-0.007014030333956334,-0.0007053391704857342,0.0025682716576531667,0.0023260164900679656
2748,0.00022882883686625027,-0.0002566286675902505,-0.0006725691668478511,-0.00061430413056455,-0.00109889418192855,-0.0017963713281502498,-0.0022180659700440503,-0.00247366557794885,-0.0025978574499363506,-0.00248065730722335,-0.00247212547991095,-0.0025012819763281496,-0.0027153905889909496,-0.0029757506958770514,-0.0029526079102009505,-0.0029569026801854487,-0.0027694117048544502,-0.00295559371364835,-0.0035071448072057487,-0.0033475381313253488,-0.0035046769552359493,-0.003857619694767349,-0.003980524560143752,-0.004042112138466851,-0.00406795624983485,-0.0041680180125810515,-0.007050000753942151,-0.0006764284787210504,0.0025910952066095488,0.0024135673100649496
2746,0.00024007187974091695,-0.0003186209596294839,-0.0006539215052515836,-0.0006148434992037845,-0.001107323042355883,-0.0018249573908083842,-0.0022608955568799837,-0.0025480310095902844,-0.002667509264969883,-0.002570821195713084,-0.0025294047341627834,-0.0025225128981701834,-0.0027879088181059844,-0.0030362911340345838,-0.002986060828185283,-0.0030175964924399837,-0.0027886629705912835,-0.0029830887841992837,-0.0035099230224170837,-0.0033516978883663846,-0.0034788022643953836,-0.0038776797534692854,-0.0040082375519674834,-0.0040517088650255835,-0.004092097619967185,-0.004192169248965483,-0.007116432282084684,-0.000651866872818983,0.0025960852340381167,0.0024546371266998164
2744,0.00023771162363351792,-0.0003737928539032827,-0.0006571269021836829,-0.0006024082041940822,-0.001070466443515482,-0.0018475456285349818,-0.0022539778827820826,-0.0025891047116796823,-0.0027553615237306817,-0.002642737020147782,-0.0025912794559031817,-0.0025525069689679818,-0.0028606855865210817,-0.003050525615919482,-0.0030421615310081817,-0.0030777640708368817,-0.0028330019824098825,-0.003009328853869682,-0.003516081168180982,-0.003363083452374082,-0.003469657004175881,-0.003914430768553181,-0.004053284527471881,-0.004047056833363384,-0.004099763023900081,-0.004228258898801284,-0.007130455921803983,-0.0006264090708548824,0.0025981008197313183,0.002466082780163017
2742,0.00022231380762776677,-0.00039144153028833166,-0.0006749304239068322,-0.000587855766859333,-0.0010331340994572322,-0.0018656505025906323,-0.0022209321145406323,-0.002573493752746233,-0.0027937460369786317,-0.002660468671901133,-0.0026222447375379328,-0.0025894898511416332,-0.002902932705858433,-0.003024152116861833,-0.003089109405631032,-0.0031044016977378325,-0.002857380283017333,-0.003016376787196533,-0.0035332046227101333,-0.003388689090749932,-0.0034848935593438327,-0.0039274443693536314,-0.0040737496046440325,-0.004020165918463032,-0.004099788750393832,-0.004256662682475031,-0.007088211947356033,-0.0006251785459897331,0.0026027924986464675,0.0024650480128839674
2740,0.00020778446152064887,-0.0003789389473711508,-0.0006655449116786515,-0.0005717627218024511,-0.0010263179698362518,-0.0018936973532469505,-0.002219769849294952,-0.002541657883724952,-0.002787630467315552,-0.002669869354692352,-0.002624865674861551,-0.0026528184369125508,-0.0029302412198462507,-0.0030225764577776516,-0.0031325048424351506,-0.003120926185855452,-0.002875143443080352,-0.0030541621395146507,-0.003573896810105252,-0.003462191078533851,-0.0035529751628687514,-0.003935523904427552,-0.0040790895009405505,-0.00402175554802215,-0.0041267890791145505,-0.00428459990669585,-0.00707068027154065,-0.0006765975191058513,0.002590579572889549,0.0024347800891678494
2738,0.00020015561760646644,-0.0003599772217277343,-0.0006188231951735346,-0.0005681748238855339,-0.001028945462969534,-0.0019042085878635331,-0.0022342869320395344,-0.0025080088326330345,-0.0027641780468421334,-0.0026815113688128337,-0.0026048452846804335,-0.0027091087366239337,-0.0029399662536621334,-0.0030514580455704345,-0.0031616403222824337,-0.003134042245204133,-0.0029060610566630334,-0.003126856385795634,-0.0036081815192514338,-0.003559657238314834,-0.0036433205377132336,-0.003950911993770035,-0.004080375384472134,-0.004067844345807835,-0.004161969203356835,-0.004310942569581134,-0.007116031029205433,-0.0007560055622493345,0.002563327606421067,0.002375765086149867
2736,0.00019285649562913489,-0.00033960498686426595,-0.0005819982080602654,-0.0005984304995244657,-0.001011303821475065,-0.001856568652432465,-0.002198692827020265,-0.0024457716002590658,-0.002720838592393266,-0.002635069110256065,-0.002547145022185166,-0.002686649140423965,-0.002897008358516865,-0.0030396129885221657,-0.003132640452260166,-0.003105227242824065,-0.002913472044256465,-0.0031623919231866665,-0.0035892513121581655,-0.0036058646564921665,-0.003675402789503365,-0.003940998245718266,-0.004055287022855066,-0.004097970896776765,-0.0041559494357940666,-0.004310381364767666,-0.0071641843807069665,-0.0007955468505179662,0.002564071886733934,0.002338481020294934
2734,0.00018390069865756656,-0.00031584098900793237,-0.0005965610583307333,-0.0006477698550891326,-0.0009834197114884334,-0.0017663477715272324,-0.002112658583326134,-0.0023653959937159335,-0.0026552216242854334,-0.0025157518321587326,-0.0024558405414567327,-0.002579593105717733,-0.0027969533669578335,-0.0029568211143782327,-0.0030384008729686333,-0.0030213818763702334,-0.0028571119559863325,-0.003119377478313033,-0.003522133142914533,-0.0035671987510720333,-0.0036269187727766324,-0.003889720305008634,-0.003991264934969834,-0.004058591448466034,-0.004112814605783733,-0.004268735392052834,-0.007151986854276433,-0.0007613338116422338,0.0026129284234123673,0.002359690915258667
2732,0.00018219241779363245,-0.0003065760410589681,-0.0006409262915437666,-0.0006661278784867667,-0.0009713611924424669,-0.0016952543281444667,-0.002055509661953968,-0.0023272121067927677,-0.002600537055411167,-0.002414288238835568,-0.002385485587673668,-0.0024767539320743673,-0.0026934275323589676,-0.0028705270156380667,-0.002946536337044267,-0.002939733654302867,-0.0027758760608656667,-0.003049582052674568,-0.0034661845457952672,-0.0034887451954400666,-0.0035719347413457666,-0.0038439063515690666,-0.003922528654146268,-0.003982657183310768,-0.004086210852116568,-0.004208808861065968,-0.007095879418043568,-0.000693112149434667,0.002660991460635833,0.0024027989857383324
2730,0.00019319023468693242,-0.00033078791588176705,-0.0006652489473011666,-0.0006319014285154669,-0.0009734620115343668,-0.001676988938944567,-0.0020817589216267675,-0.002354086051523367,-0.0025913469139455664,-0.002414945996345166,-0.0023919599844240674,-0.002455633915212767,-0.002643634016630767,-0.002852944984451867,-0.0029264032468278665,-0.0029222887895664663,-0.0027498566485828664,-0.003020980122864867,-0.003464523364950867,-0.003429703694640667,-0.003578485677088567,-0.0038548505371267666,-0.0038947085527226664,-0.003944718813147067,-0.0040969500669010665,-0.004163743670884967,-0.007045397093082767,-0.0006522863648234668,0.002656380424493533,0.002408210068545833
2728,0.00020945619609628353,-0.00037149654582281644,-0.0006581788806985164,-0.0005850586561258163,-0.0009723544886523165,-0.0016952685064023157,-0.0021632118828639156,-0.002397122954405917,-0.002618041922474416,-0.002488222199491217,-0.002463608653989917,-0.002493565659142617,-0.002657383266514617,-0.002891283689772116,-0.0029701609476913155,-0.0029607622546573165,-0.0027920227283367155,-0.0030371502800779163,-0.003503735207196117,-0.003405044989431517,-0.003619844081897217,-0.003907144842177116,-0.003916040749888716,-0.003965735170863816,-0.004112539719010317,-0.004143676164317916,-0.007012656035341817,-0.0006556758580977158,0.0026244514164435835,0.002377632375203184
2726,0.00021946579867675002,-0.0003910191291481499,-0.0006450585671401513,-0.0005757426660290502,-0.000970665444511451,-0.0017277976120174503,-0.0022401839336489513,-0.00241495099892655,-0.0026435504440823505,-0.0025498216151281505,-0.0025331513055329505,-0.0025167580373810505,-0.0027081357907560513,-0.00292664786702055,-0.0030208066206890496,-0.0029997161518722504,-0.00283952977730695,-0.0030635054589482503,-0.0035461484194002513,-0.003401517134704551,-0.0036270105308131503,-0.003942967039478551,-0.003958660770964951,-0.00400204818462075,-0.00410624462414565,-0.00414175191796695,-0.0069885291142360514,-0.000674306117673551,0.0026268322340423497,0.0023630200081520497
2724,0.00021881324075661776,-0.00038118529489948073,-0.0006376074063412819,-0.0006055306819021822,-0.0009820268311266818,-0.0017655796876473815,-0.002277459509898081,-0.0024268272239474815,-0.0026471981133054812,-0.0025690266095771807,-0.0025523053683816823,-0.0024975415291365807,-0.0027625134474438817,-0.002933239405451782,-0.0030447695324240815,-0.003003605694821382,-0.002847118729949782,-0.0030779892341056807,-0.003567420334603182,-0.0034071221806412817,-0.003584616616717381,-0.0039312658064231815,-0.003983369577652782,-0.004010307477296981,-0.004085015444328682,-0.004150020806635081,-0.00698129927841468,-0.000676969661190182,0.002666529950621919,0.0023875369735130185
2722,0.00021076963534978448,-0.00036837199907701484,-0.000626968945087316,-0.0006398371560395154,-0.0010006844207846154,-0.0017939885382764146,-0.0022658792905888153,-0.002456443987278215,-0.002633685483585715,-0.0025627903473524147,-0.0025289376311924162,-0.002465578516512315,-0.002789454787839816,-0.0029221618206379148,-0.003041223771280216,-0.0029737499216798153,-0.0028287370950776155,-0.003067166585841316,-0.0035558492168046157,-0.0034080460830626155,-0.003529702033412815,-0.003883025299858015,-0.003958762065654915,-0.003986723108902116,-0.004057443420629615,-0.004153941433512415,-0.006995763514378117,-0.0006552048290339157,0.0026952790306797843,0.002425092885638685
2720,0.00020093384776908446,-0.00036867278972311547,-0.0006185299711266162,-0.0006532586306255157,-0.0010111197510108156,-0.0017994548983445158,-0.002217852419827816,-0.0024795575642435168,-0.0026157363653839163,-0.002536203517139417,-0.0024971808517618155,-0.002449208931660316,-0.002771178629669817,-0.0029036143940735157,-0.0030108770401466155,-0.002927703162445016,-0.002804153463313216,-0.0030213347161958167,-0.003507123838989816,-0.0033892683834548156,-0.003486433536423717,-0.003820241238893617,-0.0038852143067623166,-0.003949656208421217,-0.004019639882832516,-0.004133020550705616,-0.007006173857893516,-0.0006170306087320155,0.002697105321536484,0.0024506472947169837
2718,0.00019181908452423242,-0.0003695340327880669,-0.0006304428568392664,-0.0006424782043330662,-0.0010158439864169679,-0.0017943346287479667,-0.002172903806969967,-0.0024688599443789677,-0.002606245658883167,-0.0024954292418978667,-0.002480988363972267,-0.0024465550484098677,-0.002721839502868667,-0.002882500691066067,-0.002958976822584867,-0.0028922577892354674,-0.0027635178562891664,-0.0029634051024356664,-0.003434077860362768,-0.0033549755878329677,-0.0034477628535676662,-0.0037615101439369674,-0.003805909591939667,-0.003915974168193868,-0.003978968719899667,-0.004084929139728667,-0.0069862472882348675,-0.0005759503707007674,0.0027018728430203334,0.002466479995853133
2716,0.00017937559673473352,-0.000361061251420167,-0.0006575307763507666,-0.0006185683185157675,-0.0010235113240303663,-0.0018016418097022667,-0.002171557185017367,-0.0024520171289953673,-0.002617979221992566,-0.002486041746384067,-0.0024909169312915674,-0.0024492413237234677,-0.0026773597721776662,-0.0028722419298430665,-0.0029162568725130678,-0.0028956269536217667,-0.002703184703489568,-0.002944225951104067,-0.003364110177163466,-0.0033300217704671665,-0.003410798937284666,-0.0037264103703827673,-0.0037694540321823664,-0.0038972043204101667,-0.003953030787074466,-0.004034098945441267,-0.006944461880710868,-0.0005413111191368662,0.0027235150239457327,0.002481296073582333
2714,0.00015588686756414817,-0.00035441621580125336,-0.0006724549968362518,-0.000604774399704652,-0.0010216575788565517,-0.0018205193359749523,-0.002213192050373052,-0.002477503606323952,-0.002657525075980353,-0.0025516494245562526,-0.002530544435411553,-0.002464953966580353,-0.0026597614203679523,-0.002884674099323952,-0.002917742047947652,-0.002937063801685253,-0.0026534888720843534,-0.002982464352398453,-0.003321770152265053,-0.0033338984237099526,-0.003395543081896253,-0.003726065950493653,-0.0037820283557603532,-0.0039001191868018523,-0.003941394596954752,-0.004005576932088452,-0.0069066265481488535,-0.0005142108387490522,0.002741122157154448,0.0024974163236345477
2712,0.00011938057016571552,-0.0003575905499796847,-0.0006639376499278839,-0.0006202747685529839,-0.0009968660675353843,-0.001837078330439685,-0.002264580578145785,-0.002544673636235485,-0.002720461683328885,-0.002664381860081685,-0.002588875988753684,-0.002506909875497485,-0.002668325634726385,-0.002916196262772385,-0.002960001140411384,-0.0029806092299055845,-0.0026492685930120836,-0.003041104740134984,-0.0033223216510475852,-0.0033667484758274843,-0.0034229432947906844,-0.003749807565805884,-0.0038199509136485846,-0.003924487644881285,-0.003936532854155184,-0.004005729709960984,-0.006885935669865584,-0.0004963402908038841,0.0027452944869898153,0.0025192884658302153
2710,8.116190494301782e-05,-0.0003597562549986829,-0.0006449547133069826,-0.0006525546839718822,-0.0009720925758053833,-0.0018589074036084834,-0.002307063949379483,-0.0026094871359884832,-0.0027928710775900825,-0.0027478165757897823,-0.0026394047770275826,-0.0025732224706190836,-0.0027018556157468836,-0.002957664710225884,-0.0030073119871171835,-0.003002075946692183,-0.0026975422468570823,-0.003083048936670583,-0.003372577517739483,-0.0034188404406076834,-0.0034923738738183822,-0.003776837998798183,-0.003875889657071382,-0.003963515331335482,-0.003957468285951983,-0.0040351798384596835,-0.006887801271763784,-0.0004966222970219838,0.002752024697321517,0.0025481963231399167
2708,6.192201618210151e-05,-0.00035489106899719985,-0.0006220600432128992,-0.0006675448878811999,-0.000984701313488599,-0.0019043835619468995,-0.0023460278332063985,-0.00264394743102,-0.0028551780767074996,-0.0027667765746350985,-0.0026633449995565987,-0.0026466120480943996,-0.0027622049446951995,-0.0030039360450937,-0.0030409231263000998,-0.0030239272238820995,-0.0027819488207238997,-0.0031138714068818987,-0.0034603858671966997,-0.0034758593210293,-0.003582921526352499,-0.0038007063961922986,-0.0039579368738798994,-0.004007254989761799,-0.0040269811888349,-0.0040973478818129,-0.0069162246511316,-0.0005195136745483001,0.002760466049870701,0.0025672752973978008
2706,7.720473220671625e-05,-0.0003571131222268823,-0.0005878284870256822,-0.0006583367966352827,-0.001030654956563383,-0.001963043283728084,-0.002380762671828983,-0.002654846169909483,-0.0028914374556720836,-0.002753627904803083,-0.0026683308991746826,-0.002709856025006884,-0.0028312968873012833,-0.0030465257882358824,-0.003075369473127483,-0.003077508895898683,-0.002873462157902183,-0.0031469543526618828,-0.0035498444176963826,-0.0035185355696314823,-0.003664629392235382,-0.0038303463635863833,-0.004050058163489084,-0.004043442721216282,-0.004116112146633884,-0.004179221724346984,-0.0069554390139943845,-0.0005490418088134833,0.0027460338498895174,0.0025567286302445166
2704,0.0001234855947842839,-0.00037475317212981585,-0.0005506182306983156,-0.0006564218176514161,-0.001068357277532116,-0.0020009087153603153,-0.0023997103223320163,-0.002653990481123516,-0.0029026666504440163,-0.002747993870392316,-0.0026731458436486163,-0.0027526187852411153,-0.0028720629819396163,-0.0030741394370865163,-0.0031207955889469164,-0.0031467809907625155,-0.002931477619740115,-0.0031639977641251156,-0.003604855759535416,-0.0035361403824376164,-0.0037094524362119158,-0.003867830081019116,-0.004111760106452016,-0.004060892082595715,-0.0041573629524046165,-0.004244289324649715,-0.0069735378485621165,-0.0005567596544935154,0.002709251897817684,0.002526664903227384
2702,0.00017578213304809964,-0.0003898959481920001,-0.0005417337645478998,-0.0006793831704034001,-0.0010771729192218006,-0.0020048185581314996,-0.0024047581753116,-0.002644054542458099,-0.0029055436280242004,-0.002752164742787999,-0.0026824689877217,-0.0027662548851558003,-0.002867465661428599,-0.0030888042189767,-0.0031574886091628,-0.0031826730205682004,-0.002928528390038,-0.0031446904634705,-0.0036173979105044007,-0.0035401933926829995,-0.0037058220904694003,-0.0038984175978687002,-0.004121765304008899,-0.0040603764669502,-0.004124622152252001,-0.0042653962235793,-0.0069649962920215,-0.0005289407958559995,0.0026888155894063005,0.002512403669317
2700,0.00020454970003459978,-0.0003842129583158001,-0.0005775581032332004,-0.0006982610997168012,-0.001075796725125401,-0.0019940724999056997,-0.0024092499853648006,-0.0026330598600638,-0.0029094651716398013,-0.0027526369321253,-0.002687623622624301,-0.0027455892107737002,-0.0028435275376633012,-0.0031053757126475005,-0.0031636541310832,-0.003169496236842,-0.0028881856768477997,-0.003110110576236601,-0.003603112323387,-0.0035471263925018013,-0.0036680189346603997,-0.0039079671128497,-0.004094072785750601,-0.0040568063319769004,-0.0040638830023761,-0.0042518724107796,-0.006960631794038901,-0.00048031029102459967,0.0027100857634841996,0.0025312791863565994
2698,0.00020079428675298314,-0.0003679612501978173,-0.0006355018887795171,-0.0006817980034353171,-0.0010778147984824172,-0.0019894023619404164,-0.002412703476711117,-0.002635538280613017,-0.002904809108699417,-0.002751650408218417,-0.0026859232914025165,-0.002701711827036617,-0.0028392055601100166,-0.003128056542409316,-0.003148241426439616,-0.0031451321522397158,-0.0028666310515504164,-0.003100109465083217,-0.0035768051161971168,-0.003549133528255616,-0.003625510558670317,-0.0039019865791761164,-0.004050311707744517,-0.004062120138097916,-0.004031591434990517,-0.004227696654348516,-0.006972936985690917,-0.00044129737986901667,0.0027569318256781836,0.002562281654142084
2696,0.00018000894952389934,-0.00036266308905209994,-0.0006805301659121004,-0.0006446889137939008,-0.0010677529847707996,-0.0019916325348807006,-0.0024041278454217004,-0.0026511523946930998,-0.002883730601627301,-0.0027569660565252996,-0.0026827294813637007,-0.0026607880009925002,-0.0028606812379272997,-0.0031413363575072996,-0.0031332752187246005,-0.0031476687798710004,-0.0028809030398929004,-0.0031193957178351998,-0.0035453848842928997,-0.0035223488840588,-0.0035990825747381997,-0.0038978797587548002,-0.0040025614457869,-0.0040667757543384996,-0.004034082769749,-0.004197627124013401,-0.006964583652466902,-0.0004355587033435006,0.0028060466822137,0.0025756262040049997
2694,0.0001569832133514002,-0.0003704272330972997,-0.0006978569216994999,-0.0006224852013891995,-0.0010366607418647,-0.0019880928064182,-0.0023850803372375984,-0.002657084578973099,-0.002856450182573399,-0.0027569109155779984,-0.0026740443498069998,-0.0026350846956331997,-0.0028759397372080994,-0.003128146890559699,-0.0031139365551398,-0.0031669511699099,-0.0028841446617267983,-0.0031348433549459997,-0.003514733052965199,-0.0034617287627143993,-0.0035852597142494985,-0.0038976746653047994,-0.003962327037456298,-0.0040464825631893,-0.004038929844639699,-0.0041520485282551985,-0.0069002758461755975,-0.00046161304526939895,0.002854503342064201,0.0025704468846993013
2692,0.00012726022712808253,-0.0003799373464994163,-0.0006931235281588174,-0.0006203334304337171,-0.0010074179049741165,-0.0019641663827054175,-0.002364262057953417,-0.0026312030828006174,-0.0028326718067238164,-0.0027277966631155167,-0.0026455762299251173,-0.002603826085309617,-0.002851060752638617,-0.0030855256275563164,-0.0030636923728574166,-0.003162089211362117,-0.002829908584674917,-0.0031180814135332163,-0.0034858985782189166,-0.003390093127417117,-0.0035617170321006163,-0.003878535201421217,-0.0039369238635920175,-0.003991387978133917,-0.004018767142138616,-0.004093119480205116,-0.006801156668210016,-0.0004877422442250163,0.0028997069397042833,0.002573551982937983
2690,8.657919235939907e-05,-0.00038884770692400143,-0.0006781462698601005,-0.0006175976932167003,-0.0010041292617667015,-0.0019175222478829013,-0.002339159689594701,-0.002580086529935301,-0.0028034037412740017,-0.0026676656552848017,-0.0025955605304334006,-0.002545239846479001,-0.0027880727810384014,-0.003023028239882101,-0.002984950635189101,-0.0031133819972011013,-0.002736905900127401,-0.0030699136594539017,-0.0034521931758417015,-0.0033331752227930018,-0.0035114755657877014,-0.0038217131640174012,-0.0039166346537135,-0.003924811271025501,-0.003972926631984302,-0.004039000618640102,-0.0067173994659332995,-0.000478344614258901,0.0029229221026447986,0.0026021417394080986
2688,5.645120829986597e-05,-0.00039814672994273326,-0.0006669931100541336,-0.0006078895783101328,-0.0010207581122587336,-0.0018712768654329335,-0.002307161900092133,-0.0025375123540045327,-0.0027587591568533337,-0.002607981051865934,-0.002543703266075434,-0.002479246051378633,-0.002725570407225533,-0.0029592886865874336,-0.002923680426196333,-0.0030395252536621342,-0.0026647398321591343,-0.003008017163587234,-0.0034143071188813337,-0.0032986306345565326,-0.003445827664346734,-0.0037448789671223337,-0.0038904906901274343,-0.0038861465995107328,-0.003923217170448334,-0.0040065557662338335,-0.006670873884760233,-0.0004350828915512337,0.0029130152711418665,0.0026373363222658664
2686,6.390603445271571e-05,-0.0003959992433213849,-0.0006713202821151849,-0.0006024372787903839,-0.0010379034179040843,-0.0018542199660881841,-0.002282663024553185,-0.002532465687875584,-0.002710514438253684,-0.002581480673111385,-0.0025093502667256837,-0.0024491138066713835,-0.0026989676223922836,-0.0029157877430641844,-0.0029123456954783834,-0.002970721912628784,-0.002643949367066384,-0.002949805929234184,-0.003387262155222684,-0.0032792809581786847,-0.0033971423467561834,-0.0036885284171910837,-0.0038689846110025843,-0.003891480078473184,-0.003895174956017884,-0.004001261788556084,-0.0066561735825130825,-0.00039874873489958475,0.002884992254816316,0.0026437541876783155
2684,9.543069446475011e-05,-0.0003722267817184502,-0.0006872485164301501,-0.0006031825404091504,-0.0010493447914829493,-0.0018546860205961493,-0.00227179035056675,-0.0025564330603796495,-0.0026761404880150507,-0.0025811556846448494,-0.00249041231433025,-0.0024602743314560502,-0.0027008089778648506,-0.002897265032603751,-0.00291919649093725,-0.0029211873702866507,-0.0026549295553430496,-0.00290694717882245,-0.0033776986641835503,-0.00326377138155365,-0.0033811691259746507,-0.0036671168404082497,-0.0038634646155967494,-0.0039129379992525505,-0.0038907612398122494,-0.004015748651634151,-0.006673704326928652,-0.00039921105026725044,0.00286087454659945,0.00261657193557595
2682,0.00010267697086931843,-0.0003425795638157831,-0.0006971451006550829,-0.0006028858959108829,-0.001054118790239783,-0.0018248278206685828,-0.0022473638341382832,-0.002569344455918183,-0.002652915359543982,-0.002566483096389882,-0.002474190526979383,-0.002472342425550082,-0.0026935800848601824,-0.0028857982378463817,-0.0028880715628537817,-0.002892802124105682,-0.0026659532460251815,-0.0028847387853880822,-0.0033686835203035823,-0.0032469181064532816,-0.0033789667874017833,-0.003655403495034482,-0.003854655153328083,-0.0039069500281619825,-0.003884472158761882,-0.004031035659106683,-0.006724030920181982,-0.000420072123958783,0.0028509996370433173,0.002594052379752218
2680,6.512603937351702e-05,-0.0003367818346112824,-0.0006913560520830832,-0.0006048956965263828,-0.0010432256771840832,-0.001752555273940283,-0.0021881341976503835,-0.002544655917167283,-0.002631847336287482,-0.0025184269019841825,-0.002460888593079682,-0.0024623031592842827,-0.002665296270954083,-0.0028705262920162827,-0.002822259138554682,-0.002891099790804383,-0.0026670877011710833,-0.002883822751715082,-0.003346685678608482,-0.003237691467596983,-0.0033685108934833827,-0.0036329262306485834,-0.003818726807245482,-0.003864036289014383,-0.0038605858893478832,-0.0040287557175433825,-0.006782005602459583,-0.00042886799054658344,0.002859624523659717,0.0026111332210313172
2678,2.0107422304165706e-05,-0.00036444938604243346,-0.0006778300631287339,-0.0006160040047681337,-0.0010155045591145329,-0.0016976628582143338,-0.0021278562055363336,-0.0025008570451980332,-0.0026245109286374343,-0.0024720036485698337,-0.002461913274320533,-0.002459323817812234,-0.0026509102625132345,-0.0028695501006343344,-0.0027893333116135333,-0.0029218520401250343,-0.002666665717079634,-0.0029030832341362337,-0.003328466379011033,-0.003251028985555033,-0.003358610260782633,-0.0036181440576130344,-0.0037769244810180336,-0.0038209675614237337,-0.0038395859194563335,-0.004012729414808734,-0.006813342637255134,-0.00042173472408983323,0.002884800453749666,0.0026536805907496665
2676,1.3516363986216043e-05,-0.00040856547657468385,-0.000665854839363083,-0.0006264038823793842,-0.0009918323742057842,-0.001723149587308584,-0.002123709293349884,-0.0024802140701818843,-0.0026511933412110833,-0.0024774915921455844,-0.002481944420025084,-0.0024956564027354827,-0.002686551820734283,-0.0028999266039643843,-0.002833778345107084,-0.002973455443518784,-0.002676459621527884,-0.0029373540449773843,-0.003339140941996683,-0.003286496891555484,-0.0033737615307687843,-0.0036413705119688836,-0.003776793650145084,-0.0038200112880689835,-0.0038476451621699843,-0.004011204751774484,-0.006817101906401883,-0.00041720814695108376,0.0029069349823072164,0.0026791402085367165
2674,4.145662055665168e-05,-0.0004483395821528492,-0.0006542323827339481,-0.0006233923942580485,-0.0009926710126896485,-0.0018162761350302477,-0.002182315715366149,-0.0025046836143809478,-0.0027089227475857475,-0.0025413909133826483,-0.002516958576630448,-0.002554440484570949,-0.002759613605180648,-0.0029407129488614476,-0.0029244761742789477,-0.003016215696583349,-0.002704783405136248,-0.002974196911128048,-0.0033753840349236477,-0.0033252116891504483,-0.003414687620752449,-0.0037006771286537486,-0.0038237645135023486,-0.0038629796406832485,-0.0038754317179402475,-0.004042120784236249,-0.006822276295968549,-0.0004217296764006482,0.002902281304830152,0.0026771787512778512
2672,6.476404906558333e-05,-0.00047093890480071586,-0.0006426399346052165,-0.0006198654977322155,-0.0010107405677199158,-0.0019126556515367162,-0.0022560940047250157,-0.0025614449194460154,-0.0027710800290554165,-0.002623944488670515,-0.002562074765313116,-0.002593242796297116,-0.0028211624389251153,-0.0029530660894175158,-0.0030048958799225155,-0.003026593951246716,-0.002747635918099416,-0.003000732234042616,-0.003411328885570516,-0.0033544928753414163,-0.0034560205422246165,-0.0037626182796177167,-0.0038719869125530167,-0.003913429394953616,-0.0038938459343747164,-0.004085943812024815,-0.006841354137035216,-0.00042957202172331545,0.0028782943814766844,0.002679420855792484
2670,6.415958610138384e-05,-0.0004696120734705156,-0.0006407363074240162,-0.0006400877412558164,-0.0010233319204844167,-0.0019690174272424168,-0.002305379575607617,-0.0026166878324609157,-0.0028115063238954158,-0.002683825320447116,-0.0026060554074169157,-0.0025952401265544166,-0.0028364221841859164,-0.0029276439928023167,-0.0030542803372367155,-0.003004321911385716,-0.002780729488623816,-0.0030126158048913165,-0.003429312294756416,-0.0033784306933814165,-0.003479115955856517,-0.003794386201726417,-0.003884460243163416,-0.003934310550592016,-0.0038965752303858157,-0.004106219903435416,-0.006851310935238516,-0.00044125347630431626,0.0028756708826216835,0.0027096084565333836
2668,5.1864163172416974e-05,-0.0004523253558438821,-0.0006551444153274823,-0.0006779846212785837,-0.0010234617088322826,-0.001975394903576483,-0.002324015946112583,-0.002630714417184283,-0.0028126003702308826,-0.002704525989919583,-0.0026258372190352836,-0.002571521857761083,-0.002807584569441383,-0.002887822211880383,-0.0030748807158665833,-0.002962674618028082,-0.0027749371998602827,-0.0030119684689735825,-0.003425592676855783,-0.0033953062721419833,-0.0034866454881340835,-0.0037828400241320826,-0.0038652158458665833,-0.003915208115923783,-0.0038973783819942834,-0.004088884426645683,-0.0068253926194556825,-0.0004497195081753832,0.0029214995097493176,0.002757051938109817
2666,3.85814021964994e-05,-0.00044428218968619974,-0.0006775196958763996,-0.0006992723581715002,-0.0010217026576815006,-0.0019271343827279002,-0.0023109468629343,-0.0025784978299165998,-0.0027632724847261,-0.0026852656094798998,-0.002604394447743701,-0.0025333183144040997,-0.0027575051024221996,-0.0028544756978105008,-0.0030568328702578005,-0.0029136555592866008,-0.0027285143900314997,-0.0030017814517616995,-0.0033993846476495,-0.0033875657278762995,-0.0034878506626436004,-0.003736949880316901,-0.003830861306808901,-0.0038738471502784994,-0.0038990710616676003,-0.0040502732729114,-0.0067687855692613996,-0.0004260950498280007,0.0029952064553231995,0.0028041954992191
2664,2.0377875360032965e-05,-0.00045947869039206744,-0.0006956825210143666,-0.0006884144252383671,-0.001024204408164267,-0.0018355912291289668,-0.0022639318881531676,-0.002478925660411368,-0.0026736266064103665,-0.0026333134994423676,-0.002552073772291467,-0.0024901220908156666,-0.0027090340181705665,-0.002833579560794367,-0.0029951670673822664,-0.002869990663596467,-0.0026734659211292665,-0.0029886477195300663,-0.0033581637434226663,-0.0033493977304820677,-0.003489223404722767,-0.0036864199808604673,-0.003791048379974366,-0.003842182372806967,-0.0038971612896045674,-0.004013857290890467,-0.006716177404194067,-0.00035697510625726757,0.0030527192940132328,0.0028474021694490327
2662,-1.5035769079674993e-06,-0.00047740505238316744,-0.0007068302592730669,-0.0006671348331838672,-0.001027810273131367,-0.0017514226744336676,-0.0022064546874028673,-0.002394229204356068,-0.002585253613611267,-0.002570516617837467,-0.0024985224914683673,-0.002460029510094568,-0.002676312087732868,-0.0028301926827895667,-0.002920983867204267,-0.002847086160340368,-0.0026445409731993674,-0.002981584254242867,-0.003324020066558667,-0.003302723308784868,-0.003495687323300167,-0.0036642475050335677,-0.003763064408067668,-0.003840957111777168,-0.003900745986434367,-0.003991553543868667,-0.006700704416354668,-0.00028270431250046815,0.0030709674330927327,0.0028806839948794325
2660,-1.3821632656667304e-05,-0.0004711060775858672,-0.000712237417631767,-0.000660180957513766,-0.0010325241153758668,-0.0017276558674671674,-0.002179678307786667,-0.0023755241852048675,-0.002543202599475866,-0.002526563115279667,-0.0024662419521886674,-0.002456721543247567,-0.002660791984323266,-0.002844984460311867,-0.0028768712629552665,-0.0028489586587501677,-0.002649452124807666,-0.0029777508072979676,-0.0033129249714030674,-0.0032696185229191665,-0.0034998197424130663,-0.003673662771863267,-0.003766956183412067,-0.003856127917974567,-0.003914979752345367,-0.003981692187992167,-0.0067260485820879665,-0.00025781093351876644,0.0030596969375036335,0.0028898702007639334
2658,-1.0825513245667218e-05,-0.00045031483916496695,-0.0007099244160863657,-0.0006654643056375666,-0.001041610224051366,-0.0017616493157692672,-0.0021948653219986663,-0.0024119364191817674,-0.0025572657802212673,-0.002516266398918967,-0.002461598926241166,-0.002475162102149967,-0.0026554396354315658,-0.0028611329921032665,-0.0028684977675427666,-0.002860359979919666,-0.002672815239031767,-0.002960090054818766,-0.0033143203563151657,-0.0032479029689729665,-0.003474830479363566,-0.0036831208145604658,-0.0037926245958019664,-0.003850574752674467,-0.003914179531785867,-0.003973724170162167,-0.006761882761793665,-0.0002793058313709674,0.003045278187247733,0.0028781392981859335
2656,-1.7443998143150397e-06,-0.00044855527805821513,-0.0007017571825384157,-0.0006684356878268148,-0.0010512453779236153,-0.0018092200072516145,-0.002223550164504715,-0.0024526486461079154,-0.002602306036173216,-0.0025319132612247157,-0.0024817768165477146,-0.002502820126840416,-0.002658091733178016,-0.002860555272595716,-0.002870550246514815,-0.002863774062190915,-0.002697029414130015,-0.002921242092219816,-0.003308264883808915,-0.003229442633451615,-0.003404450427279415,-0.0036665087129373157,-0.003801569492344215,-0.003807905075710716,-0.0038716308168794157,-0.003957923753118415,-0.006765685555917117,-0.0002949085706464155,0.0030550053464902848,0.0028717379261613846
2654,6.589898178832945e-06,-0.00047077726127476606,-0.0006978035141299663,-0.0006664373212281662,-0.0010555209744605668,-0.0018451843892548676,-0.0022401993173274664,-0.002468902732245766,-0.0026451224483423665,-0.0025564899398875674,-0.0025126133512416663,-0.0025301350117099674,-0.0026714078011513664,-0.002849340919751966,-0.0028710790068169675,-0.0028583960604480676,-0.0027084911285449667,-0.0028796242901444665,-0.003290696096803566,-0.003218878839869866,-0.003319581440396867,-0.0036330703621897664,-0.003773863926718267,-0.003752720063595066,-0.003808837042092266,-0.0039370552019331664,-0.006715150124008166,-0.0002770549466259674,0.003102913343811033,0.0028839491729146334
2652,1.7736611798799956e-05,-0.00048591597282930145,-0.0007025073832105013,-0.0006638587236771007,-0.0010609578883437002,-0.001873150765129901,-0.0022446701806343,-0.0024700510769468005,-0.0026585535738404015,-0.0025733431366755013,-0.0025267502078127006,-0.0025412101110139015,-0.0026851599060226,-0.002844136263293601,-0.0028786326967051006,-0.0028545620721995013,-0.0026950081589290006,-0.002857812441773501,-0.0032657331369591,-0.0032136135702357013,-0.0032757207420516,-0.0036044147098484008,-0.0037291580465735,-0.003717661845688801,-0.0037729469382492015,-0.0039244017218544,-0.0066257276463515015,-0.00024568379276170005,0.0031728450261479992,0.0028955033562617994
2650,3.093329400150058e-05,-0.0004768458762353985,-0.0007043267381306988,-0.0006576498084029988,-0.0010792827806962984,-0.0018896237010652996,-0.002238316626509,-0.0024681097770544985,-0.0026294980354325,-0.0025697831631440998,-0.002507628633930099,-0.0025210356930260996,-0.0026773733987373993,-0.002841750908935599,-0.002891924107316299,-0.0028579325044147987,-0.002657660236338899,-0.0028566066009279995,-0.003231173009401199,-0.003192553561965999,-0.0032888050740944984,-0.0035849427141650993,-0.0036941421069655,-0.0037074696839896996,-0.0037685997919418984,-0.003925332294470899,-0.0065403711946493,-0.00021838346844109922,0.003220940491187301,0.002887171909463901
2648,3.436707414065064e-05,-0.00046465609871865036,-0.0006902134319108494,-0.0006443785299753493,-0.00110437040039635,-0.001885541514573751,-0.0022145531564571504,-0.002461013749616551,-0.0025784476547634494,-0.002548269298999751,-0.0024745461528903508,-0.0024887386145226505,-0.002646032260999751,-0.0028302599134298508,-0.002897703578137451,-0.0028707462658808507,-0.002625002413875451,-0.0028670360467549505,-0.0031971550789262494,-0.0031546764747476495,-0.0033241701953781507,-0.0035778394969878495,-0.0036797819544574506,-0.003714258493973251,-0.003761975036754451,-0.003929542940374951,-0.006504548257612151,-0.00018964009452845064,0.0032115848031389494,0.0028692513868605494
2646,2.0728367188882837e-05,-0.0004718223457603164,-0.0006640434674149171,-0.0006330707489346169,-0.0011137661203625172,-0.0018777994935697158,-0.0021853380365610166,-0.0024528025791535173,-0.002556896480675617,-0.0025296412714868165,-0.002462605511026117,-0.002491065720774316,-0.0026207731256560167,-0.0028206600547663156,-0.0028984320035465166,-0.0028979117884949165,-0.0026339888951872163,-0.002891454495277916,-0.0031995605879161157,-0.0031421060413607156,-0.0033527652371232158,-0.0036023032121671166,-0.003697313772068016,-0.0037457907113097166,-0.003750479244448917,-0.003928820805270317,-0.006537834820667717,-0.0001657320715526163,0.0031554384101763833,0.002861974315283484
2644,-2.566152456334736e-06,-0.0004905395669699344,-0.000639905223397335,-0.0006362804608857353,-0.001099282106268435,-0.0018918906998355352,-0.002181599405682034,-0.0024575439957673344,-0.0025936307884868344,-0.002529129672575235,-0.002478434989152435,-0.002536083888096634,-0.002624269741365634,-0.0028333818407731345,-0.002909735874551435,-0.0029363607533252345,-0.0026860966049160346,-0.002928351899043235,-0.003257952371751135,-0.003185679411206335,-0.003381081601094335,-0.0036583088889759353,-0.003757816400031134,-0.0038074373758401354,-0.003769007885589334,-0.003931648217477634,-0.006612101253112535,-0.00016456266561463463,0.0031050424280219657,0.002868573509977765
2642,-2.481046138675183e-05,-0.0005027860620809513,-0.0006235074129469515,-0.0006519546634604512,-0.0010798110282398514,-0.0019172309408547524,-0.002212957892164852,-0.002477693471828652,-0.0026561194753998516,-0.002538706983798952,-0.0025004183569300523,-0.0025703874768310524,-0.002641407488047951,-0.0028619271846439514,-0.002931129591321552,-0.0029682948529893526,-0.002739449927710252,-0.002953597131717051,-0.003335909065865051,-0.0032502452624225513,-0.003415949469930752,-0.003697584705642151,-0.003841018622835252,-0.003871262480157652,-0.0038185854657641523,-0.0039492152434374515,-0.006666759079552552,-0.00016955646744165088,0.0031040410824415485,0.0028828696281149487
2640,-4.130190445028343e-05,-0.0005052687399524835,-0.0006124672517742831,-0.000665263581967084,-0.001076130994420184,-0.0019256122202479823,-0.0022543696081834827,-0.0025047039120212828,-0.0026948363772308836,-0.002550705936472184,-0.0025198315170434837,-0.002557095813439083,-0.002648241107114184,-0.0028862599805105837,-0.0029498408262308836,-0.0029804106622577835,-0.002756963779082384,-0.002948269322693784,-0.003379304809037284,-0.003279722768417083,-0.0034405815300206826,-0.0036761222292502832,-0.003898408558198883,-0.003896547085405184,-0.0038481945933932825,-0.003975853377991684,-0.006664508119175283,-0.00013986088857218318,0.0031420653046095167,0.002900432472564317
2638,-4.5881143778433824e-05,-0.0005003276999651337,-0.000607786134082234,-0.0006659236664899341,-0.0010865000160205337,-0.001927582405167134,-0.002281058800075634,-0.002538503200517233,-0.0027072291864829344,-0.0025808191822651342,-0.0025472306642833334,-0.0025368460008266336,-0.0026497158751333334,-0.0029104575453256344,-0.0029692704948447333,-0.002980676745935134,-0.0027490510025172344,-0.002933226678156633,-0.0033810543900620335,-0.0032771626697489344,-0.003447706241916434,-0.0036228381498513334,-0.0039053392118744345,-0.003876081656365834,-0.0038295461503040336,-0.003992782655411735,-0.006629384972208034,-8.364905713283393e-05,0.0031654527595099662,0.002906418660336266
2636,-3.02690569062335e-05,-0.0004845526697138331,-0.0006106877335175336,-0.0006544832566555336,-0.0010960271015549332,-0.0019582021701923333,-0.0022882002975392335,-0.002578437254692533,-0.0027219643603759334,-0.0026381468076251335,-0.002574097595235033,-0.0025640192616988335,-0.0026604706665218332,-0.0029467899136900334,-0.0029998413755966333,-0.0029823034978831335,-0.0027554756082225334,-0.0029430390291442336,-0.0033718424421836334,-0.0032893053467907326,-0.003461085546090533,-0.0036086217569455334,-0.0038849101980557334,-0.0038380657011070334,-0.003798208905715833,-0.0039898498643377335,-0.006616114207529833,-6.809639564573332e-05,0.003133611240689267,0.002876019818348067
2634,2.933944243162928e-07,-0.0004594856978795835,-0.0006139491377897834,-0.0006346492589825838,-0.0010977055287582837,-0.0020077394619708836,-0.002271937597823784,-0.0025994404157402835,-0.002735039143722784,-0.0026861895161883836,-0.0025654291720482833,-0.002614124394786184,-0.0026682822262249837,-0.0029721245732837833,-0.0030235904319366835,-0.002983492364700683,-0.0027935765845881837,-0.0029728780170482833,-0.003358632744548684,-0.003322980745475684,-0.003493878910017583,-0.0036494822167538834,-0.0038642513294112834,-0.003808571194295783,-0.0037913245446012833,-0.003977468556231484,-0.0066495719444564835,-0.00013206490345738344,0.0030591580282126165,0.0028054962289859164
2632,2.292303696475005e-05,-0.0004338310220391499,-0.00061158765788975,-0.0006115151281149499,-0.00109070448671785,-0.00202113775013425,-0.00222903248010575,-0.00257430623687455,-0.00271101637015135,-0.00267438500590805,-0.00250790486021365,-0.00261415196107115,-0.00265287368069335,-0.00294823636544585,-0.0030045098827992498,-0.00297977596756265,-0.00283894858424395,-0.00298541871369675,-0.00332060449074115,-0.00333302113397965,-0.00351388309294125,-0.0036860996116593503,-0.00383661081526105,-0.0037974942672097498,-0.0037927601046855498,-0.003974343072155551,-0.00671285838383045,-0.00023916716132544994,0.00298593999373745,0.00272471525779695
2630,1.8161115070549922e-05,-0.0004057798481248501,-0.0006138613891803501,-0.0005986831807716501,-0.00106855925796595,-0.00197308391708875,-0.0021851486819387503,-0.00252064130683125,-0.00264624479269005,-0.00260671831556135,-0.00243719599898695,-0.00254531316545895,-0.0026268933773718503,-0.00288257214130175,-0.00293842172829795,-0.00297882497334965,-0.00284986407460755,-0.00296299985022035,-0.00326156540176275,-0.0032955864137658502,-0.0034819499342718502,-0.00366171935675545,-0.0037852902712356504,-0.00380655760400785,-0.00377252666851565,-0.0039824155965913505,-0.00677754674911605,-0.00033729278571195003,0.0029400778080596497,0.0026687225609722497
2628,-1.0258526975416397e-05,-0.00036775410546411626,-0.0006373823592039163,-0.0006131479722317162,-0.0010267639270448161,-0.0018936111793978162,-0.002181057286284916,-0.002484296205314916,-0.002582161633934116,-0.002537720048420016,-0.002397242457617616,-0.0024552091278981164,-0.0026184198372106162,-0.0028182460440782805,-0.0028605867186596483,-0.0029772974499344164,-0.0027987008242259938,-0.0029156721387142725,-0.0032137316263438163,-0.003239198447290016,-0.0034032387509916164,-0.003578121501754316,-0.003715506118684516,-0.0038152296154599164,-0.0037375790505146163,-0.003972996878283817,-0.006814255140112316,-0.0004067205173992161,0.002922249062348684,0.0026553068909199837
2626,-4.292900664500023e-05,-0.0003367687118920001,-0.0006796570537094004,-0.0006524089219214,-0.0009795299495758002,-0.0018118531644475003,-0.0022144738491561003,-0.0024721325689111002,-0.0025471288915521,-0.0024959669738629,-0.0023945642543589003,-0.0023771243110733004,-0.0026194600536227734,-0.002764571575100524,-0.002798284110984,-0.0029415670151879004,-0.002688683664931177,-0.0028461299350753004,-0.0031840283267866,-0.0031883257677453,-0.0033106096940307,-0.0034695713778615,-0.0036423091380140002,-0.0037755255243337002,-0.0037066460064266,-0.0039119908494604,-0.0067899229023519,-0.00042674301942390025,0.0029378861645937998,0.0026912936437435996
2624,-6.515432219409995e-05,-0.00034550044735139995,-0.0007195078894234999,-0.0006843353338842999,-0.0009528622340835999,-0.0017317175476313925,-0.0022364581942398,-0.0024468149448422,-0.0025299761386374,-0.002460880664942,-0.0024090060727153997,-0.0023039887046846,-0.0025949440325189997,-0.0026978233684656,-0.0027468378024964,-0.0028487781735611,-0.0025559138441583,-0.0027518494315159,-0.0031452178772157,-0.0031273748002271,-0.0032213112005878,-0.0033675399765554998,-0.0035743045121622,-0.0036662655053847,-0.0036713837722918,-0.0038067078446853,-0.0066971603084773,-0.0003667637293306,0.0029979096858785,0.0027673602269369
2622,-7.294636829804999e-05,-0.00038924208260855003,-0.00074354162501345,-0.00067622495776055,-0.00095954661201765,-0.00167323115864735,-0.00222361718018285,-0.00239676472160425,-0.00251827364917005,-0.00242353312763315,-0.00242393305518745,-0.00224166913652425,-0.00254319406123375,-0.00263216869963005,-0.00270007297808285,-0.00273788685330675,-0.00245207663997535,-0.00266241926343955,-0.00309014734560755,-0.00304351705787095,-0.00314360121237195,-0.00330297566322935,-0.00352279937191885,-0.00354597911355245,-0.00362126955610515,-0.00371043856634635,-0.00658331716147685,-0.0002519450477668068,0.0030829094358140498,0.00284150164569825
2620,-6.971612448161669e-05,-0.0004198658000279167,-0.0007552810249474168,-0.0006366504402136165,-0.0009891203503622165,-0.0016769116245309165,-0.0022149074227004167,-0.0023626827230469162,-0.0025220961239757166,-0.0024195052675874164,-0.0024304372128067164,-0.0022241648181622166,-0.0025109380566670165,-0.0026224810146586166,-0.0026708820180364164,-0.002683064876935516,-0.0024109624373852166,-0.002629657185892216,-0.0030524519464971162,-0.002968630653843417,-0.0031018788239360164,-0.0033016858910876164,-0.0035025934470275166,-0.0035057762636904162,-0.0035789721167092167,-0.0036672433016031163,-0.006511266617433716,-0.00017310149570931663,0.0031436444877288834,0.0028706337400327834
2618,-6.332628225880037e-05,-0.00041329392847700005,-0.0007565056060864,-0.0006142675343855002,-0.0010206867570702002,-0.0017481900506860003,-0.0022532119390284004,-0.0023775314309573002,-0.0025512896745220003,-0.0024806540205059,-0.0024277161923849,-0.0022692944703602,-0.0025413794608268006,-0.0026814193643334,-0.0026745930855582,-0.0027159625934544004,-0.0024357855163545006,-0.0026714309495012,-0.0030640906436314006,-0.0029540232799289,-0.0031170433477528,-0.0033598998285702003,-0.0035141689262023,-0.0035668785008672005,-0.0035773971227977,-0.0036683367521560006,-0.0064945441844291,-0.0001789032263200003,0.0031554151776794,0.0028680801082779
2616,-5.909595096009962e-05,-0.0004061437157339997,-0.0007369511275388996,-0.0006438946006471001,-0.0010393783439673,-0.0018413297402814998,-0.0023237460841924996,-0.0024255633388011,-0.0026017866748398997,-0.0025892618213738,-0.0024344270135597,-0.0023623854380394,-0.0026290881562851995,-0.0027550976642287,-0.002717268690429,-0.0028017943862422,-0.0025185021755654,-0.0027568850804901,-0.0031259158942661997,-0.0030186286504857002,-0.0031728805649017997,-0.0034463491788165,-0.0035465045799924,-0.0036650881871434994,-0.0036178585300072996,-0.0036844718285161996,-0.006505120583550499,-0.00021131396499039995,0.0031439573893619,0.0028854637388474004
2614,-5.4855986507782936e-05,-0.0004404242708505833,-0.0006949228724543828,-0.0007027982867518828,-0.0010404254594790835,-0.0019114964138608834,-0.0023770704496194834,-0.0024769939824345827,-0.002667842106155483,-0.002697641772878883,-0.002473910089504783,-0.0024778672011018833,-0.0027269910446163833,-0.002798727657267283,-0.0027975708591796832,-0.002885979670253583,-0.002643824627544383,-0.0028475246704950828,-0.0032194005977340826,-0.0031308580604435836,-0.003230797670093484,-0.0035314550942905825,-0.0035974226179101834,-0.0037329150650253834,-0.0036716125824051834,-0.0037168643273359824,-0.006526048284909383,-0.0001941137549925833,0.003143658757274217,0.002933426876043717
2612,-4.865096487719888e-05,-0.0005034273398655991,-0.0006557992785370991,-0.0007384766152928992,-0.0010261903569862996,-0.0019459811932694996,-0.002388090770835299,-0.002522016961077899,-0.0027349301385547,-0.0027675722128966,-0.002534487485944599,-0.0025805456074313995,-0.0027818791715826996,-0.002822779272997,-0.002895135801855099,-0.002934737231186699,-0.0027649667194287993,-0.002923987514919,-0.0033160905067132996,-0.0032286453847366987,-0.003269519287801499,-0.0035942853410258985,-0.0036644316365341,-0.0037561646916396,-0.0037048008085469987,-0.0037786437788443995,-0.006554826842827099,-0.0001340045311196995,0.0031578056466941007,0.0029725445555591006
2610,-4.995185770748263e-05,-0.0005519521791037827,-0.0006537614165993827,-0.0007313982707035822,-0.0010038029596060828,-0.0019409919829301821,-0.0023688031537827826,-0.0025537980718214823,-0.002766995407424082,-0.0027800532374869825,-0.002573646932255683,-0.002622862226513383,-0.002772034645441783,-0.002845371481197182,-0.0029656637027921824,-0.0029341890962967833,-0.002812180526626483,-0.002973105919437783,-0.003375537743631982,-0.0032638051169906826,-0.0032876305031950825,-0.0036120064057029826,-0.003721347506737683,-0.0037487847847314827,-0.003692878435061782,-0.0038425676895555826,-0.006568552632742482,-8.111091367058246e-05,0.0031802965223460176,0.0029908666837203174
2608,-7.218761635011811e-05,-0.0005669902396191178,-0.0006969134497200177,-0.000708365664953318,-0.0009842884944650174,-0.0018939725992266178,-0.002340491191693118,-0.0025539910327530184,-0.002737385791183918,-0.002732413835507417,-0.002569743418494118,-0.0025835108354033175,-0.0027231344320411176,-0.002849690307173418,-0.0029755767187288175,-0.0028825031478421177,-0.0027559741668608173,-0.0029806447745102183,-0.0033642277404365177,-0.0032380397411221175,-0.003278781069897217,-0.003573990280601818,-0.0037346142856485185,-0.003714085089391617,-0.0036350236113015183,-0.003852278712649318,-0.006534278858769018,-3.675707912641733e-05,0.0032273234057493823,0.0030287454651075824
2606,-0.00011259823086188277,-0.000554838349784083,-0.0007571379666035825,-0.0006985854537073831,-0.000983081211781583,-0.0018289601388166831,-0.002314145645945782,-0.002516497499091782,-0.0026691503221670824,-0.002643707817885783,-0.002534811016180783,-0.0024982374693161826,-0.002678023179543282,-0.0028166753838419828,-0.002933933263257283,-0.002792982056891483,-0.002642428334578982,-0.0029413863416293826,-0.003282710945584583,-0.003187282918180683,-0.0032348585196716835,-0.0035014874890186834,-0.003698699590195683,-0.003649008756902483,-0.003563799096046083,-0.003788772410466482,-0.0064526020308669834,3.469113173701702e-05,0.0033148029131331172,0.0031062412127385174
2604,-0.0001500261931436167,-0.0005239478498626163,-0.0007936349007865162,-0.0007049777732277161,-0.0010140559621205168,-0.001784742246064716,-0.002287838885950217,-0.0024589093510539164,-0.0026088713081277156,-0.002545399081793417,-0.002472155681621316,-0.0024120387580797162,-0.002641517248349017,-0.0027607847214688166,-0.002865875873829817,-0.0026882068539734157,-0.002538217237521516,-0.002856283840932716,-0.0031593533598697167,-0.003127928040657116,-0.0031693864135569167,-0.0034234762882986167,-0.0036279351482210167,-0.0035616653086301157,-0.0035144967272803156,-0.003691005171032816,-0.006352088081406916,0.0001309275847844833,0.0034192316824155837,0.0031866426791409834
2602,-0.00016618173657108413,-0.0004925909793749841,-0.000786111452417684,-0.0007212702531737844,-0.001072307036316584,-0.0017683757338795838,-0.0022550239209065846,-0.002398272341276284,-0.002568145683297084,-0.002459160446592084,-0.0023728769866769835,-0.0023265422941333843,-0.0025823272796352834,-0.0027111736098428844,-0.0027767149543757837,-0.002593010545591085,-0.002463566534913384,-0.0027318635173076847,-0.003029278125367285,-0.0030470924025258845,-0.0031132709752077848,-0.003343008838643284,-0.003528848459784884,-0.003475167282391685,-0.0034827099013768842,-0.003606043423046385,-0.0062511222290926845,0.0002084412998579156,0.0034927441013850157,0.003238461457854116
2600,-0.00016047308521976566,-0.0004935725528607661,-0.0007502027362712663,-0.0007452156622552658,-0.0011238922046155663,-0.0017590626207729656,-0.0022250366160213664,-0.002346955519959666,-0.0025350868017978657,-0.0023991205864635655,-0.0022735856392192668,-0.0022444221931186654,-0.002503840364071366,-0.002687933040905665,-0.0026810578953831666,-0.002542056145723565,-0.002412943171832066,-0.002606606359748266,-0.002938231537796665,-0.002958668625418967,-0.0030894840710006663,-0.003262657621705865,-0.003421096542540366,-0.003426535941288466,-0.0034451434095687664,-0.0035526582821846656,-0.006164241886099166,0.00023839861662403386,0.003510759167201634,0.003273356241222634
2598,-0.00014746849069366668,-0.0005360629187979669,-0.0007238631383725668,-0.0007631893311013669,-0.0011281282200613666,-0.0017577867782048668,-0.0022305956619040673,-0.002334036034414567,-0.0025286758493831664,-0.0023841434274477673,-0.0022564432532557665,-0.0022229227039605665,-0.002467343266354367,-0.0027028304013942675,-0.0026358311788384674,-0.002568644388968766,-0.0024069471574188666,-0.0025518846884488673,-0.002933203517466167,-0.0029217084490247664,-0.0031032180561309667,-0.0032206978168532662,-0.0033650575475742675,-0.003446209393715067,-0.0034137951100966677,-0.0035317380048617677,-0.0061213214129017665,0.00022566594292333306,0.003490442730580033,0.003298712099026933
2596,-0.0001480426781224507,-0.0005831114002967505,-0.0007320465535497504,-0.0007526584652294502,-0.0010798489703847504,-0.0017855103227294505,-0.0022901275722685506,-0.0023852930033353504,-0.002584445411819851,-0.0024167875668527497,-0.00235148260976215,-0.0023074573976597504,-0.0025094131227081503,-0.0027467101456408504,-0.002683073232391851,-0.00265669161281835,-0.0024679153937597507,-0.00260032493827395,-0.00300634176647585,-0.0029667016997492494,-0.0031461389596383503,-0.00325128908353215,-0.0034070241400540506,-0.0035142706637910507,-0.003422642988837251,-0.0035337017024801498,-0.00612858063151155,0.00018943777870794945,0.0034702581900711497,0.0032957080675831496
2594,-0.00017539917431766763,-0.0005985487994129672,-0.0007632504148736676,-0.0007169565588016676,-0.001018129929114567,-0.0018310705158658671,-0.002366337816844667,-0.0024720246489910664,-0.0026840465990152678,-0.002457847995985768,-0.0024821011711873677,-0.0024337713901249674,-0.0025749681950924678,-0.0027731587815362667,-0.0027732160952436665,-0.0027276830822637677,-0.0025572757876563676,-0.002688347261706068,-0.0030785212657559674,-0.0030402769341224675,-0.003191270421089667,-0.003320259480415667,-0.0035017030462496665,-0.003559328877888567,-0.0034602669270755665,-0.003532667875787268,-0.006135514262135868,0.00015739427123403257,0.0034787450100167328,0.0032722848765205327
2592,-0.00021807079531133318,-0.0005933009746790334,-0.0007874294661036332,-0.0006931556104986334,-0.0009834426770258331,-0.001851593817051733,-0.002391299316086333,-0.0025209206631634324,-0.002750968279976433,-0.002456440426062633,-0.002545026221041433,-0.0024803086991716334,-0.002577295876064432,-0.0027343387424879325,-0.002808874776611333,-0.0027108142067265332,-0.002594481857902433,-0.0027153986798879324,-0.0030818786970341324,-0.0030659974060191332,-0.0031929708267365324,-0.003350715812619633,-0.0035477998679448322,-0.003533091305085434,-0.003468702731509932,-0.0035072462481773323,-0.006100237354334732,0.0001607185326940666,0.003513702240865167,0.0032753995236184667
2590,-0.00024307655105783397,-0.0005924941147292338,-0.0007951537089926344,-0.0007057362301525344,-0.0009807456411424342,-0.0018324086315392339,-0.0023360117460724346,-0.0024938434545084343,-0.0027314383757825337,-0.002407302805653335,-0.0025139440989404337,-0.0024129463726112335,-0.0025000072094666344,-0.0026425780322326337,-0.002762322482083835,-0.0026162060111252347,-0.002544531545663334,-0.002652006155636635,-0.0030341513044270336,-0.003029524292995435,-0.0031203172138023335,-0.0033094874395544335,-0.003500612461239834,-0.0034636411749684346,-0.0034221483016285336,-0.003471457826199534,-0.006058306289126435,0.0002045403142623657,0.003544808036244166,0.003317206246074666
2588,-0.00022978860132229825,-0.0005860698313856988,-0.0008055047384008989,-0.0007337163002399984,-0.0009934372234557988,-0.0018045463685872985,-0.0022359049603126986,-0.002426945230476399,-0.002644493519035799,-0.002353112833127699,-0.0024364865807710986,-0.002308711393170299,-0.0024000982688116993,-0.002559914683070299,-0.002691810955806998,-0.002511308571092499,-0.0024486475100729986,-0.002554652783962598,-0.002991925231047499,-0.0029682078177885986,-0.0029973333126937984,-0.0032285984809846983,-0.0034021614124591986,-0.003402900514126798,-0.0033598225025217978,-0.003453832926150798,-0.006058975695429799,0.00025745265483560157,0.0035480429356856014,0.0033485166948047014
2586,-0.00019521957180920063,-0.0005553282227024007,-0.0008304319834115002,-0.0007453987652203007,-0.0010156898374167004,-0.0017951609343875002,-0.0021500684776659005,-0.0023762552297183,-0.0025451800600735,-0.0023317491107208007,-0.0023644645122192004,-0.0022403703609015007,-0.0023341210711147,-0.0025265210987296003,-0.0026451566927383997,-0.002445272521713,-0.0023672770350665,-0.0024880575017005,-0.0029643325855583007,-0.0029117324093217998,-0.0028906272608243003,-0.003149835345385801,-0.0033058805277127014,-0.0033507544843972012,-0.0033258814786404,-0.0034482649060406005,-0.0060676076705871,0.0002908654260246994,0.0035386405873837996,0.0033420683805600996
2584,-0.00017250296087485077,-0.0005234996908345512,-0.0008517154306805505,-0.0007388621122075513,-0.0010493677732304509,-0.001804428130710651,-0.0021160858059002512,-0.00236262632173695,-0.0024768332054037516,-0.00234936773992525,-0.0023230831050988507,-0.0022103150576552513,-0.00232687201707375,-0.0025398623793748505,-0.0026121428205488515,-0.00243368241360425,-0.0023299179640504505,-0.00247671773914595,-0.0029313766094825515,-0.0028758180449330517,-0.00285076490341665,-0.00309477514123565,-0.0032326443942851503,-0.0032816243332290515,-0.00332246688301275,-0.0034221777983389516,-0.006017456374491551,0.00030779060915864936,0.003552228146152849,0.003335947967827949
2582,-0.00017124040007063246,-0.0005305849776990326,-0.0008460972482416326,-0.0007254840072115328,-0.0010822889188588326,-0.0018336066886401325,-0.0021355599886618325,-0.0023808427022178327,-0.002462664391847433,-0.0023946262997027326,-0.0023153124100806326,-0.0022021773863382327,-0.002382886969547033,-0.0025904606849164328,-0.0025789147685411325,-0.002487242188657233,-0.002339976922563833,-0.002515789797224133,-0.0029123847350117325,-0.002877657661809833,-0.002874946113316833,-0.0030826756089336327,-0.003200800302303632,-0.003218608112042833,-0.0033358954786831332,-0.0033709984258663336,-0.005933811519099533,0.0003197603049377674,0.003594210603457967,0.0033556955520816674
2580,-0.00017438778716351733,-0.0005726472223529172,-0.000816455147747217,-0.0007013455159877169,-0.0010987807594720171,-0.0018866081249753171,-0.002177068129722617,-0.002419990318860217,-0.0025035495500816173,-0.002445739364810017,-0.002320475895778917,-0.0022218949065998172,-0.002477730066537417,-0.002664137998469017,-0.002564581371076617,-0.0025969107033478166,-0.0023858434583729172,-0.002578376903823617,-0.0029446777833968167,-0.0029079976801016172,-0.002925749456494817,-0.0031258511102555163,-0.0032296447722484174,-0.0032169508614271177,-0.003363778489480616,-0.0033286327995430175,-0.005909247531956417,0.00032453525967378327,0.0036337509536729833,0.003363616432723383
2578,-0.0001675128272437161,-0.0006138114788559164,-0.0007824271253083163,-0.0006661962715330165,-0.0011049777322937162,-0.0019355700292240166,-0.0021970809059758158,-0.002454529792430816,-0.002569914932439016,-0.002470367122930716,-0.002311969417426816,-0.002266813756200816,-0.002555832708969116,-0.0027164366580213163,-0.0025783152894955164,-0.002699819330567516,-0.002437624521024016,-0.0026190300381168166,-0.003008062454554616,-0.002918038694629417,-0.0029725247231413158,-0.0032017839834427167,-0.003296748582016216,-0.003281598584215316,-0.0033943140778060167,-0.0033155202124435157,-0.005958330999715417,0.00032374139233828404,0.003648413505757884,0.003334925435234684
2576,-0.0001521498111078665,-0.0006447733917586658,-0.0007545969575203666,-0.0006493072791944662,-0.0011161298793882666,-0.001933046135575666,-0.002182492281860366,-0.002451150518883366,-0.0026206620558635665,-0.0024515468764415667,-0.002296256882091366,-0.002309104966355866,-0.0025750828111661666,-0.0027042499710773667,-0.0025908282455694666,-0.002717436452594266,-0.0024663611052258665,-0.002613173007780166,-0.0030373378131292664,-0.0028781797655689657,-0.003002482095919667,-0.003269913285096966,-0.0033454730450494657,-0.0033567553761129666,-0.0033987926477169663,-0.003312816139529466,-0.005997113487169966,0.0003330049831566338,0.003642903112077634,0.003316957318969634
2574,-0.00013554508980471742,-0.0006771963113193172,-0.0007387563860439175,-0.0006783542036494176,-0.0011245482083325174,-0.0018754119631428177,-0.002168873136720817,-0.0024055536198506174,-0.002635332031027217,-0.0024107021345573174,-0.0023065594723660175,-0.002328001763502117,-0.002544336743373117,-0.0026491115487056174,-0.002577049405172318,-0.002641903142786217,-0.0024716690427533175,-0.002587043688778317,-0.003005399860759217,-0.002820216727454818,-0.003003015763256918,-0.0033171593247145166,-0.0033520071956532173,-0.0033953112897475166,-0.003368862681030917,-0.0033005723643149175,-0.0059742191712266164,0.00035400837151478275,0.0036252144965707826,0.003354400199149883
2572,-0.00012422288940858346,-0.0006943285205061834,-0.0007519089593252832,-0.0007334453559300833,-0.0011102298130689827,-0.0018168502968337833,-0.0021931016502883833,-0.0023516040374817835,-0.0026156374846077832,-0.0023781700211447827,-0.0023423085302119832,-0.0023246534237050835,-0.002494106460692383,-0.0026144590324282835,-0.002549513854777483,-0.0025509366881300835,-0.002466955332826983,-0.002577039356477383,-0.0029425653439010824,-0.0027811557376429836,-0.0029628436975288833,-0.0033527493513345833,-0.003343264310914383,-0.003394654935046683,-0.003332089838085483,-0.0032898117724300836,-0.005933271655438083,0.00036237004547451726,0.003599033517497417,0.003414135538239117
2570,-0.0001250975299350674,-0.0006663617539095675,-0.0008024969968330672,-0.0007669784309121668,-0.0010831487372243674,-0.0018028489326599676,-0.0022397909226251674,-0.0023217890752761676,-0.0025685202139133674,-0.002353020569579367,-0.0023572236476097673,-0.0023029906336721672,-0.002433998019911467,-0.002612047518721467,-0.0025282521147434673,-0.002522892413163267,-0.0024448816987943673,-0.0025765013279911674,-0.0028842976100094675,-0.002747372155912367,-0.002896368585188067,-0.0033654197907123677,-0.0033418011203022674,-0.0033679431485433677,-0.0033099343086754668,-0.0033030691528263675,-0.005926797282713268,0.0003461873536958326,0.0035832558465467325,0.003444083448814233
2568,-0.00013841772819326702,-0.0006115604786454667,-0.0008598979402283675,-0.0007616436704307667,-0.0010798814490409672,-0.0018194422356640674,-0.002263946358820667,-0.002321274827638867,-0.002511233034316767,-0.0023216346957849673,-0.0023267873738178667,-0.0022700199564893667,-0.0023695033149221667,-0.0025926565828387673,-0.002512194189591867,-0.0025646471100467675,-0.002388557628345867,-0.002558542765953367,-0.0028483589527957673,-0.002703949048385967,-0.0028437518226786668,-0.003327496191373067,-0.003338391782957067,-0.003324978288331867,-0.003289532317231467,-0.003342253272168267,-0.0059493266864667676,0.0003312997932007327,0.003602085362464733,0.003451401266538833
2566,-0.00015418858732806594,-0.0005866861095649659,-0.0008768109652570666,-0.0007394561118600667,-0.0011087905276522666,-0.0018194053904499663,-0.002251556400905866,-0.0023435358527036662,-0.0024732880027684666,-0.0022974208776878665,-0.0022784619386472665,-0.0022470176750912663,-0.0023250685538649665,-0.002536170371306566,-0.0024966678227335663,-0.002621870224455266,-0.0023107219133484663,-0.0025251097871505663,-0.002843457485127666,-0.002687067159640966,-0.0028265745113915663,-0.0032399655383724664,-0.0033216730820964666,-0.003280807660326666,-0.0032516284472685663,-0.003383414843506966,-0.005972036675293866,0.00035422484232083395,0.0036495117202000335,0.003465932301662434
2564,-0.00016891186523635034,-0.00060800829938465,-0.0008491883285670502,-0.0007206539504077498,-0.0011302830072344502,-0.00177739900633825,-0.00222570689262655,-0.0023795350052405496,-0.00246275430042215,-0.00230348197526325,-0.0022365525144993504,-0.0022423567767847503,-0.00231476969273205,-0.0024877841697241504,-0.00249016020232985,-0.0026320474108815503,-0.0022467820668673503,-0.0024906264209187496,-0.00284811474128385,-0.00272576283465585,-0.0028166880821909497,-0.00314165724352335,-0.00329415460931105,-0.0032454851149117496,-0.00320196525525705,-0.0033947836391950504,-0.0059736447564794504,0.00042725977108584983,0.00369565183055255,0.00347704545083025
2562,-0.0001940312784218341,-0.0006333348336825346,-0.0008243056236487342,-0.0007044894960715345,-0.0011094456231702347,-0.0017117356103076341,-0.0022032422706596347,-0.0024052527028300347,-0.002451685979476534,-0.002330477133587334,-0.0021908346276530346,-0.002229659440545634,-0.002321877612675034,-0.002486680987963334,-0.002496736968440734,-0.0025727631433949344,-0.002210794882682234,-0.0024438543827243345,-0.0028047668745868346,-0.0027756762756333342,-0.002775555561315134,-0.0030691282313548346,-0.0032554298497063346,-0.003209264813836334,-0.0031587455169280344,-0.0033652474905337343,-0.005929112538098135,0.0005309647123935661,0.0037312511067196658,0.0034656068549948657
2560,-0.0002321722040577335,-0.0006341070023602336,-0.0008368477375132336,-0.0006909581998678334,-0.0010597058708724334,-0.0016648810834068335,-0.0021827296779365337,-0.002391898095491234,-0.0024218633778944334,-0.0023501037620752337,-0.002147249429610234,-0.0021892524423889337,-0.0023365239060570333,-0.002512144610951334,-0.002502685957054134,-0.0024803214523545338,-0.0021885592280661333,-0.0023753261635235338,-0.0026914187378066336,-0.0027761025143600336,-0.0027125964515012334,-0.003029154541279034,-0.003207473289591833,-0.003166700355397233,-0.003124721714778033,-0.003322826944955234,-0.005836764978015433,0.0006176340392739666,0.0037644668477807663,0.003453791014671466
2558,-0.00026217467921741625,-0.0006346004388395167,-0.000863671120965517,-0.0006888145766996163,-0.0010175098449459168,-0.0016608185093155165,-0.0021670574907397162,-0.0023376362449370166,-0.002395919430548117,-0.0023546458530306165,-0.0021472175020841163,-0.0021461155231420163,-0.0023700279784746167,-0.002521249228918417,-0.002494553742462817,-0.0024197415124194164,-0.0021697437769898163,-0.002319311404809417,-0.0025784257090139167,-0.0027383417739304163,-0.0026724547814460167,-0.0030051518859528165,-0.0031729765960946165,-0.003139233271055717,-0.0030859603593691165,-0.0033127900845876168,-0.005759742890994317,0.0006274026587707836,0.0037729329911646834,0.003466770660667983
2556,-0.0002680441078432502,-0.0006603629084740506,-0.0008605884376032503,-0.00069460173472895,-0.00099974344049165,-0.00167273932549425,-0.00216047399339565,-0.00226630588965325,-0.0023925646534385505,-0.00234818461313885,-0.00219703459901765,-0.0021266782532772506,-0.00240323004018165,-0.0024972215676202503,-0.00247688228151975,-0.0024172100858565505,-0.0021557077661170506,-0.0023143709983966506,-0.00255227411793875,-0.0027155641556513505,-0.0026696304454584506,-0.00297130125597245,-0.0031666890069017503,-0.00314120063472905,-0.0030317067775295506,-0.00334188335320945,-0.005766580061838751,0.0005407238339509499,0.00371528170516115,0.00348334062914115
2554,-0.0002673658552618174,-0.0006935957417375177,-0.000822185086720017,-0.0006902677235309171,-0.0010038291073769176,-0.0016531102319870174,-0.0021449345213139176,-0.0021949642200350178,-0.0023877205827651177,-0.002319961266465117,-0.0022357907810778175,-0.002109528710459817,-0.002380042417983617,-0.002444070993680717,-0.0024637225955317175,-0.0024321917464422173,-0.0021415294295546172,-0.0023401273911604174,-0.0026031339889643172,-0.002716807279126417,-0.002674794200993917,-0.0029159665033964173,-0.003160100981562517,-0.003148115615136917,-0.002971835432073317,-0.0033650073669594174,-0.0058285570711868176,0.0004170953793142828,0.0036056464369135827,0.0034772435146271825
2552,-0.0002835155265007495,-0.0007062954747852498,-0.0007819356954926501,-0.0006706011250249499,-0.00102538690072035,-0.0016033960424131498,-0.0020901860230560496,-0.0021298109978949496,-0.0023607232678630494,-0.00226666585461145,-0.00221761949740215,-0.0020683093130097496,-0.0022933194546851496,-0.00237403680370765,-0.00246099855019555,-0.00241449322093655,-0.00212008247370065,-0.00234415166846785,-0.0026511068710833494,-0.00271280662171735,-0.00266731798541615,-0.0028663371201051494,-0.0031185079405618497,-0.0031335524109615495,-0.0029390624940048497,-0.0033462982396797497,-0.005854588786161749,0.0003449298638121502,0.0035242413251020503,0.0034677347225239505
2550,-0.00030167883802885,-0.0006985544548012501,-0.0007689398234741497,-0.0006565004360661502,-0.0010518322280951503,-0.00157764130837905,-0.0019936444917881503,-0.0020884248515078497,-0.00234195384867685,-0.00222496502218175,-0.0021760030438914496,-0.00202986709625405,-0.00221893592765715,-0.0023174528266392503,-0.00245893886103805,-0.0023683530276779503,-0.0020989591357940497,-0.0023131749502029496,-0.0026577127360051496,-0.0026952245029936497,-0.00265794522009735,-0.0028677394684138496,-0.00305848951481345,-0.0031077835826201503,-0.00296001435336345,-0.0033036240268950502,-0.005822532742452849,0.00035437750201455006,0.00353147263114815,0.00347750578046555
2548,-0.00028843708030146676,-0.0006794511135470669,-0.0007846812563880668,-0.0006720719336140669,-0.0010587338125197668,-0.001601133845657167,-0.001894728283025767,-0.002090297311705667,-0.0023671757724411666,-0.002235915488118567,-0.002164176346297267,-0.0020341275507003674,-0.0022149374719074673,-0.002310044551820967,-0.002440885487200067,-0.0023374356931387674,-0.002087409443133067,-0.0022739338837463674,-0.0026454411587061672,-0.002672104406024667,-0.002652251860048467,-0.002923773801500067,-0.0030244004161445667,-0.0030860610827969674,-0.003014064863614367,-0.0032683434194806663,-0.005789316461166466,0.00040993165166553283,0.003610490088572933,0.0034833751963704333
2546,-0.000248531671510583,-0.0006457162913507831,-0.0008154358696780837,-0.0007150089847625836,-0.0010386868850063838,-0.0016339115622252837,-0.001850872718642183,-0.0021288120338714836,-0.0024194189855511836,-0.0022915379515950837,-0.002182421574507983,-0.0020681762723304834,-0.0022469011217947834,-0.0023584495901453834,-0.0024108785304756833,-0.0023469210448594834,-0.002076253082191083,-0.0022499426303646836,-0.002633229053768283,-0.0026387794675945837,-0.002638867217232283,-0.002986820402513384,-0.003024890272292884,-0.003054190313332484,-0.003049072039161484,-0.003236242447697283,-0.005774010370120483,0.0004765218239003166,0.0037132556225635167,0.0034633797023084167
2544,-0.00022324970808711674,-0.0006070693092041172,-0.0008480930806713171,-0.000756234599341917,-0.0010163611362111174,-0.0016437833857404173,-0.0019002036277788173,-0.0021809531714038167,-0.0024642575444376175,-0.0023531192498752167,-0.0022087131447021168,-0.0020979915591685166,-0.002267591625143517,-0.002438323359949317,-0.002408624538267617,-0.0023868159838031167,-0.0020599592178748172,-0.002260626735170717,-0.002623618033834617,-0.002608748385018317,-0.0026293839789396168,-0.0030218553285035173,-0.0030405963929251174,-0.003010600807584117,-0.0030495728331482175,-0.0031954453211659167,-0.005733869119382716,0.0005435138817355828,0.003812870556698083,0.003451007833515583
2542,-0.00023403683813418355,-0.0005983774346309837,-0.0008755901626442833,-0.000765362114061684,-0.0010128862211895833,-0.0016589055749240836,-0.0020242396744041833,-0.002238454439065984,-0.002504678182155884,-0.0023996120979155834,-0.0022465261078379838,-0.002129015973456384,-0.0023012064930301836,-0.002519611711066184,-0.0024668081770988833,-0.002432569197880284,-0.0020603418906521833,-0.002328098601889284,-0.0026401687793876838,-0.0026313706260544835,-0.002659502236856984,-0.0030387255692583834,-0.003069209961315084,-0.003000184656711584,-0.0030564253116084836,-0.0031673083675837835,-0.005669575832041584,0.0005943234048821164,0.0038873150756370163,0.0034862527706607162
2540,-0.00026069031671155027,-0.0006300754168197496,-0.0009040183224291497,-0.0007406642908203498,-0.0010150666594226495,-0.0017053185396856503,-0.00213921609365135,-0.0022994524966915503,-0.00254666200335695,-0.00242247804184105,-0.00229247552012585,-0.00217396716769555,-0.0023774775267451503,-0.0025720519869892496,-0.0025499218251855502,-0.0024569135060012503,-0.0020945121255246503,-0.0024348513872675497,-0.0027054009295843498,-0.00271831983511545,-0.00272542364791165,-0.0030460490719951498,-0.0031117470439184503,-0.00305131260863085,-0.00309864018422735,-0.00317427042008255,-0.005648527802295049,0.0006107619012113499,0.003909494042624799,0.00355051500620345
2538,-0.0002797592288289342,-0.0006579508067231345,-0.0009463077921726343,-0.000716316652029334,-0.0010041360102205346,-0.001748841082988434,-0.0021638202158603343,-0.002344046333947734,-0.002556625949582234,-0.0024046010032149345,-0.0023067107896484343,-0.0021998386787377344,-0.0024465239920672347,-0.002567626567855634,-0.0025801872676619346,-0.002442549761912734,-0.0021382523518453343,-0.002509215213049234,-0.002786028380398534,-0.0027972082509783343,-0.002769104349443434,-0.003026987995518934,-0.0031403288313965345,-0.0031184574023489344,-0.0031463516010180343,-0.0031921666893298343,-0.005689220743763635,0.0006078343766498656,0.0038873798160847283,0.0036044704899745655
2536,-0.0002926685473806836,-0.0006422317771177842,-0.000994754368128084,-0.0007290005813440836,-0.0009932289441085844,-0.001754952788584484,-0.0021089506208851836,-0.0023577583882258843,-0.002520173019943484,-0.002354158550395384,-0.0022667246355537844,-0.002177222978585084,-0.0024462122078143843,-0.002517482756476684,-0.0025380108609382836,-0.0024075411546250836,-0.002157455984420584,-0.002507632052256484,-0.0028260743398232837,-0.002804954608052884,-0.0027593522484413843,-0.0029888040247157844,-0.0031387032810730837,-0.0031460652103815837,-0.003163412417987784,-0.003184337785488184,-0.005719392165389084,0.0006128899374628159,0.003867522219883016,0.003651884218079216
2534,-0.00030559097236388354,-0.0006127075113780836,-0.0010149586378513835,-0.000772582158370983,-0.0010046152736547832,-0.0017557963344575836,-0.0020612356822206834,-0.0023637237366436834,-0.0025008742441681832,-0.0023293065027737833,-0.002210310967702983,-0.0021501181861883836,-0.002402589189987283,-0.0024869773429973836,-0.0024893491416879835,-0.0023946543848531836,-0.0021590429179701833,-0.002476215603593083,-0.0028249815649604836,-0.002777728454861383,-0.002737950773351783,-0.0029774942065636835,-0.003149802797138883,-0.0031512135617128836,-0.0031633150929772837,-0.003160061098902083,-0.0056861039835221835,0.0006150707627999167,0.003869200811186517,0.003710454553619117
2532,-0.0003084981266462828,-0.0006320605765561833,-0.0009887791080031832,-0.000799112581889483,-0.001026704000372183,-0.0017930892523342831,-0.0020640371781603826,-0.0023896452569601833,-0.0025583055792563827,-0.0023692413919723827,-0.002179996657213283,-0.002180913457718283,-0.0023793470345625832,-0.0025227061283346827,-0.002487781101916983,-0.002413660901827583,-0.002174325222962483,-0.002475442776741483,-0.002823472765879083,-0.0027780255771179827,-0.002747541170816683,-0.003004606309501983,-0.003217715279471983,-0.0031810628116512828,-0.003172336795841283,-0.0031518935579795838,-0.005626196987749183,0.0005871236074381173,0.0038604154406399168,0.003755154393467317
2530,-0.0002890516092282835,-0.0007060120634305835,-0.0009473150846567831,-0.0007737609070990834,-0.001029696901634983,-0.0018400517696102832,-0.0020708796464225833,-0.0024172025618444835,-0.002637972173638683,-0.0024272466040346835,-0.0021686571494903837,-0.002250562886934983,-0.0023714170019181833,-0.002584570637476683,-0.0025041351677933836,-0.0024253285662317837,-0.002206663835747683,-0.002487358574987883,-0.0028236201812862835,-0.002784561255133283,-0.0027619810902921836,-0.0030167367873107833,-0.003305056859219683,-0.0032238787527122835,-0.0031766853340696828,-0.0031586578954627834,-0.005590606055772684,0.0005484751956144167,0.0038261635854673166,0.0037458365660497164
2528,-0.0002531117250436348,-0.0007727945855964344,-0.0009321929992920346,-0.0007131695624144341,-0.0010160432661709346,-0.0018478101980571341,-0.0020418126999831344,-0.0024081416375274344,-0.0026297336768717344,-0.0024307662054448348,-0.0021597877395336347,-0.0022849926268054344,-0.0023364418300079346,-0.0025994216314018347,-0.002492763217177534,-0.0024072529648997342,-0.002227648905209334,-0.0024657621596277345,-0.002787878253781334,-0.0027377732663818348,-0.0027373778681544347,-0.0029785930177562347,-0.0033346375400103347,-0.0032299777902111346,-0.0031528825761980347,-0.003160704791793734,-0.005578189942150635,0.0005437200948869656,0.0038067999009964654,0.0036873121385174656
2526,-0.00022217355816153564,-0.0007796708467299354,-0.0009379565412570355,-0.0006611784518223353,-0.0010178361675127353,-0.0018277475271380353,-0.002016691420475236,-0.002368398585121136,-0.0025186985708652355,-0.0023800617438739353,-0.0021692207701415355,-0.0022604458751447356,-0.0022905572378747355,-0.002558891585157336,-0.0024709592528715358,-0.0023920090888612353,-0.0022133037953424354,-0.002431509302597236,-0.0027117536404698355,-0.0026520180475321357,-0.0026901480081223355,-0.0029271065679074356,-0.003291720698153236,-0.003194464022932836,-0.0031145619409235358,-0.0031660446922194357,-0.0055838641077479365,0.0005635500740044644,0.003834594907825864,0.003618815565483576
2524,-0.00021779148191490008,-0.0007377647363581001,-0.0009270169591093004,-0.0006411173541900008,-0.0010445403926445007,-0.0018178911216099,-0.0020439667302203,-0.0023406831962714003,-0.0024003397733044006,-0.002327162319558,-0.0022031767927190005,-0.0022147281814487003,-0.0022821838728774003,-0.0025123414020951002,-0.002479252452273801,-0.0024048227802459005,-0.0021562258893222,-0.0024351810488877005,-0.0026356432323511006,-0.0025922287235204005,-0.002670081740952,-0.0029003947539542004,-0.0032209644356581,-0.0031525416019772003,-0.0030812812188759004,-0.0031890828041142003,-0.0056297458336331,0.0005569430581192996,0.0038798315839814997,0.0035682309242168
2522,-0.0002468500701370835,-0.0006935273871933835,-0.000895425607633984,-0.0006439856496989835,-0.0010677076042801834,-0.0018072619871225834,-0.0020977156659594837,-0.002341462305995484,-0.002352475889843584,-0.002285450473652484,-0.002226672268628484,-0.002173216189687884,-0.0023052181971417833,-0.0024842394312688835,-0.002507566259464784,-0.0024106687359824837,-0.0020631910437509835,-0.0024580131176367833,-0.0025884523726351838,-0.002569066497292184,-0.002681339303514884,-0.002878392283224884,-0.003141946227212084,-0.003114307972459384,-0.0030383212442360837,-0.0032060083811243836,-0.0057026509145297844,0.0005219280059443163,0.0038975171187430164,0.003547496318943616
2520,-0.0002938718584888332,-0.0006754079448859336,-0.000880219626773533,-0.0006512105308258331,-0.0010617927080245337,-0.0017694838777944331,-0.0021270143057607336,-0.0023527162020178334,-0.0023700450428682336,-0.002233126470763633,-0.0022211447093708333,-0.002136409754413533,-0.0023239638773875334,-0.002460956336010833,-0.0025182350144491335,-0.0023713797250494335,-0.0019723791860207333,-0.0024392348623147337,-0.0025741983200296336,-0.0025475619922352335,-0.0026861549687179336,-0.0028460969796598335,-0.0030475044819797334,-0.0030698449740559335,-0.0029791080040601336,-0.003187218598610833,-0.005733978264271833,0.0005111661998205667,0.0038827002599082666,0.0035625026689986667
2518,-0.0003315611281707164,-0.0006815712454301169,-0.0008954784740844166,-0.0006536370721184166,-0.0010312986483720166,-0.0017344982345890167,-0.0021357172877431163,-0.002365848710142617,-0.0024175398536234165,-0.0021850555099632166,-0.0022212608190595165,-0.002119189922030017,-0.002346848956373217,-0.0024418777751121163,-0.002506469176219217,-0.002316050763646717,-0.0019422405927940166,-0.002381946746278117,-0.002601019161859017,-0.0025322949157929164,-0.0026692618784025166,-0.0028456789006938163,-0.0029720571180097168,-0.0030358744999965164,-0.0029457516728068163,-0.0031556215561415165,-0.005688179698501817,0.0005424073220067832,0.0038442425190701834,0.003593546568175683
2516,-0.0003476095431939833,-0.0006980606851556834,-0.0009052877489775834,-0.0006580683356009831,-0.0009946038085395835,-0.001744295607427883,-0.0021503284458459834,-0.0023828610402952836,-0.002468188389191983,-0.002180689884310483,-0.002246787608181383,-0.002131089767322283,-0.002388184788728283,-0.002433592708198283,-0.0024822875991678834,-0.002297682178229483,-0.001979379507499283,-0.002345803294523683,-0.0026620891954576833,-0.002551716009426483,-0.002645463267918283,-0.002898641898564083,-0.002971074233297683,-0.003028936255910983,-0.002966228373779683,-0.003151940878427983,-0.005613682925122884,0.0005791668799645169,0.0037801124518708168,0.0036036301214678167
2514,-0.0003529887169327335,-0.0007142186650837333,-0.0008803147187469332,-0.0006820584951292333,-0.0009675496661433335,-0.0017695718638130339,-0.0021568318783236336,-0.0023879716496906333,-0.0024910990915065338,-0.0022100781840567337,-0.0022563303240276333,-0.002139432138031133,-0.0023985712103606334,-0.002408862314563533,-0.002430487549934734,-0.0023111111118966333,-0.002012670833429333,-0.0023455278868968333,-0.0027050283571677333,-0.0025785928288391334,-0.0026198054804100336,-0.0029419970540941333,-0.0030316783932543335,-0.0030164491636927335,-0.002993943307910233,-0.003159741635234734,-0.0055645996047819345,0.0006103931792608664,0.0037197083352751665,0.0035971302620359663
2512,-0.00035526665493715043,-0.0007249239825933506,-0.0008449959739480505,-0.0007307350910164506,-0.0009667285320439506,-0.00175349545254225,-0.0021346196805430507,-0.0023670701487837507,-0.00246767258241155,-0.00222612544308335,-0.0022203669580198506,-0.00211913437410525,-0.00233066606407035,-0.0023424810329536506,-0.00234840003293265,-0.0023123630934300506,-0.0019875647119338502,-0.00234201568331115,-0.00268675406429905,-0.0025566494987650503,-0.0025877168781240504,-0.00291564571420225,-0.00308133226907995,-0.0029631649980725507,-0.0029772973257523507,-0.0031285025055919503,-0.00553349047292225,0.0006668293385207495,0.0037309724571369498,0.0036226502345389497
2510,-0.0003422701798496829,-0.000727025377627883,-0.0008412365453795831,-0.000775420043793983,-0.001002491635220583,-0.0017107240147920828,-0.0021099016170036825,-0.0023421687201786827,-0.0024287952950165833,-0.002225158915076483,-0.002179717880533983,-0.002108238540708683,-0.002242779655849683,-0.0022783159976645833,-0.0022851828975841825,-0.002293771241749883,-0.0019454158208571833,-0.002325265750275983,-0.0026413618381291833,-0.002495535842232383,-0.002562370504582783,-0.0028554170833254826,-0.003087313586586383,-0.002902077632328983,-0.002948184423274983,-0.003058317885647783,-0.005498700359760283,0.0007406414702537173,0.003832595027138817,0.003688443781871717
2508,-0.00031140458682386634,-0.0007156553420532663,-0.0008704813279840668,-0.0007768546547010668,-0.0010593860352231667,-0.0016995153438586663,-0.0021081554703274662,-0.0023361448105532665,-0.002421258324725966,-0.0022462541399704667,-0.0021715179476388667,-0.0021428198522713666,-0.002231682846488866,-0.0022853941378123666,-0.002280646224213666,-0.0022838144070318664,-0.0019523586392280663,-0.0023248781083838664,-0.002628362813900166,-0.0024600060887014666,-0.0025588203424295668,-0.0028246983901334664,-0.0030782802832750662,-0.0028912795644345664,-0.0029655712258631665,-0.0029984476775668663,-0.005472596792781167,0.0007753950321617337,0.003947661767739034,0.0037337819467854337
2506,-0.0002927831866366003,-0.0006887378779798004,-0.0009019303300590998,-0.0007369118125071998,-0.0011025023311781999,-0.0017185817011105002,-0.0020961101069441,-0.0023238623154706,-0.0024422918784824,-0.0022943627959193,-0.0021584976718336,-0.0021754717868354002,-0.002285470226601,-0.0023524659040629003,-0.0023004994166803,-0.0022916689799660005,-0.0019905874547256,-0.0023431158697008003,-0.0026344883562758998,-0.0024757986004288004,-0.0025652605148827,-0.0028110823348123,-0.0030695270488674997,-0.002924316716282,-0.0030084554428052,-0.0029687625117448004,-0.0054616317439723,0.000765563094523,0.004001643630816,0.0037228655383609
2504,-0.0003131207212660001,-0.0006610337338004003,-0.0009182671028929996,-0.0006995942475094001,-0.0011106890201791997,-0.0017243039888095,-0.0020429031857040997,-0.0022797792864767004,-0.0024595731937481,-0.0023336132043472,-0.0021038193252071002,-0.0021428826957196998,-0.0023128878465416996,-0.0024024969341533997,-0.0022996822812049998,-0.0023055587983996004,-0.0019958443221558997,-0.0023545849017604,-0.0026024783854244004,-0.0025197134700041,-0.0025696227876191003,-0.0027775319767051,-0.0030440681261084,-0.0029532323417262,-0.0030112932694497997,-0.0029474741748746996,-0.005438923188034399,0.0007821832611317001,0.0040168105113116,0.003702704825648
2502,-0.00035246935453881693,-0.0006644584938469171,-0.0009248644674399171,-0.0006915428312850168,-0.0010911386855128173,-0.0017258742655361166,-0.0019965972096576174,-0.002250543199234217,-0.0024769756892464166,-0.0023532798831392174,-0.002057147309939017,-0.0020790241648507173,-0.002296020372517017,-0.0024052833603744168,-0.002306615673664717,-0.002330920268632817,-0.0019699496452965167,-0.0023648747178896174,-0.0025400474762877173,-0.0025798406163390166,-0.002592178381243817,-0.0027604560549457174,-0.0030103625249960166,-0.0029725504877126173,-0.0029789413877273174,-0.0029331662703671172,-0.0053992453027900175,0.0008630384594315831,0.004052738303115983,0.003724473832623483
2500,-0.0003686103987956832,-0.0007153021489431834,-0.0009284124851163832,-0.0006923604828715834,-0.0010630213503463833,-0.0017644360667918835,-0.0020201359292706836,-0.002301183111766483,-0.0025160959580675835,-0.0023740831560714834,-0.0020823276214662835,-0.002065901594226483,-0.002300086375552583,-0.002398822203261483,-0.002367630770569083,-0.0023766156261628836,-0.001972857651994083,-0.0023950453739438834,-0.0025162364594057836,-0.002647401431013383,-0.002646327643195383,-0.0028127745728891832,-0.003001820705300583,-0.003004454457916183,-0.002976056267441483,-0.002952116456928683,-0.005385264896046384,0.0009505860981964167,0.004102119431194917,0.0037677068660732166
2498,-0.00035454255580358285,-0.000783920112589883,-0.0009323572218187832,-0.0006806689287297831,-0.001043036047681783,-0.001811513249704083,-0.0020838704609380827,-0.0023958395145103825,-0.002550112294199683,-0.0023885083994870824,-0.002145753718036183,-0.002097300025663983,-0.0023359045357778828,-0.0023985221978336827,-0.0024437556788100825,-0.0024177849878084827,-0.002015550542086183,-0.002416233986752783,-0.0025508224613424828,-0.0026735019053786826,-0.002691036860456183,-0.0028893576182359828,-0.003009166166979083,-0.003025737168481683,-0.0030125836858708828,-0.0030006545231264824,-0.005417364751021183,0.000980518214423617,0.004114126786979217,0.003794524866623817
2496,-0.0003374666764481831,-0.0008160090511188831,-0.0009448767595923834,-0.0006767737629027831,-0.0010441173245432833,-0.0017926300786349832,-0.0021058071977190836,-0.0024223188978163834,-0.0025297480026065834,-0.0023643518764609834,-0.0021647379866443833,-0.002098692898085383,-0.0023328577643446837,-0.0023705998339236837,-0.0024518533671044835,-0.0024213607697341835,-0.002047862323543383,-0.0023789281600304834,-0.002591870939519283,-0.0026218796327960835,-0.002677098973783683,-0.0028960565751413835,-0.002984664512394883,-0.0029960911267240837,-0.0030315348764377833,-0.0030402722340190837,-0.005450328679540283,0.0009626561699464167,0.0040857978108019164,0.0038192435746055168
2494,-0.00033221431194590005,-0.000791425807976,-0.0009666759085378003,-0.0007074265472701,-0.0010676335313411001,-0.0017173388736470003,-0.0020754090252494,-0.0023449501703319007,-0.002469310336838,-0.0023137703781515003,-0.0021324189225169,-0.0020674292789426,-0.0022678712002564003,-0.0023153786491472003,-0.0023920902679629005,-0.0023957192884354,-0.0020537664300181004,-0.0023033491924486,-0.0026075581792372,-0.0025487849808456,-0.0026246986038823,-0.0028327988709604002,-0.002924948599487,-0.0029425527870362003,-0.0030095519402222005,-0.0030540628111159,-0.0054363472201096,0.0009339019292953997,0.004064289501052599,0.0038653761070708997
2492,-0.00033198613946903337,-0.0007489608079758333,-0.0009784419924975334,-0.0007532485346359334,-0.0010955758884970334,-0.0016828794446851333,-0.0020542092312684336,-0.0022508230060768334,-0.0024329317642067336,-0.0022904472369941337,-0.0021123001276340337,-0.002079236425393433,-0.0022150563755076336,-0.002295383405912333,-0.0023491108957655335,-0.002373680981796333,-0.002074614025266734,-0.0022600382445281337,-0.002624371197492533,-0.0025441651835954333,-0.0026018470734602336,-0.0027914897688352336,-0.002884441659608933,-0.0029307295604551337,-0.002984816090385134,-0.0030591947832755333,-0.005386027204702933,0.0008977913568641667,0.004077351486800867,0.0039082133630753664
2490,-0.0003368493355099004,-0.0007396957671754003,-0.0009636571412873001,-0.0007698646975314001,-0.0011088242208135003,-0.0017296868568400002,-0.0020721879336804,-0.0022250445828231004,-0.0024390229722814002,-0.0023101354458631004,-0.0021352582438012,-0.002152839784182,-0.0022353420345539,-0.0023476710891917,-0.0023717275415936004,-0.0023634661412563,-0.0021264428994182006,-0.0022659771913708998,-0.0026632211341524005,-0.0026079375923252004,-0.0026359154506960004,-0.0028217345244843,-0.0028951286804809,-0.0029631462449044004,-0.0029815592511782006,-0.0030642738068613,-0.0053361302557649,0.0008520646929347999,0.0041119988814761,0.0039188911623175
2488,-0.00035045589548424985,-0.0007701298644354501,-0.0009361093580835501,-0.0007482238822379501,-0.0011105156973306499,-0.00178717763925515,-0.0021055536046190497,-0.00225927596499025,-0.0024515860589311503,-0.0023352316959774503,-0.00218204726908185,-0.00221612121935715,-0.0023030368733197503,-0.0024305225890659506,-0.00243136427895165,-0.0023577000783325504,-0.00216829520062585,-0.0022824126592559503,-0.0027055707020149505,-0.00266936261666445,-0.00269558444701845,-0.0028866052765166503,-0.00293311714965355,-0.00298884717909325,-0.00298444496636735,-0.00306502888836235,-0.00530630546738755,0.00081805831914715,0.00414205900918555,0.00391543469757185
2486,-0.0003535515441103834,-0.0008048675403678834,-0.0009236193383114833,-0.0007210869211541834,-0.0011143858158574832,-0.0017896512499515833,-0.002140968313839883,-0.0023081622880296833,-0.0024611805404473833,-0.0023434724366288833,-0.002243989058470783,-0.002223838199527383,-0.0023695808412224836,-0.002485558942472683,-0.002492731467030983,-0.002368270576298983,-0.002172435550111383,-0.002303922461837183,-0.002737357318725084,-0.002707413096907984,-0.002748049366221984,-0.002943082393586883,-0.0029716137900050836,-0.002999760152456383,-0.0029908867883995834,-0.003076049686632284,-0.005314093432228283,0.0008011871258999167,0.004136894499047217,0.003917511159801416
2484,-0.0003245083598398834,-0.0008152001690511833,-0.0009302122653398835,-0.0007166243944172832,-0.0011177624573874834,-0.0017638474792752833,-0.0021818773233380833,-0.0023585353068566834,-0.0024963598611983835,-0.0023489204449431834,-0.002318096790092983,-0.0022168008203865834,-0.0024199484815516834,-0.0025021056302074835,-0.0025469470023651835,-0.0024025317413735835,-0.0021602257792541833,-0.0023562556004116833,-0.0027634870435797832,-0.0027552632271574833,-0.0027816804370309834,-0.0029829964017877835,-0.0030040717243642835,-0.0030259536837766833,-0.0030133988320399834,-0.003109412951341683,-0.005376188208655083,0.0007738494152746166,0.0040751081627798166,0.0039043076460357168
2482,-0.00028661356051363324,-0.0008065979820475333,-0.0009365961067589332,-0.0007341655127054333,-0.001108603492254433,-0.0017637373412414331,-0.002201308445629433,-0.002401989561438633,-0.0025489141211675333,-0.002348553987335633,-0.002358028476416933,-0.002235849849598933,-0.002440123028393633,-0.002493866666526033,-0.002570275570277333,-0.0024268131724784333,-0.002146220978516133,-0.0024064293386631334,-0.0027671913167512333,-0.002796492853155333,-0.002781617630453733,-0.0029935295151830334,-0.0030114597150750332,-0.003042905435262833,-0.003025326797268333,-0.0031297654046781335,-0.005464529563566033,0.0007371263902745666,0.0039908761860936665,0.003872576654279967
2480,-0.0002935095678309001,-0.0007973831287584,-0.0009328258287122002,-0.0007608289174112,-0.0010929511551127002,-0.0017864041979157002,-0.0021631299971033,-0.002403452166415,-0.0025668156094974005,-0.0023141023526813,-0.0023109763869057004,-0.0022594907397006005,-0.0024009236708211,-0.0024625491722159,-0.0025259651366918,-0.0024053651210289,-0.0021080200781717004,-0.0023761236499240997,-0.0027169654501421,-0.0027635337643778,-0.0027371489666338997,-0.0029541742944121,-0.0029711579182702995,-0.002985461096946,-0.0029804930448461995,-0.0030901800472708995,-0.005512405824141,0.0007410370174071999,0.0039675501945639,0.0038774985978253995
2478,-0.0003567155814878833,-0.0007905003613963835,-0.0009262898659685834,-0.0007850785795570833,-0.0010905758557214834,-0.0017962158029976836,-0.0020889199910310834,-0.0023477904215106838,-0.0025372083134104833,-0.0022529877011340836,-0.0022012129767163833,-0.0022558217987041834,-0.002310072555491284,-0.0024152950932314838,-0.002425199671562484,-0.002357370895043784,-0.002038005435584584,-0.002264300920968484,-0.002627402239543584,-0.002651843456263384,-0.0026745248775396835,-0.0028808009643537837,-0.0029072607999952836,-0.002863441057441984,-0.002894426508853484,-0.0030093700170843833,-0.005495359059797784,0.0008034855196939165,0.004038551698749317,0.003949160244131417
2476,-0.00042385679378580034,-0.0007771476388358004,-0.0009204780293105004,-0.0007955595212441003,-0.0011048663926576004,-0.0017812009158483006,-0.0020380222634155,-0.0022744472338135004,-0.0025074521783004008,-0.002215280047214,-0.0021116141547997003,-0.0022256517425164003,-0.0022225408890632,-0.0023751006875802,-0.0023290886914275003,-0.0023255777361065,-0.0019726351947082004,-0.0021640599438241008,-0.0025589040755950006,-0.0025436211230277003,-0.0026361045780839004,-0.0028133377661056,-0.002871460527305,-0.0027716318402488003,-0.0028333267523902,-0.0029537118013148005,-0.0054600765033173005,0.0008668175315142996,0.004133293300139099,0.004021908375833799
2474,-0.0004433057926219997,-0.0007573349408203998,-0.0009106431503332999,-0.0007877541427436998,-0.0011204359932446,-0.0017501757707911998,-0.0020238619859157996,-0.0022276900665915995,-0.0025039358665152993,-0.0022198743828573,-0.0020810691662836002,-0.002169792045423,-0.0021712406830240996,-0.0023462966184013,-0.0022761000372261003,-0.0023074974465012,-0.001942959694742,-0.0021310926501648,-0.0025411634699623,-0.0024954198905708996,-0.0026221378877899,-0.0027622104433758,-0.002866071724507,-0.0027636898745545995,-0.0028141535759382994,-0.0029449608042178,-0.0054488256950057995,0.0008783392709087001,0.0041710893013555,0.004019474019764
2472,-0.00041886368180791655,-0.0007423564743775167,-0.0009006316629185166,-0.0007720693907824166,-0.0011277470551199168,-0.0017110513364922166,-0.0020110193264612167,-0.002208962804700617,-0.0024933850582042165,-0.0022290224414088164,-0.002078450878272617,-0.0020797554499150167,-0.0021389155553221163,-0.0023044141956983163,-0.0022518082262541162,-0.0022710126857052168,-0.0019397961279670167,-0.002123983304444117,-0.0025432674204081164,-0.0024821028911130166,-0.0025940392004330168,-0.0027178362433473166,-0.0028447071985084164,-0.0027964897886573166,-0.0027903921790276166,-0.002945931399180316,-0.005448137969547417,0.0008591529658218834,0.004162836331837183,0.003961668265006283
2470,-0.0003896359632786664,-0.0007382486358742664,-0.0009019763291383666,-0.0007632530137569665,-0.0011248778045160667,-0.0016789767248144665,-0.0019873185256686667,-0.002206188209766767,-0.002449602360504766,-0.0022167881994819665,-0.0020748277166811662,-0.001986883348113466,-0.002114603037207366,-0.0022426151056351663,-0.0022343833356310667,-0.0022225505539010667,-0.0019484396613541663,-0.002105178156205466,-0.0025291715740338666,-0.0024725992078764667,-0.0025382334043643666,-0.0026992498829664664,-0.0027965676211217667,-0.0028186100795556668,-0.002750192891371966,-0.0029347563687358667,-0.005436314876691766,0.0008511064735836336,0.004163098882464034,0.003917991746564334
2468,-0.00038485429240123323,-0.0007385912175757331,-0.000913042943453233,-0.0007655426521192331,-0.0011013549506348334,-0.0016725417231173332,-0.0019739923023508335,-0.002225223866466533,-0.002400486397191433,-0.0022088239951344336,-0.0020791253321949333,-0.0019553935134447335,-0.002118418014019333,-0.002193934356963933,-0.0022232480114078327,-0.0022021053581616334,-0.0019747018976542328,-0.002110387991703033,-0.0024964498387280327,-0.002481644426586233,-0.002487218283810033,-0.0027339423034598333,-0.0027676034264156333,-0.002835359156401233,-0.002747236021684433,-0.0029287599629254334,-0.005425444079202233,0.0008513809196393668,0.004172226472016767,0.0039033860561842664
2466,-0.00041053851658698283,-0.0007375717464258829,-0.000918483944999783,-0.0007765828558667827,-0.0010507582915335828,-0.0016803824733318828,-0.0019659689046360824,-0.0022560252870744823,-0.002376856649735282,-0.0022247643699771823,-0.002093318202739982,-0.001995122195503983,-0.002145633856356283,-0.002184154402528282,-0.0022176439516607823,-0.0022146145111073823,-0.0020131531180145826,-0.002167723741322983,-0.0024528486409664827,-0.0025153649022737826,-0.002470047122927783,-0.002797071942534383,-0.0027822062420502823,-0.0028567710840972822,-0.002805088758919682,-0.002928776443575783,-0.005422139669308782,0.0008459181076628172,0.004158820051045017,0.003893935355413017
2464,-0.0004553142555595003,-0.0007412435620989003,-0.0009123796232198,-0.0007954402257688,-0.0009977183249432003,-0.0016632568023896002,-0.001929800629812,-0.0022516224326267,-0.0023633102838038003,-0.0022295137632741,-0.0020871976219391,-0.0020358803393967003,-0.0021442921542411,-0.0021928979116812002,-0.0022094899477232005,-0.0022206986321839997,-0.0020266977991094002,-0.0022231410792864998,-0.0024009985237629,-0.0025331680385684,-0.0024777278752739,-0.0028270892568004998,-0.0028034794573221005,-0.0028546699266252,-0.002865031647381,-0.0029063632117072,-0.0054024557793833005,0.0008558393120450998,0.0041367128314682994,0.0039020959915902
2462,-0.0004935399465436333,-0.0007594952541536333,-0.0009036376850050333,-0.0008159702860416332,-0.0009800495629503332,-0.0016086065214440332,-0.0018698559631720331,-0.002190525033075133,-0.0023348569766137336,-0.0021813002680905334,-0.0020391098717665334,-0.0020190258213390335,-0.0020863720631947333,-0.002186770135529433,-0.002203654752023433,-0.002197648768097133,-0.001988106074047633,-0.002211276676373233,-0.0023596570863009332,-0.0025016026239292337,-0.002484117247790333,-0.002799501419769233,-0.002792020834930233,-0.0028137959521180333,-0.0028663835867586336,-0.0028606260814905333,-0.005362237752931133,0.0008981315417476666,0.004140850919064767,0.003952692734694266
2460,-0.0005010713072530503,-0.0007883333566430502,-0.00089764675616815,-0.0008251276811583499,-0.00099987298380515,-0.0015564444968975502,-0.00184087026825825,-0.0021312881378362505,-0.0023051158927862503,-0.0021006420606632503,-0.00197450171968155,-0.00196926312623995,-0.00202272513984295,-0.0021689188724427497,-0.0022125735096660505,-0.0021681642791846504,-0.0019213421011816502,-0.0021523796928284503,-0.0023606974923572497,-0.0024444840324659503,-0.0024739108643150503,-0.0027459862903835503,-0.0027565694313789503,-0.00277362709049485,-0.00282694868625475,-0.00283091325413255,-0.00534422759562555,0.0009399294200701499,0.00415342180975645,0.00401205208502775
2458,-0.00047865693658531673,-0.0008060836101587167,-0.0008918877679991168,-0.0008204825587797167,-0.0010245470226702168,-0.0015525576968197167,-0.0018796135152665168,-0.002150147316498017,-0.002304358758198617,-0.002054267458915517,-0.001947212783524217,-0.0019465970055750168,-0.002026861758592717,-0.0021702530239173165,-0.002231297174983717,-0.002163196302199917,-0.0018778684902970167,-0.002116376950010917,-0.0024107760760104166,-0.002409977857197417,-0.002447415195672117,-0.002709117746346916,-0.002726706947951316,-0.0027774467580348166,-0.0028037347087917167,-0.0028348616936197165,-0.0053787709260515165,0.0009437559123109832,0.004133210891591083,0.004021657896193083
2456,-0.00044684394840174976,-0.0007924771684773498,-0.0008930514027846499,-0.0008139225554150499,-0.00103797406132515,-0.0015962328941542497,-0.0019641747862386497,-0.0022376684823081495,-0.00233440737217375,-0.00208021692684945,-0.00199112560809605,-0.00196673854069935,-0.00210548774798745,-0.0022033261014026495,-0.0022465302366029495,-0.0021873665294431495,-0.0018862326546547495,-0.0021259424484143495,-0.00248453480646895,-0.0024183419064000497,-0.0024188397562573496,-0.0027122057120699495,-0.0027150597598593496,-0.0028149475162739497,-0.00281454080119765,-0.00284195104029475,-0.00543735740815125,0.0009231068444219732,0.00409993757484575,0.00398426913640395
2454,-0.000418723801554767,-0.000751410912010667,-0.0009154438853996667,-0.000809695746653467,-0.0010557421749742668,-0.0016474902834664668,-0.0020468645554926673,-0.002306000757778267,-0.0023705901579977665,-0.002152862510001567,-0.0020881033482781667,-0.0020010729158153667,-0.0021925101804728666,-0.0022459591203414665,-0.0022618442083797673,-0.0022223083841861665,-0.0019353832448132668,-0.002149695219419867,-0.0025560780046233666,-0.002457116120497667,-0.002411914737862767,-0.0027538825786027673,-0.0027231788112991673,-0.0028445243935916664,-0.002836116965583867,-0.0028258951174934665,-0.0054749594196177665,0.0009100607974206331,0.004111432780588633,0.0039510165205928335
2452,-0.0003964191636703497,-0.00071174188182025,-0.0009544967169031499,-0.0007994422473505496,-0.0010808454435125498,-0.0016709787005069496,-0.0020943203890020495,-0.00229878294896495,-0.0023932579138723495,-0.0022167205638772497,-0.00217637951827525,-0.00202531263116695,-0.00222226137173105,-0.0022689489291081496,-0.0022830336708537496,-0.0022413618244012494,-0.0019900495579045496,-0.0021675294543396497,-0.00260974653132525,-0.00249701550605625,-0.0024380361346321494,-0.0027949844770615495,-0.00275065840355785,-0.00284337521645765,-0.0028470128702278493,-0.0028000236715254494,-0.00548068612959035,0.0009036952866449502,0.0041682008465594505,0.00394294545325685
2450,-0.00038775731361839977,-0.0007010472056983997,-0.0009822308997870998,-0.0007895791727912996,-0.0010851938479363996,-0.0016660863810915,-0.0020980511255857,-0.0022517831125062,-0.0024000946985111996,-0.0022412857974097,-0.0022045317826461,-0.0020379116390484,-0.0021937207525450997,-0.0022710186942487996,-0.0022948375761290994,-0.0022278981546029,-0.0020181408669488997,-0.0021930101639346996,-0.0026265635327896997,-0.0025072384950783995,-0.0024796379220239995,-0.0027804538718169992,-0.002787431822164,-0.0028174273488330995,-0.0028400703870138993,-0.0027862887706477995,-0.0054602383528391,0.0008934888134263002,0.0042176258105137004,0.0039458084398316
2448,-0.0003989052889530832,-0.0007198243491508833,-0.0009804137719372833,-0.0008049901233938832,-0.0010553774464196833,-0.0016607387690580832,-0.0020777989399596835,-0.0022323421221215837,-0.0023995017796548833,-0.002238931583755983,-0.002182057531690683,-0.002043414301340883,-0.0021629104327100836,-0.0022809751015569835,-0.002286486429708783,-0.002196501661257783,-0.002018014606209083,-0.0022349693765490834,-0.0025948988872229834,-0.0024834354583024836,-0.002510601714511883,-0.0027144043603209832,-0.0028227985452897834,-0.0027867958370936833,-0.0028148932239443836,-0.0027896425368795835,-0.0054113469267943835,0.0008991706635408281,0.004243770189712317,0.0039595109798548165
2446,-0.0004126991254330668,-0.0007474766636060668,-0.0009638182901360668,-0.0008453423100431667,-0.0010200001186420667,-0.0016771369748275668,-0.0020718609898131668,-0.0022541480201082667,-0.002401848260099967,-0.002235175187200767,-0.002157274599562267,-0.0020382873311023666,-0.0021776049841806667,-0.002320554510253467,-0.002278586306679467,-0.002183673642208867,-0.002018617748811567,-0.0022757040916374666,-0.002536102897348867,-0.0024586866861747666,-0.0025223922753412668,-0.0026757303931399666,-0.002860778988388667,-0.002775436784572467,-0.002784111000771067,-0.002810949903058667,-0.005346105753808367,0.0009400156963366332,0.004275755329555432,0.003989336507860434
2444,-0.00040362393560087594,-0.0007709338227645849,-0.0009583347238056848,-0.0008684318679653848,-0.0010081731516507848,-0.0017015837323696849,-0.002096030983414285,-0.002273646830964885,-0.0024072574963796846,-0.0022333291112805846,-0.0021476727939762847,-0.002013841054200385,-0.0022223965495559847,-0.002368496009653985,-0.0022882573492021847,-0.002199088528414885,-0.002039494835760485,-0.002292093691559885,-0.0024894514616962847,-0.002458939583659785,-0.002516195288133885,-0.002713162229970985,-0.002899466230207985,-0.002792987829368285,-0.0027710818203229848,-0.002844782705839585,-0.005295932409956084,0.000989855387361415,0.004311977714596215,0.004009497501787316
2442,-0.00037724326289041097,-0.0007957021291725639,-0.000967730270699811,-0.0008464257257932928,-0.001012013887625011,-0.001699605288901811,-0.002121229476253511,-0.002254046727276011,-0.002400747266235111,-0.002220700694992011,-0.002127413368364211,-0.001972236082927911,-0.002240724517295411,-0.002377728980316011,-0.002290917184570711,-0.002209183851702411,-0.002059147921988711,-0.002278153479689811,-0.0024720181264415108,-0.002460793050406511,-0.002488075759238511,-0.002769281117856211,-0.002909251859689911,-0.002819705448122811,-0.002781655431879611,-0.002859504801654511,-0.00526795867191701,0.0010077199711177889,0.004312850200202189,0.003999115276181089
2440,-0.0003634631670236872,-0.0008266168427565499,-0.0009775498126931874,-0.0008103266213161016,-0.0010155106747052872,-0.0016654012037574874,-0.002116975166974887,-0.0022074147989256873,-0.0023731214629508874,-0.002204978300529287,-0.002089326492940087,-0.0019403310664503873,-0.002211499686822787,-0.002331715890582587,-0.0022611802601333873,-0.002190505100530387,-0.002042713104084587,-0.0022455254298264873,-0.002477514610940287,-0.0024300435201291873,-0.0024452046121124873,-0.0027653871391694874,-0.0028690044677132875,-0.0028314483738714875,-0.0027926649026202874,-0.0028244301092238875,-0.005236567174288587,0.0009933161687833126,0.004276473935970812,0.003993467118494813
2438,-0.0003698041242190833,-0.0008540073292399833,-0.0009802830696817833,-0.0008062242745583833,-0.0010301151977905832,-0.0016293174733717833,-0.002092468095272983,-0.0021731311730207835,-0.0023410136573233835,-0.0022121066802960835,-0.0020653991465381834,-0.0019480214117549833,-0.002172754922244383,-0.0022609410115505832,-0.002224613219781583,-0.0021647886942076835,-0.0019881308156406833,-0.002210600922833183,-0.0024954230359175832,-0.0023786468268949834,-0.0024127210502643834,-0.0027090551134715834,-0.002808356844626783,-0.0028288049273436835,-0.002775727206660783,-0.002759609507791283,-0.005191584745627283,0.0009803411175500166,0.004255364335910316,0.004040433995489817
2436,-0.0003771217688985721,-0.0008696451454717655,-0.0009789135816878655,-0.0008321913503448655,-0.0010693546891464656,-0.0016056428532581655,-0.0020627914646128656,-0.0021697814697638654,-0.0023251526451265655,-0.0022363881346850654,-0.002063997832229566,-0.0019792380506926657,-0.0021556185875857654,-0.0021959696615398657,-0.0022161132247179656,-0.0021518547774684654,-0.0019193218858445655,-0.0021775251017627658,-0.0025020864295855656,-0.0023382722543292657,-0.0023972200252383655,-0.0026524173668178654,-0.0027666363383399653,-0.0028158301535290654,-0.0027204365800730657,-0.0027138136498818656,-0.005150262760610666,0.0009965482746375346,0.004283947071806134,0.004127226535549534
2434,-0.00038411533749233993,-0.0008822644636820805,-0.0009723598502558889,-0.0008552680614034107,-0.00111118933234564,-0.0015708403530549399,-0.00201014820342974,-0.00217857989312854,-0.00231670816240774,-0.0022298208033890397,-0.0020444307113754397,-0.0019746151919256398,-0.00213728841606904,-0.00213572318771274,-0.00221330377502434,-0.0021292965812347397,-0.0018493420776431399,-0.00213455394249024,-0.0024620544910301397,-0.0023016551198399397,-0.00236988686146224,-0.0025977562155892397,-0.00272816572130214,-0.00277300615851014,-0.00263829360704114,-0.00269367610024354,-0.0051117120137787395,0.00105190223637836,0.00434407277123156,0.00420519704517936
2432,-0.00041633123917786657,-0.0009008653967213666,-0.0009554128098666667,-0.0008669768500596666,-0.0011217875082325667,-0.0015166896210998667,-0.0019260065907039667,-0.0021714511965907667,-0.002290796262031267,-0.0021677740616116666,-0.0019877414851504666,-0.0019090364765986666,-0.002090242774938067,-0.0020793455029003666,-0.0021717883638206668,-0.0020799793061240667,-0.0017841349935396452,-0.0020747886089411667,-0.0023778092037975668,-0.0022455306376335665,-0.002316342764003567,-0.0025263822599080666,-0.002658010527738467,-0.0026929788569710665,-0.0025608728506542667,-0.0026651993895899667,-0.005054519064410867,0.0011385734550295335,0.004410686507074433,0.004261373804058133
2430,-0.0004778663174735496,-0.0009134820333136498,-0.0009353511144093499,-0.0008779664827450499,-0.0011040078572440498,-0.0014829135803656498,-0.00185990008257385,-0.00214363859683355,-0.00224650564383905,-0.0020946628873075497,-0.0019395115944089497,-0.0018356247697078497,-0.00203559007894285,-0.0020536880416610497,-0.0021076713882660497,-0.0020403578887827497,-0.0017472079767437499,-0.00201466313666505,-0.0023117886497096497,-0.0021911586288541497,-0.0022739048281123497,-0.0024759532093908236,-0.002584595926882011,-0.00262248551810355,-0.002524435481667154,-0.0026227370416192497,-0.00499265216516965,0.00122175754049475,0.004476198551433351,0.00430867380518565
2428,-0.0005315157344135003,-0.0009025728011165003,-0.0009323058476199001,-0.0008760360929449002,-0.0010919094086702002,-0.0014987842580741003,-0.0018653135173110002,-0.0021143339651566,-0.0022080067673374004,-0.0020682307549958,-0.0019421953089011,-0.0018172452645308001,-0.0020047654230487,-0.0020761518317352003,-0.0020806936263028,-0.0020508888327169,-0.0017584256233144002,-0.0019764920270774,-0.0023125327595067,-0.0021797655520454,-0.0022816542424596003,-0.0024960957867740004,-0.0025756177514497003,-0.0026157291828969,-0.0025336443206318,-0.0026004150345813,-0.0049758999446284004,0.0012595150605720002,0.0045222537410174995,0.004334339884765
2426,-0.0005456889701129994,-0.0008757119806187996,-0.0009554990727469997,-0.0008392028898973995,-0.0011030285588723996,-0.0015310097930369996,-0.0019192327629933995,-0.0021029196880671,-0.0021913758431945994,-0.0020852057087123997,-0.0019727114068084995,-0.0018459413677491996,-0.0019848599813582,-0.0021190145706916994,-0.0021046867814790995,-0.0020890673051748992,-0.0017974548698959996,-0.0019615003453894997,-0.0023453823728000994,-0.0022029665934861996,-0.0023213911524774997,-0.0025558109153967,-0.0026363377692242996,-0.0026574385047871997,-0.0025557307904410997,-0.0026136425810484995,-0.0050162345074039995,0.0012472658365074002,0.0045212618505076005,0.0043191314722486
2424,-0.0005317508798462832,-0.0008592450299970832,-0.000986736136788483,-0.0007825676465197831,-0.0011230120829412832,-0.0015358975804899832,-0.001955063405412083,-0.002114618978853183,-0.002195625383163283,-0.002102480604469983,-0.0019906857743701833,-0.0018765772218287831,-0.001954626114268083,-0.002146275351537483,-0.002137401987484083,-0.0021064311509882833,-0.001829503158801783,-0.0019616199716183834,-0.0023494924245452834,-0.002220764468769983,-0.002351763659221383,-0.002584208848623983,-0.002703436594700283,-0.002686832335573383,-0.0025726185246006832,-0.0026463117298151833,-0.005070628146937283,0.001211695496968917,0.004478700677694517,0.004283311776092917
2422,-0.0005172687161937501,-0.0008618511890039499,-0.00099688259536675,-0.0007457831881356502,-0.00113419696241955,-0.00152887380016715,-0.00195424469793705,-0.00214140847782385,-0.00221741747556035,-0.00210687000568845,-0.00199997360806545,-0.00190599298373955,-0.00194314175227805,-0.00216047089770675,-0.00215229186861825,-0.00210362162073065,-0.0018569252744713499,-0.0019843209320846503,-0.00233089622447585,-0.0022318367408329497,-0.00237315344643125,-0.0025765953358349502,-0.0027389898123398497,-0.0026840786092879503,-0.00261018412301565,-0.00269490355694965,-0.00511179560820785,0.0011607973771372497,0.004432952954601549,0.00425598265111965
2420,-0.0005086799599327676,-0.0008640807585042678,-0.0009768586031206677,-0.0007366118530139675,-0.001135878076804468,-0.0015520895646188677,-0.001949146743239768,-0.002166892527001068,-0.002247277020620568,-0.002117625236562868,-0.002016297017041768,-0.001960196850733368,-0.001991975641926868,-0.002181991014341668,-0.002161163637801668,-0.002113470870520668,-0.001903964979477868,-0.0020360457515152678,-0.0023372704029722678,-0.0022600862643830676,-0.0024096983540253677,-0.0025757122882343678,-0.002762558567248068,-0.0026781284233668677,-0.002679032941011268,-0.0027642524216228677,-0.005156805690811368,0.001086248117371632,0.004405876629944533,0.0042221092513761325
2418,-0.0004989176190820328,-0.0008474276181487331,-0.0009448491646660328,-0.0007297529791464334,-0.0011361310950277334,-0.001603864328918233,-0.0019537018093703333,-0.002177621408456833,-0.0022638792814589333,-0.002139360943110533,-0.0020219767179192327,-0.0020268666850272333,-0.0020791424733022333,-0.0022092031957376334,-0.0021696812077341334,-0.0021360506676559327,-0.001959695233188833,-0.002093201134123533,-0.0023668259969437328,-0.002287316918913433,-0.002448476653869933,-0.002578597919817033,-0.002786875091628933,-0.002683044745129933,-0.002724492107358933,-0.002821168681362533,-0.005209216663588233,0.0010159731361794669,0.004388742144136168,0.004157078476070967
2416,-0.0004898199520514002,-0.0008152871823726999,-0.0009235218631590998,-0.0007205809894296001,-0.0011410596359229998,-0.0016532190466205,-0.0019536464642805,-0.0021767888443339004,-0.0022584078613906,-0.0021579715135791,-0.0020040794405801,-0.0020606121184749,-0.0021391527113656,-0.0022310291360446,-0.0021664297021506,-0.0021488794533581004,-0.0019803702605648,-0.0021205037006089998,-0.0023731001177095005,-0.0022714390148270997,-0.0024525447028499,-0.0025537046963660997,-0.0027893421173722,-0.0026865453628104,-0.0026917003516351004,-0.0028165815901459003,-0.0052325754986823,0.0010042455080372997,0.0043793075935626,0.0040902696229358
2414,-0.0004875876260910161,-0.0007820127481541162,-0.0009199256076908163,-0.000734564636925116,-0.0011537504391208164,-0.0016971809457830165,-0.001953762774571716,-0.0021796471398474165,-0.002253546346070716,-0.0021710375306567163,-0.001994425932889416,-0.002046246574686616,-0.002144824158556516,-0.002252811520779216,-0.0021575063230617163,-0.0021576506734430163,-0.0019474146078932164,-0.002109949820362716,-0.002345555877702116,-0.002223928252132216,-0.002422200909311516,-0.002524580677515216,-0.0027603939837947157,-0.0026908280982850157,-0.0026141788395421164,-0.0027592922239696163,-0.005204582635152316,0.0010560070850773838,0.004394192642344783,0.004077841057981884
2412,-0.0004904834420070012,-0.0007591035071399009,-0.0009298720663870009,-0.0007763620074284017,-0.0011722850827929013,-0.0017467253948016013,-0.0019730514977473017,-0.0021905688875596017,-0.0022721985554021015,-0.0021813296938703016,-0.0020179920157627016,-0.0020063022286670017,-0.0021192386543036016,-0.0022760718607735013,-0.0021625640938356012,-0.002178057630249001,-0.0018846137608909018,-0.0020767795453673016,-0.0023171702274857016,-0.0021989403444513016,-0.002390634804842101,-0.0025397075547939013,-0.002721499712524401,-0.002702809774178201,-0.0025757814394801017,-0.0027061743438331013,-0.005143292717750301,0.0011191987066617986,0.004438920242065398,0.004128106105755199
2410,-0.0004954702463215834,-0.0007560974800899832,-0.0009491324584337832,-0.0008123889451404831,-0.0011892407497819833,-0.001777461492421883,-0.0019989933461059834,-0.0021963352728373835,-0.002299022535276883,-0.0021727231612000833,-0.002040917707145683,-0.001956350167430383,-0.0020837407376075832,-0.002279051859317583,-0.002176628220117583,-0.0021871512711667835,-0.0018206838965832833,-0.0020294531712365836,-0.002301203708137983,-0.002206434411110983,-0.0023673548145461834,-0.0025745931232995832,-0.0026831911833790833,-0.002692831423312683,-0.002597675796313483,-0.002674153655713783,-0.005063737390549883,0.0011686797194727164,0.004495937437996816,0.004202329879767817
2408,-0.0005058065478171824,-0.0007770039194478816,-0.0009698539658671819,-0.0008197006560208822,-0.0011982310120976824,-0.0017557028874298818,-0.002002093979156282,-0.002188248053427282,-0.002301931798881782,-0.0021339146785499816,-0.002022581923845682,-0.0019030542572563824,-0.0020456253819335817,-0.002250256050230882,-0.002178145708909382,-0.002152708323616582,-0.0017714896874843821,-0.0019761049108893824,-0.002284463558938182,-0.002204842030265582,-0.002335643915265282,-0.0025616983502570823,-0.0026376030584937824,-0.0026290032852750818,-0.0026265926028875824,-0.0026296529278263822,-0.004966850785357682,0.0012320559493252184,0.004545418318060518,0.004270596101250818
2406,-0.0005232322721819005,-0.0008088473999468011,-0.0009765652273093003,-0.0008161823914685003,-0.0011966049642741002,-0.0017026220703316008,-0.001988991425668201,-0.0021746238310116003,-0.002280081839612501,-0.0020931639659280002,-0.001982018009671801,-0.001872559801590101,-0.002023371549907501,-0.0022136794196443007,-0.0021680074082270004,-0.0020945586112009005,-0.0017502823245967008,-0.0019448854830952005,-0.0022737021000622006,-0.0021785234988595005,-0.002298470784814201,-0.0025059187751286004,-0.0025965788240936,-0.0025447768899239005,-0.0026228362561301006,-0.0025686862162841006,-0.0048830578089768,0.0013147563163363992,0.004577574156446399,0.0043214322551806
2404,-0.00054241674420795,-0.0008310249268492506,-0.0009634311140020498,-0.0008258206791452501,-0.00117932113747335,-0.0016731555926425504,-0.0019888796882671506,-0.00216151078579355,-0.0022603321331085505,-0.0020873898105954504,-0.00195822341708475,-0.00188599349807775,-0.00203023791493555,-0.00218726822736245,-0.00215952492398625,-0.00205812881458125,-0.00175414172802635,-0.0019556824567774503,-0.0022847601245691504,-0.00215459964061395,-0.00227567645669875,-0.00247410456131595,-0.00258135868087725,-0.00250423679628025,-0.00259274872470555,-0.00253044777386855,-0.00486046069759775,0.001370759552069549,0.0045897043843437495,0.00434201460167785
2402,-0.0005570583540243004,-0.0008428462750770006,-0.0009509458814065007,-0.0008428186981847005,-0.0011426944324626,-0.0016767030874047005,-0.0019974542085510003,-0.0021403472125540004,-0.0022581330655254,-0.0021097771673614,-0.0019454637005556002,-0.001917261077483,-0.0020429794594886003,-0.0021523717041203004,-0.0021453808622352,-0.002044456092732,-0.0017512126339989005,-0.0019831535672935,-0.002296582850751,-0.0021446118445677003,-0.0022622690865792003,-0.002477472678321,-0.0025756742608597,-0.0025081111910811,-0.0025427144467141003,-0.0025217736935658004,-0.0048939132172881004,0.0013769272858804998,0.004591297656346199,0.0043363636411551006
2400,-0.0005614147281231673,-0.0008636542068416672,-0.0009665034542138671,-0.0008476995867558674,-0.0011003093170082671,-0.001677937767189267,-0.001991239999821867,-0.002110125924332467,-0.0022730611449420673,-0.002130014948548167,-0.0019270577698219673,-0.001926750534425167,-0.002035247966113167,-0.002103905202271567,-0.002119825883354767,-0.002028763801116267,-0.001723170439830167,-0.001989752487820367,-0.002281723016784267,-0.0021376919357321673,-0.002240367528050367,-0.002464584725552067,-0.002549912889625667,-0.002507150625843267,-0.002474322622380567,-0.002508722581963167,-0.004929609719649967,0.0013674809899225327,0.004601365563864333,0.0043395812929428335
2398,-0.0005488671351991502,-0.0008991775496081499,-0.0010071444440463502,-0.00083730809653865,-0.0010801327551110502,-0.0016700781445408502,-0.00198548659310205,-0.00209384987659855,-0.0023082172372091503,-0.00215002112193245,-0.00193088588260865,-0.00192500248438465,-0.0020269824529867498,-0.00208765220950065,-0.00211228470860045,-0.00202740494110395,-0.00170603901404235,-0.00198355500773015,-0.00226950642606885,-0.00214888190167605,-0.0022243727512087502,-0.00242917590651425,-0.00252743905051495,-0.00249884104709505,-0.00242503068771705,-0.00249390932209625,-0.0049477851852598505,0.0013665606397890496,0.004623121536466851,0.00437262998050335
2396,-0.0005230681671249168,-0.0009268676373926167,-0.0010401380064283166,-0.0008227581483916166,-0.0010934592811945166,-0.0016882659069528093,-0.0020181869262305167,-0.0021125733462156165,-0.0023601752030034165,-0.0021935776397925166,-0.0019866197328323168,-0.0019528600818622167,-0.0020540450624309168,-0.0021368889658113168,-0.0021484215674992166,-0.002075477162283717,-0.0017443740581854082,-0.0020015665587500165,-0.002310809026348817,-0.0022043212730581165,-0.002244012950013817,-0.0024272417588187167,-0.002559134034276317,-0.0025298395633851166,-0.002442266071215317,-0.0025205022462729165,-0.004974175649696317,0.0013516836305570833,0.004636029985793083,0.004406291240531983
2394,-0.0005040733359025873,-0.0009256308686934872,-0.0010454913800563874,-0.0008134240434088643,-0.0011171860526070871,-0.0017448689340815874,-0.002080629982488087,-0.002156518771856187,-0.0024024867326184873,-0.0022517030959441874,-0.002058748183816487,-0.0020083617467936874,-0.002106228813146287,-0.002207956524646387,-0.0021969076858541874,-0.0021490439661946874,-0.001818058312984387,-0.0020436169555111874,-0.0023871866678256875,-0.0022755182915885873,-0.0022878293977419873,-0.002476902538401987,-0.0026314928719443874,-0.0025997096594196872,-0.0025068842760411873,-0.0025813965940415873,-0.0050047535648815875,0.0013127998789821127,0.0046280164268472125,0.004405805680668413
2392,-0.0005058838976782166,-0.0009043865918930167,-0.0010386248970751166,-0.0008154609600204167,-0.0011199538463563165,-0.0018002461437768165,-0.0021189732723954167,-0.0021989159717376167,-0.002411019046644917,-0.002284770887753917,-0.002085347224820317,-0.002044175811350517,-0.002141559537056317,-0.002232857476493217,-0.002207272630889717,-0.002179467278663317,-0.0018609981927538166,-0.0020646327108757166,-0.002422780856557417,-0.002294758887288917,-0.0023100654523696166,-0.002525758375644817,-0.0026688608139563167,-0.002640680304236317,-0.0025426059667587168,-0.002604957787094717,-0.004995121079034017,0.0012865974651571834,0.004615672791168183,0.004384310193023083
2390,-0.0005171320232139168,-0.0008902475781572168,-0.0010441488970306166,-0.0008335822114899169,-0.0010964724186706166,-0.0018126630932910168,-0.0021081578256357167,-0.002226592094176817,-0.002396654996837917,-0.002276391774732917,-0.002061897527466717,-0.002032455785559017,-0.002143733157664717,-0.002205218654330617,-0.002182209372185317,-0.002144539882811917,-0.0018392124685667167,-0.002030756583485017,-0.002383596637126017,-0.002243424027098917,-0.002290673884173417,-0.002528742418113217,-0.002633564522847817,-0.002606578246529717,-0.002507985553961617,-0.002557451374906817,-0.0049371265571653165,0.0013046006966625833,0.004622546205322484,0.004381583128562284
2388,-0.0005230199147478331,-0.0009009951312927331,-0.0010664979316487332,-0.0008647524361791333,-0.001066294781533733,-0.0017838814961618332,-0.0020789174527359334,-0.0022426849682698332,-0.0023869160546769333,-0.002246881072276133,-0.0020306691996109334,-0.001987112001212533,-0.0021203320942985333,-0.0021630328960123334,-0.0021581633992348334,-0.0020838874074599334,-0.0017622136588300334,-0.0019441495947874333,-0.0023007976847410332,-0.002165230874021233,-0.0022442098840774333,-0.0024857699416553332,-0.0025572140554153333,-0.002513645893259133,-0.0024223728131077334,-0.0024833301917944334,-0.004868460251007933,0.0013647727785780668,0.004665577822709467,0.004421560195402166
2386,-0.0005321932171289332,-0.0009369484115272334,-0.0010973591918370332,-0.0008999621396656331,-0.0010482814152249333,-0.0017440681328808332,-0.0020688504561948333,-0.002253234441030133,-0.0023890590472484333,-0.002218075284519833,-0.0020086144996014333,-0.0019287689026627332,-0.0020678248644963333,-0.002118685980255433,-0.002134125149854233,-0.002022958798728833,-0.001631488107255833,-0.0018152892793484332,-0.002199836830106333,-0.002088415614120733,-0.0021758204846415333,-0.002399073062015033,-0.002466798553577933,-0.002380961754674533,-0.0023005514456297333,-0.002414417401325333,-0.004792886841889633,0.001472113370041767,0.004767455564927067,0.004514744375383767
2384,-0.0005548126845171498,-0.00098516166994705,-0.0011338787078330498,-0.0009370536879010499,-0.00104886260109625,-0.0017176770556499496,-0.0020896590948295502,-0.0022685147241166496,-0.0024013511087139497,-0.0022028565979180497,-0.00198408813251715,-0.0018739176494450497,-0.0019925585045130496,-0.0020669945825471502,-0.0020830521110168495,-0.0019458071566516497,-0.0014385346752602498,-0.00165226191432725,-0.0020784135510288496,-0.00200066791350385,-0.00207815337432275,-0.00227042357868675,-0.0023544161365442497,-0.00220226484614935,-0.0021307228636774497,-0.0023191276155427494,-0.00467607522243175,0.00163963529794925,0.0049375899776691505,0.00465976935129455
2382,-0.0005680576538031668,-0.0010220918561826666,-0.0011747459144864666,-0.0009833676916407665,-0.0010702748858656668,-0.0017103129327469668,-0.0021412538255495667,-0.0023022616062330667,-0.0024428599123152667,-0.002222229257587967,-0.001965925501897167,-0.0018490804752175666,-0.0019448526605145666,-0.0020340817043014666,-0.002017928934933367,-0.001847052380358667,-0.0012076564090898667,-0.0014740554558005667,-0.0019551653689369665,-0.0019046811052227668,-0.001966815967129967,-0.002144695650816667,-0.002232210899929267,-0.001993089752326867,-0.0019265755398365663,-0.002178047721057667,-0.004536113519580167,0.0018296127371933333,0.005130344387836333,0.004818538001978734
2380,-0.0005411525216129,-0.0010290301204645001,-0.0012131526717843,-0.0010447478183545,-0.0011156490922227002,-0.0017061893091051,-0.0022126728340118,-0.0023487691477743,-0.0025308163872422005,-0.0022874976802572003,-0.0019735611907654,-0.0018632755812406005,-0.0019668573565406002,-0.0020456408425045002,-0.0019757428429675,-0.0017454924820666001,-0.0009741294006628,-0.0012878534279121001,-0.0018610826941239003,-0.0018242531843368002,-0.0018632390962071,-0.0020725268061116005,-0.0021369950979925,-0.0017900799586531998,-0.0017258039755941004,-0.0020270362808260003,-0.0044400061741933,0.0019748431921358,0.0052801461563019,0.0049437322244389
2378,-0.0004917645169762669,-0.0010188926666604668,-0.001252295939739767,-0.001121096494367567,-0.0011844353651462671,-0.0016758076146804672,-0.002263597082406667,-0.0023711682342750667,-0.0026330660633063674,-0.0023610067237581672,-0.0019821773544529673,-0.0018654056779832669,-0.0020086080660845673,-0.0020539219357123667,-0.0019335903881970667,-0.0016282038064341672,-0.0007087728812656671,-0.001047516006853867,-0.0017600789881668673,-0.001732874132711467,-0.001734995597231267,-0.002007718672614367,-0.002045575511029267,-0.0015692559267989673,-0.0015056499197942668,-0.001868534787344067,-0.004367448387004567,0.002100498772151833,0.005411298803403633,0.005068484982890333
2376,-0.0004752070479157001,-0.0010334805935771998,-0.0013172525176537,-0.0012130891406245,-0.0012686549050133001,-0.0016053418131095,-0.0022469704235558,-0.0023362999993945003,-0.0026841128213742,-0.00237531881882,-0.0019359312256379,-0.0017808700002627,-0.0019611441646552,-0.0019688521979411002,-0.0018114968947314002,-0.0014402527624261998,-0.00033040611781530015,-0.0006847684463389,-0.0015507452668404999,-0.0015463833086835,-0.0015106181614421002,-0.0018240085079453002,-0.0018578802839827003,-0.0012339235496960001,-0.0011686009750858,-0.0016116229320432,-0.0041743783277281,0.002342790591379,0.0056517616835975,0.0053076842047843995
2374,-0.0005022240733887501,-0.00109323500325155,-0.0014266153388394502,-0.00132188568708425,-0.00135384959212745,-0.0015194537153324502,-0.0021718955822671504,-0.0022636757651529503,-0.00266436313862445,-0.00231310634476765,-0.00183257764715245,-0.0016115490047786502,-0.00179888545270265,-0.00178453731931095,-0.00159402952447905,-0.00117295483525445,0.0001640414247953499,-0.0002137265821835501,-0.0012039559945445503,-0.0012440475153588499,-0.0011891450061266501,-0.0014927768048881502,-0.0015352467763881503,-0.00075326352976415,-0.00067758355926645,-0.00119633914276565,-0.0037855390426502506,0.0027629100803145496,0.006065380125848049,0.00569780969469145
2372,-0.0005094867370786667,-0.001159149439789967,-0.0015543638293210667,-0.0014384186160346668,-0.0014236817498996667,-0.0014536736306875668,-0.002110338021364067,-0.002216610928663767,-0.0026316035494727665,-0.002237839197449367,-0.0017443230141199668,-0.0014516007655365668,-0.001631094468378867,-0.0016093939848175667,-0.001389137445356267,-0.000917612782208367,0.0006395925966185332,0.00023758564446363308,-0.000847041970174967,-0.000945054905184367,-0.0008884910228859669,-0.0011752618067504667,-0.001207813912063167,-0.0002669738119410669,-0.00016028083381386675,-0.0007429768192457669,-0.003356594252540767,0.0032050959076290334,0.006514617289862433,0.006085100372124033
2370,-0.00044793251092036684,-0.0011757640902535667,-0.0016472315269771669,-0.0015456670480206668,-0.0014710210362213667,-0.001406623900683467,-0.002110668182363367,-0.0022332443317992674,-0.0026464779063910667,-0.0022137954803198674,-0.0017224816120042666,-0.001366626038662067,-0.001561235212420867,-0.001525606563728667,-0.001299757521898067,-0.0007675350802672668,0.0009693873803722332,0.0005544150465899332,-0.0006272020222715666,-0.0007775222405329667,-0.0007226809573691666,-0.0010367787126691669,-0.001039479096257267,5.191857110003312e-05,0.0002153669338285332,-0.00044890560575596675,-0.003102565647995867,0.003468446902881133,0.006802583463483333,0.006287616212393133
2368,-0.000357722027159483,-0.001147142052537283,-0.001682249711159883,-0.0016344410997008833,-0.001508431635080183,-0.0013513903380777833,-0.002137386264005983,-0.0022878467490447833,-0.002698113584934583,-0.0022255942493496833,-0.001730917960176883,-0.0013127805446782833,-0.001558633017572883,-0.001488068897686383,-0.0012856172748662831,-0.0006997681182945832,0.001189849735475217,0.0007585545351882168,-0.000531876610019283,-0.0007107725572747833,-0.0006646108210434831,-0.0010266662980941833,-0.0010106438625589833,0.0002130238543961169,0.00044324931158791687,-0.0003350615527020831,-0.0030121296666769833,0.003566312388006517,0.006921562878814817,0.006329986525637717
2366,-0.0003045399562280999,-0.0011296178336679,-0.0016799357977400002,-0.0017000674366733002,-0.0015560557266156001,-0.0012890165951693,-0.0021282456037050998,-0.0023272669496125003,-0.0027332197440842,-0.0022151417332511,-0.0017101522071377,-0.0012270728318626,-0.0015375985162949999,-0.0014229653346006998,-0.0012349495920992001,-0.0006256792762033999,0.0014154886385963,0.000946111579206,-0.0004441756434778001,-0.0006195572801833999,-0.0006009891312007,-0.0009718861922631999,-0.0009602429986884,0.00036460469916779997,0.0006438956034118001,-0.00024158583429830004,-0.0029093737630600004,0.0036492758460104,0.0070154010719087,0.0063702167509249
2364,-0.00028633059884066673,-0.0011512804633340668,-0.001664333606094667,-0.001729010663995967,-0.0016129676572538669,-0.0012470965143428667,-0.0020681146159972665,-0.0023183552309869668,-0.002721407270369767,-0.0021653812761722666,-0.0016531309398642665,-0.0011303062399253669,-0.0014852430387228665,-0.0013443950078031667,-0.0011229865244314666,-0.0005195722804692668,0.0016573488040460332,0.0011482921969238333,-0.00032600028565126665,-0.00047212532629736684,-0.0004835136768582668,-0.0008252605358331667,-0.0008206877865371668,0.0005606415340974332,0.0008573585669918333,-8.453104166606675e-05,-0.0027466727988160666,0.0037396241636806337,0.007129492637416433,0.006443922989519233
2362,-0.00026062730200044986,-0.00118296141931475,-0.0016449669681916498,-0.0017158041251603498,-0.0016539553021289496,-0.00123071887363795,-0.0019799728058844494,-0.00226175053027655,-0.00266708447302595,-0.0021082287373212494,-0.0015880459008864496,-0.00107825069113175,-0.0014324251934891496,-0.0013023824212741498,-0.0010141317452345498,-0.00042415374942054974,0.00183357180961155,0.0013203104154958503,-0.00023241770312274986,-0.0003458233794714498,-0.0003542779239464498,-0.0006784943459937497,-0.0006772954912854497,0.0007101078598368502,0.001004234208271588,4.576487331915018e-05,-0.0026315528523733495,0.0037490271706129502,0.0071753578270208505,0.00645831511679615
2360,-0.00022292566142598344,-0.0011906023902114836,-0.0016303502905988835,-0.0016854078994729834,-0.0016601953118765833,-0.0012236276484818833,-0.0018960777040864835,-0.0021922729928046834,-0.0025994570640540835,-0.0020776954950703836,-0.0015442362278212836,-0.0010767270948145832,-0.0013821560638257835,-0.0012992285422659833,-0.0009599114531065833,-0.00037419603728898346,0.0018964494909009164,0.0014141857731420166,-0.00019737418592618336,-0.0003016918034971834,-0.0002717876124084833,-0.0005964327942576834,-0.0006170649756649834,0.0007353328473887847,0.0010296796310906165,6.157595367931664e-05,-0.0026088836811097834,0.0036882666235490166,0.007114538025547317,0.0063894815535859165
2358,-0.0002031829850752669,-0.0011710862769066667,-0.001618424949022467,-0.0016634243804729669,-0.001634734034103767,-0.001227449639812467,-0.0018599754983100669,-0.002159790341860867,-0.002563082404408267,-0.002085395340708467,-0.0015521450752931669,-0.0011071560370227668,-0.001348630168268167,-0.001326268571067867,-0.000978654971678567,-0.00039243516590146683,0.0018230933321238332,0.0013783941112178331,-0.0002274942859018668,-0.0003527788520230669,-0.0002892740905581668,-0.0005923818439665669,-0.0006574314775565668,0.0006323470211052331,0.0009409135913458331,-1.633397823486691e-05,-0.0026321606803822667,0.003628457003011033,0.006984828629364233,0.006290852625581133
2356,-0.0002195055068869667,-0.001132371019113567,-0.001580543062784967,-0.0016349181660943667,-0.0015848580594471668,-0.0012516161291841667,-0.0018981988597154668,-0.002178699029701567,-0.0025737582193612668,-0.002117791647196967,-0.0016171511747145666,-0.0011736233300584668,-0.0013871010002458669,-0.0014013122709896667,-0.0010837461958853668,-0.0005151538157285669,0.0015529035027971331,0.0011438312121623334,-0.00035975411129196663,-0.0005091342837938667,-0.0004517531261155666,-0.0007056640996889669,-0.0008043357419520666,0.00039339670079123327,0.0007178253806084333,-0.00016340495022936657,-0.0027178147497965667,0.0035240089068088332,0.006775630813638333,0.006152195814327033
2354,-0.00027078810089671643,-0.0010834126780442164,-0.0015000610162197166,-0.0015758243604962162,-0.0015182892223738163,-0.0012848539551432166,-0.0019720959162344166,-0.002211209997081116,-0.0025884848493995163,-0.0021429691046293163,-0.0016925854940785163,-0.0012700236275928162,-0.0015073830483296165,-0.0015114027622664165,-0.0012502036669414162,-0.0007321895162005162,0.0010982523888270837,0.0007299457062297837,-0.0005972367576342163,-0.0007416207155908163,-0.0007234931736171163,-0.0009427588397167164,-0.0010367367528841165,3.1665321697183814e-05,0.0003501445229873836,-0.0003908573224852166,-0.0029160734450834162,0.0033073717523684834,0.006481009529237284,0.005948375378030684
2352,-0.00034039183187511654,-0.0010448005220580166,-0.0014140349071474166,-0.0015076559218985166,-0.0014596993362651167,-0.0013226967711502168,-0.0020246693087935166,-0.0022304914279165167,-0.002572571430781317,-0.0021484009102234166,-0.0017407531085769166,-0.0013619261608024166,-0.0016386228151093168,-0.0016041477175041164,-0.0014067561215449166,-0.0009500381859394167,0.0006366639456210834,0.00030327611060508336,-0.0008402290349096167,-0.0009556822492014165,-0.0009795127901478164,-0.0012004795404277166,-0.0012616984599744167,-0.00033982379266511644,-5.131300329961675e-05,-0.0006513483342341167,-0.0031663018823168167,0.0030754444931030836,0.006224140900979283,0.005766582519244183
2350,-0.0003927732293169499,-0.0010345780785025495,-0.0013757422739837499,-0.0014720046499470496,-0.0014398135956627499,-0.0013909645898677499,-0.0020644297285502496,-0.0022613283300816495,-0.00256022492151915,-0.0021634186468738495,-0.0017887195905034498,-0.0014349867214484497,-0.0017286073236289497,-0.0016669419243765496,-0.0015134056616911496,-0.0010812995381732499,0.0003524612019195504,3.069179337835022e-05,-0.0009843023060214498,-0.0010816204434437498,-0.0011295192366018495,-0.0013691287291641495,-0.0013952335480300498,-0.0005858482869646499,-0.00032638510440344964,-0.0008477173111995496,-0.0033550095294343496,0.0029737263301190505,0.0061453674527521505,0.00571491182741305
2348,-0.00039546453950703333,-0.0010500996298869333,-0.0014041142771545332,-0.001480946280444733,-0.0014653848313762334,-0.0015015351029950333,-0.002137472878279833,-0.0023313500088930333,-0.002602397516987833,-0.002218438800538033,-0.001871082444363933,-0.0015005093166327334,-0.0017838711689953334,-0.0017302511871247334,-0.0015801266825057334,-0.0011041639189881332,0.0003000646288708667,-3.188615951723326e-05,-0.0010084208877100332,-0.0011194427605451332,-0.0011675076776933334,-0.0014205171580482332,-0.001428749675689733,-0.0006459329747815334,-0.0003927514858680333,-0.0009245344634948333,-0.003435507447411234,0.003024167331627267,0.006251769158799767,0.0057960095583694665
2346,-0.0003543753298416337,-0.0010747485137727335,-0.0014815063784588338,-0.0015161383211310339,-0.0015106883325597337,-0.001612513153612234,-0.002251913562521934,-0.002422949847098034,-0.0026992141660743337,-0.0023005546666950336,-0.001961601734451334,-0.0015554996167426336,-0.0018164650025306339,-0.0017997795717571339,-0.0016138808104888339,-0.0010379350076282338,0.0004308930027289663,8.160256580316632e-05,-0.0009495364466212338,-0.0010947238814421338,-0.0011216315581728336,-0.0013733011037175336,-0.0013965083452776336,-0.0005342305918783337,-0.0002679331687018337,-0.0008914143379317336,-0.003422017646370434,0.0031485414289141663,0.006438993153226867,0.005937456875763966
2344,-0.00031915885128751677,-0.0010913948537989169,-0.0015684275019289169,-0.0015498457723744168,-0.0015368039821772167,-0.0016577095559119168,-0.002356279290618117,-0.002486498386599817,-0.0027935151730636167,-0.0023595121239377167,-0.0019924432443504166,-0.0015783637790410168,-0.0018172705686876167,-0.0018346795931015168,-0.0016034687693570167,-0.0009329995788762168,0.0006322337475659831,0.0002632661786048342,-0.0008698443031926169,-0.0010367365493879168,-0.0010379758924462168,-0.0012667835137894169,-0.0013443706120884167,-0.0003430951099207168,-7.08094527156168e-05,-0.0008106304331500168,-0.003360617956817017,0.0032537879260037834,0.006580484245703783,0.006065630961566983
2342,-0.0003239936919714168,-0.0010890876236585168,-0.0016200440123862168,-0.0015585524503474169,-0.0015320788646976168,-0.0016353527702398169,-0.002400453977487217,-0.002504636711663317,-0.002836393623639317,-0.0023710752828086166,-0.001959609224054717,-0.0015760171184659169,-0.0017957197341568168,-0.0018189856304517168,-0.0015698346749046168,-0.0008782044305928169,0.0007572904851198832,0.0003546166343868832,-0.0008450250438568167,-0.0010023364423732168,-0.0010009183423669169,-0.0011842682564228168,-0.0013341003754701168,-0.00024134560592101683,1.1358188982683176e-05,-0.0007803167772261168,-0.003340648982530817,0.003273175097314283,0.0065996507458955835,0.0061237566430611835
2340,-0.00033640188774741676,-0.0010679541382055166,-0.0016142546291350165,-0.0015278084397718167,-0.0015255363614904167,-0.0016207247700986166,-0.002401614838984917,-0.002512835100670117,-0.0028475742565396167,-0.0023731875027349168,-0.0019513557827818167,-0.0015881438297308166,-0.0017969253612568168,-0.0018140975373573166,-0.0015732807016804167,-0.0009310895041918166,0.0007302149893588833,0.0002803845589307698,-0.0009079824744655168,-0.0010483062709042165,-0.0010725172158555167,-0.0012098779648170167,-0.0014085558639123166,-0.0003325419183007167,-0.00010232951093831671,-0.0008559915694111166,-0.003435097258807717,0.003185210059678783,0.006504339951885284,0.006071955456350184
2338,-0.0003247664345484999,-0.0010431127936628998,-0.0015691594280827998,-0.0014651247178268999,-0.0015393235636402998,-0.0016492907186582998,-0.0023969466741574,-0.0025269823752262,-0.0028573525834942,-0.0023963320299925,-0.0020039191195029,-0.0016111915137369,-0.0018290036325608998,-0.0018598147302314998,-0.0016199140183194999,-0.0010305813034785,0.0006203172101488001,0.00013845173342620006,-0.0009961993014846,-0.0011406493030833998,-0.0011887710876212,-0.0013169176644677,-0.0015204036510122999,-0.0005142580113042,-0.00027507459553569995,-0.0009745073422929,-0.0035771389106885,0.0030446882816726,0.0063749316639864,0.0059414869377614
2336,-0.0003260444168503833,-0.0010421321849844833,-0.0015280099742228832,-0.0014112252755575832,-0.0015598170177087835,-0.0016803206300483832,-0.0023805065456310834,-0.0025192238592448833,-0.0028415329695646832,-0.0024127105268507833,-0.0020393894491856834,-0.0015908596125935833,-0.0018324963274774834,-0.0018905756467824833,-0.0016334381902581834,-0.0010535873399913833,0.0005604499480018167,8.77978665579167e-05,-0.0010066624666880833,-0.0011630149824006833,-0.0012024571610432834,-0.0013784732850077833,-0.0015484325209722833,-0.0005805853434606457,-0.0003092153143237833,-0.0010036974709483834,-0.0035906996312460833,0.0029858057603957167,0.006331946887246817,0.0058672288693241165
2334,-0.0003869093856741166,-0.0010829024880009165,-0.0015224334791926167,-0.0014063043058057166,-0.0015642807418249165,-0.0016814187806760165,-0.0023320935443191166,-0.0024768598954566165,-0.0027690239038008165,-0.0023858396920224166,-0.001989116840689617,-0.0015136774358125164,-0.0017649533258645165,-0.0018249760730114166,-0.0015593517171969165,-0.0009579045095932291,0.0006106943544668833,0.00018222419217578346,-0.0009060279180212374,-0.0010552109843981166,-0.0010538821915122166,-0.0013151615559006166,-0.0014245388969018166,-0.0004477679062779166,-0.0001651492027144166,-0.0008812215181285464,-0.0033991028231615166,0.0031064539592138836,0.006444372927712284,0.005962830400498283
2332,-0.00048201380614344995,-0.0011440532572134499,-0.00153841398653155,-0.0014336663317962499,-0.00154818237066855,-0.0016664596318421501,-0.00226403291829415,-0.00242546072188455,-0.00266509921040805,-0.00232538291860865,-0.00189218940105955,-0.00144677405457655,-0.00167125133126985,-0.00169200854812855,-0.0014474223314682498,-0.0008363631288648499,0.0006971028905460501,0.00031910695995885003,-0.00077536978154295,-0.0009071957114579164,-0.0008601852283973499,-0.00119574939652745,-0.00123515406699675,-0.00024932270895464993,7.46338467350104e-07,-0.00070561416833335,-0.0031561775057025497,0.00331545393504905,0.00661346366501075,0.00614632975235325
2330,-0.0005450678835727833,-0.0011777847891593833,-0.0015309462597384834,-0.0014364202340132835,-0.0015215432728740833,-0.0016482611381244835,-0.0022056873901041833,-0.0023847336280147834,-0.002582461578422783,-0.0022673282110959835,-0.0018296756874932834,-0.0014551850633919834,-0.0016277138836764834,-0.0016007290963786832,-0.0013887255910122833,-0.0008086153293552833,0.0006924170747670167,0.0003513049700878167,-0.0007245890766162833,-0.0008595346256197617,-0.0007862827913567834,-0.0011492719353428833,-0.0011378531602778833,-0.0001814318242155834,1.665132207611666e-05,-0.0006431468537124833,-0.0030798222370378835,0.0034050325772820166,0.006646055543540516,0.006211762439358016
2328,-0.00054955047954555,-0.00115810993093625,-0.00147924111400755,-0.00139885877103745,-0.0014969787355248502,-0.00161736338594425,-0.00216718454202565,-0.00234551135948425,-0.00253706354387185,-0.00222727528368705,-0.0018233027826299502,-0.00152332917819305,-0.00165166307488505,-0.00160832911674135,-0.00140954224138235,-0.00089432281764895,0.00054989062847825,0.00023247044764645,-0.0007825961742671783,-0.00094340562684305,-0.0008663910963958423,-0.00121311808659125,-0.00119054290811425,-0.00029633043778745,-0.00013398922369535005,-0.0007474360890967705,-0.00320491893781015,0.0032928360048507504,0.00648009105177695,0.00608273903105165
2326,-0.0005178369934214002,-0.0011017044900310002,-0.0014091532750935003,-0.0013681276312066002,-0.0014848302998973,-0.0015749762621095002,-0.0021359672568617,-0.0022954928785938002,-0.0025021542641827004,-0.0021922773524919,-0.0018379456567003002,-0.0015812382549761001,-0.0016998216083651,-0.0016709626691249002,-0.0014657328504434001,-0.0010170511880981002,0.00033861910044879974,4.3004637540999834e-05,-0.0008907162444003002,-0.0010721110948805,-0.0009986145194043,-0.0013153670018500002,-0.0013148062152901002,-0.0004892962242296001,-0.0003389001202735002,-0.0009185805865051001,-0.0033856494954461,0.0030954717415163,0.0062511547908926,0.0058816526896498
2324,-0.00048130812253307,-0.0010429612332775492,-0.00135717131547807,-0.0013822754333577699,-0.00148521257055637,-0.00154019014469467,-0.0020922214424972697,-0.00223506775975777,-0.00244811150440747,-0.0021420681682452697,-0.0018392886629169701,-0.0015785284759806699,-0.00172659974826497,-0.00171095948399287,-0.00150956115318997,-0.00110061632665697,0.00015923220062182995,-0.00010924959779737005,-0.0009788468863924445,-0.00116102076534897,-0.00108253073203537,-0.00137717899317687,-0.00141133393090477,-0.00064765282395427,-0.0005002448218310699,-0.0010372929816851342,-0.00349327934913707,0.00295578114651963,0.00611428805854183,0.00574892867520283
2322,-0.0004676406785847167,-0.0010056738383280167,-0.0013315088999984166,-0.0014123220812251166,-0.0014837775320478165,-0.0015181845654846167,-0.0020266095791748166,-0.0021694569896143164,-0.0023734268855353166,-0.0020725302091817166,-0.0018178275666896476,-0.0015196157100483166,-0.0017173467322452248,-0.0016982794698954167,-0.0015278833082974165,-0.0011323602931104166,4.868561040018344e-05,-0.00019496504914191652,-0.0010260283413979165,-0.0012038390054835166,-0.0011153037135973164,-0.0013884709828972165,-0.0014616337451113166,-0.0007563990631326166,-0.0006092411082540166,-0.0010890773417890167,-0.0035246093875986166,0.0028878020028228835,0.0060811351320951825,0.005700923030184083
2320,-0.0005013794164455002,-0.0009998931107568004,-0.0013178789826685004,-0.0014014073636383004,-0.0014670892068322002,-0.0014951888555689004,-0.0019590800185334003,-0.0021129641297074004,-0.0023064587102509006,-0.0020091091593856004,-0.0017801793335906002,-0.0014525740393258003,-0.0016829826496455003,-0.0016678374332375003,-0.0015303637506933004,-0.0011462476862149002,-2.9917035308600192e-05,-0.00026794446716590014,-0.0010591494918818004,-0.0012367665046181004,-0.0011564470171310003,-0.0013926080194815002,-0.0015078576829681003,-0.0008610459066172001,-0.0007018437776874003,-0.0011374746582309002,-0.0035340873895633004,0.0028251631286034,0.0060703979104741995,0.0056876480803413
2318,-0.0005752924671463336,-0.0010246842780486337,-0.0013094038149651338,-0.0013449515372936337,-0.0014440449975069336,-0.001469162130954934,-0.0019298658029468338,-0.002092745253633234,-0.0022768389304308337,-0.0019862544955436337,-0.0017385475605115337,-0.0014293747919000336,-0.0016463231739758338,-0.0016686922799555338,-0.0015281443137201338,-0.0011712842865063337,-0.00012310503616123382,-0.0003739612954441339,-0.0011116042531928339,-0.0012731493825839336,-0.0012331250061382339,-0.0014258982062171337,-0.0015690707521861338,-0.000975422454264234,-0.0007928281121636336,-0.0012104098452424337,-0.0035422173864947224,0.002756002519763866,0.0060549733974426655,0.005698377094960667
2316,-0.0006447104397151503,-0.0010662708074183503,-0.0013138807914107506,-0.0012909356753444505,-0.0014364851427769504,-0.0014542132489924506,-0.0019462918653903503,-0.00211311304869615,-0.0022760342475641503,-0.0019963332630926504,-0.0016962605348309506,-0.0014522698252216505,-0.0016244230167694503,-0.0016953786404453504,-0.0015212289639376505,-0.0012026288995586505,-0.00022966603109725054,-0.0004819945198603504,-0.0011809825545476505,-0.0012941030621484505,-0.0013056934195692506,-0.0014745212306917503,-0.0016104984885626505,-0.0010613784794998504,-0.0008681753784305505,-0.0012604722690186506,-0.0035323445489467507,0.0027402599742419494,0.00608421034742805,0.00575228285666565
2314,-0.0006857688070714503,-0.0011069891837622498,-0.0013345799557628497,-0.00126571079216345,-0.0014470788478991498,-0.00145372324128105,-0.00196385081914935,-0.00213119004875425,-0.00226397137191355,-0.00198893695140775,-0.0016430388571722497,-0.0014712605057878498,-0.00161681243773915,-0.00169226303738905,-0.00149843117145165,-0.00122177147351645,-0.00031743734244195007,-0.0005384139229434497,-0.00123194596146855,-0.00128451715103735,-0.0013248133396056498,-0.00149117068694295,-0.0015948886755023498,-0.0010894556148202499,-0.00091447436368375,-0.0012455942609182497,-0.00349160222527995,0.00281260118414905,0.00617835930340905,0.00584012758665915
2312,-0.0007247193657758007,-0.0011392507693145006,-0.0013596801243434004,-0.0012524946000193006,-0.0014542292608015006,-0.0014628013784882005,-0.0019432797638838008,-0.002103080703994201,-0.0022211601001249004,-0.0019383959900942,-0.0015811329113018004,-0.0014496581797110008,-0.0016173288324739,-0.0016333367096977008,-0.0014571147907199008,-0.0012328078612497007,-0.0003770658879622005,-0.0005561649342505004,-0.0012450466580253006,-0.0012538203057932008,-0.0012926931617382002,-0.0014536526861154003,-0.0015344035176191005,-0.0010808457197010006,-0.0009353464169498003,-0.0011971312681354008,-0.0034283615547416003,0.0029320723328423995,0.0062832584909022,0.0059303741202545
2310,-0.0007824122422295157,-0.0011644351917392166,-0.0013697355330947163,-0.001236014323727717,-0.0014404584693484164,-0.0014909078039538164,-0.001902161328390016,-0.002045572140817616,-0.0021760521172041166,-0.0018845649365324168,-0.0015464962931700165,-0.0014181667100616165,-0.001630751543480016,-0.001574974698602516,-0.0014255721913804167,-0.001268253141356316,-0.0004419567918095158,-0.0006110601676896157,-0.0012551727986127165,-0.0012335998075066155,-0.0012668549136715165,-0.001408792588886116,-0.0014901528324095161,-0.0010932244078037164,-0.0009588894217346169,-0.0011931397224383168,-0.0033810087324501166,0.003011909135771783,0.006326364552904884,0.005993055760139584
2308,-0.0008262174288848657,-0.0011808609599240662,-0.0013531179458586666,-0.0012254977676221662,-0.0014139747054165656,-0.0015449342596618662,-0.0018814172295569653,-0.0020153388834929665,-0.002163589333992867,-0.001878804218946966,-0.0015721311759551663,-0.0014389371777306665,-0.0016607988489305663,-0.0015966635426626664,-0.001443660362108766,-0.0013522720488824656,-0.0005527095570831662,-0.0007498552242515659,-0.0013198021644007657,-0.0012605724604461653,-0.0013061725377093662,-0.0014370772157099657,-0.001520914182435766,-0.0011735940836876662,-0.001032637438027867,-0.0012798590367250652,-0.0034001461697174655,0.002987887061533233,0.006284487805816934,0.005999668807706334
2306,-0.0008195939028332183,-0.0011836297285318167,-0.0013175234046493185,-0.0012286433665005154,-0.0013965067720021172,-0.001598952732759916,-0.0018782204498773176,-0.0020267134255324178,-0.0021716052282176167,-0.0019113116551057168,-0.0016378004121210162,-0.0015203820162041186,-0.0016881165727645163,-0.001697083947640718,-0.0015150229271775166,-0.001464043409685617,-0.0007104867478625182,-0.0009363601806159152,-0.0014449370382194175,-0.001345651147316218,-0.0014133516373878163,-0.0015595941001728154,-0.0016268214312223153,-0.0013197269272157176,-0.0011834679920579155,-0.0014312902278515172,-0.003482788349849216,0.0028783165180315817,0.0062006501973616845,0.005945897174516983
2304,-0.0007885204372097832,-0.001177221062682983,-0.001287034458196782,-0.0012349275586570826,-0.001400829632472081,-0.0016200063044569807,-0.0018569132296883811,-0.002037621197671282,-0.0021580699658093824,-0.001932855111033284,-0.001689535174459883,-0.0016067029796877838,-0.0016863542702110837,-0.0017938404628555817,-0.0016004113041002827,-0.001553736737913182,-0.0008785701601529833,-0.0011012681391190833,-0.0015743585738628822,-0.001456910983021982,-0.0015381317222172806,-0.001708912802925483,-0.001749866086874781,-0.0014874283858100808,-0.0013771356637638822,-0.0015842084822344817,-0.003546145109351584,0.0027789262965328167,0.006152343759155618,0.005888533149218719
2302,-0.00079051839662235,-0.0011737534753464493,-0.0012803698179601475,-0.0012361972612756483,-0.0014249854127143455,-0.0016184862940452453,-0.0018128314264762475,-0.002014296603849948,-0.0021061466403526456,-0.0019245781671406482,-0.0017014437412168452,-0.0016481220767335485,-0.0016606224629274469,-0.0018216897945574455,-0.001661936491557648,-0.0015953023299954475,-0.001023335522475348,-0.0012133416465795466,-0.0016591972596208468,-0.0015445764411260478,-0.0016308378735038452,-0.0018040918923924454,-0.0018319862674767463,-0.001633275142002448,-0.0015404173361577463,-0.0016998751710241462,-0.003514724828423247,0.002776003566098653,0.006189686422834552,0.0059058243639189545
2300,-0.0008309282390826511,-0.0011694633151157555,-0.0012848587980817533,-0.001242753725592953,-0.0014611859326481569,-0.001636406270522854,-0.0017812824746215525,-0.0019678105887505556,-0.0020352449326989513,-0.0019035354514733566,-0.0016899292695172555,-0.0016494607348357532,-0.0016439397527966554,-0.0017971661387578552,-0.0016986540427097532,-0.0016130444729108573,-0.001144236092249451,-0.0012922764625428532,-0.0017133597176347548,-0.0015947479954936533,-0.0016889319609298542,-0.0018395054343176565,-0.001874459035494755,-0.0017548599731200543,-0.0016452198629635512,-0.0017947011975843544,-0.0034299002002427526,0.0028447707115494478,0.0062747389504186485,0.005989190010521249
2298,-0.0008592575428202701,-0.0011344189993655676,-0.0012606319698803686,-0.0012635558167185673,-0.0015056967557498663,-0.0016851756956600683,-0.0017825642077015647,-0.0019156392843539677,-0.00196400858743237,-0.001870723883554068,-0.0016704807663809676,-0.001641970136329364,-0.0016491570751536663,-0.001771728231587666,-0.0017307410296121678,-0.001647833673212265,-0.0012606897710225676,-0.0013724930635635665,-0.001777231961224368,-0.0016462534145728694,-0.001748113469768768,-0.0018741206307955685,-0.0019300300674041648,-0.0018832466228948658,-0.0017489765055633683,-0.0019088973244399676,-0.003416555797887466,0.002861785531628039,0.006296779164927338,0.00602356108453464
2296,-0.0008432514536560465,-0.001040289100496139,-0.0011785421613896424,-0.0012814830532677374,-0.0015575504296893444,-0.0017346529629441443,-0.0017973290308059414,-0.0018508532650457488,-0.0018957326569843391,-0.001809239561802345,-0.0016445385771848425,-0.0016414066475244488,-0.00165413511093504,-0.0017629626301081391,-0.0017695925295971443,-0.0017123715291139374,-0.0013823634226478448,-0.0014782080312732426,-0.0018496990183091422,-0.001741689964244647,-0.0018371222514390467,-0.0019514120900510495,-0.002037385399834446,-0.00203540752118285,-0.001923708229906243,-0.002051273640484838,-0.003547142286681848,0.002727332534604457,0.006159395628841158,0.005901116198498951
2294,-0.000798567140236281,-0.0008999618850729779,-0.0010534491166426796,-0.0012635874525680768,-0.001605959175835281,-0.0017649395727284828,-0.0018009612258293867,-0.0017786260464889847,-0.00184371839475779,-0.001740771609050784,-0.0016380941096277857,-0.0016521245622275887,-0.0016461629627794877,-0.0017669844168819865,-0.0018186282558687872,-0.0017897493024947864,-0.0015055485994068807,-0.0016168740791617786,-0.0018952313088614892,-0.0018712511480877825,-0.001952150490596577,-0.0020657171752221787,-0.0021783865025449822,-0.0021893564702126778,-0.0021549819560049838,-0.002187759574203585,-0.0037844466789306863,0.002457126255933112,0.005854346379141714,0.00562152477035531
2292,-0.0007443685383239362,-0.0007681886414692279,-0.0009359243954452229,-0.0011987168259076225,-0.0016247097075057226,-0.0017813969538533342,-0.0017851305454684302,-0.0017390976985084267,-0.0018294734398947299,-0.0017169525581800238,-0.0016893925504279234,-0.0016754131804852246,-0.0016458113067367303,-0.0017961765377576266,-0.001874998494233629,-0.0018568028089950284,-0.0016213157974347275,-0.0017591074834692327,-0.0019047810644056279,-0.0019767387479833337,-0.0020602006280617258,-0.0021879815175159245,-0.0022975077234391322,-0.0023067995896333265,-0.002339190105883432,-0.0022781373308878305,-0.0040456121255556254,0.0021573484645141666,0.005470113841544874,0.005271908108651774
2290,-0.0006834426396145898,-0.0006918572780923865,-0.0008684487255482959,-0.0011142464253543899,-0.001592570914616398,-0.0017718048432775885,-0.0017450478507820971,-0.0017540147093836889,-0.0018460284965587936,-0.0017351145837381926,-0.0017701939036136871,-0.0016952028873891967,-0.0016660944341185951,-0.0018508339682982988,-0.0019159729224009908,-0.0018949842195348926,-0.001706230841407197,-0.001842507136196686,-0.0019044380637377872,-0.0020174643657385888,-0.0021175483169824927,-0.0022833807300851883,-0.0023500233818354865,-0.0023611813569591883,-0.0023952053685521862,-0.00230388395987359,-0.004268640255938885,0.0019310078752615145,0.005139422937473714,0.004950565983226102
2288,-0.0006385162643943315,-0.0006816544810173408,-0.0008595508715008443,-0.0010501114507993348,-0.0015174297942143339,-0.001714967539900844,-0.0016934556951935381,-0.0018006038604131414,-0.0018708699586417327,-0.001743474301845932,-0.0017988020384137327,-0.0016929100589101326,-0.0016921913860445392,-0.0018921408026627423,-0.00191568582738684,-0.0018959993647703344,-0.0017273809855083422,-0.0018349228130991324,-0.001914711443825337,-0.0020075273330981414,-0.0020965035995604425,-0.0023116515734945414,-0.002323565434741437,-0.002344179479564043,-0.0023381305160323357,-0.0022668309199527364,-0.0044038560556314416,0.0018348432063490655,0.00497542826509606,0.0047472628619261575
2286,-0.0006468981835729623,-0.0007309108674017628,-0.0008909141092815626,-0.0010244148504821651,-0.0014312172343105625,-0.0016381636613947634,-0.0016761984341205627,-0.001859118008441768,-0.0019068992580436664,-0.0017346400571435633,-0.0017506594043637663,-0.001680601150636167,-0.0017148558505479666,-0.0018852271280654642,-0.0018789257740946669,-0.001870805445662066,-0.0016788975460354655,-0.0017727708019513663,-0.0019343532492246684,-0.0019801023809039656,-0.0020103415562363683,-0.002253328882763063,-0.0022315344472957632,-0.002267771898655964,-0.002238089872884569,-0.0021877832659660673,-0.0044164243856030655,0.0018742677195041357,0.005010626125119634,0.004724355245049036
2284,-0.0007063270089207319,-0.0008267793697303363,-0.0009344234203528326,-0.001023878765242632,-0.0013592735469604364,-0.0015999408799734355,-0.0017205884229023333,-0.0019352975717773363,-0.001965381514501832,-0.0017562098521738331,-0.0016933502576809353,-0.0016834993527858333,-0.001738836198036331,-0.001845290751220835,-0.0018356913792064306,-0.0018379248047430338,-0.0015947795021732311,-0.0017070146439754352,-0.0019505926912730329,-0.0019435094677426323,-0.0019076542079600328,-0.002138316180740535,-0.002105764355284534,-0.0021627480416811368,-0.002148226442618334,-0.0021060813265363354,-0.004330009909846937,0.0019964055674290687,0.005163278268127763,0.004850682111206969
2282,-0.000773904144816949,-0.0009427801848487516,-0.0009755223724687498,-0.0010254215712059492,-0.0013019992327334487,-0.001611233428293047,-0.0017833758704321467,-0.0020187957594796496,-0.002022917520082549,-0.001822828157342249,-0.00169506233209955,-0.0016954412084672493,-0.0017504926217719492,-0.0018170220955886496,-0.0018034958676579477,-0.00179661621490455,-0.0015108778220979495,-0.0016383132753988484,-0.0019425423228465466,-0.0018831622639168474,-0.0018281174144368466,-0.0020204299550300488,-0.001985135946795249,-0.0020590625181291476,-0.002080461286009947,-0.002054832889790848,-0.004205882882237649,0.002131509735564155,0.005311676845876849,0.005019627506073855
2280,-0.0008226323007327653,-0.001039722754710766,-0.001026782660372167,-0.001024588152983466,-0.001251592138885066,-0.0016278120990378675,-0.0017981452715568648,-0.002059034453173566,-0.002032867343516865,-0.0018835058120723648,-0.0017434664641823652,-0.0016891013795532657,-0.0017180281372544681,-0.0018248670761523665,-0.0017795013836997657,-0.0017312145809896679,-0.0014365829953134658,-0.001545022510003765,-0.0018895358150676674,-0.001793200377468867,-0.001771184541208965,-0.0019295294726662665,-0.0018999236511633676,-0.001968496379941266,-0.0020277577667409674,-0.002029493321416765,-0.004069298508246368,0.0022574968129383324,0.00541165815458363,0.00516531800768423
2278,-0.0008593778671847491,-0.0010872028558377503,-0.0011057579235411522,-0.0010359566840308504,-0.0012127054487060494,-0.001619967647155749,-0.0017629018715765513,-0.0020151418748016493,-0.00198034725663665,-0.001895666736638952,-0.0017720377735486494,-0.0016649786361859521,-0.0016389895937164514,-0.0018579443925179524,-0.001763950875674651,-0.0016479559314595514,-0.0013736056705926508,-0.001446157431795752,-0.0018002826211981522,-0.0016917150902278494,-0.0017146590696135514,-0.0018650418133874525,-0.0018600659622691508,-0.0018906529377377516,-0.0019825986773861493,-0.0019902493974658514,-0.003908191001814651,0.0023880916983375494,0.005499828778921849,0.005301000779300548
2276,-0.0008872885900551644,-0.001090808955747563,-0.0011976416958037646,-0.001065501905442065,-0.0011945900865502623,-0.001600734060001864,-0.0017287110337363652,-0.0019131475139945626,-0.001896022058107464,-0.0018812666514803657,-0.0017387558850848646,-0.0016451309592146642,-0.0015513941566608624,-0.0018865931426059641,-0.0017582038243940633,-0.0015791589684976647,-0.0013316930494357629,-0.0013765604416424645,-0.0017165879614143634,-0.0016008273535541642,-0.0016487946941929656,-0.001818854062372765,-0.0018474578550809646,-0.001824146152408463,-0.001930014120130663,-0.0019021496015233647,-0.0037327195220962645,0.0025090680344757345,0.005596755508587636,0.005435831233598837
2274,-0.0008948205042595657,-0.0010847815296879636,-0.0012623427052116665,-0.0010955040904418664,-0.0011966923640797655,-0.0015827897930656663,-0.0017106078831567659,-0.0018184068476009667,-0.0018172419038390668,-0.001872457151956164,-0.001659757845673765,-0.0016202888077589649,-0.0014792523806437669,-0.0018799614774925658,-0.001739903830656666,-0.0015403211466866636,-0.0013052852203910663,-0.0013145497721800646,-0.0016658434646954663,-0.0015259207534245658,-0.0015822745128786647,-0.001782113954652765,-0.0018253901829754643,-0.0017685860178935642,-0.0018449101172716663,-0.0017724511240131656,-0.003577308955771165,0.002584898341689835,0.0056820234062882335,0.005534141193680835
2272,-0.0008882055174921528,-0.0010946964622712517,-0.0012794813260105509,-0.001107269763028551,-0.001218128805593053,-0.0015646023489184514,-0.0016835955418068524,-0.0017726262212662512,-0.0017762562759527506,-0.001853753827063452,-0.0015852316153342517,-0.0015648883949629516,-0.0014168774621909526,-0.001822822617450353,-0.0016829783120510533,-0.0015145722731107515,-0.0012629867473674533,-0.0012125214596688527,-0.0016365935270782513,-0.0014684932522268518,-0.001529073502814851,-0.0017407058688335524,-0.0017679868500592513,-0.0017288887193749533,-0.001719431494261351,-0.0016557408158713524,-0.0034573980391044527,0.002624266185724849,0.00576428719848595,0.005587781874395549
2270,-0.0008960771746803452,-0.0011230549928536483,-0.0012677009349667465,-0.0011068897998005485,-0.001266568520176748,-0.0015584937875288453,-0.0016553930808620478,-0.0017738830281686484,-0.0018049033725965474,-0.0017974475647652456,-0.001553086846352747,-0.0014980339511105473,-0.0013721450460383484,-0.0017278333585731484,-0.0015994970224538461,-0.0014833456291480467,-0.0011824181128606455,-0.001089785587864548,-0.0016055588007821454,-0.0014294702729623458,-0.001495545867339347,-0.0016807943149422452,-0.001678300658628746,-0.001711621656085547,-0.0015814939479770473,-0.0016142399184860476,-0.0033592855770897476,0.0026887515467884544,0.005894909361726156,0.005660291422478054
2268,-0.0009342480509893676,-0.0011733345458599664,-0.0012613216785217658,-0.0011191566163621658,-0.001341667594438968,-0.0015674414674272663,-0.0016612391231572675,-0.0017895612517308673,-0.0018899004468945664,-0.0017140478378072678,-0.001541741661812368,-0.0014614545140655653,-0.0013630939708564674,-0.0016186816113119666,-0.0015171793569001661,-0.0014426937746753674,-0.0010721383241659652,-0.001015234170531367,-0.0015566395050529667,-0.0013826259607752668,-0.0014646911239481648,-0.0015927634358302648,-0.001572604688991567,-0.0016997713514488658,-0.0014590953130192673,-0.001643674985711767,-0.0032349377934868667,0.002847425001469235,0.006110086657293935,0.005829728486172234
2266,-0.001005216142791962,-0.001271574496773266,-0.0012888963316961613,-0.0011637471067531616,-0.001424242858144062,-0.0015427447732732635,-0.0016869351220771614,-0.0017821796446760643,-0.0019468946978032642,-0.0016271332513464673,-0.0014831524335881668,-0.0014398467929594636,-0.0013648088726808671,-0.001502740251080166,-0.001425478252246766,-0.0013830492294733612,-0.000944822150571463,-0.0009960528831145649,-0.0014717969941729636,-0.0012875627370572615,-0.001398480490345265,-0.0014700649395347626,-0.001458198430265463,-0.0016466592425279647,-0.001344500228639467,-0.0016533744304924672,-0.0029702475671755657,0.0031712476568340336,0.006439814093181936,0.0061536769361586335
2264,-0.0011303535604150206,-0.001439734144281321,-0.001374818404829621,-0.0012507888937611233,-0.001499453059058721,-0.0014478499178306181,-0.0016873485640179209,-0.0017447264662672213,-0.0019022141185806238,-0.0015418373953168182,-0.0013537889386259216,-0.001384374847236823,-0.0013273359209413221,-0.0013916967183251194,-0.001307618876168322,-0.0012930224770266244,-0.0008088444849033219,-0.0009713430441472201,-0.0013451161544557194,-0.0011554132429645245,-0.001280177412235621,-0.0013258650502893238,-0.0013472691562884179,-0.0015236363426245209,-0.0012296792185682234,-0.0015574047253064244,-0.0024343935358278196,0.0037310269397910767,0.006953707504923176,0.006695148062345779
2262,-0.0013267553277050426,-0.0016459974314803477,-0.0015169748817812495,-0.0013822918567749365,-0.0015814102349793469,-0.0013613852741179433,-0.0016795936891434438,-0.0017134216767245442,-0.0017872675671693483,-0.0014644664858409484,-0.0012288826078764442,-0.0013076361412683452,-0.0012581889377789451,-0.0013261940747755496,-0.0012127940028329454,-0.001197022383062643,-0.0007054540065478399,-0.0009196868544722459,-0.0012141798731656467,-0.0010636129434925395,-0.0011511440626856412,-0.0012084337651943472,-0.0012762648128453458,-0.0013704030043432402,-0.0011470231268307374,-0.0013767581770738474,-0.00166260257171795,0.004480942490944356,0.007659093905158357,0.007453429732720951
2260,-0.00154694112166609,-0.0018013185472791904,-0.0016467620853765907,-0.0015391844024309903,-0.0016955399961833956,-0.0014055764859005893,-0.0017123803608481009,-0.0017007856742558003,-0.0016747441271235952,-0.001391667408783992,-0.0011815974766073989,-0.0012537914114258003,-0.0012127399803171929,-0.0013114077033180987,-0.0012021411824334888,-0.0011374914783914974,-0.0006992463971590007,-0.0008788458327913945,-0.001116409954785097,-0.0010529422289896895,-0.0010638164204929967,-0.0011510551718021955,-0.0012611484572594978,-0.0012493389312652897,-0.0011161829063166956,-0.0012044134855363903,-0.0009318058459156925,0.005166985449091208,0.008340663805692206,0.008229746152936201
2258,-0.001681330993790836,-0.0018092859144638318,-0.0016445465866138376,-0.0016734096317118363,-0.0018341852507088308,-0.0015322866363918497,-0.0016943005387258514,-0.0015877981990648493,-0.0014923279561008251,-0.0012295237164888506,-0.0011198752913608445,-0.0011402367918598444,-0.0011468720888198336,-0.0012179564212008442,-0.00119260557583184,-0.0010770851912688395,-0.0007781158708588254,-0.0008181882555388376,-0.0009749265952238295,-0.001016855174157838,-0.0009730888726038334,-0.001077177667774848,-0.001211920141769851,-0.0011211993648218288,-0.0010422063550698524,-0.0010446896457028398,-0.0005470446433468446,0.005454049813008149,0.008612025112004151,0.008642758377289173
2256,-0.0016194560240851419,-0.0016133227633291503,-0.0014392233088161566,-0.0017158194775341584,-0.0019356995576411407,-0.001439171207350154,-0.0013258389354531552,-0.0011110814513341505,-0.0009778137619501637,-0.0007654705260971562,-0.0007827829178791434,-0.0007178958855611484,-0.0008255653259811591,-0.000800851502779143,-0.0009155727395181446,-0.0008316166475241527,-0.0007474511280091412,-0.0005522727618591516,-0.000574283872607162,-0.0007262647557211566,-0.000693745851578137,-0.0007819010839131557,-0.0009099402807881407,-0.0007946194070231616,-0.000702969044354157,-0.0007293462818191432,-0.0005768117632851399,0.005166608467073841,0.008184330626577863,0.008323521131405859
2254,-0.0013537914640543436,-0.0012651170160283276,-0.0011374504114133321,-0.0016293283243963286,-0.001916983161817376,-0.0009114992272503675,-0.0004993935256213389,-0.00022520271456133445,-8.617597897436768e-05,2.3043831686719862e-06,-0.0001316796671013698,2.0417710627662622e-05,-0.0001536450007553758,-8.32965652413642e-05,-0.00029747369819838054,-0.0003097380821133755,-0.00039550608828636813,-2.939782986133288e-05,8.644463283563608e-05,-0.00017117323779436422,-0.0001886140745173681,-0.0002421772710493597,-0.0003259285610573426,-0.00022760962226037185,-0.00010531855248435695,-0.00021162527238732798,-0.0008557950130753667,0.0044864462748976375,0.007233942149503625,0.0073026703777096524
2252,-0.0010445470792843636,-0.0009506786242433618,-0.0009390393322243895,-0.0014557188067723659,-0.001753956676188384,-0.00032433385642738344,0.0002352133854036098,0.0004917611488676199,0.0006419436161326231,0.0005569565901896167,0.00031916817619559446,0.0004871161141196123,0.00038377184782062423,0.000370529410700593,0.00015181959637461384,0.00010371724615559907,5.329889210559102e-05,0.0003213381366405921,0.0004595342409526304,0.00016855666093962274,0.000114668597495593,7.698469036959699e-05,4.752400038959825e-05,0.00012006576177558959,0.000185965362541618,0.00011243711846858906,-0.0013515977717343808,0.0037426063448885993,0.006304875395138632,0.006143940518712643
2250,-0.0008764200733160088,-0.0008634402828819887,-0.000916951593008003,-0.0012485534723860048,-0.0015069959798960086,-4.057108523000674e-05,0.0004715059612460104,0.0006541832562939887,0.0008596012034099987,0.000632247266534991,0.0003390518077399929,0.0004348884066950054,0.00046523435798700996,0.00035515751460299394,0.00020333853056600515,0.0001621102043710132,0.0003352814378370095,0.00033664887089199236,0.00034633491550600803,0.0001556493319269936,8.457126381800073e-05,3.448823388199629e-05,3.2892236434989286e-05,8.314565324998857e-05,3.543350294799019e-05,0.00013282420082899593,-0.001968473485811001,0.003134899590099993,0.005748375053736987,0.005412361401487986
2248,-0.0008941875880866812,-0.0009864588027016785,-0.0009983789060836745,-0.0010604299163726738,-0.0012808574962556718,-9.708282656673006e-07,0.00033230696474231824,0.0004534582280783239,0.0006664711956743397,0.00040698897165133974,0.0001568106809873293,0.00017365333180333065,0.0002732522493893441,0.00015230268516533418,9.871913604733717e-05,2.331230420232755e-05,0.000441064181089329,0.00023922439508533566,8.549309172334318e-05,4.675094944434077e-05,-2.6620767532681278e-05,-9.45819821616678e-05,-0.00012507416708568142,-6.331863328065679e-05,-0.00016328527177766894,5.875312496333995e-05,-0.002449953027392676,0.002752331260085339,0.005548981979141332,0.005220312709500324
2246,-0.0009857399524068333,-0.0011236448357978268,-0.0010996913004998332,-0.0009412348322538067,-0.0011462956008458092,-0.00012786663724881353,-1.2686452133814363e-05,8.952171541418141e-05,0.00020557771416718218,2.169739820417904e-05,-0.00011123325882880786,-0.00013583878662282167,-1.2629224537819006e-05,-0.00011655083798581267,-7.436262424581619e-05,-0.00021694938052782553,0.00034554505728917606,6.713196824018053e-05,-0.00017686660792881614,-0.00013226437520383327,-0.00017550656323880864,-0.0002641766917898247,-0.00034517640619483037,-0.0002499821596098073,-0.0003199704147028304,-0.00011010998628882551,-0.0027687558258628064,0.002560723062796172,0.005516393317437168,0.0052966065218041924
2244,-0.001028548368262605,-0.0011579901983492097,-0.0012121398688433038,-0.0009141623900829066,-0.0011074806812640114,-0.00038564997724600814,-0.0004369812077550106,-0.0003364182206880145,-0.0003630447314530022,-0.0004209971304070109,-0.00042396607787600904,-0.0004826215060130118,-0.0003028741902540155,-0.000445045626641008,-0.0003204172390590121,-0.0004997281848640039,0.00010132817558299034,-0.00018897507977601313,-0.00045581096098000484,-0.00039601376474901473,-0.0003900358746440069,-0.0005126607571860065,-0.0005917507141220135,-0.0004943566533350124,-0.0005103105699060112,-0.00038174128024601184,-0.0029794592078202092,0.002535376360588995,0.0055696074748939894,0.005420321506801995
2242,-0.0010036489926997516,-0.0011214646185831456,-0.0013207861129259507,-0.0009537016090684497,-0.0011189027489868497,-0.0006596155693567446,-0.0008023852183580427,-0.0007202276758426496,-0.000845967451439944,-0.0007951807679793532,-0.0006886997083790508,-0.0007885691393286487,-0.000536439391031443,-0.0007530005736463424,-0.0005676810040130542,-0.0007316103491953468,-0.00014881488357594563,-0.0004281347177366446,-0.0007092814266423525,-0.0006301152824029488,-0.0006045795943327437,-0.0007645535179068436,-0.0007870966355153497,-0.0007312139466519457,-0.0007120137695356549,-0.0006369761787865524,-0.0030966814752081545,0.002631597400017352,0.005676886446200957,0.005518504082264147
2240,-0.0009827260502991014,-0.0011031133171837057,-0.0013741113379031056,-0.000997414640128605,-0.001133621040100903,-0.0007992616854132009,-0.001022268715338101,-0.000978305594606002,-0.0011222450531219036,-0.0010219952295319051,-0.0008288945577467066,-0.0009424975132634045,-0.000688416270898301,-0.0009275044941267005,-0.0007262154774560006,-0.000859749382127406,-0.00030965026813520313,-0.000547756980882004,-0.0008546838378634056,-0.000731423968984804,-0.000729029808360003,-0.0009129190889334005,-0.0009014170610093034,-0.0008911999466714032,-0.0008490537667822026,-0.0007673841282298047,-0.0031139465695153024,0.0027649728161969964,0.005784560396311894,0.005590986385615393
2238,-0.0010206401933205364,-0.0011511255390841343,-0.0013515987177074307,-0.0009956951522906363,-0.0011450999147990318,-0.0007774941559905366,-0.0011304771464878335,-0.0011125546208863302,-0.0012186269974296324,-0.0011212469649315299,-0.0008670196424869353,-0.0009450857960161332,-0.0007781480171404342,-0.0009478262697750345,-0.0007918494306316318,-0.0009130341752038307,-0.00039325075875573656,-0.0005647559247692335,-0.0008748975699702302,-0.0007287006093988357,-0.000751301726796931,-0.0009414008680988309,-0.0009701194761625315,-0.0009798255204461342,-0.0009024736052090365,-0.000800829244981531,-0.0030463175811501347,0.0028743241536299674,0.005863874963358266,0.0056641595172017695
2236,-0.0010795553513301484,-0.0012382030621611514,-0.001297905575175149,-0.00095743057073535,-0.001174899362294951,-0.0007301318313238485,-0.00121739445776025,-0.0011954284084286504,-0.001246005481902051,-0.0011698790896520483,-0.0008820544138718502,-0.0009098362177701498,-0.0008362508220650482,-0.0009098494605715504,-0.0008343094483286503,-0.0009444771343426507,-0.0004548258565758509,-0.0005673926958783514,-0.00083675186304525,-0.0007165415009921482,-0.0007404551505585492,-0.0009186567425171488,-0.0010160882615487497,-0.0010380880310720507,-0.00091203758306585,-0.0008463553117402482,-0.0029621315633099506,0.0029494003758771536,0.00592104823782745,0.0057479939216967535
2234,-0.0010892065696478173,-0.0013070725725137164,-0.001262715657092718,-0.0009318632268259172,-0.001221661426837016,-0.0007897133217051183,-0.0013075459477532164,-0.0012874030715067167,-0.001274927809097215,-0.0012183470629761155,-0.0009128384752435173,-0.0009057229986324175,-0.0008703941752544152,-0.000916673425898018,-0.000894225952517317,-0.0009655279274138166,-0.0005084383054113177,-0.0005855234650178169,-0.0008040011097625172,-0.000727551860828915,-0.0007600978935293178,-0.0009010120900415156,-0.001017530373118216,-0.001069249217884715,-0.000900097384835017,-0.0009328501129868168,-0.0029403601527816167,0.002992676341865983,0.005952082420116082,0.005812519452917185
2232,-0.0010505578458215661,-0.001330070165054667,-0.0012463513188491655,-0.0009452162880811653,-0.0012513325774456685,-0.000940256608251866,-0.0013598879194010663,-0.0013951571925004663,-0.0013090766451724668,-0.0012664175181905657,-0.0009576554473265664,-0.000897872376539266,-0.0008803022539126681,-0.0009891139091888664,-0.000954731722483667,-0.0009621711846015679,-0.0005317891496450684,-0.0005900364612752666,-0.0007869466617557684,-0.0007453468270960661,-0.0008107994212918669,-0.0008958581390440673,-0.0009718543030030682,-0.0010582111243165673,-0.0008551066007029678,-0.0009835477645384685,-0.0029923499331015666,0.002997020957792234,0.005944294986581632,0.0058235281952522325
2230,-0.0010201389899032014,-0.0013201965923562015,-0.0012334086063657008,-0.0009744934135733005,-0.0012456495298301014,-0.0010718819126444012,-0.0013609781682066002,-0.0014920127248403015,-0.001343502254949001,-0.0012977975541131007,-0.0010288479331670014,-0.000862960186632301,-0.0008844539609106014,-0.0010786357342028007,-0.0010076942059618014,-0.0009375569710543003,-0.0005229798002619017,-0.0005903290100618009,-0.0007808428619171005,-0.0007815423050783008,-0.0008566072456854014,-0.000909292407757601,-0.0009293917799232006,-0.0010303724763564004,-0.0007829737544261008,-0.0009546070432496015,-0.0030517259395703017,0.002972322610121798,0.0059169434960191,0.0057938871320284985
2228,-0.0010155053159444337,-0.0013084683517604334,-0.001237949173608234,-0.0009863569579369336,-0.0012250238714606333,-0.0011202067178440345,-0.0013374145393527347,-0.0015446438615120336,-0.0013779982363107332,-0.0012975231253215345,-0.0011328544416170337,-0.0008514866300702341,-0.0008988891120000342,-0.001120034797625933,-0.0010663003122526344,-0.0009030371163904344,-0.0004992869845722343,-0.0006312390385648341,-0.0007902202279996343,-0.000843278793075733,-0.0008711514818948336,-0.0009578945749027339,-0.0009208794174360331,-0.001022388391326734,-0.0007179790005590343,-0.0009140536268561344,-0.0030526180167883346,0.002949900328013866,0.005907485962831666,0.0057733036707106646
2226,-0.0010067314346288835,-0.001318676181248984,-0.0012798418652925844,-0.0009799707847575837,-0.001211226995157584,-0.001106360752533184,-0.0012906924618993846,-0.001531688317801384,-0.001389817346217884,-0.0012571811718859842,-0.0012196066566205841,-0.0008906060976443843,-0.0009109768884203832,-0.001079131632595284,-0.0011024378247288837,-0.0008571753045314833,-0.0004613191931239838,-0.0006924476357283837,-0.000802468011932983,-0.000876630354776883,-0.0008491155750378846,-0.0010217565108387831,-0.0009094968327807845,-0.0010139387289903844,-0.0006791677973735834,-0.0009305923480903838,-0.0029971510269573842,0.0029497527893833156,0.005922387658987116,0.005796447261085615
2224,-0.0009936286552847673,-0.0013518925905630676,-0.0013421988583932672,-0.0009763150437865666,-0.0011974780791381666,-0.001075473381851268,-0.001219540454189167,-0.0014647314470538665,-0.0013645297525522668,-0.0011980812373487675,-0.001228647167744068,-0.0009286239157754676,-0.0009106050779713673,-0.0009864672387115674,-0.0010582340289398678,-0.0008104691318892663,-0.00040900952244296747,-0.0006923401002427668,-0.0007937167749893677,-0.0008389517596434672,-0.0007957869202156673,-0.0010423075255838674,-0.0008711695226691664,-0.0009574174356794668,-0.000665165420255168,-0.0009576820988887666,-0.0029259538310898673,0.002969171493009933,0.0059463357965772335,0.005861513227165832
2222,-0.0010110430379430008,-0.0013852078740371008,-0.0013869328078102011,-0.0009812827780762007,-0.001176432196866601,-0.0010518009031449012,-0.0011900526216948003,-0.0013871062981564014,-0.0013420278570719004,-0.0011658738382304013,-0.0011681948074421002,-0.0009287573119459002,-0.000913430152888901,-0.0009233491126399013,-0.0009393887055754013,-0.0007958373836587009,-0.0003734904735932,-0.0006064259563533011,-0.0007749872706206001,-0.0007826906328139999,-0.0007154876803246012,-0.0009824110418168008,-0.0008493770928720001,-0.0008605417565141008,-0.0006759560763521001,-0.0008905795733907002,-0.0028567535218163003,0.003008733500341299,0.005983935738674898,0.005940898694733101
2220,-0.0010507914116649163,-0.001391825939889917,-0.0014091502989635168,-0.0009819986158889158,-0.0011697208106153153,-0.001033504724315716,-0.0012649426819619156,-0.001331207724688416,-0.0013690468472281163,-0.0011674057119880153,-0.001088962596589917,-0.0009274446859235154,-0.0009194603077628156,-0.0009332343923010161,-0.0008266105689842158,-0.0008128111667297169,-0.000377002065922916,-0.0004988744544433162,-0.0007789837126312166,-0.0007698451206326166,-0.0006137230605911155,-0.000862264180519717,-0.0008710669348764161,-0.0007741792102028168,-0.0006909963870708156,-0.0007075117026375168,-0.0027821091916535165,0.0030826735959515843,0.006045019350135183,0.0060034870770225846
2218,-0.0010583982933836163,-0.0013705244404485168,-0.0014372819464945168,-0.0009813983508192162,-0.0011954057455799165,-0.0009966552312318166,-0.0013745364498106167,-0.0012868708074826162,-0.001417116787789616,-0.0011481502682148164,-0.0010011124745308167,-0.0009456705506015167,-0.0008917757148930163,-0.0009646259520524163,-0.0007673077602572166,-0.000804422130766716,-0.0003787502479533165,-0.0004205221096141168,-0.000789414444632916,-0.0007468166947053167,-0.0005113459523069163,-0.0007310506643511162,-0.0008732927791521164,-0.0007062405765198166,-0.0006589623334893168,-0.0004984380819091161,-0.002706936189851316,0.0031900898769848833,0.006114772408840784,0.006043008776725784
2216,-0.0010236806297750324,-0.0013399511609854323,-0.0014796491838970326,-0.0010027221436255326,-0.0012298713355096327,-0.0009221328549363327,-0.0013848556151868328,-0.0012405121349639324,-0.0014164777257466322,-0.001071947623066033,-0.0008918367777153323,-0.0009356984273431327,-0.0008247832421619328,-0.000950002677944933,-0.0007335586547513326,-0.0007369841532187324,-0.00031563625301503275,-0.00036301288781153285,-0.000748758215908433,-0.000623559682285833,-0.0004491560565596329,-0.0006343772447311323,-0.0007945483543616329,-0.0006283973391967325,-0.0005618388180061327,-0.0003754893452421323,-0.0026623096110073327,0.003293999940420467,0.006175420028838768,0.006075874453792668
2214,-0.001009870797660884,-0.0013148963145914842,-0.0015045824968840842,-0.0010467873228193845,-0.0012317664463968843,-0.0008318661083811839,-0.0012896837252025844,-0.0012139100041091838,-0.001357335964832584,-0.0009812388040731845,-0.0007963417904261845,-0.0008694078318984841,-0.0007871451653791838,-0.0009017044546430842,-0.0007018987585849842,-0.000656002568161884,-0.000188573937360984,-0.00032369510764978376,-0.0006542734002649838,-0.00043683177777168423,-0.0004497415827442843,-0.0005980488035511843,-0.0006826157029625841,-0.0005523000102599842,-0.00046477280170748383,-0.00038439364295778447,-0.0026633024609960844,0.003347952130226816,0.006243489288508416,0.006107903378352716
2212,-0.0010610050915236674,-0.001305576069681568,-0.0014790900847045678,-0.0010729195265219678,-0.0011967102922232674,-0.0007773836993880678,-0.0012253219648471671,-0.0012188809960220672,-0.0012962470372022677,-0.0009341799168218678,-0.0007625676631095677,-0.0008006296905651673,-0.0008225666939120678,-0.0008748414501059676,-0.0006957982646849676,-0.0006184387044051677,-6.82673477120678e-05,-0.00032903463927676756,-0.0005875685024676674,-0.0003184703764191679,-0.00047321449079886727,-0.0006005400357358675,-0.0006324284136481678,-0.0005273188679050678,-0.00044629653604586796,-0.0004733950798935672,-0.0026680671933640675,0.003346594601897032,0.006340190459972132,0.006115301064655033
2210,-0.0011327761069546156,-0.001330414597414016,-0.0014084347599652158,-0.0010506805181998147,-0.0011606049784595156,-0.0007840887623258158,-0.0012716417668157155,-0.0012213969148448158,-0.0012721551301663157,-0.0009292869633451151,-0.0007755668423923157,-0.0007766213670264144,-0.0008568415813151146,-0.0008693664564509151,-0.0007308742957363151,-0.0006161681475177153,-1.995921859311578e-05,-0.00037325877852311534,-0.0006169202371999159,-0.0003186262093836153,-0.00046335987058741465,-0.000596903096478316,-0.0006642112698618148,-0.0005694641354779158,-0.0004972339407122144,-0.0005429998418454152,-0.002615380302442215,0.003327131245478584,0.006438539993589886,0.0060829109609931865
2208,-0.0011566783769273673,-0.001401793499494968,-0.0013320780163347673,-0.0010033410521865672,-0.0011509487599874677,-0.0008283824701682679,-0.0013547229705872677,-0.001195279963466767,-0.0012825254335618683,-0.0009426810583789674,-0.0007953781244159682,-0.000761449699899967,-0.0007945948015812675,-0.0008418047287729671,-0.000787795738373967,-0.0006142112461819671,-6.557622464566787e-05,-0.00040145024524936707,-0.0007084567817510681,-0.00038123273511256675,-0.00043318642820676725,-0.0005993232717570671,-0.0007393647445932683,-0.0006489797602971682,-0.0005492877518268671,-0.0005307406410565672,-0.002502028323659568,0.0033286943076842324,0.006481795995849934,0.006044839704931132
2206,-0.0011294326655410664,-0.001487234537068366,-0.0012950341267507649,-0.000972249915860866,-0.0011690031070585652,-0.0008642705887859665,-0.0013636523048731648,-0.0011580968305120662,-0.0013157534192846654,-0.0009717969234517652,-0.0008195825177667662,-0.0007011017444480648,-0.0006558305261353658,-0.0007863728205752662,-0.0008445331302349649,-0.000601684609684865,-0.0001828552589386665,-0.0003701354284420654,-0.0007524481116031653,-0.0004470071932123655,-0.00043682122014946506,-0.0006714783181444653,-0.0008322621186677651,-0.0007216229963793661,-0.0005604206681068657,-0.0004517009573204653,-0.0023936220319483656,0.003363938458403935,0.006447160900250834,0.0060529543522796336
2204,-0.0011022299265507508,-0.0015189560581122495,-0.0013129623623132497,-0.0009616685534597508,-0.0012111207011082509,-0.0008519765873620504,-0.0012694052475599495,-0.00111566670826725,-0.0013386504111999493,-0.00099065417253885,-0.0008359468125511502,-0.0006055011262608503,-0.0005366807313208505,-0.0007353099066186499,-0.0008788162728026495,-0.0005621976606577494,-0.00029673532727345076,-0.0002887892272121495,-0.0006699272812253493,-0.00047857381059144936,-0.0004638531564556507,-0.0008004494171058498,-0.0009058581932979495,-0.0007360784236241508,-0.0005315678200938506,-0.00036689371206235014,-0.0023388218748987503,0.0034253442447031504,0.006373991433186751,0.00610693760154425
2202,-0.0011097927973974832,-0.0014702568121278828,-0.0013539748188102826,-0.0009516726906370829,-0.0012759606788240833,-0.0007876613059259827,-0.0011099035765435826,-0.0010289975543511833,-0.0012926681296986826,-0.000936802371293283,-0.0007797966233801818,-0.0005142258020167829,-0.00046913107981028275,-0.0006972503182048825,-0.0008526943971334834,-0.00046512344283568263,-0.00032281237645208176,-0.0001949724781142824,-0.0004944988576791823,-0.0004244148224636819,-0.0004378354486371822,-0.0008524113270270833,-0.0008843495595808829,-0.0006524978083382819,-0.0004708491897287819,-0.0003140368138584825,-0.002310100710581583,0.0034957209620309175,0.006325502692895817,0.006161657797796817
2200,-0.0011431916694505662,-0.001387982605328266,-0.0013655935381240662,-0.0009501462604390651,-0.0013443363293553657,-0.0007232763792997653,-0.0009410584498872662,-0.0008906136093041646,-0.0011630400290922657,-0.000807128772353366,-0.0006315990926526651,-0.0004368949683292659,-0.0004249139166586646,-0.000659588936286766,-0.0007565747049499659,-0.0003445372480961658,-0.0002587339847340657,-0.000127367496991165,-0.00035325621916176483,-0.0002731327431395661,-0.00033951408345326596,-0.0007342970460919654,-0.0007469442609913651,-0.000499310029119366,-0.0004014065697182656,-0.000285445204394965,-0.0022651497763128657,0.0035527115507509345,0.006341339048780434,0.006191250402697334
2198,-0.0011684824486397159,-0.0013307302424865157,-0.0013352082152638164,-0.000983956729820816,-0.0013833002979717155,-0.0007258105301000163,-0.0008301050588352156,-0.0007769495579745163,-0.0010201111897024159,-0.0007006471769598153,-0.0004953129872713163,-0.00037480848228901506,-0.0004161976727955156,-0.0006233964329184164,-0.0006598801950294161,-0.00030194063411531635,-0.00018909497422071528,-0.00011630353643171665,-0.0003470661784557155,-0.0001233745014418159,-0.00024077815497231501,-0.0005374157327445155,-0.0005964041947245161,-0.0003807256891800153,-0.0003690654647280165,-0.00025224617813641645,-0.0022062399130749165,0.003579098902853484,0.006415357099864884,0.006201677934182585
2196,-0.00115805545233825,-0.0012998680857311488,-0.00131268342325065,-0.0010417062977552492,-0.0013857797094027485,-0.0007847900427659493,-0.0008066552294718494,-0.0007565046891038485,-0.0009358236490286491,-0.0006835933936689496,-0.00046956833723764933,-0.0003513305477722498,-0.00047035040315924863,-0.0005792630853167485,-0.0006406025020307491,-0.0003568114972672485,-0.00016163494108054934,-0.00015385404802254962,-0.00042989181748514897,-7.829831419244905e-05,-0.0001811205443497492,-0.0004190510677937499,-0.0005456641653716499,-0.0003575104414605488,-0.00037489374078504903,-0.00019006483672194888,-0.0021495812995344487,0.0035807494644192507,0.006490471461811751,0.006198092968478052
2194,-0.001118997547614969,-0.0012641758028828689,-0.0013464107860701683,-0.001083772316957268,-0.0013808314829361693,-0.0008093137904289678,-0.0008226592685644692,-0.0008074557583114678,-0.0008924224892584692,-0.0006885552158347689,-0.0005048113637387691,-0.00038196211878876833,-0.0005376290234670681,-0.0004981272924073684,-0.0006718698615066684,-0.0003928297458354688,-0.00011656122822966894,-0.00018804883894156868,-0.0004635777893803681,-9.822388873946888e-05,-0.00011813893510166824,-0.0003906530244621679,-0.000577927675901568,-0.000363421483911169,-0.0003497798548084685,-0.00010582160949246938,-0.002085403757154868,0.0035809881235929313,0.006506781813639133,0.006194187936461431
2192,-0.0010908836245166658,-0.0012396628517092655,-0.0014100955118232653,-0.001104920838346366,-0.0013894151772098655,-0.0007468955652705656,-0.0008306360624143663,-0.0008804685528667651,-0.0008424842750577657,-0.0006315127543228653,-0.0005065937723624653,-0.00043615517717646504,-0.000527419506634666,-0.0003970245598478653,-0.0006534967094469664,-0.0003302859737251661,4.081745351434615e-06,-0.0001755586104742659,-0.0003918036699486656,-7.139021708586595e-05,-3.808496194796472e-05,-0.0003428348346157656,-0.0006047639745289657,-0.0003080381343515664,-0.00025230634438626505,-3.639633520826496e-05,-0.0020086760563373654,0.0035922127816029343,0.006478116089059035,0.006234978003605434
2190,-0.0011049991239457319,-0.0012859613847279322,-0.0014344608801801322,-0.001135742988260832,-0.0013886122380020322,-0.0006460595757469319,-0.0008559127618887321,-0.0009530347623550326,-0.0007913324119296324,-0.000545238600272932,-0.0004906784410070326,-0.0004507173643833323,-0.0004264455002552323,-0.00034813565200423214,-0.0005438710539112318,-0.00024148036343303245,0.00015067292817706746,-0.00010885685609183203,-0.0002818795402265324,2.5877032257167962e-05,-6.655063416932672e-06,-0.0002242915636076325,-0.000590083929494032,-0.0001939580559592322,-0.00013224700478543187,9.895903764967594e-06,-0.001942117890928732,0.0036191230926784683,0.006503196104329968,0.006349776615116668
2188,-0.0011435957857222328,-0.0014104028451402328,-0.0014034343344149327,-0.0011837792341105324,-0.001347066432734933,-0.0005606861446918326,-0.000917308600999033,-0.0009820903510373326,-0.0007548391194914326,-0.0005021910026721324,-0.0005192578348933328,-0.0003831443490762325,-0.0003097480843309332,-0.0003525001021189326,-0.0003948492940758332,-0.00021501060212443263,0.00024312956872696734,1.014630469746685e-05,-0.00018042092156713308,0.00013545803733686686,-4.593828201363264e-05,-8.63152233135326e-05,-0.0005231949532535328,-7.44002073076325e-05,-3.7719473089732614e-05,9.203160216116751e-05,-0.001884343887418833,0.0036864432800089676,0.006648110589343667,0.006488278632122867
2186,-0.001172905399622233,-0.001532348480537733,-0.0013760770879623326,-0.001207161026060933,-0.001284810364612433,-0.00046862418667863257,-0.0009409699400875328,-0.0009036189420818328,-0.0007082097870165331,-0.00048381167137863303,-0.0005557283098596329,-0.00025382618668793287,-0.00023936156945473294,-0.0003046837249400325,-0.00026361231747773235,-0.00020474938907043272,0.000287118881394567,0.00015988067074656793,-4.110508867833252e-05,0.0002271191469647672,-7.143986448633274e-05,1.604031954926654e-05,-0.00036505397279803283,3.440047474546643e-05,6.381532421096802e-05,0.0002439989403182673,-0.001794826508225933,0.0038085195126002667,0.006844906926834467,0.006573302358795667
2184,-0.0011967495658102498,-0.0015757673202488488,-0.0014068990088378485,-0.0011687310176436497,-0.0012595920381611482,-0.00035225462049794966,-0.0008588165526895487,-0.0007452107101421496,-0.0006553652174858485,-0.0004381496155153493,-0.000509678521476549,-0.00012810828263794954,-0.00022263034328844945,-0.00016504550254214934,-0.00017465463186704978,-0.0001308278689022488,0.0003293444714693519,0.0002557125989868514,0.00014010237197055117,0.00028751082540675113,-2.0023458254048512e-05,6.713818224965071e-05,-0.00012586382922144881,0.00012110007927135062,0.00018588896410505137,0.00036939568919855045,-0.0016779015379023484,0.00393735871857025,0.0069565971172269505,0.00660773895070175
2182,-0.0012416108103797986,-0.0015627263596289,-0.0014814639979629993,-0.0010876532170361,-0.0012959837889230993,-0.00027449118476629945,-0.000744117385173099,-0.0006504000517006999,-0.0006654116793793994,-0.00039516930245829876,-0.00038511166835989916,-5.09109452202991e-05,-0.0002469020958303994,-6.246727915650008e-05,-0.0001434148976756991,-3.416741532560018e-05,0.0003613722979818011,0.00021572942691570028,0.00024152108245090002,0.0002648645592460003,6.967931177759984e-05,6.674722516800125e-05,7.437900682220021e-05,0.00013605154524630111,0.00023791589947590001,0.000338931720956101,-0.0016077704566581988,0.003985464618592701,0.006931452127618301,0.006669438173930899
2180,-0.0013009696027400167,-0.0015832445078082166,-0.0015462974441461177,-0.0010134181936083172,-0.0013441378797735166,-0.0002735865857093171,-0.0007073095841824174,-0.0006866305136998176,-0.0007339671321952169,-0.00040625206861851816,-0.0002573388231770172,1.9984416828282628e-05,-0.0002663174465183174,-9.868640209201827e-05,-0.00014523822207721665,1.1857751428381857e-05,0.00037584971668068283,0.00011781810407128328,0.00019853087622408172,0.00016330184778048235,0.0001684445778523825,5.883592035228237e-05,0.00015954195511938205,8.93519679027819e-05,0.00018177966388168224,0.00021389254998648195,-0.0015948866243368168,0.003950942241116483,0.0068703861774041825,0.006788067628076181
2178,-0.001338473413019483,-0.001668058205372483,-0.001569728950071684,-0.0009810686549180832,-0.0013337358124880828,-0.0002663323127468833,-0.0007147425521576833,-0.0007445711258252836,-0.0007365505161390836,-0.00044045715221408335,-0.0001396110150033835,0.00014467701490671753,-0.00021192334961668384,-0.00016640199940968353,-0.00011265521195328275,5.133518624521674e-05,0.0004331438679367177,0.000139727718879417,0.0001414474378683174,0.00010420471538481746,0.0003181496955942161,0.00011513306159181662,0.00022118157383031745,9.769505146431726e-05,0.00015708307420811765,0.00019618679332531613,-0.0015497953159042833,0.003928116165777817,0.006889219698736416,0.006891065035869818
2176,-0.0013433759503541504,-0.0017475464307003504,-0.00154535290234405,-0.0010070489465136504,-0.00124700361620525,-0.0001746512682942493,-0.0006766668398968502,-0.0007275876716401498,-0.0006137767803954504,-0.0004536774903666496,-2.665430066814932e-05,0.0002692461565289503,-8.591315606685038e-05,-0.00012587364628935047,-3.5839877467450446e-05,0.00015045095219765048,0.0005580635671219494,0.00030196438227184964,0.0001945238478071494,0.00016363609334774966,0.0004898645588108496,0.00021628764238314918,0.0003424138180541502,0.00022868832823285008,0.0002983335614287503,0.00032781842516515017,-0.0014472280587867498,0.00396300088556225,0.00696780983647695,0.00689032784611745
2174,-0.0013357898839991339,-0.0017450161062578335,-0.0014751261088288333,-0.0010895590292931334,-0.0011314265673586336,-5.5274655971433544e-05,-0.0006262175828112334,-0.0006956377469412335,-0.0004799343083801335,-0.0004684016941495332,1.9050523084766097e-05,0.00027687775401226584,1.9270959963266915e-05,-2.567183506173385e-05,-4.100552813433855e-06,0.00026230893600446593,0.0006633305021270658,0.00042948037447586643,0.00028964687711426594,0.0002512218081153657,0.0005418742544791664,0.00023820059778766577,0.0004414648208787668,0.00039775570553136734,0.0005266008194458657,0.00043443223820836645,-0.0013823478754506338,0.003994216558035467,0.006993425247090967,0.006776917695737567
2172,-0.0013166994763900005,-0.0016691666776857007,-0.0013893305091075003,-0.0011958177802061003,-0.0010579445077242003,-1.857171527460018e-05,-0.0006507612096008,-0.0007193460949747998,-0.00045834070362250033,-0.0004967067071508999,-3.846181165630125e-05,0.00018395312381179994,5.1781075828200365e-05,-2.1674508040095408e-07,-7.425493790970059e-05,0.0003175182817525997,0.0006728288337035995,0.0004242199615762995,0.00029848494775349885,0.0002654577902001,0.0004320075311584001,0.00013360722409410004,0.00041979789239669947,0.0005053888656763005,0.0006448590402613995,0.0004112780351775997,-0.0013942959363401003,0.003977110980988999,0.0069209021817633,0.0066289589511134995
2170,-0.001263737119562968,-0.0015768799699600686,-0.0013406114069024685,-0.0012868500864175684,-0.0010666378022207677,-8.165727791476819e-05,-0.0006906921900226692,-0.000719984561626268,-0.0004862251537077686,-0.000467986664857669,-0.00010541717562096917,0.00013971965110993155,7.855772796463122e-05,-3.1473019449269196e-05,-0.0001613345143388692,0.00036374955085493113,0.000647294993528431,0.0004068248479535321,0.00025049192948953074,0.00028127046961493214,0.0003207682951193308,3.2089265260031724e-05,0.0003470510265179312,0.0005914872403535321,0.0006069137433034315,0.00037719050853433217,-0.0013681957848021686,0.003970675577336531,0.00682951617755163,0.006534716385063831
2168,-0.0011801072539863334,-0.0014987285653546324,-0.0013542728842828328,-0.0013589852926954322,-0.0011476430424959324,-0.00017814686808113357,-0.0005819118481163333,-0.0005790474840705329,-0.0004105405912750333,-0.00031829849184083353,-6.082701383683213e-05,0.00022635546219216748,0.00018237288914446648,1.9574697083567585e-05,-0.00012788207764423236,0.0004894102756372674,0.0006948353399285675,0.0005094433589946674,0.00028333360591726794,0.00043931783681516734,0.00037778808804936684,8.319625957916785e-05,0.00036929848610886724,0.0007383388396598675,0.0005471632449660681,0.00047949389919106807,-0.0011997733218471335,0.004061229437759066,0.006834436666440768,0.006539737038815168
2166,-0.0011163822875654202,-0.0014509638564872192,-0.001402304723983219,-0.0014286602158779197,-0.001249474255483319,-0.00022852229905681934,-0.00028752689876831994,-0.00030689314831541976,-0.00018294894373451984,-8.232258389281877e-05,0.00010137601683828101,0.0003849105209125809,0.0003582461715749812,0.00021783502621228017,7.916165151177976e-05,0.0006771484519751802,0.000832916303132281,0.0006935502611388807,0.00046550212742818044,0.00072803328874688,0.0006076776377889805,0.00029888944048438,0.0005262639173565804,0.0009383404174704811,0.0006022643870226812,0.0007123651076144811,-0.0009291682382926193,0.004254592840688879,0.006992087799583381,0.006647785339397081
2164,-0.0011231228598409162,-0.0014651286950537155,-0.0014441975128881152,-0.0014791299722207163,-0.0013131724723501152,-0.00014796909326911592,6.378725944288476e-05,-1.809884050315777e-06,0.0001297999237167835,0.0001768998728047845,0.0003104085478397838,0.0005599570117143845,0.0005731321824456841,0.0005151674448835835,0.00042484911917998504,0.0008762893892662847,0.0010182890794054843,0.0008892585350701847,0.000768560329717085,0.0010275585937960848,0.0009174417929416843,0.0006105468180870842,0.0007717874978663847,0.0011640095683245841,0.0008106043882389839,0.001008148352671585,-0.0006129609188867159,0.004504453226915084,0.0072597725194131855,0.006824751512353585
2162,-0.001199693789429003,-0.0015628832470462022,-0.0014951371399045035,-0.0014587048047485021,-0.0013122104208476027,9.976204338939774e-05,0.0003606048795616965,0.00026976132008789747,0.000443825218725798,0.0004508428774761975,0.0005336958182071971,0.0008035417448355973,0.0008314100405643968,0.0008427600361622968,0.0008571690114721978,0.0011227308311108977,0.0012469915205057976,0.001153956214708398,0.0011487228707205976,0.001305665509624597,0.0012560559676737977,0.0009962051143179978,0.0010983411009279978,0.0014473034572351964,0.0011401365738726976,0.0013731020557338977,-0.00020207903930570363,0.004794094303883596,0.007541687162647198,0.007028629401975796
2160,-0.001299719922542084,-0.0017007784472030836,-0.0015973814434084837,-0.0013493239593800836,-0.001261172952505784,0.0003706887397725168,0.0005412119789165171,0.00039930976443371645,0.0006309362094501173,0.000661979346250216,0.0007088231160284168,0.0010792226883372166,0.0010395113762099173,0.0010811233576976161,0.0012346802819953161,0.0013909863079896185,0.0014763956878530177,0.001471655540828917,0.0014847766782128177,0.0015396434655148162,0.0015213844052266185,0.0013722201044097156,0.0014353549860457154,0.0017202995106538176,0.0014653579750221173,0.0017269373735388175,0.00022688249464131692,0.0050484425457244155,0.007715969880773917,0.007208376725039515
2158,-0.0013622358405149665,-0.0017876188381433667,-0.0017238953229593672,-0.0012158353684903669,-0.0011912713271983663,0.0003957605301508349,0.0005079523657122338,0.00022708610290363487,0.0005307281335864347,0.000610715937171033,0.0006878607579505341,0.001132878779995232,0.0009709127338253347,0.0010331383992145324,0.0013038222512213316,0.0014625791616131346,0.0015391774287501318,0.001579150322657933,0.0015350873670384318,0.001554864771347933,0.0014978456344553331,0.0015036107888371335,0.0015318059410987343,0.0017265611423887342,0.0015705223147990319,0.001785149565289433,0.0003309710533482349,0.005078777727149333,0.007677621953039133,0.0072808566973064336
2156,-0.0013633419625435819,-0.0017879120572609816,-0.0017958118615865812,-0.001140861685214982,-0.001127421901492981,0.0001593325639572176,0.00025942950942221994,-0.00016981459770248203,0.00019292570929901887,0.0002794284515785176,0.00045388247595271915,0.0008476939167585181,0.000607301028546418,0.0007004717788281194,0.0010182992467115178,0.001220742789346618,0.0013586795386287178,0.0013268334117806178,0.0012334695455259188,0.001267090069142317,0.0011675770262484179,0.001290374341885418,0.0012685547337674182,0.0013729844578259185,0.001401312237571917,0.0014580366821441166,-1.7266299902281984e-05,0.004848827628229418,0.00747859284093152,0.00721534946809912
2154,-0.0013212230779842994,-0.0017348065058668,-0.0017919585492779996,-0.0011217131685549997,-0.001090515539488801,-7.011621990070036e-05,-4.219161634930017e-05,-0.0005075537498330004,-0.0001492998384389002,-0.0001085520554136004,0.00017410572844919932,0.00044945114160709933,0.00019064785263320054,0.00033378492319820034,0.0006299982468059989,0.0008264158265315,0.0010664144127277998,0.0009248442711917992,0.0007806689459031006,0.0008723668091379002,0.0007574348133208997,0.0009034005868411993,0.0008318040810291992,0.0008801927366136001,0.001111728867066399,0.0010034339954605991,-0.0005229626136703004,0.004535168219270101,0.007252543637409001,0.0070602168411729
2152,-0.0012720679967109672,-0.0016549824700212677,-0.0017503189327946669,-0.001118384706453467,-0.0010762751521962675,-0.00016224968150206805,-0.0002729945668666668,-0.0006577626120733669,-0.00041245964470966803,-0.0004200143795949681,-4.1165038164666864e-05,0.00014778744101603264,-0.00011542953787496701,8.700491035403338e-05,0.00032543056465033325,0.0004553434545782331,0.0007920797922519335,0.0005971090651666327,0.00034222230548523226,0.0005786338274246326,0.0004148965070705328,0.000536966074457532,0.00042023086662933314,0.0004437354636462332,0.0008056312581706335,0.0006221958176625322,-0.0009156071714625669,0.004288187777300332,0.007058499093952933,0.006872029258176633
2150,-0.0012513410923019833,-0.0015563328379368836,-0.0017110990789428833,-0.0011200861452755834,-0.0010569493724780828,-0.0002423027698477834,-0.00046623145511318336,-0.000736665120543583,-0.000675824684590683,-0.0006836531627648834,-0.00022615279109468311,-6.308100846948335e-05,-0.00032431795248048356,-8.738616103768325e-05,7.730740838521669e-05,0.00014610242091791636,0.000565641826375517,0.0003534016839403164,-4.8502329840983266e-05,0.00038656695077561674,0.00014940592589701707,0.00023180504318201685,9.580886346031645e-05,9.059625553821653e-05,0.0004921530062446172,0.00032431355825121664,-0.0011907202007968836,0.004127582021919416,0.0069134029542856175,0.006695808526935417
2148,-0.0012504273816260165,-0.0014697391772597163,-0.0016875926181731163,-0.0011239979611357164,-0.0010163915062641163,-0.0004284603073308165,-0.0006966671281327164,-0.0008625915151815166,-0.0009500952411235163,-0.0009173852946344164,-0.0004099957318093165,-0.00024185970459791655,-0.00048584241183211637,-0.0002689338947993165,-0.0001769304159985165,-0.00010804694887331639,0.0003884846297325839,0.0001384493540062836,-0.00036000936796731645,0.00018462955227518387,-2.998649577731641e-05,-3.57087650591165e-05,-0.0001333906468720166,-0.00018619291366401636,0.0001981855223147839,8.449935886068339e-05,-0.0014569118476282163,0.003990614123655983,0.006821211663749683,0.006548148644458683
2146,-0.0012235184458193164,-0.0014346694458140163,-0.0016716142072922165,-0.0011209662198552164,-0.0009702403869809163,-0.0006609438223257164,-0.0009327919955375162,-0.0009922353084863163,-0.0011488329628473162,-0.0010717054801994163,-0.0005545586284688164,-0.0003721788357357162,-0.0005980862796173163,-0.00044936160660371616,-0.0004115096855935164,-0.00027856713101161645,0.0002680465679902838,-2.2831905589616383e-05,-0.0005324379225308162,-6.112547240321635e-05,-9.871498145911642e-05,-0.00024110663521871621,-0.0002633669777297163,-0.00036019628572511644,-2.631361599831619e-05,-8.185911921001652e-05,-0.0017344480522604165,0.0038393919978414836,0.006752982755349685,0.006421008705761684
2144,-0.0011540104123516335,-0.0014469049525640335,-0.0016476557009771334,-0.0011219462434066334,-0.0009494051276243334,-0.0008319012509192336,-0.0010778204043135336,-0.0010614600786677335,-0.0012587594516053336,-0.0011367747663095335,-0.0006647076124941336,-0.0004367394067670335,-0.0006630812068773337,-0.0005969556608018335,-0.0005841595351508333,-0.00035905944130413354,0.00018188446654576664,-0.0001074508155096336,-0.0005801198384991334,-0.00029397591683993354,-0.00010819477890183348,-0.0003577614556843334,-0.00033818966216063364,-0.00044005463665643335,-0.00017857232166863368,-0.0001825103415377333,-0.0019660325743224337,0.0037012762362483662,0.006664059452305266,0.006319922436923767
2142,-0.0010866233019428163,-0.001459830072511316,-0.0016015341608857162,-0.0011503851964181164,-0.0009604416572873164,-0.0009324108821129164,-0.0011214396736715163,-0.0011358024288774162,-0.0013661446617052164,-0.001177925019537116,-0.0008152704975666163,-0.0004920637690780162,-0.0007273703515406162,-0.0007303568963275163,-0.0007155117596881161,-0.0004079939845841162,8.567049331048397e-05,-0.00018290868779521604,-0.0006105812734554161,-0.00047338208848271644,-0.00016791818382941607,-0.0004251311395622164,-0.0004491632297727163,-0.0004859751758119163,-0.0003003956274851161,-0.00027125202334891615,-0.0021388979263316163,0.003608836849666984,0.006547226414227484,0.0062588143890452835
2140,-0.0010703214605396337,-0.001449311368257134,-0.001531458435946134,-0.0011931368169630341,-0.0009772227794974339,-0.0010003503931884337,-0.001157730767818034,-0.0012975888373770337,-0.0014970772445531341,-0.001229680196615734,-0.0010042999964038337,-0.0005937497216618338,-0.0008154993221379339,-0.0008680601423828337,-0.0008395702588519338,-0.0004770119723944339,-2.4092910359433967e-05,-0.00030607697358413406,-0.0006997498718513341,-0.0005976458722040338,-0.00030470439233593397,-0.000501740437317634,-0.0006232213269960337,-0.0005207975531033339,-0.0004094216715576338,-0.0003764542653321339,-0.002291103718052434,0.003546492049989466,0.006442059354855466,0.0062214508612033655
2138,-0.0010930527617251833,-0.0014487823372121833,-0.0014560815528600834,-0.0012022638805738834,-0.0009875783718790833,-0.0010314679410090833,-0.0012490793785316834,-0.0014907580959845834,-0.0015749349428160833,-0.0012607979427214833,-0.0011098323946307834,-0.0007199778667844833,-0.0008956375987409834,-0.0009785770693666834,-0.0009432258454102832,-0.0005557411141583833,-0.00011330656906088313,-0.00042137261598648333,-0.0008073188823279833,-0.0006586609117190834,-0.0004377983509088832,-0.0005913623736131834,-0.0007712624332183832,-0.0005081454269498832,-0.0004824758898030832,-0.00047003146502118333,-0.002422245003823983,0.0034846269745211164,0.0063930656090964155,0.006187758904250416
2136,-0.00110390180045435,-0.00149578550295805,-0.00140823645502485,-0.00116177878091555,-0.00101274082062025,-0.00102445620627305,-0.0013681074610221498,-0.00160252961802045,-0.00157377380776595,-0.00127278660590945,-0.00106789288262765,-0.0008297261834543499,-0.0009520932341117499,-0.00103440544396145,-0.0010128353042532499,-0.00063253243977575,-0.00017988703163814994,-0.0004589454219552499,-0.00086712285131215,-0.00065911217835185,-0.0005176978954382499,-0.0006686927365800499,-0.0008093162488416499,-0.00046555975584634997,-0.00051481333505315,-0.00053775703423965,-0.00249522276333815,0.00342833105579235,0.00640494163225125,0.006182443359973051
2134,-0.0010758558701340834,-0.0015699066572716835,-0.0014067073006691837,-0.0011107303755832835,-0.0010625060980626834,-0.0010322473916445835,-0.0014588717393465836,-0.0016267104719429838,-0.0015778760522720831,-0.0013267952540201833,-0.0009896496587214836,-0.0009237424401644834,-0.0010176140520176836,-0.0010646046840375833,-0.0010765046127460833,-0.0007366728778649832,-0.0002583557179068833,-0.00045433469651548356,-0.0008912937199571833,-0.0006586450674539836,-0.0005844438381741833,-0.0007330861786150836,-0.0007800229735089835,-0.0004994356010653836,-0.0005437124567858834,-0.0006103212647017835,-0.002524475143726083,0.0033971943873561164,0.006424832450265716,0.006225706301720917
2132,-0.0010300234146941498,-0.0016146710269412498,-0.0014316889656453501,-0.00108570510580685,-0.00110260116590765,-0.0010926947516447494,-0.0014998231267145498,-0.0016471281340535494,-0.0016445889377537499,-0.0014359172178153496,-0.0010185325900203498,-0.0010121913768981494,-0.0011039226342560494,-0.0011087056745826495,-0.0011526560075212498,-0.0008750349486620498,-0.00035211982753134956,-0.0004852724184808495,-0.0009354341665501497,-0.0007210522904133499,-0.0006739280167977501,-0.0007930788110918495,-0.0007989012859922497,-0.0006607566194226501,-0.0005999730858844495,-0.0007025852552166498,-0.0025761684981980494,0.0033805827865508505,0.0063850251364614505,0.00626468967899525
2130,-0.0010042393150001168,-0.0016058864011999166,-0.0014478337691860165,-0.0010785190083726164,-0.0011016455367579164,-0.0011753855104364168,-0.0015121948330896165,-0.0017012175369517167,-0.0017362155042277166,-0.0015369434065321164,-0.001150137028441117,-0.0010844383349467167,-0.001170684831098817,-0.0011616813163192164,-0.001213940780719317,-0.0009967840910801167,-0.0004286166546727168,-0.000554029588603617,-0.0010146304985736167,-0.0008282893353114169,-0.0007615745041831168,-0.0008405267269623166,-0.0009098012444068168,-0.0008621201109008168,-0.0006731776120038166,-0.0007924359828381166,-0.002672506053265917,0.003349340109785583,0.006289482215123783,0.0062381240305165835
2128,-0.0010140018782309667,-0.0015599315191976667,-0.0014450421133963666,-0.0010680622995827668,-0.0010819649674939668,-0.001253608535184967,-0.0015427070299861667,-0.001766085659572367,-0.0018288070086009667,-0.001601277600766767,-0.001296869707052967,-0.0011455431965558668,-0.0011973857590026667,-0.0012090515744929667,-0.0012458853228568666,-0.001061971613604567,-0.000486718495640367,-0.0006202975170064668,-0.0011113182223095666,-0.000920314642903567,-0.000829306634769367,-0.0008791744042206668,-0.001064164838083467,-0.0009987104456587667,-0.0007443340013102667,-0.0008770378494690669,-0.0027800845331475664,0.003290688758808033,0.006219031131193333,0.006169002777901733
2126,-0.0010430378703742335,-0.0014958895003191334,-0.0014405460530315334,-0.0010539504174340334,-0.0010911427409220334,-0.0013438596006110335,-0.0016325415797317333,-0.0018332189861950336,-0.0019562366669073333,-0.0016696481395107332,-0.0014185175478976335,-0.0012254149039803333,-0.0012201923360413336,-0.0012631150318285335,-0.0012841067181369335,-0.0010936371088327336,-0.0005634178567160335,-0.0006879302011434335,-0.0012148815073915332,-0.0009834469999239332,-0.0009041819111938333,-0.0009431475818129332,-0.0011961405715096333,-0.0010648300074088334,-0.0008105211697125336,-0.0009836548254834332,-0.002883176290952234,0.003207244426905267,0.006232987879918766,0.0061245665820809665
2124,-0.0010607212327969997,-0.0014219298676077003,-0.0014503754454616995,-0.0010463402951975996,-0.0011381709971078,-0.0014406182341481,-0.0017635915438525,-0.0019107209696531996,-0.0021100551756081,-0.0017565852545148,-0.0015189583923643003,-0.0013229508668144,-0.0012700430112715998,-0.0013300140831084997,-0.0013542185151580997,-0.0011293951446693,-0.0006664611312197999,-0.0007847094512342997,-0.0013108310927548998,-0.0010469981907263999,-0.0009981365957859997,-0.0010487155221585998,-0.0012703595550741997,-0.0011157477377013998,-0.0008749135831809,-0.0011073820140192997,-0.0029947257255887,0.0031140486410560003,0.0062912924541252,0.0061175378381718
2122,-0.0010565956825973003,-0.0013546241536483003,-0.0014707169194786004,-0.0010497757422544005,-0.0011889601172099008,-0.0014867330503224004,-0.0018562607905816004,-0.0019732999363905003,-0.0021990749836665003,-0.0018039306683319007,-0.0015846154067642006,-0.0013877697824375007,-0.0013244829572199007,-0.0013850280675308003,-0.0014183234346401008,-0.0011610714827888008,-0.0007505256099948005,-0.0008950851219883009,-0.0013648069636637006,-0.0011127729263390009,-0.0010685809524238008,-0.0011555675237183002,-0.0012841875825446002,-0.0011684333014941005,-0.0009359632353913008,-0.0011878037317053008,-0.0030905189415173003,0.0030518500807925997,0.0063184326742471,0.0061206726151885
2120,-0.0010518788815473993,-0.0013239694056584993,-0.001484449650611899,-0.0010686184494660992,-0.0012218717699423991,-0.0014495547483982987,-0.0018521429579649992,-0.001976421311670599,-0.0021659991226694987,-0.0017694560432817991,-0.0015914760765454988,-0.0013862747879248988,-0.0013540256652874987,-0.001409039541574399,-0.0014261394009945985,-0.0011623584201165991,-0.0007778113790804985,-0.0009746970523010993,-0.0013519243454759985,-0.0011432026957031993,-0.001077130868887899,-0.0012127835645176993,-0.0012590690065019993,-0.0011926819507270987,-0.0009868236896415986,-0.0011811027381885986,-0.0031094548190016983,0.003066878790682901,0.006316810556642501,0.006150788157226301
2118,-0.0010697147604453155,-0.0013443844950369157,-0.001476443372217016,-0.001104824657270416,-0.0012521662786337158,-0.0013771346486578162,-0.0017789990791948155,-0.0019185667251349157,-0.002072557562226216,-0.0016945482580643162,-0.0015508990099926158,-0.001343611825888916,-0.0013701169970825157,-0.001414723373514116,-0.0013862429290658158,-0.0011425675054885153,-0.000761844746064516,-0.0010078622902686156,-0.0012870972186955158,-0.0011218511733844154,-0.0010430823349239157,-0.001215789791607416,-0.001228952851794916,-0.001171816588988816,-0.001014445422428816,-0.0011237963916215154,-0.003045582395002716,0.003149337880046784,0.006349301078695484,0.006247533563603384
2116,-0.001105060403747,-0.0013921865927028002,-0.0014467078410393998,-0.0011412111640462996,-0.0012945914425167996,-0.0013327361797222,-0.0017044515935507997,-0.0018400349451872001,-0.0020068570207101,-0.0016342449394379996,-0.0014929141136639,-0.0012913736891371,-0.0013842728120805996,-0.0014077716605396,-0.0013385327992533995,-0.0011224211924112,-0.0007280609941265996,-0.0010012619943095,-0.0011999337040630997,-0.0010749359637615002,-0.0009990060009027,-0.0011873483802056,-0.0012058587235686995,-0.0011169924052980996,-0.0009965502513528002,-0.0010805649301617003,-0.0029701655593739997,0.0032297207408740003,0.0064282631200347,0.0063797574440523
2114,-0.0011370715340669993,-0.0014292394067450995,-0.0014135559671783998,-0.0011484584163670001,-0.0013328956630464,-0.0013180782091545,-0.0016512985391045,-0.0017685433087767,-0.0019644330924877998,-0.0015798463700082,-0.0014215684399901001,-0.0012202998597515996,-0.0013663267030835998,-0.001365915922882,-0.0012863815293660996,-0.0010844313676554,-0.0006718435801092997,-0.0009469644090038996,-0.0011000838638708997,-0.0010254590906989994,-0.0009343916340233999,-0.0011313007376901993,-0.00116477067759,-0.0010374207711391996,-0.0009213580188662993,-0.0010524598539001996,-0.0029277867841858,0.0032662616275583004,0.0064956096105583,0.0064612209874039
2112,-0.0011567053930463837,-0.0014408421307890835,-0.0013975450203789837,-0.0011197770603897836,-0.0013447751551087833,-0.0013170482037130836,-0.0016112386682365838,-0.0017182394745058837,-0.001905269113663784,-0.0015204741340314834,-0.0013464126914466833,-0.0011377962291396837,-0.0013031563010388837,-0.0012983214551769836,-0.0012217427577421837,-0.0010102615551970833,-0.0006022412649427837,-0.0008517922472258835,-0.0010080960238922835,-0.0009799612510210834,-0.0008447140936461836,-0.0010547173339631837,-0.0011002739832398837,-0.0009543760953112834,-0.0008231146503721834,-0.0009999421262194834,-0.002891421480719683,0.0032868539627373163,0.006512362011795017,0.006459644759713017
2110,-0.0011649466856948998,-0.0014380344568657995,-0.0013993862541786992,-0.0010825930903766994,-0.0013355518199014995,-0.0013587516603196996,-0.0016088129578242997,-0.0017224113978291998,-0.0018672412866485998,-0.0015179153675379995,-0.0013293285965389995,-0.0011199518284559,-0.0012605810833739993,-0.0012791736219869994,-0.0011906197394974,-0.0009521240766473993,-0.0005878441527773994,-0.0007851466237303998,-0.0009903281485092994,-0.0009683482324852996,-0.0008005666727174993,-0.0010142878804638993,-0.0010779495595003995,-0.0009329554478072996,-0.0007806129566786993,-0.0009397789787234999,-0.0028560896221064996,0.0033170572272182004,0.006502146759875401,0.0064205123070176
2108,-0.0011586258369804172,-0.0014351780197127172,-0.0014011398593216174,-0.001063673226835417,-0.0013262069318736172,-0.0014593348488039174,-0.0016722110165353172,-0.001794727103679417,-0.0019108229770987166,-0.0016221597080228172,-0.0014148522954219173,-0.0012188768704289171,-0.001307836788649517,-0.0013541095060891168,-0.001247865892713717,-0.0009913816566138167,-0.0006848620005422169,-0.0008140362160202171,-0.001090267081179817,-0.0010298813972210172,-0.000879465798282417,-0.0010659573187488166,-0.0011655585404172168,-0.0010228949065668172,-0.0008448713628796166,-0.0009411796273192169,-0.002880181478501217,0.003329216429527083,0.006501541263468483,0.0063848238747237825
2106,-0.0011385307525717502,-0.0014369254400284507,-0.0013971713579771505,-0.0010580603787538499,-0.0013177268166368501,-0.00154897535433445,-0.0017582127718216503,-0.0018736998319208503,-0.00198716615080275,-0.0017574388680317498,-0.0015354552094876501,-0.00135567992052185,-0.0014019263231169503,-0.00145276562054855,-0.00135320618638055,-0.00112006894933365,-0.0008405925948152503,-0.00089845343892245,-0.0012416800643898504,-0.0011397081003598503,-0.0010408584242752499,-0.0011734825433282504,-0.0013223943308689505,-0.0011706001011516504,-0.00097795697597995,-0.00101659579412295,-0.002976104205699751,0.0033028296965524496,0.00651868681563275,0.00634841474596805
2104,-0.0011201558976951832,-0.0014402730256156838,-0.0014054512079430832,-0.0010507001750676833,-0.0012917816456763835,-0.0015440463426433836,-0.0017884489775492835,-0.0018829810218967836,-0.001986570161106884,-0.0017980239474170833,-0.0015747875650089834,-0.0014014721424019834,-0.0014358445902267836,-0.0014714394338128838,-0.0013991584823563833,-0.0012355674686633832,-0.0009382611347329836,-0.0009358440641231832,-0.0013222673313944833,-0.0012064479492589833,-0.0011564258440767833,-0.0012398444460870834,-0.001427035669134184,-0.0012599706737988839,-0.0010879287740916833,-0.0010936570173508834,-0.0030520091614481834,0.003273761957503016,0.006547004519782217,0.006308361951998016
2102,-0.0011164084324536997,-0.0014391637682238997,-0.0014334679945676998,-0.0010486311928754,-0.0012423887460134998,-0.0014620315126424996,-0.0017548701709436,-0.0018346932419832,-0.0018988921654363002,-0.0017264737188981,-0.0015104172227417,-0.0013374454373112996,-0.0013812563154018999,-0.0014083952642017002,-0.0013431212635571996,-0.0012558595311111002,-0.0009210941425210999,-0.0008931903680545004,-0.001286016045109,-0.0011676549141884,-0.0011569059425278003,-0.0012235115152564,-0.0014093433445431002,-0.0012366229004291997,-0.0011029317293587996,-0.0011053369336446002,-0.0030277089078239996,0.0032730026012175,0.006567551712289,0.0062800601341342
2100,-0.0011213642175515004,-0.0014297888388107006,-0.001455329081106,-0.0010668297500558998,-0.0011865720939823001,-0.0013914222703381002,-0.0017224636764380003,-0.0018079532092428,-0.0018209867285852006,-0.0016334902959579006,-0.0014269069727138,-0.0012556245910738,-0.0013066749290989005,-0.0013486563419417004,-0.0012479455047669998,-0.0011961951949496,-0.0008285521909296004,-0.0008259610305384004,-0.0011958725158158,-0.0010557553816928004,-0.0010876133972245005,-0.0011675090000890002,-0.001307272740738,-0.0011462205180665006,-0.0010122075777660006,-0.0010547319073310004,-0.0029400860757954005,0.0032742500254724187,0.0065412054764979,0.0062598839815063995
2098,-0.0011295406053936,-0.0014167355843221,-0.0014508077764911996,-0.0010959748193903,-0.0011443639323027001,-0.0013653976930628996,-0.0017251006317821,-0.0018285103118618994,-0.0018074012581189994,-0.0015794289436473997,-0.0013922272308027998,-0.0012133134049650994,-0.0012633263702273995,-0.0013363928323514,-0.0011819942243199997,-0.0011236699052653,-0.0007224364748595999,-0.0007750467994542998,-0.0011264184443111995,-0.0009483375625903997,-0.0010174265948158,-0.0011146814316723994,-0.0011888073154413996,-0.0010507700334172997,-0.0008630327410134998,-0.0009808225900528001,-0.0028658414105211,0.0032608382875006004,0.006459481365173001,0.0062374227178999
2096,-0.001152272087681583,-0.0014104871030511837,-0.0014473954351098832,-0.0011105736655765831,-0.001126123836942983,-0.0013519765957025836,-0.0017353271017839836,-0.0018501590892762835,-0.001823954385689983,-0.0015569591213602835,-0.0014012561081481836,-0.0011873081403841836,-0.0012403438044519834,-0.0013478045193366837,-0.001155250146212683,-0.0010837085422454834,-0.0006407970575001832,-0.0007323826655260836,-0.0010986162495626836,-0.000893075004353983,-0.0009640991592603835,-0.0010632098260971831,-0.0010869958889457832,-0.0009729986466446836,-0.0007377305190046832,-0.0009161521124243835,-0.002814640181004383,0.0032829489827429165,0.006394907137600417,0.0062468521283622165
2094,-0.0011886044794926663,-0.0014176200164823663,-0.001486191411915667,-0.0011030660313575665,-0.0011368622369707666,-0.0013451196440829663,-0.0017391491253478664,-0.0018482708381159663,-0.0018448910995537667,-0.0015668799857525666,-0.0014308462546775667,-0.0011649778463101662,-0.0012300916030643667,-0.001364473637950967,-0.0011601841431095666,-0.0010834718129801666,-0.0006137950350188666,-0.0007069533253896663,-0.0011089114505412664,-0.0008958446873948665,-0.0009236758269673667,-0.0010120163459308665,-0.0010246966921874665,-0.0009270251942489665,-0.000705334461094667,-0.0008904556930023665,-0.0027706562699284665,0.0033762629548717334,0.006432409199635733,0.0063323441762190335
2092,-0.0012023886286082327,-0.001438899309990833,-0.0015522707289388326,-0.0010903130125423325,-0.0011748224418939327,-0.0013702560025978328,-0.0017572834743291334,-0.001845646740713032,-0.001883436162765732,-0.001618904757284132,-0.0014658976156885321,-0.0011738355673157324,-0.0012484627617497324,-0.0013870058667695322,-0.0011943594972127327,-0.0011001087331483327,-0.0006488992724985329,-0.0007316614418326328,-0.0011478733481901328,-0.0009331830598155325,-0.0009028628980863327,-0.000980499267050832,-0.0010222191811253322,-0.0009283035377768327,-0.0007552755946052328,-0.0009123783719206325,-0.0027594893427967324,0.0034749279545804677,0.006545475080739668,0.006458694121974168
2090,-0.0011662719729786499,-0.0014739086664684493,-0.0015811511476415494,-0.0010863450567577494,-0.0012282418657702495,-0.0014130817346607498,-0.00178360396728255,-0.0018441462379090497,-0.00192125878408605,-0.0016702226258223495,-0.0014747242061938495,-0.0012086537943233498,-0.0012838650484786494,-0.0013936656253396495,-0.0012333070864289494,-0.00110007525296735,-0.0007040822281577496,-0.0007968710325748493,-0.0011841398284229499,-0.0009626583723762495,-0.0009012950859288498,-0.0009718754673112501,-0.0010601704419730493,-0.0009614179680682497,-0.0008123120098573501,-0.0009377042332588499,-0.00279555898573195,0.0034945508454107504,0.006623704721892351,0.00653591870961665
2088,-0.001109182710584816,-0.001513255607587716,-0.001536527532836316,-0.0010881748764719158,-0.001278604350649016,-0.0014300737727945155,-0.0017834587392621159,-0.0018195683741584158,-0.001915432235463416,-0.001664837749920516,-0.0014358085945611158,-0.0012240194038712158,-0.001303606965881116,-0.0013657242122816155,-0.0012477747273471158,-0.0010785287055736156,-0.000731784937663316,-0.0008567855013878155,-0.0011878400926238156,-0.0009555272995800156,-0.0009126096773560159,-0.0009769222375052159,-0.0010939136091755158,-0.000994616077785916,-0.0008341568926129158,-0.000912830666707316,-0.0028326389024423155,0.003446296234004584,0.006617865360434784,0.006525745078129784
2086,-0.0010890375959548997,-0.0015316937475027994,-0.0014506191875074998,-0.0010868115479287991,-0.001306018359133599,-0.0014187936435751994,-0.0017610980463596995,-0.0017878831788011996,-0.001883407940653899,-0.0016251424137055993,-0.0013864736441748997,-0.0012096827309369998,-0.0013130746759304995,-0.0013369195176229994,-0.0012529675899373995,-0.0010732299005178996,-0.0007387696698804998,-0.0008969382356305996,-0.0011756692843361998,-0.0009307258561395992,-0.0009474409278536996,-0.0010121798279289994,-0.0011142436244626999,-0.0010228525393407993,-0.0008513019639863994,-0.0008527599966123996,-0.0028296679096059,0.0033996779820388004,0.0065799024645035,0.0064641804380276
2084,-0.0011255207060005498,-0.0015099044211085498,-0.00138704779880405,-0.0010785804585652496,-0.0012988135145026503,-0.0014101267286697502,-0.0017578958199269503,-0.0017953983965271502,-0.0018929971172490499,-0.0016193693422365501,-0.0013771747613688496,-0.0012009667517847498,-0.0013432522388126503,-0.00134367989485855,-0.0012801836425146503,-0.0011092095573827497,-0.0007582784371860502,-0.0009293759942322496,-0.00118444328140685,-0.0009264778546649497,-0.00100767966872225,-0.0010948643795850497,-0.0011459300660325495,-0.0010529993721748502,-0.0008923072066111498,-0.0008252660564820502,-0.0028089736358161504,0.0033805240108042765,0.006571193989256751,0.00639986689898105
2082,-0.0011879038083712498,-0.0014617458772329499,-0.00138064562619285,-0.0010685771742960492,-0.0012636504824812492,-0.0014021402239432499,-0.0017729536468200496,-0.0018318909602074492,-0.0019509611584837497,-0.0016420082269757493,-0.0013855476231636491,-0.0012054242969003499,-0.0013774153857449498,-0.0013449049165477492,-0.0013011355487299496,-0.0011469209101290494,-0.0007786953776823492,-0.0009290015491736497,-0.0011994415546822497,-0.0009372783349683497,-0.0010419148340540495,-0.0011796289199630496,-0.0011792733251676495,-0.0010605055674468497,-0.0009172575055960497,-0.0008475513538586492,-0.00279299831059515,0.0033698613995718505,0.006598103041365651,0.00636252296857435
2080,-0.0012413193578026333,-0.0014195791580104335,-0.0014247760105102333,-0.001068261274850533,-0.001224775976491733,-0.0013695772245732327,-0.0017559989277077335,-0.0018332884177012327,-0.001984785357605633,-0.0016211082038611333,-0.0013513139467384331,-0.0011898634620966329,-0.0013586315393985336,-0.0012774176329197334,-0.0012529422144375328,-0.0011280867185466332,-0.0007579271184475333,-0.0008539818211919332,-0.001167790766262733,-0.0009243334321122334,-0.0009845285303286327,-0.0011863622351946327,-0.0011657701286074329,-0.0010170541862778333,-0.0008780471018557329,-0.000862683295232633,-0.002747595561714033,0.003374454435813367,0.006649114768965467,0.006378711777665567
2078,-0.001270097266318917,-0.0013952592962217167,-0.0014921311229893174,-0.001085685087061917,-0.0012053586688197167,-0.0013286562789741174,-0.0016977285426265165,-0.0017865110757106168,-0.0019537913066203167,-0.0015463434404393173,-0.001285033915687117,-0.001151556123955017,-0.001277954429160317,-0.0011787659594014168,-0.0011480550417179167,-0.0010590330963922171,-0.0007018959628192168,-0.0007398317858802166,-0.0010882227682741169,-0.0008907574581167171,-0.0008504916275222166,-0.001106070008844817,-0.001101767410111417,-0.0009591145485975169,-0.0008111840396225166,-0.0008329435107833167,-0.002656122993720017,0.003421320008617583,0.006721945968630283,0.006448531441411583
2076,-0.0012678136166756164,-0.0013797956825111167,-0.0015521418982853167,-0.0011134354016016168,-0.0012014681919137165,-0.0013164731989573162,-0.0016524224811645168,-0.0017560437499008165,-0.0019001885597831163,-0.0014924776970849166,-0.001256810863503717,-0.0011301583318501169,-0.0011928719042812166,-0.0011549641243863169,-0.0010776475356015164,-0.0010012248897734166,-0.0006606893222792162,-0.0006862191204875167,-0.0010233972756752167,-0.0008910974393408167,-0.0007399321904445165,-0.0010245006381718168,-0.001052226005953517,-0.0009588972056466163,-0.0008002429709817165,-0.0007933684391580164,-0.0025812630513051167,0.0034965400756178833,0.006794475563840283,0.006514654790987383
2074,-0.0012411855135973661,-0.0013839438247843666,-0.0015839159841890662,-0.0011357562210348665,-0.0011880893143682665,-0.0013106290554154663,-0.0016376011468808662,-0.0017708709131342665,-0.0018568836162596663,-0.0014917481072238663,-0.0012725955464985665,-0.0011299553175251665,-0.0011384408820722665,-0.0012132025275207662,-0.0010724006912345664,-0.0009780845351071662,-0.0006382673476359665,-0.0007154245598087663,-0.0010006503397698664,-0.0009437160948542662,-0.0007157381056537662,-0.0010084253772702665,-0.0010499432167566662,-0.0010102024557961664,-0.0008491837555698665,-0.0007782395033526664,-0.002567949907954066,0.0035596793758027336,0.006835684715153233,0.006532890857973934
2072,-0.0012215476125191,-0.0014379357361456,-0.001583570025988,-0.0011492488757351002,-0.0011574974496785001,-0.0012572782720271,-0.0015964125948442001,-0.0017714285776555998,-0.0017936768638032998,-0.0014908722223001,-0.0012674501878734,-0.0011073734878258,-0.001097081874083,-0.0012441420453742,-0.0010574686239649,-0.0009569350071076,-0.0005856696735950874,-0.0007378813394835963,-0.0009755747410751,-0.0009922213938675,-0.0007410380529156,-0.0010304132847148,-0.0010417805575662,-0.0010253083152082,-0.0008750742799523,-0.0007626460247083,-0.002561424919599,0.0036001861350246998,0.0068567526434834,0.0065497997000663
2070,-0.0012376572491919334,-0.0015307030490929333,-0.0015595560873571334,-0.0011645110371772333,-0.0011349270024676333,-0.0011775600276278334,-0.0015029752454432334,-0.0017156492929270334,-0.0017009911697790335,-0.0014644552252578334,-0.0012315463823862334,-0.0010599238114486335,-0.0010735805541731334,-0.0011899661480476334,-0.0009873457354069334,-0.0009220664213738334,-0.0004983570061576334,-0.0006896051577662328,-0.0009214923215305334,-0.0009800139861508334,-0.0007589728801958417,-0.0010339882776480335,-0.0009845108832916335,-0.0009633918937396334,-0.0008308715868499516,-0.0007212887257028718,-0.0025040467991445333,0.0036201382338866663,0.006889915138685167,0.006627354425286867
2068,-0.001275288172025583,-0.001592765539100583,-0.0015231830629121833,-0.0011844899233267832,-0.001146039990804583,-0.0011571325058374832,-0.001430346973455183,-0.0016607271111884832,-0.001642778389269183,-0.0014675979610727832,-0.001236314294081883,-0.001048101783889583,-0.0011110494986573832,-0.001124840758954983,-0.0009346240688923831,-0.0009009643332161831,-0.0004461368630186832,-0.0006185245626547831,-0.0008836751522346832,-0.0009213041243820832,-0.0007709942110377831,-0.0010104856216500832,-0.0009308248020835832,-0.0008858566526682831,-0.0007649438755385832,-0.0006845443498196832,-0.002440833762558683,0.0036008432537922167,0.006912712639224116,0.006721766688169716
2066,-0.0012976509279367006,-0.0015786546686697004,-0.0014891018550262005,-0.0011945088561986007,-0.0011846061757248005,-0.0012230803547938008,-0.0014563218280064004,-0.0016787720968199004,-0.0016731021531371008,-0.0015334247324868006,-0.0013062843953976005,-0.0011007601064021008,-0.0012071668528840008,-0.0011293839283392005,-0.0009808212985795007,-0.0009145157978401007,-0.0004797318288655007,-0.0005949890252684004,-0.0009084701817217008,-0.0008718698282235006,-0.0008076906920985007,-0.0009810496545131007,-0.0009526208190876006,-0.0008529052191096004,-0.0007372682177688005,-0.0006875355640374005,-0.0024403563236189006,0.003545388158503599,0.0068681976446258,0.006744522483556
2064,-0.0012955682227824166,-0.0015260636989075167,-0.0014784788302304162,-0.0011805332885484166,-0.0012271667800130164,-0.0013204536809452165,-0.001563835834557116,-0.0017560955520333162,-0.0017644892851087167,-0.0016098736317747167,-0.0013697562973868163,-0.0011730476264475167,-0.0012940417493282163,-0.0011883391239690165,-0.0010964792544057166,-0.0009587192953753165,-0.0005733047088505167,-0.0006222820233027166,-0.0009782339603996164,-0.0008676572180846163,-0.0008733367934319167,-0.0009573317357841164,-0.0010299209185384165,-0.0008490619409853165,-0.0007477065952149163,-0.0007148697765469165,-0.0024858309411812164,0.0035122133248915834,0.006769941500393383,0.006707810820481783
2062,-0.0012840868480783337,-0.0015034362789546334,-0.0015029869018988336,-0.0011452612750759335,-0.0012571477179264335,-0.0014032688089961334,-0.0016763269367386336,-0.0018277732893522338,-0.0018533207027901335,-0.0016437816577354336,-0.0013725453492332334,-0.0012193028765374334,-0.0013272706920912337,-0.0012539107819988335,-0.0011898818659556336,-0.0010286249533846337,-0.0006734393814181335,-0.0006758607267267336,-0.0010452442897808335,-0.0009072798046606335,-0.0009476040004023337,-0.0009560045641316334,-0.0010808089101378337,-0.0008454928753611334,-0.0007722543792901334,-0.0007385270085077335,-0.002530839976337234,0.0035405471401416663,0.006704636132847866,0.006692919021934167
2060,-0.0012653701759817667,-0.0015273985303417667,-0.0015424688580785667,-0.0011009512152524666,-0.0012638473238520667,-0.0014658143167109667,-0.0017437374745002665,-0.0018608495923516666,-0.0019023073080666668,-0.0016516852527971666,-0.0013465125566610666,-0.0012409875699150668,-0.0013321304161216666,-0.0013133090219462668,-0.0012218962955636667,-0.0011056329624258667,-0.0007478462536500666,-0.0007475974134212666,-0.0010829703946380667,-0.0009507648849212667,-0.0010050100880553668,-0.0009984427043172666,-0.0010725278618174668,-0.0008599232201915667,-0.0008094082629902667,-0.0007619933527196667,-0.002583380977198067,0.003580801702230033,0.006708045449613533,0.006700036103506633
2058,-0.0012366195238559716,-0.0015659506154735718,-0.0015599138727726719,-0.001061053079419342,-0.0012412644692110716,-0.0014865901413792717,-0.0017579621585168718,-0.0018575283836658719,-0.0018965942491098718,-0.0016602170492690718,-0.0013236058119930718,-0.0012412157231869718,-0.0013350806838803718,-0.0013490258954997718,-0.0012144647822044717,-0.0011355721514376437,-0.0007769804047487717,-0.0008107543773760717,-0.0010830048853367738,-0.0009381447933723717,-0.0010175801551981162,-0.0010689842734146432,-0.001046079789916981,-0.0009137056602776717,-0.0008647801917449718,-0.0007881992202471717,-0.0026478631160994715,0.003571464362226628,0.006724781245143828,0.0066648015607326284
2056,-0.0012225129885925557,-0.0015935666667572556,-0.0015413246473960556,-0.0010474827580131223,-0.0012053149051425556,-0.0014349667782939555,-0.0017271218784148555,-0.0018248596900495555,-0.0018392812551314556,-0.0016529259611580555,-0.0012852008095266556,-0.0012056982434222557,-0.0013234405444789556,-0.0013195488688964557,-0.0011905124978398552,-0.001076801649304917,-0.0007548048896559557,-0.0008157258562549556,-0.0010519178890472582,-0.0008537640892506556,-0.0009701629273993556,-0.0011150660054841629,-0.0010480526033203074,-0.0009879258015840556,-0.0009293235004492556,-0.0007886545590725556,-0.0026596860101776557,0.0035375838015111443,0.006717142488560144,0.006610201965901545
2054,-0.0012506294584346501,-0.00160090202243195,-0.00150771979495435,-0.00108030829121215,-0.00119594492552275,-0.00135057782098825,-0.0016828286338537502,-0.0017850113727095503,-0.00177555945684535,-0.00161944684447755,-0.0012349439093530502,-0.00115447818813995,-0.0012933612794452502,-0.00122855220423215,-0.00116833146575535,-0.0009652145633639502,-0.0007149034769769501,-0.0007631496733309501,-0.0010313942540544502,-0.0007715723144546501,-0.0008909959864437501,-0.0011069868044237502,-0.0010824631461267501,-0.00104908132296855,-0.0009915538780586501,-0.0007435678152447501,-0.0025734231238566502,0.00354089689103185,0.00672303602295345,0.006635504492555851
2052,-0.0012980855085346498,-0.0015797543411038496,-0.00148749111724375,-0.0011438072998374497,-0.0012370793378278498,-0.0013220926091038498,-0.00166802030718665,-0.00176873270449125,-0.0017553758731768498,-0.00158227876967275,-0.00122280492705215,-0.0011350133835831499,-0.00126598566065425,-0.00114385671691605,-0.0011683760868187497,-0.0008727943352905498,-0.0006989393235013498,-0.0007179119253475498,-0.00106279620796495,-0.0007781002039848497,-0.0008218688806504496,-0.0010658128758601498,-0.0011149936055270498,-0.0010705394176328499,-0.00103957471747935,-0.0006768175139910499,-0.00245716389251825,0.00357819878185165,0.006776732706176651,0.00674621760454755
2050,-0.0013158703795638662,-0.0015395779361721666,-0.0014926083902605664,-0.0011883128719634667,-0.0013013700596991667,-0.0013562373096138664,-0.0016766726330694664,-0.0017624333611653666,-0.0017480045389000665,-0.0015315235180001665,-0.0012477681885266663,-0.0011381337258540665,-0.0012308601690312663,-0.0010964881538061667,-0.0011762251751410665,-0.0008012573589981664,-0.0006807130406160664,-0.0007011219328467663,-0.0011088304663462666,-0.0008412527780567664,-0.0007442532379533665,-0.0010095691928495663,-0.0010981004398227666,-0.0010113904095305666,-0.0010321242223184663,-0.0006133670828446665,-0.0023919263905178667,0.0036145389282846337,0.006853772492127033,0.006837739637659233
2048,-0.0013049503320138169,-0.0015203620729476168,-0.0015225118327642168,-0.0011849235185518168,-0.0013366424636930168,-0.0013565325875548168,-0.0016457616677400169,-0.0017122045308334167,-0.0016693766443640168,-0.0014116841343928168,-0.0012209143601261167,-0.0011008071103073168,-0.0011487476772874168,-0.0010355918739422168,-0.0011361263205977167,-0.0007011603269436166,-0.0005870871085686167,-0.0006426484626910167,-0.0010650509511669166,-0.0008284935360509167,-0.0005998611475121167,-0.0009244250092034167,-0.0010066781404189167,-0.0008376619543454167,-0.0009038534900827166,-0.0005454528974151167,-0.0023499090911432165,0.0036739183417473834,0.006927253766357183,0.006869390219970483
2046,-0.0013171651059623339,-0.0015425392150838339,-0.0015608729914497338,-0.001166151723954034,-0.0013245288986946338,-0.0012636426468018338,-0.0015445164120171339,-0.0016218610338482337,-0.0015221415683873338,-0.0012364396861452337,-0.0010905389489804338,-0.001023523846092934,-0.0010479731579843337,-0.0009347031836887338,-0.0010313675444008337,-0.000594680144546634,-0.0004236995617965338,-0.0005028612269638339,-0.0008894316817943337,-0.0006801448830000339,-0.0004101517338856338,-0.0008209908618443339,-0.000880563768367234,-0.000611081728737934,-0.0006537854965396337,-0.000474835243522534,-0.0022725231332378338,0.003794843838256366,0.006995629189248566,0.0069112579351445665
2044,-0.0013610894681969502,-0.00155699857492495,-0.0015721556795620503,-0.0011860484728211502,-0.00129862353751275,-0.00114565127244135,-0.00142878988646555,-0.00157679754504225,-0.00142070978524815,-0.00113061063533335,-0.0009385463781559503,-0.00099011625210115,-0.0010215529880227502,-0.0008599742778685501,-0.00092651478453915,-0.0005663635956781503,-0.00029968447783145034,-0.00036647395512894986,-0.00067588171315175,-0.0005001097896065497,-0.0002922997515370498,-0.0007511229099739503,-0.0007876267429174503,-0.00046348991257645026,-0.00039024266025235003,-0.00043136406434624974,-0.00218618842788825,0.00392709434162385,0.00703313354006155,0.0069749157330178495
2042,-0.0013785908800116836,-0.0015143428742743835,-0.0015342402458138832,-0.0012399566427091836,-0.0012891119243019834,-0.0010788365877797833,-0.0013525701193012832,-0.0016077018814116832,-0.0014188770941077834,-0.0011676239573053834,-0.0008603652712974833,-0.0010195604477568833,-0.0010745363869291832,-0.0008572508056228834,-0.0008663867434073836,-0.0006145158824127838,-0.000273047133466083,-0.00031912334312068306,-0.0005268369300866832,-0.0004072174849201835,-0.0003059864596751836,-0.0007345088633226833,-0.0007126479605139833,-0.00042539284814408374,-0.00021764919322658349,-0.00041423212342898367,-0.0021228748505410836,0.003987740007960317,0.006998823605675316,0.006956242567111117
2040,-0.001337838110666366,-0.001450383792230566,-0.001476256007982466,-0.001269471357466366,-0.001289912876604166,-0.0010465174202497663,-0.001306123934358166,-0.0016319614498328662,-0.0014494955263857662,-0.0012755335200224662,-0.000850941457555866,-0.0010261236397294663,-0.001100868272241666,-0.0008763733885586663,-0.0008210611045129661,-0.0006437340094794662,-0.0002863953159236662,-0.0003317416247860662,-0.00045634018135116625,-0.000411372082238366,-0.00039703821135586613,-0.0007333884212961661,-0.0005786546572213659,-0.00041110847797516626,-0.00015538793109656605,-0.0003902376076432663,-0.002026712048719766,0.003975379126813634,0.006915760203387534,0.006823862144949934
2038,-0.0012811344515418833,-0.0014449640589236832,-0.0014705636928005832,-0.0012409278237510834,-0.0012876944385027834,-0.0010016917424730833,-0.0012618875087715832,-0.0015642935095768833,-0.0014527744289087833,-0.0013334603852238832,-0.0008632900386319833,-0.0009515057127282832,-0.0010274434268860832,-0.0008502140858011833,-0.0007604573583832833,-0.0005999709562624833,-0.0002616588161564832,-0.0003203674918531833,-0.0004366212832349833,-0.00045583973714918326,-0.0004791549058093833,-0.0006978266276755833,-0.00037791683162638327,-0.00036502073113138327,-0.00015806766322308324,-0.0003489838280788832,-0.0018499409303556831,0.003957369487961517,0.006879379954516917,0.006725284465520016
2036,-0.00126741816705465,-0.0015042734302597501,-0.00155341041917075,-0.00118608573298105,-0.00128991914730025,-0.0009384560281836652,-0.00121306404788675,-0.0014247906433232501,-0.00143714817839085,-0.00129368163138375,-0.000871786155232095,-0.0008380133820032123,-0.0008937239788852913,-0.00077549308366705,-0.00070400289720735,-0.00052219396863155,-0.00017480208281604997,-0.00025349420915035,-0.00042841529001525,-0.00047427058388345,-0.00049619325045555,-0.00059632115557725,-0.00019892140410735003,-0.00031371091450575,-0.00015386488441054998,-0.00029487738083854996,-0.0016578288441634502,0.00398343088388665,0.00693849638428135,0.00680110689676645
2034,-0.0013012423103806003,-0.0015597550562178003,-0.0016780962496615,-0.0011485333000578,-0.0013112725743588001,-0.0008755891036787001,-0.0011559124352664,-0.0012942551625514,-0.0013994405941369003,-0.0011929459691422,-0.0008534763848618001,-0.0007399422060819999,-0.0007671978789896001,-0.0006884126581601,-0.0006687806740197999,-0.0004502109683025002,-4.724971418440006e-05,-0.00016634499330700015,-0.0003856201780424,-0.00041322630068650005,-0.00042171544811510017,-0.0004182226137163002,-0.00011455449632360006,-0.0002743012013019003,-0.00010185767346890034,-0.00020466236398700025,-0.0015356999355706003,0.004062092159375,0.007033730368981099,0.0069988994906765006
2032,-0.0013521906223497495,-0.0015812218270631496,-0.00176493911051755,-0.0011287485677881496,-0.00134222813148585,-0.0008263231072509498,-0.00108448013097465,-0.00122260137525075,-0.0013025046058866493,-0.0010887620641530501,-0.0007874497029532494,-0.0006628905406179499,-0.00067614509531285,-0.00062309837378355,-0.0006349813070994498,-0.00038759488429464944,7.093720636865055e-05,-0.00010846944984454956,-0.0003065534867060498,-0.0002723863532685493,-0.0002676272386924498,-0.0002078416262360494,-0.00012702102119984977,-0.0002263565219505501,-3.1340571175349566e-05,-7.030106798565014e-05,-0.0014936080452478493,0.004177640477132251,0.007098284018251951,0.0071693282592044496
2030,-0.001387395732733234,-0.0016147169966937332,-0.0017753359631569338,-0.0011075970376442333,-0.0013448913424873336,-0.0007953120710307328,-0.0010107685779130338,-0.0012185855777947334,-0.0011760258112716339,-0.0010247632465000336,-0.000699778537608834,-0.000610511327915033,-0.0006289961737242344,-0.0006078178339842342,-0.0005829527212578341,-0.00035632839835313297,0.00011006246530016577,-0.00010489071263493355,-0.00026061499081313395,-0.00013150203031163377,-0.0001067412766551333,-7.600485333503389e-05,-0.00020742213641393274,-0.000183767758199933,2.9498165664658405e-06,3.836163853906602e-05,-0.0015111899556230334,0.004262334952258867,0.007134849713846267,0.007229937072715466
2028,-0.0013830206700211171,-0.001698505708925417,-0.0017328275984881169,-0.0010862157598716168,-0.0012894615321277173,-0.0007579789947143173,-0.0009393488668582167,-0.001249424994512317,-0.0011115634828068165,-0.000995391813310517,-0.000634464106177117,-0.0005850652722227167,-0.0005994060745393168,-0.0006237636339942168,-0.0005049081677754169,-0.0003712248239347172,6.461656976758292e-05,-0.00011915577264101727,-0.0002859521068705167,-5.360532296871685e-05,-1.2137979712716941e-05,-7.117294185641707e-05,-0.0003079963381661171,-0.00018498350821291674,1.1769236421683461e-05,5.500112322558322e-05,-0.0015626342023260173,0.004237642580515282,0.007164837971128982,0.0071900312694339824
2026,-0.001357910854305167,-0.0018000813927955667,-0.0016687168445877667,-0.0010803301357474667,-0.001190352391633467,-0.000680363045627067,-0.000863386733824367,-0.001268941215328567,-0.001126901402390767,-0.0009628388524827668,-0.0005859927789461667,-0.0005549127437112665,-0.0005320895310591666,-0.0006026988438062666,-0.0003952512416175672,-0.0003998177883126671,1.3357616567333079e-05,-8.407359024876701e-05,-0.00031560866885216657,4.012813762833446e-06,1.1712871687833554e-05,-0.00011077160928386724,-0.00036793026983376713,-0.00021480767292846644,3.970185771863359e-05,1.480755379003329e-05,-0.001592573991031267,0.004132317294530734,0.007176497826279933,0.0070973916190694335
2024,-0.0013784471635563834,-0.0018656270658101832,-0.0015899883352455833,-0.0011013512148542832,-0.0010978320828854834,-0.0005996847042754835,-0.0008174808981155832,-0.0012734608590231832,-0.0011574084071291832,-0.0009247781169797833,-0.0005442361967884831,-0.0005051602917432833,-0.00043090535523758336,-0.0005223821820095832,-0.0002850231551899834,-0.0004094208824088831,7.999471404816511e-06,1.2160375245516726e-05,-0.00028205844988308344,9.786134995371691e-05,-9.987895519783258e-06,-0.00010528206945278331,-0.0003462057854331834,-0.00022093011568678333,6.757542038461671e-05,-7.418557205983098e-06,-0.0015459657201836834,0.004090344274434917,0.007190588027205716,0.007033245862351918
2022,-0.00148102284276505,-0.00187633549956905,-0.00151204100918275,-0.00115247649331715,-0.0010648530198222501,-0.00060305306012985,-0.00086571224920765,-0.0012965162291045502,-0.00116633531965075,-0.0009257265042833501,-0.00054798672010835,-0.00048890273629005,-0.00038745606032155005,-0.00044954600050964993,-0.0002456706371623499,-0.0004010218498058499,2.2683409031650035e-05,0.00011121004503635012,-0.00020494576254095009,0.00019491978356474997,-5.421252038185012e-05,-4.179124970615008e-05,-0.0002425713810587501,-0.00017457053952915007,6.074587777085e-05,1.2085451253749865e-05,-0.0014390975772606502,0.00422640228541365,0.00728213261075835,0.00708672886465625
2020,-0.0015941182228947836,-0.0018503182604206836,-0.0014652713457279838,-0.0012282465935600836,-0.0010918936651561836,-0.0006726456609618837,-0.0009937217928434835,-0.0013292753544078837,-0.0011679514263950837,-0.0009650317324272836,-0.0006077104400662838,-0.0005365718097778836,-0.0004393114092285837,-0.0004362664166865835,-0.00028879988370778377,-0.00036398085129338374,3.4959990825616204e-05,0.00017970203416791666,-0.00012972867388528347,0.00023653668706571625,-6.599343905268383e-05,5.409220940431631e-05,-9.730882345368366e-05,-7.827593020428387e-05,7.458885712721642e-05,5.359835368641628e-05,-0.0013417166789555838,0.004467860723345216,0.007454945909959116,0.007229848087759717
2018,-0.0016115692541536176,-0.0018069358192963174,-0.0014620048679100175,-0.0013029067446995177,-0.0011267288128263171,-0.0006846961197302173,-0.0011039905424802179,-0.0013041551981147178,-0.0011727796296216175,-0.0009704638670273175,-0.0006487095529605176,-0.0005791688118206174,-0.0004861836326805176,-0.00043794435101001793,-0.0003307038434207177,-0.00026702101393141775,7.093517444038255e-05,0.00024583104692378274,-5.3596126744917885e-05,0.0002321860878956826,2.75410760908288e-06,0.00015269672670888221,1.4750298706082444e-05,5.498750741088267e-05,0.00017774691523478239,0.00010180751755008242,-0.0012798891558734177,0.004628630585444683,0.007582787781371082,0.007310145498885783
2016,-0.0015363031991915662,-0.0017555596225773667,-0.0014917466531628662,-0.0013247109460943667,-0.0011270286248826668,-0.0006082772367599666,-0.001157453262361466,-0.0012095821731238666,-0.0011891724774026665,-0.0009228570785576665,-0.0006170589563866662,-0.0005553588521279669,-0.0004514416529728662,-0.0004211200504310661,-0.00031507294082136657,-0.0001481331307591656,0.00011838800723013368,0.0002972044228658332,1.3396802186434187e-05,0.0002049088472856342,9.80763222819328e-05,0.00017595933343623332,-3.986787068966519e-06,0.00017651581970933375,0.0002945272481125333,0.00012009555934043396,-0.0012485813736972662,0.004596436339129234,0.007544899035289534,0.007235349045908834
2014,-0.0014797075639001837,-0.0017165606617636836,-0.0015434181123264836,-0.001256385415356583,-0.0010986031757728833,-0.000567983944365383,-0.001212786900069083,-0.0011430432164986834,-0.0012484586489824832,-0.0009130824079708836,-0.0005764620896998836,-0.0005258823656556838,-0.00041835808095938305,-0.000445889603542483,-0.0002989399274339836,-0.0001225479324982832,0.00010146061222321683,0.0002555969817216166,2.5491552993169367e-06,0.00013320251281181625,0.00010062640315511642,4.13303179558162e-05,-0.00018314675709298327,0.00021010321334131651,0.0002752774384610166,5.474513485411673e-05,-0.0012794028243561838,0.004414212357572817,0.007378784636378317,0.007094674929119817
2012,-0.0015053982589117664,-0.0017071709187160664,-0.0016105362633666665,-0.0011358817883059666,-0.0010716299284874665,-0.0006299197415379665,-0.0012935886121005664,-0.0011733212599463665,-0.0013472829509282665,-0.0009909800376765665,-0.0006072487126246664,-0.0005705013551574665,-0.0004891344116486666,-0.0005436559198258666,-0.00035706460469286634,-0.00021583454567006667,1.7961169210733464e-05,0.0001201611606469334,-9.874116262156667e-05,2.0600509846033406e-05,2.2728105897335676e-06,-0.0001813810282155666,-0.00038684403193596636,0.00015384193616883347,0.00013719265850433348,-6.899972183086649e-05,-0.0013893648088592666,0.0042169383875665335,0.007224561541212234,0.007030617157787933
2010,-0.0015495292330821666,-0.0017118008202163667,-0.0016782985103453666,-0.0010533584561454668,-0.0010594677565357667,-0.0007040863650674667,-0.0013306910282300667,-0.0012433552507159667,-0.0014255985418823668,-0.0010731413995481668,-0.0006903170111382667,-0.0006493773489923667,-0.0006207994241843577,-0.0006342458310292667,-0.00046914516219696953,-0.00031935126015606666,-3.241499514416665e-05,-1.936663523766655e-06,-0.00020882837661486672,-7.142233157426671e-05,-9.212089966256667e-05,-0.0003165737403279667,-0.0004476387549897293,7.475437814383331e-05,2.8770018490133263e-05,-0.0001566697693808667,-0.0015171183778195667,0.004095607663820633,0.007141238187907933,0.007052454776325133
2008,-0.0015304725278005248,-0.001704255457328125,-0.001721676395376725,-0.0010727330331360752,-0.0010576791801259252,-0.000732428906303825,-0.001289839281920125,-0.001287739661145625,-0.001456604682322925,-0.0010688795146361445,-0.0007760562242866249,-0.000682270315759925,-0.000729429483666525,-0.000654516582833225,-0.000577444840170125,-0.0003585500024746249,-8.912114643724878e-06,-5.069185838012496e-05,-0.00028291965255142497,-0.00011289722704522489,-0.00014760842800852492,-0.0002998160620182249,-0.00035796203995652493,-1.3075041865924985e-05,-6.879017237224885e-06,-0.00016793382659352496,-0.0015888787021270249,0.004073469034813875,0.007109056169641375,0.007086816593767375
2006,-0.0014591465023752169,-0.0016933448536039168,-0.0017263065442585169,-0.001172575884063117,-0.0010586602042812168,-0.0007967883362036169,-0.001245381378614617,-0.0013385971671004168,-0.0014890409809067168,-0.0010111136742970168,-0.0008728430307281168,-0.0006851008467142167,-0.0008240123199311168,-0.0006662331996977167,-0.0006713648586493168,-0.0003776854963970168,3.4363682818831787e-06,-8.502131314501666e-05,-0.0003582899011163169,-0.00014424412353441704,-0.00022161760092771678,-0.00023534670090671677,-0.00026223134019081685,-0.00014845849062491675,-4.9846266658516974e-05,-0.00015121451741611667,-0.001613889778556817,0.004126840528543883,0.007136622441890082,0.007110033988581984
2004,-0.0014137099093306173,-0.0017138781093248173,-0.0017103874349255173,-0.001257610964800517,-0.001056721172120417,-0.0009356853020393171,-0.001254307552064317,-0.0014410705330963171,-0.001551913050749817,-0.000994086260309317,-0.0009907045059174171,-0.0007257042157883171,-0.0009311984369285171,-0.0007421436475802171,-0.000761237819271717,-0.0004238580394941172,-4.739151051101707e-05,-0.00015630923652371672,-0.0004427618246466169,-0.00019481818370841678,-0.0003042343439849174,-0.0002246696882299169,-0.00025760986845431693,-0.0002945435703076175,-0.00010970449115411691,-0.00014373144422411693,-0.001646319422907317,0.004196508290679682,0.007244543833291483,0.007152307590501883
2002,-0.0014361910611287165,-0.0017679789624403166,-0.0016956843488500164,-0.0012669153901454168,-0.0010490328172622168,-0.0010305843278295168,-0.0012665889976053164,-0.0015481417304203165,-0.0015848914209937166,-0.0010280220323936164,-0.0010824398095355165,-0.0007892074360128162,-0.0009911064323784163,-0.0008336683772703166,-0.0008234124251720164,-0.00045118972002291657,-8.476580929421638e-05,-0.00021205795286431683,-0.00047225350517811696,-0.00024421003557971617,-0.0003026830063180162,-0.0002527223962122162,-0.0003025762057943162,-0.00035499499078101623,-0.00011127222655791646,-0.00012671244222591665,-0.0016784068102068165,0.004234569253006084,0.007384738058826883,0.0072158025798266835
2000,-0.0015137766908908663,-0.0018064951120442664,-0.0016871803849353665,-0.0012263756968347666,-0.0010485769001712664,-0.0009924036839280663,-0.0012340841491443664,-0.0015786889860185662,-0.0015283122190930666,-0.0010682780953550665,-0.0011023178713553666,-0.0008088598590329666,-0.0009313512521718663,-0.0008528865881128663,-0.0008272014769434666,-0.00042332663842166657,-3.97250302774663e-05,-0.0001887712360238666,-0.0004168103882554665,-0.0002818195051870662,-0.00020009316914356649,-0.00028484534235956663,-0.00034842842522706625,-0.00030476298297416656,-6.413010534756652e-05,-0.00010029933679676657,-0.0016618676152347664,0.004248381814763735,0.007485837297462534,0.0072824047848765346
1998,-0.00161070002263615,-0.0017878661606032498,-0.00169136533980685,-0.0012040332362293499,-0.0010804888083989499,-0.0009058905616439498,-0.00119096099578155,-0.00151853508599255,-0.00142136790683195,-0.0011019172528484499,-0.0010650816154913498,-0.0007697120741293499,-0.0007882692445962498,-0.0007915396105028498,-0.0007763228827683498,-0.00038447333350464987,4.4837922496250115e-05,-9.691960192474984e-05,-0.00033177562385934984,-0.00031014315857664983,-9.414514282024989e-05,-0.00032700415836164985,-0.0003944259627030499,-0.00020767405857734987,-4.878186061224989e-05,-9.698247666514986e-05,-0.0015973846849407498,0.00429155126421775,0.007550429870865049,0.007374453567674549
1996,-0.0016819428558449167,-0.0017391242866071168,-0.0017149441100040167,-0.0012369300699491166,-0.0011479968263296168,-0.0008909328448465166,-0.0011631051680251166,-0.0014049657094737165,-0.0013363049594605166,-0.0011208882610883168,-0.0009964110909067166,-0.0007012291021403169,-0.0006620686165762168,-0.0006923026461810168,-0.0006902009926699165,-0.0003621880049119166,0.00010685338642718329,2.3573994845083306e-05,-0.00026129897119471675,-0.00028613945473011655,-4.829381302461663e-05,-0.0003459504537763167,-0.00041041366861381675,-0.00010806936463591665,-4.954618023181659e-05,-9.783283859831661e-05,-0.0015300367654653168,0.004406687879766584,0.007638140622978884,0.007520938148734784
1994,-0.0017001094910316667,-0.0017240539698353667,-0.0017433877695692667,-0.0013023498561554668,-0.001223688961631567,-0.0009044720412999669,-0.0010968417569250668,-0.001251440471128067,-0.0012567447531363668,-0.0010770502645022668,-0.0008676399387403669,-0.0005942919923944669,-0.000573236029583067,-0.000560969060795967,-0.000568414186421667,-0.000296972111037567,0.00017674926938653307,0.000168545740647433,-0.00016864265476356692,-0.00014987188782436686,-4.112683849966906e-06,-0.00025515718682076686,-0.00032923269775486685,1.531498658203308e-05,3.962318954603308e-05,-2.747840944006697e-05,-0.0014604405981305667,0.004578615251003233,0.007756217710568133,0.0076935900482233335
1992,-0.0016793578640208501,-0.0017620227878565097,-0.0017437103797466904,-0.0013518719929059499,-0.00127346287224505,-0.0008211553269303499,-0.00096872276627045,-0.00107850401167135,-0.00113095477624615,-0.00094957096151935,-0.0006690911540662499,-0.00043287674463865,-0.00048705455306775,-0.00040742094750685,-0.0004285174197487501,-0.00015010835231184998,0.0002901917887649498,0.00030788521881095,-4.594216752164997e-05,4.9406876920449986e-05,8.065677087235002e-05,-5.056324661704991e-05,-0.00016429864074235002,0.00013444979055064993,0.0002091112918512501,0.00011304007322135,-0.00137315432030785,0.00472429180373555,0.00782221390862375,0.00781042589677505
1990,-0.0016509846082541002,-0.0018019987236189004,-0.0017098955220284004,-0.0013566243150563003,-0.0012815338077441004,-0.0006406085687137002,-0.0008744284380397004,-0.0009703742591655002,-0.0009978362812784,-0.0008172297655623002,-0.0005022204573075003,-0.00029244644751790037,-0.0004257745997431001,-0.0003168270700111002,-0.00033923265922720025,-1.3729629392600189e-05,0.0003753245763515995,0.0003368357980166,2.892308712499573e-06,0.0001416472834621994,0.00012578909923879932,0.00011610341878779936,-4.8546108407900284e-05,0.0001315061098666995,0.00028483279987729987,0.00019398463648239968,-0.0013412374499824002,0.004735285054513099,0.007764703158818099,0.0078010369767018
1988,-0.0016089420310498328,-0.001791272103090233,-0.0016877497446893329,-0.0013336410820751327,-0.0012660172406471328,-0.00047597000188413265,-0.0008699644699372328,-0.0009648576846800327,-0.0009252185680315326,-0.0007473564328675329,-0.00045012953352373264,-0.0002664150323918326,-0.000412961494806833,-0.0003352430894159328,-0.00031985490812973293,1.3105959826667166e-05,0.0003648132735587671,0.00022426947381846713,-7.354820421983255e-05,7.207360510076699e-05,7.445403926676763e-05,0.00012312164883106734,-5.2567278205832395e-05,-9.598713747032382e-06,0.00019912047323546699,0.00014797487452336729,-0.0014448036508828326,0.0046077182974421675,0.0076400186086564665,0.007687622201551667
1986,-0.0015185656497176832,-0.0017408362177578833,-0.0017145672785069833,-0.0013225095734807832,-0.0012575561223414832,-0.00036075729596988333,-0.0008409296901720831,-0.0009628740685925833,-0.0008724455431818833,-0.0006704585039123833,-0.0004286106846491831,-0.00030500038628898316,-0.00037611504133628314,-0.0003643260028024834,-0.00028665679334268336,-1.5223077988283339e-05,0.0003252326717603166,9.67970935231168e-05,-0.000153132978701983,9.973636818168437e-07,1.1457074653316822e-05,3.903156504601662e-05,-7.96173419239832e-05,-0.00013013928090398327,0.00010675842784251682,8.125660489601699e-05,-0.0016122213665959832,0.004460753838161917,0.007561433634161117,0.007554034841804816
1984,-0.0013949617288259001,-0.0016896046604518,-0.0017700192253485001,-0.0013415207884810002,-0.0012737671100228002,-0.00025404444842010013,-0.0006788266421923706,-0.0008619466677037001,-0.0007624820235625482,-0.0005001488203062001,-0.00032707544029400007,-0.0002791944616193001,-0.0002450788350082001,-0.0003002930505306001,-0.00018161315528030008,2.2562624200999325e-06,0.0003455377819789998,7.33789468514999e-05,-0.00011277088364440005,5.842279521909991e-05,2.5447570548799885e-05,-2.3739195257000073e-05,-3.268828180660009e-05,-0.00010858217293230007,0.0001275925755901999,9.372903226429993e-05,-0.0016961842683174,0.0044060656813971,0.007572414390741201,0.00746987351313
1982,-0.0013271496238090167,-0.0016542110157891166,-0.0018061203053086165,-0.0013703250694254167,-0.0013093633283951167,-0.00016715038352181654,-0.0004659192713349165,-0.0006956591788915166,-0.0006246013342489165,-0.00029960965321761666,-0.00019178082553801654,-0.00015269674256501655,-8.331060794941657e-05,-0.00018361335712461656,-7.062467578571648e-05,6.816787917758344e-05,0.0004122015450090834,0.00014091423272728342,1.3329842014683422e-05,0.00017847118839608338,8.879981154888341e-05,-3.84963850072166e-05,5.575636422018343e-05,1.7058116420834695e-06,0.0002015600176615834,0.00014797906438138349,-0.0016486715961366166,0.004459129710819484,0.007643822492688683,0.007467169342727283
1980,-0.0013791385835282834,-0.0016292288254954835,-0.0018074739723274837,-0.0013659817242803836,-0.0013373356654226836,-0.0001255512715298835,-0.0003663112015028835,-0.0005672275430933835,-0.0005496045119348835,-0.00022137423719718354,-0.00014094043381518353,-9.946416459183534e-06,-7.097223434283516e-06,-0.0001248121225761835,-4.176094362848352e-05,0.00013066349424821648,0.0004708161196192165,0.0002269763571710165,0.00012124767982651648,0.0002394256162386546,0.0001466724386858165,-3.378223366183521e-06,0.00011727273311981648,9.278226418321647e-05,0.0002517598258852909,0.00018420755032201648,-0.0015515042611637835,0.004551216999626816,0.007731632883021717,0.007519158771054316
1978,-0.00149528544520005,-0.0016247214560138501,-0.00180224238416535,-0.00130644093582515,-0.00133449489083515,-6.617929449584999e-05,-0.00037395795536315,-0.0004831330341724502,-0.0005192917658086503,-0.00028083292074695,-0.00013947551022065003,8.703068721604978e-05,1.4791491722049906e-05,-0.00011438432267525016,-4.916555935834989e-05,0.00019832021859974994,0.0005496838771540499,0.0003411578613302501,0.00022302541041245008,0.00028039898151235,0.00025046932719635,0.0001241700329039498,0.00018894329939634974,0.0001867722880812498,0.00034679847945575,0.0002698188560077497,-0.00145552693457715,0.00462445284030495,0.00782543408839495,0.0075631851120395496
1976,-0.0015624421595135498,-0.0016685145514143494,-0.0018080902465856495,-0.00122493274396225,-0.0013114440814294493,6.306978152274996e-05,-0.00035979303385625,-0.00039842283227674996,-0.0004431796324491496,-0.00033671871792304974,-5.660899500954924e-05,0.0001496082096353506,9.917882958985005e-05,-5.9152768953349595e-05,2.098477455145069e-05,0.00029662841199945035,0.0006866422805180501,0.0005199160476526505,0.00037921910426845073,0.0004058247949263504,0.0004557844137829505,0.00032416592720915013,0.0003332897633849504,0.00035254453671825035,0.0005433062120357504,0.00047256982763345043,-0.00133455594209875,0.004665166668145751,0.00792725332806385,0.007575423782905251
1974,-0.0015426188448185163,-0.001757729157970716,-0.0018147767882363162,-0.0011933171241959159,-0.0013068677191158161,0.00016407202285088386,-0.00029781880606161593,-0.00034782734621761555,-0.0003370967003220159,-0.00027895614178701563,9.188424392808387e-05,0.00018354698362588445,0.00022634717644398443,4.505541685798434e-05,0.00017794839672508403,0.0003879299901734844,0.0008119894100721836,0.0006949343596131842,0.0005222637128436836,0.0005676452881916844,0.0006713475161384845,0.00046592070401418363,0.0005065370438310842,0.0005389678112920843,0.0007263552808917844,0.000679059408565684,-0.0012127670171319157,0.004688809940738383,0.008032289378361585,0.007615309634337285
1972,-0.0014992587254210501,-0.0018495909494329501,-0.0018247014143735502,-0.00124175796035445,-0.0013395634162783501,0.00014798851025614977,-0.00024372902642345005,-0.0003375450713764502,-0.00027760333612064994,-0.00012317377572425032,0.0001937224123697498,0.00020080076581384994,0.0003004306632091499,0.00015572575288604973,0.0003544937488239499,0.0004679713687211497,0.0008864791861584501,0.00080019014683635,0.0005751162440106499,0.0006765816806724497,0.0008154680348969501,0.0005278222316365501,0.0006593642978144497,0.0006868631355385498,0.0008274332297515496,0.00077779257733445,-0.00112748284233495,0.004751104274534351,0.00816056250726725,0.00775487246586035
1970,-0.0014730243393566336,-0.0019123168060502336,-0.0018510881037500336,-0.0013314710472011335,-0.0013879725096357335,0.00011686051409446642,-0.00016688705252313358,-0.00024053770862736987,-0.00022189097294598377,7.808828006296644e-05,0.0002759624760745664,0.0002595143096966664,0.00035365871470126645,0.0003147940185456664,0.0005306015798099664,0.0006074994457530665,0.0009992960582342664,0.0008939475792299665,0.0006124638328322664,0.0007832981126198663,0.0009566125246209664,0.0006473120267689664,0.0008233658936275664,0.0008504940132372664,0.0009563360353844665,0.0008534127438442664,-0.0010213872086133335,0.004890003175887267,0.008321387288534366,0.007955872805993768
1968,-0.0014381021225925836,-0.0019364423749772834,-0.0018784939285658834,-0.0014051585523569834,-0.0014260923262714835,0.0001942590211795166,-1.2815269659583513e-05,2.32781324450166e-05,-7.587823879588338e-05,0.00026679750119171653,0.00043144287391731653,0.00037994497043971655,0.0004712022635665166,0.0005399853088763165,0.0006756161679506165,0.0007979256033441165,0.0011860087291998165,0.0010247334012196147,0.0007031882097238166,0.0009420787916001166,0.0011153968556041145,0.0008543599486538166,0.0009674835479328166,0.0010328528418891043,0.001139888052715475,0.0009905358781358994,-0.0008501590544552835,0.005045346132060317,0.008436394188955717,0.008084289304764217
1966,-0.0013781088909319166,-0.0019157049869668167,-0.0018790794723953165,-0.0014201063674048166,-0.0014496104914995165,0.0003304279801944832,0.00015201269685848322,0.00030933621782548324,0.00013617089279178323,0.00035279206688518326,0.0006172544365626833,0.00048717120113508325,0.0006109115341003833,0.0007007902659000833,0.0007124633077871832,0.0009116484098298504,0.0013184300045171833,0.0011183775754073832,0.0007673122303907093,0.0010687404725004833,0.0011666898183193832,0.0009936945904722833,0.0009734990773301832,0.0011027198854283832,0.0012134584813392833,0.0011076309087740832,-0.0007217299324197168,0.005091708932059484,0.008397351948714483,0.008042610209198383
1964,-0.0013246135671660666,-0.0018714092470672667,-0.0018677371141446665,-0.0013740128121757667,-0.0014704788572050666,0.0004174021378347333,0.00024655240724583334,0.00042674605105703337,0.0003134554663597334,0.0003277076003307335,0.0007256001172988333,0.0005349259997588333,0.0006711130099492334,0.0006991334651211335,0.0006707764736533334,0.0009196053623256335,0.0013167424750499335,0.0011322686606603334,0.0007402434332456334,0.0010950582422060333,0.0010793151901801333,0.0010087029560450333,0.0008746661847504333,0.0010337338877849335,0.0011272294516985334,0.0011199018879398334,-0.0007453964063266507,0.005025082708672634,0.008241126818385434,0.007908251597758834
1962,-0.0013048490855820665,-0.0018515859923385666,-0.0018810094569378663,-0.0013019092170261665,-0.0014979616884876665,0.00048166017644483364,0.0003304165625124334,0.0004182180585431336,0.00044422335896443337,0.0002961669452396336,0.0007810900326343335,0.0005939842469984335,0.0006781402227875335,0.0006484573909044337,0.0006969219259372337,0.0009468039477889337,0.0012997705172996333,0.0011591359733562337,0.0007223515645270336,0.0011133182462253334,0.0010185909555359336,0.0010459409849354335,0.0008657395416585335,0.0009942682670312335,0.0010702800757142333,0.0011026394832621333,-0.0008326832886612664,0.004989916715478333,0.008123722962644433,0.007837315440372333
1960,-0.0013113841072950995,-0.0018815673782970996,-0.0019062747834618996,-0.0012523630106452996,-0.0015325150170769997,0.0005823477173245006,0.0004737257701724006,0.0004387189742864005,0.0005651405084465006,0.0003217774786843006,0.0008653413155239003,0.0007130041404179006,0.0007145375159619003,0.0006902434890403005,0.0008336951731566004,0.0010347789022789006,0.0013672464530710003,0.0012599962787454007,0.0008018817982048004,0.0012000220796624006,0.0010899355225642005,0.0011603584625173003,0.0010051766074037002,0.0010712671922287003,0.0011566236328222003,0.0011309180280515006,-0.0008417814665297994,0.0050672438211701015,0.0081296572432014,0.007884104296776401
1958,-0.00132536055834955,-0.0019312694850711501,-0.00190132067613455,-0.00126429778541705,-0.00155923493054475,0.0006696010284174498,0.0006089871891404499,0.0005262731480721499,0.0006532089657531498,0.00036888280781374993,0.0009543046919471499,0.0008157076328935499,0.0007639512165219499,0.0007986059364869499,0.0009410536025558498,0.00106256920940555,0.00144470593366025,0.0013579174358426499,0.0008983995207331499,0.00127552429018075,0.00119393736426185,0.00120768644776575,0.00112423078424255,0.00114111720694115,0.00126731139467075,0.00115177334650565,-0.0007910521622382502,0.00516852703353095,0.00820736178819155,0.00798148343551705
1956,-0.0013323469881968675,-0.0019465513391708675,-0.0018711436955263674,-0.0013258299033756678,-0.0015582474714924675,0.0006962554673977323,0.000658889605185732,0.0006181505091493321,0.0006852470930068322,0.0004100957465665322,0.0009750889489739322,0.0008264751037434324,0.000761194518967332,0.0008693364526961324,0.0009141108672897323,0.0009760477061237323,0.0014499414935847323,0.001373761302713932,0.0009027258973377324,0.0012598368769647322,0.0012154287916568323,0.001122137638028532,0.0010898232319688323,0.0010997592363309323,0.0012787817666170321,0.0011138247239491322,-0.0008042894947122678,0.005169651278188432,0.008257055448990532,0.008034119397762232
1954,-0.0013264869421401506,-0.0019142871542567504,-0.0018626614140007502,-0.0013801108288061508,-0.0015291975323851502,0.0007374429041079496,0.0006865689697958493,0.0006948751046105496,0.0007044497470752495,0.00048017800463054936,0.0009455357489970497,0.0007961692171592496,0.0007191893849749493,0.0008936532681282495,0.0008396038058975496,0.0008943192435740496,0.0014435020193339495,0.0013441695980126495,0.0008550498376194496,0.0012141179736633494,0.0011976345808530496,0.0010417725331089496,0.0009818645689649496,0.0010311970869856493,0.0012432186995637493,0.0010720096425302496,-0.0008983182361907505,0.00507259390261575,0.00824173590455005,0.00801274387158895
1952,-0.001319056555056867,-0.001868307972606367,-0.0018918591141021666,-0.0013838752064061666,-0.0014953476108623674,0.0008612012226688328,0.0007737434555737332,0.000770819032725233,0.0007440667672415332,0.0005805539541763331,0.000929486122872233,0.0008034226568134329,0.0006924892288989329,0.0009124146573185332,0.0008322001816960332,0.0009108971816352328,0.0014957469166492331,0.001321495146623833,0.000849451251879033,0.001218831762732333,0.001215029196343933,0.0010598916364777332,0.0009198089998975331,0.001032750677273233,0.001232585035103733,0.0010831732807993332,-0.000978032327278167,0.004965175719910633,0.008196831560280133,0.007958446459033933
1950,-0.0013433666671605002,-0.0018540237139281002,-0.0019294852821301002,-0.0013490236717142998,-0.0014812600659426,0.0010066031665344,0.0008846246040202,0.0008256787782963,0.0007845996035289,0.0006471540145626999,0.0009413650762638,0.0008515017658131,0.0007024662455024,0.0009200006237917999,0.0008889694426130999,0.0009808849291154,0.001570832298076,0.001305842273097106,0.0009021343269128,0.001269358181282531,0.0012583768766925,0.0011039410172438,0.0009280678826292,0.0010825959856123,0.0012291477023278,0.0011355558930729,-0.0009649106532810998,0.0049376084332229,0.0082060924760187,0.0079571594008756
1948,-0.0014250765857327498,-0.0018912032591883498,-0.00195601833006345,-0.0013302597980858499,-0.00148527992806135,0.0011050471973520501,0.0009620219558783502,0.0008588604956182501,0.0008397829720443501,0.0006734899256898502,0.00097868530954115,0.0009286403791996502,0.0007692304095076502,0.0009206854760228501,0.0009665319013160502,0.0010562771987651502,0.0016342406009694501,0.00132937313817945,0.0009986382886746502,0.0013597847414287502,0.0013279544041429501,0.0011313419620074502,0.0010140185882496502,0.0011534279128869503,0.0012470718222309502,0.0012381758563274501,-0.0008313502467629499,0.00505370207023555,0.008353315768910151,0.00808783790113175
1946,-0.0015449918313453666,-0.001961667575569667,-0.0019847005297862668,-0.0013591284776841666,-0.0014852465194923666,0.0012211702946586334,0.0010576627280616333,0.0009394045439507332,0.0009871039225270333,0.0007537248970082333,0.0010846780388376334,0.0010739386794820333,0.0009419112875644332,0.0009808640728637334,0.0010923394410369334,0.0011868589426853333,0.0017468125396600334,0.0014697752115440334,0.0011702384695002333,0.0015429006082808333,0.0014873010487992334,0.0012450005202298334,0.0012168514455149335,0.0012985456032666334,0.0013760903859129333,0.0014471034028074334,-0.0005689900705242668,0.0053119322484906336,0.008623911441217134,0.008335734933877834
1944,-0.001637508977241117,-0.0020159017853335166,-0.0020117301920253164,-0.0014108520074209167,-0.0014690558748278167,0.0014335312327249546,0.0012323872877343831,0.0011118034869261832,0.0012356061925385832,0.0009298211734191833,0.0012779870085320832,0.001285605037873783,0.0012031592288961831,0.0011245982250145832,0.0012813838935768831,0.0013763601790531058,0.0019265514357366832,0.001700444129915983,0.0014008005465860755,0.0017924558892353833,0.0017083910290648832,0.0014701889051858166,0.0014767286958851861,0.0015040774032292225,0.0015941264757728833,0.0017026056778345832,-0.0002715047897701168,0.005566724510384883,0.008838684905613983,0.008545048836848684
1942,-0.0016353347759295498,-0.00200123316232835,-0.0019982884908098498,-0.0014348855860915502,-0.00144877681441825,0.0016711985437346498,0.0014171552171831497,0.0013068310216061496,0.0014462536420227498,0.00109824640695835,0.0014625344146336496,0.0014358795687464498,0.0013962911006393497,0.0012467503819674499,0.0014208769733215498,0.0014789855239641498,0.0020358554640897497,0.0018319304239855499,0.00153589606158085,0.0019210392685667498,0.0017964448164862498,0.0015931360638468499,0.0015860879200886497,0.00159128383213875,0.0016883457535600498,0.0017742698241522497,-0.00019722276428735036,0.00557698928594595,0.00877093088445955,0.00851851882957755
1940,-0.0015507232006347332,-0.0019267805391495326,-0.0019416902509286332,-0.0014197053153036333,-0.0014432178705451326,0.001835040098235667,0.001535938738866267,0.0014559785877583668,0.0015335338051559672,0.0011815915138017668,0.001548260859097767,0.001441212152157467,0.0014225433751285672,0.001270096591410167,0.001413544667021767,0.001423173323677667,0.001986437304769567,0.001768651623543567,0.0014829053901962669,0.001840998491292867,0.001669292754408067,0.001468038077627667,0.0014763432922346672,0.001478239202224967,0.0015629004203279672,0.001581509496173467,-0.0004621224213791327,0.005327683080961267,0.008465633562971068,0.008282117176561667
1938,-0.0014595038287331333,-0.0018544570236634335,-0.0018960724438178327,-0.001400581053901933,-0.0014551214879773332,0.001993825634173167,0.0016784546395117667,0.001629673354216567,0.0016296371552733668,0.0012722973426073669,0.0016078552155467667,0.0014203287695229668,0.0014104384524472667,0.001290951834770467,0.0013479985548963667,0.0013660931623631668,0.0019127506427876668,0.001669487829664367,0.0013817041451894669,0.0017301793883234668,0.0015197559369974668,0.001283083010955767,0.0013506266946967669,0.001347046061497467,0.001409520043778167,0.001354866107555067,-0.0008194656374206329,0.005086675134440567,0.008211274424627567,0.008065735838093667
1936,-0.0014076338702863163,-0.0018223057538026164,-0.0018942559043345162,-0.0014006779234668164,-0.0014778689136953163,0.002265854199446184,0.0019684162114885838,0.0019240085081217839,0.0018916475227487837,0.0014700758498420838,0.0017577873312998838,0.0015194491756808839,0.0015177880545606836,0.0014253063964012836,0.0013643637953929836,0.0014555568049036838,0.0019672009527858837,0.0016994956631938838,0.001397470075000584,0.0017596214827973837,0.0015282346407044837,0.0012676619234776839,0.0013772839458492839,0.0013629750051129836,0.0014011204454828837,0.0013123435389199838,-0.0009772165636714163,0.0050406586814388836,0.008172384031845184,0.008002742365585583
1934,-0.0013877983056671832,-0.0018205652258596833,-0.0019113876437478834,-0.001408416950952883,-0.0015027588709861834,0.0026544075613547167,0.002392293501454217,0.0023324461966179166,0.0023176444215946166,0.0017452835669727169,0.002009564968046317,0.0017380025257738166,0.0017407856898818167,0.0016554410702184167,0.0014982243398687168,0.0016519062411860168,0.0021410953264451166,0.0018461049977128168,0.0015307091697768166,0.0018933381283129168,0.0016605098873620167,0.0014113148093405168,0.0015044668085556167,0.0014728637456756168,0.0014959545589841167,0.0014372415067683167,-0.0009078275816122832,0.005114705688817117,0.008260404641163116,0.008030926997213816
1932,-0.0013772690716816662,-0.0018268845392881662,-0.001912754265798366,-0.001403031892948066,-0.0015154928021010663,0.003125706782498034,0.002879889862350834,0.002824482999490134,0.002831899120991234,0.0020473345911679337,0.002325851266440434,0.0019931764667144337,0.001990454720498634,0.001907402682350451,0.001711177316278934,0.001855689054275702,0.0023560583642026336,0.002021965938487134,0.001691954029497234,0.002021720808177334,0.001797668805366033,0.001564232326123734,0.0016176687225452338,0.0015514749700396339,0.0015918273004429339,0.001595173879595934,-0.0008027396918278661,0.005143806145546034,0.008302508715770134,0.008035432571817335
1930,-0.0013808825376749496,-0.0018452241873505495,-0.0019091750059873494,-0.0013859961925133495,-0.0015048788872471502,0.00376497668544835,0.0035020945635185503,0.0034854718174101504,0.00348187952097135,0.00245471853195715,0.0027589067356811503,0.0022973840261267505,0.00228859652506005,0.0022202408963902503,0.00200916543642505,0.0021108577839346505,0.00263840399754215,0.00224726231882805,0.0018914473938721503,0.0021870558063106504,0.00195895558060165,0.0017141558201136501,0.0017627353994574503,0.0016374055105048502,0.0017331724245118502,0.0017697361079963502,-0.0007629154160195498,0.00513262749344055,0.00828056419212075,0.00802615681077335
1928,-0.0014259064241444169,-0.0018906495903315166,-0.0019290401646073173,-0.0013757004227768167,-0.0014773240734449172,0.0046912069042045835,0.004413128161248437,0.004436668761865036,0.004396079656033035,0.003083132237272483,0.0034074620205733833,0.002750752246024883,0.002746791998151683,0.002703142991586583,0.002438724999483483,0.0025338713141121834,0.0030713114400106835,0.002609785604106583,0.002230278470951683,0.002523825205086783,0.002254273678531083,0.001986692073227283,0.002068195993251083,0.0018673969515923834,0.002022548835951583,0.002044820445317183,-0.000709154787735717,0.005201185428861383,0.008310706467001782,0.008098620675304983
1926,-0.0015220267895682997,-0.0019535106739269996,-0.0019666119923374996,-0.0013829830703337995,-0.0014546857202027003,0.005866351938393,0.0056237337408831,0.0056528664625205005,0.0055846349090663,0.0039113940633961,0.0042617204020218,0.0033862191646782,0.0033897899534086,0.0033669305797813,0.0029901135040662,0.0031204039909861004,0.0036398074312467,0.0031138042869340004,0.0027411796838581,0.0030481204691366,0.0026956669608572,0.0024317785570286002,0.002539296403004,0.0022624209068111,0.0024358751607509,0.0024296870207808,-0.0005880339260553999,0.0053661501725408,0.0084564117374196,0.0082798182463693
1924,-0.0016409354391253,-0.0020051657275319,-0.0019920817487343,-0.0014014258733650994,-0.0014533501907144997,0.007141402680504,0.006981363531081201,0.0069871404520762005,0.006927329880002501,0.0048146705540933,0.005201820061933,0.004129704494373742,0.004126899574221798,0.00411103488836022,0.0035991229209190005,0.0037566485365817,0.0042518322297279,0.0036807548074072,0.0033476612411927004,0.0036405350510054003,0.0031897337788804004,0.0029677957103119,0.0030601196013655,0.002711664032767,0.0028620474048357,0.0028475264855169005,-0.0004670699805180995,0.0055273413537607,0.0086595791121749,0.0084929589794711
1922,-0.0017390041189779006,-0.0020314213919628006,-0.0019959827290613,-0.0014159089339418002,-0.0014660270143973001,0.0084344665048784,0.008341804237794,0.0083257562635036,0.0083090421033993,0.0057110736749552,0.0061232587229236995,0.0048835385496621,0.0048663216886086,0.0048394135593247,0.0042098940281559,0.0043641976029352,0.0048520522551070994,0.004240009013688499,0.0039495324090398,0.0041960457584043,0.0036601284747643,0.0034968276282069995,0.0035409145328082997,0.0031147364030731,0.0032479465297462,0.0032414032763078996,-0.00040800591033960006,0.0056253864978568,0.0088195029878799,0.0086483441883411
1920,-0.001778440720092867,-0.002027800522664867,-0.001986699688386167,-0.001411922326469567,-0.0014701292177006667,0.009607141561988533,0.009516418108026033,0.009490254571409933,0.009527892154433032,0.006484988733143334,0.006887930193810534,0.005503832530241833,0.0054874901880078335,0.005430964695346534,0.004711085582822134,0.004853977803941033,0.005346304660870833,0.004679145607901234,0.004413418693063933,0.004619502335086034,0.004017730980535134,0.003903448196547633,0.0038987731319096333,0.003384877362678933,0.003536962473779233,0.0035337065740945334,-0.0004166648012720668,0.005648007016674034,0.008841858758434433,0.008674992475314133
1918,-0.0017392352978357001,-0.0019826991399725003,-0.0019606270670947,-0.0013825097736151,-0.0014498548153303002,0.010290535291406,0.0101529821736875,0.0101192097513423,0.0101883862073641,0.0068775601834222,0.0072465648239716995,0.0057701131685886,0.0057718787304514,0.0056838998267933,0.0049025742401186,0.0050403967153443,0.0055268886146144,0.0048114392387017,0.0045569739597985,0.004755655078213,0.0041055359022307,0.004013166515368,0.0039885018392863,0.003402873138994,0.0035851263826599997,0.0035740306041941,-0.0005276769442896,0.0055364099985011,0.0086593036673914,0.0085149260938483
1916,-0.0016521078607696668,-0.0019060415670505665,-0.0019149762214039664,-0.0013389161384079668,-0.0014079669591297666,0.010233324982101433,0.010054764165847633,0.010019535935499233,0.010077815092381133,0.006747268824431034,0.007089441074671734,0.005608071238997434,0.0056195940861798336,0.005529441363111634,0.004722067750019434,0.0048550488012899335,0.005320561214699133,0.004602047102139333,0.0043531580159249334,0.004563483609177133,0.0038954507447603337,0.0037915596084667335,0.0037801236380217334,0.0031776758553954333,0.0033631704753205333,0.0033371141024450333,-0.0007575960477787663,0.005282605760575833,0.008339101991223634,0.008220008746761933
1914,-0.0015862769940199846,-0.0018442630305168847,-0.0018724370769407847,-0.0013016762004921844,-0.0013566537848240844,0.009586904696177116,0.009391447038193015,0.009374945054004415,0.009396012162265814,0.0062424622124823154,0.0065821146678114156,0.005178210914998215,0.005182886872129415,0.005125992338431615,0.004330079267933716,0.004468404645909816,0.004915489045325015,0.004235604747309115,0.0039850494391309825,0.004206838235653916,0.0035712091753147155,0.0034319945242296153,0.003444146809941915,0.0028934471446873155,0.0030563314757315156,0.003007759704538715,-0.0009977347746590844,0.005036944680086716,0.008074407716517015,0.007961307086793917
1912,-0.0015823158546608507,-0.001835988150312151,-0.0018565468656109507,-0.0012775020878240508,-0.0013068190238492514,0.008553626560077049,0.00834434164914755,0.00835954100966325,0.008349144715702549,0.005516487445416749,0.005871200636415149,0.0046064138040611486,0.004609010487187749,0.004589321786017249,0.003845315571058949,0.0040184293223557484,0.004462754645023149,0.0038277971396492487,0.003570244968530649,0.003809460951281249,0.003259479915384249,0.003084167816305849,0.003104151512972149,0.0026578982478550487,0.002794828362195549,0.002720501141002149,-0.001115247770195651,0.004950638973765849,0.00799439712946845,0.00785917198225725
1910,-0.0016148074003011497,-0.0018706360596201497,-0.00185847329880535,-0.0012558566125805497,-0.0012707905144856498,0.007198853703711251,0.00696766680506555,0.00699416639623065,0.00697608272083625,0.00459416972129575,0.00496208460511805,0.00388634331425035,0.0039036796797911498,0.00389000446266085,0.0032438698700545223,0.00346648234699415,0.00391770066667475,0.00331791867608645,0.00305713504730475,0.00332816770075145,0.0028887446843248498,0.00270037192526285,0.0027073075612083497,0.00238266542305845,0.00249928952118285,0.00241440486683785,-0.00112831430033325,0.00498489255665635,0.00804469454921785,0.00787056388579285
1908,-0.0016208812895562837,-0.0019003675219893836,-0.0018474682621973837,-0.0012297559685512834,-0.0012597321401819836,0.005680074095884217,0.005433605845671416,0.005429247367556617,0.005415940165704916,0.0035548551113120165,0.003913787596126916,0.0030587751655039167,0.0030856185321110167,0.0030499784735332166,0.0025377614461709165,0.0027775543860471164,0.003234078363259817,0.0026779939577677167,0.0024192391295522163,0.0027200792046280166,0.0023722880247003166,0.0021975253196176285,0.0021909766178851995,0.0019647053127325167,0.002064627434260398,0.0019949334638333163,-0.0011902090921278837,0.0049604241017995165,0.008057802648572816,0.007858205182476317
1906,-0.0015782908037718496,-0.00189763382589755,-0.0018140157596252496,-0.00121305087358585,-0.00127212090066095,0.0042629088116571505,0.00401679929673915,0.00396292329465785,0.00394417726383035,0.0025716092472469502,0.0028958154625532504,0.0022675584490737502,0.00227604647846235,0.0022239384694901503,0.0018550369339850503,0.00206584245232065,0.00252829632456225,0.0020412464798062503,0.0017801385764120502,0.00208600896508925,0.00179724729008035,0.0016422902510610502,0.0016403546953393502,0.00147794916954235,0.00157112219144365,0.0015209275154380501,-0.00135913749837455,0.00481550226529605,0.00796108627016875,0.00777511216354145
1904,-0.001526757815843083,-0.0018727074448084832,-0.0017765582856882833,-0.0012211568483991833,-0.0012935813476319831,0.003068177252732517,0.0028219042707178167,0.002741235190377017,0.0027060508097823165,0.0017325037814896168,0.0020174117714464165,0.0016015151962521167,0.0015791274456123168,0.0015291629750912167,0.0012919182090332922,0.0014692505114482781,0.0019451213738203169,0.0015377143820602167,0.0012677345555765168,0.0015555816078067167,0.001316120764755322,0.0011693664278768167,0.0011813251729535167,0.0010681398008544167,0.0011769559805910167,0.0011189075298037167,-0.0015240254069895833,0.004662468066458617,0.007830305445636817,0.007690761742371016
1902,-0.0015085688587757992,-0.0018397926489506999,-0.0017501753643669993,-0.0012413572247268996,-0.0013061993691689997,0.0020663184741500007,0.0018027562349389003,0.0017292887348490005,0.0016861495970854003,0.0010195580738416004,0.0012896229549121004,0.0010489972931470005,0.0010147951802341004,0.0009697980889954005,0.0008426218045039003,0.0010215097806811004,0.0015119612293621003,0.0011677415033092004,0.0008904777907592005,0.0011585965953121004,0.0009765205232219003,0.0008274003332001004,0.0008420744479584004,0.0007786530649098004,0.0009224842968470004,0.0008274725428663004,-0.0015920530487598997,0.0045824834502301,0.007743685312534901,0.007646093465989401
1900,-0.0015251970004281834,-0.0018078915878821829,-0.001736844400413183,-0.0012420056945002828,-0.0012993955501264826,0.001250962979705617,0.0009609361400636169,0.0009013343727457168,0.0008688086544661171,0.0004331500921867168,0.0007222392353204172,0.0005989108625256171,0.0005761300480177172,0.0005315767130486169,0.00048592809590261707,0.0006943347144780171,0.001187618030284617,0.0008854141602835171,0.0006025074621258172,0.0008651272747410171,0.0007426858876945172,0.000586444080057617,0.000591933186521417,0.0005758569488539169,0.0007498090155589172,0.0006237162288300169,-0.0015929881820438826,0.004541219634077117,0.007708010663016317,0.007611334233350317
1898,-0.001556708599083067,-0.0017988835566172669,-0.0017414943096647662,-0.001216004163581867,-0.0012802260930260662,0.0006586703277355332,0.0003544247206484336,0.00028600072162613364,0.00026917334689663354,1.2551149778633475e-05,0.0003367043407501336,0.00028046798974333325,0.00026796561011033357,0.00023569592273613334,0.0002399043285257335,0.00047505464253763327,0.0009601577432890333,0.0006977167724486334,0.00040096417270123327,0.0006707494306476334,0.0006015352826883335,0.00042890959484213334,0.00043374711038133337,0.0004582487436727333,0.0006371590689263334,0.0005220606568545334,-0.001565492680643267,0.004522024904113933,0.007729341432078233,0.007593316721973033
1896,-0.0015965786667355834,-0.001837770733959783,-0.0017729290136412833,-0.0011952977348007833,-0.0012702356975340832,0.00027471089891611695,-2.4084411015382924e-05,-0.00012115135079548327,-0.0001343131398698831,-0.00024189851852528298,0.00010825375640541703,0.00010329328448881701,8.329630846711693e-05,8.588610114481678e-05,0.00011416422621081694,0.0003604305927139167,0.0008397238687489169,0.0006248612522726169,0.00030896128318731687,0.0005892951320694167,0.0005668389245918168,0.0003654060380662168,0.0003892209219348167,0.00044812358977651704,0.0006157928287961168,0.0005544710599161167,-0.0014761932956997834,0.004593418875887317,0.007852963153454717,0.0076728118466715175
1894,-0.001647713507433683,-0.001914535542067183,-0.001823053562472283,-0.001212608144734483,-0.001284719052452483,2.0953279285017192e-05,-0.00026544538132208285,-0.00038316986942448297,-0.0004031924715107828,-0.0003904932325804831,-3.6800626708682806e-05,1.7615216081517168e-05,-2.0103002754882958e-05,2.307244859911712e-05,6.494426305391713e-05,0.00031171689398451713,0.0007942230456953171,0.0006200971982394171,0.0003009566316534171,0.000590160902436917,0.0006010947650598171,0.0003772850962817172,0.00042291427245581717,0.000505130500996317,0.0006746520127253171,0.0006752970340799171,-0.001322480790333683,0.004780190877427917,0.008078700322706918,0.007882629809160116
1892,-0.0017005125921893505,-0.00198022513969095,-0.0018643299125305503,-0.0012594939423659504,-0.00131241860313015,-0.00017060765092495036,-0.0004525423856977502,-0.0005656786675062504,-0.0005883709581428502,-0.0004950143588748502,-0.00015795029949825022,-4.527187702265019e-05,-9.598728873155024e-05,-3.016617678025025e-05,3.1097306383449756e-05,0.00026898651915024973,0.0007587475128153498,0.0006019429247581498,0.0003039455658571498,0.0006013558975367497,0.0006180435740777497,0.00040659302919874977,0.0004509888225201497,0.0005413955663190498,0.0007375030333959497,0.0007738143279238498,-0.0011991509958997502,0.00497464531826705,0.008299431874094149,0.008116980189906949
1890,-0.0017334678065728168,-0.0019975497495455163,-0.0018766595767904166,-0.0012972619898124168,-0.0013243530190002169,-0.0003206148593728167,-0.0006058495858486167,-0.0007011047670254166,-0.0007176714075868165,-0.0005774682199217167,-0.0002641562912526166,-0.00011717916762511672,-0.00016916057446271678,-0.00010146834989631674,-1.2679050322316658e-05,0.00020283713308408323,0.0007018099249229833,0.0005458195714509832,0.0002688175501074832,0.0005747751179812833,0.0005758553007454833,0.0004084334405213832,0.00042566564457308326,0.0005228505177714833,0.0007426064501591833,0.0007872157343609832,-0.0011760623231972169,0.005058635603310783,0.008388302994846284,0.008229292141721384
1888,-0.0017297495820022,-0.0019709454219973,-0.0018610535465387002,-0.0013010543146754002,-0.0013043116320866003,-0.00043978379158740024,-0.0007270322546927004,-0.0008114264108761001,-0.0008247387211571004,-0.0006493050249481002,-0.00035137760136270046,-0.00020130548258540017,-0.00023945322056010028,-0.00018220649819400024,-7.227548480380052e-05,0.00011188046019129953,0.0006255380912460996,0.00047415911773879965,0.0001903090731356998,0.0004991911972507996,0.0004967807435119996,0.00036456074673389964,0.00035048982550389966,0.0004699343480138996,0.0006764832105709997,0.0007193917687603997,-0.0012125629720084003,0.0050229482855989,0.0083052483373795,0.0081671144973002
1886,-0.0016922292714867666,-0.0019262937320555667,-0.0018305431412185664,-0.001278094573901966,-0.0012637857096063662,-0.0005448951762571665,-0.0008324259429051662,-0.0009151012058793667,-0.0009383182675970661,-0.0007272504308670664,-0.00042944736704826625,-0.0002947906822349665,-0.00030391390253536616,-0.00026773652100116644,-0.0001554873029967663,2.3047286271337362e-06,0.0005287863930445338,0.0003951958524302337,8.291536183143355e-05,0.00037868420699503375,0.0004078741467838337,0.0002697199221280335,0.00024248010127573367,0.00038861709946113373,0.0005539612119594335,0.0005863518049070335,-0.0012491976501323664,0.004925182577114533,0.008113042440135533,0.007990946428269233
1884,-0.0016475273874367166,-0.0018861847412163166,-0.0018029926281156166,-0.0012512728056596166,-0.0012256512624567164,-0.0006250777486084165,-0.0009207580532186168,-0.0009985119836403164,-0.0010395416493114169,-0.0007992455293549163,-0.0004930139484063166,-0.00037438146530201655,-0.0003513544788240168,-0.00034407383580761655,-0.00023986161323101681,-9.388342026831658e-05,0.00042701371976058356,0.00031721395643338323,-1.5827008700816485e-05,0.00024920194990818347,0.0003261539586402835,0.00015449981818758344,0.0001375204340629834,0.0002869815023209834,0.0004263523157746834,0.0004288693971941835,-0.0012829806371482165,0.004823150403674084,0.007929537439659684,0.007813628824884983
1882,-0.0016218882577739334,-0.0018605812100304332,-0.0017918777385873335,-0.0012361375496341338,-0.0012014219739319336,-0.0006510566449439334,-0.0009666110724183335,-0.0010329970150640337,-0.0010874176683218334,-0.0008331956310808335,-0.0005188371118887334,-0.0004076306800969336,-0.00036751021105043335,-0.0003851802953069336,-0.00028079020452243366,-0.0001327135277064337,0.00036244389716806645,0.00026905217087396633,-6.370977729913338e-05,0.0001653336342484664,0.00027065282148266653,7.268905626086654e-05,8.078653184626647e-05,0.0002086656635763664,0.0003546220370863665,0.0003167949058269664,-0.0013220380372637335,0.004759606145493766,0.007837659377584766,0.007711906729957766
1880,-0.0016120865905678498,-0.00184267432816905,-0.00179121996419275,-0.00123426725352035,-0.0011921222882075502,-0.00063179243568865,-0.0009680767973043499,-0.00102957888855585,-0.0010872988569701498,-0.00083526087848775,-0.0005133301495518501,-0.0004022072933678499,-0.00036855854284835,-0.00039889412317044987,-0.00028140971060604996,-0.00012159763132164989,0.00034649852009885004,0.0002493440644082501,-7.147069328504994e-05,0.00013284036147915006,0.00023444874255225,3.170850489075006e-05,6.409254150215005e-05,0.00017493017857615008,0.0003320301274929501,0.00027347747603275005,-0.00136579691767825,0.0047355326922640505,0.00782153068051125,0.00767237042465755
1878,-0.0015956857701901,-0.0018164005586795004,-0.0017795312669038003,-0.0012376025675517,-0.0011977657751362,-0.0006197779107556001,-0.0009610401592569001,-0.0010360176899432,-0.0010899203145931999,-0.0008488898450175001,-0.0005184551078492001,-0.00040506517188800006,-0.00039464302409860004,-0.00042925156730640017,-0.00029906168174600003,-0.00012261590612590008,0.00033585069228709994,0.00021097704322769995,-9.909744668370004e-05,0.00010057575359459991,0.00018223672476129992,-1.2301457756300031e-05,2.462718136989994e-05,0.00014675968550849995,0.00028973908853809993,0.0002480224607348999,-0.0014336339147123,0.0046976305474944,0.0078013309453101,0.0076269859384613
1876,-0.0015841503990752996,-0.0017900502913272996,-0.0017580928762987997,-0.0012407631390207998,-0.0012170086666630996,-0.0006349600417391997,-0.0009617004082591997,-0.0010596303495948997,-0.0011080504645451998,-0.0008703389702685996,-0.0005362877788583997,-0.00041729035508359974,-0.00043140993073399964,-0.0004669134945502996,-0.0003352723610301996,-0.00014125267155839973,0.0003224037392478003,0.00016460441805470028,-0.00013986304393379958,7.218197486850032e-05,0.00014007400037690035,-4.3605272169799664e-05,-2.664887872329963e-05,0.00012543029782180037,0.00024220540027010027,0.0002370183634231003,-0.0015029448100405997,0.0046454436355785,0.0077807095602586,0.0075900653723853
1874,-0.0016391642338547002,-0.0018103670395106003,-0.0017677544986054003,-0.0012534138016598003,-0.0012450428371042002,-0.0006312712429390002,-0.0009353241597939003,-0.0010441000683972003,-0.0010864950439542003,-0.0008264827582906004,-0.0004976908671697005,-0.00036032531109580026,-0.0003867725837919003,-0.0004141946661633004,-0.0002846692009871004,-7.253662149740042e-05,0.00039734623399789964,0.00023160998458889958,-6.942881038780034e-05,0.00016585171041689963,0.00023313225454039965,6.0920043441499644e-05,5.470589359849961e-05,0.00023214343495109964,0.0003457787345052996,0.0003694159429068996,-0.0014315375167352003,0.0047246323582466,0.0079117724078126,0.0077157424107347
1872,-0.0018023340410379168,-0.0019148854581411171,-0.001840970719811317,-0.001290900156380717,-0.001274139582065917,-0.0005778489727902168,-0.0008630659733930171,-0.0009604431068870169,-0.0009938911435184168,-0.0006817637445804168,-0.0003579642845058168,-0.00018308872098041695,-0.00020026530737741696,-0.00020501439274501695,-6.732861766291687e-05,0.00016193209858598296,0.0006379137998991831,0.000501926556362283,0.00020540474183948303,0.00047230911589378304,0.0005476662791446831,0.00038453164362298306,0.0003798846292630831,0.000569452391133483,0.0007111652222505831,0.000748029349586983,-0.001072705409290617,0.005082046854345583,0.008315088152821084,0.008123229957436983
1870,-0.0019979359213631166,-0.0020577233553157165,-0.0019379683445048166,-0.0013444978282831166,-0.0012894170881109167,-0.0005344491111940164,-0.0008127323015184166,-0.0008889398341121167,-0.0009113912593410167,-0.0005407848294924165,-0.00020606777367341666,1.084874883558332e-05,2.4496176045283322e-05,4.4875417310883325e-05,0.00020098080808058348,0.00043659601983278345,0.0009268308959410834,0.0008363075508062834,0.0005455070974085835,0.0008441184009941834,0.0009321592899515835,0.0007668225715333835,0.0007921113755347835,0.0009820603321774833,0.0011555206642996833,0.0011910359726156833,-0.0005512487441078164,0.005573427697602183,0.008808131469958284,0.008627542537577682
1868,-0.0020502153072278003,-0.0021105012831156003,-0.0019590795737312,-0.0013687852552671004,-0.0012741411807412001,-0.0006005279946028002,-0.0008889552364878,-0.0009574621132474001,-0.0009731935683826,-0.0005792591783304002,-0.00021844797750649998,1.1862178586399862e-05,5.3708090137599934e-05,7.90955457829999e-05,0.00024727369198839996,0.00046950063610629993,0.000977398417416532,0.0009049919329227942,0.0006154725225566999,0.0009268475758784343,0.0010284585302225,0.000848319527163909,0.0008984793431016371,0.0010781524956921,0.0012563518306325,0.0012748111526454998,-0.00032649549714300005,0.0057334902936162,0.0089330011684828,0.008762722600082899
1866,-0.0019200383390031996,-0.0020312616941299,-0.0018848667911285997,-0.0013403486103985998,-0.0012345588563815997,-0.0007643234545805999,-0.0010764914634912998,-0.0011502717178782998,-0.0011651845261644999,-0.0007926761619350998,-0.0004117059280215999,-0.00020329001905009984,-0.00016393036665359985,-0.00015330032951379986,1.3646381716500149e-05,0.00021316970093665646,0.0007243121465603001,0.0006359888469428002,0.00033844829687230385,0.0006368115095355001,0.0007464928764674003,0.0005528461047709001,0.0005973843925515002,0.0007608072743466002,0.0009227007897512002,0.0009203375898915003,-0.0005972903856444999,0.0053999395743579,0.0085782819638658,0.0084110742910419
1864,-0.0017589488849314165,-0.0019205696696142165,-0.0018017517487275165,-0.0012942955074011166,-0.0011969191859725165,-0.0009250069925126165,-0.0012627884878161164,-0.0013325014941589165,-0.0013441465553952164,-0.0010114014073455166,-0.0006266678228722165,-0.0004447348346922165,-0.00043151648254011643,-0.0004370551758889165,-0.0002724258574127164,-8.789875936021646e-05,0.00040847575295407484,0.00030625440127630765,-2.6145524873164884e-06,0.0002721644022874762,0.0003797597403091738,0.00018255125372588352,0.00021206889343218353,0.00035987102464433334,0.0005077110972735835,0.0005055888042729836,-0.0010189991300665164,0.004952283038133984,0.008139527008073782,0.007972484996646784
1862,-0.0016788256179767998,-0.0018607620796095997,-0.0017661177691740998,-0.0012689605123970998,-0.0011805791063421998,-0.0010221195244745995,-0.0013767313317607996,-0.0014266953591301997,-0.0014262470545120998,-0.0011329321315637997,-0.0007555917818699999,-0.0005812131427257996,-0.0005904506115614998,-0.0006079101919626998,-0.0004406807977502998,-0.00026055904630689977,0.0002151159954159004,0.00012220026002120036,-0.0001907314597240997,6.45458963288003e-05,0.0001605486735442004,-3.3373109844999586e-05,-1.0529677977996667e-06,0.00013125122702640026,0.00027506825412430033,0.00030149081752850026,-0.0012626875612367996,0.004718545216525,0.0079210360886223,0.007755245085499801
1860,-0.0016604181118405831,-0.0018430743110480832,-0.0017600124876470833,-0.0012671536800087833,-0.001188991260672183,-0.0010452756606201831,-0.001403862169054383,-0.0014367377391596831,-0.0014203544546883828,-0.001160243304957283,-0.000798451079824083,-0.0006157283037719831,-0.0006290227598326832,-0.000658296022925883,-0.000493370121562683,-0.0003113819495159831,0.00014691206165031714,7.282481939591698e-05,-0.000234227449183483,8.923520956416985e-06,8.910877205451674e-05,-9.663085573768286e-05,-4.770018227448318e-05,6.70293700925171e-05,0.0002146190284190168,0.0002728147372931169,-0.001320855524895883,0.004682722658458817,0.007888144984868718,0.007719649851216717
1858,-0.0016383030753461991,-0.0018245508936890992,-0.0017491816490282992,-0.0012698557458290993,-0.0012132574820483992,-0.001009267456260099,-0.0013620213572406994,-0.0013986555772073994,-0.0013743700341989993,-0.001130999673727599,-0.0007935453147384993,-0.0006023847759804991,-0.0006075956577467991,-0.0006449672517955993,-0.0004954154412524993,-0.00030474449158989945,0.00013868137290570055,6.969254018290068e-05,-0.0002297453836013993,7.418945828500945e-06,7.462947995410087e-05,-9.756380995089905e-05,-4.0794484813499055e-05,6.215698157510056e-05,0.0002183090101082006,0.0002769301348092006,-0.0013309049475794992,0.0046824770799375,0.0078759467911981,0.007695148845941101
1856,-0.0016014505358908665,-0.0017990833110459665,-0.0017360173908406663,-0.0012693031977812662,-0.0012405255904143666,-0.0009566117066475662,-0.0012995343351455662,-0.0013545913042334664,-0.0013363588355048666,-0.0010803780248567665,-0.0007688871087593665,-0.0005775402428789664,-0.0005732649439959662,-0.0006062388324057663,-0.00047378363253906624,-0.00026715647924286626,0.00016190307469613353,8.14902702718336e-05,-0.00021607910930496643,2.2774200185633623e-05,8.385971742623359e-05,-7.588277887786627e-05,-2.764276822396646e-05,8.226848857703357e-05,0.0002464885555551336,0.0002673463451888336,-0.0013320348097448666,0.004673507497527233,0.007844207104192334,0.007646380025973134
1854,-0.0015931283608799167,-0.001798462911723117,-0.0017455851222280168,-0.0012781536966946167,-0.0012621021898920168,-0.0009354765584056166,-0.001268797294974017,-0.0013354201868664168,-0.0013318230832762169,-0.0010356170034628168,-0.0007378449345818168,-0.0005497379342641168,-0.0005352492649760168,-0.0005542158503991168,-0.00042034025753221686,-0.00020031875987421683,0.00022068141200998334,0.00012906219216198326,-0.00016863827299551685,8.226969467308321e-05,0.00014305628631698327,-1.6108016050316813e-05,2.0144852919683166e-05,0.0001541223666558832,0.0003213403887612833,0.0002928231893207832,-0.001268590400409617,0.004735527770498283,0.007887204183682084,0.007677432281417683
1852,-0.0016454782206022835,-0.0018474000625296836,-0.0017871645685545836,-0.0013082425322050832,-0.0012783464053988834,-0.0009425192600971832,-0.0012680003348981834,-0.0013302309216512835,-0.0013408154505258835,-0.000994760748237683,-0.0006941338194495834,-0.0005030062307815833,-0.0004750223881088833,-0.0004834768684716834,-0.0003281136672467833,-0.00010694989257418336,0.0003193883653221167,0.00022900318911521668,-6.250862622178327e-05,0.00020938125217621672,0.0002734796191606167,0.00010380206443181671,0.00013335373774101672,0.0002915565123690167,0.0004605847221324997,0.0004025418520132167,-0.0011207452860751833,0.004920163085587217,0.008081970742049716,0.007866631789290517
1850,-0.0017569198885831001,-0.0019455975014071002,-0.0018530190363242002,-0.0013550201397455,-0.0012981798849439,-0.0009220381093188001,-0.0012391402021483002,-0.0012897822196709001,-0.0013093085530692002,-0.0009190921722113002,-0.0006083875677225001,-0.0004016256999267001,-0.00036022098002040014,-0.0003655099498734001,-0.00018890440481270012,2.9196679225699065e-05,0.00047191053261609985,0.0003928826194869999,0.00011529613488266342,0.0004116530421918999,0.0004833477737903999,0.00030641020489129985,0.00032875387300539984,0.0005029396002004999,0.0006794196140113999,0.0006244331517774998,-0.0008982871859301001,0.005217197219849,0.008427397552239799,0.008208736451003801
1848,-0.0019067265048149497,-0.00207278199650255,-0.00192974739658355,-0.0014013417977106499,-0.0013291150224379498,-0.0008456809078637497,-0.0011478380028979499,-0.0011891757669752498,-0.0012094860833440498,-0.0007865910511409498,-0.0004671294008945498,-0.0002336886898322498,-0.0001824670939333498,-0.0001828455221808498,-2.333983612149798e-06,0.0002240338602863603,0.0006860443702545502,0.0006222634689732502,0.00036221651766825023,0.0006782516547790503,0.0007634661828965502,0.0005937671876762502,0.0006035817411236502,0.0007932692008305502,0.0009793205706867501,0.0009522295519027502,-0.0005929634350572497,0.00558591828565825,0.008854605865282451,0.00863971271804965
1846,-0.002035947617767767,-0.002173564571194267,-0.001982841339755867,-0.0014227084546818668,-0.0013625307371639668,-0.0007687285342454668,-0.0010471568750159668,-0.0010839340068976668,-0.001091689833767067,-0.0006571720731808668,-0.0003298830975226669,-7.355941122756682e-05,-1.4788301672766799e-05,-3.91929456206681e-06,0.0001685195663271332,0.0004082085199696332,0.0008893500422377332,0.0008401513083123332,0.0005977696380551332,0.0009153188384022332,0.0010160920228703331,0.0008658219847800333,0.0008636081690364332,0.0010691341490650331,0.0012552308823565333,0.0012542800447754333,-0.00028421391812736673,0.0058786478361090334,0.009168064578547333,0.008977592720563733
1844,-0.0020512468699825,-0.0021735325475775004,-0.0019642788369422003,-0.0014018746604658005,-0.0013745163007683006,-0.0007711647633038002,-0.0010295837904245003,-0.0010680145636786003,-0.0010505318774807005,-0.0006374030894598003,-0.0003016146913640002,-4.733744475280018e-05,1.4123990376799776e-05,3.237112894119974e-05,0.00020458790224549977,0.00043318643017239977,0.0009353351057691143,0.0008917931288264737,0.0006624181230905997,0.0009550294163116305,0.0010623235440122998,0.0009331882846476575,0.0009254035152523718,0.0011270235838261998,0.0013031897817523997,0.0012953298669847997,-0.0002089426468751002,0.0058550387890744,0.0091118145339154,0.0089654492157363
1842,-0.0019439093242623999,-0.0020790670561242003,-0.0018844326378880001,-0.0013548401753834,-0.0013573468426955,-0.0008362419278926999,-0.0010953475487172999,-0.0011418384249163999,-0.0011022609337552,-0.0007305685687474998,-0.0003892177730067,-0.0001597216338295,-0.00011069850127509999,-9.554255490680004e-05,8.795448783649999e-05,0.0002788730888707978,0.0007977645127209001,0.000744670718761,0.000515251855827,0.0007734090981301,0.0008731294412658,0.0007596357226655,0.0007494420854574999,0.0009201531400986999,0.0010899235233298,0.0010493709187309,-0.00046543480687969997,0.0055177638464821,0.008728746750128,0.0086195960363535
1840,-0.0018220974039929836,-0.0019821322659095836,-0.0018127073715993834,-0.0013140552630674833,-0.0013289908815834832,-0.0008928053033221833,-0.0011703819397365833,-0.0012239791118262835,-0.0011825463376458835,-0.0008394542941024834,-0.0004972282537479834,-0.00028885042893198336,-0.00026731016205708334,-0.00025515129033788336,-6.471801689528342e-05,0.00010054647775541658,0.0006168448839383166,0.0005480696625635167,0.00030180311081031655,0.0005425682129386167,0.0006290262059440167,0.0005227364280759166,0.0005123792280041167,0.0006521497716061167,0.0008208083808078167,0.0007624733955104167,-0.0008287613942224833,0.0051718036179456165,0.008358774474231317,0.008259983186152916
1838,-0.0017718328547760133,-0.0019419903128326133,-0.0017896658689072133,-0.0012923101030982334,-0.0013030290086902133,-0.0009289325995913134,-0.0012252536698517408,-0.0012765558989680662,-0.0012562567366848653,-0.0009116391307290133,-0.0005708740368282133,-0.00036390758404131337,-0.0003676747373420133,-0.0003496939814790133,-0.0001640372137407134,1.141655724028667e-05,0.0005010481623222867,0.0004269874804435866,0.00015380994366488666,0.00039978951809518676,0.00047652004306338665,0.0003669466771963866,0.00036444825094468676,0.0004962861547929867,0.0006596500593081867,0.0006135983976765867,-0.0010638384459215134,0.005029087087018087,0.008210141919126987,0.008098828148304286
1836,-0.0017978544800932724,-0.0019544165417135725,-0.0018076163669187724,-0.0012874672547433371,-0.0012823155900910735,-0.0009609693902840724,-0.0012630340014356586,-0.0013025503664198682,-0.0013158268343019396,-0.0009457695958341724,-0.0006083280255411725,-0.0003867501633083724,-0.0003960201276370724,-0.00036851011458017245,-0.0001913223438521725,1.567198631052748e-05,0.0004713985381376276,0.00040900348660622755,0.0001134088833750276,0.00037238954788812754,0.0004461601229734276,0.00032702628159242755,0.0003404717948697275,0.0004818669687830276,0.0006392494227149277,0.0006127025856507275,-0.0011100561212424725,0.005080551351742428,0.008262769242983728,0.008129670233560028
1834,-0.0018726130479416,-0.0020004950835164,-0.0018507933116246001,-0.0013015373209991,-0.0012758016822344994,-0.0009674510145358001,-0.0012600837103659696,-0.0012845282182850635,-0.0013254954918084,-0.0009239093430603001,-0.0005915901289214,-0.00034889374700380004,-0.00034251924256160004,-0.0003104147125538001,-0.00013661478463540002,9.627894776129998e-05,0.0005386833552165,0.0004947555108053999,0.0001967560767405,0.00046083310088519984,0.0005391986459415,0.00041580951988110003,0.00044493162271720004,0.0005948031680982999,0.0007631207657570998,0.0007396933858447,-0.0009793365464196,0.0052624468776974005,0.0084518808300636,0.008301240446316199
1832,-0.0019786050493216098,-0.00207342373625701,-0.0019145340845736097,-0.001338480153276338,-0.0012986940408407216,-0.0009125328030517097,-0.0011864530730019097,-0.0011962897840382097,-0.0012417711154319416,-0.0008206773635641097,-0.0004888971926877096,-0.00022540950941230963,-0.00019650103476100958,-0.0001643434978045096,9.477550899790336e-06,0.00025400883322959037,0.0007157409217813904,0.0006793821188609904,0.00040480898610849043,0.0006659922619994903,0.0007561560661009904,0.0006402562172221904,0.0006803778719204903,0.0008304833191245902,0.0010316219380451903,0.0010047495312091902,-0.0006752314402156096,0.005557896082361791,0.00875799157210839,0.00860373706426929
1830,-0.0020838918623940334,-0.002149625846987533,-0.0019777023526594334,-0.0013824681439677333,-0.0013462121311303334,-0.0008200477400768333,-0.0010742714487190332,-0.0010714995855542332,-0.0010954027304141334,-0.0006784464945301333,-0.0003339800913534333,-6.1006438616233345e-05,-1.6128413385833396e-05,1.7658922198366756e-05,0.0001887925507935667,0.00043979945112726667,0.0009343533384517666,0.0008863664306379669,0.0006480098584311668,0.0009111898262150668,0.0010135188833666666,0.0009087139558165665,0.0009598773540069668,0.0011085160848706666,0.001339449781524267,0.0013328862953127668,-0.0002930976304595333,0.0058832880165955665,0.009085342793334167,0.008939900337139067
1828,-0.002113693305723117,-0.002170160440179917,-0.001989489161471517,-0.0013974178530084167,-0.0013809469619016166,-0.0007719898167358166,-0.0010130640433759167,-0.0010082758123958167,-0.0010032719768802167,-0.0006126753934048166,-0.0002469599679347169,7.610407231983286e-06,5.972904621238343e-05,9.55976038515831e-05,0.0002637314424589832,0.0005174884182204834,0.0010287828949384833,0.0009574884507815833,0.0007407955976121831,0.0010174453104953834,0.0011174799507965832,0.0010167463522125831,0.0010784100912708833,0.0012267125749730835,0.0014557372164150837,0.0014970581312596831,-9.463276219791664e-05,0.006002801870427683,0.009191966409529682,0.009051707722284584
1826,-0.0020262078425184165,-0.002106786848795116,-0.0019313457213500163,-0.0013714796558558164,-0.0013742428159046164,-0.0008087936883878163,-0.0010477931106081164,-0.0010608321539177165,-0.0010437324365617164,-0.0006853117053725161,-0.00030740234313041646,-9.62253619453163e-05,-4.4265294212016224e-05,-1.275837680881622e-05,0.00015880278524138362,0.00040159727192918366,0.000909773833769984,0.0008146670309187834,0.0005890327066686838,0.0008818390803177838,0.0009580101468167836,0.0008576044136555838,0.0009169417719035833,0.0010621685570657833,0.0012645393127076834,0.0013503945179127838,-0.0002490412316492165,0.005786335019724084,0.008961221915196682,0.008810062884423982
1824,-0.001886684450653883,-0.0020106087941174832,-0.001854555246451183,-0.0013356583355085831,-0.0013436734455496827,-0.0008925504117117829,-0.0011404184706528828,-0.001181806199708983,-0.001172512719230483,-0.0008362646044990829,-0.00046272966453588275,-0.000286650484905583,-0.0002452659200958829,-0.00022261691661088281,-4.5841167014682924e-05,0.00017457878252581703,0.0006770793092442172,0.0005601394046322174,0.00030688196176221734,0.000609695024460117,0.0006542685281584171,0.0005569687691284173,0.0005980805393641171,0.0007423049622529167,0.0009200481363055174,0.001029821657885717,-0.0005914160701392828,0.005425413714135217,0.008598294808166517,0.008431180272280816
1822,-0.0017830238800033834,-0.0019390017804704835,-0.0018081664540179833,-0.0013153506496654834,-0.0013181138788361834,-0.0009805787172299835,-0.0012449216746223833,-0.0013046597545844833,-0.0013080717699910833,-0.0009834724793700833,-0.0006235192631881834,-0.00044725741593618345,-0.00042716564913918356,-0.00040816651094488336,-0.0002366746971272835,-3.513527469228318e-05,0.00046422765609671667,0.00032741432647951643,4.848238075811674e-05,0.0003563396820230164,0.0003816157367268168,0.0002837377439031167,0.0003056043219046168,0.0004607790163314164,0.0006213610992944164,0.0007458962471910166,-0.0008757041374697833,0.005154808268016916,0.008332661759116816,0.008163656642993516
1820,-0.0017320536241223557,-0.0018957384073749555,-0.0017874612754335555,-0.0013039982497529432,-0.0013008852707429347,-0.0010510990598388554,-0.0013334544333029879,-0.0013946711166552557,-0.0014035114705857556,-0.0010880499889925556,-0.0007452116514612556,-0.0005422204182454556,-0.0005458236674196555,-0.0005213105949092555,-0.0003689500353014556,-0.00017628286661435563,0.00031370132778114445,0.00016619437595244446,-0.00012763567783495556,0.00018149937345204436,0.00020730674915574437,9.617100461214436e-05,0.00011048158580874434,0.00028555287332734437,0.0004264409532547444,0.0005643814153103444,-0.0010514007260653555,0.004996533895935644,0.008175507827157244,0.008020136827426744
1818,-0.0017105181866166664,-0.0018680778196434665,-0.0017736988887817665,-0.0012932791463743664,-0.0012865969660189665,-0.0010729827803067666,-0.0013652407400811665,-0.0014221674881917665,-0.0014263569530883664,-0.0011211601871534665,-0.0007981338832328666,-0.0005707963077518666,-0.0005894361192545665,-0.0005551942602560665,-0.00042611968171946655,-0.00023681975364039568,0.0002353872210314334,9.700388264943341e-05,-0.000200984778157041,0.00010067658712483343,0.00014152986652183342,9.578192668033405e-06,2.4639575251133395e-05,0.0002135508567394334,0.00033396971040983343,0.0004765120615631334,-0.0011649378677607665,0.004895588874967034,0.008074163545765834,0.007932171007435233
1816,-0.0017215615991217669,-0.0018699440507738668,-0.0017778304834003668,-0.0012967781379474668,-0.0012859397331849668,-0.001020768244643667,-0.0013066928787666668,-0.0013640782277370667,-0.0013537221756590668,-0.0010574234966546669,-0.0007506920927378669,-0.000515013725589667,-0.0005356655659499669,-0.0004925523287161669,-0.00037929654125726687,-0.00018908012362856686,0.00026531939738193316,0.00015734804823580725,-0.00013309701196546686,0.00014938809771087604,0.00021186939855603315,6.631168800246645e-05,8.052937189655985e-05,0.00026858640728713313,0.0003810949968699332,0.0005134323255354331,-0.0011750664526802668,0.004905253970708434,0.008092970990421633,0.007952054004428433
1814,-0.0017813529537746501,-0.00191440807153705,-0.00181574859390095,-0.00132605975034555,-0.0013118633255074501,-0.00091941609895885,-0.0011852644364391501,-0.00124503412968055,-0.00121133798603195,-0.0009204596499949499,-0.00061656202263405,-0.00037746431744734997,-0.0003913093036444499,-0.0003394263040947499,-0.00023126865501669865,-3.0826635870549946e-05,0.0004114721359480501,0.0003413040284735501,7.131718563435004e-05,0.0003294380757851501,0.00041516695081515005,0.00027015257659105004,0.0002797693731478501,0.0004577523749011501,0.0005785500631495501,0.0006888898109382501,-0.00101412530080975,0.005090596652846949,0.008297392279185451,0.00814943269506565
1812,-0.0018589325200736168,-0.001969203221423617,-0.0018636371097255169,-0.001360982368027917,-0.0013516419014800167,-0.0008371829229976377,-0.0010831380627151167,-0.0011406543011710168,-0.0010836412686653168,-0.0007944839298448873,-0.0004810058105311168,-0.00023297449302011675,-0.0002381498721183168,-0.00017645375828731675,-6.535770386561677e-05,0.00015158699219858316,0.0005873840624145832,0.0005401573871305832,0.0002977507615151833,0.0005370219249494832,0.0006415803458960833,0.0005056442808933833,0.0005109544755724833,0.0006782468907285832,0.0008110932603602833,0.0008921041369052831,-0.0007738181964342998,0.005334620886185283,0.008556211591765483,0.008404397120730683
1810,-0.0018888898094096915,-0.0019835193050745915,-0.0018767598698866915,-0.001368820720562499,-0.0013740981774130346,-0.0008270427476754916,-0.0010666594516937915,-0.0011191484585364915,-0.0010553074071157915,-0.0007617516068196916,-0.0004402368358963915,-0.0001867110520834916,-0.0001854137318987915,-0.00011772438348289153,2.1174523116083543e-06,0.00022535458062320846,0.0006635126647441083,0.0006107222608283086,0.00039168805383020837,0.0006227887922919085,0.0007324495498416083,0.0006054872984741085,0.0006090705196854084,0.0007679092864506085,0.0009038895448880084,0.0009549302796867086,-0.0006724939029669916,0.005416476072245309,0.008640005351830309,0.008492087882346509
1808,-0.0018642969861488105,-0.0019611809944593108,-0.0018538189814076107,-0.0013516498225384843,-0.0013686240620612725,-0.0008813964094221106,-0.0011268733505956105,-0.0011761699521871105,-0.0011275680319731106,-0.0008213532298242106,-0.0004998025488428105,-0.0002554565655287105,-0.0002491251312521105,-0.00018457266092731053,-5.23728138407105e-05,0.00015740556592858937,0.0006111837637453896,0.0005346789422294893,0.00033018007768428935,0.0005616541488991896,0.0006591594110619892,0.0005374579912818893,0.0005431442117851894,0.0006963512159944894,0.0008284692373214896,0.0008617797922209896,-0.0007734995451182105,0.00531624989834849,0.008540833030997988,0.008399570846615488
1806,-0.0018536752041730833,-0.0019554117954954835,-0.0018377873939361832,-0.0013430748381537834,-0.0013555089669087834,-0.0009524069355038834,-0.0012032470249322834,-0.0012481666702434833,-0.0012205322677446835,-0.0008991092780792833,-0.0005740003643659434,-0.0003437992366608833,-0.00033120183464448334,-0.0002753921469329833,-0.00013146486099068334,5.881032631581667e-05,0.0005337790431108167,0.0004398256012032167,0.00024620153699971665,0.00048431698066811674,0.0005607857020061166,0.00044173762996801665,0.0004559978028417167,0.0006081216763211167,0.0007405156475064166,0.0007739190451601167,-0.0008882017351675833,0.005248824645930217,0.008485158092146316,0.008345458198667317
1804,-0.0019020340431260836,-0.0019888713920164836,-0.0018506021520856837,-0.0013593432164010837,-0.0013541462220194836,-0.0009995257582785836,-0.0012469376777490837,-0.0012815643868499837,-0.0012608613693644837,-0.0009329492604705837,-0.0005910077849175837,-0.00036058038938858365,-0.00034098688816528366,-0.00029103827158658365,-0.00013924391538158368,4.5433057561718254e-05,0.0005303230762379163,0.0004381808665282163,0.0002538088191761163,0.0005058212239021163,0.0005640326047825163,0.00044759379821521635,0.00047524096669751634,0.0006299490712196163,0.0007738467617656163,0.0008137537374270163,-0.0008352017690653837,0.005357474376724616,0.008603412661281217,0.008454997025648817
1802,-0.0019778307601461334,-0.0020306834695586334,-0.0018730614700538334,-0.0013861832801613334,-0.0013677533776887334,-0.0010055922249342334,-0.0012417408555849333,-0.0012638874585600333,-0.0012332046025595332,-0.0009129045993990333,-0.0005505233320362333,-0.0003010323936907333,-0.0002779772969720333,-0.0002272760513833333,-7.061228622635819e-05,0.0001259820025667667,0.0006008886804384667,0.0005238590284020667,0.00034033925163876673,0.0006115406406243667,0.0006615367131125667,0.0005498876216274667,0.0005861234929972667,0.0007423874217142668,0.0009081523854107667,0.0009484181018932667,-0.0006396472776474333,0.005568865182176067,0.008801394803473967,0.008635512357608666
1800,-0.0020279515583833834,-0.0020516655133666836,-0.0018866425992483836,-0.0014083379781954836,-0.0013944243598367836,-0.0009824019088932835,-0.0012047266060381835,-0.0012202103907356836,-0.0011772539487049836,-0.0008681034132504836,-0.0005008416174454835,-0.00022957193472118357,-0.00020771205041168354,-0.0001530462249498836,8.998591671416476e-06,0.00022024631362921646,0.0006764902958920164,0.0006141559380085164,0.00042025162094981637,0.0007061215676379165,0.0007600624562698165,0.0006548359474051164,0.0006880479218800165,0.0008429271486496164,0.0010324034288794162,0.0010742950287100164,-0.00047198230085758355,0.005740148610836716,0.008947870926888016,0.008769022009030717
1798,-0.0020631333429235997,-0.0020758596883458996,-0.0019082925160665998,-0.0014335181572917998,-0.0014321057824707999,-0.0009600590632081998,-0.001170223214747305,-0.0011828840944289928,-0.0011378330897865998,-0.0008244080225668997,-0.00046863573977499985,-0.00018741813009789986,-0.00016355822978449987,-0.00010516037169499984,6.413542200950015e-05,0.00028114294833380023,0.0007289931434588,0.0006768110664857002,0.0004733793011377002,0.0007616142092166003,0.0008283038694196002,0.0007281096640236,0.0007561640613390002,0.0009127894804528004,0.0011174459184443003,0.0011792567354234004,-0.0004071833632698998,0.005873093711044401,0.0090856882837194,0.0089129094870987
1796,-0.002129218712779,-0.002137064404904,-0.0019576847251679998,-0.0014710488042544998,-0.0014695500881099998,-0.0009432497804552997,-0.0011451347205989997,-0.0011493737780593999,-0.0011090160470808997,-0.0007706727976682998,-0.0004255935266179998,-0.00014015712107849979,-0.00010333410716159975,-4.0645087451699705e-05,0.00013560833383390015,0.0003567346169161003,0.0008097694921103001,0.0007699445608707004,0.0005687108565398001,0.0008518227580850001,0.0009332104854508001,0.0008372321077186004,0.0008705565178404001,0.0010382293278423,0.0012465241257490003,0.0013406796991809002,-0.00033790477204259975,0.0060636141472701,0.009316559579970601,0.009164566735215499
1794,-0.0022042068016131667,-0.0022073901978837667,-0.002012151705189467,-0.0015020533322777669,-0.0014835296924399668,-0.0009063660840251668,-0.0011076714429498668,-0.0010987888114570668,-0.001062927482840767,-0.0006936307842814668,-0.0003508746477976668,-5.726924813616676e-05,-1.0478817648667486e-06,6.317864788943318e-05,0.00024331610140623339,0.0004761934245012332,0.0009382518289105331,0.0009137117962379332,0.0007190979245308333,0.000997918381413633,0.001088156048974433,0.0010004457209447334,0.0010434302351713333,0.001228127158193533,0.0014298873366415334,0.0015403218891947331,-0.0001898315129143667,0.006266144789437934,0.009546401997831034,0.009409331729404134
1792,-0.002189494583998433,-0.002205006823162033,-0.0020169168610661334,-0.0014909032553662334,-0.0014568056301009333,-0.0008466842416056334,-0.0010597791097035334,-0.0010488511931603334,-0.0010172901961081333,-0.0006372617658881334,-0.00029771023679753326,-4.667424319333875e-07,6.575939524446658e-05,0.00011741299889496664,0.00029618082392696664,0.0005389822971005667,0.0010046995399630668,0.0009859501751726665,0.0007852486349936667,0.0010604904176522668,0.0011469705298209668,0.0010715170853706668,0.0011077739252476665,0.0013027703269594668,0.0014872439639607667,0.0015762712119107665,-0.00010013245950493341,0.006253005394008567,0.009503345020851265,0.009359127153693768
1790,-0.0020579402194680833,-0.0021086947983841834,-0.0019605005590884834,-0.0014406657390859834,-0.0014106969442131835,-0.0008053777229775834,-0.0010383821830919834,-0.0010456115422942834,-0.0010181506378858834,-0.0006601963687394834,-0.0003314221202967195,-5.1349326340383386e-05,8.954913445416619e-06,3.287029400021659e-05,0.00020499337602301665,0.00043854767653141657,0.0008995005071991166,0.0008697359691560167,0.0006491810567217165,0.0009158011226174166,0.0009886329961979166,0.0009188413179212166,0.0009285372265738167,0.0011186508026978165,0.0012785904704120167,0.0013224735780211167,-0.0002494232264119834,0.005943681429599716,0.009140884752765118,0.008978498260239918
1788,-0.0019297709105352999,-0.0020115265751743,-0.0019036717708153998,-0.0014006537028665,-0.001384132457926,-0.0007879628265207,-0.0010361144797388,-0.0010671731773471,-0.001037236003515,-0.0007147915591239,-0.00039518609469819997,-0.0001471092815329,-9.4205820913e-05,-9.334878556049999e-05,6.923985144549013e-05,0.00028198727112160003,0.0007327166366238,0.0006879673321932,0.000452630822811,0.000707368624423,0.0007684107932499,0.0006912309640613,0.0006785214241263,0.0008574493840425,0.0009968360970818999,0.0009996346162409,-0.0005182961137047,0.0056150391641335,0.0087980675877807,0.0086297554173175
1786,-0.0019008641255908168,-0.0019890447574855167,-0.0018917970274343167,-0.0013981756705359167,-0.0013852897587624167,-0.0007496663275674167,-0.0009999168441042166,-0.0010437651605253169,-0.0010016220663026168,-0.0007050101344032167,-0.00038411917178605835,-0.00016403841406501673,-0.00010937737828101675,-0.00011089385735831673,4.096296506238327e-05,0.00024405564901068327,0.0006846323572220832,0.0006328993429710833,0.0003987221756662833,0.0006462585010812833,0.0007046328006779833,0.0006120504916701832,0.0005971582011843833,0.0007708782642400832,0.0009024458562170833,0.0008750817778141833,-0.0006432746497402168,0.005523252090417083,0.008725296008696383,0.008565171339808983
1784,-0.00196266832298465,-0.00203883071472025,-0.00191930621214235,-0.00142219002086695,-0.00140022281063265,-0.0006843920230449501,-0.00092306517879975,-0.0009629733300166501,-0.0009059555315818501,-0.0006155146790290501,-0.0002841824626590501,-7.710451215455004e-05,-1.7493138497050136e-05,-2.177109941150059e-06,0.00013939080499755004,0.00035457725153195,0.0007914046528970499,0.0007391072059405499,0.0005190259060374499,0.0007690297561841499,0.0008346325363847498,0.00072530082709465,0.00072524326816525,0.0009028711440043501,0.00104067991584665,0.0009991474244605498,-0.0005196472853048501,0.005681863289195149,0.008895735033170949,0.00874321808134685
1782,-0.002044295902187408,-0.0021079579915220083,-0.001951697705031708,-0.0014447656261741915,-0.0014131687859974761,-0.0006635178703031082,-0.0008861405787652082,-0.0009090867058772082,-0.0008473327752306081,-0.0005430874489882082,-0.00019988710496160814,9.552723589691765e-06,6.538857662229179e-05,0.00010135347067719187,0.0002374034569063918,0.00047545448797609176,0.0009183646400079918,0.000865204081122592,0.0006625825387084918,0.000922981609980792,0.001001861794386292,0.000879741628471992,0.0008981068747982918,0.0010825513172902917,0.0012335430747264918,0.0012101818424561917,-0.0002910370999677082,0.0059098269166087914,0.00911998302307319,0.008961886010912792
1780,-0.0020970805670200332,-0.0021533111934737333,-0.001967608641685233,-0.0014523012929938332,-0.0014195660609701332,-0.0007360736070911333,-0.0009535682208502332,-0.0009574605781602333,-0.0009033344417444332,-0.0005742213953004332,-0.0002233443675220333,-2.542912656433192e-06,4.0551158039966746e-05,8.763964720796672e-05,0.00022758845046986684,0.0004785532332196667,0.0009331984826833667,0.0008798532325170669,0.0006891677194411667,0.0009619812122921669,0.0010521855266958666,0.0009266983701301669,0.0009555106748402669,0.0011411886789349666,0.0013031420734399668,0.0013291936688273668,-0.0001768028761277333,0.006037118897988867,0.009262851095141566,0.009089867756142966
1778,-0.0021572091375782502,-0.00219789991213805,-0.00198985357349535,-0.00146319583423045,-0.0014303290609971502,-0.0008305434444920289,-0.0010573323066200501,-0.00104737107261245,-0.0009999907256292501,-0.00064523127661285,-0.00028742901254745,-4.853677977505004e-05,-1.5941765750549994e-05,3.792710487665e-05,0.00019171681298464996,0.00044261801475374985,0.0009105581485642499,0.0008668910293904499,0.00068231874100165,0.0009677800293936501,0.00106237816156815,0.00094680250468315,0.00097903356525455,0.0011615312444585501,0.00133449099828515,0.00141202338533455,-0.00013505680204585003,0.00614614437436885,0.00942179395323025,0.00923848751843925
1776,-0.0022805949481241997,-0.0022874926837133,-0.002051066622714,-0.001499384796955,-0.0014573191902352998,-0.0008503040333742,-0.0010889254596237,-0.0010684164181843999,-0.0010158078961835999,-0.0006398823121506018,-0.0002686035331289999,-1.180452807899939e-06,2.8873601413500062e-05,9.697608305340012e-05,0.00027251525556820015,0.0005226067101852001,0.0010089001765287002,0.0009895006119253003,0.0008098859012519,0.0011098719986221,0.0012040256259832002,0.0011113295221527003,0.0011472314240808003,0.0013315888322888002,0.0015251612827935001,0.0016321587308600004,6.60343416854001e-05,0.006434224766389301,0.0097574354602219,0.0095758582417418
1774,-0.0024420944245729,-0.0024071025141055,-0.0021371131072675,-0.0015494863311015,-0.0014929897373133,-0.0007915916648769,-0.0010295715380842,-0.0009986516094384,-0.0009315050788462999,-0.0005451490722565191,-0.0001527831142711,0.00014866896526010006,0.0001809666380807,0.00026947593991189997,0.0004698888886081,0.0007233568281899001,0.0012348310193823,0.0012439796998338,0.0010692601507608,0.0013813738468184998,0.0014758074864098,0.0014099153044444999,0.0014529176249895,0.0016503341188622003,0.0018735359994999003,0.0019866458141758,0.0004921248444853999,0.006885405531328,0.0101978981072083,0.0100287861143607
1772,-0.0025063859983787836,-0.0024513190724307836,-0.0021670871160762834,-0.0015622032598645835,-0.0015038044046248836,-0.0007539853370632343,-0.0009761109592976835,-0.0009403300236971834,-0.0008648398820801835,-0.00048720138059368345,-7.976357585738343e-05,0.00023688749199231654,0.0002717301752166166,0.0003678525845790165,0.0005857837727012166,0.0008343762443984165,0.0013643596241883164,0.0013816115224848163,0.0012058409150489165,0.0015151991067266163,0.0016141537127798166,0.0015593686370120163,0.0016077925191605165,0.0018200963137372165,0.0020610629268147163,0.0021779761885062166,0.0008169591091354164,0.007115782227082017,0.010345375163925316,0.010190799851375316
1770,-0.0023931292499478167,-0.002356223489002717,-0.0020947964667358166,-0.0015162850445091167,-0.0014757134471079167,-0.0007968878841785167,-0.0010033175982001167,-0.0009773084100930167,-0.0009097930160435167,-0.0005572263336785166,-0.0001582631734923166,0.00013908245556718338,0.00017681393873498325,0.0002550968751378834,0.00047532621935888336,0.0006995309073036834,0.0012247720653245835,0.0012216783151809834,0.0010345653965193834,0.0013223168160284833,0.0014267633669453833,0.0013571316288306832,0.0014025644707719835,0.0016130457294270832,0.0018424429734959834,0.0019846761859854834,0.0006891580411870833,0.006840265818671783,0.009984014090977083,0.009836147697303383
1768,-0.0022177599260337164,-0.0022175088246616168,-0.0019964710003816167,-0.0014660908360120165,-0.0014467730266781165,-0.0008507318547366165,-0.0010522283658261165,-0.0010446755905294165,-0.0009925457713629165,-0.0006657430207519166,-0.0002945116135324165,-2.954292350391659e-05,1.245794435138334e-05,6.174247169868342e-05,0.00027330882549998336,0.00046599144392718344,0.0009698713465375833,0.0009439097568130835,0.0007427571781766834,0.0010035580948383833,0.0011106493893968835,0.0010135452462417835,0.0010510660370834834,0.0012436174085227833,0.0014458495875890834,0.0016314176919263836,0.0002827267920440834,0.006368630567706183,0.009493695843093883,0.009344603613767084
1766,-0.0021190858861274003,-0.002148979713305,-0.0019564123421637004,-0.0014578835132289004,-0.0014483692089830003,-0.0008595664851444093,-0.0010617279912716003,-0.0010645363090498003,-0.0010241943863265003,-0.0007102562443122303,-0.0003670717783255003,-0.0001214041347601003,-7.462052744410029e-05,-4.630038452110028e-05,0.00015325047351459967,0.00032717243481149977,0.0008104160136045998,0.0007821784482704997,0.0005743114521993997,0.0008165107329072997,0.0009257044434034996,0.0008051314520715996,0.0008383283816887998,0.0010147916825640996,0.0011948501998578997,0.0014187417926427998,-4.11360542895003e-05,0.0061099863550338,0.0092825168129206,0.009130730663808
1764,-0.0021226274524299496,-0.00216741545182335,-0.00197810875687355,-0.0014793748732588499,-0.0014678304494817498,-0.0008461441172056499,-0.00104831996376295,-0.0010444847479297499,-0.00101127098157175,-0.0006904069031631498,-0.00036413205483037394,-0.00012115339302544982,-6.87528982302498e-05,-4.693478899194981e-05,0.00014117261129555016,0.0003177980991211502,0.0007886974420692502,0.0007777501861093502,0.0005714530152138502,0.0008082157783367502,0.0009218923690751501,0.0007903666091872502,0.0008255272901216502,0.00100040188251095,0.0011675693223136502,0.0014048365101628501,-0.00015620071929614983,0.006123395878193751,0.009367023354447349,0.00921535698386745
1762,-0.0021706730262692165,-0.0022196853103742167,-0.0020120888926489166,-0.0014897763413540166,-0.0014726255027955166,-0.0008514305852086166,-0.0010533607708252167,-0.0010327174042925166,-0.0010060601922988167,-0.0006602350146503167,-0.00034145211884571664,-9.598272091318374e-05,-3.705130055601395e-05,-1.114023290671665e-05,0.00016790373324128335,0.00036467959594148336,0.0008301534596147833,0.0008402437593030834,0.0006369600770440834,0.0008791788495677833,0.0009964676630407833,0.0008700377479682834,0.0009092019868512833,0.0010952678337530833,0.0012525345956042834,0.0014718964015814834,-0.00012468737707532526,0.006226247038727884,0.009513769485963384,0.009364849073441883
1760,-0.0021919821324865333,-0.0022447992911765334,-0.0020146941350716336,-0.0014681141979368336,-0.0014513137625021336,-0.0008909367479648335,-0.0010959562922609335,-0.0010651462504477336,-0.0010457987308072334,-0.0006737317944761335,-0.0003611922760036335,-0.00011796092940463351,-5.6708171746333504e-05,-2.4764784432833504e-05,0.0001480237611816665,0.0003668943550770665,0.0008304929598524664,0.0008501359076368665,0.0006460740160918665,0.0008954220244519665,0.0010072354356109663,0.0008986645702714664,0.0009382634771414666,0.0011344826323225665,0.0012814349069711665,0.0014647581648165665,-6.27746528739335e-05,0.006241407702436366,0.009518490054440568,0.009370903519173667
1758,-0.0021793872458922333,-0.0022372617834166336,-0.0019978120229005333,-0.0014425026538967334,-0.0014323883387351334,-0.0009452295725763334,-0.0011566376253861334,-0.0011290089588958333,-0.0011130026305749335,-0.0007348050586441334,-0.00042938240455403336,-0.00019044036413293336,-0.00013600680315883337,-0.00010072383900683335,6.667114611436662e-05,0.0002923079705803666,0.0007563619734400667,0.0007743793061688667,0.0005709495871007666,0.0008184609526569666,0.0009148498190041667,0.0008253788504121666,0.0008620551535141667,0.0010556166849583666,0.0011989881183957667,0.0013519906443542667,-4.468841879663336e-05,0.006193710253324867,0.009441400332233266,0.009289352044841267
1756,-0.00220851877873005,-0.00225678235389935,-0.00201582870942855,-0.00145818989803845,-0.00144769470326985,-0.00096555284683715,-0.00118092239265225,-0.00115532190776665,-0.00113356992113745,-0.00076584941468345,-0.0004597987560730172,-0.00021708538404264995,-0.00017010971109584995,-0.00012718501854224997,3.4013265572250065e-05,0.00025216498085355005,0.0007216512263795501,0.0007419367119869502,0.0005499422319489502,0.00078795870919435,0.00087219247524395,0.0007965817312440501,0.0008325762058707502,0.0010173404416025501,0.00117342151924125,0.00130816145951865,-7.786637276499335e-07,0.0062891685447793505,0.00954874534219995,0.009387014443366249
1754,-0.0023574826749768168,-0.0023620554778375166,-0.002105594700881717,-0.0015315554248447167,-0.0014990786805656167,-0.0008959579574453646,-0.0011062798609922167,-0.0010657192982574167,-0.0010285405681364167,-0.0006623670279875167,-0.00033806422428811673,-7.774009352741668e-05,-2.2241875149416686e-05,4.345619129698323e-05,0.0002004776203977833,0.0004146375681260832,0.0008998563446994834,0.0009388696625018833,0.0007701619360676832,0.0010028899796308832,0.0010931668994638832,0.001031745958504083,0.0010734655471656834,0.0012604834397825834,0.0014458785308706832,0.001562742504707483,0.00026818305341588333,0.0067095125352265835,0.010027599159181482,0.009855766959106383
1752,-0.00262994564068945,-0.00255618461134845,-0.00225862085897825,-0.00164749710293725,-0.00157101805198055,-0.0007194799376442501,-0.00091302668131115,-0.00084290037200165,-0.0007833559873561501,-0.0003919610081479501,-2.947677129495007e-05,0.00026158459988755004,0.00034769299241824993,0.00045096914666864995,0.00061269455414205,0.00084137645149375,0.00135396957620345,0.00143132851216195,0.00128877604144275,0.00152899234841765,0.0016491063931923498,0.0016057620993915498,0.00166095193667825,0.0018707065555996498,0.00209037061634435,0.00218863280038185,0.0009120695557031499,0.007466015134823051,0.01084024138163155,0.01066326626593395
1750,-0.0028878631707607502,-0.00274194117220005,-0.00239888381350075,-0.0017522188973533499,-0.0016361866280596498,-0.0005417039856293499,-0.0007154418133179589,-0.0006268893902387499,-0.0005452402478836499,-0.00011479512897384994,0.0002899073293254501,0.0006134230908957501,0.0007310905424864502,0.00086415879910595,0.0010430179178554503,0.0012996055091242498,0.00183598598159815,0.00196159338958225,0.0018322986487392498,0.00208601183613595,0.00224647423953415,0.00221352690977985,0.00228672706005965,0.00252724967818925,0.00276360953577185,0.00286094844169785,0.0016912283132388501,0.00821207678705545,0.01159155446775665,0.01141709368187455
1748,-0.0029486142449762997,-0.0027891317866959994,-0.0024363113244104994,-0.0017883835540308999,-0.0016689682052459997,-0.0005244848924549997,-0.0006928537765986996,-0.0006194916861574998,-0.0005243559725832997,-7.45535364687997e-05,0.0003475002713062003,0.0006860853375025004,0.0008055025329077003,0.0009365239589973004,0.0011353569977154002,0.0014082425209915002,0.0019423224370485003,0.0021054399345872003,0.0019701232966646003,0.0022252524139213005,0.0024089414390191005,0.0023674097807281002,0.0024526653929507003,0.0027048845205541005,0.0029309588613840006,0.0030481815455225005,0.0020252298318122006,0.0084462730194938,0.0118002930827682,0.0116314091153597
1746,-0.0028473459092951334,-0.0027209287441542335,-0.0023972094735509332,-0.0017797955722644331,-0.001681691249297033,-0.0006342972753671332,-0.0008126267714794333,-0.0007717541284688333,-0.0006711894917978332,-0.0002234535027398332,0.0001861752612627668,0.0005193357834116668,0.0006201770996030668,0.0007289338288362667,0.0009393246952597668,0.0012089493134419668,0.0017201077767784669,0.001902276533850467,0.0017548200459326668,0.001998213112829367,0.0021828454440566665,0.0021265949347778665,0.002210562433094067,0.0024537387536558665,0.0026628762237992667,0.0027913280455097666,0.0018529432237049668,0.008241054776751666,0.011593044588794565,0.011426970948561765
1744,-0.0027343610223606167,-0.0026446279463683167,-0.0023649131213166166,-0.0017878390174391166,-0.0017056977500549168,-0.0007296637005529166,-0.0009185274215255166,-0.0008999188722065167,-0.0007980594064110165,-0.0003511442531219166,3.3881489999383336e-05,0.00035373678420128334,0.0004459423710157833,0.0005346082957367834,0.0007479143594290833,0.0010096489136683833,0.0014988610189785832,0.0016889588366888833,0.0015348707900904833,0.0017685353169217832,0.0019488055288525833,0.0018865176464213833,0.001958226878774683,0.0021927280136119836,0.0023937965216610834,0.0025118688834878835,0.0016080200549951833,0.008023881054018684,0.011402315396657783,0.011237438857539583
1742,-0.0026769864607410834,-0.0026106671863057834,-0.0023726990662086833,-0.0018324963660709833,-0.0017518631113314833,-0.0007789318032561831,-0.0009693099801420833,-0.0009526345027349833,-0.0008540272580805833,-0.0004016046965120832,-3.726130916518317e-05,0.0002742439774584168,0.0003753083795444168,0.00045083716073011676,0.0006612989068750883,0.0009214157759612168,0.0013986097797611167,0.0015935483240558167,0.0014389175080538167,0.0016743937949619168,0.0018549973373735169,0.0017922838685600169,0.0018486046494248167,0.002087441875718417,0.002284230157380217,0.002394414404488217,0.001526602542715817,0.007989333804783416,0.011406052641685116,0.011244712190658018
1740,-0.0026756503603734168,-0.0026204039015041165,-0.0024079085063443166,-0.0018900424604806167,-0.0018039025041353166,-0.0008425154652040169,-0.0010272084540220168,-0.0009979547207758165,-0.0009060770644048167,-0.0004526722808877166,-9.54256348021168e-05,0.00022041776663168336,0.00033256744005138333,0.00039796047775128335,0.0006022041941651833,0.0008667718749046833,0.0013388456657398044,0.0015446351659151834,0.0013932489267585832,0.0016394391952333832,0.0018220436387143832,0.0017559113103409834,0.0018032157454640832,0.002056404940040383,0.0022457820563002834,0.002378845131229183,0.0015441621468935832,0.008086317618033483,0.011552112900390482,0.011397907732837782
1738,-0.00274094795399475,-0.0026789845262804495,-0.00246199000219015,-0.0019392629603270498,-0.0018429269252970494,-0.0009244986999829498,-0.0011015436828231496,-0.0010538259315950498,-0.0009646080948331496,-0.0005140631963150497,-0.00014704319894434962,0.00018556384288175042,0.00030194749348655034,0.0003617928117328503,0.0005617321125186503,0.0008347432859711504,0.0013100253993591504,0.00154207579991466,0.0013996974754871504,0.0016591848001772812,0.0018413146883558503,0.0017722760192979503,0.0018219490663412504,0.00209333595314355,0.0022806227673262502,0.00246140180839735,0.0016456597068685553,0.00829128608103285,0.01180843732913815,0.01166411236808945
1736,-0.0028855719463599834,-0.0027899399497543827,-0.0025369303684654827,-0.001978482248181783,-0.001861581554725883,-0.0009415186051193831,-0.001111909902929583,-0.001042840456276083,-0.0009451367785256828,-0.0004861719788548831,-9.470695317368295e-05,0.000258505448782017,0.000380483731695317,0.0004444430158281169,0.0006494809150914169,0.000933489221411517,0.001430440642094617,0.001703501303906017,0.0015785937814313169,0.001851667246231384,0.002033931428701017,0.001971447455734717,0.002033375019352417,0.002324759881987817,0.002531005822906717,0.002749198964096017,0.001994792303849817,0.008661761564303717,0.012184054779366817,0.012052506067487517
1734,-0.0030089700598269664,-0.0028736487289528667,-0.002584437643829467,-0.001985896875808867,-0.0018481791063712665,-0.0008662683960244666,-0.0010392451734924668,-0.0009539264795223666,-0.0008429768052019668,-0.00036359170189436676,5.236384700363318e-05,0.0004118065951519332,0.0005419984116186332,0.0006158959952726332,0.0008361357556619332,0.0011211682609670332,0.0016528070637903333,0.0019571936369031334,0.0018472784538500332,0.0021306869769501732,0.0023168840825107334,0.0022633094889810777,0.0023382852372344333,0.0026404263951529333,0.002883782919859733,0.0030862376910494333,0.0024880887712770334,0.008987967346730333,0.012418860613669933,0.012301132414789433
1732,-0.0029240520829025823,-0.0027970556070161827,-0.0025210269648545825,-0.0019271586675830826,-0.0017988131338373828,-0.0008394832253661826,-0.0010316792958538824,-0.0009513915148939827,-0.0008432352720197825,-0.0003608006559253827,5.348425206011748e-05,0.0003926854052954173,0.0005128277605266174,0.0005886434768345174,0.0008190834993184175,0.0010790829884883175,0.0016206496131610175,0.0019144147211062174,0.0017931558786519176,0.0020789543405462176,0.0022645154544368175,0.0022022407870177173,0.0022764128872304174,0.0025615956489647837,0.0028262335913769175,0.0029498212563950172,0.0024963612252592395,0.008770274408676518,0.012077313733427117,0.011968106456193818
1730,-0.0026694541411110997,-0.0026003033831367,-0.0023783058352656998,-0.0018324439625337003,-0.0017437840808837003,-0.0009366085904050003,-0.0011492887988443002,-0.0010926237607094,-0.0010073184805281,-0.0005507769668625,-0.00016578105838010006,0.00014319156367340003,0.0002308710481586998,0.0002988038677607997,0.0005244024825405997,0.0007456307520026999,0.0012589686848781998,0.0015099570646259998,0.0013526612744708998,0.0016383966040716,0.0018099500221237998,0.0017265363022692,0.0017863595063653,0.0020354227724083,0.0022896009809989,0.0023146774375716,0.0018741447302578998,0.0080714414854237,0.0113307398759374,0.0112242914029309
1728,-0.00242894542221495,-0.0024196971310071493,-0.0022495544004993494,-0.00175553170669215,-0.0017086220483975493,-0.00104768333074285,-0.0012626078602202494,-0.0012311384432705497,-0.00117290727489875,-0.0007504523662710499,-0.0004017921815531499,-0.00011589574533164967,-5.9896448592949934e-05,-1.6336340302497594e-06,0.00021250538430435048,0.00040350819028735045,0.0008782436670747504,0.0010804437030796502,0.0008870259065487502,0.0011758452555970503,0.0013249970193884503,0.0012273088628297502,0.0012732238029031502,0.0014901757317107502,0.0017205165864557503,0.0016652472541269503,0.0011562165092900503,0.007392192392494451,0.01066656771564795,0.01056235070881115
1726,-0.002292681315031683,-0.002315749289611583,-0.002176085740940583,-0.001715648447361683,-0.0016939881807185833,-0.0010831784608962831,-0.0012812834736707838,-0.0012669623896373835,-0.0012267678683711837,-0.0008310873238049836,-0.0005113121002241834,-0.0002393930400000836,-0.00019759141636228363,-0.00014866683622828322,5.679826292241674e-05,0.0002342826859324165,0.0006809996209998165,0.0008387543376117165,0.0006273889646934167,0.0009172637753896164,0.0010462810364172165,0.0009456714855474164,0.0009872215672094165,0.0011869453845365164,0.0013948024113144167,0.0012970508766791166,0.0007067194344664166,0.006998144338520416,0.010296204625760816,0.010194152973664116
1724,-0.0022750933099721163,-0.002296153223333516,-0.002164017924647616,-0.0017125427426016165,-0.001692506908108916,-0.0010461236359445162,-0.0012230414558166165,-0.0012150468019242163,-0.0011765936982652166,-0.0007964872697577164,-0.0004906331090075164,-0.00022415679467461657,-0.00017997582118151664,-0.00013881621567041636,6.450139515118327e-05,0.00024423448951468385,0.0006776636886229835,0.0008038173186264838,0.0005990590612731839,0.0008812158205559837,0.0010006960809145838,0.0009037999263718836,0.0009500366124792839,0.0011481702423524836,0.0013399138874070839,0.0012466792902151836,0.0005683001462302838,0.006925402575190883,0.010244069241500484,0.010140314108663784
1722,-0.0023848522192288163,-0.0023702375060936165,-0.002220824162445816,-0.0017503629630250166,-0.001705658734521216,-0.0009646150458467164,-0.0011276283898910165,-0.0011133463514102163,-0.0010567951169803162,-0.0006786251549793162,-0.0003667125899707163,-9.096322980511624e-05,-3.743764572911642e-05,5.708210779783486e-06,0.00021495694695058357,0.00041137368711238395,0.0008469982554481837,0.0009670304347475837,0.0007888966313835837,0.0010603793156684837,0.001182229721738684,0.0010962843059748838,0.0011504344741743839,0.0013605455170643838,0.001547237957867184,0.0014940471349457838,0.0007246876091760836,0.007190728886038284,0.010542602291641383,0.010431935585314484
1720,-0.0026513364171073675,-0.002565481225117367,-0.002365131824125067,-0.0018438629467366673,-0.0017470020116944675,-0.0008204889314599676,-0.0009702292841795674,-0.0009338249659441673,-0.0008374329806667673,-0.0004403884717748673,-9.690129850666723e-05,0.00021471121017543286,0.00028253175327163293,0.0003485276854946328,0.000574404222815933,0.0008047966518885327,0.0012663277884117329,0.001413916972162933,0.0012724286336095328,0.0015478079724957328,0.0016803148425851328,0.0016211521140825328,0.0016847852385334329,0.0019201232344990327,0.0021209083751809327,0.0021287835667322327,0.0013309957717790328,0.007906177712901233,0.011292046299076933,0.011172814424780932
1718,-0.0030067087750627,-0.0028358030699084,-0.0025575666592390998,-0.0019702769006856996,-0.0018098865490380998,-0.0006143850599297997,-0.0007390584811425996,-0.0006717995960012998,-0.0005242120754981,-8.834444852559966e-05,0.00030838490180190017,0.0006781654278144001,0.0007705386564669002,0.0008757079793093002,0.0011243065263370003,0.0014002774453701003,0.0019113917570504001,0.00210671854098004,0.0019932909566749654,0.0022939995990014003,0.0024405901630997003,0.002421144008849,0.0024993533692441003,0.0027651399670966,0.0030001883952107,0.0030986177495590005,0.0024117314088512,0.0089476038069692,0.0123052845857521,0.012180241953934
1716,-0.0031154190279863,-0.002928565555387,-0.002609085343179,-0.0020047305915143,-0.0018229063084267,-0.0005185935278900999,-0.0006232038813367,-0.0005504313995573,-0.0003820908883096001,7.332477239039995e-05,0.0005034500599122,0.0008986616047821185,0.0010112979483717,0.0011338527763439,0.0013845235614876,0.001680791410226,0.0022171808938184,0.0024285782842586,0.0023065885823371,0.0026193429863781,0.0027731561361681,0.0027693631294201,0.0028596757685589,0.0031302625976318,0.0033890204311799,0.0035995193743391,0.0030422638198141,0.0093610587831762,0.0126090749442459,0.0124807068264933
1714,-0.0028579181907074334,-0.0027451931124707336,-0.0024586507877842334,-0.0019047081797967332,-0.0017574056486921335,-0.0006378033797212333,-0.0007521320361132335,-0.0007084858345667334,-0.0005665989430369335,-0.00014179551452483345,0.0002707383741236666,0.0006264273838128666,0.0007307277000163665,0.0008340814818211666,0.0010538946328797665,0.0013272381126372666,0.0018294978684654667,0.0020050976730379665,0.0018484847021730665,0.0021321531834286667,0.0022782511218986667,0.0022510805763498666,0.0023367867703269667,0.0025772470032163664,0.0028219718225690666,0.0030999919948607665,0.0024831368174393666,0.008678437983148867,0.011855784269601767,0.011723875919451267
1712,-0.0025815089551285667,-0.0025404965448522663,-0.0023042798811022665,-0.0018023351498087665,-0.0016931754961585664,-0.0007931069370341665,-0.0009277282243294666,-0.0009079121074481667,-0.0007997750966973666,-0.0004233450877714665,-4.512649016606663e-05,0.0002577075589790334,0.0003385242257736334,0.0004221647014500334,0.0006046913864175663,0.0008475860015506334,0.0013022234855459335,0.0014339783170359333,0.0012557723850692335,0.0015021827476739335,0.0016316315469870335,0.0015792551203905334,0.0016529793911561333,0.0018605185804330335,0.0020774262587154335,0.0023546575231557336,0.0015867853257671334,0.007852618698412734,0.011055381887505033,0.010921796027050432
1710,-0.002514380032475033,-0.0024832732909746335,-0.002270038694547734,-0.0017805666960039334,-0.0016848075347263337,-0.0008511630621795337,-0.0009940823506657335,-0.0009678596143797337,-0.0008730900486071337,-0.0005295742921156334,-0.00016815302010783346,0.00011199933510416642,0.00017868447769016653,0.0002620890038230665,0.00042185197858906644,0.0006526820007078664,0.0010891775880860228,0.0011960381022277523,0.0010248898953111262,0.0012566745863853664,0.0013698646315709665,0.0013116880274441664,0.0013830329406804664,0.0015752642968287665,0.0017773105598938663,0.0020213288815510667,0.0011812246921471552,0.007587065488997467,0.010863753167823665,0.010733066248727666
1708,-0.0026540616276113,-0.0025725705039701995,-0.0023503341893463,-0.0018335104729105998,-0.0017302939795,-0.0008179108605204999,-0.0009571908449983,-0.0008998656463172999,-0.0007960054658245998,-0.00045884818289929985,-8.821681807449997e-05,0.0002069275446637002,0.00027881812935020016,0.00037504774766690017,0.0005321727861875001,0.0007721585947172002,0.0012275491672825113,0.0013273765120203002,0.0011861912795093673,0.0014299690971589002,0.0015357835696879001,0.0014867411710522002,0.001569261134439,0.0017656738077315001,0.0019746333684616,0.0022027373777912,0.0014068948688818002,0.0079163879297009,0.011264658345365499,0.0111407707733384
1706,-0.0028665520330464333,-0.0027194188273824333,-0.0024701962458687334,-0.0019091339667875332,-0.0017918779428558332,-0.0007545498147180334,-0.0008907576583122334,-0.0008035911306034333,-0.0006805614258529334,-0.00032804251575213334,6.610147548086659e-05,0.00039522297028716656,0.0004841428046893255,0.0005904971115861759,0.0007607584087887666,0.0010222446675021667,0.0015156840281099666,0.0016130081358997667,0.0015042952743617665,0.0017704378676046666,0.0018835819902571667,0.0018474494506572664,0.0019403124537596666,0.0021527653294029668,0.0023838806960726666,0.0026455097261371668,0.0019349488029616665,0.008484652876422567,0.011873593406841467,0.011757179015940967
1704,-0.0030400733479570333,-0.0028578196284302334,-0.0025710991713588337,-0.0019708267804827333,-0.0018389786151254332,-0.0006723943378531333,-0.0008073919212214333,-0.0007088020179148334,-0.0005686018007656333,-0.00019005716046513333,0.00022361957741236666,0.0005836279597076668,0.0006878438477911667,0.0007956206875288667,0.0009885683141012667,0.0012747101017927668,0.0018055103506983666,0.0018958472752918668,0.0018047441718003667,0.0020836151003836667,0.0022178042314085667,0.0021969409046204667,0.0022832134130238665,0.0025158309879846665,0.0027680149306293666,0.0030849128140339665,0.0024379720174440666,0.008994572600549268,0.012389171164019067,0.012278797543354267
1702,-0.0032028316756521503,-0.00301372163280785,-0.00266929895593345,-0.00203427276550025,-0.0018815538867634502,-0.0005166008333761502,-0.0006345408204830502,-0.0005280966938480502,-0.0003720149866145502,4.0953113380049746e-05,0.00046415727221894984,0.00085430081976865,0.0009718820233413498,0.0010812614697268497,0.0013078517772589498,0.00162000327656945,0.0021862071095359497,0.00227298476569525,0.0021900475112073495,0.0024686612840140497,0.0026317780419346497,0.00263433255657805,0.0027070411937581496,0.00296372122015795,0.0032234586423257492,0.0035407052457336495,0.0029901208616076496,0.009538549316163549,0.01290826696582675,0.01280167891665715
1700,-0.0033750409014048337,-0.0031829866142212334,-0.002770238778859733,-0.0021033298891854333,-0.0019301845191309335,-0.0003021530937510335,-0.00038012087954113357,-0.0002510655609938334,-8.028319279933358e-05,0.00037139171726206636,0.0007955405428936664,0.0012221923868667667,0.0013573720978186665,0.0014731262721963663,0.0017385914839893664,0.002072878785692867,0.0026665446538125664,0.002762145004340467,0.002690427903065967,0.002968088592311167,0.0031540405568321666,0.0031758946609870666,0.003257159206383067,0.0035379745453158664,0.0037888822016573665,0.004010426400599767,0.003656382010794967,0.010158612681635966,0.013470997115110265,0.013361780702802166
1698,-0.0033758315424143835,-0.0032036591049008833,-0.0027756720297497832,-0.0021094045227677835,-0.0019482944560004834,-0.00018666595688398343,-0.0002331756965993834,-9.105209601908341e-05,7.50472454957166e-05,0.0005350585123357168,0.0009437535863283167,0.0013771325173098168,0.0015194372289542167,0.0016316099580907168,0.0019054134141145167,0.002238881505859317,0.002817443114633317,0.0029120573991515165,0.0028395968975734173,0.0031260413791759168,0.003300575517818217,0.003306045877787017,0.003414460249258517,0.003698553267855017,0.003928902786207517,0.004040555821876917,0.0038858301772394166,0.010298168402983017,0.013534211855123716,0.013412861655833316
1696,-0.003111027735695867,-0.0030078232300230667,-0.0026484106410474668,-0.0020313063461852667,-0.0019199416563051666,-0.00022629384394796676,-0.0002742146773664668,-0.00015680648399156677,-2.0352669873066696e-05,0.00039225995935843335,0.0007675629222731333,0.0011442063328963334,0.0012663400028265332,0.0013559134900744335,0.0015889434344230333,0.0018933230067005335,0.002410364847934233,0.002469229809223333,0.002363260184132233,0.002663173459260233,0.0027861691973910334,0.0027455712076028334,0.002856882886251433,0.0031142627866171334,0.0033222691473765334,0.0034162534565662333,0.0033300050008278335,0.009668390153343634,0.012852954740415834,0.012718509609256834
1694,-0.0028207453797305998,-0.0027911824916317996,-0.002519853888002,-0.0019601112885454,-0.0018960365476455,-0.0002869941598445,-0.0003475779598821,-0.00026363398468919996,-0.00015372736966479995,0.00019245622155550005,0.0005368651888965001,0.0008365597758402001,0.0009302227216594001,0.0009937961346223,0.0011765142197690999,0.0014462656325671,0.0019062052429015999,0.0019202243726802,0.0017691364758569,0.0020766512267958,0.0021450755140862,0.0020698483729882002,0.0021570277612906,0.0023804094919733,0.0025732454335237,0.0027058263244914,0.0026029171014692004,0.0089419470374429,0.012129354845152299,0.011987929595555299
1692,-0.002717179905390267,-0.0027125540284859665,-0.0024900000755822666,-0.0019570841124868666,-0.0019112379607808664,-0.0002900119011553666,-0.0003551814477977666,-0.0002798258595185666,-0.00017252978911746662,0.0001326173932800286,0.0004662509279543334,0.0007229425456301334,0.0008034335306615334,0.0008521329041741334,0.0010108116176407334,0.0012598629380149334,0.0016984944191509334,0.0016930781633816333,0.0015153613584554333,0.0018211623880065335,0.0018641032170411333,0.0017810621284823334,0.0018480560783031333,0.0020502618595121336,0.0022403155805843333,0.0023915191700237333,0.002262265750337733,0.008691607402173934,0.011934641510920732,0.011788056082726234
1690,-0.0028317696628609667,-0.0027942145358650665,-0.0025688930272217666,-0.0020238982665315665,-0.0019666283402034667,-0.00022959120480326665,-0.00028895756362836664,-0.00019529652507356663,-6.678800881086667e-05,0.0002358364827557334,0.0005835874129271333,0.0008450756465549334,0.0009311615345363333,0.0009809434863841332,0.0011439066474865332,0.0013933740899445333,0.0018450678914935337,0.0018515298202237333,0.0016732637845463336,0.0019721735701523336,0.0020249044116919333,0.0019532720787286332,0.0020183731470374334,0.0022180193033083336,0.0024207532859959334,0.0025500001191089334,0.0024123945074634333,0.009004384105924733,0.012340421622813234,0.012185403832682833
1688,-0.0031264548599374336,-0.003018828222410833,-0.002745498924870233,-0.0021564620669267333,-0.0020644432291200333,-7.373381937203342e-05,-0.00011075447028273335,1.5789709296066753e-05,0.00018248775458286673,0.0005130937062332666,0.0009012942665743665,0.0012045232952477669,0.0013080705021775668,0.0013793134045466668,0.0015610666689884667,0.0018342850218460666,0.0023277564022868664,0.0023636635844125663,0.002202919421615366,0.002501891983556166,0.0025901532120238668,0.002541852684735466,0.0026173929044726665,0.0028355578422951666,0.003067391186648767,0.0031523329168893664,0.0030793715206658663,0.009842502291141968,0.013276887436556167,0.013111687303265267
1686,-0.0035104967390749498,-0.00333698267155725,-0.00298890853696155,-0.00234394641298575,-0.00220561598229975,0.00022483122808125006,0.00024135313376794998,0.0004029942577921499,0.00061478281334695,0.00097993624253765,0.0014309644819943497,0.0017884544062419499,0.0019135451585423503,0.00202940085810315,0.0022284756081566498,0.0025407124439782497,0.0030990434335611498,0.0031587235573218497,0.00301804279642285,0.00334088009673595,0.0034691144583069503,0.0034510252089166495,0.0035369779708738502,0.00379360209386275,0.00406255090723945,0.00412336873365655,0.00428219869738065,0.01108469496790115,0.014553268114957552,0.01438595034287925
1684,-0.003729559766225258,-0.0035534934711818583,-0.0031611014410093583,-0.00249464441518741,-0.0023321568804930584,0.0005595810084407416,0.0006495513646835416,0.0008350881118632416,0.0010745964599202418,0.0014352890563657417,0.0019362319123260416,0.0023128774774893415,0.0024527657587620415,0.0026129158303300416,0.002813288956560542,0.0031456474526953414,0.003754171895607042,0.003805427152540742,0.0036681036914330413,0.004032114516734742,0.004173119556103541,0.004173086656849541,0.004262612379494442,0.004551080113050741,0.004836826526325942,0.004942483975126841,0.005445689945042742,0.012050876713614543,0.015423033061799643,0.015270955974096943
1682,-0.0036045495830545173,-0.003496305612740817,-0.0031369146398163173,-0.0025088613087190167,-0.002369943921824317,0.0007156664515638831,0.000851093752281583,0.0010420827926859832,0.0012746676756883828,0.001568752345709883,0.002065073503837683,0.002394233124003783,0.002532289126305683,0.002696712153145483,0.002877878001801783,0.003188730635829983,0.003784016673509683,0.0037937923771617825,0.0036420077263893827,0.004022114301886883,0.004142620446153282,0.004127614886207583,0.0042164619462447825,0.004494636930247483,0.004762304101072283,0.004954167883739983,0.0056488099782265825,0.012017774222684383,0.015248485899340282,0.015116575066154984
1680,-0.003353041003289583,-0.0033242230882727835,-0.0030322501815899833,-0.0024646280937085834,-0.002369692869928783,0.0007679915464212169,0.0009210290786237168,0.0011101541496090165,0.0013225008846833165,0.0015169943095974165,0.0019779364042306164,0.0022227146054307166,0.0023483636094531165,0.002486227741517517,0.0026349001967095166,0.0029126372934149165,0.0034559298847931163,0.0034162405330185166,0.0032506472642394165,0.0036149476395052164,0.0037069846572898163,0.003659201553988617,0.0037435611991492165,0.003984735229066917,0.004227491370719316,0.004473378542887017,0.005193544064498917,0.011496091658363017,0.014667004736601916,0.014543835236789718
1678,-0.0032093430849567334,-0.0032346048992729333,-0.0029902658352693335,-0.0024708806449336334,-0.0024078340918483334,0.0009155969512282664,0.0010945009081760667,0.0012898203364636667,0.0014939556583161665,0.0015786397574389665,0.0020141644143987667,0.002173643327520767,0.002290695507025566,0.002401832497450767,0.0025137533514942665,0.0027713461884456662,0.0032744280046070667,0.0031955682687771665,0.003026995541009366,0.003371321067568266,0.003438971318907566,0.0033668009912796665,0.0034414735807224662,0.0036502282683031663,0.003884335415216866,0.004134536538046967,0.0048874715550754665,0.011244231987337568,0.014438274402123067,0.014312928556280967
1676,-0.0032493733230183,-0.0032891857026,-0.0030511750737796,-0.0025550429992915,-0.0024975392573327,0.0012499195056198,0.0014778727191924002,0.0016976393404414,0.0019170367275365,0.0018854474509048,0.0023201211993266,0.0024143610225262997,0.0025388884254043,0.0026371979842719,0.0027185061421932,0.002968115186312,0.0034683109970809,0.0033738356287352994,0.0032164882204987,0.0035515461908794,0.003600669878424,0.0035281303297086,0.0035920993837172,0.0037833057585433,0.0040297218761291,0.0042493426584328,0.0050900941309138,0.0115232330723384,0.0147752816315792,0.0146423163560221
1674,-0.00342829345447615,-0.00344519723765345,-0.00317982956612325,-0.0026791985797696496,-0.00260212432471375,0.0017802239226730504,0.00206962168343505,0.00233178215941045,0.0025868567634061497,0.00242520399701355,0.0028737547383994497,0.00292799212245255,0.00307738369495645,0.00317560088596775,0.00323558114994215,0.00348046496087135,0.004011259293658351,0.003926281989212349,0.00379360440488825,0.0041243046215296494,0.00416151376073245,0.00411384968638265,0.004173499883102149,0.004351024931063751,0.00462280095940395,0.0047986643155563495,0.00570935512916705,0.01218142119679155,0.015473168297771052,0.015334643162736252
1672,-0.003580940265398328,-0.003576257027136421,-0.003290312821508238,-0.0027720964840358374,-0.0026725907007237376,0.002431408314727962,0.002774711553861362,0.0030792004146889627,0.0033673803294421625,0.003049725518355962,0.0035018673246688626,0.003515159418569262,0.0036873077959238623,0.0037879630802981623,0.003816080771649362,0.004055959133740062,0.004615326749367363,0.004536877214776063,0.004429186540768163,0.004747694029342263,0.004770718403414762,0.004751402045310962,0.004815005045893063,0.004960480240359262,0.005248630974015763,0.005391772944338463,0.006301876727746862,0.012747028904000262,0.01602477847700856,0.015892197298802563
1670,-0.0035628040093679996,-0.0035821128127883,-0.0033192928367234975,-0.0027960650363460997,-0.0026964284226671997,0.0029963989302746,0.0033763629542714,0.0037019269559674006,0.0039951383844909,0.0035158051620082,0.003952206468984601,0.0038944339840616,0.0040652148874003,0.004164840348459301,0.004129238021474401,0.0043694071324818,0.0049203724785419,0.0048170740294366,0.0047146423803984,0.0050174801310536015,0.0050094406529498006,0.004994356710337801,0.005063965074463701,0.005157254382300001,0.0054348714053363,0.005572558567576201,0.006462801665400801,0.0128345452850255,0.0160736109343805,0.015956703117893097
1668,-0.003429736865519083,-0.0035016779066618835,-0.003288949518458783,-0.0027791525748625833,-0.0026958744247013834,0.0032661567055223164,0.0036656213492596164,0.003992797419521717,0.004266126368679016,0.003679859250983617,0.004100500951069216,0.003963738133166316,0.004115659603656216,0.004215412955614516,0.004104480118589517,0.004353165887199317,0.004866236992644617,0.004727246152684217,0.004607971191239017,0.004907152950794616,0.004857560391871917,0.004825561428472517,0.004898687778577916,0.004947040099500116,0.005198352808350118,0.005360798888344717,0.006255927159651318,0.012569826143795117,0.015803729783606217,0.015695391290203718
1666,-0.0033223978337642,-0.0034286991422885996,-0.00325348876237,-0.0027635972187693,-0.0026914325390138,0.0032363198534913,0.0036392446374442005,0.0039630363287450005,0.0042126895586381,0.003608681434194,0.0040252859031863,0.0038444018516861998,0.0039782035582378,0.0040812067543296,0.0039222508697833005,0.0041808049600667,0.0046529171338516,0.0045024549944346,0.0043602768998865,0.004665470682731,0.0045887707761653,0.0045400448100971,0.0046136178751538005,0.0046418627821979,0.0048734328591035,0.0050858399006782,0.0060093179466274,0.0123154178932886,0.0155759697835755,0.0154596154962059
1664,-0.0032966154675262505,-0.0034078215775624502,-0.00324292105275215,-0.0027740816352129502,-0.0027032980678550504,0.0030753105542734496,0.00347166232014225,0.0037922064570940495,0.004027305597042849,0.00347083805499945,0.00388431417613195,0.0037027700835898496,0.0038218660391771495,0.00392509440634355,0.0037590847995308497,0.00401903355539015,0.004459710667986849,0.004322126237290149,0.004165628618953849,0.00447036204848155,0.00439576863561405,0.004337627194348649,0.0044072101826476496,0.00443269739714495,0.00465803124331455,0.00492881076502165,0.005954432645127249,0.01228418306899455,0.01555626878395525,0.01542473780090885
1662,-0.0033290376362297837,-0.0034376726677713835,-0.0032654555751992836,-0.0028184560451743838,-0.0027512062077149836,0.0029549462640802164,0.003345683653648916,0.0036605107998070167,0.0038919746332374164,0.0033936938688925162,0.0037947816270734167,0.0036319619136192167,0.0037348047479721165,0.003831856082735416,0.0036844150534571167,0.0039331646541596165,0.0043557479462371165,0.004232242843870717,0.004074222744848416,0.004366494198167016,0.004313880193772416,0.004246711970729816,0.004309755062238116,0.004335764805329517,0.004561337261583916,0.004869437966425517,0.006116259505121915,0.012482641213538415,0.015739772791372116,0.015601828132089816
1660,-0.0033962657052142332,-0.0035062784147051333,-0.003320902224463633,-0.0028864742180134332,-0.0028293607281554335,0.0029173332415722663,0.003308271855088867,0.0036161239833047668,0.003852447945311367,0.003388588683808267,0.003778194845508167,0.0036307530627685664,0.003720701694694867,0.003812520012970767,0.0036873142684686667,0.003919636681341267,0.004340462198912667,0.004223810401444466,0.0040728529783172675,0.004353582362837366,0.004321072439947766,0.0042440280799313675,0.004306288121883566,0.004332342504686367,0.004559600472886966,0.004867596406366966,0.006363618194012766,0.012805336149386665,0.016072240955333467,0.015939281290551867
1658,-0.003524804613678233,-0.0036225134966342333,-0.003417727152278233,-0.0029698600017342334,-0.002916051183392233,0.002924753738206867,0.0033182029244924667,0.0036236382840756664,0.003873071607808767,0.003427975191896667,0.0038253568433288666,0.0036898608652176667,0.003782082982367867,0.0038785070127149665,0.0037732490832163667,0.003997614394834967,0.004432166201509068,0.004328868438784567,0.0041905612518257675,0.0044734883833968675,0.004449284268506767,0.004373560678050068,0.004446663024245068,0.0044770305032678665,0.004712460556783267,0.004992622252352568,0.006653530696290667,0.013235559759010068,0.016578737239389667,0.016450956447717168
1656,-0.003776251483527566,-0.003824380151245766,-0.003585577160596266,-0.003085429722975366,-0.003010115622118666,0.003013569854533134,0.0034106735786257345,0.0037211398846864344,0.003996793589744834,0.003572034721820134,0.004004122609321534,0.0038861723352123347,0.0040033076560666335,0.0041140447339948335,0.004033203124257934,0.004269745921413034,0.004728111669414435,0.0046551847038537346,0.0045403224475121335,0.004839121616418634,0.004814631340037233,0.004767528614195935,0.004859834425332834,0.004901130531802834,0.005158083024521133,0.0053901930886420335,0.007213173320687134,0.013953523264412234,0.017411976403399036,0.017281754140463634
1654,-0.0041676147203699,-0.0041303652555412,-0.0038401294886145,-0.0032509291853084,-0.0031262228295487002,0.0033049124597369995,0.0037102687252276003,0.0040288004215789,0.004347333907635501,0.0039346064618889,0.004416901038329,0.0043194096784698,0.0044816431460385,0.004606113777634701,0.004553812920412999,0.004826476458295499,0.0053077349184316005,0.005270242943388401,0.0051967280727617,0.0055153233344039,0.005483126751841201,0.0054972502821298,0.0056048783902762,0.0056584316276775,0.005944833774604199,0.006104312082106001,0.0083770934236342,0.0151403991920059,0.018650601231063702,0.018515261479382702
1652,-0.00451440952773345,-0.0044121576641666495,-0.0040751475002704495,-0.00340339191510095,-0.00323981397760675,0.0037178451858230497,0.00412998166472475,0.004450853485033651,0.00480799332796475,0.004366869667034349,0.0048782129888486495,0.00478425922162825,0.0049888171164364494,0.00511525821142685,0.00507243028303805,0.0053833903223849495,0.00587183303187505,0.00584602642459485,0.00581479888870015,0.006144582204474149,0.00609426894830795,0.006166750670488451,0.006274179486056151,0.00633046255857355,0.00663007225792765,0.0067286568048491495,0.009795780027392249,0.01636003796909085,0.01977651743192595,0.01964492058487825
1650,-0.004635594722725133,-0.0045272749056956335,-0.0041738510878963336,-0.003468351122465633,-0.003310968218359133,0.0039157736390085665,0.004319000502617967,0.004639658380700567,0.005000074115848467,0.004503911078114267,0.0050092016042526675,0.004898647441300267,0.005121656781320968,0.005246977282954567,0.0051819717890218666,0.005506362446404667,0.005991883352758566,0.005960207376661967,0.005939327957310167,0.006273332700974668,0.006203949066427767,0.006289251240656066,0.006393374101604067,0.006441437077967367,0.006736323569643967,0.006851831755816567,0.010537576992400769,0.016937772215293866,0.020241287836455568,0.02011604005714187
1648,-0.004645517740590617,-0.004556774736659117,-0.004215146262213917,-0.003515717184283917,-0.003382949693570317,0.0039400309019125826,0.004323915951016783,0.004647166809573983,0.004982101631135982,0.004435642275473183,0.004923447614971784,0.004790335491216884,0.005013368401199783,0.005141976552321083,0.005042398023156783,0.0053654511350154825,0.005851017003318983,0.005817396617332484,0.005777644510075382,0.006115635405063882,0.006036452381167383,0.0061052515921482834,0.0062162172591573835,0.006247126549685883,0.0065432362991821825,0.006723064943329083,0.010756943726084683,0.017166964501724082,0.020444609679134983,0.020316105617317885
1646,-0.0046041820994282,-0.00455388169778,-0.0042556609785899,-0.0036093994950783,-0.0034982329373481,0.0040361990207961,0.0044020030180643,0.0047197498148646,0.005017520657450701,0.0044123049926227,0.004874691259763701,0.0047089985933562,0.004912312103248001,0.0050366857182047,0.0049016333761801,0.0052158328883452,0.0056964049731683,0.0056489309086578,0.005574511523178701,0.0059105967993464004,0.005826136443959899,0.0058670613666782,0.0059866996248332995,0.005985159065514299,0.0062844732695581,0.0064926073270722,0.010914322835634399,0.0173646289000003,0.0206574064876961,0.0205213572082245
1644,-0.004490139274203966,-0.004501193510699066,-0.004267695656925166,-0.0037198771163679664,-0.0036247736982726662,0.004236333950214534,0.004588793591839033,0.004884527475330833,0.005150409154455934,0.0044663443476606335,0.004896289178583634,0.004686077650528534,0.0048519699224160336,0.004958717440379333,0.004793598761781233,0.005086959100537233,0.005549001142572533,0.005463453493524834,0.005350901810783635,0.0056764548023210334,0.005583301847621633,0.005591583303093135,0.005711463278011234,0.0056684599765006345,0.005954686487878533,0.006119566729986533,0.010962335747271935,0.017419286755589534,0.020740836876430434,0.020603679256468832
1642,-0.004406523654260916,-0.004465140307902116,-0.004275029983971916,-0.0038147174459438157,-0.0037225480738831158,0.004424054032122084,0.004767387929257383,0.0050391295821208834,0.005292769616384884,0.004528650331981584,0.004940643340660684,0.004690341050302784,0.004825478000058584,0.004915760316220485,0.004732839461590384,0.005003734971187684,0.005446990652725883,0.005325067899854785,0.005187646537979685,0.0055049860745830835,0.005400977700548285,0.005388908976624185,0.005504391075673084,0.005431823502458684,0.005695347423540485,0.005799211044822284,0.010900047304867187,0.017427349596665885,0.020816752451193184,0.020683959465961885
1640,-0.004493622180746767,-0.004551051264346066,-0.004355510145026666,-0.003926412922674766,-0.0038131880103349663,0.004606354765566434,0.004947673272528334,0.005211914587470833,0.005473432301159734,0.004639232400575433,0.005063137018519234,0.004787070592593433,0.004915027061326334,0.005002974815840133,0.004812707770205334,0.005076342525878334,0.0055195712384971335,0.005386340649389834,0.005245778973631934,0.005567009799768833,0.005455083230594934,0.005448059357126834,0.005562654114078633,0.005479554087132234,0.005733397236034633,0.005817691502353734,0.011080975330945535,0.017781525140012935,0.021271650366600135,0.021139784523129236
1638,-0.004770355475483966,-0.004782293777914165,-0.004537342271159166,-0.004078002517296766,-0.003919630011084266,0.0049083467609498345,0.005259050943604233,0.005536691268266134,0.0058188877650371335,0.004911079748468334,0.005368822149538133,0.005073155101263534,0.005211906216581435,0.005312448978642934,0.005115085463230235,0.005389776841894634,0.005859598542957035,0.005731580453326934,0.005609946427412335,0.005947451956208134,0.005826868498665234,0.0058472464352147336,0.005964364078748734,0.005880768274122734,0.006151047923032835,0.006265165056853734,0.011835631254470735,0.018681279666235836,0.022228752864091535,0.022087624052938334
1636,-0.00499882353871135,-0.00498111065482185,-0.0046901517070418505,-0.00417017969597875,-0.00397825643518725,0.00534179933140695,0.00570394734218665,0.00599835692441485,0.006296690149477049,0.00529506448540455,0.00576769445670325,0.005436082680581751,0.00557928755705535,0.00569830861472285,0.005476386571541449,0.0057579038211984495,0.0062637492765084506,0.00611827890036745,0.006024339115074551,0.00637888603781625,0.00623208683283185,0.00627341541883525,0.00638650450474825,0.00629516191062225,0.00659726790132535,0.006750095948663449,0.012815032538163448,0.01952970809468275,0.02297846989546745,0.02281852203174105
1634,-0.004871332417172865,-0.004899001772103165,-0.004627978913184065,-0.004081010141991365,-0.003914541387655766,0.005614007856168335,0.005965046804032335,0.006250063571777934,0.006541067711070535,0.005442353323372135,0.005876849459830134,0.005484536040304834,0.005610300863625135,0.005738101288492135,0.0054709725717100345,0.005728349769454334,0.006237477986907134,0.006032885058307834,0.005944703780176835,0.006300243385158935,0.006108409820871335,0.006132092679980135,0.006227834573593735,0.006114580882973135,0.006425527681028035,0.006573863185481435,0.012904102000319636,0.019290680839043832,0.022565777706611737,0.022393864632107234
1632,-0.004638071448012718,-0.004720493357719218,-0.004496441430424717,-0.003956393075570717,-0.0038350468082335174,0.005654599387046282,0.005980125838460583,0.006243313496361282,0.0065182771342672825,0.005342819696436582,0.005732912429912083,0.005283271606664282,0.005395990662489383,0.005522999445140283,0.005214637435717283,0.005443211146606383,0.005930676004667682,0.005674009849244682,0.005572194811507282,0.005921007085406382,0.0056965473936460825,0.005692333915030183,0.0057679437993772825,0.005637997226548683,0.0059332522888590825,0.006062226128067682,0.012321852478057982,0.01858164485581988,0.02181462548254908,0.02164644611996088
1630,-0.004583397959944767,-0.004668482519858467,-0.004459986573808267,-0.003924498035960768,-0.0038195116730962674,0.005704323979659533,0.006012420956248933,0.006268142900527532,0.006535370963280133,0.005294582508453332,0.005671254013322333,0.005183132428152132,0.005303884362206232,0.005428165553414533,0.005092940053066732,0.005316072082441933,0.005791978723568533,0.005517085315745433,0.005405078206210532,0.005753198664077933,0.005521774237365332,0.005509421168057133,0.005568392835543733,0.005437721863065433,0.005719433106740132,0.0058527730322813325,0.011989481902737234,0.01831759492128033,0.02161125712289333,0.02145587676266853
1628,-0.004663672965576001,-0.004708716225742901,-0.0044771354156850005,-0.0039426393064972,-0.003824984518056301,0.0059002797634507,0.006201555189724399,0.0064678534269677,0.0067334418808588994,0.005423652493999799,0.005812659245394399,0.005302022177537899,0.0054430937713932995,0.0055640761746649,0.005213201607346899,0.0054525814343025,0.0059371594466758,0.005669905767239499,0.0055575636389386,0.005911833687718198,0.00569208330406,0.0056893473745872995,0.005736859490821599,0.005614772081836399,0.005895427317101999,0.006054042585165899,0.0120315327540024,0.018415543857302798,0.0217550887844188,0.0216171484315574
1626,-0.00468410509503475,-0.00469310225798585,-0.00442671200378465,-0.0039048043228020503,-0.0037726635672774497,0.00625792343549925,0.00655109270400475,0.006830674943541448,0.00709025380902565,0.0056814448854926505,0.006088414556729449,0.00555139611647335,0.0057042139264238505,0.0058225884136998505,0.00545623083910245,0.00571462523933605,0.0062171626226028495,0.00595931452626125,0.005852162797211451,0.006213816074575249,0.00600025425373525,0.00601024720208455,0.00605885273780455,0.00593213188052755,0.006222488771511549,0.00640707143141515,0.01199030034445495,0.01829942113236075,0.02160337920089355,0.02148138724688475
1624,-0.00455415394631885,-0.00456416170282465,-0.004286353661733349,-0.0037841351019211496,-0.0036591690577433495,0.006736834475992952,0.007012766641182449,0.007290258086530452,0.00753583176826335,0.0059615050030065505,0.006377530257454052,0.00577676979054075,0.00592246843213055,0.006041385790451451,0.005639920831056251,0.005904497635023851,0.00641684432928845,0.00614290331522665,0.00604261681977215,0.006407384930516952,0.006167001602445649,0.006182986850919751,0.006248493142270649,0.00608359169967505,0.006386625895234551,0.00658383285430335,0.01153402686553935,0.01772783172192715,0.02096294586636465,0.020847973470541348
1622,-0.004391278628629848,-0.004416091857106648,-0.0041489269821976486,-0.0036553684373008483,-0.0035470810748253487,0.007355981501766052,0.0076148083269581505,0.007879664209940752,0.00811195867588675,0.006291743094103153,0.006712840352838952,0.006000029619252851,0.006134238410609552,0.0062543075066004514,0.005787753280955252,0.006054489383180652,0.00656744557679745,0.006252381975830853,0.006162305676864351,0.00652511009234325,0.0062295587258654524,0.006249187930567451,0.006336610120859251,0.00610953847263585,0.006421737668159051,0.006617930599992753,0.010909798894904751,0.01706503312568395,0.020272767119065754,0.02015874698006035
1620,-0.00425966245331315,-0.00428846502551555,-0.00403261176980875,-0.0035398222522270498,-0.00343756086859105,0.00820479293717365,0.008454415620942051,0.00871022956095335,0.008934935954230751,0.006790079091450952,0.007214787158955849,0.00635013242568145,0.006479991260514149,0.006597400057350652,0.006036348369000251,0.00631154953597915,0.00682116546167575,0.00645513202079805,0.00637543110185395,0.006731512136662451,0.00637180824200605,0.006395083276929149,0.006496625745153951,0.00619992579123765,0.006514364153839051,0.006688203877355449,0.01030523959286785,0.01645629346350025,0.01966872703995895,0.01955812236945555
1618,-0.004089361041821584,-0.004124071236104784,-0.003873972340374384,-0.003392705898383584,-0.003288268080294484,0.009311076712667217,0.009552888819506318,0.009804178837415517,0.010021015103729216,0.007477975107867416,0.007892006953447916,0.006840843140619815,0.006966576189351216,0.007079047511720915,0.006396645303313115,0.006677078662068516,0.007174199914944316,0.0067498403688234145,0.006668283880605317,0.0070145605125721145,0.006587036145899018,0.006606016312987415,0.006706103933066516,0.006333391547256815,0.006641246976265216,0.006762683055696618,0.009545573575575615,0.015658279034940915,0.018870393136118213,0.018768378596978816
1616,-0.003844596099736834,-0.0039051942044854336,-0.0036661699503533337,-0.003209641448177933,-0.003114193162693333,0.010524656049767767,0.010751552205037665,0.010991679290131166,0.011193910454283567,0.008209200324203466,0.008593069846727266,0.007330397982133068,0.007441362733746466,0.007551428396026665,0.006731437292242067,0.006999462175030665,0.007470787687010965,0.006973219307049566,0.006874657140896766,0.007213424235678067,0.006708992187273468,0.006711551448294967,0.0067968995754842665,0.006336358869488367,0.006631956703578065,0.006693526386122566,0.008537263133569967,0.014619823262321766,0.017834775567755166,0.017739794865446867
1614,-0.0036039697711029673,-0.003695871737985067,-0.003481909578206467,-0.003044708165804067,-0.002974995458747967,0.011593893156938331,0.011806464555967334,0.012025306507232533,0.012212806215120234,0.008810818811787333,0.009163473651438232,0.007696479084799233,0.007786958195822334,0.007894524616351033,0.006942363628455631,0.007187191869143333,0.007629660589242533,0.007052324447664234,0.0069392484303211315,0.007272546435991234,0.006688653445282234,0.006671607689210133,0.006740429495968734,0.006190603220631832,0.006471754864087534,0.006498458133897333,0.007518537311495634,0.013646246280717634,0.016897931443428032,0.016801454711846533
1612,-0.0034264012856106843,-0.0035345132473571846,-0.0033561697148849845,-0.0029248210413673845,-0.0028831257750201846,0.012275345952831114,0.012488716119170214,0.012685555746507217,0.012869748606706416,0.009174711491212717,0.009509639542861716,0.007897987464620814,0.007974949649798014,0.008074832826626915,0.0070238946566956156,0.007251185996250515,0.007671579215955316,0.007037962329842015,0.006925339714667316,0.007246603393903714,0.006604717941365816,0.006573460779010215,0.006631989717377216,0.006018448550659717,0.006281017512602514,0.006296543845613714,0.006688633117767415,0.012913415422383617,0.016229242177050518,0.016125031064240417
1610,-0.0033047364776029996,-0.003415965562978,-0.0032736998935898,-0.0028423205425522997,-0.0028165809553221998,0.0124093741591089,0.012643230389403098,0.012826998658342501,0.013021589694192301,0.0092375524370726,0.0095650418663159,0.007906870001249,0.0079820436330553,0.0080728220491815,0.006979125921594501,0.007201404526401299,0.007605668739493102,0.006963139592648701,0.0068599310400657,0.007159299612951801,0.006499387727859601,0.0064614738302082,0.0065170853303664,0.005884244631345001,0.0061258198984043,0.006134860693878402,0.006064657467044401,0.012388925518841801,0.0157623879490701,0.0156533034320453
1608,-0.003216767764887966,-0.003331374774396866,-0.003214018394329766,-0.0027846922635112667,-0.0027610418684849668,0.012101804052455433,0.012368420758806932,0.012551087446179235,0.012761475972521332,0.009056439785009734,0.009379645345991734,0.007751684812595933,0.007831389730540032,0.007919335579764632,0.006833346693456935,0.007061182627668732,0.007450893647587633,0.006835739926118332,0.006738128987426935,0.0070163996193151335,0.006369249539363332,0.006332245369180232,0.0063881148357764345,0.005769178893909235,0.005997801156437135,0.005995826713407232,0.0056063815024600325,0.012014468249417234,0.015411246667480834,0.015307895065610835
1606,-0.0031396639779715,-0.003265143503627801,-0.0031552251360492996,-0.0027334030279412003,-0.0027090738225764004,0.0116174357902001,0.011916063416739899,0.012107427896851498,0.012328988813070799,0.0087542575483601,0.009077146067792601,0.007498848362453599,0.007579382222316801,0.007669505540369799,0.0066154274686468,0.0068535862298223,0.007230111991445099,0.006644347033823999,0.006542191707899001,0.006815079623884801,0.006187060202208701,0.006156534226474398,0.0062077912353299,0.005609702480546501,0.005840504075839999,0.005831212697196499,0.0052516809759718,0.0117141020965371,0.0150934791952163,0.0150025094681662
1604,-0.00304415805465005,-0.003188062800704451,-0.0030717241912698503,-0.0026657612316731503,-0.002651079749161251,0.010997535408420751,0.01131463448154425,0.01152060062363525,0.01174408680342345,0.008318477711080349,0.00864951614170455,0.00712861076674115,0.00719888500160765,0.00728765455899965,0.006282494411187351,0.006528137350632249,0.006896456067302149,0.006329168849500348,0.006214787077054751,0.00650013581667425,0.005892846862661949,0.00586850243897695,0.005905034012789651,0.00533075658894305,0.005570925955561051,0.00557929640397355,0.004913310089369249,0.011372533278392449,0.014709488373316048,0.01462078602745875
1602,-0.002921825155679382,-0.003088864190300883,-0.002962520351039182,-0.002581228709926683,-0.002587598658014483,0.010096057158480316,0.010412196776312518,0.01063210831660612,0.010848786773114816,0.007657069294226217,0.008001301382156318,0.006580432716907019,0.006630313575457318,0.006713412217243019,0.005786678634801317,0.006031157673722818,0.006398142747454318,0.0058573003631386174,0.005730971658059419,0.006032697312007817,0.0054635334394388165,0.005437785088406618,0.005455746354742217,0.004923793997576616,0.005165554054981416,0.005236001076935717,0.004536895258491219,0.010947844097890519,0.014251662654161818,0.014142037064960618
1600,-0.002810828423650283,-0.0029960423593987824,-0.002863913020112083,-0.0025081013518842826,-0.002533971899149983,0.008991930387499718,0.009297086425387718,0.009521657242236917,0.009728078129236917,0.006858522025214517,0.007210532643446316,0.005931989182281418,0.005961891752501218,0.006043830217407217,0.005217338099409618,0.0054542807148900176,0.005824825683775316,0.005330878486319416,0.005202455122188917,0.005510358062274616,0.005000080201782116,0.0049623068739427165,0.004973265479523016,0.004499415527929016,0.004731438740618616,0.004901654162496816,0.004156320951319518,0.010549946442137918,0.013857455888706616,0.013712857054195417
1598,-0.002753534945605483,-0.0029373650487015835,-0.0028042329873728834,-0.002463340943769883,-0.0024949826373474836,0.007958273894001918,0.008259295800551418,0.008475410060677918,0.008677458158817217,0.006132565264852915,0.006481557160776518,0.005344203156528915,0.005368179500639817,0.005454742253094018,0.004723742937024716,0.004954227441395816,0.005331301950032218,0.004890500973497415,0.004773323067539017,0.005076814326713417,0.004631717860026618,0.004573799529605517,0.004598948633793417,0.0041779834295408175,0.004397667730775918,0.004668339185985216,0.003837000462033417,0.010287538955578318,0.013622880750762916,0.013453456562797316
1596,-0.0027402515668146325,-0.002900124299573233,-0.0027703734257078314,-0.0024284937060364328,-0.0024522871132498323,0.007075521792763868,0.007384389165176768,0.007584475956983068,0.0077941429944206695,0.005534834721309169,0.005872348596229067,0.004859565587930067,0.004900754717531567,0.004984856024252167,0.0043364417487177665,0.004563273869331768,0.004949099822863368,0.004551148058553568,0.004449217878280566,0.004743760216041669,0.004362321505167266,0.004283834197979569,0.004338966642423668,0.003961628084667367,0.004171963954128969,0.004497920729494268,0.0035847636586611668,0.010108977357081666,0.01345464872522967,0.013291530111381967
1594,-0.002713346853527218,-0.002849979128771418,-0.0027325764327473176,-0.0023785690201305176,-0.0023916650258734174,0.006201496516274583,0.006519322604641182,0.006708727784181981,0.00692855322297458,0.004949345221693081,0.0052720228770750804,0.004390358495174582,0.004467844723855582,0.0045319585906529805,0.003965849270885682,0.004185282319321883,0.0045773834983661825,0.004212833727160081,0.004113133479991381,0.004393401266026383,0.004075376606544483,0.003991950038017583,0.00407391040143628,0.003747825965543683,0.00394788456430558,0.004261690635621682,0.003329536657932581,0.009859743549918781,0.013182007284805581,0.013066136461049881
1592,-0.002636908204153866,-0.0027787502482903657,-0.002686974731130066,-0.002323972425392765,-0.002333336326241966,0.005299002658570334,0.005619693429757034,0.005811514298181133,0.006023799920462834,0.004324634552340435,0.004634942985327035,0.0038895628380820335,0.004001777958022836,0.004039110975148634,0.0035567509698521335,0.0037620966454913335,0.004148845856663034,0.0038183051916404337,0.003706815919580036,0.0039594562749550345,0.003697481658880935,0.003638882521184633,0.0037289193839149352,0.0034638692396571358,0.0036469942307630343,0.003912680825986434,0.0029982736899441358,0.009487493576692835,0.012795771600206635,0.012759941935209036
1590,-0.0025361687189143847,-0.002702299580611885,-0.0026459530988806844,-0.0022912067733281832,-0.0023026991502934843,0.004512654681909315,0.0048378574203921144,0.005036774797216415,0.005223923364204214,0.0037569535742840166,0.004060708918175216,0.0034220437121641155,0.003549214785479215,0.003571403789529616,0.003160663520555714,0.003353873816951715,0.0037185142942362144,0.003426667101205115,0.0033107996070286146,0.0035191933376926138,0.0032967394031543154,0.003283684442292715,0.003369623858296915,0.0031547100581468153,0.0033139004139921165,0.003545269258420816,0.0026044841491515147,0.009087786624638217,0.012426711815403717,0.012478327322028616
1588,-0.002440188335028532,-0.0026208499120819323,-0.0026007822802602346,-0.002273622607420634,-0.0022887935702180333,0.003894022725944267,0.004222887903674966,0.004420004244781266,0.004589164688618065,0.003303226494598365,0.0036018384761939658,0.0030400098681025653,0.0031606130746179677,0.0031837643308563653,0.002830188344367067,0.0030222753009668674,0.003351361339128365,0.0031034820266455654,0.0030021849063461663,0.0031593948744161673,0.0029684040942601665,0.0029924063965123676,0.003078241231524767,0.002897506155821867,0.0030293075315007655,0.003256237257732865,0.0022342556973777676,0.008735051525129066,0.012113550924287165,0.012224236705009366
1586,-0.0023610286717343186,-0.0025409867642555185,-0.002545459344198916,-0.0022475917998187184,-0.002267755881491418,0.0033660173748019835,0.003676888042127381,0.003861784211846582,0.004034252271112884,0.0029239015494416827,0.003210620491432982,0.0027327286930324823,0.002835776289964384,0.002871845597942582,0.002568304892067684,0.002769624379703583,0.0030632054372131817,0.002863339669712882,0.0027813315013726844,0.0029016764215781844,0.0027497912748987823,0.002778865107711484,0.0028730306513121834,0.002728578927988383,0.002838763108974282,0.003087173658396381,0.001981755954506982,0.008464660559127882,0.011848100757379083,0.011962822461498886
1584,-0.0023314604406252312,-0.0025065273700036333,-0.0025125604789251327,-0.002221340887218034,-0.0022456556495297313,0.002903613712443666,0.0031731293023386682,0.0033474763591637667,0.0035277998848988676,0.0025967403625875678,0.002868619240487466,0.0024911035836355684,0.0025821247459440685,0.002638401103162269,0.0023785989902327664,0.002592822618284668,0.002869351836285467,0.0027138557992899687,0.002641804046325167,0.0027554973198294676,0.002648919130921766,0.0026591841047471677,0.002762984572539269,0.0026649791719777667,0.002770875639082366,0.0030608479112209687,0.0018932103297990693,0.008353015906951169,0.011733828610367866,0.011817544826301766
1582,-0.002393600598111948,-0.002553488428907451,-0.0025344738151853487,-0.0022224267060278503,-0.0022439605504857504,0.002550910587975252,0.0027797863948889508,0.0029545845847147485,0.003130492261022952,0.002358331478770549,0.00262883370670235,0.0023458199141980496,0.002441547752328351,0.002519282898922049,0.0022980977737522487,0.0025247871744055496,0.00281260843184215,0.0026922639936636517,0.0026250468741765495,0.0027624732094527517,0.00269517167200755,0.0026865567572705515,0.002796953674680549,0.0027468480416301504,0.002868371360783651,0.0032057661800122504,0.00199454065010575,0.00847841997673475,0.011889243687913748,0.011947950098718352
1580,-0.0025515959142408152,-0.0026709304740672145,-0.0026027727859477164,-0.0022537826975522167,-0.0022627081062779157,0.0023316794878354835,0.0025353303179316833,0.0027199179782333854,0.0028851848010527856,0.0022515658678399844,0.002546029821012586,0.0023430343956309836,0.002460273155733883,0.0025525477787940835,0.0023747879363906835,0.002610032923765583,0.0029381226578932863,0.0028455779890773844,0.002780940455368284,0.002968868542116386,0.002929102101146084,0.0029113833279893857,0.003025453404683784,0.003021333849632584,0.0031725311413774854,0.0035409042745092843,0.0023370613270463844,0.008847956302866184,0.012294652892043182,0.012341789978085885
1578,-0.002728772031716585,-0.002792996730396683,-0.0026680750057061844,-0.0022819169093988845,-0.0022744724288993844,0.002226212117607016,0.0024147310620922166,0.002607807633552117,0.0027726250440125166,0.002270696657804515,0.0026063506737236154,0.0024745999060934165,0.0026167093655089166,0.0027096523108068177,0.002586825216669815,0.002820590530237716,0.0032056562507430143,0.0031362466573040156,0.0030626730086406144,0.0033161251080157175,0.0032918909750504176,0.0032702700300518174,0.003383027881371615,0.0034256509683156175,0.003608416189391516,0.003973313443848516,0.002861428052544017,0.009306391462443515,0.012723307498176715,0.012746233106117718
1576,-0.002803109991960054,-0.002839630897091352,-0.0026814010126206544,-0.002270672288460354,-0.0022538840921196533,0.002164873044056645,0.0023391463159412457,0.0025284654602092463,0.0027071012207686464,0.002314702955482646,0.0026802990687426476,0.002607067455765246,0.002756911460568546,0.002841121094348545,0.002771121087900747,0.0029949340344290476,0.0034239350385288463,0.0033722246487613468,0.003277341599135345,0.0035789678924837455,0.003562102164631948,0.0035345163189120475,0.0036394062602118464,0.0037234975270899473,0.003925476849398046,0.004261123790389648,0.0032528607204012454,0.009560778636925945,0.012877231229789444,0.012848698282252043
1574,-0.0027798406775637365,-0.002826354599759138,-0.0026644395174965363,-0.002239456556135836,-0.0022186325014911384,0.002094807016868861,0.0022598642177650632,0.002439077992361361,0.002632640099660362,0.0022989138733601616,0.002673937843323662,0.0026359961637129614,0.0027760166269620613,0.0028570583899218613,0.0028192014474244624,0.0030393777633246633,0.003485453153771363,0.003445610073600662,0.0033363712772151617,0.003650645953051264,0.003641368633136563,0.003605957199660663,0.0037020364728054603,0.0038115132193624612,0.004021567039269959,0.00432873275245306,0.0033150946620394625,0.00956391229658786,0.01280767513066896,0.01272872385244636
1572,-0.0027638047707496116,-0.002823301926441712,-0.0026636818259908115,-0.002227194596739413,-0.002197375845656914,0.002060798380099288,0.0022260626543803876,0.002404641929584287,0.0026060364763515857,0.002283018218518687,0.002667405277596086,0.002643503601037687,0.0027712904156616883,0.0028612834062308884,0.002835000600870087,0.0030653807362143876,0.003518287052458588,0.003485053395679484,0.003376005739598384,0.003686868981974789,0.003689285979961987,0.0036482655674773892,0.003739165576642986,0.003856810591870985,0.0040769094154616894,0.004360680180757588,0.0032409852641690842,0.009536986400104086,0.012780048371316285,0.01267535896557849
1570,-0.0027753134808467528,-0.002833389894078251,-0.002671274857078451,-0.002230545838129254,-0.002187681485373554,0.0021334381759175493,0.002298732330692648,0.0024914758634681476,0.002692225043974251,0.0023506641198969454,0.0027516038111178483,0.0027274684810249493,0.002842564348067251,0.002948163556782551,0.002916819533115445,0.0031619187951277446,0.0036216651893513467,0.003587349857070845,0.0034795049260557508,0.0037897157427567475,0.003802263267155045,0.0037589489815621456,0.003843870586068745,0.003954118472240548,0.00418983693224095,0.0044466703586785485,0.0032106790800937486,0.009552373371146148,0.01281319541879385,0.012698205555506246
1568,-0.0027550365432507523,-0.0028118187726706503,-0.0026517491749614534,-0.0022227254185336505,-0.002173636389132153,0.002275273355910351,0.0024299783975306466,0.0026409238283968475,0.002829800078650649,0.0024591423026560505,0.002864482820177046,0.00283206878511065,0.0029255034762946455,0.0030431045724441455,0.0029914678293399485,0.00324191124602205,0.0036994151100511463,0.0036569917224852505,0.003543651478654347,0.0038511067773634514,0.0038646271367092505,0.00382160558216655,0.003893385301971447,0.003982981867421451,0.004230459863800648,0.004462313275838549,0.0031529294904275515,0.009487449452180545,0.012741560166406748,0.01261496629854865
1566,-0.0027126390557274324,-0.0027741887443781324,-0.002620659131128033,-0.0022099588977589346,-0.002161643336960832,0.0023463516135542664,0.002487892438505064,0.002708521760996667,0.0028794531627231654,0.002491383265217764,0.002878627339975265,0.0028425425067822654,0.0029100390824378652,0.00303102148728477,0.0029572299374958644,0.003204209375739564,0.003647204777442667,0.0036021812781351636,0.0034906798776140682,0.0037830037142170675,0.0037922888604427635,0.003753300074471465,0.003808393739863268,0.0038768362443406673,0.0041260006204001665,0.00434790614538947,0.002990609973951265,0.009357052947243268,0.012618885683339666,0.012479089165953368
1564,-0.00276318471190113,-0.0028096726578024367,-0.0026443557214491306,-0.0022328020382579306,-0.0021762354045019305,0.0022855877354275647,0.0024278008344696678,0.002653992581326564,0.002817709205735666,0.0024435944261184672,0.002812199051703969,0.0027942767040844696,0.0028516763892128677,0.0029729660639330677,0.002896855655961067,0.003146643575830964,0.0035808530556667648,0.003555151842938767,0.003467002968477864,0.0037403465767229666,0.003753163121385669,0.0037267782397488666,0.0037728480739173675,0.003837500294659464,0.004086800026503266,0.004316225471615663,0.0029184482085224672,0.009437032287693568,0.012771205017788563,0.012626250533912566
1562,-0.0030256841410517474,-0.003001584978104148,-0.0027775580420810464,-0.0023187942517666482,-0.002229038011465151,0.0021410308598969544,0.002303389384462451,0.0025467716656621536,0.0027327475254025554,0.0024221759951595506,0.002804019747093753,0.002842948111118751,0.0029273997518810546,0.003054944178170052,0.0030143776278612547,0.003287649026175253,0.0037429820332340533,0.0037705875688629556,0.003724067784346953,0.003996638503876153,0.004030282001110053,0.004033302263794156,0.00408831146839575,0.004179931177845153,0.004442265338514349,0.004697649097750355,0.0033162397943682503,0.010042393535657654,0.01348906809672705,0.013352659424468755
1560,-0.0034906322684315552,-0.0033311290945201508,-0.0029960921725658493,-0.002431663461706854,-0.002286402995303652,0.0019571109608133505,0.0021476783770506477,0.0024269627864648494,0.0026725943384731457,0.002490562772505249,0.0029359634673192456,0.003074272424173949,0.0032344119477617506,0.0033778227542503453,0.0034159309980641497,0.00373586166921365,0.00425217550416955,0.004364457861900949,0.004354946456666245,0.00466427362624975,0.0047340770562316475,0.0047863465568059455,0.004874520580266446,0.005025250279424347,0.005321637582318649,0.005627604862401547,0.0044401680100685514,0.011181111081532948,0.014647639236529751,0.014535919992528047
1558,-0.0037270079532767675,-0.003471620783142268,-0.0030658605405137693,-0.0024185385162256642,-0.0022471589742941653,0.0017067643985823333,0.0019007214416707358,0.002195921406732436,0.0024910387152931313,0.0024425735479093325,0.0029492978696402314,0.003160188661599131,0.0033921532293790316,0.0035453522874348345,0.0036480973741375294,0.003999254559726231,0.004561623352443735,0.004725439316727233,0.004711022365641936,0.00506399405778353,0.005155174059284132,0.005239360419136134,0.0053619799128625314,0.005556623082117532,0.0058817710641115295,0.006231193037870633,0.00539296086690233,0.011750954451425835,0.015013729608149132,0.014930186767452634
1556,-0.00345028549356359,-0.003236281284249895,-0.0028791787477309913,-0.0022701091373306947,-0.00212880564184989,0.001406343865463705,0.001577129100746505,0.0018321205280188088,0.002111308370152408,0.0020985783856246054,0.0025877653612632057,0.002776420706460607,0.002999692705792305,0.003143341645055406,0.0032327163686009033,0.003563272163178907,0.00409787552175081,0.004228252668903108,0.004184140700959106,0.004525115193729806,0.004606022928520609,0.004666921861366705,0.004786406172400809,0.004965733062939008,0.0052791922337769095,0.005605643897042406,0.004913890271698307,0.01096706696626721,0.014046717370980004,0.01396466030472511
1554,-0.003124418229558161,-0.0029830340173267605,-0.002693386636313161,-0.0021603534904534594,-0.002049462942615661,0.0011580419289117447,0.001311403318549141,0.0015153611675872425,0.0017610498004218406,0.001740659468120638,0.0021846735004011422,0.002329715908680745,0.002511419186616043,0.002645440415456439,0.002702189282026743,0.0029989436367777386,0.0034914334290082408,0.0035691970208154428,0.0035087706209768407,0.0038149847028188383,0.0038862320257620417,0.0039087128245990435,0.004008462283185139,0.004160371657852942,0.004449630337721139,0.004715021226005943,0.0039437308643727395,0.010035479267987944,0.01311575871519774,0.013010655316267244
1552,-0.0029460204390208966,-0.002849844032497592,-0.0025918985029064964,-0.0021079970269232973,-0.0020107483130206924,0.0010035298914053067,0.001146736691402403,0.001317767759621509,0.0015445690315141064,0.0015309882296956068,0.0019463543229026048,0.002073036986715203,0.0022242442381773045,0.002355863156932307,0.002403745212427706,0.0026765084247841048,0.0031509223721382096,0.003191968858611803,0.0031232703736157053,0.0034099345841921078,0.0034834022686560037,0.003478451859281008,0.0035658702029650047,0.0037033321422486054,0.003977782727924005,0.004180464601161206,0.0032784785204725067,0.009504599936982605,0.012643507520211303,0.01250650831436901
1550,-0.0028691768948764865,-0.002798555388708289,-0.0025447948487042904,-0.0020796082828889867,-0.0019896360466552868,0.0009368274806651131,0.001069367780516313,0.001229086902164514,0.001447145919497815,0.0014555579535555155,0.0018596645187166153,0.001992164463484214,0.0021275924721175093,0.0022566947752401117,0.0023198169902634153,0.0025780336225906114,0.0030542857142879104,0.003075150235562013,0.0030013312603225095,0.0032857326533082126,0.003366618712491512,0.003347122848411613,0.0034331617314647123,0.0035630354206916126,0.003832993738485814,0.003983966632742114,0.002960160906832515,0.009268981086269612,0.01244487307766911,0.012281771461833312
1548,-0.0028903653892560707,-0.0028237868660572693,-0.0025554693042199733,-0.002083449149058572,-0.001993655650353067,0.0009190709455710322,0.0010418198877120283,0.0012110146955393308,0.001425321464952528,0.0014625102396991288,0.001869696049339127,0.002027007253279728,0.0021611884725854305,0.002283078167335327,0.002376794741595731,0.0026311255159850305,0.0031208968275877325,0.00314302998971433,0.0030755308408306273,0.0033661624100316326,0.0034554016151763303,0.003436973968544532,0.0035286507643956314,0.003656534516476531,0.003932301364043329,0.004054883919040832,0.0029300149741546336,0.009303495591494529,0.012515348383753927,0.012346726358944932
1546,-0.0030744249203828525,-0.0029674906117172495,-0.0026585408948471487,-0.0021511186619951467,-0.0020390503823000464,0.0009181263611507534,0.0010392260729439537,0.0012347266086561517,0.0014556519188118483,0.0015341489654901522,0.0019634450749311527,0.00216597791387705,0.0023179062830158484,0.002434987149655052,0.0025693640958197525,0.0028349917752861498,0.003352264814751947,0.0034049834068613505,0.003361320697540353,0.0036630072630037536,0.0037650717485468513,0.0037695871892521535,0.0038688866550805473,0.004011497195940253,0.004307418016668847,0.004436052161540249,0.0032489138002781484,0.00975074690720655,0.013042661907249245,0.01289062547124245
1544,-0.0034495736155363277,-0.0032403887746878315,-0.002854355927140631,-0.002277328207523528,-0.002111161486708431,0.0009633409929619696,0.0010945152361179697,0.0013261845342130707,0.0015707406655659714,0.0017139452699741695,0.0021871009387058743,0.002456863753531574,0.0026471718417898707,0.0027728195657518717,0.0029553714440254744,0.0032474593535843713,0.003812600882675772,0.003924964803534672,0.00391717048507817,0.004236584005352172,0.004359768368566372,0.004412584599068271,0.004519154799856671,0.004701632923563771,0.005034035209160272,0.005206177585895769,0.004028989228036774,0.010673096767356567,0.014058638967021274,0.013932808011596777
1542,-0.0038114171611719413,-0.0034769420215460395,-0.0030077857405146416,-0.002356064684131444,-0.002133948368227938,0.0010996853095401604,0.001246551717965956,0.001505758062557462,0.0017786330536282563,0.001989340233365562,0.0025019600552497606,0.0028348162095917576,0.0030640446584118616,0.0032089924900371575,0.0034252473336494615,0.003741267073577456,0.0043544873146687604,0.004527626785326561,0.004550778251169757,0.004883051009090457,0.005023499039700556,0.005129873800490861,0.005241844194581756,0.0054683015124342566,0.005833686391569962,0.0060615587457717585,0.00498515775071226,0.011541652625982862,0.014895449037730754,0.014786157975591963
1540,-0.0037041844243378974,-0.0033506046321980995,-0.0028884366219397994,-0.0022472167964371972,-0.002039760384582298,0.0011937907743305998,0.0013423421839710986,0.001594503559903801,0.001862948682889401,0.0020781201210174974,0.002570111316803299,0.002898439164564802,0.0031209117473803005,0.0032697436243271996,0.003463953328286702,0.0037684369666190973,0.004371003058988798,0.004542153078724603,0.004568793082445698,0.0048821886015398,0.005009107767047702,0.005114412569146999,0.005227774699840801,0.005446953043415401,0.005797307684647,0.0060159770767194,0.005018139272430604,0.011192143342484195,0.014349442930063294,0.014230202859495306
1538,-0.0033241310107080396,-0.0030492038458400372,-0.00266503719541894,-0.002102029449255638,-0.0019505391028478355,0.0010908742166340635,0.0012244559973168603,0.0014588482724445587,0.0017001784868896641,0.001879061648291061,0.002320828721399458,0.002601931397920962,0.0027898620206595615,0.0029283354623102636,0.003076968758454361,0.0033539449020978593,0.00390845217654686,0.0040322183689453645,0.004044283057122858,0.004329248368820461,0.004430349275536961,0.004489457239973661,0.004603123025037459,0.004783366616888662,0.005093120154616965,0.005240056471768659,0.004190905848206659,0.010166070284076567,0.013231088357717566,0.013090940604070456
1536,-0.0031268277106343,-0.0029085284519487983,-0.002576505060359398,-0.002067668037448102,-0.0019407650870831988,0.0009222433283029019,0.001040573153263405,0.0012740984231808042,0.001501729483277002,0.0016717487895692024,0.0020909017055040016,0.0023475414799025013,0.0025202355859808012,0.0026589867258336036,0.0027859741534334015,0.0030526113776888006,0.0035824897524560015,0.0036761776735394006,0.0036729745421428053,0.0039515499086738085,0.004045365137413208,0.004073615357520495,0.004187429547247497,0.0043527661715961966,0.004642596503221207,0.004728579378747606,0.003603577919664598,0.009645909723594408,0.012775179172266206,0.012620294347473797
1534,-0.0030721181222422636,-0.002881224218151665,-0.002569608264902365,-0.0020861667986120658,-0.0019597815748930644,0.0007957683083033365,0.0009031631681903352,0.0011395705642262347,0.001365412482668131,0.001547148298539032,0.0019610260809587374,0.0022121790159995366,0.002385976923328835,0.002532033127457832,0.0026538586947811374,0.0029198913407987373,0.003442188248553933,0.003525954687021833,0.0035049298474564353,0.0037875001906724284,0.0038895914130097284,0.003907396926613939,0.004015969639268431,0.004187161115944728,0.00447032586252754,0.0045193638878714346,0.0033710787379496385,0.00951265348933323,0.012731746570272338,0.01256889897880143
1532,-0.0030093939443453233,-0.002848847547751422,-0.002548562491671222,-0.002085723168630621,-0.0019656956013799215,0.0007211096318198787,0.0008218725663162799,0.0010466713302746816,0.001270306862384274,0.0014532641698802723,0.0018553137742571835,0.002098899317193481,0.002272366714115681,0.0024155355131091766,0.0025326608939630763,0.0027923468485029773,0.0032993871091248766,0.0033790161844539784,0.0033399150788719772,0.0036141640176663714,0.003727666908952182,0.0037383681631851795,0.0038330990233688828,0.004009952305076572,0.004279115635617281,0.0043078499596075764,0.0031764509830628784,0.009355333694582774,0.012621742436751071,0.012458222753778475
1530,-0.002948977170141011,-0.00281654728784541,-0.0025172411117743085,-0.0020688075562168076,-0.001965192661691706,0.0006745900280398925,0.0007737096441454844,0.0009786930729251964,0.001199061435723986,0.0013699912637890888,0.0017560154740780959,0.0019906928164609844,0.0021599410221403853,0.002288262419418985,0.0024016334806023915,0.0026506994835334974,0.0031375971288594845,0.0032174210567842976,0.003170962327297494,0.0034238103579282975,0.003546032757557896,0.0035469387545988967,0.003626502994535097,0.0038049952171739926,0.004053085316969796,0.004080446692918294,0.0029602098368314844,0.009185695060544688,0.012475851108432898,0.012316765787669187
1528,-0.003013155360008457,-0.002873142517356056,-0.0025447190712217585,-0.0020825523499004572,-0.001984597487957755,0.0006523172437981478,0.0007554076006828364,0.0009564353259073483,0.001181426101398847,0.0013538099941640402,0.0017416267593797358,0.0019822566249582396,0.002157898008055742,0.0022772534761664465,0.0023984538435544434,0.002648281596682539,0.003136067799955247,0.0032299947536781476,0.0031904355559181363,0.0034322501705101455,0.0035653174809159444,0.0035630768678544394,0.003637264510365848,0.0038267153462261394,0.004065865619673745,0.004114455012077439,0.0029989206048856437,0.009335655853007038,0.012654439278548035,0.012498166786444442
1526,-0.0032425796928450407,-0.003045751097453142,-0.002650769004725634,-0.002140972009770037,-0.0020276019900599407,0.0006811470669760705,0.0007955475602382661,0.001020095542407562,0.0012615412092083639,0.0014635844799439635,0.0018805543437254574,0.00214718426072176,0.002351109267055465,0.00247889846022456,0.002621821584118958,0.0028928404629545573,0.0034144327246794642,0.00354248102863447,0.003518598101466569,0.0037761843560779607,0.003927234336221261,0.003936430162082061,0.004019165183763371,0.004234432005935568,0.004488418652239964,0.004572793956295465,0.0035003896983783617,0.009941063211547169,0.013265819392750067,0.013107673794853766
1524,-0.003531002003070355,-0.00325084484109725,-0.0027746487727691588,-0.00221312904545945,-0.002076604977992752,0.0007748985910472489,0.000908300058640038,0.0011716299148126497,0.0014368379614186494,0.001680320271992844,0.0021395310121445493,0.0024401297718399384,0.0026884419795821374,0.0028346721972965366,0.0030016241339360372,0.003306712597648337,0.0038760832679817503,0.004052480761662147,0.004048064335119547,0.0043391730913610455,0.004511221502706345,0.004542658153738041,0.004644616397308246,0.00488656687861054,0.0051721879160345485,0.00528395750507045,0.0043069681073221455,0.01073556555168724,0.014005275411592744,0.013846229640388938
1522,-0.0037012851907100575,-0.0033583020055579643,-0.002833064794646664,-0.0022604872365498546,-0.0021127648413631628,0.0008673149177465395,0.0010164707326644484,0.0013037951666341474,0.001591616104165236,0.0018566100072481412,0.0023429878452492364,0.0026681188345904355,0.002949881711664437,0.0031074684645469447,0.0032853120234020428,0.0036138469727663436,0.0042060477427291465,0.004426293450981236,0.0044416227715527445,0.0047530395050655455,0.004938067663784643,0.004987868090611441,0.005109390527198138,0.0053586428879516396,0.00567142523376804,0.005786525391811237,0.0048856514353290414,0.011216615699028043,0.01441489169851154,0.014265904068827745
1520,-0.003721011149927844,-0.0033554359431303415,-0.0028290162708482364,-0.002277745928423544,-0.0021268980088338385,0.0008566911082768663,0.0010030788675997604,0.001287634390320161,0.0015899490384038567,0.001856092259707759,0.002346134702495159,0.0026833865500454634,0.002967253477120055,0.003127420803459763,0.0033054817778823686,0.003632613882573757,0.004213420301524259,0.00446372698726176,0.004492563417847165,0.004802006393359565,0.0049881841433089685,0.005044052389117967,0.005176619941190355,0.005416546695436966,0.005742782848699168,0.005864709214438865,0.004979490638643461,0.011259954834820965,0.014439689091455266,0.014310107301163763
1518,-0.003633128419638837,-0.003282147497546628,-0.002788509281882026,-0.0022561588242660385,-0.0021051800788386282,0.0007194851383817702,0.0008473811893804639,0.001113091614245068,0.0014113210614326716,0.0016753775957380618,0.0021514805142994614,0.002485860783645266,0.0027446091687750723,0.002904252579892963,0.0030798628929021715,0.0033855165677470628,0.003936903571780462,0.00420758879354137,0.004234734234083465,0.004540706406717762,0.004716074837835871,0.004767750430992673,0.004901157120926661,0.005125082444819462,0.005454990623714073,0.005614731710195872,0.004749495249815966,0.011005694886236567,0.014177842825376763,0.014065124102172172
1516,-0.0034457762668799186,-0.0031471203426495092,-0.0027097763221870103,-0.002192247078690715,-0.0020576954148717186,0.0005067142494724897,0.0006191774352351798,0.0008585382000145803,0.0011293186349288914,0.0013869263631905854,0.0018331834717356804,0.00214344568993409,0.0023656357492943814,0.0025169705174185875,0.0026859167407244783,0.002961259971479391,0.003473227653371491,0.003752928862968588,0.0037639419580835914,0.004072935746292181,0.004225053581104379,0.00426552363667658,0.004391157675578086,0.004594037671197981,0.004914262124530888,0.005126878744551491,0.004295782870776282,0.010514871607708087,0.013658829480525492,0.013552615425278886
1514,-0.0033090433728901886,-0.003060782356175684,-0.0026660756705920857,-0.0021553770318712834,-0.002047979108201689,0.00032233051666261114,0.0004388988821705103,0.0006605902192289154,0.0009038082569793049,0.0011582200068153137,0.0015801188989378046,0.0018672111885301157,0.002069154614950705,0.002209379892258015,0.002374562441465014,0.002632671835120712,0.003117025498115711,0.0034019683907858117,0.0034019543644181055,0.003717328274008405,0.003848899158282404,0.003883684458226108,0.004003043218914912,0.004194963461492812,0.004498643635609714,0.004757689001167714,0.003910943484444013,0.010183291125083704,0.013347637218967104,0.013239257539730917
1512,-0.0034339791793061986,-0.0031740398273585047,-0.0027613581309110097,-0.002223123485853906,-0.002123440120199105,0.0002556198956942951,0.00039727529284049046,0.0006296166952352023,0.0008743755898406036,0.0011531530970151915,0.0015871687686419,0.0018876604347560916,0.0021070333915896022,0.0022511237735756973,0.002431585498631497,0.002704342927998593,0.0032041343175659986,0.0035116549368092997,0.0035257357589250915,0.0038556629852610907,0.0039910745892920985,0.0040415262205934915,0.004169366009109998,0.00438020404202169,0.0046819339038838,0.004991188389881593,0.004080154721499293,0.010551710510770904,0.013827196565474903,0.013715940743628696
1510,-0.003864050053531215,-0.0035095289349208053,-0.0030052784738538035,-0.0023904243155119104,-0.0022591187940868146,0.00036265677747748803,0.0005426063660580877,0.0008182224169924895,0.001098678983783588,0.001438496064431985,0.0019296597225626905,0.002291886493799397,0.0025644436848939883,0.002735520825625587,0.0029565363992422877,0.0032760761048614973,0.003847114285352088,0.004201611023899793,0.004258991882069296,0.004616139397319696,0.0047892071760522875,0.004879431411201188,0.0050340636184268844,0.005293766615710294,0.005621247202479487,0.006001299818634592,0.005053520127190195,0.011727520458068089,0.015135141024683094,0.015028400571904493
1508,-0.004202160751469078,-0.0037524433515723765,-0.003160715967178776,-0.0024828827887286714,-0.002306106423348969,0.0006280044091181297,0.0008325925583492211,0.0011437763104807236,0.001454982624141024,0.0018357263643854205,0.002377069554890726,0.0027986016894943205,0.0031081064528206276,0.0033025709491400213,0.0035584110396464225,0.003915467779604623,0.00456214985106522,0.004938276498391125,0.0050350819771325245,0.005407268310395522,0.0056262392613034284,0.005745542750677318,0.0059209316744488205,0.00621140190508683,0.00656842352144392,0.0070078171199658285,0.006101076444902029,0.01262346245942493,0.015995271799041727,0.01590430928229783
1506,-0.0037680623163284105,-0.0033937695983144167,-0.0028764425033017127,-0.0022773346607646155,-0.0021222116605449093,0.0007506614007339873,0.0009283175176983821,0.0011934618800602953,0.001466212399830094,0.0017699349776538892,0.002256071060149495,0.002630644228963891,0.0028806432972600937,0.0030450282378906846,0.0032687414057162856,0.0035846672720342837,0.004188840849466885,0.004485928758168084,0.004550370780580085,0.0048833625584052825,0.005086218162444492,0.005166528768599382,0.005312833279852783,0.005548064629425892,0.005877879382292284,0.006288832020906382,0.005358440798645184,0.011380733127783482,0.014517272535002582,0.014437820739254092
1504,-0.003115563106349084,-0.0028852597364147914,-0.002510352825136092,-0.00203777488884678,-0.0019459286756905864,0.0006000774261023106,0.0007361418954449084,0.0009286071968989118,0.0011440830424567089,0.001342442508484712,0.0017366595386891087,0.002021365674214709,0.002187652553642616,0.0023093243085938187,0.002476257365274709,0.0027275966899599213,0.003229686290050812,0.003432659042236219,0.0034338767769910156,0.003719550863620011,0.003867584028982518,0.0038929242328041153,0.00399652895580202,0.004161157211372321,0.004440251335200318,0.004792819040732518,0.003686000168489509,0.009540008925993215,0.012579316391288009,0.012494879232437417
1502,-0.002863917139495034,-0.0026918942197044354,-0.0023857286972778363,-0.0019656005874833377,-0.0019073331379383246,0.0004223599252563687,0.0005380807687195704,0.0007000495989286648,0.0008952114994302679,0.0010524212157961704,0.0014070065918928704,0.0016501001714698676,0.0017835736148685694,0.0018952883411284677,0.0020346552845459664,0.0022604653379958706,0.0027093056818648653,0.002875670597468974,0.0028460212284633635,0.003117635871423871,0.0032323265329493728,0.0032403465241993695,0.003328883154629869,0.003467549228782771,0.0037275691081014722,0.004059741487757174,0.002769460374249272,0.008796438369728973,0.011908249744671168,0.011814473781898968
1500,-0.002886662205338328,-0.002704040819361833,-0.002406220463099837,-0.001980002673516834,-0.0019227281570139282,0.00032113624300506016,0.00042905513320547206,0.0005946238772418649,0.0007927109260980614,0.0009528459862904598,0.0013077417038128702,0.0015448037222837718,0.001683165626891761,0.0018057514969666705,0.0019364627889478653,0.0021637828804863674,0.0026033510251810693,0.0027665152309449687,0.0027360746213398734,0.0030126022172350664,0.003116704348744573,0.003132199122565668,0.00322520610932836,0.00336226733252247,0.0036291558434798643,0.003956326190941467,0.0025663727834640687,0.00879462480378676,0.012000574269036862,0.01189965431833076
1498,-0.00289534553730951,-0.0027019289606687036,-0.0024055202088354016,-0.001967595263262914,-0.0019015740076865073,0.00027896274099468987,0.00037694732676278597,0.0005542054968558918,0.0007503722733950974,0.0009129068289998876,0.0012719909243887884,0.0015011915889216881,0.0016509600833044952,0.0017784608123243978,0.0018985356934171915,0.002127694149151191,0.002565033177536591,0.00271816363004089,0.002694721402816999,0.002968384256471293,0.0030694439922548944,0.0030880375536462973,0.00318376725912789,0.0033166545673647962,0.0035885655083086887,0.0038867619076242976,0.002489873998091391,0.00875262528054399,0.011978031542470291,0.011871963977762995
1496,-0.00277188640840155,-0.002606326229547651,-0.002330216123254958,-0.0019065708957503452,-0.0018388895363242452,0.00025752759417314863,0.00034203182244735286,0.0005234687678016547,0.000705109611831442,0.0008454881442746531,0.0011947941271711476,0.0014009989731928463,0.0015503332037246492,0.001666661459543542,0.0017734110320448415,0.001995106524607146,0.00241839356522755,0.0025409550512551504,0.002513234718553553,0.002767783320831649,0.002867041489971245,0.0028693717691530424,0.002955049852686048,0.003079431587543549,0.0033381237116582446,0.0035826621272051495,0.0021971857636419456,0.00837241979316855,0.011563241027681748,0.011453889193278749
1494,-0.0027054401085920693,-0.0025656764318392755,-0.0022970222520495714,-0.0018877069451910672,-0.00181353930439207,0.0002984708517106277,0.0003793374952595352,0.0005683906221198298,0.0007457766253941289,0.0008577946536865305,0.0012028853483991298,0.0013941835467307373,0.001545331610927736,0.0016552752899998274,0.001762188217756533,0.0019846054199820357,0.0024016929086495276,0.002500521586312629,0.0024637186960068252,0.0027065886633064334,0.0028115062005827363,0.0027966862043131285,0.002874055831724426,0.003003443850840226,0.003250261867908527,0.0034497453550695334,0.002042701380215936,0.008188577151826026,0.011376867599330029,0.011269385042064026
1492,-0.0028311199923467673,-0.0026766190912459603,-0.0023757398000039676,-0.0019576641282011698,-0.001857524596861268,0.0005225744070734284,0.0006177944634777333,0.000828363926038439,0.0010251429809365331,0.0011082073490546324,0.0014711850952926347,0.0016627354848522402,0.0018321536080667389,0.001954159119330834,0.0020716416292721335,0.0023131763369668296,0.002746173005801031,0.0028433579252001295,0.0028058565258556323,0.0030624019850372386,0.0031767374120205277,0.003162302673437034,0.0032464645187635366,0.003392374162519529,0.0036475044390978373,0.003816549984628839,0.002403628227116039,0.008577750982395133,0.011795075830861132,0.011698667608659133
1490,-0.0030102375507879975,-0.002826967772277103,-0.0024794933063747027,-0.002055312832287909,-0.0019255593567461954,0.0009957599914695026,0.001117674853599801,0.0013492381667716963,0.001572884294589294,0.0015856170069358938,0.001973911228696404,0.0021464886561029933,0.0023338310507656918,0.002472986716874598,0.0025801455049760946,0.0028421301822249972,0.003293071358385802,0.0033878521242437926,0.003351139232189701,0.003638349124759993,0.003740057678831399,0.0037395197808684916,0.003837057989778292,0.003982382628136896,0.004254010414828993,0.004398281511569999,0.003035421133967195,0.009163880926666992,0.012375230639310994,0.012297570818474005
1488,-0.0029713061426902,-0.0028070441633332027,-0.002457311509229801,-0.002068658257890099,-0.001945804783303598,0.0015405989555817984,0.001684934573885799,0.0019124113833038081,0.002140479624701805,0.0020055993957648066,0.0023946369469177997,0.0024905004368268036,0.0026627520985198078,0.002800483864677808,0.0028493118051858,0.003104403739664807,0.003543499825789803,0.003601358096963797,0.0035488637906898046,0.0038547040777818092,0.003902255499984797,0.003909190033757809,0.0040042933593398,0.004109659570902799,0.004375863677797798,0.004511701183549807,0.003194746776416804,0.00917107845955581,0.012315074483666796,0.012250124856446803
1486,-0.0027194029989630747,-0.0026243751343573707,-0.002323250856317474,-0.001991744049374966,-0.001917004600544378,0.0019161104447712324,0.0020734467455782307,0.002280012655803229,0.002490482734781224,0.002172166960081226,0.002534281247800224,0.002517901542720233,0.0026493839700232336,0.002767919229866231,0.0027341855271052345,0.002958287456850228,0.0033638089780592267,0.0033605891797392345,0.0032840424989682288,0.0035804987588832216,0.003561282854586234,0.003560537001705222,0.003634196608109222,0.003683180789720228,0.0039210644481522255,0.004070288371866224,0.0027338288016422324,0.008576177601540225,0.011645731667757231,0.011575777639557222
1484,-0.002484026594135519,-0.0024581696634065203,-0.0022103694362205217,-0.0019125460663915184,-0.0018928794901965224,0.0021523159814314796,0.0023252191579704873,0.0025200455372454827,0.0027151522068544903,0.0022385548407494876,0.002568868974472477,0.0024518144887214904,0.002552390565664489,0.002650693482461483,0.0025469806796424854,0.0027419346223524904,0.0031205943611894854,0.0030681346315764857,0.002985257075532488,0.0032544139153094787,0.003190975309137478,0.003178276895903484,0.0032282336532814815,0.003234134440171482,0.0034456244949634812,0.0036101641759134773,0.0022318476993864883,0.008020390787637485,0.01104602952536149,0.01095799125035049
1482,-0.002383120601834987,-0.002396717142078994,-0.002179493130641988,-0.0018805994749479943,-0.0018990858754639878,0.0023335651579210054,0.0025301079328630127,0.002729016255966013,0.002920967810584013,0.00234205781256501,0.002649162864005003,0.002466720475950007,0.0025605877985180048,0.0026446246158560033,0.002496852734627006,0.0026774947116470077,0.0030426893733330046,0.0029694117378440132,0.002905545499282014,0.0031419854087890026,0.003061882590350007,0.003043284426799006,0.0030778634546050065,0.0030603492866530108,0.0032587578084930097,0.0034347795177660095,0.0020260784662870096,0.007831241336391001,0.010849551011548011,0.010739016224968007
1480,-0.00243278066290549,-0.0024464364294604912,-0.002231197424596501,-0.0019052642645324969,-0.001935771680805498,0.002436404555154509,0.0026591905780835035,0.0028727642896795025,0.003072298923998504,0.0024622551589125047,0.0027618015903665,0.0025608035174875116,0.0026668173879025037,0.002746046344332509,0.0025847422258125086,0.002768870985133509,0.0031309420591184994,0.0030658236764485036,0.0030335311163435102,0.0032449241511675053,0.003167616600209505,0.0031542726255635034,0.0031857861729124998,0.0031642188698715046,0.0033619189706475122,0.003568986908783503,0.0021090912196205097,0.008018442709083501,0.0110820973392535,0.010951450462300505
1478,-0.0026262450210680077,-0.002597494990349003,-0.0023560171134140023,-0.001984751184291006,-0.0019999041211549995,0.002450365539461999,0.002698339214715989,0.002935029085836996,0.003153111772346992,0.0025742282916609988,0.0028873868517349938,0.002714489539553999,0.0028443032421160003,0.002933039882582991,0.0027883283167489947,0.002993295390167988,0.0033663848787749973,0.0033322954400449994,0.003329229938230996,0.0035365745941590004,0.003474567789252994,0.00347951743313199,0.0035223744481979874,0.0035145832815819955,0.003723035165592997,0.003997925352854995,0.002440622727163,0.00854368361571299,0.011707411926274988,0.01156441243027699
1476,-0.0029181524235850076,-0.002814694004051002,-0.002528522029298,-0.002103214263268996,-0.002083776933913997,0.002473994502188992,0.0027505758937230035,0.0030184661418650033,0.0032666794898919965,0.0027472410064020014,0.0030893532992729983,0.0029726703891970047,0.003137072616186995,0.0032469276268990016,0.0031377254998959936,0.0033729276560279936,0.0037758272904910017,0.003784187632154004,0.0038064159917989976,0.004031181264278996,0.003993733743213004,0.004026353944173999,0.004091038751151993,0.0041061334497569935,0.004336243868644993,0.004678068491800996,0.0030345877160079943,0.009325801333178008,0.01259194667090699,0.012448359654117003
1474,-0.003126552655762338,-0.0029616510268363344,-0.0026487972762363338,-0.0021975445134193305,-0.0021497401619603312,0.0026164898582256707,0.0029230811384916705,0.003214832414673671,0.0034894760449056678,0.0030097098700346686,0.0033682477353106505,0.003292739307626677,0.0034932255534966677,0.003616297733879656,0.0035332611015846532,0.0037842264551176535,0.004217582015263663,0.004252722392351652,0.0042968845462396515,0.004539435835713659,0.0045246726808226695,0.004578426343241668,0.004656514452720653,0.0046837062659846745,0.004932943329390663,0.005246247965214654,0.0036298965463726768,0.009935572533609674,0.013214205108456653,0.013084285634214668
1472,-0.003030697443875685,-0.0028761178599926718,-0.0025935413058166823,-0.002188248130744669,-0.002149389724887679,0.0028069777774653304,0.003124920887689314,0.003408738953067314,0.003678849393812328,0.0031743248737403085,0.003512310923941331,0.003414296230204311,0.00362243436301532,0.0037330419073213217,0.0036345976662823243,0.0038653848978013328,0.004291100187237329,0.004306179157946316,0.004352948358881309,0.004592028985871327,0.004572984050859319,0.004622248675343332,0.004685307083915319,0.004697473518994327,0.004939627441277322,0.00510969874590933,0.0035974047169433088,0.009749671433554319,0.01294640767266833,0.012837994465317332
1470,-0.00276337636218435,-0.0026646129452513323,-0.002436994576921342,-0.0021184528026603477,-0.0021157519964213334,0.0029193637660806515,0.00322734858879567,0.003485164972317656,0.0037290726147176656,0.0031376667080896536,0.0034441889086766764,0.0032720512433216664,0.0034547704575276506,0.0035444108571446586,0.003398146182583661,0.0035942412622146647,0.0039786843787326664,0.003946273894222668,0.003972176509091652,0.004201247920965656,0.004148599391697649,0.004178024916907663,0.004214856918587667,0.00419643721516566,0.004413224049800657,0.004463224753662676,0.002965378223076659,0.009045636682288666,0.012191861106395668,0.01209918868343865
1468,-0.002586992889499179,-0.0025248203369891697,-0.002324923823964181,-0.0020804822380811605,-0.002113114723309162,0.0030114786976738195,0.0033132266814278333,0.003558603598192822,0.003785299182151841,0.0030760401695858197,0.0033695730675478153,0.003114899621880829,0.0032705120090858186,0.003348997223116823,0.00315202241114082,0.0033269477653168344,0.0036724942777698333,0.0036081828615638356,0.003615600995793833,0.003843829047548819,0.003753577024123822,0.0037689983159198415,0.0037946798250288183,0.0037441042620038334,0.003945139590775831,0.003971810326170833,0.002378507660343837,0.00854665058073284,0.011717853343816836,0.011630334011842824
1466,-0.002550211010920511,-0.0024881796333744988,-0.0022834869906664945,-0.002091242631812512,-0.002152499792025503,0.0031366728254504928,0.003453853415139485,0.0037072287453384922,0.00393366025370448,0.0031107665601244894,0.003403370895109503,0.0030820844433484818,0.0032310667607174937,0.0033026425326744824,0.0030679139063054806,0.0032359568568294805,0.00355722242765949,0.003494336149799493,0.0035108630420215003,0.0037331881925034838,0.0036222508650314844,0.0036342359863944795,0.0036645688504234886,0.003582210426474497,0.0037861963726094905,0.003846394108468487,0.002124327729758485,0.008435529305741485,0.011657384235194496,0.011565620058799492
1464,-0.002587522888612165,-0.002500776182795178,-0.0022802594047041658,-0.0021222288350751795,-0.0022070571967931774,0.003195260181322823,0.003548551862754823,0.003820012955677826,0.004054058689168832,0.003176273618866826,0.0034629654276028266,0.0031136042740448344,0.003276912355531819,0.003338714051728836,0.0030922318006118277,0.00325859522898983,0.003565036570697816,0.0035332010118248325,0.0035907428543778264,0.003784083347029815,0.003679254031682816,0.0036951651511518413,0.003732594585390825,0.0036276357714638274,0.0038447695751768207,0.003941618839483824,0.0021001524565858187,0.00853534434817882,0.011800025488750837,0.011697844507979838
1462,-0.00267974855566136,-0.002547680756433357,-0.0023111260540573664,-0.002160777826089366,-0.0022561563351583547,0.003066784709428644,0.00346440559779565,0.0037581377629996304,0.00400255976368763,0.0031660179889816398,0.00344252177683263,0.0031215007946176487,0.00330703852892264,0.003365723707529633,0.0031414377400756366,0.0033096704659066334,0.003608150420238654,0.0036237417374396508,0.003735669999712643,0.0038881490882006486,0.0038125462418816536,0.0038396096096466326,0.003880390688396629,0.0037777993458116277,0.004008523282153648,0.004132424133433649,0.0021878574027246467,0.008751615355603648,0.012067706121998645,0.011955489527399638
1460,-0.0028893964491869817,-0.0026751483335549775,-0.0024062915826269793,-0.002231880178797968,-0.0023132074223019827,0.0027754228591460317,0.003221749605111013,0.0035523181899940193,0.0038187198281740276,0.0031043790519330317,0.0033815260875170172,0.0031434482119480356,0.0033528396676020256,0.0034286880383120333,0.003254705111061018,0.0034333584797490158,0.003733431457715014,0.003808381348834017,0.003973538263623011,0.004101916263872019,0.00406931108416303,0.004120288527483029,0.0041695702107470145,0.004097165656359036,0.0043438966662620315,0.004519823262819023,0.0025252754585700365,0.009241991780047032,0.012632784861146024,0.012515923966469028
1458,-0.0031884910624498664,-0.00285525680550186,-0.0025315779583168496,-0.0023404909897708492,-0.0023902067219378487,0.0024019317301391396,0.002905003545999152,0.0032936704926451454,0.00359950320929614,0.0030476691196901495,0.003333307579613143,0.003209039625971133,0.003445577538326139,0.0035499227986221515,0.0034353137614251406,0.0036254088259471406,0.003926628504811153,0.004071327395283153,0.00428877496495314,0.004415465024691145,0.004430010860648148,0.004519742810474153,0.004586817765700135,0.004552578378055144,0.004818069526675128,0.005108282150187132,0.003206519881858133,0.009982003778192139,0.013421569587333149,0.013306023537977135
1456,-0.0032500983406089923,-0.002844201441463995,-0.0025002881964780177,-0.002390037272193002,-0.002439508057625994,0.001999111737367998,0.0025486968922449893,0.002979575002585999,0.0033164781904579943,0.002885851763982983,0.003151132012308988,0.0030969755235339957,0.003346077251780988,0.0034526038576470075,0.0033654381131889843,0.003536065269350991,0.003805171539620983,0.003993600116917989,0.004247844073243995,0.004362772231837009,0.0043988951416520095,0.004521192675375985,0.004591404297436985,0.004561689654235007,0.004824445381509002,0.005238433172796986,0.003550797548994983,0.010144198833279994,0.01353299418916501,0.013424133308370001
1454,-0.0029267257415098447,-0.0025554219128078315,-0.002264396311036837,-0.0023163951844708264,-0.0024251712957518434,0.0016388937962981687,0.002205540497335151,0.002624840175565163,0.0029606258980671707,0.0025449965064351654,0.0027551852421371648,0.002677220760366167,0.002905127035322169,0.002984010775297169,0.002877014601793154,0.002994746587865166,0.003198702621993177,0.0033780220886161783,0.003638476640644178,0.003713467291179162,0.003726754013402167,0.0038522809256111568,0.0038971265649391518,0.003829963746113163,0.00405867807874416,0.00448479442322916,0.002895777891669171,0.009278062061266162,0.012587081257077165,0.012488110445577155
1452,-0.0025873236763816754,-0.0022699454274836828,-0.002036627151008691,-0.0022210619045506808,-0.0024034489693756933,0.0013449874617153246,0.0019253544181063176,0.0023142452267403135,0.002644796515888309,0.002195893011949307,0.0023572537908973235,0.002227351954503326,0.0024237866675343167,0.0024855500621273063,0.002350276328792311,0.00242169053568031,0.00256519725292631,0.002727567426720312,0.002990394060668311,0.00302361024060932,0.003002332239713301,0.0031184105564913134,0.003139454966143318,0.0030304480162713088,0.0032278736544973097,0.003578492928114324,0.0019518352066633105,0.008312010367864331,0.011608043303704296,0.011518407128800312
1450,-0.002417292486533995,-0.002110166532780011,-0.0018952928873779973,-0.0021599666193730105,-0.0024014874424529986,0.0010656592166979895,0.0016770551099539732,0.0020459636340479648,0.0023862062677629803,0.0019133857218089911,0.00204199080112899,0.0018833857041629654,0.002060871523685004,0.0021236106015509737,0.0019707827567909675,0.002018194457798994,0.0021123277589399914,0.0022792669277340027,0.002562033932787977,0.0025618394499740127,0.002520053229852992,0.0026285588255399728,0.00264338844491796,0.002503200495452995,0.0026904878907539898,0.0029662960421759643,0.0013337073970809965,0.007750461111058982,0.011067801348479012,0.010984205968518013
1448,-0.002338016440023849,-0.002007917239548851,-0.0017886387120058522,-0.0021083632188428347,-0.0023908766450458363,0.0007336988565191382,0.0013806244309291782,0.0017371675679401788,0.0020892993200681276,0.0016121919041881538,0.0017102748391101263,0.0015496061408901696,0.001722667355301133,0.0017846724153111615,0.0016201155490081498,0.0016614079135981452,0.0017062657904871603,0.0018848303797741606,0.0021947550949561467,0.002164515844126136,0.0021202731164841615,0.00221918572436014,0.0022353398725061258,0.0020764407198431423,0.0022677974200781548,0.002527999003953174,0.0010107903935711593,0.007400897729745171,0.01071545236849114,0.010633812255467168
1446,-0.002229876031472511,-0.001881541473691517,-0.0016744271913324837,-0.002043893531699481,-0.002347743345044506,0.00034488370556950976,0.0010007399823024898,0.001345560127639478,0.0016916365134355127,0.0012196105215575015,0.0012833241230845172,0.0011324011952035251,0.0013024787803475046,0.001347495762674511,0.0011721958259164889,0.0012124322999045312,0.001210474468915479,0.0013801087010745228,0.0016958234448855025,0.0016443570615515268,0.0016045547840154994,0.0016904074125135282,0.0016975642894014875,0.001537178775096515,0.0017276497881955066,0.0020359159321015063,0.000685727642472489,0.00696865199295349,0.010257133602032509,0.010177481573240499
1444,-0.002127630067100872,-0.001772153705430879,-0.001592248307157873,-0.00199713557717085,-0.0023050345769818903,-1.0607093508530063e-06,0.0006358231393391311,0.0009763147912611458,0.0013064197730221494,0.0008436525470221223,0.0008838481135161058,0.0007466486885311374,0.0009060748739881386,0.000932583155141109,0.0007542454646761176,0.0007882907163321295,0.000759862082884144,0.0009072596756561357,0.0012063585316271497,0.0011550562359881056,0.0011129619343391295,0.001196892182592113,0.0011864344825611162,0.0010390297141331106,0.0012168432122251494,0.001573741075007129,0.00031997687185614243,0.0065748042945171226,0.009866936248555114,0.009794202233842142
1442,-0.0021538208168423445,-0.0017764514490683503,-0.00159660386667837,-0.0019990604407333357,-0.0022970714630033418,-0.00021806756260434046,0.0003991446369476237,0.0007491425929386231,0.0010745577590786648,0.0006376537869026699,0.0006808994236906507,0.0005697524378656671,0.0007198573539826669,0.0007463773787906303,0.0005820710842796561,0.000610046238212647,0.0005866461423566505,0.0007279853650006274,0.0010136899477846684,0.0009843215767066371,0.000935905471321663,0.0010409430135896458,0.0010222710813046487,0.0008949411231396476,0.0010608486195756717,0.00143463417486267,0.00021267512273864808,0.006556289293967621,0.009886304860720618,0.009823008036325631
1440,-0.002338930476254386,-0.0019205958437943926,-0.0016910722347193707,-0.0020386741225213445,-0.0023110204104203613,-0.00027964142530134684,0.00032904716913262355,0.0006933318458286486,0.0010279690164806121,0.0006477325118146582,0.0007247468407736157,0.0006569087332846113,0.0008114819915926441,0.0008589955618116263,0.0007285729311366507,0.0007624279639376064,0.0007780762506846561,0.000937757809429618,0.0012213681297086332,0.001227152137365628,0.001180556077892636,0.001323919039885657,0.00131723697292363,0.001217554977848645,0.0013832497179436243,0.0017753389765646221,0.000575083341060656,0.007008548503853629,0.010359312595505654,0.010300293087709633
1438,-0.0025666583924642272,-0.0021212425920282274,-0.001819861168831205,-0.0020780550253012287,-0.0023115718585142164,-0.00021765018250924362,0.00038382153718879986,0.0007460651743837476,0.0010899104015127947,0.0007907119873187818,0.0009181747670317653,0.0008967715998217662,0.0010707480071107667,0.0011471207980687792,0.0010603598761697586,0.00111639411149278,0.0011937358530317854,0.0013789938011537495,0.001656281066465759,0.0016944774290677533,0.0016658866927627969,0.0018387213296467975,0.0018604551994647611,0.0017972524200777773,0.0019750529355637703,0.002421116187964756,0.001243302668787749,0.007653962691578753,0.010965858476409795,0.010897389037138772
1436,-0.002663146487432988,-0.0022349838329440153,-0.0019020931269749797,-0.0020941140778860112,-0.0022924959783889864,-0.0001443575453989876,0.00043667530967700374,0.0007727267884850009,0.001111791112876015,0.0008847927514449849,0.0010444455444619805,0.001052179366943018,0.0012454425799819924,0.0013371243336560146,0.0012805559855820214,0.001363266519880002,0.0014901117281579945,0.0016864427253410197,0.0019422602606020134,0.0019908583604870134,0.0019892762712250267,0.002156864567776029,0.0022041887864460152,0.0021742421777929954,0.002367667646565985,0.0028700502520839777,0.0017116450636980307,0.00802925058993098,0.011278700525141017,0.01118683350362698
1434,-0.0026361202632067537,-0.002246864744664734,-0.0019358123862607268,-0.0021080275209177657,-0.002286157356653773,-0.00012168042055377137,0.0004274372397142234,0.0007355184787002367,0.0010562746119092692,0.0008752507475812688,0.0010348231663582785,0.0010608443562852288,0.0012611215689362631,0.001348499483919241,0.001300123691782229,0.0014026060342322566,0.0015472572723422284,0.0017423033394672327,0.0019778181293312325,0.002015864552754265,0.002035861428768271,0.002177842807745245,0.002233300948727257,0.0022193405794632692,0.002424905730599225,0.0029305546383282532,0.0018029462920422512,0.008094404171125225,0.01132914070563823,0.011212982271703253
1432,-0.0026030539872805014,-0.0022416770110575412,-0.001965399462041495,-0.002131419141171542,-0.0022979000862525245,-0.00010343016350550238,0.0004146381154094825,0.0007104822492854934,0.0010049156510144597,0.0008537545599154872,0.0010012007808994916,0.0010492899486194696,0.0012465380215944677,0.0013219029414424655,0.0012725429676064826,0.001389741869032457,0.0015351314225994783,0.0017274924940474667,0.0019580655458544816,0.0019821157136034606,0.0020139362316244913,0.0021388192647824877,0.002187971240520503,0.0021742662924664757,0.0023884234047154562,0.0028575239249185036,0.0017595255259104658,0.008101734079339507,0.011366352141305491,0.011239449687803493
1430,-0.0025910241989183236,-0.0022427713878953037,-0.0019866538310382986,-0.0021411478194622857,-0.0023001171155123123,-7.658420096728902e-05,0.00042179785417068016,0.0007168194079266721,0.0009837585639687063,0.0008475021887267009,0.0009874448596666752,0.0010541980785856997,0.0012412768957317244,0.0013081374730106732,0.0012600405015457117,0.0013846921136836943,0.0015270733099356781,0.001716020417814712,0.0019522295093536979,0.001969409003075684,0.0020038640909976757,0.002124459385976718,0.0021616488824997004,0.002140613166903671,0.002358867737412673,0.0027899267867427247,0.001681085376296687,0.008083404123806703,0.011377969503039709,0.01126171435282669
1428,-0.0025815246036596518,-0.0022356752849176376,-0.001978774509444642,-0.0021260012831876562,-0.0022842514815236414,-8.525911285661714e-05,0.00041098470937234177,0.0007072301105833789,0.0009598403867773775,0.0008169579361663737,0.0009547432847453741,0.0010243619719163544,0.0011969826885903645,0.001262700205896361,0.0012215583182723644,0.0013383164562403294,0.0014758644257743536,0.0016622213619943427,0.0019084116892583713,0.0019232641769603709,0.0019523794991003762,0.0020695565282983774,0.002098524515567357,0.0020692798214093644,0.002285983963910332,0.002685257954447351,0.0015252251966243469,0.007985835135407349,0.011295879142778353,0.01120622716273334
1426,-0.0026032811344116613,-0.0022450968928976467,-0.0019665294910416464,-0.0021144248206096394,-0.002278640138258653,-0.00012579035346366174,0.0003841962605753424,0.000683011007914347,0.0009449398482593296,0.0007810273542473434,0.0009193478426323676,0.000982547039399373,0.0011457308958913726,0.0012148000149183602,0.0011843650244633408,0.0012825661530843635,0.0014178241500473199,0.001608757888893364,0.0018730291028893342,0.0018812246060353477,0.001902742346638342,0.0020121585126343655,0.0020432828912393397,0.002009578172961324,0.002222919417239344,0.002592444873895372,0.0013885960576483503,0.00794123519079637,0.011271979294223355,0.01120797247721933
1424,-0.0026985108195686502,-0.0023104358428426286,-0.001993904300777616,-0.0021362159024436167,-0.002307832382355657,-0.00012900093852163952,0.0004031368746733599,0.0007107079745343747,0.0010003538990733807,0.0008171367768733395,0.0009614313547703368,0.0010250685655083802,0.0011938349794133885,0.0012668177949593518,0.001245099844959352,0.0013327716722733585,0.0014777645837943387,0.0016792530366983582,0.0019737577922223637,0.001968335354365358,0.001987344140504388,0.0020924734318603644,0.0021352496760633777,0.002102266202369363,0.0023168196497013738,0.002679117812741383,0.0014704653954663582,0.008133324537500375,0.011495414350530364,0.011446899247988362
1422,-0.0028404080424605516,-0.002414657735442527,-0.0020577210260245282,-0.002179926715220548,-0.002356250038058505,-5.8906188061536024e-05,0.0004954044943904501,0.0008170020418444834,0.001138516393225486,0.0009467087265944696,0.0011032470395454519,0.0011778178349804436,0.0013673964314344644,0.001445190973806465,0.0014219988203264533,0.0015188473816644676,0.001687420717836452,0.0018941809114634833,0.002223038723359494,0.002204979570314458,0.0022282495522464862,0.002341661910616466,0.002398147057423472,0.002367256016109487,0.0025912437795524434,0.0029941642594904505,0.0018236928064844782,0.008515876719518478,0.01188419243700145,0.011848963557206493
1420,-0.0029193725986260133,-0.0024711620071640183,-0.002092210728369015,-0.002197416857856016,-0.002375795215847021,2.278952576201254e-05,0.0005901395376509688,0.0009201784238819788,0.0012633370768430074,0.001071173982055973,0.0012342015826219965,0.0013165896610509709,0.001528226449894976,0.001612783499204018,0.0015724432464109817,0.0016847616882789684,0.0018731351376600203,0.002073968510828972,0.0024237062350099814,0.002401568282709987,0.002428980040677986,0.0025607763657030103,0.0026222904121440127,0.0025862135028200117,0.0028245884307299685,0.003283758328685993,0.0022092381561529817,0.008760512727118974,0.012069944725440984,0.012055957407861972
1418,-0.0028519349686110806,-0.0024168177969110527,-0.0020467388618110594,-0.002163770695740086,-0.0023430213485510776,3.528409769892882e-05,0.0006008112407279165,0.0009259782548439177,0.0012702501036699343,0.0010738225873009322,0.0012230463669829494,0.0012950078572519508,0.0015126656668049132,0.0015978751216419451,0.0015308206054699403,0.0016389768283199269,0.0018188928212699573,0.0020142876416519573,0.0023636451401579106,0.002336251460813954,0.0023597785996019582,0.002504212308532927,0.0025547002065849367,0.002503594659526931,0.002748275681253909,0.00319298622425096,0.0022665054874609347,0.00859485068311494,0.011817824016812917,0.011822283671623912
1416,-0.002692524023923032,-0.002301870352173052,-0.0019673670052460512,-0.002118108983217043,-0.002296009305258029,1.0260655802951657e-05,0.0005642149314969425,0.0008807445686559445,0.0012051685768289522,0.0009884029398239402,0.001113772549089953,0.001158275721806934,0.0013664393587609625,0.0014359292723149508,0.0013452511215509833,0.0014324475119019686,0.0015788538753649384,0.00177677125111797,0.002113495325487935,0.002067229293028938,0.002081736500362974,0.0022221087590309496,0.00224975733705296,0.002186358306872971,0.0024173997885889587,0.002766946547529958,0.001954111895759947,0.008173744570431962,0.011372967320182947,0.011375879669816957
1414,-0.002538666069122314,-0.0022028271877393146,-0.0019209575397133027,-0.002100015668393296,-0.002272092154976313,2.0123603518690247e-05,0.0005604642922776848,0.0008751766797286953,0.001169569401789694,0.000917189887088693,0.001031923118260697,0.0010410173946477086,0.001236367636270691,0.0012802287128667045,0.0011739805091806887,0.0012474755897406986,0.0013597174611927054,0.0015547096998007048,0.0018706238584697,0.0018057036472466925,0.0018133495827167,0.0019370295684927041,0.0019414175427096836,0.0018801083564286836,0.0020817145108446844,0.002337320699451695,0.001525524685551699,0.007791029587754711,0.0110446766562807,0.011034558619944707
1412,-0.0024415474318806307,-0.002150652327795627,-0.001922584657781612,-0.002109618480195613,-0.0022713167018186264,8.010782118139659e-05,0.0006050200880893808,0.0009221664527373774,0.0011910552016403952,0.0009001440921473924,0.0010251025208273812,0.0009971915313653767,0.001182956267862384,0.001209311940549379,0.00109554827682537,0.0011706920428803946,0.0012648086956893734,0.0014404132581463946,0.0017238700003703866,0.001664735417856389,0.0016690422190283882,0.0017719090441953855,0.0017619112580033736,0.0017152176877813785,0.0018876042984183883,0.0021062144967013696,0.0011958763669663863,0.00757619220504438,0.010911669310374378,0.010895719599472359
1410,-0.0024252063734121476,-0.002157919704170147,-0.0019601185887591632,-0.002131429190008166,-0.0022819509877251565,0.00018714251968784956,0.0006902276791618533,0.001006717147530839,0.0012633149353698525,0.0009432149247588506,0.0010914106943798463,0.0010315296409268426,0.0012116527145158429,0.0012403179097818517,0.001127551537263849,0.0012118055794208549,0.0013101183828718443,0.00145589249478284,0.001698211633448854,0.0016754139245878374,0.001677243166863851,0.0017631516601008534,0.0017508826358558494,0.0017221230080138317,0.001880657749092851,0.002121419086642845,0.0010659114395638325,0.00756328476104684,0.010967669876684849,0.010956624844074836
1408,-0.002475791848426695,-0.0022178492991466736,-0.002013667564483679,-0.0021491300830086824,-0.002294201387716688,0.0003429793102253109,0.0008148712170063244,0.0011248374725243149,0.001377788451474321,0.0010406548627503176,0.0012132925578983156,0.0011334047000883252,0.0013096464243973205,0.00135548163421631,0.001250110459492304,0.0013431361545483134,0.001466642027389331,0.0015862734847003068,0.0017880187524423052,0.0018148542161283143,0.001812312820025308,0.0018912187816773063,0.0018843578155623153,0.001869047017902331,0.0020319049199463146,0.0023303093274813225,0.0011125832060633056,0.007704058050030327,0.01115654908043831,0.011150640182782307
1406,-0.002528407832708024,-0.00228690402990403,-0.002058759861684023,-0.0021505861554850236,-0.0022975785797000325,0.000517916234033966,0.0009527003593769734,0.0012530708163789595,0.0014987302570999839,0.0011530346315319628,0.0013444546557359605,0.001259085443943958,0.0014294376729209746,0.0014908404108089635,0.0013931695517859777,0.0014941883193069772,0.001652500183053962,0.0017572932139149622,0.001923372926765976,0.0019912316898379745,0.0019810656309329766,0.0020613155522439808,0.002060148419022967,0.002052509505209965,0.0022257258386949585,0.0025744690923219793,0.0011956295190839739,0.007843182763841966,0.011329644040497966,0.011322236459480967
1404,-0.0025497266691303644,-0.0023349239233273755,-0.0020926610683383584,-0.002143294371628357,-0.0022887275885973557,0.0006648410427076423,0.0010666540851706485,0.001359232117417647,0.001592056404971648,0.0012475343394656446,0.001454836136989629,0.0013764649587066358,0.0015395365286256235,0.0016070255788856458,0.001514357177329645,0.0016270458066976468,0.0018162923418066357,0.0019149225305466477,0.002048086512635633,0.002145273382773649,0.002125865532890625,0.002206513986100639,0.0022116380626666376,0.002210502202420639,0.0023889915100976378,0.002732577331752639,0.0012452305343106373,0.007908748102683633,0.011419346940989644,0.011409333621021645
1402,-0.002610328708501669,-0.002404417090395683,-0.0021510560837086634,-0.00215481139344767,-0.0022807115496526753,0.0008032256998803389,0.0011866543883663205,0.001478046956711332,0.0017051332442163392,0.0013750880991873216,0.001604152217749344,0.0015434807957543373,0.0017059565932103227,0.001779644238488337,0.0016942668153063223,0.0018272304404373385,0.00204455545189533,0.002141565332180323,0.002247295347652334,0.0023736100975973173,0.002348987722303325,0.0024244723415133285,0.0024447571411103375,0.0024534993422413442,0.0026375794413103226,0.0029131838683483235,0.0014186242997823173,0.008082762404318322,0.011610088454981321,0.011601324825706333
1400,-0.0027828609245775238,-0.0025496926227835393,-0.0022625345209415226,-0.002198162099286527,-0.0022853362253075216,0.0010075517994424799,0.0013905304790424733,0.0016900119917824807,0.0019275835865864843,0.0016168162408284614,0.0018777123134694762,0.0018438251832124664,0.0020181552831574634,0.0021078620002244752,0.002037689870280468,0.0022013848966404848,0.00245604550651346,0.002554273564692483,0.0026466125460474776,0.0028052553563794602,0.0027862124874204752,0.0028561326469014603,0.002903407480059461,0.0029257816882534704,0.0031264837804924617,0.0033187297482374645,0.001891037974435461,0.008552726395846477,0.01208658985116548,0.012078586392896468
1398,-0.002985109169618194,-0.0027208303016821866,-0.0023860370843221956,-0.0022398588870561897,-0.0022858956404171737,0.0012670190920038293,0.0016570174338158272,0.0019675771203128134,0.002223904391800813,0.0019206762335388095,0.0022132247318488174,0.002207631110121816,0.002397699252299823,0.002505939244101807,0.002455570465590806,0.0026523320963648123,0.002953169780570808,0.0030513524809738235,0.0031439102676638075,0.0033282470508748108,0.0033268923492448255,0.003394803154108811,0.0034699474481578174,0.003506338005384829,0.00373051302934882,0.0038798092520178074,0.002502552256264806,0.009116630957857808,0.012628983528002818,0.012617731083095829
1396,-0.0030138249679139972,-0.002772849006237005,-0.0024277876711309987,-0.002223853964802014,-0.002248078830059008,0.0014125815063600056,0.0017939942653399932,0.0021012092993829834,0.0023651639752400033,0.002061062281007997,0.002364321153557003,0.002376125692109987,0.002567644668150987,0.0026792023235059914,0.002641933484398007,0.0028555686957930093,0.0031874936973440016,0.0032793313665619994,0.003368497116611996,0.0035635725937129825,0.003582051457690999,0.0036452110024690065,0.003732671076232985,0.0037794918466370064,0.004015797790829001,0.004167110527955986,0.0027640276658310037,0.009247853082058,0.012700464647476983,0.012686394440142995
1394,-0.0028404291804861315,-0.0026735751796031493,-0.0023738414209261427,-0.002155635205759149,-0.0021793747456081425,0.0013274666881178676,0.0016753841466068675,0.0019567364258158693,0.0022096263373448666,0.0019254124109448767,0.0022153447980828578,0.0022323038726008715,0.002409175515172862,0.002507927696221851,0.002473274910619855,0.0026822491915368674,0.003014731657639852,0.003098118052823867,0.003167878205034863,0.0033647261462218525,0.0033930557329658606,0.0034433516123738572,0.0035276870936878646,0.0035821119110138744,0.0038144997486648513,0.003972982046425849,0.0025028239721898715,0.008847244811594851,0.01223862880985685,0.012222855732382853
1392,-0.002666799769035999,-0.0025607811218610055,-0.0023154591240980016,-0.0021007525036070007,-0.0021306381354279924,0.0011276522523019916,0.0014358775147040037,0.0016825329217159957,0.0019173264539190105,0.0016859807542350114,0.001960386945364989,0.001983103391706015,0.0021462938470210025,0.002233577780824003,0.002201211039407014,0.00240165046000701,0.0027229736499070067,0.002805525344851012,0.00285067198834299,0.0030498723084889934,0.003079512207006002,0.0031168623314100086,0.0031978034353830065,0.0032617265948509944,0.003489696553085009,0.003654496172068006,0.002129673972495999,0.008428822906207,0.011799531916954015,0.01177443065403
1390,-0.0026196186550861145,-0.0025301349378711313,-0.0023099230963481154,-0.0020934329806671093,-0.002130006435584114,0.000967658834937879,0.0012491776531028675,0.0014663894840068747,0.0016875367474938896,0.0015231777486418852,0.0017953582445258687,0.001833662758133875,0.001992189591318888,0.0020779694652858782,0.0020575710571058836,0.002258169486254874,0.002578853560484873,0.002669708328712883,0.002699445855075866,0.0029027181351258813,0.002933673952979887,0.0029672671408998708,0.0030512234587398712,0.00312835741891887,0.0033600063098958854,0.003559362753814882,0.002008568464963889,0.008350168827861881,0.011727774112821887,0.01168311610555689
1388,-0.00264162898758849,-0.0025482612095464874,-0.0023303082250354934,-0.0021138026686065015,-0.0021617064892864857,0.000874276251287498,0.0011431456988965083,0.0013377711200775189,0.0015519880924425022,0.001444045137955513,0.001721396902154504,0.0017819797738465037,0.0019368918290084969,0.002024238544552498,0.002025845132490517,0.0022274719052265135,0.0025575529828905097,0.002657759731336501,0.002683196207104499,0.002889291157222501,0.002924988820168506,0.0029613244309744935,0.003047875509543496,0.003138343518864495,0.003374056376188511,0.0036359755001835192,0.0021080638336685165,0.008492971196812499,0.011859298015493513,0.011795707580063514
1386,-0.002619775755514836,-0.002535884142203848,-0.002322807061726828,-0.002125576471405849,-0.0021905851125608444,0.0007796749455231677,0.00104114483772616,0.0012177554140721525,0.0014286827509661648,0.001354923217905174,0.001628825272372153,0.0017063436952331479,0.0018507839410611682,0.0019339472251291567,0.001958057521951162,0.0021471003229241725,0.00247926170521115,0.002581757611041152,0.0026086793338551684,0.0028135664661291526,0.002855218866489151,0.0028896386419221542,0.0029690431417651597,0.0030672409185821536,0.0032976693815381652,0.00360220588432017,0.002158708822688149,0.008537653293856168,0.011865606691859154,0.01179462854341215
1384,-0.0025415955212833297,-0.002475968713726351,-0.0022756600657203307,-0.0021209341976923257,-0.002204952101800328,0.0006302726460326591,0.000892539521672675,0.0010614903409946752,0.0012709854575536639,0.0012111820665996753,0.0014676933258726543,0.0015473285319876628,0.0016811623181126611,0.0017567424564076672,0.0017924037999846598,0.0019564148921606683,0.0022710143010886696,0.002372575730356652,0.0024075713832506507,0.002603403987946673,0.002650511531706673,0.0026760405989616487,0.0027385145872836636,0.00283646369427365,0.0030553634011736552,0.0033511640829626543,0.0019958749685636545,0.008374132459228661,0.01169254001505765,0.011619110600222665
1382,-0.00247839658056484,-0.0024052958312918427,-0.002207842016614836,-0.0021212028840108532,-0.0022291840061998414,0.0004334825021341526,0.0007269288758521564,0.0009103959271101469,0.0011249977252161536,0.0010565446314941551,0.0012881218852471565,0.001354498380264163,0.0014907299983931421,0.0015629966817711505,0.001594203956555157,0.0017329312984581402,0.0020097890544331642,0.002120735671476165,0.0021818940448151414,0.002354970538139156,0.002406731047553151,0.0024300007509491517,0.0024729312739691645,0.002561526667811148,0.0027717971634131644,0.003045107862661156,0.001700069124734166,0.008147340361556149,0.01152590230146916,0.011441921318682158
1380,-0.002462695139662685,-0.0023316287215186526,-0.002112996163752656,-0.002143164197662639,-0.0022931758101746857,0.00022957210286733698,0.0006116911887493193,0.0008404605354703221,0.0010769871152503385,0.0009568032218363332,0.0011546664965233489,0.0011908551545863344,0.001348114150882318,0.001420966383788358,0.0014275447616303172,0.00154194848436634,0.0017560296065383119,0.0018970448240933635,0.0020183406476813603,0.0021486236585303575,0.0021981969387523392,0.0022425572693843265,0.0022681822481623315,0.0023297155490363264,0.002535607422813335,0.002837903184969348,0.0014292823439273628,0.007977565277597354,0.011441539163805359,0.011343660032771319
1378,-0.002469941301966483,-0.0022285326955194806,-0.001966803860445454,-0.0021862249635244413,-0.002406347464893488,0.0001283215821705208,0.0006697139468355151,0.0009749065729775519,0.001258630150489548,0.0010106579715835062,0.0011529160878595568,0.0011297256077445472,0.001323797223098555,0.001393042747864559,0.001343868874162546,0.0014247490491925419,0.0015399927794395585,0.0017294876792035563,0.001954463128866546,0.0020199296288845314,0.0020457506177885554,0.0021409640784975092,0.002152836383834511,0.00215383405287356,0.0023552474099955423,0.002771191246627558,0.00132736134757655,0.007883666516661558,0.011350994789628532,0.011257850286349513
1376,-0.0024739377045813193,-0.0021038563318253045,-0.0018000221363873026,-0.0022339587277492856,-0.002535117968014311,0.00035984768512370424,0.0010950466799807268,0.0014889222256767032,0.0018341767771257178,0.0013746813281266812,0.0014411766871116893,0.001319308726615731,0.00155212874728472,0.0016103931627516888,0.0014695199887166943,0.0015094256484777246,0.0015059949376807213,0.0017372953454187212,0.0020838449941297243,0.0020787204099176892,0.0020512243457356805,0.002208787142652713,0.0022112697130337033,0.0021198076324256965,0.0023161620354937296,0.0028792796345337157,0.001510216188521707,0.007888029843817701,0.01120804502664069,0.01114689286855769
1374,-0.0024714660488903695,-0.002034392568045329,-0.001726665813621353,-0.002259536469624346,-0.0026025715995303678,0.0010133835439696814,0.0018729801610566366,0.002323822530849673,0.002706316803536668,0.0020339109832306357,0.0020512727372466455,0.0018244388143576762,0.002070980884756657,0.0021223444019296545,0.0018885216090356316,0.001908094572593666,0.0018354993121996732,0.002064241816707668,0.002472475368167637,0.0024315687813736275,0.002347928236952679,0.002535993791706659,0.0025345112106026635,0.0023687485017036547,0.0025636150675336644,0.003178774245713667,0.0018930950641606326,0.008007360525764673,0.011131371562488668,0.011094632499711654
1372,-0.0024617083357821867,-0.002067542793656174,-0.0018006490744081893,-0.002253964916993201,-0.0025737736356691854,0.0017156941044588203,0.0025609132497048104,0.0030101202235198188,0.0033835728389178255,0.0026184258139507754,0.002655348281284775,0.002381862532283785,0.0026051283823688154,0.0026625945468278234,0.0023887690799387906,0.002424563557789805,0.002378510617913776,0.0025597669372027787,0.0029264256252538035,0.002906844483243798,0.002803210400098788,0.002970896823257796,0.0029721229061338006,0.00280111405041078,0.0029975853918958184,0.003535780246614828,0.0021961474593177877,0.008165056116534786,0.0112079625744258,0.011157638756508825
1370,-0.002459375618781484,-0.0021715273330704943,-0.0019531750549015015,-0.0022387016928464842,-0.0024960741036904877,0.0020829230015065037,0.0028203257675915028,0.003231801328241496,0.0035714950328805117,0.002852785685855508,0.0029564055265025035,0.0027109309471995136,0.0028957016039294903,0.0029652303964255167,0.0027111125571984973,0.0027815025466065013,0.0028210570927565126,0.0029475173422875145,0.0032203474323574954,0.0032557381147015063,0.0031684734397325054,0.0032921032393194993,0.003304163848418501,0.003182080287715494,0.0033815611500835063,0.003824651288885511,0.002340811937356496,0.008320685035626496,0.011398293865428483,0.01131885380329048
1368,-0.0024998366269114725,-0.002312584953714475,-0.0021178127951484715,-0.002234758237381479,-0.002420029529013462,0.002112948137430515,0.002725115577387527,0.003096861556611513,0.0034039660718335196,0.00280970838832853,0.0029876293325835357,0.0028138671045865316,0.002970899688189532,0.003052003754452526,0.0028488943282965196,0.0029566545160025215,0.0030911692410355296,0.0031825306065705328,0.0033720414978235247,0.003465369393429535,0.0034107683909455344,0.0034960123630495277,0.0035261257301575366,0.003467472919369524,0.003675010660518535,0.004083939414240512,0.0024621327057475217,0.008533322889999528,0.011682017036420522,0.011585022142169527
1366,-0.0025925857625244964,-0.002466585594615517,-0.0022654016112134967,-0.002241354091967518,-0.0023582718842355133,0.0019767157670405044,0.0024908967639764856,0.002836368111602483,0.0031222845329604842,0.002670520899891504,0.002910400984534489,0.002819087706257495,0.0029680338157334896,0.003060866658218503,0.002916129824283492,0.0030625169158444987,0.003280168232909497,0.00336102650360548,0.0034995928300914914,0.0036390320448144997,0.0036219387252744983,0.003685424588025482,0.0037349253785095016,0.003733340717649497,0.003956132033851506,0.004368440334483498,0.002637399074503499,0.008814021829382485,0.012025705139382503,0.011924198944556486
1364,-0.002686448842770528,-0.002585989918431536,-0.0023663385228105127,-0.0022370579513325273,-0.0022979369321165233,0.0018076885447664837,0.0022646950583054826,0.0025933118044394743,0.002869337228366464,0.002538313042229484,0.0028203797354214855,0.0027987946954254606,0.0029518306041614872,0.0030566410287324874,0.0029636278130654725,0.003147550092584467,0.0034295054168574646,0.003515245735157463,0.0036259287061214673,0.0037954798325924854,0.0038149421567574837,0.0038715316054264703,0.003931780484090486,0.003975696006627477,0.004214592841426473,0.004592025122413468,0.002784239794499488,0.009029117459884467,0.012276892914476478,0.01217377216746146
1362,-0.002703728759328977,-0.0026185153217119783,-0.0023935761002309847,-0.0021999626273319778,-0.0022258483340349827,0.0016510512549120088,0.0020799863466220286,0.002389206841639027,0.0026597615959990245,0.002407417122401015,0.0027096034479120318,0.002729403560739016,0.0028844187860400244,0.0029966659938450296,0.002938044459163028,0.0031487459250150313,0.003470480007534013,0.0035594513242540177,0.0036469759702020127,0.003830592587848028,0.003876784544930026,0.003932241615827017,0.003988735256472017,0.004063921764275016,0.004309016405065022,0.0045823321054250105,0.002757566575977019,0.009002258658762016,0.012247800035748033,0.012141631142639012
1360,-0.0026356793425563463,-0.0025740173316463333,-0.002364332207344347,-0.0021365784570733376,-0.0021493643185583333,0.0015136021737416627,0.0019215074036366547,0.002207002631624655,0.002467985884613666,0.0022545121220986647,0.0025601811150936654,0.002591421349138659,0.002740120037917654,0.0028517829524226657,0.0028045442458606573,0.0030254553050296645,0.0033620809295776544,0.003441627348472656,0.0035044961079256642,0.0036889719781596636,0.0037453198844306645,0.0037958668330366624,0.003841368968095657,0.003929286337402665,0.004169123121558663,0.004337980301385658,0.002556433967202662,0.008752858462283658,0.011966272831720665,0.011859971657178656
1358,-0.0025503381444956646,-0.002517008245420657,-0.0023291075180536663,-0.0020755647068246563,-0.002087746315630662,0.0014417171984663357,0.0018275357561003402,0.002094710012320339,0.002341183016404347,0.00214074333412434,0.0024425758018513377,0.0024676435698473415,0.002606249185648335,0.0027129539470113345,0.002658242682850337,0.0028775240225843435,0.0032125509207853453,0.0032742704655573385,0.003317056778302338,0.003494953074834342,0.0035490038520623463,0.0035880126630403464,0.0036272550001893444,0.003708821825502334,0.003940383146700338,0.004072692452459337,0.002341037997094342,0.008486113149831345,0.011661796682649342,0.011559764930425334
1356,-0.002500648434364691,-0.002491288367869285,-0.0023180795076411798,-0.002038026718833283,-0.0020526250383593875,0.0015082698439318198,0.0018768340088556185,0.002135706558045708,0.0023699741333574192,0.002167771176327618,0.0024631437182964094,0.0024780729033057197,0.0026066386779487194,0.0027092707254921106,0.0026388656515198144,0.0028496237274960173,0.00317686763827682,0.0032210719668128163,0.0032503556534808076,0.00342184457351781,0.0034699151855968197,0.003493515920731813,0.0035340101407228125,0.003597339944274816,0.0038224700445128185,0.003960779996324812,0.002245899679360411,0.008353486930508816,0.011499934825684816,0.011400668067067812
1354,-0.002490477264322194,-0.0024988330146558935,-0.002329688881236802,-0.0020287407921519007,-0.0020452594268225016,0.0017187056737845985,0.002078697540525601,0.002333822353517298,0.002564851360631004,0.0023552797263246966,0.0026431035282025034,0.0026510185462668007,0.0027698587777729017,0.002870574689330996,0.0027873192851419065,0.0029838296118583074,0.003304994718886206,0.0033345677387360967,0.0033517525416212057,0.0035244018577603037,0.003566941714607308,0.0035757604755081995,0.0036198470073227074,0.003665762873972106,0.0038845381654946942,0.004009146764431301,0.0022898389556336024,0.008371207614699505,0.0114969914262293,0.011392999379189306
1352,-0.0024983492760406456,-0.002520148477083345,-0.002347984866031938,-0.0020368532987333487,-0.002056305256697949,0.00194960382066596,0.002306227872019062,0.0025559678180164525,0.0027913321394404528,0.0025780348438580597,0.0028611645293772636,0.0028650939679550624,0.0029761102293302533,0.0030755062857370508,0.0029883041183178527,0.0031693114454775517,0.0034901531755753556,0.0035060039123325504,0.0035087571444519516,0.0036932215546292557,0.0037296372915799625,0.003727935064397059,0.0037736875940127534,0.0038133307824772533,0.004024618312051059,0.004106653974679256,0.002387455944693556,0.00846253322188635,0.011575323220563663,0.011459641174587254
1350,-0.0025005027885545705,-0.0025328717166869658,-0.002357394305331967,-0.002039793850282162,-0.00206584722010697,0.0020323063028476335,0.0023859503183013275,0.002629128361175334,0.0028685548796299337,0.002658221542668232,0.0029443266068698293,0.002944216641325534,0.0030518512264199327,0.003149353366396726,0.0030650127566605317,0.003237918308140436,0.003561811675746235,0.0035648489513088327,0.003552322846406636,0.003755251930198933,0.003784016590696937,0.003775965887282934,0.003822514304135133,0.003866230700365833,0.004071359687733436,0.0041250089404606255,0.0024091026178930247,0.008514046085372026,0.011624171648673826,0.011496409880962635
1348,-0.002493231839695964,-0.0025328941155369628,-0.0023561244490360733,-0.0020236357282837625,-0.0020583115571577715,0.0019272406935620379,0.0022771323053404346,0.0025166190774940367,0.002755780430800228,0.0025522137080699336,0.0028491970433878328,0.0028468283214968387,0.002955067269577838,0.0030503738559059385,0.0029708122261928316,0.0031470970166807277,0.0034717950998841285,0.003467384498400533,0.0034413708870086324,0.0036620408629505358,0.0036848814986655265,0.0036721501310172378,0.0037215115894462386,0.003771211284710238,0.003973904788277027,0.004031056090882626,0.002310236497605034,0.008479633938149433,0.011597797093878134,0.011464197689710534
1346,-0.0025125128736282476,-0.002550922309940251,-0.0023647395448325587,-0.00200332452838925,-0.00204107576936835,0.001763159570025541,0.0021099614826710494,0.0023515250117817493,0.0025911770099940473,0.0023998814916002392,0.002712667336076946,0.0027185113520664522,0.0028305349604954427,0.0029248016154764522,0.0028523998393477495,0.0030405705487229484,0.0033641984440952455,0.00336329087538674,0.003327974518756341,0.003561014649727648,0.00358515817988124,0.003570787073271242,0.0036253380130001484,0.0036796444275170453,0.0038847065221352395,0.003948353994496043,0.002225766541945451,0.00847118846605284,0.011603792541151542,0.011472575026158643
1344,-0.002610826322434423,-0.002629689638705024,-0.0024107915592868207,-0.0020101629708350194,-0.002038127044602017,0.001690123167828475,0.002036894073645684,0.002288594611491779,0.002536919679026972,0.002371829464355782,0.002704335804795982,0.0027356300862896726,0.002858164620182277,0.002955054706569482,0.0028965760874789803,0.0031021526560585794,0.003430632170613776,0.003446772089599273,0.0034108413888070815,0.0036506186512302724,0.0036853758419798793,0.0036785981593370765,0.0037395123357874815,0.0038018382544656726,0.00401653392710738,0.004074512913325085,0.0023750812838485846,0.008677220192084681,0.011822959822274381,0.011699597535863276
1342,-0.002784339361594057,-0.002763826477675757,-0.002491674464604257,-0.002053723756412759,-0.002060324639040753,0.0017329287527766413,0.002084632707760839,0.0023541345201807395,0.002618995175493438,0.002497029212509036,0.0028516412259661367,0.00292056221139074,0.003062851033164435,0.0031672842634646453,0.0031287004482165454,0.003355533760968546,0.003698716420588846,0.003741840189347534,0.0037167734909662464,0.003959483360839136,0.00400893888707024,0.004020481930063546,0.004088145933118639,0.004164597231969436,0.004397356317039136,0.004461919967010744,0.0028176461041188455,0.009124030625809146,0.012268586555451141,0.012153888699327542
1340,-0.0029248466030828563,-0.002867070822257345,-0.0025551633647311472,-0.002101111632561256,-0.0020865998343424508,0.0017894337758680434,0.0021477845621818564,0.0024323271671010532,0.002710141921120443,0.002634705367956555,0.003003643541647047,0.0031040864872172447,0.003265653972840954,0.0033777893662919473,0.003354623807201154,0.0035980935097074535,0.003955708321871351,0.004022403061809746,0.004011700513320046,0.004254758975646852,0.0043120212016001525,0.004340034880880347,0.004412517241279654,0.004501999200781745,0.0047526796282069544,0.004849379369803952,0.003285795770543651,0.00952567982318235,0.012643610213033549,0.012534792256975055
1338,-0.0029030409277031113,-0.0028441094948702117,-0.002543962001520114,-0.0021081310767316133,-0.00208625667810821,0.0017555760802400872,0.002112464548160886,0.0023926889163095877,0.002665978031952787,0.0026180747062210935,0.0029791673655781836,0.0030857631538802888,0.003248107793499294,0.003358080780194686,0.0033348934850947892,0.0035760503075952937,0.0039319954248067945,0.004000791810717788,0.003991432730802491,0.004232057847913695,0.004283468758767686,0.004308075122240684,0.0043782028986098925,0.004469669080305189,0.004721862953403683,0.004841718477807386,0.003364660172695183,0.009509618233962389,0.012592432107743995,0.012485500178933281
1336,-0.0027401919699365646,-0.0027194265684750626,-0.002473650360509061,-0.0020781734730028617,-0.002063687908020563,0.0016428523112324359,0.00198551985748064,0.002241868731133939,0.0024935997361178394,0.0024488803264526363,0.0027820753136458334,0.002870108465404732,0.003012928197495733,0.003108118603895031,0.0030733824717979405,0.003292423312732641,0.0036313647528117346,0.0036788344114023416,0.00365338807906284,0.0038893741694920395,0.0039290785854813395,0.003931602786666731,0.00399000514480264,0.004074276422828142,0.004308798394152942,0.0044161626470815354,0.0029941872246034354,0.009101729936467039,0.012184271493615735,0.012075130279944134
1334,-0.002579132932355538,-0.0026028773018434426,-0.002410369190841838,-0.0020527561876200404,-0.002050196148732239,0.0015274517357371578,0.001851875532747363,0.0020843678130322563,0.0023125917876252594,0.0022639984342985586,0.00256877280404786,0.002633402881729162,0.002754556523838457,0.002832707270977161,0.0027891962193986597,0.0029827492260561597,0.003305458705066558,0.00332766179341136,0.003282497006191862,0.0035151259600461615,0.0035504402047688566,0.003531957371711858,0.003574727689955058,0.0036529546508469596,0.0038675496690802613,0.0039557750358900565,0.002536253475337258,0.008681773753148159,0.011811255353566363,0.011695331761393063
1332,-0.0024966603815283206,-0.0025462876973492213,-0.002384152646444919,-0.0020513856907506192,-0.0020575669392440196,0.0014422526931088808,0.0017555483549612783,0.0019781739402523826,0.0021939054779913786,0.0021506372881630806,0.002440614795521878,0.0024944814632539836,0.002603909005417779,0.0026744125532532845,0.0026318006671178784,0.0028089398590046832,0.0031247837050993807,0.003135746229589384,0.00307906270056868,0.0033139722155192813,0.003354626541265379,0.003327956365130079,0.0033589411347309805,0.0034364791437624803,0.0036430375902883824,0.0037363133426579834,0.0022930190790997826,0.008479671245373986,0.011662066896652674,0.011536053355317079
1330,-0.002466437117637485,-0.0025251262038730876,-0.002379286325686382,-0.002060444168321185,-0.0020706939150800865,0.0013794055399579189,0.001691878715215013,0.0019154874569412145,0.002132705139100216,0.002105856904238812,0.002395052461828917,0.0024554127331414127,0.002558656020032017,0.0026339905581170137,0.0025973416862025145,0.002766841950547917,0.003080451479829417,0.003095376035880018,0.0030347412707563137,0.003278567869531117,0.003325944386845317,0.0032993598674109156,0.0033267227028465143,0.0034061509433412143,0.003614356466962218,0.003726336435650214,0.002276173900884512,0.008443785616163213,0.01163540597705031,0.011501987730598219
1328,-0.0024493263260054673,-0.00251162946129517,-0.0023788035540314653,-0.00206351397660727,-0.0020736122566790693,0.0013342886979963303,0.00165302240580803,0.0018790813100377293,0.0021071208208606335,0.0021004335359049303,0.002397382630941129,0.0024748392045576342,0.0025701083643161343,0.0026571729168876346,0.0026231721466315333,0.0027900601011781323,0.0030991656411842317,0.003122480047480329,0.0030598220214823335,0.0033148055610013327,0.003362630752061932,0.0033358340313728307,0.0033671498801563296,0.0034493504386516327,0.0036578646289112324,0.0037801106927819322,0.002334146726110334,0.00845188430630283,0.011607599186002633,0.011476885574618435
1326,-0.002455140223773071,-0.0025164953782816704,-0.0023887277969112664,-0.0020637023731310683,-0.002068701528150571,0.0013117754973059337,0.001641470236294032,0.0018697887546948316,0.00211210541027973,0.0021245695573758328,0.002434436042447731,0.0025300391242882303,0.0026195817335262356,0.0027176835013005343,0.0026796721547986332,0.002850299915671435,0.003153281666738929,0.003182309803388933,0.003118762786028434,0.003381670813754331,0.00342628385974883,0.00339863270687793,0.0034377382246283325,0.0035259064913450294,0.0037292463140819326,0.003858869256968829,0.002368910853928534,0.008488649688514135,0.011611030666705234,0.011492767300247633
1324,-0.002508700969808625,-0.0025569555683224235,-0.0024183634909693205,-0.0020729500502082235,-0.0020662508651801206,0.0013106944843853802,0.0016571119180530808,0.0018922018515465794,0.0021501591258771754,0.0021836176889876782,0.0025099190716623768,0.0026219641505389746,0.0027176929026988747,0.0028233106425191792,0.002776884672455876,0.0029601683323160766,0.003260670372691378,0.0032964888946248744,0.0032368677696798798,0.0035036752469630797,0.0035499460948785755,0.0035257957421848743,0.003573205194770279,0.003671513392796276,0.003871127263649375,0.004017793952760876,0.0024162884214798744,0.008605884580396475,0.01172834109935858,0.011623220944488678
1322,-0.0025964097603908137,-0.0026190057782070134,-0.0024583885711262146,-0.002091759143850118,-0.0020668012586535153,0.0013213490908775827,0.0016902853159158834,0.0019371208800616838,0.002211745083825288,0.002270646627911585,0.002612922414204584,0.0027423933121168836,0.002855799744108087,0.0029670833405281843,0.0029096078408368878,0.003110823407279688,0.003413908532924184,0.0034623667107580858,0.003412586010460787,0.0036810404103966854,0.0037369974621203825,0.0037208313133689844,0.0037753652660125828,0.0038836568268743876,0.004088234429170785,0.004245568325923488,0.0025377357811989867,0.008793974698865586,0.011930200442936086,0.011832364512227682
1320,-0.002675696985668316,-0.00267122080403262,-0.002489750776546021,-0.002108566729851019,-0.0020634318315298217,0.001327229586221182,0.001721008167078479,0.0019800469550851837,0.0022697035994609788,0.0023527789019884837,0.00270600421650518,0.002852823924885478,0.00298289417872908,0.00310042248673828,0.0030285663530631793,0.003244639926287679,0.0035507781394188836,0.0036144395533355828,0.0035760850301827796,0.0038432385394272794,0.003912000662808078,0.0039028947600114813,0.003962413232174181,0.004074489959354478,0.00429159268734218,0.004433701878873583,0.0027081958194249828,0.008965895738616378,0.012101275741395183,0.012008667127627784
1318,-0.002720004420559953,-0.002698899752240254,-0.002503327424856254,-0.002112767791668753,-0.002053590605815954,0.0013073712806867463,0.0017250457291872467,0.0019950435596348473,0.0022946557351525496,0.0023917413245056474,0.0027510093897482463,0.002908311055720647,0.0030434708360208493,0.0031684900056421494,0.003079415118355952,0.0033016905928573495,0.003605144095780652,0.0036795419930168508,0.0036475348270545507,0.00390913958064195,0.003987740282836952,0.003981355596474348,0.00404368663508025,0.004151958968988949,0.004381936632529747,0.004506119247831147,0.002834846854705246,0.009043451511810546,0.012171010507945848,0.012088589995141147
1316,-0.002730947430181964,-0.002706377427799167,-0.002500750485043869,-0.0021024667005801675,-0.002040224084430768,0.0012599659861515372,0.001700447504581433,0.0019820875177021316,0.0022867358652041356,0.0023878944384155346,0.002751699000712933,0.0029091194982007323,0.0030397618669148335,0.0031713788490025374,0.003065604999703833,0.003284838878879537,0.0035772652193175325,0.003655067036719334,0.0036201372259991316,0.003875526048086733,0.0039596565866152345,0.0039527056102237335,0.004016917646653337,0.0041180043693611335,0.004355470898830031,0.004498917257120934,0.0028621202122726327,0.009015853617142036,0.012151871761606835,0.012080766128035936
1314,-0.002714735460609005,-0.0026955720013548054,-0.002483210937270608,-0.0020824049689492086,-0.002025614757172202,0.0012246313689418947,0.0016872388249996942,0.001980261043907597,0.0022881114738777936,0.0023928662345815976,0.0027602315939139963,0.0029127933384762925,0.0030373516874668965,0.003171183407595493,0.0030520101058787927,0.0032601223681923974,0.0035353405702167953,0.003609588336364697,0.003563900337554396,0.0038186935158053964,0.0039053602890287975,0.0038955068599602974,0.003961481421881095,0.004057277582967998,0.004295784564884095,0.004486848849671897,0.0028105723989767933,0.008916456048990794,0.012073561289864698,0.012001538125355794
1312,-0.0026755072232180835,-0.002664896284358384,-0.002452359611237083,-0.002060823210392179,-0.002011806013319281,0.0012487657804976168,0.0017317692061891224,0.0020325864043405223,0.002343547446876121,0.0024582292442871176,0.0028260004531509217,0.002976663365147618,0.0030977287891848157,0.0032286123288569196,0.0030989362688085206,0.0032912821530682174,0.0035474250300832205,0.003612491899704917,0.0035550825422186183,0.0038160024750704194,0.003902688257197022,0.0038878431519914214,0.003954234768344021,0.004049596376514822,0.0042850998304397175,0.0045046841599819185,0.0027157196694895178,0.00878426741371062,0.01195503990068552,0.011865392342525018
1310,-0.002625203857743147,-0.002622403424122049,-0.0024166728540008474,-0.002045647857792647,-0.002002998039288051,0.001318541186787349,0.001818825507286355,0.0021241582885487484,0.0024369382149126498,0.0025661671610676534,0.002931044194147553,0.0030848584269225487,0.003204763409617749,0.003331119074361455,0.0031926177988510496,0.003371510197639052,0.0036095562176960486,0.00366533993549005,0.0036015170567246513,0.003870028841535249,0.003954795177110351,0.003935850448239853,0.0039995418986006545,0.004099036799301854,0.004331524749576751,0.004547441941679255,0.002576934786460254,0.00864438160612805,0.011822344533462752,0.011712926032946755
1308,-0.0025786162014343646,-0.002583542811728564,-0.002387955867992366,-0.002039375259028465,-0.002001939878957866,0.0013573646404815357,0.0018694968821061364,0.002178211221528434,0.0024892634458716367,0.0026337944785112324,0.0029944350310425333,0.0031530526921848337,0.0032732438055901314,0.003396900900180036,0.0032526084415305315,0.0034256667473051353,0.0036473903466859373,0.003702089738623536,0.003635852111463035,0.003908880293327234,0.0039919835644195364,0.003973467677772832,0.004032113264510834,0.004137231650006734,0.004369254037198934,0.004587615411645034,0.002389923748553534,0.008506831469735833,0.011703860439027033,0.011591430019141633
1306,-0.002545460801478213,-0.0025612410732787118,-0.002375411650229014,-0.002039405067395611,-0.0020066821927037133,0.001312982699363089,0.0018270939437292875,0.0021357260791754866,0.0024408461720297862,0.0026011433789517903,0.0029572598450977906,0.00311945211118159,0.0032407940124911903,0.0033625218909066855,0.003218130705400484,0.0033919754008351864,0.0036014630374777874,0.0036650660760807856,0.0035945110351686856,0.0038689129653721906,0.003953258871930491,0.003938373304136985,0.003993393444140087,0.004102292171068587,0.004335001845279584,0.004588034578590788,0.0022076593901502843,0.008395528313512087,0.011624779701927688,0.011528200785085287
1304,-0.0025352193102700024,-0.002563031258470204,-0.002383014925792404,-0.0020422651100575027,-0.0020125721036423037,0.0012188687018035958,0.001722410905719396,0.0020236957108596965,0.002321329105316298,0.0024975672380213934,0.002849931491411495,0.0030146298373630934,0.0031371667415102944,0.0032552877247899945,0.0031161494330570957,0.0032935688669379973,0.003499859217973793,0.003574768241340995,0.0034975393160296964,0.003771358823564497,0.003861249908764297,0.003847888348030598,0.003904061045474895,0.004014631666261294,0.004245895370078093,0.004537415310936897,0.002121295573077695,0.008361177926406595,0.011613657669199494,0.011536102708232396
1302,-0.0025535187887531993,-0.002585741952627698,-0.0024037006708715995,-0.002043576382928,-0.0020143007427647977,0.0011438217793580015,0.0016280682695599992,0.0019179040298289013,0.0022112678115065003,0.0023990143813594003,0.0027514957852018997,0.002918839779383099,0.003042122884492699,0.0031565380431012,0.003024243304438099,0.0032068393358817004,0.003420938703241401,0.003503354106599601,0.003423510343467301,0.0036952990432702996,0.0037944955838415013,0.0037782785728659,0.0038394848869249994,0.003952550880513803,0.004179762767831604,0.004469211042729699,0.002158008645989199,0.008420200039167703,0.011669938093086304,0.011600838537945298
1300,-0.002585543576525868,-0.0026099134911644686,-0.002418333186588368,-0.0020368796859632707,-0.0020069003214223703,0.001103107043685131,0.0015664608247878305,0.0018484677317605301,0.00214299195162463,0.0023325231241721305,0.002690900295060132,0.0028612473594763314,0.0029848144691711313,0.00309906078878203,0.00297267306539813,0.003162491667266929,0.003390051772890531,0.00347975132837023,0.0034041987645012303,0.0036743425450772305,0.0037840152675043294,0.0037633320002766306,0.00382896687317073,0.00394738055716513,0.0041709309115901295,0.004414170328116831,0.00224062026909793,0.008498303756144729,0.011725337819893628,0.011657570261664328
1298,-0.0026021772521972013,-0.002614452475649301,-0.0024131319594960024,-0.0020208272587316015,-0.001991619891935602,0.0010649857280531985,0.0015099756358510977,0.0017893169844299985,0.002087162742669596,0.0022685771050686976,0.0026350164155938965,0.0028075564330587964,0.002930754581470296,0.003047647475446197,0.0029271336782859987,0.0031245341497327973,0.003363499022077398,0.003465390135447697,0.003395198273603097,0.003666290279125097,0.003783836884915199,0.003759665637424796,0.003825834934973897,0.003950612604378997,0.004173408274831498,0.0043592526177973975,0.002287579870083798,0.0085021944228303,0.0117037206870764,0.011642208838009694
1296,-0.0025961331879643286,-0.0026043015720224293,-0.0024005522675465303,-0.002008074894270427,-0.0019820460739881293,0.0010299016092680698,0.001460254714276573,0.0017364550859650697,0.002034827912099073,0.0022027592324737715,0.0025731386748819723,0.00274487357994007,0.00286728832150257,0.0029850901292227706,0.0028712151333093704,0.003074026462154371,0.003320152795002071,0.003434790250682572,0.0033652268055485712,0.003638165263703471,0.0037584768596069726,0.003731737513982772,0.00379554342410357,0.00392416482081857,0.004148980054211871,0.00429219986607637,0.002318916603780672,0.00845186293118267,0.011639548618105969,0.011591107995791869
1294,-0.0025962752572877036,-0.002610039558519805,-0.0024099928137372023,-0.002016786081252102,-0.001994065909340405,0.0010469951535160976,0.0014673064436998978,0.001737361715475897,0.0020332688646742952,0.002186358117570897,0.0025550497576188984,0.0027211722967988954,0.0028437690692117955,0.0029597499377291975,0.0028512138536175985,0.0030572086332981974,0.0033097338426919982,0.003428532996362397,0.0033567133163414954,0.0036287856996623964,0.0037470918192771957,0.003719246408954796,0.0037810307136313982,0.003909642535758796,0.004138087810037997,0.004254029030907096,0.0024171461946443963,0.008473309258225196,0.011667223245037498,0.0116271596201372
1292,-0.002628326449402932,-0.002648949850673231,-0.0024511985449310325,-0.00204837316757233,-0.0020240832002947316,0.0011438703734714672,0.0015575491316550671,0.0018231889239338668,0.0021177783193622665,0.00225347002238957,0.0026194046685796696,0.0027748597287182673,0.0028991703313640677,0.003014954507986868,0.0029077949043666666,0.0031157079958533673,0.0033762015698844683,0.0034885063983991667,0.003414909282370069,0.0036862011180994678,0.0037984869576208682,0.0037728565464615685,0.003834496798869269,0.003960163567375868,0.004192751341907667,0.004291527289963869,0.00259524387970057,0.008628873309373869,0.011846475335853868,0.011800931212874267
1290,-0.0026769038934918027,-0.002700088925128203,-0.0024990738972282024,-0.0020812392943499007,-0.002046125712392901,0.0012917363781370962,0.0016980665653280984,0.0019650235594007963,0.0022609018925030984,0.002368247756909598,0.0027346354872426967,0.002873751419473599,0.0029991781248150974,0.003118823441633497,0.0030075669502841983,0.0032154704352771978,0.003483194046950997,0.0035824927276259973,0.0035049577622024986,0.0037846827730738976,0.0038851467089544983,0.0038640077948386975,0.003926787769655698,0.004046598283644499,0.004281752441353599,0.0043813854030141965,0.0027563463677833973,0.008821636377373099,0.012062668494974598,0.012003431722591
1288,-0.002705500833727866,-0.0027286095465822655,-0.0025206314435562652,-0.0020911919482914654,-0.0020382714923029652,0.0014628965348813354,0.0018598667619468337,0.0021315513856633335,0.002427536895859835,0.002482732942748235,0.0028522722545225344,0.0029658364487683345,0.003089579279796934,0.0032133587128086345,0.003089640350663836,0.0032954677025938336,0.003565833403456134,0.003647232038762334,0.0035606662316258336,0.003860739257319234,0.003941449034415834,0.003922754262341534,0.003987403759402836,0.004096530015180035,0.004330433631798435,0.004460957071889034,0.002793921604828834,0.008908422830183935,0.012151219313919336,0.012084205264460836
1286,-0.0027040047978064644,-0.0027252186967917646,-0.002509075243503264,-0.002075795603234164,-0.0020091158825966647,0.0016837666169447346,0.0020752144290371345,0.0023514734938437365,0.0026433882628303373,0.002617101747703937,0.002988952630337636,0.0030648822309729366,0.0031857850218712375,0.003309505936319637,0.0031602867363919353,0.0033642280097536358,0.003630705289658736,0.003689195543333936,0.003593936709881035,0.003914840187458437,0.003970161257771734,0.003950962368423735,0.004017649002673537,0.0041098424787981355,0.004339698012162236,0.0045250777291133346,0.0027071958308456344,0.008867154873326837,0.012086020706678337,0.012023210223932337
1284,-0.0026948977344681477,-0.0027086287294807478,-0.002483664422331548,-0.002054299187602247,-0.0019887465908355485,0.0019834195673007534,0.0023799865981877517,0.0026613947509116515,0.002947903731485851,0.0028262033597402526,0.0031968994312486527,0.0032291867602897515,0.003349546646579554,0.0034699242831776524,0.0032822611220520524,0.0034849886129359516,0.0037409425517362527,0.0037774202124777525,0.0036821638724997535,0.004010375386454051,0.004041373028053052,0.004024167668618852,0.004090689915820652,0.0041615312564148525,0.004388593391575954,0.004625673570582351,0.0025974408673363533,0.008798853293775952,0.011985225979585254,0.011930236664718251
1282,-0.002697821532919401,-0.0026974741531789,-0.0024647702647682002,-0.002046812223159701,-0.0019959801673631004,0.002298784634638699,0.0027115805215289,0.0030006864320257978,0.0032854988596868005,0.0030883099372713985,0.0034548502158463,0.0034534259898412,0.0035753136107009986,0.0036927337690560984,0.0034640134388763,0.0036626817670073007,0.0039026125484666,0.003928076875732598,0.0038411688515359987,0.004161619303074198,0.0041762775364901,0.0041677163384222,0.004229407261986699,0.004280308970997798,0.004507701937268399,0.0047686026305418985,0.002564571327103698,0.0087911977228939,0.0119584062915767,0.0119028583413893
1280,-0.0027130726933241155,-0.002698435328091716,-0.002462773417587015,-0.0020599976914995165,-0.002024030692401115,0.0024855329552677836,0.0029230861820618848,0.003221686437377483,0.003510423081438785,0.0032873996465225853,0.0036510885755862837,0.0036399663344199827,0.0037621823843714854,0.003878841605931084,0.0036213492214142856,0.0038125539390275846,0.0040341709331365855,0.004062900862640384,0.003984419097856184,0.004291043792197784,0.004301928036645884,0.004304356958013886,0.0043589915836976835,0.004399480990270186,0.004627816179370085,0.004886277748666585,0.002630791361121286,0.008849884755883886,0.012025655331144084,0.011958309822903485
1278,-0.002738323857367716,-0.0027159991838584165,-0.002483691728265916,-0.0020884112441540165,-0.002054814136833616,0.002461169069772083,0.0029323001623151827,0.0032415016022282837,0.003539458470827884,0.003341544416919884,0.0037100522224281837,0.0037123660695687847,0.003833694543948383,0.003952970605674485,0.003684892384211382,0.0038730985281520847,0.004078486431278885,0.004117316881490385,0.004041563765248784,0.004335681598243683,0.004356308189927683,0.004363773046989984,0.004416869883183383,0.004461616581128985,0.004689501500534684,0.004944723511344484,0.002748412696431484,0.008948593428049585,0.012164463852538084,0.012081240150479683
1276,-0.002779501841240319,-0.002755655136245318,-0.0025304857950463177,-0.002122919081445119,-0.0020785351881790187,0.0023183000092731817,0.002831443800331781,0.0031548644710159834,0.003468000331873982,0.003319966755589883,0.0037035607091448833,0.0037285798451128817,0.003852227842096382,0.003979936610108582,0.0037107886483778822,0.0039083420860949805,0.0041019306752059816,0.004148513678201682,0.004070277402607483,0.004354702869816582,0.00439421821273488,0.004398414125484782,0.004460521252581881,0.004520638888576383,0.004750044847680383,0.005020863321994383,0.002861933553881882,0.009083327298667482,0.01236199344365688,0.012267097042156082
1274,-0.0028377313775663007,-0.002814435746687702,-0.0025966486009108003,-0.0021567725442903016,-0.002096673913577301,0.002254197893319699,0.002810807245190299,0.0031540730470637993,0.003488424377900699,0.0033858123639401994,0.0037893425547638974,0.0038335133202448985,0.0039646700170203,0.004106463251424998,0.0038323836130445006,0.0040475476008955,0.004232901161650598,0.0042820127175774,0.004197579615462499,0.004476556755966797,0.004535248444978797,0.0045329312303848,0.004609878631496598,0.0046852389894013,0.0049236461641114,0.0052205421356679976,0.002949554112442798,0.0092544122606144,0.0126016511717365,0.0125022621830324
1272,-0.0028967491877648476,-0.0028760916472340484,-0.002663554909267349,-0.002185521734936748,-0.0021119786520876482,0.0023950313044278516,0.0029891952688696523,0.003355009612161751,0.003712695426592751,0.0036353922126910517,0.004054271088497452,0.0041090181385945515,0.0042484775564291515,0.00440392642278835,0.004114757222915252,0.004342750691739153,0.004520525964654852,0.004567944419266551,0.004474056893012652,0.004755762912367451,0.00482571958592805,0.004819267778548452,0.004906386498824753,0.004986356617928853,0.005241331490451853,0.005550364246395953,0.0029994833592171515,0.009420837939504252,0.01283168025419115,0.012733896131290652
1270,-0.0029302549243848,-0.0029175278686873005,-0.0027066740989326,-0.0022037260923319993,-0.002121525296842201,0.002703710122175299,0.003334025877081299,0.0037205533740564,0.0040983937874781995,0.0040230838977478,0.0044484165188605,0.0045038598389602995,0.0046476128362185,0.004809964975799899,0.0044971965826332005,0.0047260203501556,0.0048923689078389995,0.0049345561820529,0.004831002857516,0.005124567693581,0.0051960282819932015,0.0051896995938529,0.005277178139630401,0.005349631452153898,0.005621561371077999,0.005915054692547599,0.0029737582179523003,0.009502723558392701,0.012972438074402601,0.0128797082811789
1268,-0.0029193312706017986,-0.0029187221674948985,-0.0027067566431154986,-0.0022045272114212984,-0.0021191022192890985,0.0030557213647313015,0.003734738128089502,0.004140922682561601,0.004535647050724402,0.004443626765020501,0.004870744304527002,0.004916935700505802,0.005062836495255001,0.005226966739250102,0.004884818620421602,0.005107406160812202,0.0052534779266724015,0.005289002833892402,0.005181290590047802,0.0054897594876732025,0.005557482257744401,0.0055552244279785026,0.005638547089269802,0.005698249260802701,0.005979834800996902,0.0062342469296233025,0.002841037130773102,0.0094418802120605,0.012957341288550302,0.0128684395119226
1266,-0.0028643807827575,-0.0028727689996963,-0.0026608592168215995,-0.0021851596689057,-0.0021021066935615,0.0033781683024337004,0.004124628482888399,0.0045554020713219,0.0049690776382766005,0.0048516644967196,0.005281831045137599,0.005312773245977599,0.005463893778684401,0.0056314579113094995,0.0052536956500238,0.0054705884015576,0.005585727104308699,0.005618679545397499,0.0055160625381165,0.005832816809322801,0.005896826342641701,0.005901748054023,0.0059848531605746005,0.0060328159306421,0.0063157373543604005,0.0065177454107563995,0.0026527991889068996,0.009260855472687901,0.012777094013849698,0.0126852753617426
1264,-0.0027905687398118327,-0.002798468232084533,-0.002590189856197033,-0.002153758212775433,-0.0020761067892439327,0.0036847870397095674,0.0045090120652687676,0.004973186201998367,0.005411299163162067,0.005269099451843567,0.005704125648434867,0.005720533969021967,0.0058796314274516676,0.0060538466130335665,0.005632149539278467,0.005844964565042967,0.005921633385961767,0.005961070514045867,0.005872587226719968,0.006184351379966467,0.006246553651312468,0.006259317299609466,0.0063478277160104665,0.006384670781462067,0.006665971918923267,0.006817757894112868,0.002537815820258367,0.009062455677993866,0.012510512582853867,0.012409091830112767
1262,-0.002741245360345583,-0.002740919983241383,-0.0025347972734309837,-0.002128094864960783,-0.002053257349243183,0.004001336650991316,0.004904495465386117,0.005408098101652017,0.005873365090225017,0.005707605680202916,0.006146716577256217,0.0061510118717116175,0.006314831704412417,0.0064939464940641164,0.006018802360181617,0.006226710548479017,0.006260909750530617,0.006315200551343016,0.006246116012289516,0.006541795680897416,0.006602768952505117,0.006620609734094616,0.006714568945835716,0.006737786508780716,0.007020311016518116,0.007152417999938718,0.0025766689986580164,0.008962172646805317,0.012306210512101618,0.012198314831221918
1260,-0.0027488559143256505,-0.0027404253233156506,-0.00252751020767915,-0.002124703511088351,-0.002046079393055251,0.00432054059286025,0.0053067784321019495,0.005850148373823149,0.006341313300643149,0.00614644048410725,0.00658969070792855,0.006578676862215249,0.00674184288738925,0.0069225134015828485,0.006384476619933549,0.00658701388799245,0.00657451693287105,0.00664679051074045,0.00659408286541705,0.006874983031509848,0.00693201390834455,0.006951618165788251,0.007046353339942451,0.007054104042452249,0.00734211529368925,0.007506657242101849,0.0027173757498339494,0.009010435530720451,0.01228811680516775,0.012187574349464051
1258,-0.0028072744887268006,-0.0027961533826124,-0.0025697588740355003,-0.0021502117701813006,-0.0020632134962848,0.0046536596522396,0.0057349315245084995,0.0063162104947327,0.006833279183978998,0.0065970480244623,0.0070483206729066005,0.007013794268041598,0.007176616158773,0.007360904494177598,0.0067512387448259,0.0069499036066281005,0.0068868726820551,0.0069749038419972004,0.006925984913080699,0.007206931259823199,0.007253510997766199,0.0072746628547088,0.007366855753418401,0.007360065516568098,0.0076555131841429,0.0078842207946424,0.0028702441992895997,0.009185410310514801,0.012468830530684599,0.0123866120118408
1256,-0.0028802117027680483,-0.0028701116423566486,-0.0026353596432841485,-0.0022004215266521483,-0.002107535664852748,0.005070932236793651,0.006259459477967551,0.006879230212034753,0.007427240465596252,0.00713049576866155,0.00759442621805125,0.007528073781770653,0.007696226296057153,0.00788985213664285,0.0072005352525341525,0.007396570974961351,0.007284720173247451,0.007381615006008953,0.007323092182362953,0.0076199383682312525,0.007648128000502552,0.0076728578375114525,0.007763377792775151,0.007741076861283851,0.00804355440583465,0.008314245761116551,0.003024582848219751,0.00943515630235415,0.01276221877594595,0.012693640179913751
1254,-0.0029346868788409485,-0.0029239572494248484,-0.002693097951922149,-0.002260996783090749,-0.0021715664744233485,0.005634014313290152,0.006935099509338953,0.007596905889644151,0.008183009687210252,0.007797901579139052,0.008275536218996751,0.00816875931813445,0.00834579688861705,0.008551247782424852,0.007774997383554052,0.00796794726331795,0.007813582737683351,0.007907931000158453,0.00783750111723935,0.008153826179254052,0.00815808607699045,0.00818690625919815,0.00827856881509725,0.008233315011472252,0.00854196283180525,0.00880105266344755,0.0032014181383526515,0.00969246179890135,0.01305445180958965,0.012984305337702052
1252,-0.0029627001499444834,-0.0029462527614713832,-0.002725945004322384,-0.0023118002276302837,-0.0022358239203885836,0.006295755792762316,0.007705149477287317,0.008411260253387917,0.009037828995825116,0.008538998527071717,0.009028358701983116,0.008871106159953816,0.009054595403735316,0.009270398288866917,0.008403681324683715,0.008592052296812517,0.008398144179367616,0.008477247135093817,0.008403061557833115,0.008731902075175017,0.008710552964840216,0.008741261409601615,0.008835543055547615,0.008757169708627716,0.009071873167260916,0.009291373515075115,0.003353532983560517,0.009879380772362516,0.013261629215956318,0.013182522063757118
1250,-0.0029757349723213674,-0.002949532855843367,-0.002736472125354667,-0.0023392133690574675,-0.002279145950766467,0.006900779912891631,0.008401126482113034,0.009147158873379834,0.009807299057746232,0.009198420470879634,0.009697962902766132,0.009486532310185833,0.009672082485131931,0.009897404841968634,0.008948041184960233,0.009130131772398532,0.008894691088353933,0.008951711196616733,0.008880118088242033,0.009215978550544532,0.009171042414987332,0.009201210450747033,0.009296811053457732,0.009182280354196532,0.009503505964221932,0.009705537447191133,0.003401338485658033,0.009951129499346631,0.013358336891271931,0.013280099273343332
1248,-0.0029867286638926484,-0.0029510632248349487,-0.002738635738689749,-0.002345356631739349,-0.0022934353233242492,0.007292266821945151,0.008851063695532452,0.00962450352641995,0.010304314662362252,0.009634303253073651,0.01014346829396895,0.00989294301899375,0.01007966109364125,0.010314713568574151,0.00930800200022685,0.009483511574393451,0.00920923099120815,0.00924914812602075,0.00917913672462855,0.009521055154244852,0.00946071651543715,0.00949013520391735,0.009583565793276952,0.009443259196853052,0.009771122444734852,0.00999390666346635,0.003349931833793252,0.00993849690790175,0.01337758636298455,0.01331521958248095
1246,-0.002999674501769401,-0.0029590476094133013,-0.002743046457914601,-0.0023404839935152015,-0.002285446180493901,0.007398422110481499,0.0089741331191976,0.009758047174296498,0.010443450046821698,0.0097893080734249,0.010305821733100498,0.010051418880143497,0.010241643644687397,0.010482954635720599,0.0094574388408143,0.009630168416389197,0.0093320343755049,0.009370088259062099,0.009300670082975299,0.0096433494394746,0.009584703173072499,0.009614817146854698,0.009702611568666098,0.009557289205664498,0.009890263430398,0.010140854538948,0.0032939337686080997,0.009914391255653599,0.0133740255142788,0.0133276987431064
1244,-0.0030135211979795,-0.0029730691515201003,-0.0027499010410455002,-0.0023284436381029,-0.0022649145343582,0.0072056975282398985,0.008756927670969599,0.009534452948044602,0.0102150174429097,0.0096466760049658,0.010165697788339602,0.009948796736808102,0.0101433638834847,0.010382768112233999,0.0093773453651793,0.009554833342709899,0.0092551200270555,0.009307405044809399,0.0092418366309801,0.009573597024777602,0.0095375906993004,0.009569005290907899,0.0096505455998131,0.009522504784994999,0.0098565899116054,0.010106635383481001,0.0032977376542388994,0.0099172612252024,0.0133779721766662,0.0133298495630062
1242,-0.003031068041877449,-0.002992342609430449,-0.0027572780435762495,-0.0023090373565680493,-0.0022391848449266494,0.006700397245791152,0.00818993350608565,0.008946012124972052,0.009612834703868851,0.009172751040458551,0.00968972123001635,0.00954130374970425,0.009737277768144951,0.00996773913772255,0.009011179234998152,0.009199038446519052,0.00891798456060885,0.008992038815223249,0.00892983039454955,0.00924524066700975,0.00924441211129295,0.00927567431095525,0.009354177794194651,0.009259437835468952,0.009589486806338152,0.009810672885272152,0.0033365349140812503,0.00994014018986245,0.01339644423008955,0.01332891089637885
1240,-0.0030573014441747665,-0.003017730417566267,-0.0027696797990654663,-0.002292996995395467,-0.0022207285037070664,0.005912384551064934,0.007310785371480233,0.00803325590293373,0.008677234791833532,0.008379377763785632,0.008891897650527832,0.008823817655179634,0.009017375958021934,0.009237823900299834,0.008345834928062134,0.008542684336547032,0.008295687248818531,0.008389541476148232,0.008321976589553432,0.008629834700831632,0.008661474956264733,0.008690316871491834,0.008770317675324331,0.008714604729556832,0.009037733059577932,0.009227037421118231,0.0033690968156334334,0.009984505649102533,0.013445707511066031,0.013358437159909031
1238,-0.003085884553515666,-0.0030430827632082656,-0.0027889261354909663,-0.0022981352639196663,-0.002225650281706666,0.0049979231184163345,0.006290389890719834,0.006971629496096835,0.007586368191795734,0.007419420106261033,0.007924609542452034,0.007928946710686936,0.008118569136554635,0.008331501516707935,0.007508269644202034,0.007708054139651634,0.007505926713201134,0.007614968395705434,0.007536125186638434,0.007847620323093635,0.007900435989636533,0.007925346566732536,0.008008819845570534,0.007987867739915035,0.008304902353206533,0.008472834225223436,0.003400327550448434,0.010066456624314934,0.013536528158616036,0.013441678997841235
1236,-0.0030946578341141495,-0.0030505763370258492,-0.0028005127260122492,-0.0023235352685782498,-0.00225407351768605,0.004180320906908051,0.00536599494562055,0.00600175973795455,0.00658516346166125,0.006518607860765851,0.007010042470620251,0.00706549838041175,0.00725057229146575,0.007456620171032851,0.006698618928862951,0.00689743343893815,0.00674353827174825,0.0068655462189437496,0.006782643058465051,0.007096046539705451,0.0071614710814001505,0.007181335480067151,0.00726669913325615,0.00727109284860535,0.007582804099011651,0.007728687196372351,0.00343874262937405,0.01015696772513085,0.013619544381814553,0.01352335568341655
1234,-0.0030650724199208,-0.0030243490382801997,-0.0027836753305609,-0.0023416024825805,-0.0022808103807413,0.0035707674372331003,0.0046499454425489,0.005235469091084101,0.0057854912335778995,0.0057852860380776,0.006255408279666,0.006339807087676,0.0065171940190004,0.0067137487982412,0.0060156913055954995,0.006214584186055301,0.0061039154190423,0.006236632740818099,0.0061620464224486,0.0064660012897693004,0.006541405589275201,0.006554585047627399,0.0066391972612645,0.006660786617363101,0.006963056187989601,0.007071664324646,0.0034473691895738007,0.0101736931670359,0.0135991006275702,0.013495509652083702
1232,-0.0030059998884761833,-0.0029706108542704836,-0.0027390660326107835,-0.002327862177729484,-0.0022781597486826836,0.003092346844368217,0.004057757990667616,0.004587047326407016,0.005098270949758716,0.005143875388781317,0.005589922997731117,0.005692255232084416,0.005856970079267316,0.006040891106407216,0.005401839619902617,0.005603630078824317,0.005530244380090716,0.0056681758549410165,0.005604960275481817,0.005893003674325116,0.005978135996566516,0.005983838091325517,0.006066324706002817,0.006101560778011916,0.006386920033580516,0.006446461190152516,0.0033861398279822173,0.010068928226868418,0.013437772027486118,0.013321698701769618
1230,-0.0029495192834835,-0.0029171603822479002,-0.002694819291503,-0.0022908514742329,-0.00224541447334,0.002610756369284899,0.0034549801142635004,0.0039252447243171,0.0043927325833426996,0.004479607239758001,0.004905528335217399,0.005027710315985001,0.005177930405887801,0.005347753093931499,0.0047737853765526,0.0049793302999839,0.004945421290484299,0.005083431330022201,0.0050256059654964,0.005300182246874401,0.005395539397578901,0.0053960658382266,0.005476266008189201,0.005525416882597701,0.0057905835266914,0.0058056965142508,0.0032780832411106004,0.0098946711920197,0.013216655809918602,0.0130977649048073
1228,-0.0029209173238053327,-0.0028888318251657327,-0.002677243245964333,-0.0022593579805063324,-0.0022053658986954327,0.0021089050890211675,0.002835516873310868,0.003250731952413568,0.0036751314786184677,0.0038033291945177676,0.004215847597572467,0.004362941797494968,0.004502787301637667,0.004658683845749667,0.004159744657186068,0.004367808170735468,0.004382367268271367,0.004520958778024168,0.0044645278549473675,0.0047296568933389675,0.004836843685753567,0.004836067363209467,0.004914554952379467,0.004979433237070067,0.005229613885495067,0.005213677982979167,0.0031930409999388672,0.009746594297762867,0.013053241410071366,0.012951716274137166
1226,-0.002920011569237199,-0.002887874496782499,-0.0026837768346314995,-0.0022456271049717995,-0.0021751672214606996,0.0016884543783895001,0.0023115049811220003,0.0026810357256951004,0.003066866288724401,0.003231123336571,0.0036359206166766004,0.0038057440205691998,0.003941965224238901,0.004085345183551401,0.0036668592005965,0.0038762609722695013,0.0039444481641504004,0.004087076418598801,0.004032355989784501,0.0042911588351039,0.0044097685938318,0.0044083883897956,0.004487065475886101,0.004568830502991801,0.004813451613562301,0.004772508619458001,0.0031749344938174,0.0096668960443505,0.012982222840037302,0.012912457227083701
1224,-0.0029303762305752674,-0.002898647741967867,-0.002691554671778167,-0.002236376474116267,-0.002153822672264167,0.0014239338120714332,0.0019615879951398333,0.0022969660015110327,0.0026484396638210327,0.0028360625929498328,0.0032371300292947337,0.0034188230466178334,0.0035553876645669337,0.0036892400790731325,0.0033432975510479324,0.0035541470995008326,0.0036701856606433337,0.0038153665424254324,0.0037601447613220323,0.0040192762901946335,0.004142793611501934,0.004137461103185734,0.004218814567420732,0.004315523106901834,0.004561025307686233,0.004491968610312233,0.0032078335508126327,0.009628978360254233,0.012950359633592833,0.012910777790701735
1222,-0.0029366619295939996,-0.0029048132148677998,-0.002685615471806,-0.0022191388362311996,-0.0021372105818979995,0.0012840015436750007,0.0017577884161147006,0.0020705772877042004,0.0023929861238886005,0.0025847064410254,0.0029835006436977002,0.0031633277004662003,0.0032996958512404003,0.0034286045316752013,0.003133288775715501,0.0033458853258745,0.0034963349997384997,0.0036358847170491005,0.0035745897668720003,0.0038430929731456996,0.0039614339849852005,0.0039505212870332,0.0040343153314525,0.0041399180933961,0.0043873438275450006,0.004296373331957701,0.003243529268746401,0.009594413407730002,0.0129072130025609,0.012883440034396999
1220,-0.002932952647081617,-0.002900845529757717,-0.002671216351432517,-0.002202172382201417,-0.002130554149484517,0.0012132814906331826,0.0016485665460136828,0.001948325727771383,0.0022512175397954833,0.0024258214447344826,0.002819534803294283,0.0029869122084485835,0.0031206191182842824,0.0032495748701651837,0.0029797582046377823,0.0031923289323737827,0.0033638716603755824,0.003489379441990883,0.003419452296950283,0.003701362814652483,0.003808504023848083,0.003796540213394783,0.0038784738869900833,0.003985738605128883,0.004233229031193283,0.0041535361073495826,0.0032464572608229833,0.009556697500133382,0.012862841433069483,0.012837741059957782
1218,-0.0029240753549055827,-0.002892773578398883,-0.002662390873277483,-0.002201684414586483,-0.002139711362114783,0.0012208855421982174,0.001639970960254017,0.001932383345350717,0.0022259629164543175,0.002372473421105717,0.0027560099826301173,0.0029069272452638163,0.0030367860453264176,0.003169142735626917,0.0029090501011535177,0.0031175190424760166,0.0033009185132050166,0.0034098230398661167,0.0033329209703453176,0.003625530737696017,0.0037228426836726173,0.0037161822770572176,0.003792153478581417,0.0038971285741479164,0.004142370691535117,0.004121822221478517,0.0032147956189076173,0.009536727749293518,0.012857860284977415,0.012820635583283217
1216,-0.00292086141712895,-0.00289039573961615,-0.00266603505990855,-0.00221897514269725,-0.00215921388555455,0.0013254400122171498,0.00173966280281235,0.00202738122801905,0.00231588307718665,0.00244374051820525,0.0028156753586255495,0.0029541734478514495,0.0030813986883497495,0.0032171221309364503,0.00296241208714235,0.00316395635211945,0.0033532272389865505,0.0034500056514236493,0.0033675662199770503,0.0036663722375625497,0.0037592861923946503,0.0037585778243693505,0.003829600121596049,0.003932501010529449,0.0041734205517844495,0.00423328883306705,0.00316755409944975,0.00955228197301565,0.012904450752025048,0.012855481244905449
1214,-0.0029264997668989505,-0.0028948940557329507,-0.0026758495147040503,-0.0022381371615136504,-0.0021757069821844504,0.0014530861632271498,0.0018653561596961498,0.00215132949116915,0.0024344497996548493,0.0025658132428181494,0.0029311290488595494,0.00306750620363435,0.00319467000413615,0.0033308018260482493,0.00308080584994945,0.0032777561318565497,0.0034681581827466492,0.0035630095449524493,0.0034767867632768496,0.003777109824841549,0.0038712561615626495,0.0038715273539397495,0.00394199858502185,0.00404446434011605,0.0042799960372497505,0.00439091268995465,0.0031164579769412497,0.00958811912633455,0.012962696761234748,0.012911087481034048
1212,-0.002928283244361783,-0.002894244143513183,-0.002677594167515383,-0.002242600899955683,-0.0021782814826534825,0.0014776891464836177,0.0018917298353039172,0.002180854800756117,0.002461703912071317,0.0026101680394822174,0.0029760450154527173,0.003120641998258517,0.0032495701913272173,0.003383611867169717,0.0031354137054828172,0.0033339438189942177,0.003521327382283717,0.0036262738040473176,0.0035426960176990173,0.003837657995620118,0.003937673760812018,0.003935454568940517,0.004007287094820918,0.004110621551948517,0.004341590919056017,0.004459337504373718,0.0030600224450976175,0.009595214779288416,0.012966894672367415,0.012921003937999515
1210,-0.0029125329424364997,-0.0028764255773817997,-0.0026613381848048,-0.0022274954580729,-0.0021610797063656,0.0013752928210313004,0.0017989096818776,0.0020962890731097,0.0023824553976463,0.0025415764994083006,0.0029123502074454004,0.0030684234958783,0.0031989201831437,0.0033318464088054004,0.0030819744928551,0.0032862926087241003,0.0034680300539420006,0.003589373737266,0.003516654568108,0.003800117991015201,0.0039082964054983,0.0039047582354115005,0.0039768819246239,0.004082024383185201,0.004310460970858999,0.0044391300325983,0.0030077143942945006,0.0095336784076796,0.012878565409560599,0.012838871869061599
1208,-0.002885838701017067,-0.002846084896224667,-0.0026310638476682666,-0.002198463872283567,-0.0021235136911044667,0.0012749447414093333,0.001716473376812933,0.0020253445866271333,0.0023207568601416335,0.002471617787115633,0.0028483698680176334,0.0030090698973492336,0.003140004172855433,0.0032746604565339335,0.0030213083708291334,0.0032302990612812334,0.003405876909966834,0.003539481095315233,0.0034797360803806325,0.0037515804673634327,0.0038656543984327335,0.0038620577988886335,0.003935823254070933,0.004041216947837733,0.004268686961095833,0.004466065140380833,0.002984159696163333,0.009417513129234532,0.012722674880593431,0.012684965008298032
1206,-0.0028692167534315333,-0.0028210001494948333,-0.0026017646666286333,-0.002166406816635033,-0.0020766113483787333,0.0013213191598378665,0.0017869765018349668,0.002108260164706767,0.002409498224778567,0.0025327934199498667,0.0029145551821717665,0.003065811599056967,0.0031973194227983663,0.003333733408899267,0.0030737678979870665,0.0032833665965106666,0.003452677209471667,0.003589592797197767,0.0035392384819802666,0.0038023466521718667,0.003916062187035366,0.0039101059591670675,0.003990198863755767,0.004088881554122067,0.004316138293727767,0.0046185351824718675,0.0029878260338594663,0.009302896823336567,0.012572881969732167,0.012534999734568768
1204,-0.0028717032966123,-0.002812713762226,-0.0025869297099749,-0.0021444734691994,-0.0020440784846831998,0.0015204292683238998,0.0020121884391048,0.0023439969538651,0.0026475490409053996,0.0027285980131327003,0.003112069300991601,0.0032399402237602007,0.0033734123318144996,0.003507715883612101,0.0032348091805251998,0.0034417319859018003,0.0036033216131486,0.0037395918405282004,0.0036967659433657,0.003950116103303301,0.004057171475327801,0.004046056666112301,0.0041332205585412,0.0042161491741822,0.004444325482234599,0.0047998828918058,0.0029713697626638,0.009235978218705702,0.0124996648298129,0.0124598987226958
1202,-0.0028834978829794335,-0.0028190245856993335,-0.0025908154407748335,-0.0021435148630899337,-0.0020461573330582336,0.0017519477225313666,0.0022626019323463663,0.002599469233793566,0.002908186698101966,0.0029405732003240665,0.003321807499865166,0.003420905178295966,0.0035562027849907656,0.0036854151322652665,0.0033959042428615667,0.0035985930510569657,0.0037522332895782657,0.0038897363299707664,0.003853892607408466,0.004096327392588666,0.004193560429383367,0.004178088985120266,0.004264556182817766,0.004329640269140666,0.004561070814266466,0.004862386387136067,0.0028983400946352668,0.009231095721030865,0.012532389402174368,0.012483010105601766
1200,-0.0028953521524839,-0.0028346246633102,-0.0026107168051079,-0.0021647391854604002,-0.0020804624711076,0.0019038089129015997,0.0024171946983139,0.0027516963700923,0.0030706271334898,0.0030621195035081,0.0034415494446642996,0.0035191671329104,0.0036529597863753,0.0037792046796985,0.0034788549952468,0.0036773423422672,0.0038287781438502005,0.003968203035750999,0.0039317351338981,0.004172279072024601,0.0042602422987777,0.0042437885488081,0.004320156074672,0.0043758278411279005,0.004613474778526401,0.0047972310820869005,0.0028037800055942,0.0092883976949043,0.0126555217320742,0.012585895277470002
1198,-0.002910098014773433,-0.0028591537456631334,-0.002641627806038733,-0.0021982927890601333,-0.002124971278270633,0.001963794499897067,0.0024675713487201665,0.002794149060590367,0.0031235824322030665,0.0030930874344609668,0.003477007314659967,0.0035477641313547666,0.003675984096916167,0.0038040364156055667,0.0035045489811974667,0.003701252415263967,0.0038611036363709666,0.003999985316912868,0.003948537986459367,0.004203386358758166,0.004285753678200467,0.004271033898398567,0.0043364505439713675,0.004393879449604367,0.004640023859027267,0.004736755975568768,0.0027626016486847673,0.009401227821439966,0.012825037871272968,0.012734143633806067
1196,-0.0029325639360412996,-0.0028932233349599997,-0.0026789546143064,-0.0022333907899331,-0.0021621200798300996,0.0020014677740093,0.0024991843915932004,0.0028161240035859004,0.0031530547665056,0.0031123565006006,0.0035068928265676,0.0035796713407007007,0.0037014386072627995,0.0038332344541042998,0.0035407499799495,0.0037400886337519,0.003916050749485,0.004053619423147901,0.0039783810831026,0.004254847361732701,0.004336197452676401,0.0043248103785626995,0.0043868055223189,0.0044503410440652,0.004705675726774301,0.004788178731848,0.0028086319020773007,0.009550219698794,0.013000061425696801,0.012900252755070903
1194,-0.0029616574668241834,-0.0029343614890675832,-0.0027199687716527835,-0.0022676665476334835,-0.0021925488362694832,0.0021098118670963163,0.0026149582868230164,0.0029240765729799164,0.0032681918083061166,0.003202309048471517,0.0036078133654184174,0.0036744433034644162,0.0037927580220034167,0.003927008917971616,0.0036348174934366165,0.0038404193577424167,0.004032328819864416,0.004169461501670017,0.004073918803431116,0.0043657524216261165,0.004446383542678416,0.004439500540806716,0.004504800981194917,0.004570955763713717,0.004834986833705016,0.004939321418721016,0.0029208505519542167,0.009716792188933116,0.013171712201439015,0.013076203111447518
1192,-0.002995088746280717,-0.0029777691709342168,-0.002761387113265117,-0.0023015963838064167,-0.002222054022341317,0.0023773609578202834,0.0028985015670465837,0.003206305934267183,0.0035598604898837835,0.0034217989640807833,0.0038350185766203833,0.0038682833920938827,0.003987212224566183,0.004124015873912584,0.003813492692278383,0.004026009889139383,0.004228563696966082,0.004360864093110682,0.004253875949113683,0.004555235559442482,0.004626380094881584,0.004623636556984583,0.004693024029625383,0.004753334670578383,0.005025863784705782,0.005133019226190584,0.003071120578849983,0.009894757434675182,0.013346893363983283,0.013257895436627781
1190,-0.0030287389739817,-0.0030145083856632,-0.0027941051162629,-0.0023279305745361,-0.0022457610547774,0.0028700585980632005,0.0034096475218515004,0.0037285986135584996,0.0040908703686197,0.0038121150739101007,0.0042304682102045,0.0041920192578196,0.0043140849640148,0.0044564254763464995,0.0041012949296935,0.004318893746795001,0.004524949903279,0.004641799777736701,0.004530665960691201,0.0048447562886272,0.004890246728361,0.0048896281714956,0.004961523108641601,0.0050012206621148,0.0052825669446938004,0.005357223507117701,0.0032386767129437997,0.0100642786151473,0.013497605426692299,0.0134110441052213
1188,-0.0030504886539183505,-0.0030319905049030504,-0.0028069312841423506,-0.0023376832626322503,-0.0022562063385814504,0.0035824580128064488,0.004147750246684349,0.0044911821754047496,0.00485676293086525,0.004369260087063249,0.004789242173484549,0.004644413298824949,0.004770583203048949,0.004919570013147849,0.00449298890897875,0.004712437892930249,0.004912117333353949,0.00500562820787215,0.004898602033399049,0.005225942413467549,0.00523044531926415,0.00523159130496475,0.00530652638521795,0.00530453251467515,0.00559267230069955,0.00561943447578615,0.003390805166171849,0.010176312920941349,0.013565256240164348,0.01348330004417745
1186,-0.003051167675402383,-0.0030277884188960828,-0.0028024247949180827,-0.002338066234787583,-0.002262040664930783,0.004385276911922617,0.004987804369045018,0.005359631118801917,0.005722938640048318,0.004991553068190117,0.005406086562731018,0.005141514502413818,0.0052725245983727175,0.005423559937929117,0.004911501806324918,0.005128752909571817,0.0053115191610087166,0.005381526908601618,0.005288939145513817,0.005616047291764017,0.005573400895499317,0.005579301751922617,0.005659338158787118,0.005599286399382818,0.005887178286191618,0.005877549344826617,0.0035032987797849174,0.010208288732416516,0.013549066063647718,0.013481487788934918
1184,-0.003044378228472649,-0.003021808439128049,-0.0028025884870739493,-0.0023516316634269495,-0.0022835333649934494,0.0050443216270179515,0.00568330991516995,0.006073804995515451,0.0064332083988889515,0.005488025747181651,0.00589158814667745,0.005527447232321251,0.005664008639768551,0.005810603316140751,0.005225161585627751,0.005437804489591451,0.0056020883952082505,0.005649408035963951,0.00557497018629195,0.00588563035145745,0.00580239321521155,0.00581483686848185,0.005901213137085251,0.005786925169653551,0.00606563719443185,0.00605335139667395,0.003601346044232451,0.010221241708728252,0.01355057777681595,0.013503940183095049
1182,-0.0030560362147557495,-0.0030390761395196497,-0.0028260865606599497,-0.0023880175085798498,-0.0023248574495273494,0.00534427600876805,0.00599825388183075,0.00639211950230715,0.00674876437403575,0.0056882399425842506,0.00608460626192425,0.005669871485354251,0.005811191808199351,0.00595217627824205,0.00532949528683205,0.00554029074752205,0.00569892237685695,0.00571927287365565,0.005654337719247351,0.00594866998031915,0.0058420928606668495,0.005856646664554251,0.00594936063508615,0.0058066919369203504,0.006072742664951951,0.006106661789534051,0.003731159600455951,0.010300580391973749,0.013664234042455953,0.013634073873042551
1180,-0.0030875511534391668,-0.0030766586557762665,-0.0028618061972428667,-0.0024251237162477668,-0.0023624410605307664,0.005227205110635934,0.005868096692510834,0.0062554441926566335,0.006608946655111033,0.005558754231300033,0.005958519247767133,0.005548861935120833,0.005691474784994433,0.005831977399569334,0.005213190032322933,0.005428740989160834,0.005598528663041534,0.005588914992126334,0.005521990446778434,0.005814366496883533,0.005705661725464433,0.005714932328138034,0.005812401540248533,0.005673891611235633,0.005931318764546234,0.0060536527273413335,0.003883416312266034,0.010436106103260533,0.013839843361257532,0.013813580783236832
1178,-0.003109863785946834,-0.003103353145643534,-0.002878868963954234,-0.002430982646630634,-0.002369713473945334,0.004811646739513567,0.005423446519492665,0.005801767642293566,0.0061481656109835655,0.005204086437959666,0.005613441976887766,0.005248673086013066,0.005388108659220366,0.005533121309100167,0.0049467351257942655,0.005170478816457065,0.005356446157904967,0.005325296587065767,0.0052545922869094664,0.005554076736009466,0.005460152405664466,0.005462199479606866,0.005559993104023366,0.005448526196489265,0.005702251733393767,0.005914233939730665,0.003985981594170366,0.010522619330371866,0.013928726829724965,0.013892782016120566
1176,-0.00310332854770675,-0.00309788818644365,-0.00286315619824725,-0.00240027947736235,-0.00234647571173935,0.004291528052007451,0.00487384612352995,0.0052431400173233505,0.00557810672988055,0.0047744482301456505,0.00518952379807095,0.00488534182153075,0.0050201144276498496,0.00516901033149605,0.004627310592743051,0.004855321416544849,0.005048948230614649,0.00501495466084935,0.004946235597658851,0.00524809400649955,0.005177042684866751,0.00517751920113325,0.005269816132975449,0.00519295391499885,0.00544274400626035,0.005688360805735649,0.003974433923084351,0.01048985469954775,0.01386611883474725,0.013811128121499348
1174,-0.00308344618815915,-0.0030726059658949495,-0.0028309938889614496,-0.0023581178754491497,-0.0023153471781906495,0.0038235794271557497,0.004384067006091051,0.004744344683295851,0.00506897582926995,0.00438752418383885,0.004799606130741451,0.00455282442137245,0.00468602682311105,0.0048339365302608505,0.00433670569810195,0.004561956267225051,0.00475341402566385,0.00473345964910915,0.00466859908304765,0.004965449841629951,0.00491829448984145,0.00492340676139215,0.00500798914379215,0.00496009861161045,0.00520349827350865,0.00540012737277215,0.003836417779834951,0.01037358388732745,0.01373614657468045,0.01366051109665535
1172,-0.0030739072174270172,-0.003051202269209817,-0.0028051095308089173,-0.0023299786581904174,-0.002294094081395317,0.0034807182591356832,0.004028361270651283,0.004380641223138282,0.004702462395172383,0.004107442305553583,0.004510306360930582,0.004309403079862883,0.0044444687846806824,0.004587305121197882,0.004124453549743483,0.004343137436956982,0.004529935840886483,0.004528930102047682,0.004463397848769482,0.004756689205151282,0.004731170321213683,0.0047409981609741825,0.0048214586264524835,0.004790043819288182,0.005028949110477983,0.005130969953229483,0.0036048443523771833,0.010244589756987582,0.013643692271411482,0.013554291757031482
1170,-0.0030745071263608165,-0.003039764980792217,-0.0027930796755881167,-0.0023214731875338167,-0.0022828391354868167,0.0032647203360474837,0.003805867283495584,0.004151779025486283,0.004477770269205683,0.003948806066625583,0.004341411948848883,0.004176721640174283,0.004311900641904884,0.004448868024302784,0.004004967874370484,0.004216696979007383,0.004400380791441684,0.004411486398319583,0.004342255354225784,0.004639937498506384,0.004631189468934583,0.004641266983399983,0.0047223643321513825,0.004698643718801184,0.004939217656701883,0.004978045641767783,0.0033661414607768832,0.010137786265263184,0.013604134859233884,0.013511664105761783
1168,-0.0030742466927376664,-0.0030338511861207665,-0.0027950839766899666,-0.0023272051742222665,-0.0022760544665836667,0.0031291665676834333,0.0036654414186844337,0.004005596855251334,0.004335088623695134,0.0038771698792202337,0.004264331227004334,0.004134596317688533,0.004264218782133734,0.004396930915853434,0.003960920022633833,0.0041658017335818335,0.004346221417001633,0.004360212103382434,0.004289468459171633,0.004597605755722934,0.004598487858605634,0.004605850494583934,0.004687852902911034,0.0046754512938702334,0.004922297771869133,0.004979794451719034,0.0032569515783247337,0.010081285096736232,0.013594497543431432,0.013506441496354334
1166,-0.0030781274849728327,-0.0030389015135552327,-0.0028149242864675328,-0.0023428484586104324,-0.0022734526956891326,0.003003465657073567,0.0035355650984647677,0.003870762836058768,0.004198240642311468,0.0038270058107747673,0.004219088569230567,0.004130402749144768,0.0042525425993586675,0.0043837830210613675,0.003955638315657467,0.004155267538573267,0.004330584679796968,0.004347222477571268,0.004276897901296068,0.004596107044579768,0.004602504839037568,0.0046082302930445665,0.004688007571458067,0.004699193036542167,0.004952795153092967,0.005089374637629168,0.003353193889505667,0.010116511463060966,0.013630880635099867,0.013548254439295165
1164,-0.003096956891621499,-0.003062761782462099,-0.002849967704609999,-0.0023629095844992986,-0.0022764903236454992,0.0028414891769864012,0.0033766136690939015,0.0037110674260262015,0.004035690061292401,0.003754937183582001,0.004162536671166501,0.004119203341988001,0.004239608867869,0.004372782597228001,0.003957900714445702,0.0041577587219693,0.004326229704224401,0.0043565345383411004,0.004284356599980302,0.0046108929088743015,0.004627195974055102,0.004633891803365801,0.004711002379814001,0.004752235895584101,0.005011580292205802,0.0052215343029485,0.003540207535853401,0.010230179578862002,0.0137301529822344,0.013649086286838401
1162,-0.003119910026507917,-0.003093164585845517,-0.0028803961254970168,-0.002378702170565017,-0.002284385849361717,0.002666549850096283,0.0032178576617814822,0.0035594492905663836,0.003887552217090682,0.0036801478961429835,0.004105469681026783,0.004101091100629684,0.004227597967783782,0.004365394351715782,0.003962584635478483,0.004168500770079083,0.004327517643670484,0.004381591226648783,0.004305751655091683,0.004633539521581283,0.004668285073546383,0.004677020713096583,0.004755827674485382,0.004819043069367083,0.005083020330473183,0.005320162699211583,0.003588950374913683,0.010319819825673184,0.01384164332383218,0.013756558757777183
1160,-0.0031210476108262837,-0.003102187016154584,-0.0028827252938772837,-0.0023855260489335835,-0.002296757122994284,0.002547632548861317,0.003123488597382316,0.003479727216454816,0.003816540336052417,0.0036546732993512163,0.0040887662493974165,0.004107609491759416,0.004242506548993816,0.004384646562508317,0.0039825817125947165,0.0041936485759428155,0.004339308172759116,0.0044127362170661155,0.004338158671875616,0.004661233634393417,0.004715627462970117,0.004725692392517316,0.004810001498614616,0.0048792247559135155,0.005144929373960615,0.005379466019668017,0.003412069031302317,0.010291852657514818,0.013880831805965218,0.013788243092786017
1158,-0.00309250731005965,-0.0030766977248907496,-0.0028523882893116497,-0.0023842392428605496,-0.0023114304102273497,0.00251343286544885,0.0031105811475912503,0.00348378279682295,0.0038266978964248506,0.003689422361255951,0.00411898790621235,0.0041469061248499495,0.00428702844525375,0.004429676363207351,0.00401617098899685,0.004224463597848851,0.00435465631706185,0.004432747681182249,0.004369487850752251,0.004683679585914449,0.00474808517171045,0.0047587704667748495,0.00484586502075265,0.004910006217831051,0.00517340716773185,0.00541367316176975,0.00317273201017275,0.010167850458966753,0.013815009608991551,0.013717262977349952
1156,-0.003053782895729083,-0.003032370470881783,-0.002805454372602983,-0.002372197682182883,-0.0023170652465947833,0.0025022215221014174,0.003111497495930117,0.003496600269098117,0.0038395486580065164,0.003722547702881016,0.004139093160550516,0.0041725129874253175,0.004315041686475716,0.004453891062671617,0.0040277481257657176,0.0042267914937841175,0.004344368816526317,0.004420112866407317,0.004374365343759117,0.004676902345609518,0.004740733065229717,0.0047526008795280164,0.004835077827144116,0.0048934351852893175,0.005153690648383517,0.005422677762510317,0.0030789670593475175,0.010041749758966614,0.013676776857769916,0.013580870667991515
1154,-0.0030267564815859493,-0.0029936335982482494,-0.0027610463216176493,-0.0023427739868683494,-0.0022980795373938497,0.0024125003091661507,0.0030262903989567505,0.0034126611958562505,0.00375427581143015,0.003667676301196651,0.00407148735746065,0.00411646663032085,0.0042609689202115515,0.00439607313517195,0.003970201810114451,0.00416176283312685,0.004274399022956151,0.00435409601321665,0.004320267216104951,0.004610817534008351,0.00467235025851105,0.004686727967424351,0.00476100771206275,0.004820189092670851,0.005081114570803251,0.0053890087740630505,0.003138434349577151,0.00995731024938985,0.013512145889488052,0.013422289925714051
1152,-0.0030144737829806666,-0.002968951252202966,-0.002728157277147666,-0.0022989418287832665,-0.002252580100528966,0.002199394780508233,0.002810497705906233,0.0031877902362967333,0.003531910824612834,0.0034913611335581334,0.0038902332533650337,0.003955564982381334,0.004100555438662234,0.004238175711246734,0.0038320856865911336,0.004023638426542334,0.004141659506440333,0.004229861615614533,0.004191428017052334,0.004476827830610234,0.004540885677692733,0.004558373973657834,0.0046300700969238336,0.004698594848853533,0.004964296615535234,0.005298508748438034,0.0031896384100459346,0.009880239371263134,0.013350030828018233,0.013263104241643533
1150,-0.0030056824522780327,-0.0029502718750476324,-0.002705778188703433,-0.0022574103732255326,-0.002198625648771533,0.001921997733725967,0.002521273153446968,0.002886176354331667,0.0032360020105644677,0.003252536260305968,0.0036568942560329665,0.0037486687049373673,0.003890029740775368,0.004038484783062568,0.0036659122851277672,0.0038634009039399675,0.003996829560613868,0.004084376097879268,0.004024825289077967,0.004319876836488467,0.004389664135729667,0.0044090828801945665,0.004488301684187568,0.004571526935577868,0.004842148890690267,0.005163538144487367,0.0031226495534132665,0.009773860332808868,0.013206271645981366,0.013117768538026169
1148,-0.0029922112889856495,-0.0029318338446538495,-0.0026909471888180497,-0.0022336285555294494,-0.002158717530850649,0.001708281791890651,0.002290194698202651,0.0026476940617602505,0.003002702536664851,0.00307530786130435,0.00349046861498805,0.0036094494784828512,0.00374413877259795,0.003906437117354751,0.00356711043456775,0.0037714128456153503,0.00392578623165615,0.00399975518543935,0.003915700991559551,0.004233096490598951,0.00430855949198135,0.004326753337963951,0.00441794225981205,0.00451450314109055,0.004787463828018451,0.005036008751613551,0.00298579401147135,0.009657679368437951,0.01309536632375795,0.01300733840883765
1146,-0.002980822332810334,-0.0029233184561717343,-0.0026882766896988335,-0.0022319306372413335,-0.0021453007005850337,0.0016701590876135658,0.002239036323979866,0.002596258152996166,0.0029543598065979665,0.003068738812053366,0.0034896389541895665,0.0036295415885352665,0.0037589806859516664,0.003929471258720666,0.0036115002415103665,0.0038198572648776652,0.003992729668157666,0.0040528058820790665,0.003956991694839666,0.004295768515117066,0.004377673751635666,0.004390033543828266,0.0044876177436698654,0.004590840874689865,0.004864569410341965,0.004992424595644466,0.0028932491930669666,0.009596040160854767,0.013052228665859165,0.012969648816507268
1144,-0.002989304211157084,-0.002940508094062184,-0.002709516602324884,-0.0022530204322750835,-0.002162165773068884,0.001819983624457817,0.0023860865261654167,0.002745306682162216,0.003105334852178316,0.003240218850685616,0.0036557801739289164,0.0038041421647562164,0.003932246496295116,0.004101368890374916,0.0037917189761143165,0.004000095259701616,0.004181973568087616,0.004239487766242716,0.004149706782525416,0.004497567942111117,0.004587546193792316,0.004589982565390216,0.004684212504020417,0.004788206713959817,0.005062934782654716,0.005078137198259217,0.0029031294334273166,0.009649655413343214,0.013134894388991215,0.013054515112888115
1142,-0.003025549875297449,-0.002982206524991449,-0.002755993107471149,-0.002295959421632749,-0.002205520573664149,0.002045523378813951,0.002615105036691651,0.002973024297919751,0.0033345158814384514,0.003473068787040451,0.0038777376816998502,0.004022405824189251,0.004151116761901752,0.004313627804292551,0.004006724671209851,0.004211442053141551,0.004391403750590252,0.00445484671114325,0.00437877370439905,0.004725902908865851,0.004821536224129551,0.00481403413110135,0.004900060465859151,0.005003885634921551,0.005279367202485551,0.00525179988883135,0.0029873737978579513,0.00981653814202085,0.013356144521940852,0.01326522950305695
1140,-0.003070266000948149,-0.0030228756899319488,-0.002804171407366749,-0.0023448971935637495,-0.002256242915223349,0.002186764836921951,0.0027583189387320513,0.0031106594690685514,0.0034722350522319503,0.00361213908924945,0.00401174151923395,0.004149507689060651,0.004277662943173251,0.004435197949121651,0.004132774377545051,0.004332428075297851,0.004504098636668851,0.004572256308938351,0.00450263252018835,0.0048483961785855505,0.00494255838514945,0.004931124284220751,0.00501179068416065,0.0051178323122459506,0.00539144255193545,0.005408688190908851,0.0030685867551159506,0.010003279760593852,0.013609753106588351,0.01349845320703395
1138,-0.003091610221300733,-0.003036274922627533,-0.0028226336281137335,-0.002369112267318233,-0.002283979982395333,0.0021619410259058666,0.002730326914293566,0.0030754972538928668,0.0034340844563159664,0.003589058304310567,0.003993883738770267,0.0041330351680920665,0.004259406162176366,0.004415074737900267,0.004120766787992166,0.004317733452533968,0.004481707729100367,0.004550061123105267,0.004473712416270367,0.004818736173643267,0.0049068495928999666,0.004900225253015067,0.004981247879995166,0.005092257110406766,0.005359688173289167,0.005476984241048068,0.0030787430289783667,0.010087711873962566,0.013732774731398266,0.013603611021755566
1136,-0.0030798852470347825,-0.003023378327828282,-0.0028062711638008825,-0.0023510762695031825,-0.0022721882068367826,0.002016211297886917,0.0025766952878857174,0.0029156794415594184,0.0032680859750774185,0.0034585129371778184,0.003872224026288217,0.004026305844991718,0.0041524834756891185,0.004305483282057118,0.0040214424950086175,0.0042206427430079175,0.004382736839766218,0.0044506588670458185,0.004361158778021517,0.004699471011993318,0.004786063739473217,0.0047890939810339185,0.004873106093308918,0.004992059049459218,0.005250776294577217,0.005471884698468817,0.003013564202250317,0.010035416401484419,0.013670504333205118,0.013532799215003917
1134,-0.003055195996319467,-0.003007009579838467,-0.002780628537315267,-0.002307346504160367,-0.002234830823711167,0.0018474359529406324,0.002396325615886933,0.0027309347108640334,0.0030772013090419326,0.0033160925282911327,0.0037332873293032323,0.003911908552187033,0.004041318221078333,0.004188911175904232,0.0039154949137691335,0.0041205461722193335,0.0042870539243758336,0.004357911323726933,0.004259833498317933,0.004584931027400832,0.004680304190461133,0.004690483520842732,0.004775588953078332,0.0049055528340901326,0.005158862027751232,0.0054447961475207335,0.0029323235497253335,0.009926843410983733,0.013527158089151633,0.013385011441344732
1132,-0.003036695840723116,-0.003000227089333416,-0.002767303776978116,-0.002269227368908216,-0.002199408383639216,0.001705803827805684,0.0022407050254450844,0.0025725535418451833,0.002916971772938483,0.0032023206017922842,0.003616303865605684,0.0038201632714852836,0.003954098521493884,0.004097444548223484,0.0038330456712646847,0.004043624761286084,0.004216777257835385,0.004294315828183983,0.004196386556725985,0.004513217015724083,0.004623154816789484,0.0046335095987256845,0.0047163732060746845,0.004858035448420384,0.005114862999793784,0.005412708510433484,0.002884751285318383,0.009848758276726785,0.013423908751467385,0.013272862459582082
1130,-0.003022459570154017,-0.0029949358264145165,-0.002760859527790517,-0.0022504385661386165,-0.0021801273633003165,0.0015802065029681834,0.0021009667461758825,0.0024314182858767835,0.002778254057247083,0.003095991879994684,0.003506597461074684,0.0037284661116529835,0.003863913303678383,0.004008537805594783,0.003749803278260983,0.003963198325942184,0.004141190955209383,0.0042265117853126834,0.004132366908336483,0.004456861804598384,0.0045774084018688835,0.004581796095554683,0.004661213472069983,0.004811932635129584,0.005079996806858084,0.005367064108631183,0.002857112905891683,0.009806496365899683,0.013374474470443383,0.013208820853797983
1128,-0.0030089762133443656,-0.002984289333761365,-0.0027489034225166653,-0.002246604018959865,-0.0021771609467638653,0.0014516329631591354,0.0019602422591973347,0.002290351779226334,0.0026388829334668355,0.002969647233756135,0.0033818822203349353,0.0036111536147165352,0.003743975138316735,0.003893280725932034,0.0036374502708806343,0.0038521183225866343,0.0040333432180329355,0.004124592142687634,0.004032270587355434,0.004375285141592935,0.004498841596339934,0.004495145483346334,0.004572140095536234,0.004728758613845434,0.005007204228502234,0.0053173624144166355,0.002821427317617635,0.009778228722768735,0.013344586544852035,0.013165933935346133
1126,-0.0030076805094993,-0.0029769290779887003,-0.0027364590775504002,-0.0022553165590716,-0.0021910488499679998,0.0013159073145751002,0.0018154147193928,0.0021449270906451993,0.0024907340367794004,0.0028147031419669,0.0032299735923631,0.0034583668809778003,0.0035890810973452005,0.0037391686344294996,0.0034863157770892994,0.0037027209280869004,0.0038881713906727,0.003984711955708301,0.0038954540802858,0.0042480032301124,0.0043733540180181,0.004364425572862899,0.0044391614794699,0.0045998131195342,0.0048800921773229,0.005271386283222899,0.0028098627534924,0.009790340491243001,0.013347724175885799,0.013167434074078001
1124,-0.0030225668778516655,-0.002977793492830066,-0.0027331146373646663,-0.0022763246561151654,-0.0022199972626930665,0.001160438709054334,0.0016537029958095337,0.001979668185726634,0.0023199812608697343,0.0026231743796000344,0.003034195181647834,0.003259854580771734,0.003394587545386735,0.0035372628259345337,0.003289611073341034,0.0035076369602121335,0.003698888143567834,0.003805742212508935,0.0037293256262355343,0.004067113554118734,0.004200825305544834,0.004193430657187034,0.0042640407549297335,0.004426114576213034,0.004700281562739234,0.005186143690579535,0.0028839368400858344,0.009864832655896234,0.013395494559781833,0.013229796926854633
1122,-0.0030300541406172513,-0.002971966904628951,-0.0027295591314566506,-0.0022961175147190507,-0.00224714038364315,0.0009625961188873492,0.001449997746174549,0.0017673589125727484,0.0021018205564799497,0.00238584075137545,0.002783413752389949,0.0030103033632233496,0.003154191409698649,0.0032850117783082486,0.003045949188246749,0.00326336935290655,0.0034615418100234496,0.0035849342181420493,0.003530733106042249,0.0038364536800267485,0.003983534817354849,0.003983837901332549,0.00405051151218965,0.004210149237532148,0.00447640380731565,0.00499780757572005,0.0030331936251785496,0.009933464019741248,0.013414266938700048,0.01327483807506505
1120,-0.0030078673545334486,-0.002946299307310149,-0.0027094524443328494,-0.0022942154142481484,-0.00224964855976585,0.0007272169784187515,0.0012041643425299512,0.0015090042911531515,0.00183564865022145,0.0021204412618527502,0.0025056737021979508,0.0027386501896387513,0.0028888983651720514,0.003011699658587951,0.0027876343770323504,0.00300233187033405,0.0032112310186649517,0.0033474870522482523,0.0033094263939787514,0.0035909805502477524,0.0037464967684129515,0.003754581241464749,0.0038235055058647525,0.0039800619528884505,0.004240681707733151,0.004708818341924352,0.003159782932232751,0.00989683025268485,0.01332110927155765,0.013207483080190452
1118,-0.0029734407933093843,-0.0029165017745188832,-0.002679086219227883,-0.0022688578263402835,-0.0022243008296167835,0.0005025241511752154,0.000960809296559317,0.001252620958659717,0.0015678840042675155,0.0018769062376169168,0.0022629374730516166,0.0025032536693922157,0.002650749217494716,0.0027743645310554146,0.002575050086806016,0.002787179957220316,0.003014114613280416,0.0031484803744966147,0.003103825483660618,0.0033875508964431155,0.003540085193346516,0.0035507740006731157,0.003629752186080115,0.0037883129855080157,0.004046196501500418,0.004401253962468115,0.003182315599107118,0.009763057146608115,0.013161371341573217,0.013062187443013218
1116,-0.0029637612912961995,-0.0029099261704165005,-0.002662021442074799,-0.0022394427667922004,-0.0021900357024214993,0.0003447292141233998,0.0007782689303799002,0.0010583438646157,0.0013624673010698002,0.0017009282520235001,0.0020997032854574004,0.0023445435133756,0.002482695977797801,0.0026133699033797017,0.002445174892563101,0.002655254483057999,0.0029045280290237,0.0030253528767261,0.0029522720549464004,0.0032566567050553996,0.0033993129704038005,0.0034099832910926,0.0034990016882429018,0.0036648976191573993,0.003924262739857201,0.0041546995052488996,0.0031128173995951004,0.009639552447132799,0.013062930306621898,0.012965187373001199
1114,-0.002980067142757366,-0.002924113376336567,-0.0026628799282323676,-0.0022185913415788665,-0.0021618395516088667,0.00027824707481843326,0.0006872495677786323,0.0009568539681980327,0.0012550181148049348,0.0016048997945989334,0.0020150083950771346,0.0022593086523726314,0.002389920038344035,0.002526710822410733,0.002384368952563434,0.002590849713289734,0.002857683792502534,0.002967243668317134,0.0028621476649828333,0.0031819148533670325,0.0033173415789732336,0.0033318829404570347,0.003421818551669632,0.0035940118524044346,0.0038613056234007345,0.003989251815940934,0.0030028798714120345,0.009573498219340533,0.013050530055550633,0.012947491340514034
1112,-0.00298193537462595,-0.0029244590164835497,-0.002657076514877751,-0.002197328344808151,-0.0021355830583582504,0.00028874680649854795,0.0006781954506416485,0.0009407283100345484,0.0012367407506673478,0.001573660182419851,0.0019845598158807487,0.00222235752022815,0.002352732929860449,0.0024900875116628494,0.00235849504594475,0.002560449230527749,0.0028346840204168493,0.0029419884515951497,0.002818764859662249,0.0031373027099365486,0.0032723730856761488,0.0032943058355041493,0.003377019988559049,0.00354998104844605,0.0038298420471023498,0.0038866945753560506,0.0028555965883968505,0.009485271017771548,0.013004364050830348,0.012896382309153648
1110,-0.002940839258335151,-0.002887765181475552,-0.002623311784579951,-0.0021637695164695506,-0.0021021884807016517,0.0003328982572160487,0.0007083731422549491,0.0009710739167606494,0.001263584985842947,0.0015757312277000501,0.001981491923130449,0.002207857434504648,0.002343644527516047,0.0024783228327845477,0.0023445816620140496,0.0025461819997375477,0.002821028017025849,0.00292931864814025,0.0028051083190488504,0.003117530058587649,0.0032561784663064502,0.0032806627985676497,0.003357104925758348,0.0035280341762871474,0.003817832960585049,0.0038181085567011476,0.0026438699451121483,0.009296415807540849,0.012826729867764348,0.01271787422156185
1108,-0.002876045993267698,-0.002831814679756999,-0.0025719449622976995,-0.002122690923742898,-0.002063629921164798,0.00035313725489670086,0.0007181198353130025,0.0009868181816891017,0.0012738188450618013,0.0015652678130550005,0.0019695788295081007,0.0021839986195148,0.002325284350358902,0.002460035289419002,0.0023221747448849,0.0025304826181000023,0.0028049856466515026,0.0029118066584107004,0.002796037978184302,0.003113249475706001,0.003255290000698203,0.003272772958710403,0.003348906619052003,0.003520097160863201,0.0038101797437481016,0.0037498257887847025,0.0024061154556661024,0.009059940120805701,0.0125721810508873,0.012466126480230103
1106,-0.002828450376616453,-0.002793325751452653,-0.002532284105672352,-0.002088045205035551,-0.0020283702215137533,0.00030553133891614986,0.0006603631827576499,0.0009321513050378483,0.0012150254987847477,0.0014970039412397496,0.001905808066885048,0.0021130899256088485,0.0022561395713597485,0.0023957861469381496,0.0022594307911213488,0.0024766582882963482,0.0027519159463342477,0.0028562318166285468,0.002749772558502648,0.0030822785026058466,0.0032262124492042493,0.0032328838010184484,0.003311877893347949,0.003486797740593149,0.003766832372992749,0.0036687250073337493,0.002261359835165847,0.008907895980051348,0.012374649448259948,0.012270475660290745
1104,-0.0028162256966780368,-0.0027875460133982358,-0.002520229829241636,-0.0020652191913849358,-0.002000286580999336,0.0001860125312647641,0.0005283101896973626,0.0007932863546984623,0.0010731623615475618,0.001355221867201762,0.0017692115353354632,0.001974654286355862,0.0021162174196899634,0.0022607292926918633,0.002130786900104563,0.0023519664018250633,0.002629577177859062,0.0027314880197389646,0.0026305158635454642,0.002977054229667764,0.0031214293997647614,0.0031213742181977616,0.0032036903971430636,0.003383331654537764,0.0036492320242822625,0.003597785348166564,0.0022834303934186617,0.008895914332797263,0.012298584254558164,0.012189507311702163
1102,-0.0028251310063496203,-0.0027981699592148183,-0.0025254197197520194,-0.002047774416228821,-0.001977755052657619,2.5863902258581317e-05,0.0003534946865070797,0.0006049194051689806,0.0008784360952980817,0.001163013610530679,0.0015774642122392789,0.00178100129974898,0.0019208398773824797,0.0020637801667704805,0.0019413573292584793,0.0021611208853743805,0.0024443158595999805,0.0025409050185978797,0.0024409843787386795,0.0027944736385665803,0.00293720287568058,0.0029345868057741795,0.0030216475482260814,0.0032037055737219808,0.00346019515547788,0.0035409522842652814,0.002379626880377881,0.00894242370712978,0.012295609966034779,0.012174250154202877
1100,-0.0028314855019537302,-0.002801677959586933,-0.002526838378314432,-0.0020269778537995303,-0.001957855881298133,-0.0001344650280772318,0.00017952304130736813,0.0004193544386429694,0.000682037572925169,0.0009625736662669665,0.001370814317100167,0.0015677387539157692,0.0017071503437171669,0.0018414304680092683,0.0017258845862783666,0.0019443351613324666,0.0022358177033658666,0.0023238286900811693,0.0022234673342506686,0.0025800205713757685,0.0027179710888393695,0.0027124097822151666,0.0028040826474021695,0.0029832996584190676,0.0032400558351438694,0.0034362920806182695,0.0023614294072654696,0.008923813177281168,0.012279517762153368,0.012144835574952769
1098,-0.0028258431327753165,-0.002792453922680717,-0.002516536889440417,-0.0020022507275595167,-0.0019397654084061175,-0.0002575301728497195,4.505104870758045e-05,0.00027910869745838285,0.0005312540938677834,0.0007973902763956826,0.0011946556723133814,0.0013816866183512834,0.001520059875291583,0.0016445131399064825,0.001535038945261781,0.0017548085492715831,0.0020532438309307822,0.002133280568913383,0.0020343150308269817,0.002392267141764281,0.002521662261719782,0.002512551833095282,0.0026028637938695816,0.0027736741777683836,0.003037306731580782,0.003239899756933482,0.0021637212429993814,0.008809961974464282,0.012219994935592785,0.012076850080862084
1096,-0.0028176381213263976,-0.002782731145249795,-0.0025075422028545957,-0.001987369847173695,-0.0019304776676533977,-0.0003126380155055973,-2.251081403099528e-05,0.00020880971563730366,0.00045515953215210375,0.0007034766457996028,0.0010913517663422023,0.0012695784219602033,0.001403605507321503,0.0015239947534243029,0.0014199070120769035,0.001640605956049604,0.0019427165758056052,0.0020154510854692026,0.0019187751038176049,0.002275282579539104,0.002392619366367005,0.0023830043934785043,0.002464509262619905,0.0026267890666489026,0.002895643990953805,0.003041034507451603,0.0019464727770271036,0.008697991427435707,0.012172620565336502,0.012025758984257902
1094,-0.002820606841470452,-0.00278372664358335,-0.0025184129970643523,-0.00200454222727035,-0.0019458319810780507,-0.0002993498289860508,-2.537395436654974e-05,0.00020244412132454717,0.00044720014105844794,0.0006865022433402493,0.0010734907653901504,0.0012458077588472505,0.0013726599708205472,0.001497088684355448,0.0013989555755244479,0.0016176724338427505,0.0019234729701178496,0.0019855765082465483,0.0018878567240261483,0.0022418995799242496,0.00234590065305015,0.0023391988316646475,0.0024116973416164478,0.002573435201708548,0.0028408287093716483,0.0029917885961748478,0.0019315450806863498,0.008713643859538652,0.012220548901657347,0.012073120690466548
1092,-0.00283418073810187,-0.0027927736913182684,-0.002550479618647069,-0.002061715190409867,-0.0019942584732101677,-0.00026223751684746957,-5.228749589768211e-06,0.0002165501147300304,0.00046043654670273326,0.000704788043203633,0.001098240192673433,0.001267746070193431,0.001387853871250632,0.0015210639971549311,0.0014313570047906309,0.0016467059666971304,0.001959106416277435,0.0020095940364552346,0.0019071469833309325,0.002261288157908433,0.002355194861381634,0.0023514742511654314,0.0024217576251029348,0.0025928227216317316,0.0028545972094248286,0.003105638198826432,0.002160102642072132,0.008880268694244433,0.012376462424796935,0.012233407711687235
1090,-0.00284394214701085,-0.00280038708991805,-0.0025847029361081506,-0.002134763575320952,-0.002057205203595352,-0.00025015343763164916,-6.825985036349597e-06,0.0002062532847028481,0.00044701982872944954,0.0007048036103299501,0.0011019447578467477,0.0012743893172012487,0.0013900685360174504,0.0015311716186246528,0.001452191442835548,0.0016649772112292509,0.00198464705032805,0.0020320177032235494,0.0019275910157194494,0.0022809885775818516,0.0023727433509454464,0.002371215853486649,0.0024445203195458502,0.0026275239268897486,0.0028842847224280523,0.0032302422887794495,0.0024613011734129463,0.009093916031120346,0.01255462513130855,0.012421000951953347
1088,-0.0028416163304363085,-0.0028035761683234094,-0.00260169290046771,-0.0021830287794316096,-0.002097702106283208,-0.0002627896206487054,-3.0977748073507394e-05,0.00017313976047429042,0.0004076245282335911,0.0006779062683786932,0.0010685918137689904,0.0012524901840388902,0.0013650846632141944,0.0015101542844429897,0.0014415915473430935,0.0016531872958472915,0.001977508820453694,0.00203353419645369,0.001936283186916389,0.0022792362438682906,0.002378403442373389,0.002381090061534294,0.002457592513691091,0.0026466402719203946,0.002899737265046394,0.0032524219166247884,0.002638053935486488,0.009224132618855789,0.012653580516086893,0.01252761628494229
1086,-0.002834663028383231,-0.0028050373085824302,-0.0025984239950638324,-0.002187134418839533,-0.0020958068376218317,-0.00027014940700883366,-5.073243680463191e-05,0.000148474070119968,0.0003758471276646691,0.000651723388047365,0.001030137420270666,0.001230277863728868,0.0013404050472282658,0.001486781539078566,0.0014266256858792709,0.001639657318426871,0.001966224209713971,0.002035111939392771,0.001953528796652171,0.0022747569183293667,0.0023880084522044653,0.0023979934929741695,0.0024773585627069702,0.0026647537405416685,0.0029143618738218663,0.0032250314071780653,0.0026254922365735664,0.00922137810303647,0.012647775234912971,0.012521065588490865
1084,-0.0028310290079571615,-0.0028030262996874625,-0.0025833241118356637,-0.0021640322853335656,-0.0020686219131001646,-0.0002808604621355598,-7.182768647116117e-05,0.00012756290698993922,0.0003512302674995374,0.0006235238196006382,0.0009930888869007365,0.0012047832476638348,0.0013149284544485343,0.001461598812008337,0.0014090706354957377,0.0016281920945178385,0.001955307013363536,0.002035755877443035,0.0019731903042283366,0.0022702752796511377,0.002398498045713536,0.002416478390888037,0.0025002255711230395,0.002681789763702938,0.0029297744534920386,0.0032372567566773397,0.0024828623282342407,0.009127790510724536,0.012582706819821439,0.012450033617914039
1082,-0.0028276888274346365,-0.002793495664993935,-0.002564945045325333,-0.0021430450591813366,-0.0020498895315970364,-0.0003405553680635373,-0.00013329119367033737,6.693081630766706e-05,0.0002911190969453678,0.0005511662955600613,0.0009179508811460665,0.0011308025795162616,0.001245904480739364,0.001389181428063463,0.0013453667005385653,0.0015738724425530676,0.001898117699699664,0.0019925704461738677,0.0019494262474622631,0.002227150707628661,0.002365887689301162,0.002391315485655965,0.0024794732875186645,0.0026543535139169627,0.002904747569517266,0.0032681832692132637,0.0023115868839140644,0.009020573569155865,0.012514636605587763,0.012379064128532263
1080,-0.00282494888701261,-0.00278366738447941,-0.0025529033619172067,-0.0021388768588797083,-0.0020577784020089085,-0.00044438192289070894,-0.00023060577511690994,-3.261195888450835e-05,0.00019173772311969345,0.00043562974005029176,0.0008021753503459905,0.001009744456824592,0.0011343938061324915,0.0012662898449060933,0.0012320750499086944,0.0014678759450185916,0.001786402336080295,0.0018984881357696909,0.0018734746706134883,0.0021360942234062916,0.0022786689358960943,0.002312348930003795,0.0024024404198109903,0.002571964106478891,0.002826361289926492,0.0032606582753414923,0.002210219610249989,0.008971448904653193,0.012491731033078095,0.012358174894297892
1078,-0.002838137857088585,-0.0027910574144590847,-0.0025597426479301785,-0.0021518252979929806,-0.002087575949362784,-0.0005022446131300803,-0.00028319444387348014,-8.862376697318236e-05,0.00013194868810691845,0.00036358748987871947,0.0007306591353499203,0.0009345348439798173,0.0010691111926240185,0.0011841235931901173,0.0011589440617037206,0.0013958023999601152,0.0017123247882464207,0.0018350891110323203,0.00182020118867212,0.002074089099693817,0.0022148119708383165,0.0022561569883338198,0.0023470570469933186,0.0025151016259807174,0.0027709564878285187,0.0032534304187277208,0.002243135943187015,0.009027437743650418,0.012558620090732615,0.01242833916683362
1076,-0.002877575684826869,-0.002822173200471373,-0.002588642914547072,-0.0021802002275756738,-0.002126680393724774,-0.00043451708634597436,-0.00021917328207406855,-2.7457645004870523e-05,0.0001880978180253262,0.00041576502485962674,0.0007850235841689313,0.0009893665275742258,0.0011277264560271283,0.0012309759335384293,0.0012137095883086313,0.0014449238052525251,0.0017691491579158308,0.001884880231112225,0.0018623430980229255,0.00212454275005753,0.002259414631881028,0.0023011115142394303,0.0023938278898183313,0.0025653681164768266,0.00282122819563483,0.0033216022170531254,0.0024018601332129255,0.009183974907990826,0.012720647869141427,0.012595272421145727
1074,-0.0029262052266227634,-0.0028615204203656652,-0.0026237428783464634,-0.0022201985128247614,-0.002166025937444062,-0.00026904527968676234,-6.361332952186521e-05,0.00012195299632823675,0.0003350533726752397,0.0005631813460061363,0.0009347649351925391,0.0011392771961239376,0.0012702623041512331,0.0013750457900715343,0.0013645988654278352,0.0015831698359518379,0.001922135244233035,0.0020171338212407394,0.001968902990487735,0.0022608664780015345,0.0023868522204487375,0.002416471530318237,0.002509602858405839,0.0026866872628986335,0.002945618091556239,0.0034365157786501385,0.0026199069248285384,0.009380642406545937,0.012913517864252134,0.012797692975603736
1072,-0.0029562522815037504,-0.002888957403337944,-0.002644374798466749,-0.0022595252180223485,-0.0021990970676663488,-0.00010106355650985055,9.714347761415054e-05,0.0002708977494175549,0.00048290003768675094,0.0007074102811757549,0.0010779947778037507,0.00127774032088495,0.0013920475189016512,0.0015082208644981512,0.0015023622332546518,0.0017011649263150505,0.002053288232811451,0.0021287028272914538,0.0020530142927384504,0.002379909061369853,0.002496321900933955,0.0025062033269298498,0.0025946814504054505,0.00277468511070815,0.003039403929468755,0.00350347749112815,0.002838680014195155,0.00954848259157235,0.013054030462354656,0.012948206768997154
1070,-0.0029631342370451744,-0.0029000582132441763,-0.0026469909208364784,-0.00228305795656588,-0.0022192412289456787,1.023384747582401e-05,0.00020961405066182576,0.00037368589968632404,0.0005843514967215219,0.0007968337956606245,0.0011631204263481201,0.001354334169944925,0.0014529795257511233,0.0015803982314146203,0.00157479327351992,0.0017530368869522195,0.0021108295755027234,0.0021787751940429215,0.0020946198668451224,0.00243789535338812,0.0025488824232691235,0.0025439194755925224,0.0026243616486863255,0.00280310312026872,0.0030706903711459205,0.003509307103345724,0.0030262747770976248,0.009656356450550324,0.013116596144644416,0.013012482556637422
1068,-0.002964313767986053,-0.00290159226011015,-0.0026429142316717544,-0.002284977957025855,-0.0022211431966686485,5.2785746459449445e-05,0.00026145910280574863,0.0004286859173459473,0.0006415496673604498,0.0008382238979976475,0.001200195165559248,0.00138452380155335,0.0014796725713127484,0.0016134278034509453,0.0016027419389025507,0.0017720833529966465,0.0021273526590857503,0.0022011144663145465,0.0021325658961088498,0.0024690945724163485,0.0025815007293145467,0.0025757700844685483,0.0026500700713980516,0.0028255772277094512,0.0030905625991497487,0.00351561002260415,0.003133627034555851,0.009696832994974654,0.013124883034633654,0.013014941413462454
1066,-0.0029677892801673045,-0.0028949511472357026,-0.002637045835290404,-0.002269882186038602,-0.0022038140557529007,1.7464494360963645e-06,0.0002245567162964951,0.0004071470923596998,0.0006278332935637926,0.0008135277154149023,0.0011718326089693032,0.0013536299521446915,0.0014587374335717912,0.0015960247041432035,0.0015760239860699021,0.0017539971925980974,0.0020997706693178936,0.0021879486937445014,0.0021455942445376963,0.002467870308590192,0.0025843238889384917,0.0025903135976160924,0.0026624823292561023,0.002834585133974596,0.0030949495502973906,0.0035187157934026964,0.0030980257344712936,0.00965228281941019,0.0130855468136572,0.012973482504484893
1064,-0.0029626945519360404,-0.002876162524732745,-0.002621988183755336,-0.002244976189452935,-0.0021738803437979376,-0.00016209196444484653,7.598035787685642e-05,0.00027537339836765373,0.0005010298702570609,0.0006830818341825584,0.0010351578336468548,0.0012144655036645524,0.0013336385795707645,0.0014722139052017608,0.001440763186894553,0.0016353391454391603,0.001966810597413063,0.002071480389767663,0.002052014438236452,0.0023625185632398515,0.0024784186665022523,0.0024998886182380636,0.0025721854570780606,0.002739219982638652,0.0029960201785607515,0.0034413135282638646,0.0029247358176016647,0.009515803165695752,0.01298420013332896,0.012879701793675064
1062,-0.002943059285373459,-0.002848799231269253,-0.0025943616076524595,-0.002216976614421662,-0.0021460679544605538,-0.0003647725505462607,-0.00011285969418875497,9.820709427524332e-05,0.0003157760310981417,0.0004944919471835396,0.00083564928066375,0.0010053385824790456,0.0011331858102803516,0.0012669819760367518,0.0012237374785792482,0.0014274678452558393,0.00174349543803895,0.0018618993663811478,0.0018620620858339487,0.0021547902885658415,0.0022642347080545494,0.0022979917176227382,0.002370886504669739,0.002528550031025839,0.002782133902473949,0.00328043686855764,0.002712909449643447,0.009335941455850538,0.012842941337361344,0.012749264693177345
1060,-0.0029210798801486137,-0.002824219596967714,-0.0025640168261002183,-0.002194133457194311,-0.0021354661737976177,-0.00046398913601991554,-0.0001988636875092098,2.087545417958636e-05,0.00022201161435547734,0.00039006525421837746,0.0007169986928954875,0.0008689472234636869,0.0009989873052845821,0.0011211156226528796,0.001067355309210788,0.001267736899633179,0.001569407981224083,0.0016997854906613818,0.001721936886458178,0.0019833065747018874,0.002085917099459489,0.0021279493084269824,0.002200332484148179,0.0023447744284917776,0.00259556039438108,0.0031449324422838792,0.0025532549473722826,0.009194930754948885,0.01272523010014838,0.012638915934208586
1058,-0.002908989299195114,-0.002807140246019524,-0.0025412963558507223,-0.0021853011469391143,-0.0021474538606158222,-0.0004136128969658148,-0.00013164259520911936,9.509404499798146e-05,0.00028789319248938294,0.0004402540782875858,0.0007513356312728869,0.0008853001744362765,0.0010157162128485858,0.0011258121837892793,0.0010649702210025758,0.0012553403696547866,0.0015420031336025736,0.0016873644473870825,0.0017296794829276818,0.0019590623731866735,0.0020580426400769736,0.0021066726805617775,0.002174955723751981,0.002306549403238184,0.0025578525113407746,0.0030983226050372847,0.0024417426238292766,0.009135242590440476,0.012670524488203674,0.01259018090862038
1056,-0.002902362230114655,-0.002789419814329855,-0.002523864069369358,-0.0021962314432299596,-0.0021787236810924537,-0.00034273042907714824,-3.5981745826058065e-05,0.0001933611737837404,0.0003935818367485494,0.0005344155633989489,0.0008275885307670455,0.0009518747067655403,0.0010843825682000513,0.001189244997064548,0.0011264347407261427,0.0013040535268910441,0.0015725764732640451,0.001736508445017243,0.00178788016206885,0.002005204401522853,0.002100735383550753,0.0021556651663021537,0.002216391335311041,0.002339030360867453,0.0025946999094799417,0.0030627802309338426,0.002339089395665045,0.00913670764254125,0.012664212051240242,0.012590601238136254
1054,-0.002890654667070655,-0.002760865031901663,-0.0025019948567436556,-0.0022281157323696538,-0.0022280884135686546,-0.00040862335112966386,-6.799035972465672e-05,0.00016210777727533598,0.0003774964334943426,0.0005133853122573362,0.0007858579595193399,0.0009087075730573463,0.0010456961663523473,0.0011520278248333404,0.0010909414894363367,0.0012503294781613383,0.0014978702124393423,0.0016791064362683406,0.0017334069937883362,0.0019585676467873403,0.002047265998566347,0.002109074365104338,0.002163982828512337,0.002279554085897334,0.002539456221183345,0.0029421408732073356,0.0022682573131073414,0.009166175533000337,0.012681465188012345,0.012609718701654338
1052,-0.0028751398457218386,-0.002720699496158843,-0.0024706235732448456,-0.0022779194357238353,-0.002300241931809846,-0.0006055679368308364,-0.00022281420178983657,1.677688776316466e-05,0.00024757229717416174,0.0003752182109631602,0.0006249129005641563,0.0007474252182751578,0.000890894324933153,0.000999767489886172,0.0009389335136731625,0.0010736207607821568,0.0012971527740021638,0.0014929035153851689,0.0015653985008151627,0.0017946938303331494,0.0018750672308821548,0.0019472361517681724,0.0020019485567261686,0.002106277723866151,0.0023675980915581485,0.0027670214037841534,0.002286271718956151,0.00921725747203217,0.01272332460124917,0.012644624282659167
1050,-0.0028669134776146687,-0.002674584820014675,-0.002429008155747675,-0.0023377391017806726,-0.0023957868416026873,-0.0007886414254596741,-0.00035425273084768727,-9.018102741467637e-05,0.0001614125832223312,0.00026561090319932035,0.0004909790579793183,0.0006090471810043241,0.0007601199258493174,0.0008682052228653203,0.0008004815042133295,0.0009094450073113269,0.0011004966113673242,0.0013141623153333226,0.0014354507606243183,0.001643191284112333,0.001717586089423323,0.0018074481857743296,0.001863026189500322,0.0019487053492013295,0.002210161370262309,0.002639510310018328,0.002376319404954308,0.009287128486160312,0.012789960241907317,0.012704032396760323
1048,-0.0028699882836091817,-0.0026220644724931907,-0.002370740219361178,-0.002394931102533193,-0.0025015957859991778,-0.0008690128569341926,-0.00036723887175418857,-7.032111798319085e-05,0.00021450319154781017,0.000277337554001833,0.00047416487857782075,0.0005832453431868223,0.0007426709041208068,0.0008447552826288118,0.0007602565407078266,0.0008466142860348302,0.0009886103831658333,0.001230538811225812,0.001424932853395816,0.0015822191552068154,0.0016529024184008256,0.0017685150775968161,0.0018175933544868073,0.0018797591019548143,0.002139790873671832,0.002575246672814807,0.0024287753859588146,0.009334685581077806,0.012839667288569806,0.01275931986399581
1046,-0.0028716935153616785,-0.002550136295872696,-0.002281184625297694,-0.002435687652963703,-0.0025948496056136805,-0.0009114177228757014,-0.0003178634149256787,1.0510606082314577e-05,0.0003349149043563038,0.0003436922090903072,0.0005011720515413209,0.0005957597173823215,0.0007669464175963092,0.0008554008822163062,0.0007439932549173078,0.0008070943272693032,0.0008798468640743018,0.0011623091106403027,0.0014392146947662943,0.0015238196842632945,0.0015907783451733215,0.0017368393107053126,0.0017702623191223066,0.0018069199331323116,0.0020586621192593135,0.0024776258839943055,0.002341576706565318,0.009284246831345322,0.012793872022218294,0.012733551695109313
1044,-0.002851331565141474,-0.0024445259756664672,-0.0021506381985224865,-0.0024502350044114662,-0.002655865546609487,-0.0010180320125614817,-0.00030726907050748764,5.1171223232532315e-05,0.00040679453166353463,0.00035546954087653515,0.00045690629029251917,0.0005289481787475181,0.000719011379800516,0.0007846937093265172,0.0006365685520115238,0.0006712077784265247,0.0006585464170895117,0.0009933254767265365,0.0013573040412555304,0.0013512190398975166,0.0014150262643145284,0.0015926213534735167,0.0016068055118175217,0.0016141128161385188,0.001848648795407526,0.0022686515698095155,0.0021175826619835303,0.009082860581360513,0.012589093437746529,0.01255259629035152
1042,-0.0028022892811550293,-0.002315524872460034,-0.0019960287628680295,-0.002438193007001016,-0.0026781884733270422,-0.0011665785140410334,-0.00033287848190402536,5.90460439809648e-05,0.0004300613360309624,0.00032197051541196786,0.00035585096615797784,0.00040099889280897916,0.0006136067508709653,0.0006530731890159736,0.0004620008416339749,0.00046840512789098065,0.000366505772949971,0.0007608866143839765,0.0012124763693489582,0.0011082514845739688,0.0011716990821219742,0.0013799831210359603,0.0013764293932229665,0.0013497089129269613,0.0015664350561289675,0.0020030384434329696,0.0018740991722359657,0.008773010426747996,0.012250235508776963,0.012230224396810985
1040,-0.002749419277641496,-0.002212326769280515,-0.0018712476366175013,-0.0024142969195085073,-0.002673178273479515,-0.0012066393793965235,-0.0002851971457845104,0.00013871921908248375,0.000512756907678491,0.00036636108317850136,0.00034450879554448477,0.0003705696945004999,0.0005971119360564936,0.0006208264681394904,0.0003925493625134835,0.0003828491273225043,0.00021176737807948598,0.0006544324976555105,0.001167943342547495,0.000990224786491467,0.0010550674741665045,0.0012887241129435067,0.0012727538165634988,0.0012170463857654745,0.0014257366817365114,0.0018515658416135006,0.0017795424566734996,0.008517150750273483,0.011938449506385507,0.011920468876527479
1038,-0.002733804226562553,-0.002192136686054502,-0.001839312150065553,-0.002402866019295513,-0.0026626347686475316,-0.0010084983114125312,-7.003672388550264e-05,0.0003709976260834469,0.000740591649898481,0.0005834303736924618,0.0005467505456344668,0.0005678574975184758,0.0007922677823484769,0.0008221584283884531,0.0005773740621694556,0.000568248562049456,0.0003777007700934698,0.0008305779055714502,0.0013445208186034785,0.0011565832442324564,0.0012212001961204866,0.001465582645942487,0.001449686186907495,0.0013850607295434747,0.00159624301678446,0.001973122823454465,0.0019258346530684478,0.008492932701519462,0.011865486551617455,0.011830753850625486
1036,-0.002769013241493812,-0.0022643739320728218,-0.0019170826621787984,-0.0024126049379628034,-0.002653904302212823,-0.0005844866232417867,0.0003021159628721626,0.0007387750645351798,0.0010980718308601922,0.0009441088573401979,0.0009417336091571693,0.0009611399100392104,0.0011743460641122083,0.0012295516284012153,0.0009903882745712078,0.0009936085545831919,0.0008453837154291932,0.001263715047321201,0.0017144986152412,0.0015865935607711767,0.0016476585897081675,0.0018814421342842058,0.0018814337329751685,0.001830838513009192,0.0020512375071141675,0.0023645532821962023,0.002209769518764171,0.00871177430517417,0.012081653276218185,0.012016979075921197
1034,-0.002829457477964148,-0.0023865040840881646,-0.002060614596350152,-0.0024242229931221437,-0.0026292430400831623,-5.361262764314034e-05,0.0007460130803578491,0.0011600638939908425,0.001505163064924847,0.001338334634618854,0.0014005311393998354,0.0014055691435018447,0.0016071898019678343,0.00169244374412586,0.0014648711357438393,0.0014884059952178508,0.0014243065272468436,0.001783304566709859,0.0021435838402408536,0.0021134329065398416,0.0021664636523368586,0.0023720145463628495,0.0023933527409668587,0.0023674871727018543,0.0026045903324358466,0.0028403876261468564,0.002413883766920838,0.009007797702991843,0.012420130543914859,0.012330042191607854
1032,-0.0028883711515791943,-0.0025141687848361793,-0.002211402057488182,-0.0024178905887251856,-0.002575893425916187,0.00047916773592382444,0.0011902993409868001,0.0015689050231008084,0.0018993713459128092,0.0016792490734398036,0.001810981626646807,0.0017835913682508198,0.001971685149317809,0.002078330510777826,0.0018504668151368142,0.001901478965545822,0.0019275219747398042,0.0022217412389388125,0.0024993063658238224,0.002562490065941808,0.002602017019553815,0.0027724223047358165,0.0028071031732488094,0.0028031825904828167,0.00306256081727882,0.0032018166578598184,0.0024514565303908054,0.009238122068602805,0.012706364772761825,0.012607726008544817
1030,-0.002941928695642526,-0.0026307166419245465,-0.0023409726755185267,-0.002401767836119534,-0.002513842608242528,0.000993891127147456,0.0016311465139594583,0.001968943467470452,0.002287239859649459,0.001968276341538455,0.0021599474389284723,0.0020851203788594674,0.002254740456394455,0.0023699469998314515,0.0021241650659974687,0.002205853081594461,0.002303190393123461,0.00253079996669045,0.002745436965158471,0.0028726033139324647,0.0028969319024444717,0.003034789927275461,0.003075344355840476,0.00308424003821145,0.0033606089543914697,0.0034239596245764503,0.002466224841714465,0.009416672836873474,0.012925970508566476,0.012829228457447467
1028,-0.002989953849131838,-0.0027331905565968206,-0.0024502626069508315,-0.002398160139077815,-0.0024746557344408338,0.0015145896700561878,0.0020940983275151703,0.0023971873302931768,0.0027070061993611783,0.002260825947972167,0.002499991567382176,0.002368137191849168,0.0025194535488721748,0.0026346938033861844,0.0023589983018901806,0.0024687464233561773,0.0026156485145491792,0.002775626546279164,0.0029448313447551777,0.003106057883427188,0.0031209049034281733,0.0032332640061371876,0.0032831961392991715,0.0032952884319331632,0.003575663085571168,0.003640346789628185,0.0026549890835321777,0.009627679278264162,0.013143606009430181,0.013046222886198167
1026,-0.0030173840162131538,-0.0028137123491351612,-0.002542435912261165,-0.0024096553657481645,-0.0024612800561991666,0.002004711583178831,0.0025378265717528325,0.002820898812697842,0.0031244477590398334,0.0025592394624428527,0.0028368640234138487,0.002649585320831843,0.0027892492736538432,0.0029023852911118364,0.0025953701175548405,0.0027285922390188344,0.0029146065252228515,0.00301480322007483,0.003149653763725835,0.0033317368372468292,0.0033449267870428456,0.0034393559097918303,0.0035063909985308395,0.0035163754512408385,0.0037942704104058367,0.0039469565596018386,0.0030391484002788294,0.009873802066332843,0.013346718658165835,0.013244467699556839
1024,-0.0030116142980883415,-0.0028639815562673393,-0.0026100092878043324,-0.0024152180342443402,-0.002447134241928342,0.0023446644138346573,0.002838837050035667,0.0031150928565026603,0.003410186408275659,0.0027762691171776682,0.003087690857253661,0.0028652814385516645,0.0029988491938446604,0.003110584398321667,0.002782421328936663,0.0029354394145086615,0.003161004255090666,0.0032196590092036653,0.0033230440359246632,0.003530610379266663,0.003544492216810663,0.003627701545171655,0.0037118790280986635,0.003722885609488663,0.004003247250249656,0.004282476800658658,0.0034492201197846573,0.010064858467750654,0.013452410611370674,0.013347957418332668
1022,-0.0029881051988453616,-0.0028898576530313608,-0.002648259946693557,-0.0023993266058665585,-0.0024125636567049608,0.002454461341301839,0.0029177929001418385,0.003192151348187844,0.003473029033920841,0.0028435397157078462,0.003184468731573839,0.002961066755198846,0.0030899730980378515,0.003200446165289847,0.002869140454263841,0.0030377358973168456,0.0033041345431478464,0.0033431045906678475,0.003413540943843843,0.0036545472371298515,0.0036681823389158458,0.003746147137235839,0.0038386591666388498,0.003860666430412843,0.004149414499101847,0.004526215810365844,0.0037091401512528432,0.010140522548181846,0.013441913699488842,0.01333811306114184
1020,-0.002980590491219015,-0.0029103235571214248,-0.002669208210661314,-0.002371480235530618,-0.002365698604633315,0.0024066594221252846,0.0028498115152058856,0.003121183040170783,0.003383661602922486,0.002818117325856573,0.0031796749454412743,0.002983463905055675,0.0031108242506125844,0.0032203461661282767,0.002901040526751081,0.0030801935074713793,0.003380156111414581,0.003419479242688178,0.00346100408724348,0.0037317696805687778,0.003749574637937375,0.0038272493631870824,0.003918504732377384,0.003960025779643078,0.004255182872228883,0.004654454500613178,0.003793337469389285,0.010149595358816377,0.013406378574400676,0.013297301099165673
1018,-0.0030053815196561667,-0.002939590377694673,-0.002692458275314974,-0.0023527281698553643,-0.002325391319446271,0.0023626781164152316,0.0027950825618485303,0.0030619428990431297,0.0033071843875448342,0.0028241279801202307,0.003194297255590825,0.0030308279181615327,0.003164054400502228,0.0032752876037488304,0.0029689919381355317,0.0031560059923497336,0.003473570528975331,0.0035281077403672284,0.003553860560257527,0.0038393690820180265,0.003871116298977531,0.003950594374562924,0.004036083437570032,0.004096964908177833,0.004394035425151127,0.004742512663134926,0.0038052616970531278,0.010187606923124037,0.013439989308660832,0.013315549661967532
1016,-0.0030486438591067894,-0.0029758885590690787,-0.002725792719024289,-0.00235452854756478,-0.002301306071276682,0.0024226520058672207,0.00284833972631042,0.003110728074289415,0.0033441502672371115,0.002922664836017122,0.003294001268791813,0.003149747860597213,0.0032932801065180123,0.0034101445479501197,0.003103952559936715,0.0032986983463428182,0.00361805212727552,0.003691571140632219,0.003714226300901513,0.004000790124215614,0.004050794167038921,0.004129658850900317,0.004209758527443416,0.00428210548260162,0.004583309750367123,0.004856421466219715,0.0038590255481105173,0.010296715342900817,0.013547671875878922,0.013406159756041619
1014,-0.003090981845824979,-0.0030111942710487824,-0.002763194897390582,-0.0023764214411687787,-0.002297658120151376,0.0025823396742499227,0.003001644860965824,0.003260344243463817,0.0034889224861515272,0.0030978815772403218,0.003471448036743527,0.003333723279844214,0.0034827470932705246,0.003606981492025624,0.003288453075937725,0.003488458697545424,0.0038027984677809212,0.0038856431034557243,0.003907199879859324,0.004191733507020526,0.004252969376501117,0.004326135813646326,0.004403793616893026,0.004479355734043219,0.004791755959337424,0.00501244401999662,0.0040092009116791255,0.010459055477686316,0.013688324436170726,0.013539450575584519
1012,-0.0031307420434914385,-0.0030463519547245382,-0.0027995228871816394,-0.0024127253944559376,-0.002319103369415036,0.0027839171648203626,0.0031987380185755643,0.00345539845666136,0.0036859387835122617,0.0033200784632851643,0.0037002549384890643,0.0035738304953282576,0.0037195449888894616,0.0038498227230746584,0.003521622900480262,0.00372021512048476,0.00403233698405156,0.004111306228782363,0.004126205738787962,0.004414702940953363,0.004477139741527858,0.004541668550775958,0.004620458354526062,0.004697871956863359,0.005023837778900864,0.005207533676818664,0.004243803690130762,0.01065257802039616,0.01385399737452566,0.013708445649268562
1010,-0.003174313004820503,-0.0030876977507486997,-0.002835734749365701,-0.002451469480011799,-0.002359439268343498,0.0029209821225104,0.0033370395949157,0.0035953624958490957,0.0038320571410890986,0.0035245810792434995,0.0039128718925717995,0.0038184396849094,0.003957842615476798,0.0040921356553427005,0.003770447841842599,0.003962917313914897,0.004278547042519398,0.0043504351663076965,0.004356159799427002,0.004657211912289197,0.004718683650822696,0.004776402997516999,0.004859248078927396,0.004945750689651196,0.005279728544153102,0.0054028534259161,0.004485875903524401,0.0108562858572512,0.014049737417538198,0.013908654253290194
1008,-0.003214736574244835,-0.0031303563946245352,-0.0028686243741460407,-0.00247528295740284,-0.002396194167810936,0.002838615802459664,0.003264141539281562,0.0035296456159480613,0.0037718331157139615,0.003569345360416261,0.00396500825925146,0.003922706957321664,0.004060263596728064,0.004197370221723562,0.0038951596574648625,0.00408439588976936,0.004405361514231564,0.004478217029287662,0.004478796060786064,0.004797407109421364,0.004863603024011863,0.004918823830300359,0.005007809428073662,0.005113746867025058,0.00544801605028776,0.0054973710366924625,0.0046198234577704625,0.011013467699167362,0.014228779034634459,0.014085194468229159
1006,-0.0032359228878615573,-0.003157884934079154,-0.002888944573268555,-0.002476316796229755,-0.0024116243496211526,0.002469048440578346,0.002913340090504944,0.0031907934425491474,0.0034355847913106474,0.003357892032492843,0.0037604384112373476,0.0037747615170293444,0.003916380538524548,0.004055042784702846,0.0037683667687112427,0.003960883545543047,0.004282886076912247,0.0043659154146911475,0.004367348954894448,0.004699207234941646,0.004776710648595549,0.004832578321540444,0.004928430900401348,0.005058442859623147,0.005388863411228045,0.005422192532845545,0.004586441577567046,0.01106259344754005,0.014321485341109844,0.014170693541060146
1004,-0.0032372218210640832,-0.003165000937126586,-0.002896459092036681,-0.002467290090579187,-0.0024128192466129836,0.0019791797961452168,0.002450922720041618,0.0027413088529413196,0.0029895186689603143,0.003015827396385916,0.003423039427530819,0.003482684794837418,0.003631241285398018,0.003769499944008714,0.003481704089498619,0.0036795687018809156,0.003995146012730419,0.004091761244501217,0.0040986456488191145,0.004428981583629116,0.004522079580178515,0.00457974630526712,0.004679378298125619,0.004829133718582616,0.005155446288152017,0.005268519055949619,0.0044697955717504165,0.011029179543925918,0.014332787014602617,0.014178791187419514
1002,-0.003239030850245482,-0.0031692186735576833,-0.00290523963910308,-0.0024677669905312782,-0.0024181881347497824,0.0016501844211122205,0.0021542951562148194,0.0024542678156784167,0.002711165931627617,0.0028033017257056217,0.0032100000597913222,0.003299709834662018,0.0034551787896101166,0.0035912531751268184,0.003289485344030618,0.003489613632021722,0.003794132557012622,0.003903391039370721,0.003919089309379821,0.004231807064993716,0.00434306813683482,0.00440281546126052,0.004498828396697317,0.004661070322439419,0.0049846028461263195,0.005214099675164216,0.004436697660772218,0.011028783764455617,0.014349505299909117,0.01419944428818732
1000,-0.003256591812433249,-0.003187254448429447,-0.002923433727571749,-0.0024817545650554496,-0.0024303583393180464,0.0015624230166405503,0.002098368756317956,0.002403306719286756,0.002672813255010155,0.0028026047933267517,0.0032064276126784544,0.0033161156662677507,0.003476546871741454,0.0036093304131582515,0.003295045799800854,0.0034951709527100555,0.0037909737010878505,0.00391015265863965,0.0039356631997196564,0.004226973387188256,0.004355451531614256,0.004416962921379455,0.0045040414705449505,0.004675283258773852,0.004997652232723852,0.0052878354544951545,0.00455981924215855,0.011133634493951557,0.014426127079231854,0.014279392892807954
998,-0.0032771903236333833,-0.003207234301063483,-0.0029366193138042826,-0.0024967771756241805,-0.002436095478587884,0.00150693579908312,0.002070852194751914,0.0023789684676538136,0.0026604680910647174,0.0028136786413933135,0.0032207353584444154,0.0033446949007553198,0.003506909330145115,0.0036355357810557154,0.003319619423103118,0.00352082870788812,0.0038148043663596143,0.003939682712626014,0.003971171459075419,0.0042531974484492155,0.004392092532026319,0.004454289775484316,0.004536782431808113,0.0047154388702938185,0.005038453138012114,0.005310939341542316,0.0047385276624657136,0.011271988512491317,0.01450704659284232,0.01435391659271322
996,-0.0032755983518378967,-0.0032024163996605993,-0.0029257787983616966,-0.0025018011699727977,-0.002428637247828897,0.0012822220899294037,0.0018690129396084013,0.0021825521775645992,0.0024748362466730026,0.0026433768300722013,0.0030633361656087,0.0031968934529930035,0.003358622618890604,0.003483208816653899,0.003173592984730099,0.0033767653186924027,0.003673008283670204,0.003799160409075103,0.0038287344247485006,0.004118963585122204,0.0042591260362479025,0.0043209668006031,0.0044094923983699005,0.004590638072074299,0.0049167554186090034,0.005148202092960304,0.0048344669291897,0.011315336426455505,0.0145008797889997,0.014334231967661905
994,-0.003249542324156269,-0.0031716215613150703,-0.002897223179670571,-0.0024962973412079696,-0.00241493693549117,0.0009749047560361317,0.0015779766595377283,0.0019012112042252304,0.0022059572642792284,0.00239019079911593,0.002825991307410531,0.0029674237767960306,0.003129298069896428,0.003252908873018632,0.002947644746603629,0.003151077445075128,0.0034461628838670273,0.0035707662142470294,0.0035903396659732294,0.003899483155956531,0.00403647214512633,0.004097263316476429,0.004195944028136427,0.004373967520876033,0.004706529942684629,0.004930503039355227,0.0048453129037864286,0.011244396481808427,0.01440496642478203,0.014229621341841029
992,-0.0032259306225326696,-0.003145827304279269,-0.0028785288034374676,-0.002483912948627671,-0.0024018318766803708,0.0008324979240196297,0.0014467440060436307,0.0017840658359547304,0.0021032357212971316,0.0023167925894728297,0.0027630533924465316,0.0029161798340212285,0.003080552264397133,0.0032089660374286337,0.0028977712066880316,0.003099613186983031,0.0033841729862050286,0.003505267761943532,0.0035096783072732333,0.003838708243949534,0.00397491097719763,0.00403294258105193,0.004134262921836131,0.004310261943444128,0.004651968569795429,0.0049119528495762295,0.004876921160526033,0.01116347255739163,0.014310229007543331,0.01413603155555743
990,-0.003227879651618335,-0.0031483748127955347,-0.0028845490265723348,-0.0024684681734000354,-0.0023892117148229357,0.0009293469448213645,0.001558224730605965,0.0019129495618058628,0.002245725517924964,0.0025037606246430637,0.002954805942963965,0.0031244417927190626,0.003292460118693965,0.0034304179150518622,0.003099891781080763,0.003300409286854565,0.003563833301343765,0.003679945575654063,0.003668791371753164,0.004011558589337265,0.0041520786245454605,0.004204225938546163,0.004298521380990461,0.004478872249102865,0.004829040126337267,0.005143032152925366,0.004964905107462163,0.011152831656147666,0.014290210654668865,0.014118483379209165
988,-0.0032465289494362157,-0.003165953281482014,-0.002901541665870814,-0.0024554842297138148,-0.0023770958936890144,0.0010901207895234848,0.0017434291648039876,0.002114604336119385,0.0024583887884369847,0.002759071670624686,0.003214270128261986,0.0033987105130235847,0.003569181075299587,0.0037170561527419856,0.0033573063710154866,0.0035575556443374866,0.0037934180894016872,0.003906697795235788,0.0038850685132498855,0.004230470643529785,0.0043790929869238875,0.004423295052905587,0.004508383242164887,0.004694942026092986,0.0050492322645585876,0.005398673391506185,0.005009983708081787,0.011171254602605183,0.014322700876842686,0.014146604020191886
986,-0.0032532504660436196,-0.0031691491463558194,-0.0029064014735423194,-0.002446086420718519,-0.0023656279073762214,0.0011207761138807802,0.0017964605465428801,0.0021748715346989814,0.0025251843975707816,0.002849953474808282,0.0033105816433517815,0.0035014799864931806,0.0036714697524497797,0.0038260329240153816,0.003438353672094479,0.0036384119746110805,0.0038506815812365813,0.00396753992211878,0.003942716504411879,0.00427868882095718,0.004436545414862079,0.004473640366318182,0.004551825427786781,0.00473958238254088,0.00509318782457608,0.0054314244645432795,0.00491114997422798,0.01112344418873848,0.014322004110169581,0.014140515414036478
984,-0.0032315502367012833,-0.003146435384001684,-0.002887434736244681,-0.0024294407218828813,-0.0023471280712443823,0.0009902210799269187,0.0016608520122700192,0.0020304516349206186,0.0023773361016016167,0.002706633497121417,0.003170947136991918,0.0033598904084340166,0.0035252762955135172,0.0036825435788489166,0.0032828609747505184,0.003482080741585618,0.003687199124188016,0.003811202426155319,0.0037863249581446164,0.004107248367959719,0.004271109214961016,0.004302762999980919,0.004374059532702618,0.0045599606398223184,0.004909528991183718,0.005195636967911418,0.004692509846123117,0.010970245505684515,0.01421810269329762,0.014041989150074919
982,-0.003189893585592001,-0.0031076734825799014,-0.0028462838905767007,-0.0023951367742518007,-0.0023136713480693023,0.000779854014678099,0.0014071038207717976,0.0017530759569211983,0.0020820945809170988,0.002400896511114199,0.0028631842735782967,0.0030450420195149985,0.0032018991546666,0.003358014970597699,0.002970049630576798,0.0031675190155004973,0.0033853951512551987,0.0035111809760950997,0.0034845539921816993,0.003794604738205299,0.0039553272306548995,0.003981636095794799,0.004046202785340999,0.004233091667421897,0.004574371148507398,0.004810696279593699,0.004461745336789797,0.010751142787677696,0.014012018520640702,0.0138526590810697
980,-0.003151336388644937,-0.0030700566877266376,-0.002797650171525737,-0.002355818489340536,-0.002276248977702438,0.0005642502382670611,0.0011273502859586622,0.0014424127230549637,0.0017432744359590635,0.002034765051139264,0.0024871480705379624,0.0026583788600251616,0.002805835572773762,0.0029561467842801614,0.002599319176560564,0.002794186067885663,0.003034552326483562,0.0031533038026098636,0.0031264019966241625,0.0034334131883052635,0.0035796940784402626,0.0036010217704593624,0.0036646116761003614,0.003853148326451561,0.004179305287568862,0.004405527033358964,0.004295780872479161,0.010547225209443564,0.013792625551019563,0.013651110714940264
978,-0.0031387358273661844,-0.0030535875395951845,-0.0027703264745923845,-0.0023413896293537836,-0.0022599171837416852,0.000378227817751816,0.0008802282056454142,0.0011631158972623158,0.0014350432038424156,0.0016853816907549148,0.0021212225788911146,0.0022808877555213145,0.002422108710366716,0.002561858643693314,0.002246367073013414,0.002440034078558414,0.002701129396074215,0.0028104292857420166,0.0027925373280811155,0.003100248309281916,0.003226904855636415,0.003246557115553817,0.003316202297828315,0.003500748079615916,0.0038068356983294166,0.004054460130476514,0.004208171176386714,0.010445429188085314,0.013692566319767216,0.013563956654649219
976,-0.0031608357213003327,-0.0030736020180149332,-0.002787344874922333,-0.002362544307394132,-0.0022720358262736332,0.00023320486897226642,0.0006815657203466663,0.0009332524482597686,0.0011804620312341682,0.0013943670620514687,0.0018131960694234665,0.001966948617773967,0.002106008914781868,0.002233476819598866,0.0019641619552100663,0.002162199572754469,0.002443249072965368,0.002547108360278067,0.002546501395884866,0.0028547694023068684,0.0029667423328041675,0.0029885573075345666,0.0030637491753381686,0.003242261884723166,0.0035316831784313676,0.0037999163936019674,0.004178950820921769,0.010485537953462767,0.013774614501643967,0.013656362747905368
974,-0.003200305142348984,-0.0031191174272539833,-0.002834666844722583,-0.002393074136642784,-0.0022890212339977834,0.00013568068431831642,0.0005296063795951177,0.0007537680388810149,0.0009802913938122167,0.0011776562239994154,0.0015865746042386178,0.0017434003783284163,0.0018818374004472178,0.0020004295743255157,0.001778686999794117,0.0019875093025748178,0.002295778403655215,0.002396983332065318,0.0024092094078044177,0.002718375406087315,0.0028253154633092158,0.002849041261381618,0.002922907062333415,0.0031040368226233177,0.0033878406389887157,0.003664414066053917,0.004165627097367217,0.010604198921229817,0.013946826607714718,0.013836184784966118
972,-0.003223119038436917,-0.003152246525773216,-0.0028681092023553154,-0.0023997475130753156,-0.0022851391931493163,0.0001275296660764834,0.0004677421297909837,0.0006717897066620855,0.0008834735754036822,0.0010703810368420837,0.0014773863238371834,0.0016375741718610837,0.0017748699217077848,0.0018907982378704828,0.001709834321319683,0.0019302672761029836,0.0022719509688428827,0.0023694300989939854,0.0023802210774689844,0.0026902295649347853,0.002797637924864583,0.0028198986571016833,0.0028884122622354833,0.003079733895166085,0.003367881421433884,0.0036507317382283855,0.004123684666201884,0.010678129908228084,0.014040732582321382,0.013928361472790085
970,-0.003212770667761081,-0.003148279574725481,-0.0028627053064935806,-0.0023786843026574814,-0.0022625243297089807,0.0002930566068128186,0.0005918902776245183,0.0007830367601504191,0.0009892196150839173,0.001140390333407619,0.0015464326627139188,0.0016956343681969188,0.0018313708663359185,0.001948396510806319,0.0017907039343530197,0.0020168416581861186,0.0023868017150529205,0.0024785337026214174,0.0024781971599663194,0.002783961427063719,0.0028901406219459178,0.002909873912261718,0.0029742046489108186,0.003166705999581118,0.003460721873561518,0.0037504902228570197,0.004059961523439019,0.010656465630624518,0.01398958672343402,0.013864964181346619
968,-0.003187703250030151,-0.0031231675358333513,-0.0028357350481826513,-0.0023482384277411523,-0.0022396023092601507,0.000652239979646049,0.0009253637686725477,0.0011059187823456492,0.0013134525056787485,0.001393417095568148,0.001793549610406349,0.001913527315150449,0.0020469615955575476,0.00216351823105115,0.002008367328457949,0.0022331332478695495,0.0026192811848879498,0.0027014729115224477,0.002691025616298647,0.002983752687744149,0.0030835536708038493,0.003102812589696448,0.00316312872585945,0.0033366858240361473,0.00363088580078845,0.003922556509193247,0.00402706109048015,0.01059740050101575,0.013871023174608248,0.01373444657104745
966,-0.003172891451500315,-0.003102996711703115,-0.002810229452434915,-0.002317588064620714,-0.002221128886133515,0.0010500146794153852,0.0013044793079394854,0.0014735722498000862,0.0016815679794605857,0.0016811317014886855,0.002071983202051186,0.0021576137935064854,0.0022864093807638854,0.0023985241584620863,0.0022340163019740848,0.002453502889017285,0.002847143250563386,0.0029117215496091853,0.002894845212285285,0.003170632498696686,0.0032600517410393843,0.0032787666485381856,0.003332524550584486,0.0034770166071650867,0.0037654012612151847,0.004060163032161586,0.004030866769953087,0.010546953783145884,0.013762868190518284,0.013624834566392586
964,-0.0031659515104389187,-0.0030842275403736175,-0.002781995624793518,-0.0022832393813521177,-0.002198014971355418,0.0012410206797658814,0.0014782805494088815,0.001637404627803981,0.001841852043560981,0.0017899401168392816,0.0021722344166512815,0.0022365740963366815,0.002358768200229582,0.002465810744567082,0.0022946195593109824,0.0025070650688567824,0.002903246329365382,0.002943914702953781,0.0029197789161606817,0.003185084816235981,0.003263291529099382,0.0032772379837560824,0.003325132390295681,0.003449431680519482,0.0037308684915180815,0.004041769532979881,0.004005130286115382,0.010463628991813181,0.013646703029167583,0.013513429028313583
962,-0.003149958688151853,-0.0030511463030078526,-0.0027435028691288523,-0.002250995927606853,-0.0021708588419863534,0.0011050347606524468,0.0013291878369955466,0.0014832264356060467,0.0016835249295183465,0.0016292471673334478,0.002004486319513348,0.0020690710148584465,0.002186178446099748,0.002292530091328347,0.002128546973445047,0.002333111058322448,0.002725600959086147,0.002748238254763948,0.0027155815842404476,0.0029822277001131468,0.003052453991064047,0.0030583193293941477,0.0031059768694018473,0.0032265327531923477,0.0035046939767769472,0.0038407849155277472,0.003927827832576747,0.010322111014504547,0.013501095493891646,0.013366462629881748
960,-0.003127421949284682,-0.0030158321138260818,-0.002713768222416082,-0.0022361072326309815,-0.002152447441464183,0.0007232073834158182,0.000937486677960217,0.001090810160222517,0.0012876298001706175,0.0012752318657289173,0.0016452197188370175,0.0017275745988869183,0.0018436742469391185,0.001953940796713618,0.0018142292401265182,0.002012781416052217,0.0023975516091219173,0.0024191852709223183,0.0023824132132938183,0.0026575477655017173,0.0027272538900622173,0.0027264491329026183,0.0027776813770046174,0.0029054299575791177,0.003185071428966818,0.0035427997305852183,0.0038863466258643176,0.010203152209439919,0.013390717912731618,0.013245576959622017
958,-0.003115722033608534,-0.003005407886849134,-0.002712903138172733,-0.002237181113180234,-0.002144958520992434,0.0002617493583677664,0.00046110561364216644,0.0006154915442574665,0.000806306577161367,0.0008577622240058674,0.001227309775411467,0.0013348024907097675,0.0014526288840949666,0.0015662207045118674,0.0014617074267570668,0.001659050725128567,0.0020414683420562664,0.002076479830718866,0.002042712525907967,0.002324415487232067,0.0024019563088634663,0.0023972657495122673,0.0024502952711936664,0.0025887763018104665,0.0028717246010126676,0.0032475310003497668,0.003946380648314167,0.010184177638741765,0.013370572806173967,0.013216172692803068
956,-0.003114909836229883,-0.0030169437472585825,-0.0027247505397611834,-0.0022322551733379836,-0.002133225514227984,-0.0001425843100051824,3.4218441534717564e-05,0.00019077241757941774,0.00037331524539151693,0.00048351903390001644,0.0008584319349978168,0.0009891868226753163,0.001108900957079717,0.0012209849116177167,0.0011499444028082173,0.0013504509456113162,0.0017409985670190174,0.0017913541887217173,0.001763035165219617,0.0020455829137164174,0.0021337494548679167,0.002125479107483617,0.002178581628002817,0.0023271034977270164,0.0026110460848915162,0.003004062454631317,0.004023271673480816,0.010205012329056818,0.013373649332191718,0.013222084810815616
954,-0.0031084904627081845,-0.003021567920334284,-0.0027202581469462847,-0.002211844374622884,-0.002109080870830284,-0.00039347030793198366,-0.0002363612915498841,-7.55414818276838e-05,0.00010201275079051511,0.00024921575444771665,0.0006304648637177161,0.0007780582078036162,0.0008995607271602164,0.0010070426310415156,0.0009571659916343157,0.0011633113946752163,0.0015656176160717163,0.0016250246543933165,0.0015990782476813167,0.001880840720188716,0.001974010541888815,0.001962905955218315,0.002019507923527916,0.002174504804372616,0.0024553548561457167,0.0028447308755027156,0.003996872070978416,0.010159845173258616,0.013308749294900914,0.013171241775441916
952,-0.003094934104323068,-0.0030111049311941675,-0.002705331397857367,-0.002197018478552368,-0.0020882793150094683,-0.0004399631572098682,-0.00028758178989076767,-0.00012026056734796772,5.781917538023179e-05,0.00021871562200183152,0.0006020364524440321,0.000758930550861233,0.0008830504232296317,0.0009876997822956327,0.0009452920903411325,0.0011596983307917315,0.0015686010352584327,0.0016313149811545326,0.0016049941440292315,0.001888502717467832,0.0019780718744149325,0.0019695609106530326,0.0020340788183912314,0.002190720947696732,0.0024656661555320317,0.0027987062032430315,0.003904538220991632,0.010075838343857032,0.013219879112054531,0.013096668226936432
950,-0.0030886272591673664,-0.003003794012089866,-0.0027076826803113657,-0.002209822224033967,-0.0020913131297753667,-0.0003123338872887665,-0.00014865116057466606,2.6172100527533868e-05,0.0002066060753077338,0.0003581634909042338,0.0007392447309300335,0.0008957042591936342,0.0010227333839529333,0.0011283335310779338,0.0010843712528383342,0.0013088523028270335,0.0017194009771516333,0.0017829105918614335,0.0017574374183625327,0.0020417069476302337,0.0021242132473356327,0.0021249093814038333,0.0021965305497602342,0.0023508458187870337,0.0026190348562720334,0.002839729986246934,0.0038834299729875333,0.010066805124527933,0.013220795105538934,0.013101239305377934
948,-0.0030884284004427673,-0.003004253756621767,-0.0027257398078771675,-0.0022411252004335674,-0.0021157888074421673,-7.924818092616692e-05,0.00010320647048333263,0.00028442725340473325,0.0004676623671917325,0.0005792300638172328,0.0009557941189019328,0.0010979369019179334,0.0012268263463880331,0.0013355673852706324,0.0012833108799545322,0.0015141814180889331,0.0019257864167990333,0.0019879989119918322,0.001965315391344433,0.0022434245120004324,0.002321197494659432,0.0023311753586050324,0.0024051621434470326,0.0025526652941475336,0.002814510441271732,0.002908320241314632,0.0039423536856126335,0.010136780899827334,0.013304761682208332,0.013175335972817432
946,-0.00307745793437475,-0.00299762149612395,-0.0027326971945309513,-0.00226544864209215,-0.0021395927525886503,0.00024733894464214895,0.0004448980369314501,0.0006286147998979495,0.0008181110127936497,0.0008576485759966487,0.001228255186758849,0.0013418750378443485,0.0014710583186498486,0.001583770634847749,0.0015158840731114495,0.0017447929718260487,0.00215685973424575,0.0022121499587129494,0.0021886930656827494,0.0024585048646861493,0.0025320481191784486,0.00254398515844885,0.00261647737694355,0.0027500378491404492,0.0030078361080148486,0.0030232630424402492,0.003938897023865349,0.010174860557300448,0.01335994404272175,0.013212818019710448
944,-0.0030583921761581333,-0.002987012390063033,-0.0027266031073716335,-0.0022745653977992338,-0.0021458788265336336,0.0006714646648222668,0.0008702355963604667,0.0010509668684918674,0.0012486269548139667,0.0012059173665812661,0.001572910092808166,0.0016516773041423665,0.001778743959347866,0.0018963988438891674,0.0018094880870848668,0.002031700363185767,0.0024428819251549674,0.0024798797638952673,0.002444423265125867,0.0027197507478356666,0.0027824914877569665,0.0027886143188838673,0.0028567040185621673,0.0029704522578263663,0.003229295623333366,0.003262103506763968,0.003793547874119665,0.010138246611383067,0.013356014886125868,0.013192451897925667
942,-0.003055814365946383,-0.0029960515631812824,-0.002732811585509084,-0.002277035322132184,-0.0021351109692531837,0.0010710745255130168,0.001253518588306017,0.001428015319213917,0.001628099457639717,0.0015248648870608162,0.001898140074654617,0.0019470518789889164,0.002067360186300016,0.002190092490041616,0.0020905770965423173,0.002308780467748116,0.002722241939577418,0.0027281414425836172,0.0026678384730047158,0.002971391294398518,0.003014705601898116,0.0030119227088385176,0.003071761888693217,0.003167321448662516,0.003432871509440617,0.0035711108523050154,0.003595788096783117,0.010097975194836318,0.013369531142791815,0.013196823806022115
940,-0.0030755207479761827,-0.003025757883055981,-0.002754938612051982,-0.0022740222325050817,-0.0021166161710301813,0.0012366741308439174,0.0013943634218160188,0.001563407781610418,0.001758570848134619,0.0016287745775430164,0.0020193150695781183,0.0020503955677325172,0.0021583491558830187,0.002283999888065217,0.002185198738898119,0.002402784509247618,0.002825976435226918,0.0027975312340382183,0.0027087657301306176,0.0030508870806435183,0.003073957696118318,0.00306216201505782,0.0031120578295614175,0.0031969860827865196,0.003471034023909119,0.0037249170300213165,0.0034699240256740177,0.010093007311595119,0.013421253153736018,0.01324685564661942
938,-0.003096645450078551,-0.00304996856711685,-0.0027683823228348507,-0.0022587132790485506,-0.0020988692095330504,0.0011127575009320483,0.001251830786389449,0.0014169348709567493,0.0016086663317399497,0.0014765959877052481,0.0018842973780451508,0.0019124535678347494,0.0020058003229265486,0.002131488756375151,0.0020452779942353484,0.0022611571275840507,0.002698203109717648,0.0026470668395527502,0.0025406506723075484,0.0029095126959008503,0.0029222450855028483,0.002901233687856549,0.0029464444720876497,0.0030273686346062485,0.0033065343698207503,0.0035938002847940506,0.0034538751751670496,0.010085502725571849,0.01344421175037145,0.01327257882861185
936,-0.0031148622255317004,-0.0030642654567946005,-0.0027698697586566005,-0.0022370803987806984,-0.0020879309721052,0.0008821234078930998,0.0010128714533963988,0.0011735985979653002,0.001369243421599501,0.0012520122060248988,0.0016656600511801012,0.0017079772101604995,0.0017905905179931014,0.0019152778804088985,0.0018490765672576001,0.002063310940071599,0.0025118560688143984,0.0024548020561745015,0.0023490176238732015,0.0027238048888779016,0.002739572032919701,0.0027099829289312996,0.0027604879522813985,0.0028424890024328006,0.0031216365172608007,0.0033458393301216,0.0035416008565661017,0.010088044168882902,0.0134406423087698,0.013274008811868802
934,-0.003152967406294952,-0.0030946122622554535,-0.002786042819930154,-0.0022250827848507536,-0.002084492982892351,0.000738629015977349,0.0008638146645775467,0.0010208752064162462,0.001221513321889748,0.0011384672843159464,0.0015496554779644463,0.001620120943800648,0.0017002344047684463,0.0018241445284549462,0.001783432631207546,0.0020021279804936475,0.0024578809534706487,0.002403166358982047,0.0023104695658890465,0.002679912345314648,0.0027056988256812485,0.0026709965985721486,0.002733160042756748,0.002823980121071247,0.003099841563844446,0.003241512831498747,0.0037148309947698487,0.010175629509353544,0.013503316913681646,0.013343198256223647
932,-0.003209755038749179,-0.003140340495888079,-0.00281797137559818,-0.002221883447667678,-0.002079475778140879,0.0006782259684325227,0.0007961506837899229,0.0009540138262302197,0.0011528913303873213,0.0011182394181694227,0.001529773893777623,0.001629197337394521,0.0017147691450815211,0.0018370658137372223,0.001825730128649422,0.0020533713591551206,0.0025126948040413224,0.0024601440696225205,0.0023796395603756203,0.0027457658933231245,0.0027787313320561217,0.002743476928144719,0.0028157006796874183,0.0029230468704383207,0.0031944800888807183,0.003300897071423319,0.003890611973334821,0.01031745320680082,0.013621925185373921,0.01346942613604402
930,-0.003240094023235919,-0.0031552279297331134,-0.002824181250788614,-0.0022099800472953138,-0.0020634550893939146,0.0005994408076825872,0.0007134000662788811,0.0008754835796007804,0.0010682436510066826,0.0010804123760763812,0.0014981892851213818,0.0016136870722510827,0.0017081626998690855,0.001827495037234582,0.0018446263321420867,0.002074890115471281,0.0025320753704579854,0.0024834712712029847,0.002405045112112786,0.0027736618980962816,0.002806259674776386,0.002772683035328287,0.0028492936951822825,0.0029724334528064833,0.003238801945641384,0.0033360506760092834,0.0039669039158989824,0.01035802061562268,0.013637057225001983,0.013492938340446882
928,-0.0032139450614698042,-0.00310968568363771,-0.0027795201447822077,-0.0021912688010059037,-0.002048777218897603,0.0004927824646335927,0.0006131298493162948,0.0007775886927907927,0.0009676685312620947,0.0010142018986379966,0.0014342128939966933,0.0015523096715900908,0.001652969511018093,0.0017702248822047961,0.0018072907994900952,0.002027300090892692,0.002472149876314493,0.002435132116532894,0.002352628791024894,0.002722296700207294,0.0027502777061233913,0.0027187223748041944,0.002795092488285994,0.002923220344002095,0.0031830560639161953,0.003247555387664497,0.003974441627866594,0.010245748522226393,0.0134780069059025,0.013343196909793194
926,-0.0031600508815423783,-0.00302816131207527,-0.0027060023684914725,-0.0022011929435544753,-0.002075460885907779,0.00039634038001302996,0.0005432988718337278,0.0007118764305770187,0.0009070159561599261,0.0009709071174753281,0.0013737360412071214,0.0014891652592684268,0.0015902787373494182,0.001707968321536621,0.0017470810616138227,0.0019468091815356275,0.002361310335989228,0.0023463003908246183,0.0022747579709705285,0.0026275742283169284,0.002653056877283927,0.0026273252201990255,0.00269939801754622,0.0028175104965661307,0.0030667731124686265,0.003097454400961125,0.00405934368868173,0.010132376934887027,0.013294251215431027,0.01317086839157143
924,-0.003110445763245512,-0.002926684273599503,-0.0026112822183735063,-0.0022656581958935135,-0.0021779349989025087,0.00023455522728749179,0.000451763289397486,0.0006447607064644922,0.0008557664746384891,0.0009061505260194863,0.001258459149687488,0.0013644887039414855,0.0014652171561684857,0.0015822489047874894,0.0015962362830254928,0.001765217908920494,0.0021154178859894984,0.002138635422568494,0.0021246884089334978,0.0024216124826294955,0.0024480824984974975,0.002440720434364496,0.0025006769466144885,0.0025914712906864867,0.002822012441244498,0.0028978258139824853,0.0042194041843674895,0.010108791392037492,0.013198973250836493,0.013092005450014488
922,-0.0030230053744003393,-0.002749918911735344,-0.0024361065472163212,-0.002348728604603334,-0.0023334282596863265,-0.00012349629623334413,0.00023211906297765372,0.00048489665113266023,0.0007274458309546594,0.0007153238303856668,0.0009788478322796668,0.0010548650605656795,0.0011646048489836747,0.0012730967517786684,0.0012340335655066648,0.001351746055972658,0.0015899927345866538,0.0016783227158526648,0.001785272292928658,0.001978315915342671,0.002004100242055662,0.0020347481622626784,0.0020695877975106802,0.0021120183974556728,0.0023151956751466807,0.0025424721558086616,0.004154248018545664,0.009938652415043658,0.012974515582387658,0.012891187697641665
920,-0.0028231713549741744,-0.0024502483367441485,-0.002139829809663152,-0.00235766285079117,-0.0024355854485811623,-0.0005759956779261555,-4.518552398716236e-05,0.0002815275291618291,0.0005651932616218269,0.0004604667685388364,0.0006227995235028316,0.000649185835816829,0.0007801527710428469,0.0008710461172568296,0.0007749563554388383,0.0008245248310298492,0.0009331480283678306,0.00110404890992985,0.0013561565306428325,0.001429946098433832,0.001451416465044847,0.001531806678002845,0.0015308425922468394,0.0015157351916468276,0.0016950841841608388,0.0020962437976538295,0.003548514479358833,0.009272999885063832,0.012267220323726846,0.012206497800753835
918,-0.0025682337975046488,-0.0021656739059336683,-0.0018689985522116481,-0.002235580231269657,-0.002359918178123671,-0.0006805431396186556,-6.68143331736537e-05,0.00028366325144033033,0.0005875810020043448,0.0004403919145793411,0.0005606046539873288,0.0005592376220173445,0.0007067034953713303,0.0007822103380633327,0.000673892495988343,0.0006839987748843424,0.0007456553485793438,0.0009604474297973398,0.0012747054409563419,0.0012946159635023324,0.0013195967456653412,0.0014280895106943414,0.0013992343995513357,0.0013632163081083448,0.0015451426992203476,0.002007177810587346,0.0026425174943563445,0.008302250347431345,0.011263084651605332,0.011198404665043349
916,-0.002461964714673498,-0.002141077071422498,-0.0018618139967085112,-0.002073273206223497,-0.0021485559759344963,-0.00021094292297449413,0.0003007704055754956,0.0005931771112704931,0.0008747567200425022,0.0007870610101294861,0.0009667460364014835,0.0009967909205454983,0.0011367801434974956,0.0012115909684654869,0.0011524287104044961,0.001194163769024481,0.0013531876179445068,0.0015278874801764875,0.0017617272036734855,0.0018342833428144911,0.0018811950377574937,0.001967522244921499,0.0019392142361174813,0.0019501578107384843,0.0021636846191865067,0.0025349035675915066,0.002188889974296504,0.007832711132337494,0.010794979965140505,0.0106866849649625
914,-0.0025641455444740113,-0.002363518142620008,-0.0020921761403140116,-0.002005486248845001,-0.0019910594483570077,0.00042044605285698755,0.000744295678793,0.0009537625482390066,0.001195156263296998,0.0012082858733669932,0.0014868527975530066,0.0015774912177209943,0.0016963529692839985,0.0017809207479039801,0.001785352110700994,0.0018977777372279903,0.002210884179681988,0.002305613530142997,0.002403805649641988,0.0025706138148249846,0.0026451076423349984,0.00267976641838899,0.002674124397334998,0.0027583900215149837,0.0030041056856310033,0.003222860730755006,0.0024103152444779896,0.008157372470942004,0.011178870924272999,0.011016385524609984
912,-0.002750813962507731,-0.002634058713504639,-0.0023607928003967354,-0.0020461409573969414,-0.0019703877586776386,0.0007905297060649685,0.0009748734857777663,0.0011348671720068648,0.0013477091317433687,0.0014342773971051659,0.0017773237749059562,0.0019123247725899573,0.0020176889147598687,0.002112777971627469,0.002155886904627466,0.0023254225798049616,0.0027449852545212566,0.002783235112671964,0.002787991420261357,0.003023249944846762,0.003113133349871261,0.003105185411787864,0.0031242384896481568,0.0032564242514873665,0.003515852976344158,0.0036031506466584623,0.002902761615437968,0.008834312971143662,0.011955880591368664,0.011762194192483658
910,-0.0029176577778828525,-0.002838944394384646,-0.0025610486865091514,-0.00212963884127345,-0.0020307981966031508,0.0008395017893967557,0.0009624997535090454,0.0011121091831807553,0.0013109546978547562,0.00143500415641145,0.0017965731923357472,0.001951418578986945,0.0020556259680847497,0.002160583075477153,0.0022173752544346545,0.0024176110205181497,0.002878938511658345,0.002896744426402649,0.0028620363189664558,0.0031325679752863475,0.0032234430865711525,0.0031974509796771564,0.0032332568561041566,0.003380495265498655,0.0036395441628658473,0.003648947917815455,0.003347406288240755,0.009453463945789047,0.01267420540416695,0.012478087896653257
908,-0.0030238953426116183,-0.0029569579429691156,-0.0026764838640216185,-0.0021851110425540124,-0.002081915074958314,0.0006995763110773864,0.0008059679970218864,0.0009623974398616855,0.0011546470698631864,0.001293425233902884,0.0016521598116022856,0.001815583128406885,0.0019217932264927878,0.0020382217976508826,0.0020964681937422833,0.002312936209753487,0.002782158535275081,0.0027970191063828864,0.0027452048320782824,0.003035639829787183,0.0031214651458522855,0.003095590952411284,0.0031405794907833837,0.003287348576937882,0.0035434609580716828,0.003530800658503086,0.0036521614511510828,0.009843973952893485,0.013110001156914387,0.012924363267114686
906,-0.0030545642516539642,-0.0029875861806298656,-0.0027063001749001656,-0.002172368107748665,-0.002071569279642263,0.0005351343835666364,0.0006364348868094366,0.0007965748376969339,0.000987548417735934,0.0011246588146852365,0.0014816425993454327,0.0016516316413797347,0.0017536500878522349,0.0018813463289479374,0.0019367451256119342,0.0021636963649344365,0.002632250804869833,0.0026466987608550346,0.002577959912145135,0.0028833175378195353,0.0029646125936082374,0.0029429342059068345,0.0029930751800879354,0.003136002563624632,0.003392357941208332,0.003385552993180732,0.0038090986430633356,0.009959184010911531,0.013173711207128833,0.012992387994574937
904,-0.0030192433948633968,-0.0029448045765024973,-0.0026613071011601964,-0.002105852634956197,-0.002013566167380399,0.00044261915460230145,0.0005398600697319039,0.0006958151411816035,0.0008904737801336028,0.001016847756604801,0.0013786238607003017,0.0015520800604000018,0.0016435798152183018,0.0017768084816834027,0.0018299449952917032,0.002060112153887003,0.002523751264532602,0.002539487884768002,0.0024569248318060018,0.0027712048209782014,0.002848401183961305,0.0028272841946087035,0.0028803995020508025,0.0030154482286465015,0.003273895013706403,0.003271265937977899,0.0038521719759104997,0.009857475454519503,0.0129324836265714,0.012744773874862704
902,-0.0029642268173735165,-0.002880337829888318,-0.002592001698787018,-0.0020423249666738155,-0.0019591817490928164,0.0003940705066471824,0.0004873002706344831,0.0006377551327552827,0.0008359098839302824,0.000957655606540684,0.0013280165167445825,0.0015004531431854831,0.0015814387041443827,0.0017123322162205835,0.0017693391678819843,0.001994729063408883,0.002449828781853184,0.0024694015747588824,0.0023850819580658843,0.0027002606816550825,0.0027735271365856816,0.002751392786461783,0.002805013087467282,0.002928897925566283,0.003189724017600183,0.0031995715707433814,0.0038648020582289846,0.009710860379118082,0.012632985375366983,0.01243807306181548
900,-0.002943154329210846,-0.0028583847979405455,-0.0025654407056018465,-0.0020317301186629465,-0.0019468984339976458,0.00029768368333535355,0.0003836007636911533,0.0005317617613928537,0.0007292251836272558,0.0008591639547570543,0.0012393939786073532,0.001410750645266256,0.0014857469164641542,0.0016107211602510545,0.001677450732415254,0.0018963272527715534,0.002347345818245753,0.0023675860687336556,0.0022906381626697538,0.002600416326352554,0.0026739417083172547,0.002651849730599353,0.0027033425817774535,0.002823004246203756,0.0030876759120773527,0.003143471472749855,0.003916456246619154,0.009692819467134454,0.012541276940449955,0.012345608385413851
898,-0.002968587953484765,-0.0028975349595668654,-0.002602350657747665,-0.0020764864536783646,-0.0019782344514014637,0.00014178494546723472,0.00021797885817783497,0.0003637834159479353,0.0005597666599365357,0.0006999991696350349,0.0010859898267360363,0.001260608750289334,0.001334429892687436,0.001455166639040436,0.0015279882470702333,0.0017448300551414359,0.002199583923749436,0.002213249380827634,0.0021434917574288358,0.002445336616983134,0.002524890977848533,0.0025007810980374363,0.0025486182635188342,0.0026782111161795345,0.002947797955314236,0.003062495885913334,0.004000006878930436,0.009830495774169435,0.012718795201771233,0.012523194475879136
896,-0.0030123645040828657,-0.0029628531988287656,-0.002663166998953765,-0.002137539626854066,-0.002026553759557166,3.853693429313465e-05,0.00010936465278083528,0.00024844507797753407,0.0004447155618214349,0.0005896259599000343,0.000971525984660734,0.0011523108196620346,0.0012287200457800334,0.0013474198749930336,0.001416546650576436,0.0016363656929410334,0.002094101832398035,0.0020977335622597345,0.002031007178831234,0.0023284106025845356,0.0024138650585002353,0.0023825228392839338,0.002426697377593835,0.0025732278992377355,0.002844909282774333,0.002974828615701733,0.004078960629412135,0.010016387223398834,0.013007057794802336,0.012802478088276633
894,-0.0030510529008374674,-0.003016270736594268,-0.0027029176333943673,-0.0021771497067109673,-0.0020620309271734676,8.074768042953123e-05,0.00015090898222283253,0.0002817022699017329,0.00047414577489463157,0.0006272730523538324,0.001000517838466733,0.001185001570903432,0.0012665669118782329,0.0013832258431720323,0.0014464354970616326,0.0016723886872031316,0.002125771916896833,0.002120929121304233,0.002054123272411333,0.0023571319407415334,0.0024429263470682316,0.002403061836211534,0.002444538508236631,0.002602055962100733,0.0028703751999751333,0.002953237809169831,0.0041518066952174314,0.010154120638522933,0.013231492508982133,0.01300942190471053
892,-0.003083058433978202,-0.0030455293532697016,-0.0027125884591529016,-0.002188701913464902,-0.002072573360264002,0.0002119304127756981,0.0002779658906509972,0.0004060084532505979,0.0005868292407032981,0.0007565506347996971,0.0011308467584478978,0.0013113152154090972,0.0013979534132395974,0.0015128717239661985,0.0015781011898901975,0.0018113472828775977,0.002258296997470998,0.002247285035525997,0.002178996580726497,0.0024967634929684967,0.0025804758118034964,0.002537773541762099,0.0025778451102055986,0.002735466526497596,0.0029967309245664975,0.003013958754134396,0.0042116524572019965,0.010222986490360597,0.013337646663184098,0.013102451520129699
890,-0.0031051498516694327,-0.0030487408569409326,-0.0027045867005597336,-0.0021885395970557327,-0.0020672897295020334,0.0003117397600989665,0.0003684043438155673,0.0005000962072197659,0.0006713330833082662,0.0008493482885061666,0.0012382686254935674,0.001404941088428667,0.001493587048008567,0.0016091497280781662,0.0016815922967581675,0.0019188686446069674,0.0023636660312818664,0.0023491036542908662,0.002281096926229966,0.002611506918343767,0.002696138940280566,0.0026571084078387663,0.002697146284721166,0.0028474784721970667,0.003100926544678667,0.0030859605963255675,0.004211156207818367,0.010228758371519067,0.013346180814379768,0.013114306735727867
888,-0.003106570112531718,-0.0030274620269863176,-0.002688625644459817,-0.0021903646329137164,-0.0020607758613689162,0.0003726526024891829,0.0004244732009548828,0.0005581859416010828,0.0007332553904522837,0.0008975856603632825,0.0013000171790541835,0.0014480555944820835,0.0015360618897050822,0.0016534596710754829,0.0017286926127815828,0.001962530090036583,0.0024063974078422836,0.002393356511581183,0.0023300726005279822,0.002661181719932083,0.0027470410735522827,0.0027128961934633836,0.0027546977594115826,0.0028946616547966837,0.003140658277984683,0.0031387912522102823,0.0041555627378909825,0.010186437582786883,0.013288366171946982,0.013073798278260483
886,-0.0030903921061156484,-0.0029983023734346482,-0.0026718363265669483,-0.0021926539116317485,-0.002055115448123349,0.0004944163058293524,0.000551765492064352,0.000679767724917452,0.0008664450654537522,0.001011570388073051,0.001411569259799652,0.001547937902942352,0.0016364644270688514,0.0017525796848550518,0.001826046285948851,0.0020520333054840512,0.0024910607936052525,0.0024850197370707514,0.0024265299374050513,0.0027500190730212516,0.0028304157390760514,0.002799690717590852,0.0028455462849774522,0.002975129300116952,0.0032153588442802514,0.0032487255450280514,0.0041680413384343525,0.010145875276266253,0.013206825363249351,0.013008300165872353
884,-0.0030720000596409676,-0.0029811309924265674,-0.0026603437796903677,-0.002186134371292568,-0.002041168646458768,0.0007133433797262331,0.000778638057483733,0.000897736631062733,0.0010881385337860316,0.0012340840428999317,0.0016192250653169326,0.0017604652910434317,0.0018523400172245318,0.0019629153034568317,0.0020370688030242317,0.0022596700783571316,0.002692132829326033,0.002694842558639733,0.002632691796004132,0.0029512518786748328,0.0030204487711626322,0.002994169414440733,0.0030448168078660316,0.003168409383399233,0.0034066389435020317,0.003461676437226533,0.004351292509324332,0.010150243591353731,0.013136838922888932,0.012940777849509233
882,-0.0030522909031912336,-0.0029709587585976336,-0.0026494444506375333,-0.0021657264433473334,-0.0020137986298556336,0.000933854936181467,0.0009995263309648672,0.0011148365831004665,0.0012981797665667667,0.0014615107958744662,0.0018344435819138659,0.0019943629030024675,0.002088351609644167,0.0021937160488065665,0.002270219086478866,0.002498038528339467,0.0029268382404697667,0.0029358291738462664,0.002862297633620666,0.0031821094101552663,0.0032437893349630664,0.003223229289986267,0.003274788959829066,0.0034010152517157666,0.0036392394772548665,0.003675306793543366,0.004611591494182667,0.010160938515120167,0.013057692879993067,0.012852219185629368
880,-0.003017872989767534,-0.0029456832829585335,-0.0026257797086477333,-0.0021327756855791333,-0.0019767225011379334,0.0010459900187361655,0.0011053595508218658,0.0012223369570933656,0.0014000381594964657,0.0015712249225691664,0.0019421362980128667,0.002121237305327166,0.0022108237426050666,0.002315944599445466,0.0023889519815909668,0.002625354036667667,0.0030528312985616656,0.003063367166782167,0.002983383005680367,0.0033040796572455667,0.0033677115971899665,0.0033485361095895658,0.0033937758249856665,0.003530208363542066,0.0037643290071324668,0.003754441514671667,0.0047213146168600655,0.010089047875796465,0.012916742633338368,0.012698834168090865
878,-0.0029714941755488835,-0.002902855309121083,-0.0025847779972107835,-0.002089413143784283,-0.0019334646393140828,0.0010412027880305173,0.001094616808279417,0.0012134764406740162,0.0013937445549625175,0.0015531548883190166,0.0019273135321205177,0.0021140585055622173,0.0021937590762710173,0.0023026338430965163,0.002367083548664316,0.0026081394974401175,0.0030340545701944173,0.0030407649494112177,0.0029676162879925163,0.0032829927494610178,0.0033537234489140165,0.0033278682345546165,0.0033637215703842174,0.0035104228106963165,0.0037351299743579175,0.0037066397671090164,0.004554506362123517,0.009907810896691816,0.012713678502262417,0.012482005264979118
876,-0.0029375708919886162,-0.002864659687510816,-0.0025361808558296162,-0.002037814231940916,-0.001885768442119816,0.000995071739848384,0.0010464970750494844,0.001168585654072983,0.0013517828294417836,0.0014943378046152842,0.0018700944963979844,0.002050143047055284,0.0021221853274296845,0.002234486315254384,0.002294929698238083,0.0025347793115205845,0.002959547722520283,0.0029599471959963833,0.0028996928890533836,0.0032060124481606833,0.0032808284251843838,0.0032452553392257836,0.003278664153540483,0.0034271539736196836,0.0036463099745859835,0.0036509262508110842,0.004195447251650884,0.009685221191271484,0.012514086659515982,0.012261994109389785
874,-0.0029334727499131666,-0.0028482703866282667,-0.0024952190644689665,-0.0019884497936575665,-0.0018442354233193662,0.0009901998643999342,0.0010447975029560345,0.001178607492537934,0.001357400047867734,0.0014903864065785345,0.0018652393571169344,0.002030129201401734,0.0021032846350983337,0.002216758163358234,0.0022810869060441337,0.002516610032828234,0.0029418589770457346,0.002940743296959933,0.002887724184520034,0.003189669600739133,0.0032612287190919333,0.0032210585414957343,0.003263793000021534,0.0034040078734855345,0.003630642532509434,0.003659853557909834,0.0038494623393135335,0.009519532633932633,0.012386867030067132,0.012109647417987333
872,-0.0029574323238501666,-0.0028565400510578666,-0.002480207258541367,-0.0019630714472023665,-0.0018280804289339666,0.0010584406879024337,0.001122525384224934,0.0012753720267690335,0.0014478724337704339,0.0015760065708757334,0.0019510032185437332,0.002102945026157533,0.0021847165353082332,0.002298576401641333,0.002368786718740334,0.0026009788394455325,0.0030274394082972327,0.003033945693227933,0.0029818945742566324,0.0032919796597640338,0.003354023982316833,0.0033157216969232333,0.0033717216578722335,0.0035022882284572333,0.003745202393558633,0.0037171260190441337,0.003712400117694234,0.009491132499600732,0.012379079097974734,0.012085331509585732
870,-0.003006298988211767,-0.0028951045063642673,-0.0025105533727545672,-0.0019803850849817667,-0.001847041794860167,0.001152253886736133,0.001228001218550833,0.0013936840577941324,0.0015684203801230338,0.0016936951566881324,0.002072299744716832,0.002222980217733132,0.0023135836325807327,0.0024286362806442323,0.002505181126585632,0.0027385361321994326,0.0031678835330046324,0.0031842964545854323,0.003134191125359333,0.0034654503420223333,0.0035171157352300335,0.003481756872043432,0.0035421036262048332,0.003673112600293733,0.003928161965758434,0.0037949559903097336,0.003879166236664933,0.009648788218686932,0.012532240091032432,0.012239383747172532
868,-0.003078624335500117,-0.002967652966010517,-0.0025868986862225174,-0.0020376934876261176,-0.001892353170851917,0.0011796315696340825,0.001259070408065983,0.001421822260077383,0.0016083191133196822,0.001736019058634082,0.0021195464256812836,0.0022810034444634836,0.002373708054767382,0.002491097634050983,0.0025798743726697833,0.0028182661237273823,0.0032559526209829832,0.003271317927213883,0.0032257952845423828,0.003580864937296183,0.0036282395152161823,0.003592263789014982,0.003644843197511783,0.0037875977153332824,0.0040455518839888835,0.003884826608898082,0.004280366731767583,0.009967895621215982,0.012845895055909183,0.012563222646211184
866,-0.0031559123568004658,-0.003051941123912066,-0.0026762752351295657,-0.002111484026220166,-0.001950475347639766,0.001109256704494634,0.0011800057285731346,0.0013314169053997345,0.0015307017355404339,0.0016620015067019345,0.0020464688197273347,0.0022200120292465335,0.002305318585891734,0.0024265983502212334,0.002530914060835935,0.0027715535800664345,0.003222779579106434,0.003220246226326734,0.0031767441989943345,0.003543897758969134,0.0035947264601987336,0.0035534484412036342,0.0035959902002775336,0.003749959803316035,0.004008101965573834,0.003965424024997835,0.004707600105541534,0.010327043954104435,0.013223999408351634,0.012946088089702035
864,-0.003208107393248151,-0.0031103059862832507,-0.0027372507311181505,-0.0021766554912857512,-0.0020149489517050506,0.0010207048450011488,0.0010792502478208493,0.001224801983432249,0.0014312398610258495,0.0015528495987614495,0.0019322335287958485,0.0021069237731736494,0.0021776803694996483,0.0023049208423435484,0.0024130888329544483,0.0026476424543168493,0.0031107847572101497,0.0030802181750099493,0.0030331823773024494,0.0033978623098925497,0.00345206974889565,0.0034013982959088486,0.0034426109912234484,0.003595445696745349,0.0038570786419157487,0.004006967740958148,0.00497225822672395,0.010592922796414047,0.01352968978040495,0.013247268553640348
862,-0.0032250381371986166,-0.003128675838012516,-0.002758282663233016,-0.0022202485753684163,-0.002076742110875417,0.001004390231180383,0.001059014062669384,0.0012072416916937834,0.001417423351357883,0.0015074427350503829,0.0018813264844163829,0.002043007288874783,0.0020995086867631827,0.002233850889966183,0.002324619090401183,0.002549866748552284,0.0030177877909859843,0.0029611292918560825,0.002906373290695284,0.003266898743288683,0.003315494357324783,0.0032547639471828833,0.003303635006341784,0.003443777588906783,0.0037109976147344827,0.004001126511850684,0.005037322115824383,0.010725366143564185,0.013698800036104783,0.013408987324687982
860,-0.0032209665103814494,-0.0031214959504811497,-0.0027552218940873497,-0.002237969348974549,-0.0021148716596656493,0.0010592699209901512,0.00112022208368055,0.001273719961413751,0.0014911529978180503,0.0015331411317909506,0.0019091658622552498,0.0020481338973357506,0.002099943045599551,0.0022405527424114507,0.0023012384314014507,0.0025254619276150513,0.00299246862786435,0.00292121767321265,0.0028550931482767506,0.00322155958028605,0.0032582110335212513,0.003193548220034751,0.00325085222970595,0.00337631112069725,0.00364918016471845,0.00396074962117945,0.004965528957838851,0.010754373012244151,0.013747126923732252,0.013450525363590152
858,-0.0032076509696314006,-0.0031024278276584006,-0.0027423489976359005,-0.0022304024510402007,-0.002113371274895,0.0011682424842544992,0.0012411428345838992,0.0014014409277875997,0.001631863347367899,0.0016171389989318996,0.002004325237854,0.0021144521381131,0.002174530727025399,0.0023199531083892,0.0023530700148715993,0.002587219011583099,0.003051625636414099,0.0029810884081715987,0.002899677164847599,0.0032772954388101995,0.0033074357777844003,0.0032480951178331992,0.0033085821416678988,0.0034234193922534992,0.003702659796050599,0.0039311754055571,0.0048220793789911995,0.0107035161249334,0.013700426156965699,0.0133962015208609
856,-0.0031875365031945662,-0.0030791921446722665,-0.0027297857914069666,-0.0022096862025128665,-0.0020856028825267663,0.0014357567078133338,0.0015250792207212333,0.001697940152752534,0.001941141553271234,0.0018535354698224335,0.0022547896222192337,0.0023269448651863332,0.0024012333941029335,0.0025512868568624333,0.0025625661586932335,0.0028070813610121337,0.0032692702872455333,0.003209222220630233,0.0031119655059064335,0.0034929781162676343,0.0035250707400434336,0.0034739123745254332,0.0035328984516227327,0.0036382568822138335,0.0039223995312812334,0.0040195262067059334,0.004704731284176633,0.010616315272985833,0.013602210106951534,0.013291803524313434
854,-0.0031725788682574326,-0.003071858639100633,-0.002738094399618733,-0.002199852872680533,-0.0020677469983784325,0.002042173225236467,0.002153929789967167,0.0023428170373232674,0.0025917694446319674,0.002380104272505467,0.0027918866469976676,0.002803133161218367,0.002886770985283167,0.003042018377137967,0.0030237766247396677,0.003269062523335667,0.003731491626344767,0.003675037224810368,0.0035666454604697676,0.003941686722374168,0.003968302365568368,0.003920177729476867,0.003975278231232267,0.0040613149895888665,0.0043440956403301674,0.004329370663856968,0.004768969455389267,0.010607970034792368,0.013560027793190967,0.013250131778035766
852,-0.003179408292008216,-0.003099453115526216,-0.002781654111601516,-0.002218140941926616,-0.002083997058873716,0.003036088912438184,0.0031725246537895836,0.003371894704483884,0.003620421806021983,0.003178198720811684,0.003594322075790684,0.003496963149338784,0.003582175782351783,0.0037414915501437834,0.0036646792313452846,0.0039034713175288846,0.004371292412751484,0.004292056722328284,0.004178289184882584,0.0045487229471611835,0.004540431074337184,0.004492362509297284,0.004541530255871984,0.0045823504800983845,0.004860094448955683,0.004805302679195684,0.005076901428473985,0.010769014767472985,0.013666875318936584,0.013362653519936284
850,-0.003198589973582484,-0.003143189488706684,-0.002835647504767484,-0.002255101654454084,-0.002122346255214984,0.004206445658706116,0.004360587403771416,0.004562961375956316,0.004810111667795716,0.004008065130664017,0.004422500526073116,0.004154775146678716,0.004240726682228317,0.0044003136200331154,0.004223534628857015,0.004457806081657116,0.004935210373817817,0.004801402439517517,0.004684791060178216,0.005057849701766416,0.004981164372714216,0.004938310726526015,0.004981171318506817,0.004942788127696616,0.005222750380008616,0.005206114068999315,0.005447732396444616,0.011009778596593016,0.013855065100576717,0.013554874876725714
848,-0.003196034344130133,-0.0031561437888291332,-0.002849937281870433,-0.002279236701804433,-0.0021452879424117333,0.0051507351747323675,0.0053092485236634675,0.005515456066453367,0.005759515314818267,0.004555628197166267,0.0049654669616032675,0.004502078409907167,0.004594130955045567,0.004749791256035066,0.004450686194064166,0.004686092893596366,0.005172291707834167,0.004972016422910567,0.004853538203815566,0.005228997262511966,0.005075629610874767,0.005042179466860867,0.005083534571735066,0.0049529185732690665,0.0052465446627136675,0.005310640158611367,0.0055920446812189675,0.011104314184445768,0.013923312375196766,0.013626640059045868
846,-0.0031584971670115007,-0.0031217215509685005,-0.0028075186212498005,-0.0022662330352761005,-0.002125554167101401,0.0054707514111007995,0.005622179901385099,0.0058363333325291,0.006069930934313599,0.0046162150997435996,0.0050240004124697995,0.004431885425589299,0.0045316678978206985,0.0046821449228334,0.004293721459430299,0.004531997801971399,0.0050231046594156,0.004781648955056999,0.004665034188302,0.005033559603042899,0.004834783348998699,0.004804397646669899,0.004851339598353999,0.0046638478249461995,0.004971894733433699,0.0051180395676392,0.005412736401616499,0.010936415250417098,0.013763812368859898,0.013479524541607297
844,-0.0031171139053441997,-0.0030766152213815,-0.0027489718469671997,-0.0022256951737515,-0.0020766670381942,0.0050183919978729,0.005159452585621901,0.0053761071796961995,0.005594633934382799,0.004196161794744801,0.0046057681369613005,0.004030963041443501,0.0041311316777258,0.0042783295966916995,0.0038873294193040994,0.0041265258383242,0.0046191110477334,0.004389868832506901,0.004282479932004201,0.0046374984062435,0.0044470119900142996,0.0044101963819794,0.0044630610147854,0.0042886227437974,0.0046004562552413005,0.004798873534330199,0.0050784151267761,0.010642028536490898,0.013508808316443799,0.0132450631856386
842,-0.0031120025817611995,-0.0030647285990405997,-0.0027282165111375996,-0.0021969129627008,-0.0020464514866643997,0.0040801718603007,0.0042168318348237,0.0044232542648799,0.004635593914534701,0.0035446132084484003,0.0039536589031666,0.003522809014290901,0.0036139272348942,0.0037589239058348012,0.003449969919804401,0.0036893368458805,0.004179311241884801,0.004009481546800001,0.0039187747920759,0.0042660087125485,0.004122138689626,0.0040799750015551,0.0041302391575886,0.0040203708440416,0.0043277710282524995,0.004520905353540601,0.0048039200192291,0.010467332367411802,0.013401560678869901,0.013148312141304599
840,-0.003147865436844367,-0.003090737478965367,-0.002757706830756167,-0.002210409851013667,-0.002068189849759167,0.003256744093778633,0.003399091284439433,0.0035902520477318327,0.0038135878537661335,0.003050647564805633,0.0034523945464501327,0.0031807288523177327,0.003261314375063033,0.0034009950715604333,0.003197387428871333,0.003439065627871933,0.003920987284451632,0.0038198562224116333,0.0037475180794839334,0.0041018012218589335,0.004002583855281033,0.003965008049687834,0.004006141397185934,0.003957754692857332,0.0042609740042838335,0.004385233164418133,0.004661344014877933,0.010520994389583333,0.013542977231424332,0.013274909447338733
838,-0.0031936528311053,-0.0031268721274719,-0.0028030381170246,-0.0022502898219886,-0.0021171684568285,0.0030014709517187004,0.0031548364517377005,0.0033361166111629996,0.0035812110854656,0.0029699435764146,0.0033647089717047003,0.0031688569639445,0.0032460532040464,0.003375786030187,0.0032400832148347,0.003485934991263,0.0039588564025741,0.0038999562696285005,0.0038371371863685994,0.004210865403543,0.0041259524697188,0.004098338619905199,0.0041355374825259,0.0041101798355919995,0.0044102039179116,0.0044413660579971,0.0046053505232988,0.0106898560945244,0.013791346393087801,0.0134910213544189
836,-0.003214098564113817,-0.003144132618486017,-0.002819274298973317,-0.0022651263154153172,-0.002132686297246617,0.0032633802860130836,0.003424180453141583,0.0035984922384610834,0.0038646698305156825,0.003223644784734982,0.0036219112051167823,0.003414622997152883,0.0034955355065835825,0.0036152606264109833,0.0035001879766326837,0.0037476198464001824,0.004219968621692583,0.004172752464332882,0.004102298420081282,0.004495596160426584,0.004400653499630483,0.004379702916901383,0.004423958020779282,0.0043917244685354835,0.0046865720252390825,0.0046544203271281824,0.0045745267842029836,0.010772169239757882,0.01390327148639648,0.013575318094235081
834,-0.00319918230585015,-0.00313307090923965,-0.0027916048944604498,-0.00222705054313585,-0.00209102347828215,0.003640167948046151,0.0038020238638550507,0.003965327357062449,0.004244936714873751,0.00352537117817395,0.00393561371943305,0.0036941308746727504,0.003778405977011251,0.0038933401285577507,0.0037787636571982508,0.00402034347004935,0.0045040955480510495,0.004457000402193251,0.00436460091750285,0.004765369062035451,0.004662422896665751,0.004643406955528649,0.00469742007452155,0.00465426259492895,0.00494567129368085,0.00489557588665115,0.00454157930026875,0.010684321659062652,0.01378001999828395,0.01344193213096825
832,-0.0031739977288853336,-0.0031130305214743335,-0.0027506353149121337,-0.0021709749115670337,-0.0020387586438226336,0.0038387267597959664,0.004001414869576267,0.004155765713412566,0.004435673668982766,0.0036938446878344664,0.004112756495490066,0.0038627758061476666,0.003943837702264466,0.004057982477000566,0.003942180979675667,0.004171379104624867,0.0046710231790188655,0.004622500864249366,0.004506913035060666,0.004902709139745566,0.004809369924910966,0.0047887820885949665,0.004843783138264467,0.004797040563421267,0.005091757886282166,0.005049559371541567,0.004531447535408566,0.010546600412696967,0.013581346561673566,0.013247397120661468
830,-0.0031741161132240662,-0.0031174284143735665,-0.0027407774032681665,-0.0021540530646986665,-0.0020347995743752664,0.0038807547228548343,0.004049875735513933,0.004211339086542734,0.004474408501868533,0.003761762257595434,0.004181765954688134,0.003942478647501634,0.004014304874774033,0.004127375063367134,0.004002518695067333,0.004221046851593334,0.004730255386907834,0.004669476531511633,0.004539887945819633,0.004931485535045333,0.004857400000652933,0.004828492175937634,0.004875059419521234,0.004828184866788233,0.005128443479448433,0.005106532918785934,0.004594694178186333,0.010535788210646935,0.013545229103994035,0.013221174569939733
828,-0.0031980690347934494,-0.0031488134762690497,-0.0027634387072926494,-0.0021801390828115495,-0.0020739208336588493,0.0038882847941639513,0.004067459088377951,0.00425225100856355,0.004489221850435551,0.00380175846738725,0.004222874124856251,0.003986112661806151,0.00404764998465875,0.004162678400293651,0.004012192402617351,0.004229816957390351,0.00473724930409715,0.004647015478428351,0.0045118616204209505,0.00491292402111945,0.00485084526051745,0.00480607887544835,0.004843050997115851,0.004795186737933651,0.005096057481918651,0.005100554996511451,0.004716524689010651,0.010648073234564352,0.013679632051645553,0.013364381134825552
826,-0.0031974626504212003,-0.0031589998185764002,-0.0027682407930492,-0.0021942248149774,-0.0020953806813841,0.0038590137710373005,0.0040472624043399,0.0042544923989679,0.0044753046729932,0.0037915676745217996,0.0042185229671632,0.0039716986974465,0.0040267485586465,0.004156740247969199,0.003971621167509399,0.004196942122746,0.0046934281326253,0.0045692226007234,0.0044315193462107,0.0048534029890226005,0.0047895442971798005,0.0047309410834749,0.0047627585645040995,0.0047133972261022,0.005013966167081299,0.0050311008118227,0.004788461622363799,0.0106855910469585,0.013728725327232297,0.013414308758408298
824,-0.003137201396362067,-0.003106289179745667,-0.002720494468930867,-0.002159071248403867,-0.002061795970175667,0.0037299242513380328,0.003926130290743933,0.004141190854413233,0.004365251883737033,0.0036951083604319333,0.004125942440666633,0.0038761881621638327,0.0039324130671170325,0.004090253567053433,0.003879290574043533,0.004112223069785433,0.004596068872605633,0.004451167038199933,0.0043128398033539335,0.0047521088815643325,0.004680779525705433,0.004620504059208532,0.004651114143157634,0.004603543615510232,0.004911244945670833,0.004921001088578032,0.004740999711979134,0.010523126107628133,0.013510606619060735,0.013184852263618135
822,-0.0030515421638399667,-0.0030238231192928665,-0.002657124812698367,-0.002105141127794667,-0.0019994570161929667,0.003529943275672633,0.003733851002523934,0.003945157420860233,0.004180256446828333,0.003560388886867133,0.003985715225047334,0.0037571157464150323,0.0038247476226384337,0.004004705995340233,0.003788545891461534,0.0040235008658246335,0.004502561768697634,0.0043551178013904335,0.004219359862401734,0.0046621724326676335,0.004590689761943533,0.004537108397970432,0.004569500537845734,0.004534030888708233,0.004850643915170233,0.004868913885301333,0.004656894175510634,0.010293646295068733,0.013181987199849435,0.012837088239818835
820,-0.00300585323898935,-0.00298639074046405,-0.00264016522454445,-0.00208266587430295,-0.00195564887008985,0.0033650979053293506,0.0035731933760557496,0.003778894714140949,0.004019519547904251,0.0034687017507128506,0.0038820814497093504,0.003694273133677749,0.0037807930843837493,0.00395839058636605,0.0037548792646757492,0.0039885552500846504,0.00447407287112965,0.00433725647938385,0.00420651608729755,0.00464273328582775,0.00458286265451425,0.00453139008114585,0.004569805387355149,0.00455877146507745,0.00487099584377325,0.00493397574937735,0.004655322133881149,0.01020953664412755,0.01303474555940985,0.01267072394839065
818,-0.0030126096994003496,-0.00301032828626285,-0.0026697067897072497,-0.0020924399400901496,-0.0019450071511276498,0.00331075917318485,0.003517998719108951,0.0037204590805320504,0.00396521687075185,0.0034527210990552507,0.0038572255966161494,0.003704831634243351,0.003807622199660951,0.003963307379388551,0.00377489211565705,0.0040074613901716506,0.0045023800260418495,0.00438189640890955,0.004259854546876751,0.00469053897286985,0.004643299337118651,0.00458403931133005,0.0046329384526039505,0.00464391707562465,0.004938181386342751,0.005023752382683551,0.004710599391374351,0.01027916103667565,0.013112316865394049,0.01273009186658825
816,-0.0030260980198733665,-0.003036391320983367,-0.002687762354575667,-0.002095920853556067,-0.001949819793024167,0.003369154360349234,0.003577508481714233,0.0037798483911649326,0.004036231797767933,0.0034954448547968326,0.0039019254177569337,0.003749997979108733,0.003856604645089733,0.003994305327927033,0.003808169718178633,0.004038774155620333,0.004535719915271233,0.004423450036645033,0.0043185376022805335,0.004752775784734133,0.004701893222421033,0.0046306918888843335,0.004691365600936533,0.004700226531753334,0.0049811424952614335,0.005000863703459833,0.004704563007212533,0.010332090844906633,0.013197226477593834,0.012795992342012634
814,-0.00301566345723745,-0.0030197021443315506,-0.0026635076241089506,-0.0020752772107487504,-0.0019502205106648506,0.00346784374844845,0.0036861277184257494,0.0038925676226882503,0.0041619039643465494,0.0035374610627651503,0.003960453122719649,0.00376585005936395,0.00386410547671675,0.0040013076190902495,0.003805394247402849,0.0040308583834264495,0.00452507910935285,0.004397759157157249,0.00431606750630775,0.00476424222319845,0.00468886860882545,0.00460780712115385,0.00467565998568015,0.004658218739989949,0.0049420411756151495,0.00485193143393615,0.00461996958233895,0.01027396018347385,0.013136762206989248,0.01272437094709155
812,-0.0029979968104924494,-0.002984521229170949,-0.0026271003283012493,-0.0020484344991877493,-0.0019390837553880493,0.003467461405293551,0.0036967512824376504,0.00390926793391375,0.004180008298337351,0.003471284727746251,0.003922545304096951,0.0036716363384864505,0.0037574722059652505,0.0039029534180297512,0.0037019881040682512,0.0039202815803688505,0.004419004779890551,0.004258878299093351,0.00419173714244495,0.00465965247156225,0.004555148549098551,0.004468146224905251,0.00453219907040255,0.004491855547571551,0.00478559842918285,0.004661314410207551,0.004548689975959151,0.01017321290478955,0.012999937235593551,0.012597136622540448
810,-0.0029917163331656497,-0.0029707638291442493,-0.0026127161094096495,-0.0020328085492319495,-0.0019214464497683496,0.003244373215396751,0.00346774923237285,0.003683347391467651,0.0039440311700314505,0.0032146619790533503,0.00369313719441845,0.00342144251714575,0.0034955257997358507,0.003644863729736451,0.0034565716281030508,0.003669071238762151,0.0041818986216422506,0.00400133955534735,0.003929379103550551,0.004412678586037251,0.00429636495587075,0.00420847634660335,0.00425645564958745,0.004220945578721551,0.00451779788793965,0.004479336275443251,0.0045298305591958505,0.010112930864413252,0.012907941298493451,0.01252945127071985
808,-0.0029849772085318,-0.0029729292969624,-0.0026120390344181,-0.0020262981383613998,-0.0019104271669279998,0.002800628331069,0.0029943963095849,0.0032104036118240998,0.0034595752178344,0.0028073204863273997,0.0032958828157044,0.0030645918616328998,0.0031266239427404,0.0032752515751137004,0.0031130433224836,0.0033234922246191,0.0038479798758705996,0.0036820202195476,0.0035964590090173006,0.0040779762821005,0.0039752649425779,0.003891882948630101,0.003920135066417,0.0039131892627032,0.004206189367869101,0.004307644547289401,0.0045135221855003,0.0100892696532461,0.0128729260007213,0.0125066708452017
806,-0.0029648833458409338,-0.002962865920545634,-0.002601833062070234,-0.0020241241202646337,-0.0019135734130037337,0.0022430505303936664,0.0023972306270912663,0.0026155312945620665,0.002856363507925266,0.002361433154432666,0.0028388794348004663,0.0026900223523015666,0.002741459916279266,0.002890451277936766,0.002757929967438266,0.0029706498056075665,0.0034954444898181664,0.0033683476056479656,0.0032800444172524654,0.0037358686159364657,0.0036661089295279654,0.0035892390041426655,0.0036050079016086657,0.003632319161304967,0.003923272748542066,0.004153384221508166,0.004485695114050166,0.010070842925974467,0.012849240860992869,0.012467279861725168
804,-0.0029441230226913834,-0.002940045046033283,-0.0025836430464908832,-0.0020282703367968833,-0.0019198198729046831,0.001670911525082917,0.0017936344523234171,0.002013100925423017,0.002249435409298917,0.001932153738861817,0.0023885843111139168,0.0023247580461582167,0.0023727149513590165,0.0025206085128188166,0.0024220716283028165,0.002639708297314517,0.003159681436963117,0.003068945347617316,0.002990683411494316,0.0034049773920874172,0.0033793323898780167,0.0033073644666157176,0.0033162173109379167,0.0033756681280834163,0.0036719352265655167,0.004006717191908717,0.0045002864274616165,0.010057827338044518,0.012824937231663516,0.012415901324917118
802,-0.0029394727762364504,-0.0029261286658922503,-0.0025739709112184506,-0.0020367934365002503,-0.0019136550566575504,0.0011698394738450498,0.0012736085118677494,0.0014825861322505492,0.0017228767028121495,0.0015388278847539493,0.00197753159448885,0.0019776310013913494,0.00202858160889595,0.0021687468721496494,0.002112837950766149,0.0023337147269852495,0.00285371838309695,0.0027839362001885496,0.0027130765543380495,0.003091453155134749,0.0031121975536306497,0.0030441285202234504,0.0030398516401892494,0.003127325442929349,0.0034385803731413504,0.0038283324537273502,0.00456546898143365,0.010060039556951849,0.01281216527357635,0.012390020846504948
800,-0.0029488699287915335,-0.0029289563756986336,-0.0025768752928291335,-0.0020426250898802336,-0.0019018349200817333,0.0008765268779368663,0.0009677230502481669,0.0011530836838803665,0.0014054897970446666,0.0012826663172318667,0.0017114508685075669,0.0017516291826016666,0.0018036323962977666,0.001935548976524067,0.0019222857576023664,0.0021417784337007667,0.002665863732601966,0.002602672203856067,0.002530659495218567,0.0028983289827631663,0.0029521826413783665,0.002887681430499567,0.0028640930673004663,0.0029647856976548663,0.0033014948089707665,0.003643052010513466,0.004603639031199367,0.010079553365278967,0.012821418033328365,0.012399161607281266
798,-0.002962887415175567,-0.002937096949083767,-0.0025833959308000673,-0.0020437938131063673,-0.001905635185361067,0.0009065361263692331,0.000989725111086733,0.0011513858430682328,0.001410299882710733,0.0012932909331810332,0.0017196720517849333,0.001775403197896333,0.001824004607264433,0.001958793395586033,0.001969681949557033,0.0021866503874611327,0.0027113311401748327,0.002641950272457433,0.0025731661237686325,0.0029556671117311325,0.003013679998813733,0.0029493953365044333,0.0029181182087069327,0.0030082265634335326,0.0033729536074364325,0.0035641385344681326,0.004552087229857333,0.010112942669816332,0.012863137379690932,0.012432809293526834
796,-0.0029765294552894003,-0.0029375570303378003,-0.0025833124127661003,-0.0020409395321356,-0.0019258254625878,0.0012133021350842002,0.0012978622837009996,0.0014460529957916,0.0016947901147244,0.0015531222603093996,0.0019846797594209997,0.0020260433851297995,0.0020745225037085997,0.0022215604241343995,0.0022282859129847997,0.0024477485257432003,0.0029674076787667997,0.0028848565382713007,0.0028331977704402003,0.0032368766617011,0.0032691048066952003,0.0032014297075156992,0.0031839008579497997,0.0032501774994381,0.003628300307350299,0.0036418239121082992,0.0044309973911691,0.010129214900784899,0.012916639947276501,0.012464163893116699
794,-0.002983384207959866,-0.002925582395876666,-0.002570059044027366,-0.002031442856358566,-0.0019407263522154663,0.0016360452844365343,0.0017317421971918337,0.0018721691559746342,0.002102905261799134,0.0019108031205037337,0.0023516514270771347,0.002352210987196534,0.0024059127370088347,0.002558838825153834,0.0025402877101357345,0.0027667376175994343,0.0032795961175386334,0.0031906012791109344,0.0031601769153014334,0.003572533741749034,0.003563999270835435,0.003495337177753035,0.003496613465100434,0.003545137960607834,0.003912173902476833,0.0037872150764531346,0.004311086991267734,0.010090339153577935,0.012924099257033136,0.012451194856437933
792,-0.002982379149320718,-0.0029112523282956177,-0.002549886497975518,-0.0020216467445721177,-0.0019430393660354178,0.002073814174011983,0.0021819219188001825,0.0023128609819973818,0.002533227768517482,0.0022680043524775815,0.0027129580483132828,0.002666319257459182,0.002719144361903782,0.002862511708696982,0.0028151027758974824,0.003046152619676382,0.003553069243559983,0.0034681807130943825,0.0034485909064317826,0.0038570295963809816,0.0038109941640341828,0.0037453340037558814,0.003749801094987882,0.0037900568952027825,0.004132784524708282,0.003926085657878783,0.004272946696125182,0.01004360454622218,0.01288939801802778,0.01240820408619938
790,-0.0029926620923816662,-0.0029204463989168663,-0.002546838438068866,-0.002032581306278666,-0.001950183248611066,0.0024832465306173336,0.0025972584052419345,0.0027208166411623333,0.002938228504385034,0.0026095343167672333,0.0030461705709449336,0.0029697441985217345,0.0030091306804083335,0.003136196100148034,0.0030747443062501345,0.0033058607548101344,0.0038086925508744344,0.0037221756299636337,0.003701214908546634,0.004107950542768034,0.004040907704538734,0.003972541809231934,0.003968498036858634,0.004000462984693034,0.0043284720292182345,0.004098284457570134,0.0043690962035354336,0.010115978209780434,0.012927867063990333,0.012442711484257133
788,-0.0030340362692809503,-0.0029683398989383504,-0.00257776833552675,-0.00207122134112845,-0.0019682600759086503,0.00273913353237435,0.00285357649359515,0.00298041837050875,0.00319291650537865,0.002856491820462349,0.0032753997103289493,0.00319780658651505,0.00322483672631915,0.0033419814079289492,0.0032913765014966493,0.00352403638319745,0.00402896205688955,0.00392215233309745,0.00389159652998445,0.0043101238631784505,0.004246164633524951,0.00416171841479165,0.004155723808320049,0.00418166962476445,0.00451729289505095,0.004302544832669049,0.004562310661838351,0.01033739374077585,0.013110021049089749,0.01261962592078315
786,-0.003088538710686867,-0.003027904750386867,-0.002620774403541067,-0.0021054771886453673,-0.001973705839913167,0.0026951602496856335,0.0028093338684868335,0.002948924666967733,0.003156885835654233,0.0028786339971851333,0.003281326071268232,0.0032271653908131324,0.0032593539466225334,0.0033752970744755327,0.003352962948966233,0.003591119453950133,0.004110755556220933,0.003977547627020633,0.003926462755176432,0.0043682308075881325,0.004329464169289832,0.004222866072624433,0.004224562878723633,0.004262943671234932,0.004621387071265132,0.004396033696721834,0.004736574496965032,0.010545375443871031,0.013303204859311033,0.012816400893173334
784,-0.0031094187692441155,-0.0030488068300926156,-0.0026306402579213154,-0.0020941901159601158,-0.0019479570284110159,0.0024184785627992846,0.002532139745336984,0.0026828874547823837,0.0028984138553324844,0.0027025803561014847,0.003099938723549885,0.003080979906403984,0.003130475419399984,0.003249093983176684,0.0032502531213191837,0.003488868005517185,0.004035694278098285,0.0038910623270607837,0.003807120865861685,0.004272888813005284,0.004266590447525084,0.004143467197914984,0.004151096504563185,0.0042237506660427835,0.004600795317489685,0.0043018761154861845,0.004826329198123085,0.010564501495005983,0.013299138647098386,0.012831013001629183
782,-0.0030773615432485996,-0.0030158485343908994,-0.0025919402150016008,-0.0020401832517684005,-0.0019099034078368,0.0021805173836333992,0.0022919776221426,0.0024430522758254,0.0026802606737929002,0.0025388111919750003,0.0029422627227018994,0.0029549726408269993,0.0030148322230881004,0.0031389052585351004,0.0031424032348776002,0.0033674747732584994,0.003942038175733501,0.0038027460867704997,0.0036874760110270997,0.0041662470664455,0.0041822567091871,0.0040484719852262995,0.004058387547163899,0.0041655615198565,0.0045411671501485,0.004189741243306601,0.0048833079558484,0.010424109748297002,0.0130862776462107,0.0126352369522463
780,-0.0030268193085950332,-0.002968719555830635,-0.002539987153321434,-0.0019901381446710345,-0.0018947388783030344,0.0021444829029314653,0.002255922185131466,0.0023972262177782665,0.0026596473824364655,0.0025263017825642668,0.0029394284521592658,0.0029692955669288652,0.0030267541875557656,0.003161352512634266,0.0031518462329543657,0.0033561710543488655,0.003942448375810767,0.0038138649495620663,0.003688479367953265,0.004162258786984565,0.004184918555243165,0.004042457071517966,0.004059165542313966,0.004179073314073465,0.004533858028870767,0.0042715731111640665,0.0049635774149350675,0.010302678925317965,0.012877899046438967,0.012420403040721164
778,-0.003010255420559285,-0.002958855727587785,-0.0025251543024364855,-0.001982522419809384,-0.0019146894866449854,0.002209701391523716,0.0023302939371650146,0.0024624554759341156,0.0027433454101342142,0.0025882115211213145,0.0030066660164654157,0.0030396558280259157,0.0030919261164178164,0.003240818722385014,0.003221923731136814,0.0034163645429141163,0.003992023267304514,0.003877352119861314,0.0037646172030742168,0.004220925123359016,0.004239072869653417,0.004097229171933914,0.004121346984851415,0.0042365978305152156,0.004567232877005617,0.004514295409545914,0.005039734199165815,0.010320802526692414,0.012875881564906015,0.012391477357037916
776,-0.0030528438612336325,-0.0030053763959303325,-0.0025694600427366328,-0.002016059582658932,-0.0019557150770112327,0.0022201949231158685,0.0023598261768486683,0.002496473298856267,0.0027845307053446667,0.002602415582578269,0.0030228972024456662,0.0030562957859366687,0.003104862902541467,0.0032680150754295662,0.0032542066262413686,0.0034580993785301665,0.004011765322838966,0.003918326032143366,0.003821556602034268,0.004266672119845967,0.004271297006766367,0.004148204911718868,0.004165873468742967,0.004281390305620568,0.004599874556430067,0.004729535590402267,0.0051070572016147665,0.010488345651223566,0.013107199461618266,0.012599454959570768
774,-0.003141973564782234,-0.0030929402364326345,-0.0026556957126133342,-0.002066685887410935,-0.001998656963393835,0.0021648403818980665,0.0023261345506065643,0.0024823508513049652,0.0027655604089154642,0.0025661393462869664,0.002993133452235567,0.0030342228780442654,0.0030732379461489642,0.003249477338468764,0.0032513290541691664,0.003473305815099064,0.004010023751330465,0.0039392264487103645,0.0038454201146620667,0.004299823558420967,0.004282204550228767,0.004185561920910064,0.004185097967229465,0.004314264614972266,0.004634506221484966,0.004852721259212767,0.005265488667718764,0.010778309275857465,0.013471722184563665,0.012955952364632966
772,-0.0032398635761135657,-0.003186797107390466,-0.002740888616218868,-0.0021110597242571666,-0.0020280969076064657,0.0020919900966911327,0.0022701275243725352,0.0024462774670835352,0.0027187359987703337,0.0025110036756153323,0.0029500742140610332,0.003003486761963034,0.003025733505966334,0.003211588922769234,0.003229622532746834,0.0034617714920479326,0.003989895642272232,0.003933824006090932,0.0038340146956952342,0.004308051767620134,0.004268175289728032,0.004185421173250634,0.004175966601012233,0.0043138185390003345,0.004645986092894534,0.004928425432405632,0.0055620541944963325,0.011116015305776532,0.013828401525431636,0.013306705931586536
770,-0.0033035607871752803,-0.0032444499436387816,-0.002779782210970482,-0.002131841010607781,-0.00203479620566608,0.002002283696212321,0.0021887611546671203,0.002372662931040919,0.0026395176968662185,0.00241535238410652,0.0028610317486924206,0.00291870550769752,0.00292773767828362,0.0031109841215950194,0.003134358225303221,0.00336356330779302,0.003880753180948219,0.003835168026034119,0.003733757680866718,0.004211673788609118,0.004162572115936819,0.004081768829533618,0.004078998251412919,0.00419594534576042,0.0045539327383147185,0.00490512374898662,0.00583990291398152,0.011345255147002822,0.01403341761106872,0.013494430158058419
768,-0.0033136388110731017,-0.0032397424374012024,-0.0027551821870246025,-0.0021257340155980027,-0.0020279553326185,0.0019469526585830996,0.0021311260996206005,0.002320540051679698,0.0025880232165523993,0.0023175002763814005,0.0027546778943631986,0.0027970925753502997,0.002802799323308198,0.0029658001597508976,0.002971065200190099,0.0031912785669910987,0.0036883704294473005,0.003656877345179898,0.0035629537391842978,0.004017448626094898,0.003972802097689999,0.0039041253316516,0.0039033150463363003,0.003966365903634399,0.004366741724441899,0.004694013057741097,0.005902227047697096,0.011355038755880498,0.014020864966118898,0.013462252783715396
766,-0.0032889658689591005,-0.003187703679901,-0.002691247709641499,-0.0021136515967547995,-0.002034146940759901,0.0020638356789532963,0.002238226069468399,0.002450323806350699,0.0027122446169136963,0.002364615106128898,0.0027834370514596973,0.0027877570122048986,0.002794082228599698,0.002931731024282798,0.0028902417429270966,0.003103546091882299,0.003577484563854101,0.0035575865037928978,0.0034777813134189983,0.0038964380788689967,0.0038571545356604967,0.0038196427287413015,0.003800235590415403,0.0037986169530193,0.0042402091637831,0.004396679061694803,0.005769449575164599,0.011223320660226396,0.013877107963480899,0.0133157157960163
764,-0.003260754741558243,-0.003127519744008045,-0.00262549759664904,-0.0021223812895048433,-0.0020678822542749414,0.0023455293571598562,0.002519410408041156,0.0027672710236537543,0.0030141160700133604,0.0025912106657178594,0.0029942156114306576,0.0029441423753066576,0.0029512949284477563,0.0030808488900667605,0.0029774880789052577,0.003188111537308559,0.0036414823319251555,0.0036215326017670565,0.0035647586972140585,0.003955734712869259,0.003914905784728556,0.00390814095819806,0.0038617022646025567,0.00381365819234096,0.0042642436435593595,0.004216626553643556,0.005613566775408654,0.01110939281535106,0.013749175467231756,0.013204035625995154
762,-0.0032378143571756834,-0.0030768415215514794,-0.0025705262461255818,-0.002150929762650182,-0.0021148303840776844,0.0024994717781315207,0.0027053237936602165,0.002975550232700519,0.0032164342335725196,0.002763851094194719,0.00315602764037462,0.0030542029774593207,0.0030683463834729197,0.0032118791190187193,0.00305860167489172,0.0032676935338197197,0.0036968264799953215,0.003675502019969322,0.00365522534875342,0.004033394005358321,0.0039886672803527215,0.003992960260549322,0.003929259442146817,0.0038694508871833164,0.004285461685635622,0.004138483850940018,0.005493605773861619,0.011036997101442618,0.013678601558956414,0.013150942271580618
760,-0.003212129825940352,-0.0030212165363070476,-0.002514136410731352,-0.002173228265176852,-0.002157485083404548,0.002231853217664455,0.002506742984513248,0.002777025120565553,0.003035494583759145,0.0026172911726022527,0.0029954232802400435,0.002871839768126251,0.0029010885903398495,0.0030593817834102463,0.002888292186740256,0.0030902073894957457,0.0034852155112501462,0.003480298927313545,0.0035037972148341465,0.0038811685263002507,0.0038337998124686537,0.0038345346198061445,0.0037632169868781554,0.0037242395157648447,0.004084429794240042,0.003941013016594143,0.005330966210968048,0.010911212073468145,0.01360269534935745,0.013078196121560144
758,-0.003183846426860412,-0.0029460988951323097,-0.002445807057473909,-0.0021746589065197164,-0.002199258364267709,0.0016038947190485792,0.0019575727491395883,0.0022302866662102794,0.0025138545331959833,0.0021744213379075866,0.0025294287808225874,0.002430135150952889,0.0024735724134235804,0.00262661567039868,0.002469426559546281,0.0026497925440412823,0.003010607474447091,0.003038010876568492,0.003096354675817592,0.00348022642788319,0.0034284508025249905,0.003422923838429792,0.0033496300980019877,0.0033474519611695897,0.003661932626481179,0.00356051467130869,0.005101878313508487,0.010704377918223484,0.013482523453044085,0.012949669650254084
756,-0.0031550841878505986,-0.002855486760405701,-0.0023659838350255924,-0.0021632812354552,-0.002241815611398995,0.0009559068835646028,0.0013578538320481032,0.0016562694806101091,0.0019452446902491066,0.0016915820635181045,0.0020160439746451098,0.0019730922808531004,0.002023512785715109,0.0021581353064161063,0.0020304703802031115,0.002172224749092108,0.0025163551341911006,0.0025716603399150995,0.0026451050641501106,0.003032092432400102,0.0029783648174381006,0.002959039394796109,0.002898831472845101,0.0029262060383031113,0.0032183375232591044,0.0032123750575641097,0.004873279188725099,0.010479082715611099,0.0133205257343611,0.012781651630136101
754,-0.0031113386512318514,-0.0027624746358178437,-0.0022838422473988457,-0.0021423039246118436,-0.0022538773754348512,0.0005570311517721499,0.0009530500365851485,0.001284629599111159,0.0015555336505101575,0.0013692142351131587,0.0016613620546661462,0.001672789929106147,0.0017257994244651575,0.0018543413115871543,0.0017536101099991513,0.0018535388744701509,0.0022029000307171587,0.0022716075735751545,0.0023402048874601594,0.002715310059699147,0.0026778344123681574,0.0026288950647231496,0.0025978651455111496,0.0026316939643431514,0.002922135947026158,0.003100978387209158,0.0046747994011311494,0.010262507560790154,0.013089587056571164,0.012553836834495166
752,-0.0030409035961789788,-0.002688521907911995,-0.002227859216719974,-0.002096474005037985,-0.0021920719193899707,0.00048212875312200754,0.0008202204251110123,0.0011629173425240225,0.0014072558216720044,0.0012691791690560283,0.00153915339143601,0.001583216810976007,0.001631931599897024,0.0017785950050450139,0.0016936877491980085,0.0017758704168910067,0.0021425541603840303,0.002212221050591018,0.00225456854716502,0.002614211918932019,0.002614634436348018,0.0025333248251890317,0.002518679358354009,0.0025439578509860172,0.0028486775813720278,0.003226040316056028,0.0045082489583480045,0.01004715441644502,0.012778013393315024,0.012245830645239014
750,-0.0029609202971914994,-0.002663528542457494,-0.002234466706711513,-0.002013209715697517,-0.0020478276848445165,0.0007344031361095071,0.000979482838903506,0.0013054333343004987,0.001522279434456486,0.001422247133016502,0.0017006342387164974,0.0017643847767634946,0.0017930622018484943,0.001967978786701491,0.0018934259527174924,0.0019999384940455056,0.0023912344863145085,0.002439095646448508,0.0024275631557924837,0.0028039674918415025,0.0028384957580274983,0.0027412679162595044,0.0027079504904934937,0.0027386611893644996,0.003067163733866507,0.0035411619062004906,0.004433470912257487,0.009868721078480497,0.012463103020522504,0.011919952946902485
748,-0.0028891510519495067,-0.002690155700607516,-0.002293355976860506,-0.0018938466088095074,-0.0018482997057565065,0.0012405776600215024,0.0013782376622855086,0.0016662086172414825,0.0018609310446854876,0.0017816980200924815,0.002113202675322501,0.0021918321777665006,0.002194750493846487,0.0023889123789004874,0.002329165028883501,0.0024911081990734996,0.002922737897231492,0.002912348978026502,0.002825132663384494,0.003264624398758492,0.003302657590840502,0.003197039996949508,0.003138581517024508,0.003205997055556492,0.003556605282910491,0.004029210253462506,0.004434955827991499,0.009712092118930482,0.012187639782215487,0.011614809043983487
746,-0.002819164902083837,-0.00272673445214483,-0.002341598002164824,-0.0017476434608618419,-0.001631567627498831,0.0017643863933381743,0.0018011334593691641,0.002025840218507158,0.002220794739720172,0.002128370162058163,0.0025467001698901703,0.0026204275829181667,0.002619375931475182,0.0028182655965291736,0.0027756607685931745,0.002993679221322182,0.003489375454529181,0.003405372050193173,0.0032437453856911658,0.003757675084408163,0.0037743727233571778,0.0036445141088961575,0.0035945369495321844,0.0037120839333331657,0.004077034320905171,0.004515310927995175,0.004328572813670162,0.009459522549315175,0.011876761310581158,0.011266708444754164
744,-0.0027652886727851794,-0.002749470566098172,-0.0023530425101541685,-0.001608761486285179,-0.0014540156201581778,0.0020859531670628234,0.0020448680014078235,0.002189328641160823,0.0024030941561858227,0.0022739797476768187,0.002782061349616824,0.0028221110367958185,0.002841137759976839,0.003033734121238821,0.0029993362374738236,0.003250599934212825,0.00382963793991882,0.0037008358636418243,0.0034830683085438213,0.004042761461947833,0.004039110470747828,0.0038732122563038124,0.003852072642076834,0.004001756038605822,0.004377140053316839,0.004741098481486836,0.004075425187129819,0.009149689258584823,0.011571262685292835,0.010930578855480835
742,-0.0027809483506410076,-0.0027977091426780037,-0.002383631707271003,-0.0015424448644130034,-0.0013827301698710048,0.0022306038667069955,0.0021446003037529915,0.002227497865535999,0.0024393735319709897,0.0022932595569429975,0.0028655781181469997,0.0028703270198089936,0.00290115375158799,0.0030815954204179985,0.00304670101551599,0.003305182878206997,0.0039704983398359955,0.003837161530129987,0.003578153595204997,0.0041592908676649915,0.004148595868783994,0.003961870061877995,0.003947369531337994,0.004101390166223989,0.00448811830179599,0.004724104136216989,0.003991759037709,0.00909317748248599,0.011545658816097995,0.010887464234873995
740,-0.002883168178414594,-0.0029095154272881923,-0.0024847293870727954,-0.0015861105484371862,-0.0014332300052215946,0.002328557235528911,0.0022363241959169056,0.0022992882278754095,0.0024684064004866085,0.0023540786258318125,0.002952923793216905,0.002958222053368806,0.0029734436323186064,0.003143927486754808,0.003115166935407712,0.003366329278905303,0.00409911207787321,0.00396925957911351,0.0036778181965666096,0.004289451206158104,0.004278590608049512,0.004095668294543706,0.004060918388950008,0.004205567170834909,0.004609145929910907,0.004734123267135501,0.0043470620923165,0.009484750001157505,0.011959095577307302,0.011296753546434307
738,-0.003010377576402587,-0.003050835189652684,-0.0026219642121149828,-0.0016936430546798803,-0.0015410614169499848,0.0023585329786053183,0.002294752439891523,0.002364661214813421,0.0024883905222233133,0.002433564152148515,0.0030293773686716208,0.003073764371467516,0.003064777803992419,0.0032365480866401175,0.003230330721447419,0.0034730222605351135,0.004240845307985422,0.004092635670830319,0.0037844913717582224,0.004452000216190022,0.004439828522369418,0.004267646694311525,0.004217390697647719,0.0043557378757659165,0.004790339408181216,0.0048804156615243205,0.004948003148991326,0.010092130730921717,0.012574669095113525,0.011917881449800119
736,-0.003101779038374476,-0.0031581681357305755,-0.002725298227284678,-0.0017807531693273745,-0.001631184837252879,0.0022308457460928285,0.002205442743459525,0.0022934821925045187,0.002414312424009725,0.0024018152393945266,0.002990557505381429,0.003079243485576623,0.003057071680207628,0.0032442117109884247,0.00326940995669852,0.00350731862341213,0.004285839033630827,0.004100674659389826,0.0037991263598832273,0.004532335453564025,0.004517034559640427,0.0043458043086638184,0.00429966731928743,0.004444198078954624,0.004922408741900718,0.004998136664441717,0.005398622625107728,0.010554554803270118,0.013048517873495931,0.012397183407970018
734,-0.003171429170996304,-0.003220200068592499,-0.002779488190084202,-0.0018219449518373995,-0.0016946813295537003,0.0020323813289587003,0.0020226581766515997,0.002150463357616199,0.0022984649511769983,0.002294710699246201,0.0028953366917919,0.003003090808803302,0.002967425675730599,0.0031779720972950967,0.003230795023694902,0.0034641190584651996,0.004247701099730196,0.004028676712615899,0.0037499874665951963,0.0045284459387991,0.004511234971682897,0.004334915735306796,0.004298006541594297,0.0044644568513253005,0.004971790790234999,0.0049618464577562,0.005613726735717597,0.010823696405225902,0.013344461039312798,0.012687743711064098
732,-0.0032555291787920645,-0.003265681383286763,-0.0028150044617967634,-0.001861680027447965,-0.0017652395477453647,0.0019668348309088354,0.0019446600031237382,0.0021326750218335355,0.002294798704274237,0.002288412161973334,0.00291371266968804,0.0030149664978773374,0.0029505580536942355,0.003180609140516835,0.003251243082064835,0.0034802186657681353,0.00426161134755014,0.004029435235234538,0.003776970845205535,0.004555596487270337,0.004540867120070138,0.004367613422643239,0.004334652350126339,0.004531989655933641,0.0050249708661485384,0.00484887275598854,0.005787179614645636,0.011071280018143337,0.013634059838075134,0.012963134599068935
730,-0.0033349236594683446,-0.0032994382352711446,-0.002841436491913745,-0.0019331551290458424,-0.0018456216540419443,0.002058124637101255,0.0020243390282597556,0.0022488343284473578,0.002408615676189954,0.0024151916451585556,0.0030459300846259543,0.0031359284285400538,0.003046048878468155,0.0032783561580097542,0.0033516933302098553,0.003586740225551256,0.004334516104919153,0.004118661729804254,0.003891407672286157,0.00462252627992716,0.004616948763529555,0.004460806367962859,0.004431392164250557,0.004651445267972454,0.005097517829322759,0.004733800840597456,0.005976649235824957,0.011317988057718859,0.013932850105556553,0.013254575169741059
728,-0.003373298467461431,-0.0033121296876427314,-0.0028484350948705314,-0.0020150955267488335,-0.0019046592216323335,0.0020970446762281665,0.0020757113934593667,0.0022746485895979683,0.0024501145233341674,0.0024901029768789676,0.003088426122982567,0.003180935645880567,0.0031012128795588657,0.003313000161261768,0.0033654115952893686,0.003623379173076268,0.004301170883971368,0.00412955932946097,0.003925561746383869,0.004587794987729564,0.004598281116560569,0.004464879116681565,0.00443635756119197,0.004660140092570368,0.00507122552012107,0.004563744370850269,0.00605174752404667,0.011452646860736368,0.014123901934436467,0.013453617998355864
726,-0.003392034421529435,-0.003331247429051134,-0.002852212637122334,-0.0020774679356754325,-0.0019347873056005348,0.001927538748042367,0.0019295553218888657,0.0020697301128025647,0.002287930182490367,0.0023664118665764657,0.002914956603612965,0.0030265134373907675,0.0029913267627608674,0.0031727736458253657,0.003182424984363365,0.003466886637088766,0.004078174481374767,0.003960158093455065,0.003771379999809865,0.0043778310623251646,0.0044092711880325645,0.004289228498938865,0.004249043043497266,0.004465465760032067,0.0048762682713622656,0.004343473233477366,0.006007369228140064,0.011522364778530868,0.014248904398864063,0.013587749728978863
724,-0.0034299178311268837,-0.003388056138384183,-0.002877215903368986,-0.0021190511519185856,-0.0019597787741016844,0.0016465027679784146,0.0016620122749099152,0.0017732871037750148,0.0020306194863878163,0.0021278930916940157,0.0026441569202012155,0.0027793177711629147,0.0027865238070290156,0.002953599229966415,0.0029189626239139142,0.0032141010312786156,0.0038069565751739157,0.0037208971938728144,0.0035387664755401164,0.004111209867909017,0.004164355630290214,0.004039625219230014,0.003986216731521917,0.004192954852740415,0.004616941675810216,0.004241540972343114,0.005996886928773017,0.011669578339306316,0.014444648552790419,0.013774019798900316
722,-0.003458320323988233,-0.003442501274022833,-0.0028995199314532337,-0.0021383536020481327,-0.0019820347455749322,0.0014533098029707661,0.0014845130036190667,0.0016109419177870662,0.0018853865234889668,0.001959310087283766,0.002471133905467167,0.002618474654929967,0.0026380900082641663,0.002820013532756866,0.002760799374923767,0.003055912154013067,0.003670995210132366,0.003574263855776968,0.003404123292151666,0.003948920144270066,0.004017709123108268,0.0038766692303045663,0.003836082251234968,0.004019794839057466,0.004448231224969068,0.004373089762207266,0.006045791625305667,0.011814381659904765,0.014616256828713665,0.013920729877087364
720,-0.003423548157654617,-0.003421751329029417,-0.002871657739390217,-0.0021147102014847183,-0.0019716699219676174,0.0014017813949356826,0.0014747678936081823,0.0016215890019827817,0.0019076356729028805,0.0019180687767217826,0.002438748804216684,0.0025812809648421836,0.0025888660582988818,0.002798737095581181,0.0027369945890716833,0.003047577448462683,0.0036745259289913818,0.0035353746498284835,0.003390456808127381,0.003912575135062681,0.003985850291228284,0.0038322352277963823,0.003828023187359482,0.003965275283387481,0.004399046888798781,0.004612487092443881,0.0060411299928394835,0.011738017009463184,0.014515287731848184,0.013803337349526584
718,-0.003355734808393584,-0.003339512633522484,-0.002804643788584084,-0.0020507945249232835,-0.001923330939237784,0.0013800621816752144,0.0015060712044181156,0.0016581089438856174,0.0019640361009202155,0.0019096804440089168,0.0024386704638995164,0.0025700142736838176,0.002562247762514517,0.0027841084181849177,0.0027326460376191145,0.003077782825374315,0.0036759795243203157,0.0035042509927266166,0.003378044036784617,0.0039046209321398177,0.003977111732359817,0.0038212432264779148,0.003833398095683515,0.0039268178687777155,0.004377054843919818,0.004744339040839016,0.006023772048793216,0.011497535258094715,0.014179510758263517,0.013474016694661216
716,-0.003339057605013303,-0.0032909098754531022,-0.002761736693243602,-0.0019948170386114017,-0.001879058520097402,0.001291538959520399,0.0014394049109105987,0.0016012020659333971,0.0019256556504826973,0.001850169945404996,0.0023820141505664985,0.002511491096512896,0.002498010697216599,0.0027047030846491966,0.002673181562342697,0.0030362215953969977,0.003588255827098697,0.0034333188233011992,0.0032943376196681966,0.0038577033047798963,0.003938228837618598,0.003781631449688197,0.003762893193255099,0.003858725834944999,0.0043163120244052965,0.004703265752432798,0.006166026239790297,0.011405176007729296,0.013950138301589896,0.013265579732418799
714,-0.003383348549909815,-0.0033161543299910154,-0.002768353018945015,-0.0019871357764549152,-0.0018743496354490154,0.0011830772939385847,0.0013126628992351855,0.001494949436220385,0.0018306854003357857,0.0017841725893508846,0.002311393703186485,0.0024546640998283856,0.0024448486925626855,0.002621949818898085,0.0026199466034211843,0.002955356491984985,0.003486497520088684,0.003393143143050085,0.0032194002502636838,0.0038215040524821834,0.003920764435157485,0.0037559938309889834,0.003688223724846786,0.0038360524760173865,0.004273763871495284,0.004583474062986084,0.0064306114298562835,0.011558567965653384,0.013992346625670183,0.013329341310749783
712,-0.003421529340038698,-0.003355639926665599,-0.0027913980227650993,-0.002016463864643398,-0.0018985752908061981,0.001188449804576901,0.0012932735302602014,0.001480882400677801,0.0018272345914939012,0.0018318626367103009,0.002353332485182401,0.0025208586903410005,0.0025147856647124017,0.0026657164265240004,0.0026940020780379017,0.0029777978358335004,0.0035317307159151,0.003491481668628201,0.003297352100945101,0.0039155946683265015,0.004025541605815702,0.0038501491853068,0.0037600362921021025,0.003964161099562,0.0043773752493549995,0.0045292132318073015,0.006586899831604402,0.0117378248304856,0.0141317705004018,0.013483606444919001
710,-0.0034268953637650503,-0.0033558199043580515,-0.0028086693757486507,-0.002052090306447551,-0.0019247160832949507,0.0013547569543306496,0.0014483537317598483,0.0016192950201987487,0.0019671813183452496,0.0020242081812907493,0.002557445624979249,0.0027478462617487494,0.0027361463794203494,0.0028735269039241486,0.0029215978502128495,0.0031766949314875476,0.003783961795495148,0.0037393157952762476,0.0035557770425769485,0.004181162459196648,0.004277320778128851,0.004099928617634148,0.004018190539458649,0.004246690577065448,0.004666238177976848,0.004657153972919548,0.00660573159715315,0.011809317780289548,0.014216848334988048,0.01356819103361425
708,-0.003440630527209552,-0.0033404544688475524,-0.002837192710628652,-0.0020874551066447523,-0.001946944099952051,0.001530497259117948,0.001607854835748648,0.0017752822575493477,0.002094214649286148,0.0022050936671563475,0.002775404884916649,0.0029733695480984486,0.002952198447639349,0.003088308053896748,0.003145314706144849,0.00340962347297105,0.004072852451143949,0.0039800994593586474,0.0038176140961975486,0.004460851853531048,0.004528153902019249,0.00435862925697955,0.004289967577979148,0.004521446323655148,0.0049770518907307475,0.004939990810825247,0.006708454709394849,0.01190181466311205,0.014326407047255947,0.013652676913282548
706,-0.003480685341334099,-0.0033491891455997985,-0.0028844216169130986,-0.002126978434580899,-0.0019712048268760995,0.0014869165598493002,0.0015330679619488998,0.0017342503158805003,0.002001394754905501,0.0021653920532009006,0.002772182931724,0.0029569476643322,0.002942603194313201,0.0030803358816623005,0.0031411311813123004,0.0034275276498467004,0.004125504567653001,0.0040037523034811996,0.0038457297278879,0.0045054199820000005,0.004549070284639701,0.0043888453588005,0.004332465685855,0.004568782326655,0.005063886886754099,0.005145779155012102,0.006952851337443401,0.0120995261826635,0.014527366084406102,0.013812479365304
704,-0.003517979039056784,-0.003378683152422484,-0.002930090546472584,-0.0021624799718707836,-0.0019957495549251837,0.0011913578336497158,0.0012221005993487168,0.0014674549734477165,0.001700824953058816,0.0019046491642836158,0.002512056795751616,0.0026776371242922155,0.002692881759721816,0.002822154495692116,0.0028819239524676167,0.0031794928772165155,0.0038857340314893164,0.0037893321844290166,0.0036132215567648163,0.004269801106250417,0.004294819995906916,0.004139013756099116,0.004112301673555516,0.004352349393234216,0.004883170846901316,0.005068772097015116,0.007120854004710516,0.012284037127909316,0.014729623639452117,0.013984982264747817
702,-0.003551735310873734,-0.003417154962033834,-0.0029681868780108336,-0.002191988086526934,-0.0020211799064395342,0.0008904324156486666,0.000947260590127166,0.001208561088064766,0.0014469199762586656,0.0016759981646693664,0.002251402344832166,0.002414225151289867,0.0024592198530114656,0.0025693914493178666,0.0026245925755092655,0.0029209771470648654,0.003622886899270067,0.0035780560708207655,0.0033714052099958654,0.0040199541458805655,0.0040162530235726655,0.0038578475609434663,0.0038770926429874657,0.004112559298153566,0.004681036869805767,0.004837947666618566,0.007128126867805165,0.012397867679591367,0.014897902910104866,0.014150245143884866
700,-0.0036095983955125336,-0.0034672298653599335,-0.0030103254089200336,-0.002229551166172933,-0.002056211130204934,0.0008571189756320669,0.0009547470438621662,0.0012023770655593662,0.0014612927026162667,0.0017130951862187657,0.002266426412857566,0.002440449118614966,0.0024952399773433658,0.002592520284102666,0.0026488459345947665,0.0029363075939382657,0.0036375547034789672,0.003626132499989167,0.003393330694134467,0.004051341076212167,0.004011647379342667,0.0038393254320563657,0.003891960387407266,0.004132236789852866,0.004723207212173366,0.004788635209744867,0.007179287266475468,0.012547716205903765,0.015112684731126267,0.014372915966170368
698,-0.003662065586398382,-0.003504538154191582,-0.003040206676104582,-0.0022678051980214824,-0.002095371516544183,0.0011186807095255186,0.0012263688319774178,0.0014539412669877187,0.0017243021280604186,0.001993947428862117,0.0025657897023701175,0.002737158331568918,0.0027945090665024187,0.0028979323469193186,0.0029630905579562175,0.0032381047594650172,0.003949598747658918,0.003939411553558219,0.003706097565080217,0.004379331731741818,0.004318872839153517,0.004120472382828219,0.004176336301251717,0.004442037834292917,0.005016960881174417,0.005016484679371618,0.007368298024268118,0.012724678713784819,0.015312391289943317,0.014569987131260217
696,-0.003644032542289801,-0.003488727013827301,-0.0030283112247906007,-0.0022684156651698005,-0.0021156796379562005,0.0015016642254323982,0.001585293521151599,0.0018025049516136992,0.002077911899825499,0.0023418577242375997,0.002957616220448399,0.0031075836417927983,0.0031774101654847998,0.0032982198479740987,0.0033625917905945983,0.0036371893115312998,0.004375007139853299,0.004339655352964199,0.004135053901936499,0.004808361628414699,0.004752779870102499,0.004529950757181598,0.004570404495265299,0.004850040538618998,0.005388199611151398,0.005315434245445699,0.007488240475707,0.012747738151982197,0.015297404503371399,0.0145451660840337
694,-0.0035816033087470844,-0.0034489037448345843,-0.0030032202008526843,-0.002224786411650484,-0.0021140943986456846,0.0018557037832125159,0.001912364566785816,0.0021401321631202164,0.002415268980093515,0.0026526575842990164,0.0032976088829132152,0.0034514029246897164,0.003523381788952616,0.003662976880752015,0.0037041167148876165,0.004004474503656015,0.004789006393285715,0.0047117939055316155,0.004529674584984916,0.005203048176012715,0.005166606513646116,0.004939609298868516,0.004959985817041816,0.0052082828822354165,0.005731005633192817,0.005581534950979015,0.007431067053501614,0.012632261224727515,0.015125327877980715,0.014372608064730516
692,-0.0035850573561468655,-0.003477374047920365,-0.003037228995992165,-0.002195413376403865,-0.002123806850499465,0.002124732526089034,0.0021644441205023353,0.0024325656755272342,0.0026846696897746356,0.002907623073354834,0.0035460665975653345,0.003762748307833035,0.003797458211195535,0.003965692108958734,0.003980518674358535,0.0043187278533407345,0.005156251711975134,0.005047128960385833,0.004842669321044634,0.0055376965788921356,0.005523372689305533,0.005312218350466335,0.0053089578890267355,0.0055122544747192356,0.0060389264296801335,0.005950276530976935,0.0074355172494585346,0.012683681343586833,0.015163405154804336,0.014418880626962735
690,-0.0036815143112857492,-0.0035960633739974494,-0.003136913691933649,-0.0022291848241314492,-0.0021712485416469493,0.002272227041390351,0.0022923430198799506,0.00261073354219255,0.0028203045713014498,0.00305541315993375,0.0036685975171773504,0.00395923648511865,0.003945287044327851,0.00415409668564045,0.00416806337119225,0.004529834000117951,0.00539489714026415,0.005295668083605451,0.00504283084788475,0.0057536684872625515,0.00575767372827935,0.00556279641272495,0.0055430003740980505,0.005755088893144052,0.00625820512549905,0.0064116064488933516,0.007692771120458649,0.01303971077632035,0.015559279150803651,0.01481492474299525
688,-0.0037671074997135184,-0.0037091371238023186,-0.003215696084855519,-0.002292148322823419,-0.0022374976828959184,0.002279100842800282,0.0022773978287170815,0.002605769359421582,0.002798633206413881,0.0030395219836882818,0.0036424534784618816,0.003925898396318581,0.003922202241662681,0.004147542068193781,0.004179190389748882,0.004553011540692282,0.005410255626764782,0.005348893570430882,0.005078185170176981,0.005757538149740482,0.005756303320617981,0.005566949729452781,0.005561660775141381,0.0058409012052066805,0.006282018784547481,0.006630265026101581,0.00800380007994978,0.013422415974330382,0.01598346054178368,0.015221586714090683
686,-0.0037669095560114163,-0.0037340618941737163,-0.003204026477648716,-0.0023168912909516167,-0.0022843941977514163,0.0021993871345346826,0.0021964263097049835,0.002469062756408083,0.0027043983592680843,0.002908792441196883,0.0035295998961883835,0.0037053245298865837,0.0037843077249437827,0.003964259690930484,0.003998572649967584,0.004394199744586883,0.0052432959534337836,0.005187275330300983,0.004936537845348383,0.005559198370779884,0.005511922822535884,0.005328939957249083,0.005364045527690283,0.005696037969415884,0.006094856012976383,0.006384220307683982,0.008082562480055185,0.013540528491729084,0.016103025159190685,0.015306283416536882
684,-0.0037322807058872837,-0.0037010669697428843,-0.003131236876501584,-0.0022937587331184842,-0.0023002573665373838,0.0021135449422619162,0.0021415049233867167,0.002329870050224817,0.002635316596700417,0.002771410346410116,0.0034179357568218157,0.0034756409523740168,0.0036244649991336152,0.003728489609233415,0.003742492796709917,0.004158827114768317,0.005037921824059216,0.004927894775126515,0.004679225358084717,0.0052786006630301165,0.0051718323620304155,0.005009985469442216,0.0050600318882860155,0.005382972154242816,0.005809784643215216,0.005925760339666818,0.007959116986371514,0.013454295623266315,0.016006588367237215,0.015158600651787615
682,-0.0037304462039853834,-0.003672845138168384,-0.003071340119851684,-0.0022613403241132837,-0.0022958379067002837,0.002048718192256417,0.002124351906620116,0.0022592783661706164,0.0025999016379852167,0.0026754902641943166,0.003332284434145216,0.003360885899796816,0.0034744192138584165,0.0035580534770841155,0.003554880052120816,0.003958875728498717,0.004892615750139717,0.004717367722831616,0.004427334896718116,0.005034775651457416,0.004909613095655517,0.004776700741405316,0.004780156325784716,0.005075317828308716,0.005571904613652716,0.005651549631247517,0.007855321103406617,0.013360162874722118,0.015934685394619313,0.015031809692819016
680,-0.003753618555914567,-0.0036552507279030673,-0.0030645018779760676,-0.0022400144566923673,-0.0022729556725299676,0.002033915342668932,0.002153143411075432,0.0022917116809761332,0.0026085479334416323,0.002655883681531933,0.003314326034389633,0.003412110410198732,0.0033917620007394324,0.0035489825443618325,0.003543989829036533,0.003918776464841633,0.004877578605079433,0.004678489409013633,0.004353306809819532,0.004949570516335933,0.004855020545645532,0.004739529834114232,0.004670186563729233,0.004982234134130133,0.005518942225854933,0.0056565935063135325,0.007895281701816232,0.01331453947022613,0.015910147747530336,0.014986341291016033
678,-0.003788106420163366,-0.0036450614056619665,-0.003114595027584266,-0.0022335527766519665,-0.0022290364904280664,0.0021676134276461343,0.0023121169754843334,0.0025042684265873336,0.002771117898029033,0.002820580418683133,0.0034946203057483333,0.0036936857422531343,0.0035392584508066333,0.003799381389238134,0.003788947928456833,0.004182049359642134,0.005103811056665134,0.004912050925721135,0.004601475116131133,0.005176307925638234,0.005109244545521533,0.004990033763217234,0.004884156465924534,0.005253078390277534,0.005770114314522134,0.0058381153307124345,0.008128724623819535,0.013362225728630335,0.015889891659797834,0.015010352120489633
676,-0.003854411221272248,-0.0036736792234458478,-0.0032009548105385484,-0.002264922692478348,-0.0021846340992552477,0.002488109021830151,0.0026267591870759513,0.002902750730613751,0.0031453513959720514,0.003205750339412051,0.003908093875856651,0.004174401879262553,0.003979134772794551,0.004270752702264152,0.004243229636903052,0.004721249662652652,0.005572001934635452,0.005383510572479253,0.005102457934085251,0.005716766122640351,0.005641627154115151,0.005501228579392052,0.005395543672898052,0.00581127180677235,0.006292755771165653,0.006169265285040852,0.008571355932239053,0.013608587582930452,0.01597970747571115,0.015178602046990251
674,-0.003927872293843332,-0.003740252790734533,-0.0032764268440730326,-0.0023492653857780325,-0.002174950046173232,0.0028483444159371676,0.002949296818946767,0.003309417850178067,0.003574395721035668,0.003617115355844667,0.004342569863796069,0.004620109847065268,0.004487546574896266,0.004709076848420169,0.004676804471814367,0.005247495044730868,0.006060376127567166,0.005872749336268168,0.005580641314507166,0.006299598143859166,0.006215695440230066,0.006039190462126866,0.005917909888520067,0.006359817073865267,0.006859278970112069,0.006621058561893269,0.009077595965518768,0.013988479461478168,0.01624010631458657,0.015468767360602166
672,-0.0039343854368065175,-0.003784556299216717,-0.0033040369343236165,-0.002454269344805818,-0.0022127981138536177,0.003066701009029383,0.0031201032911191834,0.0035329586736384828,0.003839774931046383,0.003803613511031983,0.0045537788775034845,0.004797654870559383,0.004773777886512683,0.0048735164826421845,0.004865071968613181,0.0054902788678310825,0.006351795745406983,0.006177184934675683,0.005840032096169883,0.006634469222864581,0.006576453351012684,0.0063466577763144835,0.006186482962235184,0.006667405559387583,0.007264796809178683,0.0070155635803119815,0.009427268425176282,0.014277218740935682,0.01653547174195018,0.015690046129006284
670,-0.0038618203042397343,-0.003768329252907234,-0.0032938927067526335,-0.002523836050160634,-0.0022668304682740333,0.003101703502438666,0.003127537636508866,0.003546031077728367,0.0038637158816240656,0.003703610809852667,0.004497023335322568,0.0046847131122814654,0.004740912956058465,0.004748858127422966,0.004768324339879167,0.005428285391303467,0.006415292350590865,0.006249972305586965,0.005885567698944865,0.006650215391755768,0.006620066241298066,0.006326938911590568,0.006176821793917767,0.006717425584752065,0.007442040966810365,0.007144329379157967,0.009587027006178667,0.014406550954045166,0.016716748559994467,0.015714708782334268
668,-0.0037971467181428676,-0.003725251423981767,-0.003269652772748868,-0.0025203263273481675,-0.002267785558463067,0.003003106158263732,0.0030359097772410335,0.003417126835424533,0.0036988416590654338,0.0034634784469322315,0.004268933459767034,0.004409427773627432,0.0044645184895091335,0.0044912656320698335,0.004499593169184931,0.005190343668326233,0.0062641970614161335,0.006080782674565332,0.005757917084216932,0.006422858972382333,0.006357489416311134,0.006025428488919534,0.005994398290423334,0.006558654408279534,0.0073243467298895314,0.006951841223142933,0.009674882045334133,0.014483145029362732,0.016717118801921935,0.015580162800684734
666,-0.00378268037371615,-0.00368572224863575,-0.003216943669121449,-0.00244192118128945,-0.002180835703408249,0.0027873311274875506,0.002850768142124151,0.003175128237467151,0.0034292050302830498,0.0032558131934242503,0.0039499329837310495,0.004068521438779052,0.00406760971246675,0.004215000101277752,0.00417841729993375,0.004855467939143652,0.005850412769043351,0.005634561599280151,0.005446908237500452,0.006026753138770451,0.0058895625759908515,0.00558198955952535,0.005691845631129252,0.006187266394354752,0.00686733854613185,0.006553565621482351,0.00962046068397695,0.01440550229668905,0.016439796697157852,0.015308103176171052
664,-0.003748684099762669,-0.0036205493201339686,-0.0031470718759327686,-0.0023201844296284694,-0.002064785856450868,0.0024924202272429315,0.0025859299906236307,0.002859613926339733,0.0031377746774589304,0.0031285524791704305,0.0036340618277594296,0.0037213706921805315,0.0036860331670696325,0.003946372362873733,0.0038826015808172323,0.00447778584715223,0.00530365600392003,0.005070123440891831,0.00507686944185653,0.005580816417986733,0.005427782111110531,0.005201896782948032,0.005342978279611331,0.0057053146804094314,0.0063013865472661326,0.00607616499854933,0.00928259242464933,0.01397911030995023,0.015897906119732033,0.01490127558190873
662,-0.0037050157691350828,-0.0035583213754364837,-0.0031442565011652827,-0.0022150005072299837,-0.0019938799481226833,0.002247986479025117,0.002352546313845816,0.0025993798821277152,0.0029163514390211174,0.0030819420823166178,0.0034687140073340183,0.0034927294339144165,0.0034579771489253158,0.0037720624361085153,0.0037174312746468176,0.004205795526847517,0.004952797016990416,0.0047184891802045156,0.004880898660853316,0.005299527394366217,0.005179650410355117,0.005070611360362616,0.005137311560029818,0.005350346956072517,0.005969041808345418,0.005654536174570018,0.008895507573444315,0.013481883788493318,0.015453217875508017,0.014616474101089518
660,-0.0037600845095864324,-0.003597586961164332,-0.0032616955090804325,-0.002203537141006533,-0.0019840591916783328,0.002197398857562066,0.0022735618371189682,0.002533514268715769,0.0028526221955776677,0.003146626697123567,0.003557593829918968,0.0035071783625678678,0.0034701292116656665,0.0038122014842256677,0.003795849303331468,0.0042001288323418665,0.005012826144673466,0.004800549031222769,0.004959249505027168,0.005360162315141567,0.005252007757485067,0.005266394389413367,0.005223379130901068,0.005296326835277768,0.006004753353738068,0.005520916693071868,0.008879362721897467,0.013465623752355566,0.015549685371109866,0.014806963312516068
658,-0.003911186592671019,-0.003743615761383618,-0.003413702055219618,-0.0023128019907786186,-0.001999995907919619,0.002371953020756181,0.0023676196147384802,0.0026649578823497826,0.002956352021696581,0.0033003963767568797,0.00382344614990298,0.0037245254006718805,0.00367730604438608,0.00405241453723448,0.004089876433561981,0.00443033656149508,0.005359674503261382,0.005201879930441883,0.005173634198726081,0.005702171083790682,0.00555533674603928,0.00563541679355728,0.005499203414879483,0.005491365924442781,0.006249606541596082,0.005798237169852283,0.009249848417648383,0.014012191301883782,0.016150152874788683,0.015381302307972484
656,-0.0039766244573141325,-0.0038610208954520334,-0.003457427675571733,-0.0024580120762665338,-0.0020073650137767338,0.0026267438851823675,0.0025230741329943674,0.0028330665712962676,0.0031083478450273667,0.0034314528470765684,0.004031301026061468,0.0039592566242355656,0.003939767726215666,0.004320316740542568,0.004382432405900466,0.004666365290003466,0.005664725769475866,0.005539523498567468,0.005312742392538266,0.006041127608640768,0.005841689220135065,0.005873386752572167,0.005681320872276166,0.005720470146630767,0.006455195980486968,0.0062554251958918655,0.009533253048213968,0.014487116603419366,0.01664475960602347,0.015760450118381168
654,-0.0038654854559518493,-0.003885984019830249,-0.0034059892806265497,-0.0025504990501391493,-0.00201022611120295,0.0027931682553226506,0.00261976915641075,0.0029082144869849516,0.003183289953146151,0.003482537346050151,0.004078692555180549,0.004145546010071052,0.004203930992921351,0.00452277402428285,0.004524287160973851,0.004786518877545751,0.005840226962248351,0.005647593497690451,0.005386868082266551,0.0062305814647388505,0.006005125490365051,0.005913367135408749,0.005704370714575149,0.005911855866475749,0.00662354601598145,0.006610476150991251,0.00954381513292045,0.01446588115859455,0.016695738429489054,0.01571818391775075
652,-0.003731466156821451,-0.0039165692054625514,-0.0033823177769171514,-0.0025993264324490513,-0.0020118756082035515,0.0028222130279729474,0.0026352668838843483,0.0029007312836263482,0.0031821183520758488,0.00349669250365715,0.004062121005960349,0.004357240338105847,0.0044690243818377474,0.004706156691344748,0.004578847451409348,0.00487547215141565,0.006032941151908448,0.005691597165290649,0.005530148427007747,0.006366231777911048,0.006143034933411149,0.005955835974935448,0.005766341044261349,0.006155192161139349,0.006883962806029247,0.00689128011884875,0.009637515563513447,0.014305867241309646,0.016617479960085946,0.01564155517985375
650,-0.003726975895011782,-0.004002524612211983,-0.0034009145243867837,-0.0026174009733908824,-0.0019955789537415836,0.002776622977755317,0.0026751707076022174,0.002905310248653318,0.0032456389128506166,0.0035431026569582164,0.004100804278666017,0.004601158862454116,0.004663164849592519,0.004865104447809316,0.004680211120153117,0.005027749678620918,0.006266590259328717,0.005801092843820216,0.0057587299604653155,0.006524135004998918,0.006335157868105016,0.006128662673036616,0.0059907771472844165,0.006437523137688517,0.007195738489893116,0.007201052477963616,0.010007433614180519,0.014394279074882617,0.016661319332877417,0.01574339495874302
