Wavenumbercm-1,00:02:32,00:05:32,00:08:32,00:11:32,00:14:32,00:30:55,00:33:54,00:36:55,00:39:55,00:42:55,00:45:55,00:48:55,00:51:55,00:54:55,00:57:54,01:00:55,01:03:55,01:06:55,01:09:55,01:12:55,01:15:55,01:18:55,01:21:56,01:24:56,01:27:55,01:30:55,01:37:04,01:40:04,01:43:04,01:46:04
3000,0.050915237283326,0.0504186366714192,0.0500486816814521,0.0496476883266227,0.0489781135293156,0.0496360860116869,0.0492974881074833,0.0495858772543075,0.0488868714797273,0.048866181360838,0.0486935491771662,0.0483688258591846,0.0479401965899638,0.0478361276783719,0.0472282829625535,0.0473014547305713,0.0471468716498898,0.0471392422430737,0.0467419697027431,0.0465615232625315,0.0461638711861873,0.0461931558940502,0.045736981718108,0.0455607176183163,0.0453080997785052,0.0450588580457621,0.0420414234529714,0.0486813557279857,0.0519865754196425,0.0517444805394399
2998,0.0486640391984186,0.0480760629999535,0.0477582553568676,0.0473375762211801,0.046632593246072,0.0475135762488837,0.0470987966183858,0.0474017387979677,0.0467404658632561,0.0466707672839531,0.0466695894624797,0.0460999221885774,0.0457251224451868,0.0456187892894001,0.0450299225811586,0.0451424872187066,0.0449019027805787,0.0450195509974786,0.0445186819178896,0.0444296764474682,0.0440101327490211,0.0438962204902383,0.0435629270447106,0.0433615269492046,0.0432063307112925,0.042910219868929,0.0398318530677911,0.0465272441529907,0.0497034032588177,0.04954449137898
2996,0.0457600649335292,0.0451170025511334,0.0447803785104029,0.0443129076303403,0.0436484432707067,0.0447142269753999,0.0442941681563021,0.0444990101228291,0.0439752798287658,0.0437115732966212,0.043883447493079,0.0431627661116301,0.0428758057645517,0.0427223736518252,0.0421293621454536,0.042211257311164,0.0420120852463339,0.0421849564643432,0.0416117095575896,0.0415711457908748,0.0411747200055372,0.0408817829602019,0.0406230194980278,0.0404530218487691,0.0403680648641856,0.0401274532867229,0.0368870962946217,0.0437190031808042,0.0467854157683084,0.0467053443196735
2994,0.0425062479727647,0.041827450919526,0.0414665069903661,0.0409266306475256,0.0404027964536821,0.0416003109577638,0.0412309878136631,0.0412432326068525,0.0409018300968564,0.0404007636077081,0.040653880188127,0.0399437013156149,0.039725470152046,0.0395419133803346,0.0389108955329926,0.0389133179303616,0.0388468573904583,0.0389634972280843,0.0384142325927897,0.0383687193677313,0.037997940654624,0.037576169187011,0.0373313821568358,0.0371999975450302,0.0371654594605534,0.0369910299304139,0.0335891923114808,0.0405304168494349,0.0436252734239311,0.0435690725438492
2992,0.039191756529313,0.0384476160774816,0.0381298617195222,0.0375003725683131,0.0371454891202261,0.0384389688299752,0.0381282731535721,0.03794912977899,0.0377628633065428,0.0371248106062028,0.037329352088122,0.0367339032990206,0.0365401698187479,0.0363500847291452,0.0357183011109457,0.0356500389295849,0.0356962771595966,0.0356868126918837,0.0352189433839981,0.0351606011977023,0.0347784493059055,0.0343080956208844,0.0340869032972022,0.0339514667710615,0.0339243792508508,0.0337746678549955,0.0303217542131796,0.0372722700918589,0.0405159994250241,0.0404298451624946
2990,0.0360502687094317,0.0351987211865484,0.0349832506242976,0.0342995864808447,0.0340297587889736,0.0354201652024421,0.0351199696481714,0.0348703703642603,0.034745986066058,0.0341153980971473,0.0342085836148444,0.0336977745105598,0.0335167337437132,0.0332784841761235,0.0327340280150562,0.0326774104360212,0.0327311404753098,0.0326074328357318,0.0321788196364387,0.0321423629348616,0.0317357172285149,0.0312824446455987,0.0311026040100498,0.0309360466994804,0.0308650406022576,0.0307306718707151,0.0273256720155427,0.0342186847628025,0.037593838893809,0.0374582509484472
2988,0.0332359068038755,0.0323036154811838,0.0321422014511716,0.0315202539263092,0.0312004988891193,0.0327161836950699,0.0323732196837791,0.032174900244237,0.0320104546531943,0.0314453179751096,0.0314779212013393,0.030934827707883,0.0307706377363936,0.030433310772395,0.0300312465292987,0.030064242435374,0.0300587085662853,0.0298666239367348,0.0293938513230151,0.0294222871606062,0.029018265738842,0.0286031535629715,0.0284373974638656,0.02824323923012,0.0281237075436217,0.0280357830282929,0.0246743391854634,0.031509654396351,0.0348970513147138,0.034727282116879
2986,0.0307272626178438,0.0298322646987668,0.0295954605996785,0.0291506341478834,0.0286775380491552,0.0303476186220776,0.0299664327810662,0.0298055527437222,0.0295694594195394,0.0290476011660323,0.0291005214520565,0.02846600532264,0.0282657225855833,0.0278700724427599,0.0276016784446924,0.0276879898090509,0.0276871719282698,0.0274267808817536,0.0268966231411761,0.0270114704980432,0.0266067960157242,0.0262085547211802,0.026048031193331,0.0258213443321549,0.0256896603388702,0.0256712900991911,0.0222713836176644,0.0290647726193534,0.0323743385774862,0.032201350187755
2984,0.0285539316204521,0.027804474037365,0.0274218370891132,0.0271515521056524,0.0264773045447424,0.0283091025026453,0.0279439026082693,0.0277164020710901,0.0274605857871999,0.0269678124786931,0.0270369896254501,0.0263978956465794,0.0260604518935741,0.025703859700666,0.0255405152551109,0.0255461400283147,0.0256755693394662,0.0253081547016014,0.0247952423115469,0.0249652641192597,0.0245092924748931,0.0241057187611502,0.0239976302420341,0.0237222731721439,0.0236083927299115,0.0236444645454318,0.0201299093560679,0.0268701405582546,0.0301239480663641,0.0299613165523211
2982,0.026758129892433,0.0261187359548312,0.0256636463645407,0.0254458870106529,0.0245997811486603,0.0265476312419759,0.0262520165148565,0.0259184267592615,0.0257061058110647,0.0252422608905278,0.025243215994254,0.0247462416142047,0.0242523910764939,0.0239530997099482,0.0238615499735337,0.0237212635500891,0.0240017383578912,0.0235524713025941,0.0231128127560822,0.0232513105365683,0.0227300492023883,0.0223285989711061,0.0223121217064706,0.0219751889094819,0.0219085665058153,0.0219484119150938,0.0183137254729444,0.0249787962322222,0.0282724391531366,0.0280981209129158
2980,0.025226612401929,0.0245465004260598,0.0241561969202291,0.0238687455853606,0.0229708373954073,0.024919510641322,0.0247288756455228,0.0243549356482285,0.0241825681922141,0.0237190343701367,0.0235984440621203,0.0232971920987383,0.0227729861475331,0.0224425913682759,0.022357393595757,0.0221776186805591,0.022484438538111,0.0220605020251522,0.0216674175070779,0.0216929679686474,0.0211574270142969,0.0207759445579397,0.0208273163000702,0.0204129509068455,0.0204543153193283,0.0204355736281557,0.0167519897529984,0.0233383769040414,0.0267407857088104,0.026521075730761
2978,0.0238414723864786,0.0230327862030136,0.0227506001731355,0.0223856477220855,0.021569048347226,0.0234052389742402,0.02333743596255,0.0229889973523887,0.0227975278099316,0.0222978887212411,0.0220964878774062,0.0219177712971135,0.0215116332548714,0.0210789614600395,0.0209228218460605,0.0208583926336019,0.0210855829377266,0.0207471622494517,0.0203542917801126,0.020249729410746,0.0197488744076449,0.0193723117447114,0.0194410194111513,0.0189384322161106,0.0191352303308802,0.0190349206183924,0.0153930506550574,0.0219181360955585,0.0254135808561837,0.0251543110663867
2976,0.0225821630186536,0.0217129695143642,0.0214314533274442,0.0210975054552497,0.0203977708063653,0.0221068391116325,0.0221435106587086,0.0218100122812194,0.0215534640169066,0.0210295825936142,0.0208408215115379,0.0206666725734752,0.0204030575180215,0.0199115519253737,0.0196652951944766,0.0197166769362161,0.019925005470269,0.0196005311687021,0.0192154811413063,0.0190298911444987,0.0185550966687805,0.0181399698481131,0.0182010383140358,0.0176449911205195,0.0179360666206482,0.0178108926798084,0.0142456961277322,0.0207533122080949,0.0242794972491702,0.0240264264238567
2974,0.0214490909312382,0.0206489675489911,0.0202173277948087,0.0200305766544811,0.0193696567673734,0.0210525926593397,0.0211196563937151,0.0207606147220686,0.0204379800765528,0.0199435588200147,0.0198436631834953,0.0195867059104288,0.0193772292441789,0.0189440027387796,0.0186568615956565,0.018660436031011,0.018980221343342,0.0185646564778728,0.0182326428422565,0.0180468697804337,0.0175380814181899,0.0170859620262976,0.0171182541328463,0.0166020285012018,0.016841175942811,0.0167674273973847,0.0132306469928696,0.0197940854476459,0.0233430242405156,0.0231092084922375
2972,0.020475764773593,0.0197848637102591,0.0191555254857776,0.0191459593036114,0.0184338756966696,0.0202426611906496,0.0202342424395086,0.0198557876266528,0.019488803794778,0.0190524365378499,0.0190591735563478,0.0186767173387548,0.0184510774933672,0.0181551587486998,0.0178658977603557,0.0177026424277627,0.0181250718644212,0.017630386845906,0.0173531768142764,0.0172471731290282,0.0166490169106328,0.0162467990248909,0.0161942682254742,0.0158000014655204,0.0159121510998638,0.0158871522062452,0.0122914685061773,0.0189724415987146,0.0226176305002466,0.0223557930483174
2970,0.019843140224343,0.019179250933801,0.0184296123417688,0.0185393362997136,0.0177772575797516,0.0198083197152649,0.0196433322250501,0.0192967373234897,0.0189107565254782,0.0185032669266347,0.0185639346764078,0.0180684180370273,0.0178334039686506,0.0176624704428206,0.017353008727584,0.0170811932445926,0.0174675269031162,0.0169981108358161,0.0167107690426846,0.0167343181130536,0.0160577083076562,0.0157944340844736,0.0156073685388659,0.0153345485765977,0.0153706879750416,0.0153296161213496,0.0116335958012798,0.0184165415729913,0.0222060242692438,0.0218940604140075
2968,0.0196468694839894,0.0188903974093916,0.0181458750794305,0.0182674593532321,0.0175313063337229,0.0197416510910984,0.0193863762544189,0.0191160387116837,0.0187589086427857,0.0183285699453042,0.018340229627908,0.0178355103058672,0.0175970972771942,0.0174773632195208,0.0171288138511004,0.0168769620219602,0.0171621535566283,0.016759808709123,0.0163969558243352,0.0165346451384517,0.0158717311425813,0.0157274007130398,0.0154344191227695,0.0152241928815324,0.0152436014941645,0.0151549295713195,0.011419017600037,0.0181948336466513,0.0220591701408584,0.0217725514457439
2966,0.0196119930441764,0.0187043835640745,0.0180668098197958,0.0180929606000679,0.0174322401175551,0.0196485113377284,0.0191173901896388,0.0189229021486432,0.0186671710197714,0.018191395305554,0.0180729678819465,0.0177185968727055,0.0174156931264312,0.0172692534919215,0.0169214484436559,0.0167302067501083,0.0169965129618483,0.0165940792854331,0.0161455722988044,0.0163133578489143,0.0157758060796282,0.015635156229536,0.0153376623118248,0.0151439015988589,0.0151266959006483,0.0150187726586016,0.0113645602112963,0.0180204839058739,0.0218289862002837,0.0216676179355768
2964,0.0195263017972411,0.0185060212776535,0.0180234718306117,0.017909428130729,0.0172896062174522,0.0193299089080867,0.018719253479656,0.0185411508412031,0.0184264082382307,0.0179263614180782,0.0176948535424564,0.0175530284307396,0.01712832238387,0.0169244673066324,0.0166294235813119,0.0164618043250323,0.0167836906557479,0.0163250228705153,0.0158191111712085,0.0159261668406626,0.015539438731574,0.015315893245381,0.0151091630629425,0.0149133739351548,0.0148319381731877,0.0147287664100416,0.0112264666344577,0.0177722018121461,0.0214506764916693,0.0214235074469662
2962,0.0196897974051816,0.0186539943244697,0.0183134860292694,0.0180968373931686,0.0174464410337028,0.0192571156237993,0.0187387305923261,0.0184901111537788,0.0184652260732236,0.017979160048335,0.0177419425648243,0.0176719905294033,0.0171717069320121,0.0169420853352046,0.0166875550569323,0.0165273218233646,0.016875309763838,0.0163928584772098,0.0158619306077295,0.0158784555931601,0.015544541055408,0.0152471089641652,0.0151603642449312,0.0149384012491843,0.0148432858884717,0.0147300488344148,0.0113352407800373,0.017919979817639,0.0214707066229696,0.0215025167370331
2960,0.0204431861352191,0.0194839190093852,0.0192239424141558,0.0189638336295433,0.0182603186940475,0.0199374320082447,0.0196250810278566,0.0192815920514137,0.0192312474024579,0.0187718582759737,0.0186237302043555,0.0184102851545208,0.0179499358771818,0.0177453440118812,0.0174697040164374,0.0173369336343961,0.0176718972799921,0.0172142277810349,0.0166950403405555,0.0166445116521414,0.01624255994512,0.0159224713605925,0.0159180939673067,0.015637083386889,0.0156169591642519,0.015472364607843,0.0120938294381185,0.0188669932548219,0.0223027320008068,0.0223333715992675
2958,0.0216387805592563,0.0207710217883986,0.020536976291296,0.0202401983301735,0.0195409561228319,0.0212094582051506,0.0210355616078202,0.0206825787378857,0.0205214267757783,0.0200542374768556,0.0199892475326326,0.0195786527852579,0.0192227058631823,0.0190499502785507,0.0187210548917708,0.018629152832123,0.0189518437198138,0.0185359540047445,0.0180547386738953,0.0179775114396685,0.0174839398258679,0.0171675627276575,0.0171665866460763,0.0168320690211472,0.0169078152448056,0.0167212369496674,0.0133540146021613,0.0203023666759413,0.0236382601470547,0.0236613178446845
2956,0.0231048895053711,0.0222634772583651,0.0220409214189477,0.0216776829709842,0.0210520313114691,0.0227512543983624,0.0225547694018211,0.0223014423969822,0.0220349071860028,0.0215052851683025,0.0214521075316844,0.0209892945214068,0.0207016155513322,0.0205114429399669,0.0201689862534499,0.0201205545546768,0.020394324543295,0.0200304929059855,0.0195813054474697,0.0195313186639583,0.0190037110723964,0.0186972941935803,0.0186188793744899,0.0182911476800866,0.0183937912091236,0.0181413511818173,0.0149077715247742,0.0218583627699714,0.0251579463866987,0.0251447793129384
2954,0.0254048153270307,0.024537416294557,0.024303339670165,0.0238900656886937,0.0233277220964577,0.0250122205531127,0.02474671921582,0.0245898242826179,0.024284492673042,0.0236823074717087,0.0235895953798267,0.0232260399834174,0.0229292188408958,0.0226900347519132,0.0223983420459536,0.0224041102911455,0.0225393013295171,0.0222287813410488,0.0217928481894974,0.0218330263227758,0.021313379637948,0.0210173143825644,0.0208208018623921,0.0205752164926389,0.0206054519491474,0.0202760350175058,0.0173021008089728,0.0240909479708418,0.0274468088655674,0.02732504935093
2952,0.0291956715681055,0.0283365551947595,0.0280057152515899,0.0276170058299103,0.0270374807508405,0.0286466063325916,0.0284010057923744,0.0282218020002055,0.027960034484179,0.0273329252628273,0.0272004343678924,0.0269246120379438,0.0265833331725553,0.0263329520462366,0.0260984201995943,0.0261622638789976,0.0261288053055389,0.0258462295943691,0.0254330881406542,0.0255686467536446,0.0250672522480046,0.0247542295157231,0.0244514944815895,0.0243456622478368,0.0242174586562391,0.0238726752428799,0.0211665993754789,0.0277617930828966,0.0312265388742326,0.0309712351531712
2950,0.0344219130581926,0.0336477213857716,0.0331349216647729,0.0328128030711177,0.0321737436118673,0.0336754832734173,0.033494960542127,0.0332204140037424,0.0330559394045118,0.032461841512655,0.0323027426760407,0.0319903494919282,0.0316429438567821,0.0314345954400391,0.03118234826614,0.0312751857091892,0.0311646381304845,0.030876519961788,0.0305219125141456,0.0306665833794339,0.0302171981959589,0.0298467364574736,0.0294675470739434,0.0295025528433902,0.0291995958351441,0.028944313484532,0.0264113220053584,0.0329000020146541,0.0364536205757179,0.0361277498665184
2948,0.0401529444742143,0.0394816074591958,0.0388206095897634,0.0384980463848988,0.0378710406502099,0.0392631603290362,0.0390643717394598,0.0387690235530087,0.0386897975960178,0.0381538356901426,0.0379541794610777,0.0375438662766436,0.0372476373804799,0.0370848256036464,0.0367276489529481,0.0367928600435698,0.0367207010534052,0.0364175656172201,0.0361427050133466,0.0361956914200306,0.035859292986831,0.0354272928665605,0.0349940517907736,0.035082344026002,0.0346961665724526,0.0345805540341452,0.0321160653635704,0.0386250609906209,0.042209941319022,0.0418858384289397
2946,0.0445673544572379,0.0439443474672435,0.0432828745321627,0.0428418023394499,0.0423411672890307,0.0436499152690835,0.0433633008942485,0.0431765616646416,0.0431193394614113,0.0426084036007855,0.0423532163399832,0.0419097099735979,0.0416671478702068,0.041512870213278,0.0410388032373415,0.0410328454628628,0.0410283231256609,0.0407079132697119,0.040493222022718,0.0404493447820184,0.0402391202544828,0.0397892501637726,0.0393395148432474,0.0393436160623317,0.0390175650892878,0.0389977940961621,0.036548859946166,0.0431800423850396,0.0467423106293932,0.0464161290269948
2944,0.0454806876613492,0.0448496792509316,0.04431168483373,0.0437148526499621,0.0433649431105153,0.0446664559468601,0.0443649098749298,0.0443149850953085,0.0442125670546269,0.0436497140492282,0.0433731194200812,0.0429839592261334,0.0427408160232083,0.042570727539844,0.0420558089675652,0.04197886356223,0.0420090874868734,0.0416340269027199,0.041437454052425,0.0413840431990361,0.0412290824047682,0.0408049605011964,0.040404532937204,0.0402507426220679,0.0400631665236923,0.040052912976397,0.0376128911374791,0.0444014755406374,0.0479066392085656,0.047532210219046
2942,0.0420865370586076,0.0414219769483007,0.0410230164588475,0.0403557204908143,0.0400610794605798,0.0414830670458355,0.0412797686878284,0.0412721152195644,0.041086798164617,0.040408656063168,0.0401881442237666,0.039854019515392,0.0395684428605819,0.0393962147725162,0.0389261239310099,0.0388210760769434,0.0388532609477247,0.0383970402492158,0.0381769374517353,0.0381805729747752,0.0379929138209325,0.0375995695362598,0.0372966390709548,0.0370442023507031,0.0369584728145727,0.0369016878452371,0.0344837401711856,0.0413719829677207,0.0448170938637621,0.0443907456485964
2940,0.0358463321629562,0.0351137046315947,0.034809369260432,0.0341963669338429,0.0338275225397498,0.0354856122609807,0.0353579223475126,0.0352841969878572,0.0350087928119532,0.0342357186364355,0.0341118805366324,0.0337604047332422,0.0334682101820152,0.0333044454855202,0.0329205655914728,0.0328220829315689,0.032835159468064,0.0323616648594086,0.0320655444639184,0.0321201168844138,0.0318635072075981,0.0314895656360487,0.031260893131721,0.0310276305699079,0.0309726544713693,0.030861025634479,0.0284678322936746,0.0353597784641753,0.0387701575352865,0.0383460730922065
2938,0.0290240927510988,0.0281798384854635,0.0279391655975207,0.0274360617930941,0.0269281741707728,0.0288466178862275,0.0286605344590417,0.0284637187517257,0.0281317342300844,0.0273606475927482,0.0272910111737254,0.0268667510066419,0.0266482086156363,0.0264487441201216,0.0261734474981764,0.0260773884260491,0.0260699644166524,0.0256671210461797,0.0252373696378672,0.0253280688765363,0.0250125410174115,0.0246626905687611,0.0244472774085277,0.0242823034515186,0.0242215571598073,0.0240995449978694,0.0216866604757841,0.0285409104929216,0.0319267871900393,0.0315731192965923
2936,0.0230883704531564,0.0221426471652319,0.0219444432587609,0.0215151749266947,0.0208949249611411,0.0229815706712397,0.0226618388443268,0.0223272741577193,0.0220195415959232,0.021321039775817,0.0212394282118135,0.0207546515571263,0.0206362815960357,0.0203293368174483,0.0201788667311871,0.0200682598370485,0.0200878895212432,0.0197393963076103,0.0191456842364359,0.0193061415467445,0.0189479979863868,0.0186332530917123,0.0183976048219503,0.0182629029215599,0.0181724250838648,0.0181350989810679,0.015618556760143,0.0224761732100229,0.0257843409328316,0.0255431571910148
2934,0.0182389945957031,0.0172636749289251,0.0170661444382543,0.0166427105993908,0.016003862011163,0.0180948862025446,0.017684857575547,0.017234187383996,0.0170345626003469,0.0163845862485823,0.0162809806267997,0.0157857954707627,0.0157137556952387,0.0152699276549116,0.01521160348624,0.0150886683867621,0.0152165464678511,0.0148278545333288,0.0140863325595168,0.0143539462779868,0.0139539199604429,0.0136729103587984,0.0134201660035864,0.0132609586430798,0.0131287974620216,0.0132349410372248,0.0105700460251959,0.0174956122606031,0.020658835039018,0.0205184181817775
2932,0.014181948299291,0.0132318514873669,0.0129961254918379,0.0125413707116862,0.0119893313900133,0.013936909497037,0.0135105384588968,0.0130039189099477,0.0129251609857161,0.012269739999116,0.0121794957665109,0.0117055203132814,0.0116180133272882,0.0110746881504371,0.0110118628448442,0.0109043468008025,0.0111725149371305,0.0107126948987655,0.00988289731132997,0.0102199857537747,0.00976751398147527,0.00951305567574194,0.00926162961428065,0.00904768591386049,0.00892104656525378,0.0090977393774686,0.00633461309481503,0.0133390166097969,0.0163942739321098,0.0162690717898965
2930,0.0110225568475034,0.0100930824214542,0.00981455328957951,0.00934530473408456,0.00891623364877274,0.0106439659974787,0.0102491200308538,0.00975358005153965,0.00971753410718932,0.0090808005649365,0.00899684186447654,0.00854835736205049,0.00842719498679108,0.00785756943469893,0.00770596300458451,0.00764036180499987,0.00799851021930116,0.00752054975325397,0.00669768379559572,0.00698984548042422,0.00648991352298152,0.00625403846851667,0.00602902254317673,0.00575535638923787,0.00570772132339606,0.00581411199064152,0.00303221364733932,0.0100793406123546,0.0131734292571255,0.0129529745621254
2928,0.0089554379171406,0.00805263255789169,0.00771931755556963,0.00730566607709971,0.0069250204816308,0.00842675102249048,0.00811309841368262,0.00765217650839107,0.00755909570666952,0.00703142915026937,0.00687961057024746,0.00645749109437445,0.00630003008746896,0.00578511563769508,0.00555051254188155,0.00551486356624599,0.00589587714121758,0.00541483725774847,0.00470540881785169,0.00483340054933255,0.00434924490472226,0.00411034818938255,0.00392451301917155,0.00362821217632313,0.00364033001359066,0.00362873161062008,0.000834494283883135,0.00790637377813926,0.01114988389379,0.0108093798313799
2926,0.00769802168974161,0.00689933982375643,0.00645529132775227,0.00618042670866473,0.00573634705110002,0.00705847779687619,0.00685991166976896,0.00640166814827322,0.00622278325697187,0.00584800058832277,0.0055722991290732,0.00518199301362847,0.00497626396106318,0.00458316652644616,0.00432702141277419,0.00427765969564933,0.00462980815322879,0.00409974846355888,0.00355001552583908,0.00348931852147141,0.00311041582381698,0.00285335405458283,0.002674934944627,0.00243185703892025,0.00237638721442153,0.00233787954318993,-0.000548904954434471,0.00656085407700002,0.00994107529914712,0.00957041247572154
2924,0.00642564102912091,0.00579691976914707,0.00520716639538058,0.00508129672655738,0.00456121792456792,0.00579537353935246,0.00564584186838013,0.00514697667293643,0.00492729523676695,0.0046660418579689,0.00430149684395468,0.00393915828763058,0.00368671046227919,0.0034527804086947,0.00317360391759596,0.00309179524006843,0.00335380803934972,0.00278669195587105,0.00232483132711238,0.00218133452867608,0.00191704111946456,0.00166717052905684,0.0014457397622387,0.00128778522973474,0.00108343465308198,0.00112411746135511,-0.0019284400783289,0.00520927178573494,0.00864643157051343,0.00834365236673344
2922,0.00482282071106687,0.00431314480590116,0.00362062229713154,0.00355913286873685,0.00304197311788276,0.0043136159397213,0.00406932797639397,0.00353605491569713,0.00332124706603141,0.00311368859412475,0.00275131261163178,0.00237814898935872,0.00212032217507447,0.00203483090820317,0.00166166431666671,0.00157571899597863,0.00170154811392913,0.00119318487215888,0.000703236235562016,0.000613257286618589,0.000370122460152158,0.000157205947559006,-9.48022788156182E-05,-0.00024371228843112,-0.000525508886566271,-0.000406701601393588,-0.00359316186888465,0.00349516068221171,0.00690976729890585,0.0066740588313517
2920,0.0035997091885778,0.00306799210476837,0.00234742631900762,0.00225790269330146,0.00176826301920096,0.00318233792609619,0.00277438514038921,0.00227707044666312,0.00207897414267508,0.00186685911172559,0.00155647255004344,0.00112798441241502,0.000902374196703514,0.000896090899356595,0.000415557362542228,0.000354003753650208,0.000386395564227969,-2.01049899487179E-05,-0.000566881688586965,-0.000559164512354533,-0.000866765627596853,-0.00108106069794377,-0.00127705436418736,-0.00152036048186853,-0.00175365839547981,-0.00164218733290385,-0.00484482548921051,0.00209914126747344,0.00542168110895181,0.00519416365360553
2918,0.00315361908913962,0.00249769619967731,0.00178246542595566,0.00164349172803838,0.00111635993302758,0.00270499067628638,0.00221190084739403,0.00181399481762383,0.00164497567681094,0.00133765696278117,0.00106668513355557,0.000590452197576162,0.000371082462253588,0.000351976588460034,-0.000135241485524096,-0.000185903865146505,-0.000131461273550374,-0.00051296140053099,-0.00104572909702892,-0.00100580378117933,-0.00135531942890708,-0.00165457942439808,-0.00173598510811036,-0.00208157181581496,-0.00221580455863007,-0.00219970851809034,-0.00532499909283786,0.00145430034328968,0.00462765662815744,0.00441484652579825
2916,0.00314716315217489,0.00238619778931691,0.00166863138119432,0.00150926800828709,0.000902433000753213,0.00265236077771547,0.0021940891860633,0.00187113071606244,0.00176544678109475,0.00127481637708643,0.00103556116610666,0.000560043093174111,0.000283774875656989,0.000196957585261163,-0.000179583312353745,-0.000247258270596767,-0.000114958274102838,-0.000549280232832455,-0.00100964105169918,-0.00100446468865754,-0.00133693527883527,-0.00173591041309362,-0.00174285757969568,-0.00211879686855847,-0.00216638326940339,-0.00229224722532853,-0.00535645287329692,0.00132458104388069,0.00435273501535667,0.00422550640535594
2914,0.0030701466902031,0.00229032345414853,0.00156955390422619,0.00140787872922556,0.00076191743036444,0.00266498801088146,0.00227404079025059,0.00194718360347288,0.00191327286855892,0.0012507420095346,0.00106916964235239,0.000629607428984394,0.000260024378472223,0.000113087776948948,-0.000126351640620373,-0.000213842841836218,-4.50469712289969E-05,-0.000518915688962455,-0.000931654775589766,-0.000943659921757069,-0.0012795708372769,-0.00169248885712531,-0.00170588410102874,-0.00206186599614457,-0.00204371427416083,-0.00229944562599419,-0.00539292747068176,0.00127231053571797,0.00424519159271426,0.00421837190246754
2912,0.00261100834002056,0.00186880416517945,0.00116264671426203,0.000998157564387451,0.000371105939099584,0.00239800493589663,0.0020277426338777,0.0016767824183784,0.00165437591232041,0.000925595780926807,0.000823535648521241,0.000429500648157706,-2.58621476715202E-05,-0.000201105390140173,-0.000354786754861675,-0.000453049233298006,-0.000272114464820899,-0.000746633786928107,-0.00117469525500848,-0.0011510103656907,-0.00154171510903189,-0.00188447757090595,-0.00194218060350893,-0.00227390827118157,-0.00223456279729768,-0.00255958926649511,-0.00572452453880507,0.000951867925454322,0.00398758819935008,0.00397667731997273
2910,0.00188612682665795,0.00118065935826747,0.00049930842260324,0.000343625159521187,-0.000249099259377981,0.00180292691686935,0.00142052551838382,0.00111372724969319,0.00101664466347354,0.000304783165010487,0.000265420611033741,-7.09966900479118E-05,-0.000570659145919902,-0.000777081735647841,-0.000898915513674129,-0.00100559383290248,-0.000776447171122077,-0.00125423632055074,-0.00173094751181104,-0.00166567025554616,-0.00207928845555488,-0.00235405071620703,-0.0024474523144832,-0.00275281311974391,-0.00276583805997753,-0.00310260240836811,-0.00628043744039335,0.000363214073129863,0.00354322650595245,0.00344597407254985
2908,0.00108512865113744,0.000371009697245097,-0.000277012662286548,-0.000399279889390792,-0.000964996945399502,0.000991274592123352,0.000615499146673052,0.000414315865546495,0.00020147262198711,-0.000482569495737981,-0.000510038150172851,-0.000753791649087501,-0.00124329204459708,-0.00152628393329806,-0.0016449158998826,-0.00174508563539788,-0.00147306926541567,-0.00195378970792182,-0.00247430455305697,-0.00240781717343933,-0.00275353414595893,-0.00301454113413945,-0.0031280727913609,-0.00339524750754322,-0.00349798760439308,-0.00383671035150647,-0.00694682135541813,-0.000403709979482981,0.00294936436696252,0.00273376547368886
2906,0.000351473171491445,-0.000433243342389987,-0.00100096770776581,-0.00109759497910515,-0.00162791767303731,0.000186742376941543,-0.000152449475399238,-0.000285914118454033,-0.000595683785157906,-0.00124189108104097,-0.00129439882730952,-0.00143153626193746,-0.0018670485615353,-0.00226223582704636,-0.0023947262321735,-0.00245866953916024,-0.00223315480357945,-0.00267037955475432,-0.0032194569266547,-0.00317441815923074,-0.00342881311570547,-0.00371327082857598,-0.00382423361768972,-0.00406293617221803,-0.00421056582816139,-0.00456051179113801,-0.00761074749835612,-0.00119684755173556,0.00231338990726985,0.00201666614116723
2904,-0.00012917066512244,-0.00101300900428012,-0.00144546141520506,-0.00156923388723322,-0.00204129650355072,-0.00033056547571135,-0.000633688359512775,-0.000791966269207313,-0.00116695535825333,-0.00171300976043569,-0.0017857527526511,-0.00188086607037999,-0.00224322805354842,-0.00272608219366021,-0.00288312299733746,-0.00290361791758072,-0.00278849619544188,-0.00314891344818613,-0.0037020011637922,-0.00366256975885526,-0.00389440079104239,-0.00421711346582578,-0.00428445980701449,-0.0045324264574464,-0.00464885900409844,-0.00498193866410404,-0.00807314054078801,-0.00174740846801175,0.00186004789588362,0.00153289199176277
2902,-0.000407112417259184,-0.00135288161887335,-0.00167316680486521,-0.00185792215418833,-0.00225175964694778,-0.000609267360814157,-0.000906852807765042,-0.00111828847677945,-0.00154848315647916,-0.00194922269005894,-0.00201914650880058,-0.00217817849464515,-0.0024791040849902,-0.00297146980297167,-0.00315260344604587,-0.00316316057565622,-0.00311758208715722,-0.00343531803575158,-0.00395552035685419,-0.00390998676243934,-0.00417326250924346,-0.00454080846984418,-0.00454675325391504,-0.00483506992241767,-0.00488362183555898,-0.00515791266564631,-0.00836899370232354,-0.00204730502339625,0.00156409245184415,0.00124632135241768
2900,-0.000642919166007313,-0.00157452956466921,-0.00189414169865526,-0.00209481383886909,-0.00241301563560786,-0.000846526608552855,-0.00117549836896756,-0.00138708882067588,-0.00185289448434962,-0.00217272244507312,-0.00222430333825144,-0.00249801389233411,-0.00276430522798754,-0.00319193915493625,-0.00338349177698684,-0.00342842079727641,-0.0033835862322268,-0.00370498902797363,-0.00418343288141608,-0.00413754474767951,-0.00441831472788763,-0.00480677038810274,-0.00479583751753577,-0.00512466294253861,-0.00511328929651586,-0.00533633604253438,-0.00864802919692007,-0.00225834152363184,0.00127870206236206,0.00100931122046874
2898,-0.000808947796783715,-0.00166831509773279,-0.0020924346553774,-0.00221484290985627,-0.00251678664173511,-0.00102524865585756,-0.00141393303025797,-0.00158672158074784,-0.00201958974608118,-0.0023947537217668,-0.00240853338093085,-0.00276217593058386,-0.00301504147963474,-0.00335579580223135,-0.00353660583487152,-0.00363049335731424,-0.00358079596331564,-0.00389704663055254,-0.00438282425051462,-0.00433073381607873,-0.00461733495519914,-0.0049683100339798,-0.00499768166550954,-0.00534074618500713,-0.00530818598978371,-0.00550717374994646,-0.00885826217998317,-0.00237456841202407,0.00106755169465816,0.000876663213358145
2896,-0.000954876158655976,-0.00172309660023151,-0.00227091276015596,-0.00225877662686234,-0.0026585831525444,-0.00119956981757691,-0.00166176429020706,-0.00182572225283837,-0.00213543502185952,-0.0026486257004182,-0.00258713759272398,-0.00296321729167762,-0.0032212007781212,-0.00349634174702352,-0.00365065905258944,-0.00377061758505012,-0.00373568469923805,-0.00402306949610086,-0.00457147264934372,-0.00449842371745328,-0.00482834027551701,-0.00510712536626213,-0.00517303361548029,-0.00548189914863608,-0.00551146335739864,-0.0056470836896096,-0.0090162965039493,-0.00245362284670656,0.000918617288958955,0.000794740933437596
2894,-0.00136736937239535,-0.00205003569402691,-0.00267074837454935,-0.00255597476670457,-0.0031262193369287,-0.00166231230096289,-0.00218795615497187,-0.00238696345850854,-0.00254779896461853,-0.00316633290823287,-0.00301358902432859,-0.00338669745588925,-0.00366875341725215,-0.00390640422605947,-0.00404110938602217,-0.00414834286156406,-0.00410245391169391,-0.00439489606524414,-0.00497922956416767,-0.00490895165236617,-0.00530346449457784,-0.00554466665465562,-0.00560026515904949,-0.00581729590639044,-0.00600485174351687,-0.00600471155581131,-0.0093903324587005,-0.00278384323649514,0.00054701782822197,0.000430373039894806
2892,-0.0020573299105251,-0.00268428094057777,-0.00331307212026242,-0.00318970358126541,-0.00385814863570943,-0.00239930911919889,-0.00294689504327267,-0.00317872136112021,-0.00326791698454153,-0.0038957920288255,-0.00370937652962171,-0.00407639068817072,-0.00437877763877378,-0.0046030462726512,-0.00474319837636905,-0.00481006449401257,-0.0047166369591304,-0.00507847823894259,-0.00559198636705292,-0.00558374426614463,-0.0059956043583621,-0.00626400584065155,-0.00629737392667024,-0.00640031217271211,-0.00675089114335737,-0.00664595524200837,-0.0100017276843168,-0.00339408659247677,-8.5801928146677E-05,-0.000260306796755237
2890,-0.00265670064090281,-0.00328686112743863,-0.0038760184194623,-0.00382815758952134,-0.00443384770431083,-0.00300279323453831,-0.00351805057825047,-0.00374921617468559,-0.00388092845587092,-0.00444327367146621,-0.00432735291034294,-0.00468516986033247,-0.00495805333973451,-0.00521074973786523,-0.00535710514571044,-0.00539127503640405,-0.00526449465856669,-0.00570790508703882,-0.0060762598111673,-0.00615111626941089,-0.00651618894190943,-0.00683990868523586,-0.00689311049739952,-0.00692019888568977,-0.00731452967081994,-0.00725693347373893,-0.0105139517775968,-0.0039422532826243,-0.00063675713430362,-0.000884931919819735
2888,-0.00287538799537623,-0.00355631854043126,-0.00409104972025178,-0.0041389500589391,-0.00461258054941956,-0.00318400671259955,-0.00364358392237747,-0.00384501847782723,-0.00407988715903804,-0.00456261891881502,-0.00456764778175482,-0.00492197029266302,-0.00510044811556303,-0.00543794082590529,-0.00555247058947703,-0.00559732862177317,-0.00546486196840955,-0.00593937243910836,-0.00620695037161004,-0.00631188136252981,-0.00661482234478469,-0.00698168322053809,-0.00709042548850237,-0.00709670198886058,-0.00741135490835948,-0.00751660078622603,-0.0106672298586003,-0.00415170651276389,-0.000830963370873449,-0.00111330945574908
2886,-0.0028601553940103,-0.0035718222753626,-0.00408358111021121,-0.00418869185141405,-0.00461712574593427,-0.00311835433231449,-0.00355051399511705,-0.00370153957361937,-0.00403473482830439,-0.00447333815588389,-0.00454234625289635,-0.0049066828706787,-0.00498900226846597,-0.00542295282945629,-0.00549554739170256,-0.00558355402679735,-0.00542492278326415,-0.00587533763788561,-0.00616410899397541,-0.00623122608596472,-0.00648955930126235,-0.0068851185872454,-0.00703908370845092,-0.00704028392756338,-0.0072711804662193,-0.00750260009670281,-0.0106186743735697,-0.00416270549677085,-0.000812620860052242,-0.00108897488728769
2884,-0.00295048380198638,-0.00362263473136888,-0.00415817751970412,-0.0042832691943026,-0.00476907916924597,-0.00314021427618039,-0.00357951165085749,-0.00368114610389735,-0.00409068243981377,-0.00453229994606213,-0.00456740710637093,-0.0049301667825382,-0.0050038340532889,-0.00546258241796243,-0.00557023115297004,-0.0056716016698325,-0.0054511310174716,-0.00585811188268397,-0.00625603946404573,-0.00627225036218745,-0.00649283520342037,-0.00690657445713851,-0.00707600401413042,-0.00706501022125843,-0.00728601427088757,-0.00752966903833904,-0.0106932305244159,-0.00428287481209823,-0.00088107926734206,-0.00116245790356898
2882,-0.00322371850971144,-0.00382766458555281,-0.00437468383889496,-0.00453871086571461,-0.00506271621627609,-0.00331237198154066,-0.00373159419339678,-0.00384046187182974,-0.00430345036415193,-0.00477280736210081,-0.0047352325566522,-0.00505735512150649,-0.00521870207263551,-0.0056091885458761,-0.00584779949218526,-0.0058940654846438,-0.00562282910967854,-0.00600727457892436,-0.00651176646677433,-0.00650412261712282,-0.0066974317871059,-0.00710735972018711,-0.00726729939256262,-0.00727211825764951,-0.00750893518008908,-0.00769824585673366,-0.010948244289806,-0.00454268036475297,-0.00106558583934814,-0.0013980290585915
2880,-0.00351948533229731,-0.00411913484134921,-0.00458717283833851,-0.00484349404578356,-0.00531318844905617,-0.00353027553900368,-0.00384773294596104,-0.00405503008237754,-0.00451570196173365,-0.00501460729107654,-0.00493809328099152,-0.00520790639545342,-0.00546860316315515,-0.00577440305675625,-0.00612870088542082,-0.00609934143819533,-0.00581152406419729,-0.00622843521592493,-0.00677662791555818,-0.00675584703524723,-0.00696537990729263,-0.00735215949256793,-0.00747362344558313,-0.00755122044323873,-0.00775919009333837,-0.00788162540633905,-0.0112262379128326,-0.00476127152501478,-0.0012248282993475,-0.00162772844605844
2878,-0.00372266609176211,-0.00441428971956682,-0.00472553202313631,-0.00508003715263363,-0.00545897890394664,-0.00376681271662887,-0.0039429907649319,-0.00427932575452406,-0.00465438699433018,-0.0051825176398787,-0.00511483959044704,-0.00537893496194044,-0.00567760998294149,-0.00596028171408944,-0.0062972145603081,-0.00625543247686265,-0.00595515623250323,-0.00645750244638559,-0.00698189373737796,-0.00694018588729692,-0.00720855396350494,-0.00757954793762347,-0.00764019332457886,-0.00780807237984075,-0.00794817698210425,-0.00800128156288074,-0.0114348182565449,-0.00486049227315592,-0.0013331497929607,-0.00177306330780516
2876,-0.00378735043040082,-0.00460052395321597,-0.00479055087051899,-0.00516080998955077,-0.00549039401916589,-0.00396011672915119,-0.00406648795700448,-0.00445178967151617,-0.00470272263234345,-0.00525928543310965,-0.00522625228641293,-0.00553384760745632,-0.00582904298186709,-0.00612830291778036,-0.00634073184737955,-0.00636417520361185,-0.00605265207854928,-0.00662731421977002,-0.00708320644852821,-0.00703946414305144,-0.00735070329527943,-0.00772199704968297,-0.00774750826034529,-0.00796275958845301,-0.00803020642474594,-0.00804405073221388,-0.0115297934574793,-0.00485312095599732,-0.00139541797658719,-0.00182405768169379
2874,-0.00378360706662843,-0.00466169432919775,-0.00485369182791388,-0.00513256924555649,-0.00545530691975346,-0.00406721295919899,-0.00422600217357274,-0.00455348165388997,-0.00472478086887879,-0.0052893382899258,-0.00530126323629797,-0.00564002077405592,-0.00594965116059055,-0.00623026639339144,-0.00633865715574881,-0.00643864111320574,-0.00616630005003254,-0.00672488942367621,-0.00708978617753788,-0.0071001018132222,-0.00738973399486511,-0.00775376619627461,-0.00781551717673573,-0.00803272619575991,-0.00802016555002132,-0.00807730522893063,-0.0115471924098019,-0.0048272733300001,-0.001427487739579,-0.00181864056514502
2872,-0.0040037527054494,-0.00486885242729886,-0.00515285237052808,-0.00530558295184979,-0.0056318216768646,-0.00433620545511823,-0.00460795389608532,-0.00485414326234719,-0.00501297365681502,-0.00554645592622686,-0.00560560957532189,-0.00591967057025319,-0.00626041176601353,-0.00648224419416637,-0.00657274305353657,-0.00670313450922513,-0.00653193602109209,-0.00698921783791235,-0.00726612430826896,-0.00737132678935815,-0.00760071474229699,-0.00793208674052782,-0.00807808647779258,-0.00828813786758362,-0.00819679052868469,-0.00835777668356957,-0.0117521616538873,-0.00504890831358302,-0.00164914835969885,-0.00198177738821974
2870,-0.00450411831734053,-0.00531612745551664,-0.00568238343103035,-0.00576210932725542,-0.00610162270878903,-0.00490891366702759,-0.00526854026712978,-0.00547959585962335,-0.00564770065770522,-0.0061176453852063,-0.00621525326065199,-0.00646517202286224,-0.00680637915787462,-0.00699653370249305,-0.00712029141992887,-0.00723481550305416,-0.00715727233182594,-0.00751367439919298,-0.00773520079316784,-0.00790329691990851,-0.00810789933977724,-0.00839050584617254,-0.00859888264847529,-0.00879841949766218,-0.00869038241597332,-0.00892492280637847,-0.0122169441017324,-0.00554709369133079,-0.00212301393419525,-0.00236665085981977
2868,-0.00505240050876492,-0.00581575408272372,-0.00620200588156789,-0.00627639643258484,-0.00665313528399914,-0.00563243121201483,-0.00604011371831785,-0.00623431297955266,-0.00640487977520441,-0.00679925197608649,-0.00691417642908222,-0.00710017585163608,-0.00740657886266545,-0.00762296576795544,-0.00778991519903866,-0.0078654913784542,-0.00781105946589238,-0.00814196855771785,-0.00835446874889103,-0.00849384724685315,-0.0087487889926497,-0.00898130239695893,-0.00920007185095346,-0.00935986046648813,-0.00933069916065922,-0.0095704196948743,-0.0127535144485683,-0.0060921142531482,-0.00266654199586643,-0.00282263678278425
2866,-0.00553966927687468,-0.00627367734593033,-0.00664551858267478,-0.00673491067409876,-0.00716573594103876,-0.00635734162390322,-0.00680184943192859,-0.00694951044551416,-0.00714781337810707,-0.00745711650774696,-0.0075639567726427,-0.00770806141896296,-0.00798766659334625,-0.00824921914918913,-0.00845895995098164,-0.00848808376318025,-0.00840604048074314,-0.00878201918893459,-0.00902390244385963,-0.0090512657309942,-0.00940690524882059,-0.00958954636477553,-0.00979850002984583,-0.00988846737151625,-0.00996779522439373,-0.0102025309108642,-0.0132747411768921,-0.00658282893185145,-0.00317168294326757,-0.00331088311021116
2864,-0.0059865153801391,-0.00669950136903909,-0.00706803139971766,-0.00715783583623952,-0.00763644229355584,-0.00702655279869923,-0.00748731514044752,-0.00758934903622639,-0.00787141865572123,-0.00808072386075709,-0.00814385796588281,-0.00829100330582273,-0.00856562320922113,-0.00885498607098789,-0.00907814372933181,-0.00907250868442859,-0.00895776232628919,-0.00940481066289246,-0.00969849687737702,-0.00959078642576606,-0.0100425276927839,-0.010185210073813,-0.0103945889918765,-0.0104212892537483,-0.0105483524468498,-0.0108142521586755,-0.0137872594890723,-0.00703631984130775,-0.00362526791935308,-0.00384356416408586
2862,-0.00651485708689015,-0.00720371012974196,-0.00759113959279907,-0.007670685308304,-0.00817061684422288,-0.00776047795655173,-0.00818096401174069,-0.00830817605667686,-0.00869224875134157,-0.00881242272295586,-0.00878199772589282,-0.00901178686619886,-0.00925880736297125,-0.00956403772963453,-0.00973221710886285,-0.00972467206210566,-0.00957123586332567,-0.0100828708340223,-0.0104363034788365,-0.0102414554637826,-0.0107390962225005,-0.0108706722377741,-0.0110856988610725,-0.0110868725418541,-0.0111970128407534,-0.0114870288030713,-0.0143956582939148,-0.00758316232799688,-0.00416383371741836,-0.0044911490740575
2860,-0.00715878698471115,-0.00782463762616097,-0.00823744005095382,-0.00830540428966029,-0.00879417508929033,-0.00862737326562653,-0.00896147609951749,-0.00919107310354145,-0.00962768555599529,-0.00970612764856146,-0.00956405399454211,-0.00994081952957962,-0.0101092879648025,-0.0104191526639861,-0.0104955677822312,-0.0105003169798074,-0.0102926171114395,-0.0108354135162893,-0.0112419023547935,-0.0110450697899219,-0.0115306312686708,-0.0116736849138946,-0.0118890171410751,-0.0119039689645181,-0.0119942084939716,-0.0122469634757443,-0.015128800342118,-0.00828244208329089,-0.00487661998307716,-0.00524696176511544
2858,-0.00777141909527045,-0.00843568128387054,-0.0088633284837992,-0.00891244668272656,-0.00937993122306961,-0.00946720255032339,-0.00972696890158241,-0.0100688561865119,-0.010494370276764,-0.0105688522984988,-0.0103776558994881,-0.0108718190929313,-0.0109602008936488,-0.01123868020958,-0.0112803485009703,-0.0112540642309047,-0.0110097432074043,-0.0115257819133687,-0.0119679820527801,-0.0118326698734756,-0.0122753208032502,-0.0124280004406699,-0.0126430982809301,-0.0126962989874518,-0.0127891139132222,-0.0129678482992815,-0.0158390900022579,-0.00900254568720525,-0.00563251634019394,-0.00594589707541943
2856,-0.00819899912361704,-0.00890084771755503,-0.0093254027602942,-0.00935205849914857,-0.00983074874799573,-0.0100933119471278,-0.0103262481854018,-0.0107279326527627,-0.0111228202311695,-0.0111843489891039,-0.0110496010167647,-0.0115446717623177,-0.0116241550808394,-0.0118422276758888,-0.0119386456249664,-0.0118193540926063,-0.011587196363982,-0.0120281030305255,-0.0124967479604467,-0.0124291131780331,-0.0128220678012466,-0.0129894403158807,-0.0132017298387801,-0.0132969061462121,-0.0133860838816367,-0.0135146019051308,-0.0163793354651578,-0.0095893213379072,-0.00625192183939797,-0.00644475940489167
2854,-0.00840104809964081,-0.00916980835927222,-0.00958148434209226,-0.00961047918283553,-0.0101359263062968,-0.0104652667471329,-0.0107100405597264,-0.0111077102560007,-0.0114935160983277,-0.0115142500880239,-0.0114840109583898,-0.0118820309431796,-0.0120271219617643,-0.0122122285892597,-0.012380924511721,-0.0121712388445432,-0.0119709818007347,-0.0123337473459561,-0.0128445248379357,-0.0128148715041107,-0.0131467384511931,-0.0133648445655618,-0.013555329659113,-0.0136711351120571,-0.0137353437354958,-0.0138504551455431,-0.0167243905939514,-0.00999888898043974,-0.0066868611455049,-0.00674915539952662
2852,-0.00839861323921616,-0.00922466370862837,-0.00963828665310561,-0.00970911931462965,-0.0102510206044186,-0.0105989255194949,-0.0108849340618458,-0.0112328320972289,-0.0116337918998748,-0.0116188277395996,-0.0116461831061047,-0.0119423837878379,-0.0121655596895578,-0.0123626093447839,-0.0125649744384931,-0.0123410796149539,-0.012144405006807,-0.0124573418141055,-0.0130289615945996,-0.0130217126024563,-0.0132762541920026,-0.0135582360500598,-0.0137197175503149,-0.0138242430635155,-0.0138620748050414,-0.0139768033130568,-0.0168879067002467,-0.0102207750345646,-0.00694496140021123,-0.00691180800231852
2850,-0.00807777167802189,-0.00891294433895934,-0.00935888858708845,-0.00947646158044967,-0.00995623761807025,-0.0103322912008363,-0.0106880052224442,-0.0109714525247896,-0.0113867882693198,-0.0113714470951206,-0.0113891121381108,-0.0116320484689019,-0.0118933376095667,-0.0120860558437618,-0.0123222306247289,-0.0121546602692832,-0.0119412523271952,-0.0122162936659005,-0.0128246412404777,-0.0128555827048204,-0.0130434289952581,-0.0133312976048545,-0.0135026826653138,-0.0135839237524035,-0.0136003000718234,-0.013722868570563,-0.0166937549175507,-0.0100464228587673,-0.00681190424735119,-0.00676187296610303
2848,-0.00748358548872516,-0.00827012825226928,-0.00876160818807051,-0.00887964549241438,-0.00928098877972963,-0.00969447683097496,-0.0101193049839237,-0.0103671252564102,-0.0107661369441896,-0.0107710029944059,-0.0107621919838446,-0.0109866737028497,-0.0112373690360576,-0.0113699121231429,-0.0116793434966531,-0.0115765991182047,-0.0113730051692011,-0.0115889875883987,-0.012175555699214,-0.0122570862505532,-0.0124228175751067,-0.0126543333656227,-0.0128842451919005,-0.0129534416912064,-0.0129391924992148,-0.0130807788219381,-0.0161144952857417,-0.00943321969383469,-0.00621634909578492,-0.00623726690291983
2846,-0.00692569264932579,-0.00762708791486992,-0.00814270838301245,-0.00821566127873466,-0.00861680914645118,-0.00906984284950704,-0.00951630286728718,-0.00977565075215752,-0.0101163957874253,-0.0101373922716344,-0.0101245462443177,-0.0103385049445398,-0.0105447378636992,-0.010619506786039,-0.0109881120009066,-0.010918587644599,-0.010771346626259,-0.0109017184501356,-0.0114415420422683,-0.0115509552342658,-0.0117269631099441,-0.0119276482795383,-0.0122086619354993,-0.0122709860018601,-0.0122327849633517,-0.012382501642476,-0.0154545230425525,-0.00872226261961745,-0.00549686672755975,-0.00562534926677665
2844,-0.00640789534557131,-0.00702740024326062,-0.00752614119712195,-0.00756321240342914,-0.00803268545206241,-0.00853265797423614,-0.00895157892939475,-0.00923770377360594,-0.00950737786640343,-0.00953284643996838,-0.00954653300917261,-0.00974047117606271,-0.00989115685716783,-0.00998818660408108,-0.0103269816958211,-0.0102573391137986,-0.0101952326056886,-0.0102400091029683,-0.0107716122407674,-0.0108714954737978,-0.0110410654244956,-0.0112954843846297,-0.0115645371730721,-0.0116062519845549,-0.0115901046405049,-0.0117157603338371,-0.0147772840987717,-0.00804647921736507,-0.00481342313699548,-0.00502700570678868
2842,-0.0057030990138228,-0.00627955220635721,-0.00673040056420717,-0.00678034777997942,-0.00729990236939537,-0.00783133998470058,-0.00822617392241855,-0.0085096749953168,-0.00875245496525551,-0.00876666821588422,-0.00883410095885151,-0.00898195072650732,-0.00909985407899718,-0.00928942297330711,-0.00952089165644678,-0.00942670924366472,-0.00944770604283972,-0.00944639652813587,-0.0100186670605178,-0.010092583695186,-0.0102197490623917,-0.0105616198357977,-0.0107700976944901,-0.0107803448697289,-0.0108275366095867,-0.0109146052299644,-0.0139158568515972,-0.00726984172113466,-0.00403934016309754,-0.00430760615562988
2840,-0.00493984492272212,-0.00552501370690207,-0.00592308878635169,-0.00601468183859352,-0.00653161454170012,-0.00704581260573928,-0.007456905863882,-0.00770740491179181,-0.00798946792204037,-0.00797213320886026,-0.0080998550025692,-0.00817628171651008,-0.00830782531437724,-0.00858738696660415,-0.0087099613957054,-0.00858658651767655,-0.00864968074691172,-0.00867017158055987,-0.00928058839808731,-0.00933294337130083,-0.00941648454931326,-0.00979352836088323,-0.00996036913258513,-0.00994792263772797,-0.010038662961485,-0.010112326534943,-0.0130352776130632,-0.00650817717983279,-0.00327089708346586,-0.00358352207184385
2838,-0.00474616929080951,-0.00537784004363986,-0.0057397093731918,-0.00585004215140952,-0.00635554814072516,-0.00682737588942495,-0.00727361617535672,-0.00749790733599294,-0.00783709788294809,-0.0077775977169995,-0.00793009332654575,-0.00794917289582042,-0.00811949613193397,-0.00844584911794798,-0.00850816081143676,-0.00838866009845689,-0.00841712994717342,-0.00851815507317444,-0.00912464979917104,-0.00915290261070466,-0.00923404358987432,-0.00957889261163061,-0.00976733046732236,-0.00974328899892863,-0.00981332538727162,-0.00992242950961649,-0.012792368983495,-0.0063352767223353,-0.00307249832259406,-0.00340783989268325
2836,-0.00533489883422881,-0.00602074425600806,-0.00636927878608192,-0.00645366786362054,-0.00696562336190088,-0.00743908392634077,-0.00790007467230849,-0.00812302329712536,-0.00847497704102459,-0.00838141601978772,-0.00850260607774849,-0.00852598120284843,-0.0087081036964974,-0.00905037707164529,-0.00909877237981709,-0.00903548284250231,-0.00896093356217525,-0.00915371455459625,-0.00973250758741722,-0.00971795656731332,-0.00983892809676544,-0.0101342568299504,-0.0103841308712607,-0.0103457501775333,-0.0103573322120291,-0.0105445620212901,-0.0134104433583216,-0.00693903540674774,-0.00365042170514624,-0.00395407553305064
2834,-0.00615904174147058,-0.00687948005215972,-0.00723106157861223,-0.00726841146033674,-0.00777525259864804,-0.00831922029164869,-0.00877233141757527,-0.00899481857213774,-0.00931768300085985,-0.00920061357616677,-0.00927068226092144,-0.00935638317142928,-0.00950386590695092,-0.0098474956164199,-0.00990460894543409,-0.00991648575020148,-0.00972978411631088,-0.00998496493468379,-0.010547439763498,-0.010480549979648,-0.0106470799708013,-0.0109143873929331,-0.0112034357344206,-0.0111493998078655,-0.0111295143007686,-0.011403583562561,-0.01430782926198,-0.00777156532677766,-0.00446714280039922,-0.00469818741543802
2832,-0.0067302022123613,-0.00744675559193155,-0.00781441609146435,-0.0078095164038933,-0.00828495568184274,-0.00892132724181605,-0.00936933823564694,-0.00956490514399209,-0.0098716496342118,-0.00973209299835504,-0.00978267856644096,-0.00993001388342222,-0.0100391043480685,-0.010367989955085,-0.0104284185850394,-0.0104875910334513,-0.0102316300493892,-0.0105217514375495,-0.0110810528225363,-0.0109769989763003,-0.0111651294703991,-0.0114248745047873,-0.011692737210404,-0.0116424493437336,-0.0116460913468827,-0.0119702769588316,-0.0149309073126514,-0.00833634696261141,-0.00500290739140972,-0.00519342520724873
2830,-0.00706681665264006,-0.00773643623044971,-0.00814022393941718,-0.00809485729872007,-0.00854935329397984,-0.0092478849330916,-0.00970432574435772,-0.00985496617167543,-0.0101803264858664,-0.0100291061423152,-0.0100960870510076,-0.0102509429660569,-0.0103777995949682,-0.0106706384636241,-0.0107081999154879,-0.0107890853760047,-0.0105015959566483,-0.0108187974047963,-0.0113723612937147,-0.0112460269570712,-0.0114397512265047,-0.0117033764447416,-0.0119069414143178,-0.0118874749396996,-0.0119372653943431,-0.0122523345222264,-0.0152615625026564,-0.00864917124422266,-0.00525215542632797,-0.00548435446889568
2828,-0.00735329676010162,-0.00795740196586566,-0.00841130776065618,-0.00831794799305337,-0.008791729976902,-0.00951108635491985,-0.00998223214912115,-0.0101000270979011,-0.0104386167181348,-0.0103137130388914,-0.0103995313312678,-0.0105050178602163,-0.0107192060713582,-0.0109506363627202,-0.0109552707385243,-0.0110677421499047,-0.0107505173051794,-0.0110868707199968,-0.0116334007121754,-0.0114752916754402,-0.0116879012164014,-0.0119687563623089,-0.0121129349203689,-0.0121254840213064,-0.0122050213801833,-0.0124736641561401,-0.0155073585989276,-0.00891753883499075,-0.00544584158703244,-0.0057593749275921
2826,-0.00761702136682389,-0.00817841571916131,-0.00865867708206404,-0.00852734111749798,-0.00904380341633179,-0.00974532484171145,-0.0102364821847077,-0.0103479643460167,-0.0106580843369413,-0.0106027370380815,-0.0106935107659937,-0.0107242887262539,-0.0110506779823826,-0.011196683895644,-0.0112068803888774,-0.0113590930660423,-0.0110063487838905,-0.0113446067464067,-0.0118860640184869,-0.0116854396207684,-0.0119409343167111,-0.0122510017156645,-0.0123702840908904,-0.0123829712231777,-0.0124802130631269,-0.0127039749299536,-0.015737900962225,-0.00918734501478775,-0.00567995103209686,-0.00603019950981964
2824,-0.00784657590631272,-0.00840280535936206,-0.00885116309670572,-0.00872395212179264,-0.00928110373573633,-0.00992699119669375,-0.0104441157208394,-0.0105718615333134,-0.0108268688088119,-0.010854701955491,-0.0109433547774397,-0.0109058103234226,-0.0113064804091289,-0.0113745297047142,-0.0114473020719717,-0.0116025070658042,-0.0112361765943461,-0.0115634198087196,-0.0120825086276284,-0.0118650985119712,-0.012166304949739,-0.0125074081116539,-0.0126249262754437,-0.0126080539062689,-0.0127356144911105,-0.0129293228440982,-0.0159463124488277,-0.00942428718278048,-0.00594495987896101,-0.00626563602867927
2822,-0.00809802324028312,-0.00865867173171687,-0.00903904331720271,-0.00896347810566312,-0.00955036469324258,-0.010139302257822,-0.010668905499643,-0.0108318790364334,-0.0110374153471664,-0.0111269066456168,-0.0112023550208252,-0.0111252077143348,-0.0115245618458693,-0.0115810533930742,-0.0117242357981938,-0.0118304132744284,-0.0114927432540128,-0.0117995270036007,-0.0122670274329385,-0.0120850133123685,-0.0124060348532032,-0.0127712691600647,-0.0128803566578185,-0.0128446622758262,-0.0130054941209792,-0.013181914296698,-0.0161590101017592,-0.00964909863714887,-0.00624348370455122,-0.00652273432306291
2820,-0.00831110763395039,-0.00886052327396857,-0.00920370225961768,-0.00919361011706736,-0.00978184311486278,-0.0103773345652702,-0.0108816134716895,-0.0110936240491258,-0.0112627066593346,-0.0113762761571504,-0.0114169625899136,-0.0113394490690734,-0.0116679040315783,-0.0118032840168977,-0.0119601702177628,-0.0120166776009759,-0.0117342825528068,-0.0119999753938067,-0.0124181421877335,-0.0123032272347571,-0.012609397936771,-0.0129863728732834,-0.0130712248163413,-0.0130593746517901,-0.0132148455321173,-0.0134001158566948,-0.0163074300412127,-0.00981340625962354,-0.00649024012336068,-0.00676655086677024
2818,-0.00832817997870234,-0.00887126046971207,-0.00923779960755466,-0.0092706835498591,-0.00981345021996984,-0.0104847112701491,-0.0109354074211525,-0.0111923968090889,-0.0113354084824822,-0.0114331151637838,-0.0114325792001521,-0.0113880516750006,-0.0116148137576161,-0.0118666421737732,-0.0119740434397363,-0.0120366594952869,-0.0117969447387197,-0.012007353227746,-0.0124157755568234,-0.0123648708267023,-0.0126307193712313,-0.0130065472563448,-0.013070510158904,-0.0131073912593719,-0.0132082206009422,-0.0134366972092906,-0.0162702069218252,-0.00980893337459833,-0.0065519682821518,-0.00685056310188948
2816,-0.00818578287237086,-0.00875968827195273,-0.00916353062601495,-0.00921501361695039,-0.009693073292246,-0.0104235814330014,-0.0108342556517996,-0.0111136369941204,-0.0112532014287414,-0.0113016944499906,-0.0112824808068503,-0.0112892977803912,-0.0114279987962447,-0.0117561829520445,-0.0117948200367415,-0.0119111455762463,-0.0116746461535398,-0.0118559297717645,-0.0122797569370557,-0.0122865369020515,-0.0124945256979474,-0.0128706639185019,-0.0129352572085903,-0.0129995427006077,-0.0130418389731932,-0.0133160748621966,-0.0161209103731905,-0.00968744690183256,-0.00647865622689054,-0.0067761341212549
2814,-0.00812315356486437,-0.00874716754366234,-0.00914679130650673,-0.00921421181040185,-0.00966275476846302,-0.0103636816815896,-0.0107747648129346,-0.0110556334222556,-0.011220941149648,-0.0112106333580921,-0.0111972053950793,-0.011260876136667,-0.0113527709623961,-0.0116940549372276,-0.0116802604280133,-0.0118433606072891,-0.0115842164124888,-0.0117810587566211,-0.0122039781409782,-0.0122745166308835,-0.0124124890773303,-0.012808389728007,-0.0128912516735676,-0.0129464007681786,-0.0129702975372688,-0.0132509116702572,-0.0160868550855047,-0.00964294915765816,-0.00647518575379221,-0.00672897018589041
2812,-0.00824242745500272,-0.00888299420261673,-0.00924757334865278,-0.00933387328243652,-0.00978670427807891,-0.0104173273207628,-0.0108539759518004,-0.0111293347651899,-0.0113268265869646,-0.0112800736198576,-0.011272860302335,-0.011383407798122,-0.0114725329003034,-0.0117940178650494,-0.0117560696272931,-0.011927192126239,-0.0116605182259829,-0.0118734567182715,-0.0122817017148467,-0.0124060809943362,-0.0124782714690793,-0.0129016220467952,-0.0130056445311389,-0.0130498205539631,-0.0130822216704893,-0.0133367983184969,-0.016223554016258,-0.00973049098359181,-0.0065966083620336,-0.0067956231962235
2810,-0.00843046970797098,-0.00903986127954501,-0.0093849673419289,-0.00947077615772389,-0.00990423493643232,-0.0105396926489982,-0.0109959520700895,-0.0112591664283435,-0.0114701531603944,-0.0114224582820704,-0.0114086392411386,-0.011532846252087,-0.0116463682247594,-0.0119379318072041,-0.0119172578311113,-0.0120713361447734,-0.0118284037368935,-0.0120147456303119,-0.0124351297182613,-0.0125701210782776,-0.0126039522223905,-0.0130232681553366,-0.0131435710008969,-0.0132095537616443,-0.013240844978877,-0.0134743118509951,-0.0163941473184164,-0.00984701832894697,-0.00671728842579082,-0.00689494054563203
2808,-0.00862344499869981,-0.00919241060106589,-0.00953545047540857,-0.00958525346058098,-0.0099648933042277,-0.0107169834933579,-0.0111754014571724,-0.0114110383616328,-0.0116229131486225,-0.0115969258658207,-0.0115689739969036,-0.0116615758884754,-0.0118038220883654,-0.0120519119379972,-0.0121008215811044,-0.0122375145966787,-0.0120110483585281,-0.012160239252209,-0.0126215764649531,-0.0127276364316696,-0.0127585283392397,-0.0131287484425753,-0.0132585284808814,-0.0133675887429415,-0.0133915169978622,-0.0136076917349995,-0.0165523691867975,-0.00997974947675098,-0.00680156886764103,-0.00700099364249396
2806,-0.00879575031139995,-0.00934474095035719,-0.00966253689489769,-0.00966202498046131,-0.0100232124948932,-0.0109106401926827,-0.011365571795015,-0.0115686116079315,-0.0117885879418923,-0.0117853382157895,-0.0117400980154942,-0.0117761835453877,-0.0119399304703162,-0.0121376901282914,-0.0122836200421605,-0.0124111012340562,-0.0121465556131377,-0.0123114378203704,-0.0127891320982666,-0.0128738766529505,-0.0129245893065012,-0.0132375594660024,-0.0133679166449187,-0.0135056638543871,-0.0135476111782875,-0.0137153288997759,-0.0166944101881705,-0.0101399785315503,-0.00686962571279908,-0.00710325112668883
2804,-0.00880348656493077,-0.00934420309721445,-0.00960633672577304,-0.00958264089185273,-0.0100059167256928,-0.0109226597990038,-0.0113830526041826,-0.0115784802812193,-0.0118120680498307,-0.0118163915652904,-0.011754703364988,-0.0117479522831476,-0.0119352478448304,-0.0120987138249045,-0.0123161866058576,-0.0124358156165591,-0.0120954800146337,-0.0123260425026711,-0.0127656018187353,-0.0128651673223756,-0.0129413780394782,-0.0132294275020054,-0.0133604880548581,-0.0134958860253342,-0.0135803239111722,-0.0136771143044137,-0.0166780955605166,-0.0101819125326221,-0.00681442489318337,-0.00706397357913
2802,-0.00853550248580771,-0.00907235766411929,-0.00929462814068896,-0.00929117631584491,-0.00980153337164049,-0.0106148980181394,-0.0110874348068783,-0.0113145247086479,-0.011548036452277,-0.0115394413960069,-0.0114759062720657,-0.0114587348012424,-0.0116860209030207,-0.0118353266093147,-0.0120727285199012,-0.0121705438650503,-0.0117908907727144,-0.0120768587254379,-0.0124638270400126,-0.0125832007024034,-0.0126821388954652,-0.0129712684412215,-0.0131271953561866,-0.0132340733404456,-0.0133446994891768,-0.0134116248332007,-0.0163976917915536,-0.00996684446134591,-0.00653433341917861,-0.00678494921754887
2800,-0.00818220246780614,-0.00873654727748122,-0.0089682749429153,-0.00899902747332314,-0.00954643667848651,-0.0102081111472921,-0.0106891026797649,-0.0109657569404374,-0.0111789666647387,-0.0111480433414197,-0.0111036783573866,-0.0110998016416029,-0.0113712057876024,-0.0115122927642632,-0.011737476003721,-0.0117863602790299,-0.011448115897833,-0.0117537918482671,-0.0121222964797013,-0.0122164689245107,-0.0123344456509902,-0.0126219605978196,-0.0128350259247504,-0.0128910919567335,-0.0129931409371447,-0.0131005519146114,-0.0160679414411443,-0.00965172521875225,-0.00620443454723407,-0.00646056203529
2798,-0.00815394244692581,-0.00875167175568792,-0.00902086724056768,-0.00905639611612145,-0.00959172344278196,-0.0101565972239028,-0.0106408780862615,-0.010951371839354,-0.0111371050720082,-0.0110985955169109,-0.0110674844560101,-0.0110942877605776,-0.0113750578360799,-0.0115176423985471,-0.0117204998634068,-0.0117074528559053,-0.0114536741540178,-0.0117679316175115,-0.0121481706542525,-0.0121701286694041,-0.0123018588614718,-0.0125857313041538,-0.012853358355361,-0.0128457042213583,-0.0129343121400394,-0.0131065418125378,-0.0160987920844924,-0.00962185498985143,-0.00621237186349618,-0.00647384976886893
2796,-0.00846664090480243,-0.00910399590133088,-0.00940359655138693,-0.00940352544398529,-0.00991748392540403,-0.0104767357821725,-0.0109708097879309,-0.011280744620445,-0.011450469065677,-0.0114270231586693,-0.011368085215092,-0.0114487028443846,-0.0116844022468604,-0.0118581623755755,-0.0120236125085966,-0.0119813025159362,-0.0117822473197921,-0.012102448486924,-0.0124940983199656,-0.0124474024326626,-0.0125881646639591,-0.0128841192936509,-0.0131534078261874,-0.0131053213410376,-0.013201615501329,-0.0134085438637252,-0.0164501888486639,-0.00989085240486518,-0.00655700304896236,-0.00679926516510288
2794,-0.00868174897309153,-0.00933562046979313,-0.00965181332640931,-0.0096028642727651,-0.010091637687573,-0.0106970924128117,-0.0112176953644951,-0.0114944545345469,-0.0116760451469421,-0.0116653952881297,-0.011544011731591,-0.011691325467541,-0.0118613405407389,-0.0120901162066726,-0.0121942342487295,-0.012187482282014,-0.0119816202174584,-0.0122843278910686,-0.0126823835073733,-0.0126155174365072,-0.0127676795074421,-0.0130811833430902,-0.0132924668080245,-0.0132612247067144,-0.0133707900283586,-0.0135797172306378,-0.0166309277729786,-0.0100462097913003,-0.00678872950946643,-0.00698984997106211
2792,-0.00859074435031477,-0.00925938713477815,-0.00957811803282589,-0.00950295613755689,-0.00995036825243428,-0.0106004648843757,-0.0111491570086414,-0.0113807154091948,-0.0116090730938409,-0.0115872352119474,-0.01140878790858,-0.0115973181824613,-0.0117362181262732,-0.0120099099099637,-0.0120417591051538,-0.0121079797103474,-0.0118626826024737,-0.0121296609624012,-0.0125446839453984,-0.0125009999114123,-0.0126709776984774,-0.0129784112020769,-0.0131201019949505,-0.0131472882874314,-0.013248283249421,-0.0134506213055857,-0.0164563242550268,-0.009912864251744,-0.00669551437426438,-0.00687516511178585
2790,-0.00848945856434489,-0.00918491272018874,-0.00947833852748335,-0.00941591445274477,-0.00982234181113076,-0.0105020906779134,-0.0110460341549634,-0.0112564050153854,-0.0115440010757669,-0.0115064126335596,-0.0112995206311622,-0.0114742634803288,-0.0116323282981806,-0.011921639779933,-0.0118981475482505,-0.0120084516741349,-0.0117453464925308,-0.0119925903520877,-0.0124352562012598,-0.0124177787996341,-0.0126031849610153,-0.0128829723129801,-0.0129917718964339,-0.0130716308822147,-0.0131385564667353,-0.0133351403858316,-0.0162910500227088,-0.00979564484248534,-0.00658362110255535,-0.00678663337340931
2788,-0.00867723323508653,-0.00937647793928363,-0.00962299933646401,-0.00959933152310338,-0.00998524101835501,-0.0106990596656209,-0.0111909562254933,-0.0114329757024221,-0.0117424798248738,-0.0117143497130577,-0.0115005722915185,-0.011628607005206,-0.0118216639517499,-0.0121060254652116,-0.0120661402647053,-0.0121574364937137,-0.0119310929302827,-0.01217760402276,-0.0126457480685359,-0.01262745841635,-0.0128126302942645,-0.013078132225405,-0.0131924592167214,-0.0133026502599509,-0.0133226243970575,-0.0135172624911461,-0.0164510285744285,-0.00997570498291186,-0.00676423071482788,-0.00700411383219413
2786,-0.00906377563880516,-0.00971264450028111,-0.00993521597915715,-0.00994297001356012,-0.010314029858759,-0.0110750238644825,-0.0114975763410386,-0.0118091620050049,-0.0120783342371265,-0.0120684063693314,-0.0118621667328378,-0.0119681928590937,-0.0121753631432994,-0.0124393895612541,-0.0124271223313854,-0.0124653384121987,-0.0123131736564448,-0.0125464107492048,-0.0130341950709958,-0.0129925892916079,-0.0131627511535859,-0.0134426177238049,-0.0135741529698984,-0.0137114620774833,-0.0136840368345997,-0.0138864122122772,-0.016800306769503,-0.0103480559651473,-0.00714063544830617,-0.00738389625639317
2784,-0.00943440260012272,-0.0100169059472769,-0.0102650657109043,-0.0102710958184448,-0.0106193841378201,-0.011421327110272,-0.0118023941139415,-0.0121647179834179,-0.0123728338144748,-0.0123476756822251,-0.0121641162241125,-0.0123021746812796,-0.0125011062555839,-0.0127239450556978,-0.012766836450982,-0.0127659591109779,-0.0126684856317256,-0.0128754062418446,-0.0133782987965657,-0.0133121466078926,-0.0134719729058494,-0.0137704040147658,-0.0139161993870016,-0.0140778127163866,-0.0140217109068234,-0.0142264972051273,-0.0171074827074834,-0.010707286066889,-0.00748852209814462,-0.00769908419960494
2782,-0.00970578843816975,-0.0102731684026275,-0.0105552775878801,-0.0105372923577928,-0.0108836826959211,-0.0116960933999538,-0.0120765518461973,-0.0124281167302062,-0.0126207635381369,-0.0125535884243519,-0.0123958536889067,-0.0125873568986432,-0.0127741782379995,-0.0129514024812204,-0.0130435906940772,-0.0130309658315352,-0.0129236651828205,-0.0131327210822725,-0.0136409912441194,-0.0135531727603061,-0.0137305715139051,-0.0140273686202986,-0.0141819902149835,-0.0143380744482705,-0.0142949195475843,-0.0144611662288551,-0.0173366239909159,-0.0109831998317215,-0.00774108159133499,-0.00791979965606495
2780,-0.00980177389198742,-0.0104078730576887,-0.0106759094231766,-0.0106501030956839,-0.0110419967102241,-0.0118323359377495,-0.0122301228528179,-0.0125234198065721,-0.0127573474737461,-0.0126775211332355,-0.0125313127051756,-0.012742083038236,-0.0129221432785996,-0.013086998677781,-0.0131972638203776,-0.0131835933544087,-0.0130124061418013,-0.0132650418715064,-0.0137693908156827,-0.0136474103456051,-0.0138723812494124,-0.0141526223173424,-0.014301895843234,-0.0144225709886628,-0.0144292333799956,-0.0145132921975364,-0.0174444597781411,-0.0110866784194812,-0.00784515258562783,-0.00801788534394175
2778,-0.0096200518061237,-0.0102570288800523,-0.0104732832055066,-0.0104743216439184,-0.0109287254161378,-0.0116909381849954,-0.0120975610207503,-0.0123312574853068,-0.0126142362850769,-0.0125695851758771,-0.0124265430828596,-0.0126077508118637,-0.012785177793171,-0.0129806362963653,-0.0130829657496189,-0.0130702513169657,-0.0128298105679004,-0.0131256963174233,-0.013631097198462,-0.0134607013449004,-0.0137315367286795,-0.0139952600551264,-0.0141217018260258,-0.0142171625019839,-0.0142700653067554,-0.014285093936893,-0.0172969357535253,-0.0108876156682952,-0.0076804093041134,-0.00786665339008072
2776,-0.00930451917351299,-0.00992912336292378,-0.0101154209197774,-0.0101477260998615,-0.0106364300205518,-0.0114000145662795,-0.0118007055759785,-0.0119993997884498,-0.0123029514820926,-0.0122864466510558,-0.0121595669307052,-0.0122976605408552,-0.0124769796847512,-0.0127088686062773,-0.0128040752244425,-0.0127991672193808,-0.012517973250839,-0.0128244289313107,-0.0133393982386614,-0.0131346326463748,-0.0134081059269122,-0.0136592598843319,-0.0137667236259917,-0.0138667218557478,-0.0139279110375125,-0.0139439920554863,-0.016999278886609,-0.0105249348704073,-0.00734361007005469,-0.00755009736770175
2774,-0.00926488496179467,-0.00985672918978001,-0.0100615784967116,-0.0100882638401591,-0.0105867759319482,-0.0113916677946096,-0.0117808146247296,-0.0119619946734059,-0.0122729442009993,-0.0122291283214186,-0.0121305048959559,-0.0122440820924966,-0.0124322812573504,-0.0126691815100477,-0.0127758731121198,-0.012782442102767,-0.0124880017153635,-0.0127874761202077,-0.0133005258359471,-0.0131033051535044,-0.0133287855905361,-0.0135736345060646,-0.0136925252400342,-0.0137953395584112,-0.0138330065728666,-0.0139143561376829,-0.016962506133012,-0.010429573404676,-0.00723500514523937,-0.00745910374564567
2772,-0.00968262485304376,-0.0102418545190981,-0.0104863772610399,-0.0104753951418389,-0.0109846671471634,-0.0118396658284415,-0.0122197152307219,-0.0123904964561707,-0.0127158968337395,-0.0126236863754116,-0.0125400840519857,-0.0126375188015093,-0.0128398664448325,-0.0130567136578381,-0.0131864618084729,-0.0131922882207362,-0.0129011846949695,-0.0131961447010286,-0.0136873435125971,-0.0135283598472211,-0.0136937845481264,-0.0139468866611162,-0.0140998169740827,-0.0141769708543967,-0.0141879123601501,-0.0143466245102883,-0.0173665842603439,-0.0107972415460166,-0.00758264928187079,-0.00780392321509659
2770,-0.0103153196655406,-0.0108303001443814,-0.0111067175125617,-0.0110666119510932,-0.0115771506400487,-0.0124477019806749,-0.0128271624094121,-0.0129966220291071,-0.0133226530306291,-0.0132338985819171,-0.0131416153208296,-0.0132063095929923,-0.013422557182197,-0.0136261463006677,-0.0137724187796431,-0.0137548608129614,-0.0134785761146809,-0.0137691182594423,-0.014243576957056,-0.0141154041083404,-0.014251059821805,-0.0145283550402352,-0.0147007951626243,-0.0147465964746927,-0.0147449581547996,-0.0149469013532313,-0.0179354852160791,-0.0113826345333373,-0.00818172926110428,-0.00836947800590819
2768,-0.0108888727188795,-0.0113519142153865,-0.0116518071172949,-0.0116079052340337,-0.0120851920833116,-0.0129307751655988,-0.0133265393195822,-0.0135021262821668,-0.0137868666113397,-0.0137658449360499,-0.0136623821605121,-0.0136854127080105,-0.013908178226809,-0.0141209528996551,-0.0142694235951676,-0.0142126327742354,-0.0139523679896364,-0.0142455061457704,-0.0147263802539299,-0.0146060383499286,-0.0147406645241761,-0.0150470028814178,-0.0152086440436312,-0.0152465348825442,-0.0152489637687862,-0.0154416179919438,-0.0183926933485956,-0.0119192793272468,-0.00873937821688484,-0.00888980108956421
2766,-0.0113308854049167,-0.0117742303946007,-0.0120925596073639,-0.012049075332148,-0.012474232973608,-0.0132900172909089,-0.0137199930135107,-0.0138975400763398,-0.0141185457662893,-0.0141670484720116,-0.014076147414067,-0.0140823782030908,-0.0142937257099264,-0.0145291101578542,-0.0146748988016994,-0.0145781933803235,-0.0143223571404053,-0.0146459277541971,-0.0151314881951669,-0.0150164324332927,-0.0151440236055554,-0.0154753054102088,-0.0156198843602333,-0.0156598104636362,-0.0156821334809721,-0.0158213450151881,-0.0187350807273358,-0.0123556022146651,-0.00914499343074032,-0.00929901219794782
2764,-0.0116149537771016,-0.0120848131016702,-0.0124116125716338,-0.0123610677263894,-0.0127539546594918,-0.0135632448990648,-0.0140322379268478,-0.0142009149751497,-0.0143863967843585,-0.0144452854364481,-0.0143958752078794,-0.0144227308763326,-0.0145972904706735,-0.0148520970440005,-0.0150040851395846,-0.0148815304612202,-0.0146217147774827,-0.0149916839447787,-0.0154502422423009,-0.0153559621729004,-0.0154549781095815,-0.0158063285418313,-0.0159483539424517,-0.0159779309974465,-0.0160315285514306,-0.0161052742582967,-0.0189952903267831,-0.0126603919053675,-0.00936706810218254,-0.00957096298126191
2762,-0.0117065041352638,-0.0122004804206974,-0.0125326888797893,-0.0124898296947604,-0.0128742935932887,-0.0136923509964457,-0.0141903008084787,-0.0143456978265988,-0.0145427227477307,-0.0145508759848382,-0.0145535338612906,-0.0146172933193878,-0.014741091421801,-0.0149976837645372,-0.0151638972177773,-0.0150443068171695,-0.0147855260533269,-0.0151733462791272,-0.015587223669629,-0.0155196349665418,-0.0155908414165796,-0.0159530269922519,-0.0160898239975461,-0.0161172629557497,-0.016201979666095,-0.0162336580943417,-0.0191086996081177,-0.0127621480383784,-0.00939527186591175,-0.00965369836803331
2760,-0.011759566650234,-0.0122294184953542,-0.0125808555701014,-0.0125732830133927,-0.0129504825180698,-0.0137795504974858,-0.014290716933736,-0.0144417331123578,-0.0146689061679826,-0.0146044657846768,-0.0146360421517461,-0.014732500814068,-0.0148219895411455,-0.0150547129685721,-0.0152274961976883,-0.0151446526229388,-0.0148936413131544,-0.0152581769275412,-0.0156431234371639,-0.0155928349658612,-0.0156640616123183,-0.0160199433197038,-0.0161225994510961,-0.0161889569095517,-0.0162912172088698,-0.016311108407661,-0.0191657410567118,-0.0127949986216425,-0.00940628153841229,-0.00969340107544664
2758,-0.0120743225093066,-0.0124947535682405,-0.0128772844643167,-0.0128994432522338,-0.0132702579860123,-0.0141219400140685,-0.0146274862723538,-0.0147948573571393,-0.0150409825485637,-0.0149165225172753,-0.0149281853837886,-0.015051204395993,-0.0151448285888726,-0.0153370263307832,-0.0154990350371459,-0.015467024996082,-0.0152257568730994,-0.0155604374331912,-0.015936376334092,-0.0158947678406262,-0.0159952135650604,-0.0163333734881368,-0.0163836303912333,-0.0165092585468896,-0.0166060993832967,-0.0166265698566559,-0.0194580666028965,-0.0130819134522508,-0.00971129582544849,-0.0100151802985807
2756,-0.0126767617306645,-0.013075012617867,-0.0134830942643602,-0.0134882261069919,-0.013870159818514,-0.0147564913864063,-0.0152321852026017,-0.0154379288406315,-0.0156909787184889,-0.0155283303983484,-0.0154896545888481,-0.0156294233860129,-0.0157546903361134,-0.015915121291864,-0.0160589500283956,-0.0160574235036782,-0.0158371548301394,-0.0161520475996885,-0.0165277574348328,-0.0164885468288429,-0.0166297102086652,-0.0169574039589443,-0.0169772430229368,-0.0171239264484006,-0.017190582714051,-0.017218784753148,-0.020035265884208,-0.0136723402335946,-0.010332620955848,-0.0106599723775831
2754,-0.0131785152600883,-0.0135877707367388,-0.014016017498095,-0.0139659714904393,-0.0143728430690916,-0.0152666680216453,-0.0156945594647429,-0.0159423899621546,-0.0161946555231847,-0.0160116207299363,-0.0159480597316892,-0.0160808091067691,-0.0162351525899748,-0.0163938620137415,-0.0165225336917859,-0.0165165058433349,-0.0163371504064164,-0.0166164680405751,-0.0170144153743312,-0.0169596759486668,-0.0171355882059511,-0.017466473088505,-0.0174993583523205,-0.0176124975267651,-0.0176372891600331,-0.0176923559860955,-0.0204998781180329,-0.0141640254203274,-0.0108560657497374,-0.0111951725094755
2752,-0.0132233351837204,-0.0136465018592775,-0.0140993672031371,-0.0140065430264211,-0.0144374463400244,-0.0152755573344104,-0.015666207072004,-0.01593260977943,-0.0161619993218059,-0.0159785456141129,-0.015941316031619,-0.0160421765762943,-0.0162098368534337,-0.0163977202620996,-0.0165002462661377,-0.0164766662995799,-0.0163347572121931,-0.0165565418910972,-0.0170157712555703,-0.0169212051352493,-0.0171135846573919,-0.0174485913914359,-0.0175203406141943,-0.0175902573736489,-0.0175887250166087,-0.0176813241439805,-0.0204859405953674,-0.0141802976797117,-0.0108967654043417,-0.0112055732501976
2750,-0.0128843228096585,-0.0133233599568897,-0.0137840037042604,-0.0136939935506573,-0.0141503518782269,-0.0148988702000905,-0.0152907342560898,-0.0155489622943932,-0.0157252086173139,-0.0155677652848718,-0.0155656507967039,-0.0156284128050046,-0.0158091965530816,-0.0160400643018497,-0.0160857384724486,-0.016063761732392,-0.0159186857932087,-0.0161019853051881,-0.0166304554401984,-0.0164920274692186,-0.0166762202867499,-0.0170120476914679,-0.0171179540975657,-0.0171752755730786,-0.0171793264915677,-0.0172885738996401,-0.0201160334158813,-0.0138073422524107,-0.0105337314242718,-0.010775986591857
2748,-0.0124863903340853,-0.0129718478385418,-0.0133877883377994,-0.0133295233015161,-0.0138141133528801,-0.0145115904991018,-0.0149332851409956,-0.0151888847489004,-0.0153130766208879,-0.0151958764781749,-0.0151873446508625,-0.0152165011472797,-0.0154306097599425,-0.0156909698668286,-0.0156678270811525,-0.015672121851137,-0.015484630875806,-0.0156708128845999,-0.0162223639781573,-0.0160627573022769,-0.0162198961261875,-0.0165728388657189,-0.0166957437310953,-0.0167573313094184,-0.0167831754207864,-0.0168832371835326,-0.0197652199248937,-0.0133916476496726,-0.010124123964342,-0.0103016518608866
2746,-0.0121959186929138,-0.0127546115322842,-0.0130899120779063,-0.0130508340718585,-0.0135433136150106,-0.0142609479634631,-0.0146968861295347,-0.014984021582245,-0.0151034998376246,-0.0150068117683678,-0.0149653953068175,-0.0149585034708249,-0.0152238993907607,-0.0154722817066893,-0.01542205140084,-0.0154535870650947,-0.015224653543246,-0.015419079356854,-0.0159459135950718,-0.0157876884610211,-0.0159147928370501,-0.016313670326124,-0.0164442281246222,-0.0164876994376803,-0.0165280881926219,-0.0166281598216202,-0.0195524228547394,-0.0130878574454737,-0.00983990533861669,-0.0099813534459549
2744,-0.0119641964345819,-0.0125757009121187,-0.0128590349603991,-0.0128043162624095,-0.0132723745017309,-0.0140494536867504,-0.0144558859409975,-0.0147910127698951,-0.0149572695819461,-0.0148446450783632,-0.0147931875141186,-0.0147544150271834,-0.0150625936447365,-0.0152524336741349,-0.0152440695892236,-0.0152796721290523,-0.0150349100406253,-0.0152112369120851,-0.0157179892263964,-0.0155649915105895,-0.0156715650623913,-0.0161163388267686,-0.0162551925856873,-0.0162489648915788,-0.0163016710821155,-0.0164301669570167,-0.0193323639800194,-0.0128283171290703,-0.00960380723848411,-0.00973582527805244
2742,-0.0117392046129327,-0.0123529599508488,-0.0126364488444673,-0.0125493741874198,-0.0129946525200177,-0.0138271689231511,-0.0141824505351011,-0.0145350121733067,-0.0147552644575391,-0.0146219870924616,-0.0145837631580984,-0.0145510082717021,-0.0148644511264189,-0.0149856705374223,-0.0150506278261915,-0.0150659201182983,-0.0148188987035778,-0.014977895207757,-0.0154947230432706,-0.0153502075113104,-0.0154464119799043,-0.0158889627899141,-0.0160352680252045,-0.0159816843390235,-0.0160613071709543,-0.0162181811030355,-0.0190497303679165,-0.0125866969665502,-0.00935872592191402,-0.00949647040767654
2740,-0.0114723195940104,-0.0120590430029022,-0.0123456489672097,-0.0122518667773335,-0.0127064220253673,-0.013573801408778,-0.013899873904826,-0.014221761939256,-0.0144677345228466,-0.0143499734102234,-0.0143049697303926,-0.0143329224924436,-0.0146103452753773,-0.0147026805133087,-0.0148126088979662,-0.0148010302413865,-0.0145552474986114,-0.0147342661950457,-0.0152540008656363,-0.0151422951340649,-0.0152330792183998,-0.0156156279599586,-0.0157591935564716,-0.0157018596035532,-0.0158068931346456,-0.0159647039622269,-0.0187507843270717,-0.0123567015746369,-0.00908952448264154,-0.00924532396636323
2738,-0.0110733814391438,-0.011633514278478,-0.0118923602519238,-0.0118417118806358,-0.0123024825197198,-0.0131777456446138,-0.0135078239887898,-0.0137815458893833,-0.0140377151035924,-0.0139550484255631,-0.0138783823414307,-0.0139826457933742,-0.0142135033104124,-0.0143249951023207,-0.0144351773790327,-0.0144075793019544,-0.0141795981134133,-0.0144003934425459,-0.0148817185760017,-0.0148331942950651,-0.0149168575944635,-0.0152244490505203,-0.0153539124412224,-0.0153413814025581,-0.0154355062601071,-0.0155844796263314,-0.0183895680859557,-0.0120295426189996,-0.00871020945032926,-0.00889777197060048
2736,-0.0105540994575097,-0.0110865609400031,-0.0113289541611991,-0.0113453864526633,-0.0117582597746139,-0.0126035246055713,-0.0129456487801591,-0.0131927275533979,-0.0134677945455321,-0.0133820250633949,-0.013294100975324,-0.0134336050935628,-0.0136439643116557,-0.013786568941661,-0.013879596405399,-0.0138521831959629,-0.0136604279973953,-0.0139093478763255,-0.014336207265297,-0.014352820609631,-0.0144223587426422,-0.0146879541988571,-0.0148022429759939,-0.0148449268499156,-0.0149029053889329,-0.0150573373179065,-0.0179111403338458,-0.0115425028036568,-0.00818288406640497,-0.00840847493284395
2734,-0.010039923718441,-0.0105396654061065,-0.0108203854754293,-0.0108715942721877,-0.011207244128587,-0.0119901721886258,-0.0123364830004247,-0.0125892204108145,-0.012879046041384,-0.0127395762492573,-0.0126796649585553,-0.0128034175228163,-0.0130207777840564,-0.0131806455314768,-0.0132622252900672,-0.0132452062934688,-0.0130809363730849,-0.0133432018954116,-0.0137459575600131,-0.0137910231681706,-0.0138507431898752,-0.0141135447221072,-0.0142150893520684,-0.0142824158655646,-0.0143366390228823,-0.0144925598091514,-0.017375811271375,-0.0109851582287408,-0.00761089599368625,-0.00786413350183996
2732,-0.00962307708943053,-0.0101118455482831,-0.0104461957987679,-0.0104713973857109,-0.0107766306996666,-0.0115005238353686,-0.0118607791691781,-0.0121324816140169,-0.0124058065626353,-0.0122195577460597,-0.0121907550948978,-0.0122820234392985,-0.0124986970395831,-0.0126757965228622,-0.0127518058442684,-0.012745003161527,-0.0125811455680898,-0.0128548515598987,-0.0132714540530194,-0.0132940147026642,-0.0133772042485699,-0.0136491758587932,-0.0137277981613704,-0.0137879266905349,-0.0138914803593407,-0.0140140783682901,-0.0169011489252677,-0.0104983816566588,-0.00714427804658837,-0.00740247052148583
2730,-0.00931946990675016,-0.00984344805731881,-0.0101779090887382,-0.0101445615699525,-0.0104861221529714,-0.0111896490803816,-0.0115944190630638,-0.0118667461929604,-0.0121040070553826,-0.0119276061377822,-0.0119046201258611,-0.0119682940566498,-0.0121562941580678,-0.0123656051258889,-0.0124390633882649,-0.0124349489310035,-0.0122625167900199,-0.0125336402643019,-0.0129771835063879,-0.0129423638360777,-0.0130911458185256,-0.0133675106785638,-0.0134073686941597,-0.0134573789545841,-0.0136096102083381,-0.013676403812322,-0.0165580572345198,-0.0101649465062605,-0.0068562797169435,-0.00710445007289128
2728,-0.00915779386912642,-0.00973874661104554,-0.0100254289459212,-0.00995230872134856,-0.010339604553875,-0.011062518571625,-0.0115304619480866,-0.0117643730196286,-0.0119852919876971,-0.0118554722647139,-0.0118308587192126,-0.0118608157243653,-0.0120246333317373,-0.0122585337549948,-0.012337411012914,-0.01232801231988,-0.0121592727935594,-0.0124044003453006,-0.0128709852724188,-0.0127722950546542,-0.0129870941471199,-0.0132743949073998,-0.0132832908151114,-0.0133329852360865,-0.013479789784233,-0.0135109262295406,-0.0163799061005645,-0.0100229259233204,-0.0067427986487791,-0.00698961769001957
2726,-0.0091818583622578,-0.00979234329008276,-0.0100463827280747,-0.00997706682696361,-0.010371989605446,-0.011129121772952,-0.0116415080945835,-0.0118162751598611,-0.0120448746050169,-0.0119511457760627,-0.0119344754664675,-0.0119180821983156,-0.0121094599516906,-0.0123279720279551,-0.0124221307816236,-0.0124010403128068,-0.0122408539382415,-0.0124648296198828,-0.0129474725803348,-0.0128028412956391,-0.0130283346917477,-0.0133442912004131,-0.0133599849318995,-0.0134033723455553,-0.0135075687850802,-0.0135430760789015,-0.0163898532751706,-0.0100756302786081,-0.00677449192689225,-0.00703830415278254
2724,-0.00929984442105945,-0.00989984295671554,-0.0101562650681573,-0.0101241883437182,-0.0105006844929427,-0.0112842373494634,-0.0117961171717141,-0.0119454848857635,-0.0121658557751215,-0.0120876842713932,-0.0120709630301977,-0.0120161991909526,-0.0122811711092599,-0.0124518970672678,-0.0125634271942401,-0.0125222633566374,-0.0123657763917658,-0.0125966468959217,-0.0130860779964192,-0.0129257798424573,-0.0131032742785334,-0.0134499234682392,-0.0135020272394688,-0.013528965139113,-0.0136036731061447,-0.0136686784684511,-0.0164999569402307,-0.0101956273230062,-0.00685212771119414,-0.007131120688303
2722,-0.00932164108915318,-0.00990078272357992,-0.0101593796695902,-0.0101722478805424,-0.0105330951452875,-0.0113263992627793,-0.0117982900150917,-0.0119888547117811,-0.0121660962080886,-0.0120952010718553,-0.0120613483556953,-0.0119979892410152,-0.0123218655123427,-0.0124545725451408,-0.0125736344957831,-0.0125061606461827,-0.0123611478195805,-0.0125995773103442,-0.0130882599413075,-0.0129404568075655,-0.0130621127579157,-0.0134154360243609,-0.0134911727901578,-0.013519133833405,-0.0135898541451325,-0.0136863521580153,-0.016528174238881,-0.0101876155535368,-0.00683713169382312,-0.00710731783886428
2720,-0.00921375637072305,-0.00978336300821527,-0.0100332201896187,-0.0100679488491176,-0.0104258099695029,-0.0112141451168366,-0.0116325426383199,-0.0118942477827356,-0.012030426583876,-0.0119508937356315,-0.0119118710702539,-0.0118638991501524,-0.0121858688481619,-0.0123183046125656,-0.0124255672586387,-0.0123423933809371,-0.0122188436818053,-0.0124360249346879,-0.0129218140574819,-0.0128039586019469,-0.0129011237549158,-0.0132349314573857,-0.0132999045252544,-0.0133643464269133,-0.0134343301013246,-0.0135477107691977,-0.0164208640763856,-0.0100317208272241,-0.00671758489695564,-0.00696404292377515
2718,-0.00913443069119327,-0.00969578380850555,-0.00995669263255679,-0.00996872798005053,-0.0103420937621344,-0.0111205844044654,-0.0114991535826874,-0.0117951097200964,-0.0119324954346006,-0.0118216790176153,-0.0118072381396897,-0.0117728048241273,-0.0120480892785861,-0.0122087504667835,-0.0122852265983023,-0.0122185075649529,-0.0120897676320066,-0.0122896548781531,-0.0127603276360802,-0.0126812253635504,-0.0127740126292851,-0.0130877599196544,-0.0131321593676571,-0.0132422239439113,-0.0133052184956171,-0.0134111789154461,-0.0163124970639523,-0.00990220014641822,-0.00662437693269712,-0.00685976977986439
2716,-0.00918581463453309,-0.00972625148268798,-0.0100227210076185,-0.00998375854978354,-0.0103887015552981,-0.01116683204097,-0.0115367474162851,-0.0118172073602631,-0.0119831694532603,-0.0118512319776518,-0.0118561071625593,-0.0118144315549912,-0.0120425500034454,-0.0122374321611108,-0.0122814471037808,-0.0122608171848895,-0.0120683749347573,-0.0123094161823718,-0.0127293004084312,-0.0126952120017349,-0.0127759891685524,-0.0130916006016505,-0.0131346442634501,-0.0132623945516779,-0.0133182210183422,-0.013399289176709,-0.0163096521119786,-0.00990650135040461,-0.00664167520732209,-0.00688389415768545
2714,-0.00930877531146076,-0.00981907839482615,-0.0101371171758611,-0.0100694365787295,-0.0104863197578814,-0.0112851815149998,-0.0116778542293979,-0.0119421657853488,-0.0121221872550052,-0.0120163116035811,-0.0119952066144364,-0.0119296161456052,-0.0121244235993928,-0.0123493362783488,-0.0123824042269725,-0.0124017259807101,-0.0121181510511092,-0.0124471265314233,-0.0127864323312899,-0.0127985606027348,-0.0128602052609211,-0.0131907281295185,-0.0132466905347852,-0.0133647813658267,-0.0134060567759796,-0.0134702391111133,-0.0163712887271737,-0.00997887301777396,-0.00672354002187049,-0.00696724585539031
2712,-0.00943350660421553,-0.00991047772436098,-0.0102168248243091,-0.0101731619429342,-0.0105497532419166,-0.0113899655048209,-0.011817467752527,-0.0120975608106167,-0.0122733488577101,-0.0122172690344629,-0.0121417631631349,-0.0120597970498787,-0.0122212128091076,-0.0124690834371536,-0.0125128883147926,-0.0125334964042868,-0.0122021557673933,-0.0125939919145162,-0.0128752088254288,-0.0129196356502087,-0.0129758304691719,-0.0133026947401871,-0.0133728380880298,-0.0134773748192625,-0.0134894200285364,-0.0135586168843422,-0.0164388228442468,-0.0100492274651851,-0.00680759268739143,-0.00703359870855109
2710,-0.00953335654548902,-0.00997427470543076,-0.010259473163739,-0.0102670731344039,-0.0105866110262374,-0.0114734258540405,-0.0119215823998115,-0.0122240055864205,-0.0124073895280221,-0.0123623350262218,-0.0122539232274596,-0.0121877409210511,-0.0123163740661789,-0.0125721831606579,-0.0126218304375492,-0.0126165943971242,-0.0123120606972891,-0.0126975673871026,-0.0129870959681715,-0.0130333588910397,-0.0131068923242504,-0.0133913564492302,-0.0134904081075034,-0.0135780337817675,-0.013571986736384,-0.0136496982888917,-0.0165023197221958,-0.010111140747454,-0.00686249375311055,-0.00706632212729218
2708,-0.00953047094026938,-0.00994728402544866,-0.0102144529996643,-0.0102599378443326,-0.01057709426994,-0.0114967765183983,-0.0119384207896578,-0.0122363403874714,-0.0124475710331589,-0.0123591695310865,-0.012255737956008,-0.0122390050045458,-0.0123545979011466,-0.0125963290015451,-0.0126333160827515,-0.0126163201803335,-0.0123743417771753,-0.0127062643633333,-0.0130527788236481,-0.0130682522774807,-0.0131753144828039,-0.0133930993526437,-0.0135503298303313,-0.0135996479462132,-0.0136193741452863,-0.0136897408382643,-0.016508617607583,-0.0101119066309997,-0.00683192690658076,-0.00702511765905367
2706,-0.00935825415410216,-0.00979257200853571,-0.0100232873733345,-0.0100937956829441,-0.0104661138428722,-0.0113985021700369,-0.0118162215581378,-0.0120903050562183,-0.0123268963419809,-0.0121890867911119,-0.0121037897854835,-0.0121453149113157,-0.0122667557736101,-0.0124819846745447,-0.0125108283594363,-0.0125129677822075,-0.012308921044211,-0.0125824132389707,-0.0129853033040052,-0.0129539944559403,-0.0131000882785442,-0.0132658052498952,-0.0134855170497979,-0.0134789016075251,-0.0135515710329427,-0.0136146806106558,-0.0163908979003032,-0.00998450069512236,-0.00668942503641933,-0.00687873025606439
2704,-0.00913183033306035,-0.0096300690999744,-0.00980593415854295,-0.00991173774549605,-0.0103236732053767,-0.0112562246432049,-0.0116550262501766,-0.0119093064089681,-0.0121579825782886,-0.0120033097982369,-0.0119284617714932,-0.0120079347130857,-0.0121273789097842,-0.0123294553649311,-0.0123761115167915,-0.0124020969186071,-0.0121867935475847,-0.0124193136919697,-0.01286017168738,-0.0127914563102822,-0.0129647683640565,-0.0131231460088637,-0.0133670760342966,-0.0133162080104403,-0.0134126788802492,-0.0134996052524943,-0.0162288537764067,-0.00981207558233812,-0.00654606403002691,-0.00672865102461724
2702,-0.0090630185962114,-0.00962869667745156,-0.00978053449380746,-0.00991818389966292,-0.0103159736484813,-0.011243619287391,-0.0116435589045711,-0.0118828552717176,-0.0121443443572837,-0.0119909654720475,-0.0119212697169812,-0.0120050556144153,-0.0121062663906881,-0.0123276049482362,-0.0123962893384223,-0.0124214737498277,-0.0121673291192975,-0.01238349119273,-0.0128561986397639,-0.0127789941219425,-0.0129446228197289,-0.0131372183271282,-0.0133605660332684,-0.0132991771962097,-0.0133634228815115,-0.0135041969528388,-0.016203797021281,-0.00976774152511559,-0.00654998513985322,-0.00672639705994257
2700,-0.00917899106661006,-0.00976775372496041,-0.00996109886987782,-0.0100818018663614,-0.01045933749177,-0.0113776132665503,-0.0117927907520094,-0.0120166006267084,-0.0122930059382844,-0.0121361776987699,-0.0120711643892689,-0.0121291299774183,-0.0122270683043079,-0.0124889164792921,-0.0125471948977278,-0.0125530370034866,-0.0122717264434924,-0.0124936513428812,-0.0129866530900316,-0.0129306671591464,-0.013051559701305,-0.0132915078794943,-0.0134776135523952,-0.0134403470986215,-0.0134474237690207,-0.0136354131774242,-0.0163441725606835,-0.00986385105766925,-0.00667345500316045,-0.00685226158028806
2698,-0.00929867262549957,-0.0098674281624503,-0.010134968801032,-0.0101812649156878,-0.0105772817107349,-0.0114888692741929,-0.0119121703889636,-0.0121350051928655,-0.0124042760209519,-0.0122511173204709,-0.012185390203655,-0.0122011787392891,-0.0123386724723625,-0.0126275234546618,-0.0126477083386921,-0.0126445990644922,-0.0123660979638029,-0.0125995763773357,-0.0130762720284496,-0.0130486004405081,-0.0131249774709228,-0.0134014534914286,-0.013549778619997,-0.0135615870503504,-0.013531058347243,-0.013727163566601,-0.0164724038979434,-0.00994076429212153,-0.0067425350865743,-0.00693718525811044
2696,-0.00930040185131971,-0.00984307388989574,-0.0101609409667557,-0.0101250997146375,-0.0105481637856144,-0.0114720433357243,-0.0118845386462653,-0.0121315631955367,-0.0123641414024709,-0.0122373768573689,-0.0121631402822073,-0.0121411988018361,-0.0123410920387709,-0.0126217471583509,-0.0126136860195682,-0.0126280795807146,-0.0123613138407365,-0.0125998065186788,-0.0130257956851365,-0.0130027596849024,-0.0130794933755818,-0.0133782905595984,-0.0134829722466305,-0.0135471865551821,-0.0135144935705926,-0.013678037924857,-0.0164449944533105,-0.00991596950418713,-0.00667436411862992,-0.00690478459683867
2694,-0.00923687691852056,-0.00976428736496929,-0.0100917170535714,-0.0100163453332611,-0.0104305208737366,-0.0113819529382901,-0.0117789404691095,-0.012050944710845,-0.0122503103144453,-0.0121507710474499,-0.0120679044816789,-0.0120289448275051,-0.01226979986908,-0.0125220070224316,-0.0125077966870117,-0.0125608113017818,-0.0122780047935987,-0.0125287034868179,-0.0129085931848371,-0.0128555888945863,-0.0129791198461214,-0.0132915347971767,-0.0133561871693282,-0.0134403426950612,-0.0134327899765116,-0.0135459086601271,-0.0162941359780475,-0.0098554731771413,-0.00653935678980777,-0.0068234132471726
2692,-0.00918319847534521,-0.00969039604897271,-0.0100035822306321,-0.00993079213290705,-0.0103178766074474,-0.0112746250851787,-0.0116747207604267,-0.0119416617852739,-0.0121431305091971,-0.0120382553655888,-0.0119560349323984,-0.0119142847877829,-0.0121615194551119,-0.0123959843300296,-0.0123741510753307,-0.0124725479138354,-0.0121403672871482,-0.0124285401160065,-0.0127963572806922,-0.0127005518298904,-0.0128721757345739,-0.0131889939038945,-0.0132473825660653,-0.0133018466806072,-0.0133292258446119,-0.0134035781826784,-0.0161116153706833,-0.00979820094669838,-0.00641075176276908,-0.00673690671953533
2690,-0.00914476091798152,-0.00962018781726494,-0.009909486380201,-0.00984893780355764,-0.0102354693721076,-0.0111488623582238,-0.0115704997999356,-0.0118114266402762,-0.0120347438516149,-0.0118990057656257,-0.0118269006407743,-0.0117765799568199,-0.0120194128913793,-0.012254368350223,-0.01221629074553,-0.012344722107542,-0.0119682460104683,-0.0123012537697948,-0.0126835332861826,-0.0125645153331339,-0.0127428156761286,-0.0130530532743583,-0.0131479747640544,-0.0131561513813664,-0.0132042667423252,-0.013270340728981,-0.0159487395762742,-0.00970968472459988,-0.00630841800769611,-0.00662919837093283
2688,-0.00913178640833982,-0.00958638434658246,-0.0098552307266938,-0.00979612719494982,-0.0102089957288984,-0.0110595144820726,-0.0114953995167318,-0.0117257499706442,-0.011946996773493,-0.0117962186685056,-0.0117319408827151,-0.0116674836680183,-0.0119138080238652,-0.0121475263032271,-0.012111918042836,-0.0122277628703018,-0.0118529774487988,-0.0121962547802269,-0.012602544735521,-0.0124868682511962,-0.0126340652809864,-0.012933116583762,-0.0130787283067671,-0.0130743842161504,-0.013111454787088,-0.0131947933828735,-0.0158591115013999,-0.00962332050819092,-0.00627522234549788,-0.00655090129437383
2686,-0.00915314394504176,-0.00961304922281583,-0.00988837026160969,-0.00981948725828487,-0.0102549533973985,-0.0110712699455826,-0.0114997130040476,-0.01174951566737,-0.0119275644177481,-0.0117985306526058,-0.0117264002462201,-0.0116661637861658,-0.0119160176018867,-0.0121328377225586,-0.0121293956749728,-0.0121877718921232,-0.0118609993465608,-0.0121668559087286,-0.0126043121347171,-0.0124963309376731,-0.0126141923262506,-0.0129055783966855,-0.013086034590497,-0.0131085300579676,-0.0131122249355123,-0.0132183117680505,-0.0158732235620075,-0.00961579871439406,-0.00633205772467811,-0.00657329579181614
2684,-0.00911992039934339,-0.00958757787552652,-0.00990259961023823,-0.00981853363421728,-0.010264695885291,-0.0110700371144042,-0.0114871414443748,-0.0117717841541877,-0.0118914915818231,-0.0117965067784529,-0.0117057634081383,-0.0116756254252641,-0.0119161600716729,-0.0121126161264118,-0.0121345475847453,-0.0121365384640947,-0.0118702806491511,-0.0121222982726305,-0.0125930497579916,-0.0124791224753617,-0.0125965202197827,-0.0128824679342163,-0.0130788157094048,-0.0131282890930606,-0.0131061123336203,-0.0132310997454422,-0.0158890554207367,-0.0096145621440753,-0.00635447654720867,-0.00659877915823213
2682,-0.00891694177149647,-0.00936219830618159,-0.00971676384302088,-0.00962250463827668,-0.0100737375326055,-0.0108444465630343,-0.011266982576504,-0.0115889631982839,-0.0116725341019097,-0.0115861018387556,-0.0114938092693451,-0.0114919611679158,-0.0117131988272259,-0.0119054169802121,-0.0119076903052195,-0.0119124208664714,-0.0116855719883909,-0.0119043575277538,-0.0123883022626693,-0.012266536848819,-0.0123985855297675,-0.0126750222374002,-0.0128742738956938,-0.0129265687705277,-0.0129040909011276,-0.0130506544014724,-0.0157436496625477,-0.00943969086632451,-0.00616861910532243,-0.00642556636261354
2680,-0.00859800619068526,-0.00899991406467,-0.00935448828214184,-0.00926802792658519,-0.00970635790724289,-0.010415687503999,-0.0108512664277091,-0.011207788147226,-0.0112949795663462,-0.0111815591320429,-0.0111240208231384,-0.011125435389343,-0.0113284285010128,-0.011533658522075,-0.0114853913686134,-0.0115542320208631,-0.0113302199312298,-0.0115469549817738,-0.0120098179086672,-0.0119008236976557,-0.0120316431235421,-0.0122960584607073,-0.0124818590373042,-0.0125271685190731,-0.0125237181194066,-0.0126918879476021,-0.0154451378325183,-0.00909200022060537,-0.00580350770639904,-0.00605199900902749
2678,-0.00835010321319106,-0.00873466002153768,-0.00904804069862395,-0.00898621464026332,-0.00938571519460971,-0.0100678734937095,-0.0104980668410315,-0.0108710676806932,-0.0109947215641326,-0.010842214284065,-0.0108321239098157,-0.0108295344533074,-0.0110211208980084,-0.0112397607361295,-0.0111595439471087,-0.0112920626756202,-0.0110368763525748,-0.0112732938696314,-0.0116986770145062,-0.0116212396210502,-0.0117288208962778,-0.0119883546931082,-0.0121471351165132,-0.0121911781969189,-0.0122097965549515,-0.0123829400503039,-0.0151835532727503,-0.00879194535958501,-0.00548541018174556,-0.00571653004474554
2676,-0.00826497183038032,-0.0086870536709412,-0.00894434303372966,-0.00890489207674598,-0.00927032056857232,-0.0100016377816751,-0.0104021974877164,-0.0107587022645484,-0.0109296815355776,-0.0107559797865121,-0.0107604326143916,-0.010774144597102,-0.0109650400151008,-0.0111784147983309,-0.0111122665394736,-0.0112519436378853,-0.0109549478158944,-0.0112158422393439,-0.0116176291363632,-0.011564985085922,-0.0116522497251353,-0.0119198587063354,-0.0120552818445116,-0.0120984994824355,-0.0121261333565365,-0.012289692946141,-0.0150955901007684,-0.00869569634131762,-0.00537155321205935,-0.00559934798582986
2674,-0.00831021404384554,-0.00880001024655501,-0.00900590304713618,-0.00897506305866025,-0.00934434167709184,-0.0101679467994324,-0.0105339863797683,-0.0108563542787831,-0.0110605934119879,-0.0108930615777848,-0.0108686292410326,-0.0109061111489731,-0.0111112842695828,-0.0112923836132636,-0.0112761468386811,-0.0113678863609855,-0.0110564540695384,-0.0113258675755302,-0.0117270546993258,-0.0116768823535526,-0.0117663582851546,-0.0120523477930559,-0.0121754351779045,-0.0122146503050854,-0.0122271023823424,-0.0123937914486384,-0.0151739469603707,-0.00877340034080281,-0.00544938935957208,-0.00567449191312437
2672,-0.00844819349866017,-0.00898389645252643,-0.00915559748233091,-0.00913282304545797,-0.0095236981154456,-0.0104256131992624,-0.0107690515524507,-0.0110744024671717,-0.0112840375767811,-0.0111369020363962,-0.0110750323130388,-0.0111062003440228,-0.0113341199866508,-0.0114660236371432,-0.0115178534276482,-0.0115395514989724,-0.0112605934658251,-0.0115136897817683,-0.0119242864332962,-0.0118674504230671,-0.0119689780899503,-0.0122755758273434,-0.0123849444602787,-0.0124263869426793,-0.0124068034821004,-0.0125989013597505,-0.0153543116847609,-0.00894252956944907,-0.00563466316624909,-0.00583353669193322
2670,-0.00861710504495566,-0.00915087670452757,-0.00932200093848107,-0.00932135237231283,-0.00970459655154149,-0.0106502820582994,-0.0109866442066646,-0.0112979524635179,-0.0114927709549524,-0.0113650899515041,-0.0112873200384739,-0.0112765047576114,-0.0115176868152429,-0.0116089086238593,-0.0117355449682937,-0.0116855865424427,-0.0114619941196808,-0.0116938804359483,-0.0121105769258134,-0.0120596953244384,-0.0121603805869135,-0.0124756508327834,-0.0125657248742204,-0.012615575181649,-0.0125778398614428,-0.0127874845344924,-0.0155325755662955,-0.00912251810736136,-0.00580559374843539,-0.00597165617452368
2668,-0.00867841973318644,-0.00918260925220271,-0.00938542831168638,-0.00940826851763741,-0.00975374560519114,-0.0107056787999353,-0.0110542998424714,-0.0113609983135431,-0.0115428842665897,-0.0114348098862784,-0.0113561211153941,-0.0113018057541199,-0.0115378684658002,-0.0116181061082392,-0.0118051646122254,-0.0116929585143869,-0.0115052210962191,-0.0117422523653324,-0.0121558765732146,-0.0121255901685008,-0.0122169293844929,-0.0125131239204909,-0.0125954997422254,-0.0126454920122826,-0.0126276622783531,-0.0128191683230045,-0.0155556765158145,-0.00918000340453421,-0.00580878438660951,-0.00597323195824907
2666,-0.00856396632905125,-0.00904682992093399,-0.00928006742712419,-0.00930182008941922,-0.0096242503889292,-0.0105296821139756,-0.010913494594182,-0.0111810455611643,-0.0113658202159738,-0.0112878133407276,-0.0112069421789914,-0.0111358660456518,-0.0113600528336699,-0.0114570234290582,-0.0116593806015055,-0.0115162032905343,-0.0113310621212792,-0.0116043291830094,-0.0120019323788972,-0.011990113459124,-0.0120903983938913,-0.0123394976115646,-0.0124334090380566,-0.0124763948815262,-0.0125016187929153,-0.0126528210041591,-0.0153713333005091,-0.00902864278107579,-0.00560734127592456,-0.00579835223202863
2664,-0.00842823297800803,-0.00890808954376013,-0.00914429337438245,-0.00913702527860647,-0.00947281526153236,-0.010284202082497,-0.0107125427415212,-0.0109275365137794,-0.0111222374597784,-0.0110819243528104,-0.0110006846256595,-0.0109387329441837,-0.0111576448715386,-0.0112821904141624,-0.0114437779207503,-0.0113186015169645,-0.0111220767744973,-0.0114372585728981,-0.0118067745967907,-0.0117980085838501,-0.0119378342580908,-0.0121350308342285,-0.0122396592333424,-0.012290793226175,-0.0123457721429726,-0.0124624681442585,-0.0151647882575621,-0.00880558595962533,-0.00539589155935486,-0.00560120868391905
2662,-0.00848265885237238,-0.00895856032784754,-0.00918798553473745,-0.00914829010864827,-0.00950896554859578,-0.010232577949898,-0.0106876099628672,-0.0108753844798204,-0.0110664088890756,-0.0110516718933018,-0.0109796777669327,-0.0109411847855589,-0.0111574673631972,-0.0113113479582539,-0.0114021391426686,-0.0113282414358047,-0.0111256962486637,-0.0114627395297072,-0.011805175342023,-0.0117838785842492,-0.0119768425987645,-0.0121454027804979,-0.012244219683532,-0.0123221123872415,-0.0123819012618987,-0.012472708819333,-0.015181859691819,-0.00876385958796489,-0.00541018784237163,-0.00560047128058495
2660,-0.00870806556576147,-0.0091653500106906,-0.0094064813507365,-0.00935442489061857,-0.00972676804848069,-0.0104218998005719,-0.0108739222408914,-0.0110697681183096,-0.0112374465325806,-0.0112208070483844,-0.0111604858852934,-0.0111509654763523,-0.011355035917428,-0.0115392283934166,-0.01157111519606,-0.0115432025918549,-0.0113436960579124,-0.0116719947404027,-0.0120071689045078,-0.0119638624560239,-0.0121940636755178,-0.012367906704968,-0.0124612001165168,-0.0125503718510793,-0.0126092236854501,-0.0126759361210969,-0.0154202925151927,-0.00895205486662355,-0.00563454699560115,-0.0058043737323408
2658,-0.00889439197428631,-0.00933388130020565,-0.009593490877127,-0.00954903076667823,-0.00992517668509206,-0.0106452157768099,-0.0110784317830393,-0.0112955028802224,-0.0114408322412619,-0.0113998328599596,-0.0113451653872818,-0.0113587285631906,-0.0115390060964722,-0.0117446994531439,-0.0117520642285834,-0.0117439264409603,-0.0115563817000724,-0.0118436565158594,-0.0121978868173558,-0.0121314694300136,-0.0123583969404042,-0.0125666872756011,-0.0126761910568426,-0.0127341412137151,-0.0127977459928265,-0.0128572906312028,-0.0156454492228343,-0.00916287229241161,-0.00583828827379298,-0.00600542716285477
2656,-0.00891293517608288,-0.0093597460543267,-0.0096129479588069,-0.00957962646409533,-0.0099624361541921,-0.0107204107835201,-0.0111347409407732,-0.0113638394223764,-0.0115134968124417,-0.0114431040374932,-0.0113929675928162,-0.0114140109031089,-0.0115692825094465,-0.0117717460488642,-0.0117817410227833,-0.0117749648384594,-0.0116082201903985,-0.0118324328684883,-0.0122194556600774,-0.0121406334097201,-0.0123156412035479,-0.0125776994892058,-0.0127127602686127,-0.0127190958519792,-0.0127828215931479,-0.0128691145293869,-0.0156768763321856,-0.0092060993469149,-0.00585618542977829,-0.00603945285010718
2654,-0.00877926761454508,-0.00925663477399869,-0.00948366102685386,-0.00945229483395209,-0.00984137848718441,-0.0106310419019787,-0.0110260568300513,-0.0112547602449696,-0.0114309799610662,-0.0113423474526114,-0.0112984708639655,-0.0113159925244338,-0.0114572653138752,-0.0116351984324758,-0.0116569365195408,-0.0116442535731719,-0.0114943486412688,-0.0116654818028683,-0.0120765536095274,-0.0120047363525937,-0.0121054389531207,-0.0124189278749136,-0.0125597214394421,-0.0125385775763189,-0.0125946945548161,-0.012722912714657,-0.015501007636732,-0.00906291245934983,-0.00568294416891286,-0.00590190833980926
2652,-0.0085232970578547,-0.00902694964248285,-0.00924354105286401,-0.00920489239333066,-0.00960199155799725,-0.0104141844347834,-0.0107857038502878,-0.0110110847466003,-0.0111995872434939,-0.011114376806329,-0.0110677838774662,-0.0110822437806674,-0.0112261935756761,-0.0113851699329471,-0.0114196663663586,-0.011395595741853,-0.0112360418285825,-0.011398846111427,-0.0118067668066126,-0.0117546472398892,-0.0118167544117051,-0.0121454483795019,-0.012270191716227,-0.0122586955153423,-0.0123139806079027,-0.0124654353915079,-0.015166761316005,-0.00878671746241528,-0.00536818864350556,-0.00564553031339173
2650,-0.00820757986896051,-0.0087153590391974,-0.00894283990109273,-0.00889616297136505,-0.00931779594365831,-0.0101281368640273,-0.010476829789471,-0.0107066229400165,-0.0108680111983945,-0.0108082963261061,-0.0107461417968921,-0.0107595488559881,-0.0109158865616994,-0.0110802640718976,-0.0111304372702783,-0.0110964456673768,-0.0108961733993009,-0.01109511976389,-0.0114696861723632,-0.011431066724928,-0.0115273182370565,-0.0118234558771271,-0.0119326552699275,-0.0119459828469517,-0.0120071129549039,-0.0121638454574329,-0.0147788843576113,-0.00845689663140317,-0.00501757267177477,-0.0053513412534981
2648,-0.00801649294065401,-0.00851551611351334,-0.00874107344670558,-0.00869523854477002,-0.00915523041519105,-0.00993640152936846,-0.0102654131712518,-0.0105118737644112,-0.0106293076695581,-0.0105991293137944,-0.010525406167685,-0.0105395986293173,-0.0106968922757944,-0.0108811199282245,-0.0109485635929321,-0.0109216062806755,-0.0106758624286701,-0.0109178960615496,-0.0112480150937209,-0.0112055364895423,-0.0113750302101728,-0.0116286995117825,-0.0117306419692521,-0.0117651185087679,-0.0118128350515491,-0.0119804029551696,-0.0145554082724068,-0.0082405001093231,-0.00483927521165576,-0.00518160862793411
2646,-0.00807545020206609,-0.00856800091501524,-0.00876022203666987,-0.00872924931818957,-0.00920994468961745,-0.00997397806282465,-0.0102815166058159,-0.0105489811484084,-0.0106530750499305,-0.0106258198407417,-0.010558784080281,-0.0105872442900292,-0.0107169516949109,-0.0109168386240212,-0.0109946105728014,-0.0109940903577498,-0.0107301674644421,-0.0109876330645328,-0.011295739157171,-0.0112382846106156,-0.0114489438063781,-0.011698481781422,-0.0117934923413229,-0.0118419692805646,-0.0118466578137038,-0.0120249993745252,-0.0146340133899226,-0.00826191064080759,-0.00494074015907855,-0.00523420425397141
2644,-0.0081842643408713,-0.00867223775538497,-0.00882160341181233,-0.00881797864930075,-0.00928098029468341,-0.0100735888882505,-0.010363297594097,-0.0106392421841823,-0.0107753289769018,-0.0107108278609902,-0.0106601331775674,-0.0107177820765116,-0.0108059679297806,-0.0110150800291881,-0.0110914340629664,-0.0111180589417402,-0.010867794793331,-0.0111100500874582,-0.0114396505601661,-0.0113673775996213,-0.0115627797895093,-0.0118400070773909,-0.0119395145884461,-0.0119891355642551,-0.0119507060740043,-0.0121133464058926,-0.0147937994415275,-0.00834626085402962,-0.00507665576039302,-0.00531312467843727
2642,-0.00796690232303689,-0.00844487792373102,-0.00856559927459709,-0.00859404652511051,-0.00902190288988994,-0.00985932280250488,-0.0101550497538149,-0.0104197853334787,-0.0105982113370499,-0.010480798845449,-0.0104425102185801,-0.0105124793384811,-0.010583499349698,-0.010804019046294,-0.0108732214529716,-0.0109103867146394,-0.0106815417893603,-0.0108956889933671,-0.0112780009275151,-0.0111923371240726,-0.0113580413315808,-0.0116396765672922,-0.0117831104844853,-0.0118133543418077,-0.0117606773274142,-0.0118913071050875,-0.0146088509412026,-0.00811164832909172,-0.00483805077920851,-0.00505922223353519
2640,-0.00727542567518674,-0.00773939251068893,-0.00784659102251076,-0.00789938735270357,-0.00831025476515661,-0.00915973599098446,-0.00948849337891997,-0.00973882768275771,-0.00992896014796731,-0.00978482970720861,-0.0097539552877799,-0.00979121958417559,-0.00988236487785066,-0.010120383751247,-0.0101839645969673,-0.0102145344329942,-0.00999108754981887,-0.0101823930934302,-0.0106134285797737,-0.0105138465391535,-0.0106747053007571,-0.0109102459999867,-0.0111325323289353,-0.0111306708561416,-0.0110823183641297,-0.0112099771487281,-0.0138986318899117,-0.00737398465930868,-0.00409205846612693,-0.00433369129817218
2638,-0.00620303695516963,-0.00665748351135631,-0.00676494194547349,-0.00682307947788119,-0.0072436558274117,-0.00808473821655835,-0.00843821461146685,-0.00869565901190841,-0.00886438499787419,-0.0087379749936563,-0.00870438647567457,-0.00869400181221788,-0.00880687168652454,-0.00906761335671686,-0.00912642630623592,-0.00913783255732635,-0.00890620681390845,-0.0090903824895478,-0.00953821020145328,-0.00943431848114013,-0.00960486205330765,-0.00977999396124257,-0.0100624950232656,-0.010033237467757,-0.00998670196169521,-0.0101499384668029,-0.0127865407835992,-0.00624080486852403,-0.00299170305188126,-0.00325073715105499
2636,-0.00472573773732689,-0.00518002135013448,-0.00530615641393814,-0.00534995193707614,-0.00579149578197556,-0.00665367085061299,-0.00698366897795988,-0.00727390593511315,-0.00741743304079653,-0.00733361548804575,-0.00726956627565567,-0.00725948794211941,-0.00735593934694248,-0.00764225859411065,-0.00769531005601729,-0.00767777217830377,-0.00745094428864315,-0.0076385077095648,-0.00806731112260429,-0.00798477402721133,-0.00815655422651111,-0.00830409043736613,-0.00858037887847638,-0.00853353438152769,-0.00849367758613645,-0.00868531854475834,-0.0113115828879504,-0.00476356507606632,-0.00156185743973134,-0.00181944886207257
2634,-0.0026914935247279,-0.0031512726170318,-0.00330573605694203,-0.00332643617813482,-0.00378949244791056,-0.00469952638112315,-0.00496372451697607,-0.00529122733489254,-0.00542682606287507,-0.00537797643534068,-0.00525721609120058,-0.00530591131393846,-0.00536006914537726,-0.00566391149243601,-0.00571537735108891,-0.00567527928385296,-0.0054853635037404,-0.00566466493620051,-0.00605041966370096,-0.00601476766462795,-0.00618566582916981,-0.00634126913590617,-0.00655603824856356,-0.00650035811344804,-0.0064831114637535,-0.00666925547538377,-0.0093413588636087,-0.00282385182260968,0.000367371109060409,0.00011370930983372
2632,-0.000287271144488215,-0.000744025203492189,-0.000921781839342714,-0.000921709309567956,-0.00140089866817084,-0.00233133193158727,-0.0025392266615587,-0.00288450041832754,-0.00302121055160432,-0.00298457918736105,-0.00281809904166661,-0.00292434614252419,-0.00296306786214639,-0.00325843054689883,-0.00331470406425229,-0.0032899701490156,-0.00314914276569698,-0.00329561289514977,-0.00363079867219417,-0.00364321531543263,-0.00382407727439425,-0.00399629379311231,-0.00414680499671405,-0.00410768844866278,-0.00410295428613856,-0.00428453725360852,-0.00702305256528346,-0.000549361342778465,0.00267574581228455,0.00241452107634401
2630,0.00178155148891848,0.00135761052572302,0.00114952898466753,0.00116470719307623,0.000694831115881934,-0.00020969354324098,-0.000421758308090956,-0.000757250932983437,-0.000882854418842234,-0.00084332794171357,-0.000673805625139134,-0.000781922791611166,-0.000863503003524089,-0.00111918176745396,-0.00117503135445014,-0.00121543459950188,-0.0010864737007597,-0.0011996094763725,-0.00149817502791494,-0.00153219603991805,-0.00171855956042408,-0.00189832898290761,-0.00202189989738787,-0.00204316723016006,-0.00200913629466787,-0.00221902522274352,-0.00501415637526825,0.0014260975881359,0.00470346818190757,0.0044321129348201
2628,0.00280564232161181,0.00244814674312312,0.00217851848938337,0.00220275287635556,0.00178913692154242,0.000922289669189435,0.000634843562302367,0.000331604643272374,0.000233739214653134,0.000278180800167226,0.000418658390969618,0.000360691720689199,0.000197481011376693,-2.34519549106428E-06,-4.4685870072432E-05,-0.000161396601347208,1.72000243612226E-05,-9.97712901270561E-05,-0.000397830777756612,-0.000423297598702804,-0.000587337902404413,-0.000762220653167195,-0.00089960527009739,-0.000999328766872743,-0.000921678201927499,-0.00115709602969661,-0.00399835429152516,0.00240918033118802,0.00573814991093591,0.00547120773950725
2626,0.00263078082798185,0.00233694112273483,0.00199405278091746,0.00202130091270541,0.001694179885051,0.000861856670179358,0.000459235985470737,0.000201577265715724,0.000126580943074734,0.000177742860763997,0.000279145580267998,0.00029658552355356,5.42497810040268E-05,-9.08617404737238E-05,-0.000124574276357203,-0.000267857180561137,-1.49738303043768E-05,-0.0001724201004485,-0.000510318492159854,-0.00051461593311855,-0.000636899859403988,-0.000795861543234783,-0.000968599303387258,-0.00110181568970694,-0.0010329361717998,-0.00123828101483365,-0.0041162130677251,0.00224696681520293,0.00561159599922061,0.00536500347837049
2624,0.00159389100609455,0.00131354488093729,0.000939537438865119,0.000974709994404345,0.000706183094205078,-7.26722193427926E-05,-0.000577412865951241,-0.000787769616553601,-0.000870930810348891,-0.000801835336653477,-0.000749960744426819,-0.000644943376396097,-0.000935898704230431,-0.00103877804017704,-0.00108779247420785,-0.00118973284527258,-0.000896868515869738,-0.00109280410322731,-0.00148617254892714,-0.00146832947193856,-0.00156226587229928,-0.00170849464826691,-0.00191525918387362,-0.00200722017709618,-0.00201233844400329,-0.00214766251639672,-0.00503811498018872,0.00129228159895802,0.00465695501416711,0.0044264055552255
2622,0.000139406442224839,-0.000176889272085779,-0.000531188814490699,-0.000463872147237764,-0.000747193801494892,-0.0014608783481245,-0.00201126436966001,-0.00218441191108141,-0.00230592083864722,-0.00221118031711038,-0.00221158024466463,-0.00202931632600143,-0.00233084125071099,-0.00241981588910727,-0.00248772016756004,-0.00252553404278396,-0.00223972382945256,-0.00245006645291673,-0.00287779453508475,-0.00283116424734816,-0.00293124840184912,-0.00309062285270654,-0.00331044656139604,-0.00333362630302969,-0.00340891674558234,-0.00349808575582351,-0.00637096435095409,-3.95922372439568E-05,0.00329526224633696,0.00305385445622114
2620,-0.0013873131746558,-0.00173746285020216,-0.00207287807512162,-0.00195424749038788,-0.00230671740053642,-0.00299450867470518,-0.00353250447287463,-0.00368027977322115,-0.00383969317414996,-0.00373710231776165,-0.00374803426298098,-0.00354176186833647,-0.00382853510684124,-0.00394007806483283,-0.00398847906821068,-0.00400066192710978,-0.00372855948755942,-0.00394725423606645,-0.00437004899667133,-0.00428622770401769,-0.00441947587411028,-0.00461928294126189,-0.00482019049720177,-0.00482337331386462,-0.00489656916688349,-0.00498484035177733,-0.00782886366760795,-0.00149069854588359,0.00182604743755472,0.00155303668985861
2618,-0.00277430977314596,-0.00312427741936412,-0.00346748909697359,-0.00332525102527262,-0.00373167024795734,-0.00445917354157319,-0.00496419542991551,-0.00508851492184447,-0.00526227316540915,-0.00519163751139308,-0.00513869968327205,-0.00498027796124735,-0.00525236295171399,-0.00539240285522051,-0.00538557657644537,-0.0054269460843415,-0.00514676900724168,-0.00538241444038838,-0.00577507413451851,-0.005665006770816,-0.0058280268386399,-0.00607088331945732,-0.00622515241708949,-0.00627786199175434,-0.00628838061368488,-0.00637932024304316,-0.00920552767531625,-0.00288988671720717,0.000444431686792344,0.000157096617390805
2616,-0.00392867939489088,-0.00427572715966477,-0.00460653457146964,-0.0045134780445778,-0.00490896178789806,-0.00571091318421227,-0.00619332952812328,-0.00629514678273185,-0.0064713701187706,-0.00645884526530459,-0.00630401045749046,-0.00623196888197011,-0.00649867160021598,-0.0066246811081594,-0.00658685213435979,-0.0066713778301729,-0.00638808561949618,-0.00662646852442083,-0.0069954993381969,-0.00688821209441647,-0.00704246400883251,-0.0073159326227472,-0.00741608802392313,-0.00753467163107423,-0.00748744197393808,-0.00755405527244696,-0.0103747040274812,-0.00408089740892119,-0.000725626054568873,-0.00098411970508339
2614,-0.00479422009995108,-0.00517978838429387,-0.00543428698589763,-0.00544216240019516,-0.00577978957292238,-0.00665086052730415,-0.0071164345630627,-0.00721635809587784,-0.00740720621959876,-0.00743700588632212,-0.007213274202948,-0.00721723131454519,-0.00746635515805969,-0.00753809177071056,-0.00753693497262299,-0.00762534378369688,-0.00738318874098766,-0.00758688878393838,-0.00795876471117733,-0.00787022217388681,-0.00797016178353672,-0.00827081920773387,-0.00833678673135348,-0.00847227917846863,-0.00841097669584841,-0.0084562284407792,-0.0112654123983526,-0.00493347786843587,-0.00159570535616908,-0.00180593723739958
2612,-0.00528302671460756,-0.00573780308959599,-0.00589017502826748,-0.00597285236502329,-0.00626056610671666,-0.00718035694299983,-0.00762246652056569,-0.00775639271080822,-0.00796930588828502,-0.00800194796262693,-0.00776886323567498,-0.00781492135716177,-0.00801625492131305,-0.00805715502272734,-0.00812951155158544,-0.00816911298091707,-0.00799934246915915,-0.0081583632646493,-0.00855046625644365,-0.00846302113446705,-0.00850389503753181,-0.00882866109075628,-0.00889880738626447,-0.00899054044136996,-0.00893917655827739,-0.00901301952857473,-0.0117892025925574,-0.00536838028085,-0.00207657010303624,-0.00226183119417122
2610,-0.00540425150224173,-0.00590625182363801,-0.0060080610611336,-0.00608569791523788,-0.0063581026041403,-0.0072952916274644,-0.00772310279831707,-0.00790809771635571,-0.00812129505195834,-0.00813435288202127,-0.00792794657678994,-0.00797716187104762,-0.00812633428997606,-0.00819967112573142,-0.00831996334732646,-0.00828848874083103,-0.00816648017116073,-0.00832740556397201,-0.00872983738816628,-0.00861810476152492,-0.00864193014772936,-0.00896630605023722,-0.00907564715127191,-0.00910308442926571,-0.00904717807959609,-0.00919686733408981,-0.0119228522772767,-0.00543541055820485,-0.00217400312218823,-0.00236343296081393
2608,-0.00541764318170923,-0.00591244580497824,-0.00604236901507919,-0.00605382123031241,-0.00632974405982417,-0.00723942816458578,-0.00768594675705227,-0.00789944659811211,-0.00808284135654309,-0.00807786940086659,-0.00791519898385329,-0.00792896640076245,-0.00806858999740028,-0.00819514587253259,-0.00832103228408799,-0.00822795871320123,-0.00810142973221995,-0.00832610033986934,-0.00870968330579569,-0.00858349530648121,-0.00862423663525638,-0.0089194458459609,-0.00908006985100765,-0.00905954065475078,-0.00898047917666069,-0.00919773427800843,-0.0118797344241281,-0.00538221264448553,-0.00211813215960977,-0.00231671010025154
2606,-0.005651030617151,-0.0060932707360732,-0.00629557035289277,-0.00623701783999654,-0.00652151359807072,-0.00736739252510589,-0.00785257803223494,-0.00805492988538096,-0.00820758270845628,-0.00818214020417497,-0.00807324340246999,-0.00803666985560535,-0.0082164555658324,-0.00835510777013112,-0.0084723656495464,-0.00833141444318061,-0.00818086072086818,-0.00847981872791857,-0.00882114333187379,-0.00872571530446987,-0.00877329090596088,-0.00903991987530784,-0.00923713197648489,-0.00918744114319164,-0.00910223148233524,-0.00932720479675566,-0.0119910344171561,-0.00550374125455211,-0.00222362947315608,-0.00243219117355063
2604,-0.00612174624500586,-0.00649566790172488,-0.00676535495264879,-0.00667669782508994,-0.00698577601398276,-0.00775646229792694,-0.00825955893781246,-0.00843062940291615,-0.00858059135998997,-0.00851711913365569,-0.00844387573348354,-0.00838375880994193,-0.00861323730021124,-0.008732504773331,-0.00883759592569201,-0.0086599269058356,-0.00850993728938375,-0.00882800389279494,-0.00913107341173196,-0.00909964809251932,-0.00914110646541916,-0.0093951963401608,-0.00959965520008322,-0.00953338536049232,-0.00948621677914253,-0.00966272522289504,-0.0123238081332691,-0.00584079246707779,-0.00255248836944669,-0.00278507737272129
2602,-0.00651815551029278,-0.00684456475309666,-0.00713808522613938,-0.0070732440268954,-0.00742428081003827,-0.00812034950760126,-0.00860699769462826,-0.0087502461149979,-0.00892011945701879,-0.00881113422031376,-0.00872485076039861,-0.00867851606785506,-0.00893430105335691,-0.00906314738356452,-0.00912868872809744,-0.00894498431931273,-0.008815540308635,-0.00908383729102932,-0.00938125189908891,-0.00939906617624753,-0.00946524474892944,-0.00969498261236498,-0.00988082223350651,-0.00982714105611339,-0.0098346836750985,-0.00995801719676804,-0.0126030960028143,-0.00614353247386374,-0.00285922967233661,-0.00311351231586759
2600,-0.00658249795384487,-0.00691559742148587,-0.00717222760489633,-0.00716724053088033,-0.00754591707324065,-0.00818108748939805,-0.00864706148464648,-0.00876898038858471,-0.0089571116704229,-0.00882114545508863,-0.00869561050784436,-0.00866644706174379,-0.00892586523269641,-0.00910995790953078,-0.0091030827640082,-0.00896408101434869,-0.00883496804045711,-0.00902863122837337,-0.0093602564064217,-0.00938069349404405,-0.00951150893962571,-0.0096846824903309,-0.00984312141116545,-0.00984856080991356,-0.0098671682781938,-0.00997468315080974,-0.0125862667547242,-0.00618362625200104,-0.00291126570142346,-0.00314866862740247
2598,-0.00634924559287406,-0.0067378400209783,-0.00692564024055296,-0.00696496643328175,-0.00732990532224177,-0.00795956388038527,-0.00843237276408448,-0.0085358131365949,-0.00873045295156357,-0.00858592052962817,-0.00845822035543612,-0.00842469980614098,-0.00866912036853475,-0.00890460750357466,-0.00883760828101882,-0.0087704214911491,-0.00860872425959925,-0.00875366179062929,-0.00913498061964653,-0.00912348555120516,-0.00930499515831131,-0.00942247491903363,-0.0095668346497546,-0.0096479864958954,-0.00961557221227709,-0.00973351510704213,-0.0123230985150821,-0.005976111159257,-0.00271133437160032,-0.00290306500315348
2596,-0.00600773552986189,-0.00644280425203611,-0.00659173940528918,-0.00661235131696888,-0.00693954182212418,-0.0076452031744688,-0.00814982042400795,-0.00824498585507479,-0.0084441382635592,-0.0082764804185921,-0.00821117546150156,-0.00816715024939912,-0.00836910597444753,-0.00860640299738029,-0.0085427660841312,-0.00851638446455774,-0.00832760824549919,-0.00846001779001336,-0.00886603461821522,-0.00882639455148862,-0.00900583181137776,-0.00911098193527153,-0.00926671699179348,-0.00937396351553049,-0.00928233584057669,-0.00939339455421958,-0.0119882734832509,-0.00567025507303149,-0.00238943466166823,-0.00256398478415629
2594,-0.00573545761401476,-0.00615860723911004,-0.00632330885457077,-0.00627701499849873,-0.00657818836881167,-0.00739112895556295,-0.0079263962565417,-0.00803208308868814,-0.00824410503871235,-0.00801790643568285,-0.00804215961088445,-0.00799382982982204,-0.00813502663478954,-0.00833321722123332,-0.00833327453494079,-0.00828774152196082,-0.00811733422735348,-0.00824840570140317,-0.008638579705453,-0.00860033537381952,-0.00875132886078672,-0.00888031792011274,-0.00906176148594679,-0.00911938731758566,-0.0090203253667726,-0.0090927263154843,-0.0116955727018329,-0.00540266416846305,-0.00208131342968037,-0.00228777356317655
2592,-0.00568809633839722,-0.00606332651776499,-0.00625745500918955,-0.00616318115358451,-0.00645346822011176,-0.00732161936013764,-0.00786132485917226,-0.00799094620624932,-0.00822099382306237,-0.00792646596914856,-0.00801505176412739,-0.00795033424225757,-0.00804732141915037,-0.00820436428557384,-0.00827890031969723,-0.00818083974981247,-0.00806450740098834,-0.00818542422297385,-0.00855190424012006,-0.00853602294910505,-0.00866299636982242,-0.00882074135570555,-0.00901782541103075,-0.00900311684817131,-0.00893872827459588,-0.00897727179126327,-0.0115702628974206,-0.00530930701039189,-0.00195632330222077,-0.00219462601946746
2590,-0.00590428843277186,-0.00625370599644323,-0.00645636559070667,-0.00636694811186653,-0.00664195752285647,-0.00749362051325324,-0.00799722362778649,-0.00815505533622243,-0.00839265025749658,-0.00806851468736734,-0.00817515598065443,-0.00807415825432522,-0.00816121909118065,-0.0083037899139466,-0.00842353436379782,-0.00827741789283926,-0.00820574342737732,-0.00831321803735064,-0.008695363186141,-0.00869073617470944,-0.00878152909551633,-0.00897069932126841,-0.00916182434295383,-0.00912485305668247,-0.00908336018334256,-0.00913266970791359,-0.0117195181708404,-0.00545667156745169,-0.00211640384546983,-0.00234400563563937
2588,-0.00615682250331581,-0.00651310373337926,-0.00673253864039444,-0.00666075020223354,-0.0069204711254493,-0.00773158027058085,-0.00816293886230627,-0.00835397913246991,-0.0085715274210293,-0.00828014673512127,-0.00836352048276467,-0.00823574529516382,-0.00832713217080529,-0.00848694858506384,-0.00861884485780051,-0.00843834247308603,-0.00837568141206653,-0.00848168668595615,-0.00891895913304101,-0.0088952417197821,-0.00892436721468732,-0.00915563238297824,-0.00932919531445276,-0.0093299344161203,-0.00928685640451539,-0.00938086682814439,-0.0119860095974233,-0.00566958124715793,-0.00237899096630795,-0.00257851720718882
2586,-0.00612401497097119,-0.00648412362186433,-0.00675922738257341,-0.00667419416438229,-0.00694448523657863,-0.00772395633354947,-0.00807886387682782,-0.00830505062888028,-0.00847397545923548,-0.00826054450988278,-0.00829325991138118,-0.00816916576006346,-0.0082629164702766,-0.00845531649789152,-0.00857395209190039,-0.0083740679208749,-0.0082960724342284,-0.00841685290086244,-0.00889312798472026,-0.00884052780848374,-0.0088194226599862,-0.00907863074454772,-0.00923467592687468,-0.0092795498835591,-0.00925467687780237,-0.0093770603052025,-0.011996403069749,-0.00563792997313727,-0.00239015481177813,-0.00258672701860184
2584,-0.00576892572434951,-0.00611992245430925,-0.00644813819415524,-0.00633528487568222,-0.00664579053670512,-0.00740085089418536,-0.00771250856937491,-0.00795904908521168,-0.00807325596887841,-0.00794579050339999,-0.00791950586857351,-0.0078067378211299,-0.00792329478054841,-0.00813628514284954,-0.00820856558402358,-0.00803010517707894,-0.00792634072752515,-0.00807314050262063,-0.00852779937295725,-0.00847224080840778,-0.00844718766689133,-0.00869119790471037,-0.00882906715775987,-0.00887804709670372,-0.00891888964648743,-0.0090186005618136,-0.0116138791379662,-0.00528863215431607,-0.00204419461732185,-0.00226047479564671
2582,-0.0053777537591928,-0.00573709833682125,-0.00605261060736381,-0.00593199736633373,-0.00628880227798106,-0.00704012004776234,-0.00734207334778404,-0.00758735606134006,-0.00766917775096965,-0.0076011396588249,-0.00752182576920287,-0.00740869074546041,-0.00758940032866928,-0.00779697404403863,-0.00778542812766333,-0.00769375554777948,-0.00754649028168606,-0.00772230315634638,-0.00811889809413397,-0.00808417102093205,-0.00808145947243907,-0.00828918896805583,-0.00840731366142588,-0.00842512147116507,-0.00854240883780532,-0.00857751178498858,-0.0111403248782217,-0.00488675305418442,-0.00161230275566429,-0.00185081780704058
2580,-0.00519753274200503,-0.00559579217719442,-0.00583960010258876,-0.0057244904708292,-0.00612192571431356,-0.00690975307981681,-0.00720021308456417,-0.00744313527370177,-0.00752669450492313,-0.00746888431965151,-0.00734362085062048,-0.00724503986144136,-0.00750087502137895,-0.00768728295331051,-0.00758772632591815,-0.00762005565818936,-0.00740898841321445,-0.0076015218586651,-0.0079678227382383,-0.00793114263494313,-0.00794889441133634,-0.00814899606509708,-0.00825278972708995,-0.00824009581626866,-0.00838692344432216,-0.00835177775438457,-0.0109323924867979,-0.00469860969516779,-0.00138939400116851,-0.00165952852211811
2578,-0.00522266548467899,-0.00566896413629118,-0.00583757978274353,-0.00572134892896826,-0.00616013038972895,-0.0069907226866592,-0.00725223356341101,-0.00750968244986604,-0.00762506758987426,-0.00752551978036597,-0.00736712207486205,-0.00732196641363607,-0.00761098536640438,-0.0077715893154565,-0.0076334679469307,-0.00775497198800274,-0.00749277717845928,-0.00767418269555205,-0.0080632151119898,-0.00797319135206465,-0.00802767738057653,-0.00825693664087791,-0.00835190123945143,-0.00833675124165055,-0.00844946673524122,-0.00837067286987879,-0.0110134836571506,-0.0047314112650969,-0.00140673915167737,-0.00172022722220058
2576,-0.00533127390619609,-0.00582389748684689,-0.00593372105260856,-0.00582843137428263,-0.00629525397447642,-0.00711217023066382,-0.00736161637694859,-0.00763027461397154,-0.00779978615095176,-0.00763067097152972,-0.00747538097717952,-0.00748822906144406,-0.00775420690625433,-0.00788337406616557,-0.00776995234065766,-0.0078965605476824,-0.00764548520031407,-0.00779229710286838,-0.00821646190821745,-0.00805730386065717,-0.00818160619100782,-0.00844903738018517,-0.00852459714013768,-0.00853587947120117,-0.00857791674280511,-0.00849194023461764,-0.0111762375822581,-0.00484611911193159,-0.00153622098301057,-0.00186216677611857
2574,-0.005389070835947,-0.00593072205746165,-0.0059922821321862,-0.00593187994979174,-0.00637807395447485,-0.00712893770928516,-0.00742239888286317,-0.00765907936599291,-0.00788885777716956,-0.00766422788069964,-0.00756008521850835,-0.00758152750964443,-0.00779786248951545,-0.00790263729484797,-0.00783057515131468,-0.00789542888892853,-0.0077251947888956,-0.00784056943492063,-0.00825892560690153,-0.00807374247359718,-0.00825654150939927,-0.00857068507085689,-0.00860553294179555,-0.0086488370358898,-0.00862238842717323,-0.00855409811045729,-0.0112277449173689,-0.00489951737462756,-0.0016283112495715,-0.00189912554699245
2572,-0.00522185247416514,-0.00579195810526279,-0.00584953854408181,-0.00583107494068661,-0.00620785939782551,-0.00691447988159038,-0.00729073123504495,-0.00744923362223834,-0.00771326706936436,-0.00747579960590136,-0.00743993811496855,-0.00742228300846162,-0.00759173604544894,-0.00771208861718483,-0.00764714343953402,-0.00764856627288666,-0.00756458491758351,-0.00767466894123396,-0.00804019492865769,-0.0078787853223995,-0.00806047328228549,-0.00845037893609116,-0.00844089389567099,-0.00849228451980329,-0.00842971942284209,-0.00838744135718667,-0.0110309012401946,-0.00473525953928202,-0.0014985960672591,-0.00168349404651745
2570,-0.00476373022593622,-0.00530499444991075,-0.00544112969283421,-0.00540561112691337,-0.00572178143322559,-0.00644148162866116,-0.00687842361862636,-0.00696042177127731,-0.00720715290991452,-0.00699165326558058,-0.00699585634361093,-0.00694162332967335,-0.00707263071591266,-0.00725068021472266,-0.00716688481074463,-0.00716152510916443,-0.00708351439479555,-0.00721513402399238,-0.00752293030601061,-0.00738600485191357,-0.00753500128118929,-0.0080040524867135,-0.00798043381630345,-0.00800657584454458,-0.00794856700467667,-0.00794170184882754,-0.0105654299787144,-0.00429244534230533,-0.00105537684945444,-0.00119454924718698
2568,-0.00426493125445956,-0.00473807400491174,-0.0049864114664946,-0.00488815719669701,-0.0052063949753072,-0.00594595576193036,-0.00639045988508697,-0.00644778835390519,-0.00663774656058306,-0.00644814822205129,-0.00645330090008419,-0.00639653348275561,-0.00649601684118845,-0.00671917010910502,-0.00663870771585815,-0.00669116063631302,-0.00651507115461217,-0.00668505629221963,-0.00697487247906203,-0.0068304625746522,-0.00697026534894494,-0.00745400971763938,-0.00746490530922331,-0.0074514918145981,-0.00741604584349777,-0.0074687667984345,-0.010075840212733,-0.00379521373306553,-0.000524428163801523,-0.000675112259727464
2566,-0.00411503642853612,-0.00454753395077305,-0.00483765880646514,-0.00470030395306819,-0.00506963836886036,-0.00578025323165804,-0.00621240424211392,-0.00630438369391173,-0.00643413584397653,-0.00625826871889599,-0.00623930977985531,-0.00620786551629936,-0.00628591639507309,-0.00649701821251468,-0.00645751566394167,-0.00658271806566339,-0.00627156975455655,-0.00648595762835865,-0.00680430532633578,-0.006647915000849,-0.00678742235259969,-0.00720081337958059,-0.00728252092330456,-0.00724165550153474,-0.00721247628847661,-0.00734426268471509,-0.0099328845165019,-0.0036066229988872,-0.000311336121008053,-0.000494915539545657
2564,-0.00439397328917278,-0.00483306972332105,-0.00507424975250346,-0.00494571537434413,-0.00535534443117081,-0.00600246043027466,-0.00645076831656298,-0.00660459642917694,-0.00668781572435851,-0.00652854339919961,-0.00646161393843578,-0.00646741820072118,-0.00653983111666845,-0.00671284559366051,-0.0067152216262662,-0.0068571088348179,-0.0064718434908037,-0.00671568784485517,-0.00707317616522022,-0.00695082425859222,-0.00704174950612732,-0.00736671866745972,-0.00751921603324745,-0.00747054653884817,-0.00742702667919341,-0.00761984506313143,-0.0101987061804158,-0.0037978016528505,-0.000529409593383885,-0.000748015973106191
2562,-0.0047978997176743,-0.00523720327293502,-0.00542817406290129,-0.00530835793532407,-0.0057133140624227,-0.00631560404956014,-0.00680711070991213,-0.00700912114208254,-0.00705555441872902,-0.00693434557283983,-0.00679470306690557,-0.00683352787979811,-0.00692574605192757,-0.00709054942721586,-0.00710060540769329,-0.00717663158264749,-0.00681466332193476,-0.00704772282197683,-0.00740863531383939,-0.00737954471488581,-0.00737942400056765,-0.00767299667060736,-0.00785929828895884,-0.00781313325308886,-0.00776261395618052,-0.00796911592978626,-0.0105329809773506,-0.00407290372685896,-0.000872617332532809,-0.00113826158425765
2560,-0.00500927405321357,-0.00541120885151602,-0.00561394958666907,-0.00546806004902362,-0.00583680772002824,-0.00644198293256263,-0.0069598315270923,-0.00716899994464708,-0.00719896522705026,-0.00712720561123102,-0.00692435127876609,-0.00696635429154478,-0.00711362575521287,-0.00728924646010714,-0.00727978780620996,-0.00725742330151033,-0.00696566107722196,-0.00715242801267932,-0.00746852058696243,-0.00755320436351583,-0.00748969830065706,-0.00780625639043483,-0.00798457513874767,-0.00794380220455309,-0.00790182356393387,-0.00809992879411106,-0.0106138668271712,-0.00415946780988185,-0.00101263500137509,-0.00132331083448436
2558,-0.00493179639771976,-0.00530422215734185,-0.00553329283946788,-0.00535843629520191,-0.00568713156344829,-0.00633044022781786,-0.00683667920924209,-0.00700725796343936,-0.00706554114905049,-0.00702426757153296,-0.00681683922058646,-0.00681573724164431,-0.00703964969697697,-0.00719087094742073,-0.0071641754609651,-0.00708936323092174,-0.00683936549549219,-0.00698893312331177,-0.00724804742751626,-0.00740796349243274,-0.00734207649994838,-0.00767477360445515,-0.00784259831459699,-0.00780885498955809,-0.00775558207787144,-0.00798241180308997,-0.0104293646094966,-0.00404221905973154,-0.000896688727337632,-0.00120285105783432
2556,-0.00461955539208534,-0.00501187419271613,-0.0052120997218453,-0.00504611301897109,-0.00535125472473373,-0.00602425060973634,-0.00651198527763778,-0.00661781717389538,-0.00674407593768062,-0.00669969589738097,-0.00654854588325971,-0.00647818953751938,-0.00675474132442372,-0.00684873285186233,-0.00682839356576184,-0.00676872137009869,-0.00650721905035912,-0.00666588228263871,-0.0069037854021808,-0.00706707543989347,-0.0070211417297005,-0.00732281254021459,-0.00751820029114383,-0.00749271191897113,-0.00738321806177169,-0.0076933946374515,-0.0101180913460808,-0.00381078745029114,-0.000636229579080962,-0.000868170655100926
2554,-0.0042457204887042,-0.0046719503751799,-0.00480053972016243,-0.00466862235697335,-0.00498218374081932,-0.00563146486542941,-0.00612328915475635,-0.00617331885347746,-0.00636607521620759,-0.00629831589990759,-0.00621414541452024,-0.00608788334390225,-0.00635839705142605,-0.00642242562712313,-0.00644207722897419,-0.00641054637988462,-0.006119884062997,-0.00631848202460283,-0.00658148862240672,-0.00669516191256888,-0.00665314883443638,-0.00689432113683884,-0.00713845561500492,-0.00712647024857931,-0.00695019006551571,-0.00734336200040187,-0.00980691170462926,-0.00356125925412813,-0.000372708196528854,-0.000501111118815288
2552,-0.0041183199667494,-0.00454109991503396,-0.0046167401357413,-0.00450540556527364,-0.00486019134096909,-0.00543820048266181,-0.00592499046330473,-0.00596461543814366,-0.00619552770811173,-0.00610147029486012,-0.00605242393765082,-0.00590311375325842,-0.00612812389493388,-0.00620884124395631,-0.00629580299044427,-0.00624929766118525,-0.00595488691394932,-0.00617895610871653,-0.00648591131133203,-0.00654761106196606,-0.00650212242566485,-0.00670114156035389,-0.00695331238081051,-0.00696835685121025,-0.00677386693425353,-0.00718110267992847,-0.0096893932264104,-0.0034898745764365,-0.00031056311514661,-0.000367069717724721
2550,-0.00441772202142868,-0.00481459763820102,-0.00488498300687399,-0.00477254361946591,-0.00516787541149492,-0.00569368449177886,-0.00610968767518792,-0.0062044680349076,-0.00645799703207669,-0.00634100820558159,-0.00629204622729128,-0.00614591027965384,-0.00633497911105697,-0.00643349601003901,-0.00657498204443781,-0.00648439621107772,-0.0062150023191938,-0.0064292181336027,-0.00677375591940491,-0.00681126768639347,-0.00677398840349718,-0.00698378265181365,-0.00717453269821328,-0.00722382676601991,-0.00707605753676326,-0.0074196672102948,-0.00993857592585264,-0.00376166568138529,-0.000584570552251623,-0.000638537402934291
2548,-0.0048911267265206,-0.00528214075976627,-0.00538737090260725,-0.00527476157983324,-0.00566142345873899,-0.0062038234918763,-0.00649741792924496,-0.00669298695792487,-0.0069698654186603,-0.00683860513433775,-0.00676686599251642,-0.00663681719691955,-0.00681762711812665,-0.0069127341980401,-0.00704357513341923,-0.00694012533935797,-0.00669009908935229,-0.0068766235299655,-0.00724813080492534,-0.00727479405224382,-0.00725494150626763,-0.00752646344771925,-0.00762709006236373,-0.00768875072901619,-0.00761675450983353,-0.00787103306569989,-0.0103920061073856,-0.00419275799455369,-0.000992199557646264,-0.00111931444984872
2546,-0.00507965220352327,-0.00547683682336345,-0.00564655640169074,-0.00554612951677528,-0.00586980741701903,-0.00646503209423793,-0.00668199325065483,-0.00695993256588416,-0.00725053951756385,-0.0071226584836077,-0.00701354210652064,-0.00689929680434312,-0.0070780216538074,-0.00718957012215809,-0.00724199906248831,-0.00717804157687218,-0.00690737361420371,-0.00708106316237737,-0.00746434958578095,-0.00746989999960727,-0.00746998774924493,-0.00781794093452601,-0.00785601080430556,-0.00788531084534514,-0.00788019257117415,-0.00806736297970991,-0.0106051309021331,-0.00435459870811232,-0.00111786490944912,-0.00136774082970429
2544,-0.00484599132585384,-0.00522981092697089,-0.00547083469843804,-0.00537897621710866,-0.00563910275397785,-0.00626652500350719,-0.00652294524554558,-0.00680369478917059,-0.00708699916220434,-0.00697586086764199,-0.00683145476246888,-0.00672073317693527,-0.00689033324291024,-0.00706106497771605,-0.00703136615603437,-0.00700955760156988,-0.00668270083564156,-0.00688336835293745,-0.00724635965160133,-0.00723149000278509,-0.00725212559670634,-0.00764459694627024,-0.00766333801069182,-0.00763334242535081,-0.0076723144509149,-0.00781818693893263,-0.0103566107371494,-0.00407922773603116,-0.000809871061068669,-0.0011717337842511
2542,-0.00445791055142688,-0.00482225114792366,-0.00509946387593697,-0.00498923582735433,-0.00523675993448225,-0.00588277928821678,-0.00624811338769687,-0.00646232815235863,-0.00672855189544856,-0.00662348581120825,-0.00647039982113063,-0.00635288968674901,-0.00652508020632289,-0.00674348542435887,-0.0066906818903915,-0.00665644291117294,-0.00628421560394485,-0.00655197231518192,-0.00686404249268034,-0.00685524433934719,-0.00688337595014964,-0.007262599282551,-0.00729308367460778,-0.00722405837000423,-0.0072802990249011,-0.00739118208087647,-0.00989344954533427,-0.00362955030841052,-0.000336558637655637,-0.000737620942631952
2540,-0.00420142849677272,-0.00457081359688095,-0.00484475650249037,-0.00468140247088153,-0.00495580483948387,-0.00564605671974685,-0.00607995427371256,-0.00624019067675271,-0.00648740018341814,-0.00636321622190229,-0.00623321370018707,-0.0061147053477567,-0.00631821570680633,-0.00651279016705049,-0.00649066000524674,-0.00639765168606249,-0.00603525030558586,-0.00637558956732877,-0.00664613910964557,-0.00665905801517669,-0.00666616182797284,-0.00698678725205638,-0.00705248522397964,-0.00699205078869208,-0.00703937836428851,-0.00711500860014375,-0.00958926598235626,-0.00332997627884985,-3.12441374363514E-05,-0.000390223173857725
2538,-0.00419206462400925,-0.00457025620190341,-0.00485861318735296,-0.00462862204720968,-0.00491644140540084,-0.00566114647816877,-0.0060761256110406,-0.00625635172912801,-0.00646893134476253,-0.00631690639839528,-0.00621901618482871,-0.00611214407391801,-0.00635882938724756,-0.0064799319630359,-0.00649249266284226,-0.00635485515709306,-0.00605055774702563,-0.00642152060822952,-0.00669833377557885,-0.00670951364615866,-0.00668140974462379,-0.0069392933906992,-0.00705263422657685,-0.00703076279752922,-0.00705865699619839,-0.00710447208451013,-0.0096015261389439,-0.00330447101853047,-2.49255790955376E-05,-0.000307834905205731
2536,-0.0044802068558638,-0.00482977008560094,-0.00518229267661127,-0.00491653888982728,-0.00518076725259178,-0.00594249109706766,-0.00629648892936836,-0.00654529669670906,-0.00670771132842668,-0.00654169685887852,-0.00645426294403694,-0.00636476128706823,-0.00663375051629753,-0.00670502106495985,-0.0067255491694214,-0.0065950794631082,-0.00634499429290376,-0.00669517036073968,-0.0070136126483064,-0.00699249291653607,-0.0069468905569245,-0.00717634233319894,-0.00732624158955628,-0.00733360351886479,-0.0073509507264709,-0.0073718760939713,-0.00990693047387223,-0.00357464837102034,-0.000320016088600101,-0.000535654090403962
2534,-0.00496429383728961,-0.00527141037630389,-0.0056736615027771,-0.00543128502329673,-0.0056633181385805,-0.00641449919938333,-0.00671993854714645,-0.00702242660156943,-0.00715957710909399,-0.0069880093676995,-0.00686901383262876,-0.0068088210511141,-0.00706129205491309,-0.0071456802079231,-0.00714805200661376,-0.00705335724977898,-0.00681774578289597,-0.00713491846851886,-0.00748368442988621,-0.00743643131978719,-0.00739665363827758,-0.0076361970714894,-0.00780850566206465,-0.00780991642663863,-0.00782201795790302,-0.00781876396382787,-0.0103448068484479,-0.00404363210212586,-0.000789502053739264,-0.000948248311306693
2532,-0.00524781948246964,-0.00557138193237957,-0.00592810046382659,-0.00573843393771289,-0.00596602535619556,-0.00673241060815761,-0.00700335853398374,-0.00732896661278356,-0.00749762693507974,-0.00730856274779575,-0.00711931801303662,-0.00712023481354169,-0.00731866839038599,-0.00746202748415805,-0.00742710245774032,-0.00735298225765098,-0.00711364657878582,-0.00741476413256486,-0.00776279412170242,-0.00771734693294133,-0.00768686252664005,-0.00794392766532532,-0.0081570366352953,-0.00812038416747461,-0.00811165815166463,-0.00809121491380293,-0.0105655183435725,-0.00435219774838521,-0.00107890591518343,-0.00118416696235608
2530,-0.00497716055623788,-0.0053941210104401,-0.00563542403166639,-0.00546186985410869,-0.00571780584864458,-0.0065281607166198,-0.00675898859343211,-0.007105311508854,-0.00732608112064829,-0.00711535555104422,-0.00685676609649993,-0.00693867183394453,-0.00705952594892779,-0.00727267958448627,-0.00719224411480291,-0.00711343751324134,-0.00689477278275725,-0.00717546752199748,-0.0075117291282958,-0.00747267020214282,-0.00745009003730175,-0.00770484573432035,-0.00799316580622921,-0.00791198769972182,-0.00786479428107927,-0.00784676684247239,-0.0102787150027822,-0.00413963375139517,-0.000861945361542252,-0.000942272380959822
2528,-0.00433477975967911,-0.00485446262023195,-0.00501386103392759,-0.00479483759704999,-0.00509771130080648,-0.00592947823269266,-0.00612348073461864,-0.0064898096721629,-0.00671140171150723,-0.00651243424008035,-0.00624145577416911,-0.0063666606614409,-0.00641810986464342,-0.00668108966603736,-0.00657443125181309,-0.00648892099953528,-0.00630931693984487,-0.00654743019426329,-0.00686954628841683,-0.00681944130101739,-0.00681904590278992,-0.00706026105239179,-0.00741630557464581,-0.00731164582484669,-0.00723455061083357,-0.00724237282642927,-0.00965985797678613,-0.00353794793974857,-0.000274868133639079,-0.000394355896118066
2526,-0.00388573533693345,-0.00444323262550185,-0.00460151832002895,-0.00432474023059422,-0.00468139794628468,-0.00549130930590993,-0.00568025319924715,-0.00603196036389305,-0.00618226034963717,-0.00604362352264581,-0.00583278254891348,-0.00592400765391662,-0.0059541190166466,-0.00622245336392922,-0.00613452103164343,-0.00605557086763316,-0.00587686557411431,-0.00609507108136911,-0.00637531541924171,-0.00631557982630408,-0.00635370978689423,-0.00659066834667938,-0.00695528247692516,-0.00685802580170478,-0.00677812371969549,-0.00682960647099136,-0.00924742588651989,-0.00310001170476746,0.000171033129054045,-4.47462132882884E-05
2524,-0.00393242341285939,-0.00445239666730251,-0.00464164889005371,-0.00435574928513448,-0.00475917232358894,-0.00553252305255439,-0.00575859866116476,-0.00605531512721588,-0.00611497170424883,-0.00604179425050244,-0.00591780872366349,-0.00592936011239314,-0.00599681580382181,-0.00622697333303959,-0.00619388438321825,-0.00611945471119038,-0.00587085782026664,-0.00614981297983217,-0.00635027516329559,-0.00630686065446483,-0.00638471367189642,-0.00661502668489863,-0.00693559636660254,-0.0068671735329216,-0.00679591314982033,-0.00690371473505865,-0.00934437776457753,-0.00315768887282518,0.000165199653037128,-0.000146401006727665
2522,-0.00429674742562197,-0.00474342474267826,-0.00494532296311882,-0.00469388300518383,-0.00511760495976504,-0.00585715934260746,-0.00614761302144431,-0.00639135966148034,-0.00640237324532843,-0.00633534782913733,-0.00627656962411332,-0.0062231135451727,-0.00635511555262662,-0.00653413678675377,-0.00655746361494968,-0.00646056609146733,-0.00611308839923583,-0.00650791047312163,-0.00663834972812002,-0.00661896385277701,-0.00673123665899973,-0.00692828963870975,-0.00719184358269693,-0.0071642053279442,-0.00708821859972099,-0.00725590573660928,-0.00975254827001464,-0.00352796934954051,-0.000152380236741895,-0.000502401036541257
2520,-0.0046571191068181,-0.00503865519321521,-0.00524346687510281,-0.00501445777915514,-0.00542503995635389,-0.00613273112612374,-0.00649026155409003,-0.00671596345034719,-0.00673329229119752,-0.0065963737190929,-0.00658439195770016,-0.00649965700274281,-0.00668721112571689,-0.00682420358434013,-0.00688148226277844,-0.00673462697337872,-0.00633562643435001,-0.00680248211064403,-0.00693744556835899,-0.00691080924056455,-0.00704940221704723,-0.00720934422798915,-0.00741075173030905,-0.00743309222238522,-0.00734235525238941,-0.00755046584694017,-0.0100972255126011,-0.00385208104850875,-0.000480546988421016,-0.000800744579330689
2518,-0.0047704241376472,-0.0051204342549066,-0.00533434148356094,-0.00509250008159491,-0.00547016165784851,-0.00617336124406553,-0.00657458029721967,-0.00680471171961915,-0.00685640286309997,-0.00662391851943972,-0.00666012382853603,-0.00655805293150659,-0.00678571196584979,-0.00688074078458868,-0.00694533218569574,-0.00675491377312323,-0.00638110360227058,-0.00682080975575461,-0.0070398821713355,-0.00697115792526944,-0.00710812488787901,-0.00728454191017038,-0.00741092012748624,-0.00747473750947305,-0.00738461468228335,-0.00759448456561801,-0.0101270427079783,-0.00389645568746978,-0.000594620490406379,-0.000845316441300866
2516,-0.00447460187030804,-0.0048250530122697,-0.00503228007609168,-0.00478506066271501,-0.00512159613565364,-0.00587128793454199,-0.00627732077296001,-0.00650985336740931,-0.00659518071630608,-0.00630768221142458,-0.00637377993529549,-0.00625808209443637,-0.00651517711584231,-0.00656058503531236,-0.00660927992628196,-0.00642467450534352,-0.00610637183461338,-0.00647279562163774,-0.00678908152257172,-0.00667870833654057,-0.00677245559503234,-0.0070256342256781,-0.00709806656041172,-0.007155928583025,-0.00709322070089379,-0.00727893320554201,-0.0097406752522369,-0.00354782544714953,-0.000346879875243216,-0.000523362205646265
2514,-0.00384747870763975,-0.00420870865579073,-0.00437480470945397,-0.00417654848583623,-0.00446203965685032,-0.00526406185452003,-0.00565132186903062,-0.00588246164039762,-0.0059855890822135,-0.00570456817476372,-0.00575082031473469,-0.00563392212873817,-0.00589306120106762,-0.00590335230527059,-0.00592497754064175,-0.00580560110260361,-0.00550716082413637,-0.00584001787760382,-0.00619951834787478,-0.00607308281954619,-0.00611429547111709,-0.00643648704480116,-0.00652616838396135,-0.00651093915439976,-0.00648843329861729,-0.00665423162594175,-0.00905908959548898,-0.00288409681144618,0.000225218344568292,0.000102640271329096
2512,-0.00331823201821016,-0.0036878893458663,-0.003807961337221,-0.00369370045428948,-0.0039296938953169,-0.00471646081581525,-0.00509758504381608,-0.00533003551205677,-0.00543063794568456,-0.00518909080635632,-0.0051833323212928,-0.00508209973737825,-0.00529363142734336,-0.0053054463962266,-0.00531136539620569,-0.00527532845670302,-0.00495053007520681,-0.00530498104658416,-0.00564971942757205,-0.00551961486203807,-0.00555068224139703,-0.0058786110774752,-0.0060442976323529,-0.00592613036134558,-0.0059402626890253,-0.00609146786886496,-0.00849645583619527,-0.00229613602475229,0.000768007093864003,0.000659684871266093
2510,-0.00329045482647365,-0.00367521002425184,-0.00378942119200358,-0.00372360469041793,-0.0039506762818445,-0.00465890866141609,-0.0050580862636276,-0.0052903533668026,-0.00537697994164054,-0.00517334356170049,-0.00512790252715794,-0.00505642318733264,-0.00519096430247369,-0.00522650064428852,-0.00523336754420819,-0.00524195588837387,-0.00489360046748118,-0.00527345039689992,-0.00558954648475316,-0.00544372048885634,-0.00551055515120674,-0.00580360172994945,-0.00603549823321038,-0.00585026227895298,-0.00589636906989894,-0.0060065025322717,-0.00844688500638429,-0.00220754317637022,0.000884410380514923,0.000740259135247808
2508,-0.00364860775417782,-0.0040528585094072,-0.00420768449533803,-0.004114057822055,-0.00439658920257716,-0.00503671851121263,-0.00544535863768147,-0.00567334797790729,-0.00575846149207998,-0.00558345730732445,-0.00550872111499287,-0.00548002301962538,-0.00556888601384281,-0.00562259730516633,-0.00561784939156768,-0.00562101757438585,-0.00528956180658208,-0.00566208127573787,-0.00596556598125417,-0.00579720925605549,-0.00589602350978357,-0.00616190155748742,-0.00641548345062905,-0.00622848273178859,-0.00630277439321712,-0.00633565084492083,-0.00880979996013516,-0.00256180813519221,0.000610458600385103,0.00039657877943156
2506,-0.00390786381450568,-0.00430381850584883,-0.00451701095792815,-0.00435199244037629,-0.0047175829590472,-0.00533366232897959,-0.00571119073481314,-0.00593894294333964,-0.00605737250635147,-0.00590944342378832,-0.00577357829970264,-0.00579055241470449,-0.00590055085447,-0.00596754653193196,-0.00591558004454931,-0.00590674960783505,-0.00560566808259468,-0.00595819649756987,-0.0062495689841449,-0.00609087922829786,-0.00618034114275172,-0.00642616296268139,-0.00668460767673651,-0.006539397344151,-0.00662353607067426,-0.00658384313961381,-0.0090767123718413,-0.00284951753334603,0.000386563002947086,0.000107784910491901
2504,-0.00377944154117874,-0.00412735455371316,-0.0043845879228057,-0.00416591506742214,-0.00457700984009191,-0.00519062480872221,-0.00550922400561682,-0.00574610010638944,-0.00592589401366087,-0.00579993402425996,-0.00557014014511984,-0.0056092035156324,-0.00577920866645444,-0.00586881775406613,-0.00576600310111776,-0.00577187961831235,-0.00546216514206864,-0.00582090572167319,-0.00606879920533712,-0.00598603428991688,-0.00603594360753182,-0.0062438527966178,-0.00651038894602118,-0.00641955316163892,-0.00647761408936256,-0.00641379499478748,-0.00890524400794717,-0.00268413755878109,0.000550489691398973,0.000236384005735379
2502,-0.00333205959461614,-0.00364404873392426,-0.00390445470751725,-0.0036711330713623,-0.00407072892559017,-0.00470546450561346,-0.00497618744973496,-0.00523013343931157,-0.0054565659293237,-0.00533287012321657,-0.00503673755001633,-0.00505861440492805,-0.00527561061259438,-0.00538487360045176,-0.00528620591374207,-0.00531051050871011,-0.00494953988537385,-0.00534446495796695,-0.00551963771636503,-0.00555943085641638,-0.00557176862132117,-0.00574004629502309,-0.00598995276507334,-0.00595214072778997,-0.00595853162780468,-0.00591275651044447,-0.00837883554286738,-0.00211655178064572,0.0010731480630387,0.000744883592546212
2500,-0.00274250997548278,-0.00308920172563026,-0.00330231206180343,-0.00306626005955865,-0.00343692092703343,-0.00413833564347895,-0.00439403550595776,-0.00467508268845353,-0.00488999553475465,-0.00474798273275851,-0.00445622719815337,-0.00443980117091352,-0.00467398595223968,-0.00477272177994857,-0.00474153034725618,-0.00475051520284999,-0.00434675722868112,-0.00476894495063091,-0.00489013603609284,-0.00502130100770043,-0.00502022721988247,-0.00518667414957629,-0.00537572028198762,-0.00537835403460328,-0.00534995584412851,-0.00532601603361577,-0.00775916447273341,-0.00142331347849065,0.00172821985450792,0.00139380728938627
2498,-0.0022166801596212,-0.00264605771640756,-0.00279449482563649,-0.0025428065325474,-0.0029051736514994,-0.00367365085352175,-0.00394600806475579,-0.00425797711832805,-0.00441224989801736,-0.00425064600330476,-0.00400789132185382,-0.00395943762948162,-0.00419804213959557,-0.00426065980165136,-0.00430589328262777,-0.00427992259162617,-0.00387768814590384,-0.00427837159057047,-0.00441296006516018,-0.00453563950919634,-0.00455317446427388,-0.00475149522205363,-0.00487130377079677,-0.00488787477229935,-0.00487472128968857,-0.0048627921269441,-0.00727950235483887,-0.000881619389394077,0.00225198918316166,0.00193238726280622
2496,-0.00203787629497093,-0.00251641866964161,-0.00264528637811512,-0.0023771833814255,-0.00274452694306601,-0.00349303969715778,-0.00380621681624185,-0.00412272851633912,-0.00423015762112933,-0.00406476149498376,-0.00386514760516719,-0.00379910251660815,-0.00403326738286748,-0.00407100945244649,-0.00415226298562729,-0.00412177038825695,-0.00374827194206617,-0.00407933777855327,-0.00429228055804205,-0.00432228925131882,-0.00437750859230649,-0.00459646619366415,-0.00468507413091765,-0.00469650074524685,-0.00473194449496054,-0.00474068185254181,-0.00715073829806307,-0.000737753448576335,0.00238538819227926,0.00211883395608288
2494,-0.00230190036564239,-0.00276111186167246,-0.00293636196223426,-0.00267711260096658,-0.00303731958503754,-0.00368702492734345,-0.00404509507894586,-0.0043146362240283,-0.00443899639053441,-0.0042834564318479,-0.0041021049762133,-0.00403711533263907,-0.00423755725395285,-0.00428506470284363,-0.00436177632165933,-0.00436540534213184,-0.00402345248371451,-0.00427303524614505,-0.00457724423293361,-0.00451847103454205,-0.00459438465757879,-0.00480248492465684,-0.00489463465318345,-0.00491223884073264,-0.0049792379939186,-0.00502374886481236,-0.00740603327380604,-0.00103578412440106,0.00209460344735629,0.00189569005337451
2492,-0.00264772590892339,-0.00306470057743014,-0.00329418176195181,-0.00306898830409022,-0.00341131565795137,-0.00399861921413945,-0.00436994900072279,-0.00456656277553112,-0.00474867153366106,-0.00460618700644847,-0.0044280398970883,-0.00439497619484774,-0.00453079614496191,-0.00461112317536661,-0.00466485066521986,-0.00468942075125065,-0.00439035379472102,-0.0045757780139824,-0.00494011096694684,-0.00485990495304971,-0.00491758684291458,-0.00510722953828953,-0.00520018142906328,-0.0052464693299094,-0.00530055585983949,-0.0053749345527298,-0.00770176697415724,-0.00141794841259011,0.00176161171734661,0.0015924735936211
2490,-0.00259829979502421,-0.00300114622668977,-0.00322510760080168,-0.00303131515704579,-0.00337027468032783,-0.00399113731635432,-0.00433363839319471,-0.00448649504233744,-0.00470047343179572,-0.00457158590537742,-0.00439670870331551,-0.00441429024369631,-0.00449679249406825,-0.00460912154870609,-0.00463317800110793,-0.0046249166007706,-0.00438789335893252,-0.00452742765088529,-0.00492467159366674,-0.00486938805183953,-0.00489736591021037,-0.00508318498399863,-0.00515657913999525,-0.00522459670441872,-0.00524300971069259,-0.00532572426637569,-0.00759758071527922,-0.00140938576657955,0.00185054842196187,0.0016574407028032
2488,-0.00211571616476405,-0.00253539013371522,-0.00270136962736334,-0.00251348415151773,-0.00287577596661045,-0.00355243790853495,-0.00387081387389881,-0.00402453623427001,-0.00421684632821098,-0.00410049196525727,-0.00394730753836168,-0.00398138148863692,-0.00406829714259958,-0.00419578285834577,-0.00419662454823142,-0.00412296034761233,-0.00393355546990563,-0.00404767292853579,-0.00447083097129475,-0.0044346228859442,-0.00446084471629828,-0.00465186554579642,-0.00469837741893338,-0.00475410744837304,-0.00474970523564719,-0.00483028915764214,-0.00707156573666738,-0.000947201950132662,0.00237679873990586,0.00215017442829217
2486,-0.00156010840032271,-0.00201142439658021,-0.00213017619452387,-0.00192764377736652,-0.00232094267206982,-0.0029962081061639,-0.00334752517005225,-0.00351471914424205,-0.00366773739665979,-0.00355002929284128,-0.00345054591468319,-0.00343039505573973,-0.00357613769743486,-0.00369211579868509,-0.0036992883232433,-0.00357482743251131,-0.00337899240632379,-0.00351047931804955,-0.00394391417493749,-0.00391396995312034,-0.00395460622243433,-0.00414963924979923,-0.0041781706462174,-0.0042063170086687,-0.00419744364461191,-0.00428260654284468,-0.00652065028844062,-0.000405369730312453,0.00293033764283493,0.00271095430358919
2484,-0.00122640988403628,-0.00171710169324757,-0.00183211378953628,-0.00161852591861367,-0.00201966398158382,-0.00266574900347164,-0.0030837788475344,-0.00326043683105308,-0.00339826138539479,-0.00325082196913956,-0.00321999831428931,-0.00311870234458291,-0.00332185000574807,-0.00340400715440389,-0.00344884852656154,-0.00330443326556998,-0.00306212730345057,-0.00325815712460801,-0.00366538856777618,-0.0036571647513538,-0.00368358196122731,-0.00388489792598417,-0.00390597324856065,-0.00392785520797306,-0.00391530035623639,-0.00401131447553801,-0.00627808973285144,-0.000128052108921765,0.00317320663858357,0.00300240612183943
2482,-0.00120894595566034,-0.00172893037719422,-0.00185892850190561,-0.00165649790785218,-0.0020309358874011,-0.00268606973638817,-0.00312364084077618,-0.00332432195658534,-0.00347124651631426,-0.00327088638248232,-0.0032803608715636,-0.00315818224474569,-0.00336245542354032,-0.00341619906167275,-0.00349260796542401,-0.00334914556762513,-0.00306855337366288,-0.00332876173380984,-0.00368952371189791,-0.003718825248302,-0.00370395002560043,-0.00391586191032973,-0.00393379211022174,-0.00396523783040958,-0.003947659192415,-0.00405209779982489,-0.0063868619587127,-0.000185206004872187,0.00306854379094701,0.00295024425913336
2480,-0.00153459242026531,-0.00203846598119288,-0.00217390868114661,-0.00200191176984564,-0.00233403400754714,-0.00302748705035015,-0.00340421284953776,-0.00364453501884941,-0.00380789846193187,-0.00355518520511574,-0.00355205923934011,-0.00350057359213504,-0.00364200652325554,-0.00370363202465036,-0.00376704798912628,-0.0036464479734633,-0.00334910293060611,-0.00361720650235859,-0.00395804830257655,-0.00400461661681221,-0.00397823181906838,-0.00419525714684651,-0.00421224077070474,-0.00422654394938047,-0.00422157589728067,-0.00433126289970538,-0.00675348867657549,-0.000500045835027229,0.00272646734212959,0.00263641574539103
2478,-0.00204339174128574,-0.00247717652119422,-0.00261296602576643,-0.00247175473935496,-0.00277725201551931,-0.00348289196279555,-0.0037755961508289,-0.00403446658130854,-0.00422388447320836,-0.00393966386093197,-0.00388788913651421,-0.00394249795850204,-0.00399674871528912,-0.00410197125302932,-0.00411187583136033,-0.00404404705484163,-0.00372468159538247,-0.00395097708076639,-0.00431407839934141,-0.00433851961606126,-0.0043612010373375,-0.00456747712415163,-0.00459393695979315,-0.00455011721723985,-0.00458110266865135,-0.00469604617688225,-0.00718203521959563,-0.000883190640103976,0.0023518755389515,0.00226248408433368
2476,-0.00230020594003916,-0.00265349678508917,-0.00279682717556383,-0.00267190866749743,-0.00298121553891096,-0.00365755006210167,-0.00391437140966885,-0.00415079638006687,-0.00438380132455372,-0.00409162919346737,-0.003987963301053,-0.00410200088876971,-0.00409889003531656,-0.00425144983383356,-0.00420543783768084,-0.00420192688235982,-0.00384898434096155,-0.00404040909007742,-0.00443525322184837,-0.00441997026928104,-0.00451245372433723,-0.00468968691235899,-0.00474780967355835,-0.00464798098650214,-0.00470967589864351,-0.00483006094756818,-0.00733642564957062,-0.00100953161473903,0.00225694415388588,0.00214555922958059
2474,-0.0020375211265948,-0.00235155027479328,-0.00250485848430613,-0.00238196947671651,-0.00271465132721744,-0.00334439110476409,-0.00361807731988865,-0.0038219054005644,-0.00409815120048814,-0.00381408971683013,-0.00367528450025645,-0.00376400737939582,-0.0037654560169969,-0.00394051195237418,-0.0038703153711989,-0.00390171278047402,-0.00353717502871485,-0.00372530798413763,-0.00413537880393512,-0.00408963522454373,-0.00421635322176277,-0.00435642577734865,-0.00446028705847984,-0.00435790520852746,-0.00440836890991111,-0.00453917613819061,-0.00704304102897861,-0.00071587606306411,0.00257687396738273,0.00242525868579124
2472,-0.00157836783861253,-0.00190186063118211,-0.00206013581972315,-0.00193157354758706,-0.00228725121192455,-0.00287055549329686,-0.00317052348326582,-0.00336846696150525,-0.00365288921500884,-0.00338852659821341,-0.00323795503507726,-0.00323925960671961,-0.0032984197121267,-0.00346391835250299,-0.00341131238305872,-0.00343051684250985,-0.0030993002847716,-0.00328348746124874,-0.00370277157721275,-0.00364160704791764,-0.0037535433572376,-0.00387734040015198,-0.00400421135531302,-0.00395599394546196,-0.00394989633583224,-0.00410543555598494,-0.00660764212635207,-0.000300351190982703,0.0030033321750326,0.00280216410820176
2470,-0.00147308336855915,-0.00182169604115479,-0.00198542373441885,-0.0018467004190374,-0.00220832520979659,-0.0027624241300949,-0.00307076593094915,-0.00328963561504723,-0.00353304976578528,-0.00330023560476246,-0.00315827512196165,-0.00307033075339395,-0.00319805044248789,-0.00332606251091566,-0.00331783074091156,-0.00330599795918152,-0.00303188706663466,-0.00318862556148596,-0.00361261897931434,-0.0035560466131569,-0.00362168080964489,-0.00378269728824697,-0.00388001502640226,-0.00390205748483618,-0.00383364029665245,-0.00401820377401631,-0.00651976228197226,-0.00023234093169681,0.00307965147718365,0.00283454434128398
2468,-0.00182653253020715,-0.00218026945538166,-0.00235472118125915,-0.00220722088992515,-0.0025430331884407,-0.00311421996092325,-0.00341567054015674,-0.00366690210427242,-0.00384216463499733,-0.00365050223294039,-0.00352080357000084,-0.00339707175125063,-0.00356009625182525,-0.00363561259476986,-0.00366492624921379,-0.00364378359596757,-0.00341638013546011,-0.00355206622950892,-0.00393812807653396,-0.00392332266439212,-0.00392889652161597,-0.00417562054126575,-0.0042092816642215,-0.00427703739420716,-0.00418891425949031,-0.00437043820073138,-0.00686712231700813,-0.000590297318166562,0.00273054823421096,0.00246170781837847
2466,-0.00230300016964973,-0.00263003339948864,-0.00281094559806253,-0.00266904450892956,-0.00294321994459636,-0.00357284412639468,-0.00385843055769886,-0.00414848694013723,-0.00426931830279805,-0.00411722602303992,-0.00398577985580278,-0.00388758384856678,-0.00403809550941907,-0.00407661605559109,-0.00411010560472354,-0.00410707616417015,-0.00390561477107736,-0.00406018539438578,-0.00434531029402928,-0.0044078265553365,-0.00436250877599058,-0.00468953359559715,-0.00467466789511304,-0.00474923273716,-0.00469755041198248,-0.00482123809663857,-0.0073146013223715,-0.00104654354539998,0.00226635839798237,0.00200147370235033
2464,-0.00261520038237877,-0.00290112968891817,-0.00307226575003903,-0.00295532635258807,-0.00315760445176244,-0.00382314292920885,-0.00408968675663126,-0.0044115085594459,-0.00452319641062307,-0.00438939989009336,-0.00424708374875831,-0.00419576646621592,-0.0043041782810603,-0.00435278403850043,-0.00436937607454248,-0.00438058475900327,-0.00418658392592864,-0.00438302720610574,-0.00456088465058215,-0.00469305416538767,-0.00463761400209312,-0.00498697538361977,-0.00496336558414138,-0.00501455605344448,-0.0050249177742002,-0.00506624933852647,-0.00756234190620254,-0.00130404681477418,0.00197682670464919,0.00174220986477107
2462,-0.00265456974245719,-0.00292052505006717,-0.00306466748091858,-0.00297700008195514,-0.00314107935886387,-0.00376963631735753,-0.00403088575908559,-0.00435155482898868,-0.00449588677252729,-0.00434233006400401,-0.00420013966768009,-0.00418005561725253,-0.00424740185910829,-0.00434779993144292,-0.00436468454793697,-0.00435867856401064,-0.00414913586996117,-0.00437230647228672,-0.00452068688221447,-0.00466263241984274,-0.00464514704370381,-0.00496053121568275,-0.00495305063084379,-0.00497482574803156,-0.00502741338267216,-0.00502165587740401,-0.00752326754884463,-0.00126289825416585,0.00197982112315133,0.00179166293878088
2460,-0.00234613201786557,-0.00263339406725557,-0.00274270746678061,-0.00267018839177083,-0.00284493369441762,-0.00340150520751009,-0.00368593097887071,-0.00397634884844879,-0.00415017660339872,-0.00394570277127579,-0.00381956243029408,-0.00381432383685243,-0.00386778585045545,-0.00401397958305523,-0.00405763422027856,-0.00401322498979716,-0.0037664028117941,-0.00399744040344097,-0.00420575820296974,-0.00428954474307841,-0.00431897157492752,-0.00459104700099607,-0.00460163014199142,-0.00461868780110732,-0.00467200939686722,-0.00467597396474505,-0.00718928830623801,-0.000905131290542374,0.00230836109914408,0.00216699137441536
2458,-0.00178832792798576,-0.00211575460155918,-0.00220155875939951,-0.00213015355018012,-0.00233421801407065,-0.00286222868822011,-0.00318928450666699,-0.00345981830789841,-0.00361402974959906,-0.0033639384503159,-0.00325688377492464,-0.00325626799697546,-0.00333653274999314,-0.00347992401531773,-0.0035409681663841,-0.00347286729360033,-0.00318753948169743,-0.00342604794141132,-0.00372044706741083,-0.00371964884859789,-0.00375708618707254,-0.00401878873774739,-0.00403637793935174,-0.00408711774943523,-0.00411340570019213,-0.00414453268502016,-0.0066884419174519,-0.000365915079089429,0.00282353990019075,0.00271198690479279
2456,-0.0013958684744404,-0.00174150169451609,-0.00184207592882334,-0.0017629470814537,-0.00198699858736385,-0.00254525742019299,-0.00291319931227736,-0.00318669300834683,-0.00328343189821248,-0.00302924145288816,-0.00294015013413478,-0.00291576306673801,-0.00305451227402613,-0.00315235062744137,-0.00319555476264163,-0.00313639105548188,-0.00283525718069342,-0.00307496697445305,-0.00343355933250761,-0.00336736643243877,-0.00336786428229607,-0.00366123023810868,-0.00366408428589806,-0.00376397204231262,-0.00376356532723632,-0.00379097556633349,-0.00638638193418995,-2.59176816166769E-05,0.00315091304880711,0.00303524461036534
2454,-0.00148918006168748,-0.00182186717214332,-0.00198590014553238,-0.0018801520067861,-0.00212619843510694,-0.00271794654359916,-0.00311732081562539,-0.00337645701791091,-0.00344104641813044,-0.00322331877013423,-0.00315855960841084,-0.00307152917594809,-0.0032629664406055,-0.00331641538047416,-0.0033323004685124,-0.00329276464431883,-0.0030058395049459,-0.00322015147955252,-0.00362653426475609,-0.00352757238063037,-0.00348237099799547,-0.00382433883873549,-0.00379363507143188,-0.00391498065372438,-0.00390657322571656,-0.00389635137762614,-0.00654541567975042,-0.000160395462712066,0.00304097652045603,0.00288056026046026
2452,-0.00181713864967951,-0.00213246136782947,-0.00237521620291236,-0.00222016173335978,-0.00250156492952172,-0.00309169818651618,-0.00351503987501121,-0.00371950243497418,-0.00381397739988153,-0.00363744004988644,-0.00359709900428447,-0.00344603211717618,-0.00364298085774029,-0.00368966841511735,-0.00370375315686297,-0.00366208131041046,-0.00341076904391373,-0.00358824894034881,-0.00403046601733441,-0.00391773499206548,-0.00385875562064131,-0.00421570396307071,-0.004171377889567,-0.00426409470246687,-0.00426773235623703,-0.00422074315753462,-0.00690140561559957,-0.000517024199364262,0.00274748136055035,0.00252222596724771
2450,-0.00184350768420522,-0.00215679757628526,-0.00243798127037391,-0.00224532954337815,-0.00254094421852329,-0.00312183675167832,-0.00355380149617254,-0.00370753348309301,-0.00385584506909803,-0.0036970361679965,-0.00366028215323297,-0.0034936620096352,-0.00364947112313196,-0.0037267690648356,-0.00375058794671591,-0.00368364852518974,-0.00347389123753573,-0.00364876053452158,-0.00408231390337653,-0.00396298886566526,-0.00393538829261083,-0.00423620424240385,-0.00424318219275088,-0.00427317771941998,-0.00429582075760071,-0.00424203914123464,-0.00691598872342594,-0.000562261557160566,0.00276187543992698,0.00249005806924488
2448,-0.00139407625520904,-0.00171499531540687,-0.00197558473819323,-0.00180016108964981,-0.00205054841267563,-0.00265590973531407,-0.00307296990621562,-0.00322751308837759,-0.00339467274591083,-0.00323410255001197,-0.00317722849794667,-0.00303858526759681,-0.00315808139896609,-0.00327614606781298,-0.00328165739596472,-0.00319167262751379,-0.00301318557246501,-0.00323014034280503,-0.00359006985347891,-0.00347860642455844,-0.00350577268076783,-0.00370957532657691,-0.00381796951154579,-0.00378196680334963,-0.00381006419020032,-0.0037848135031355,-0.00640651789305032,-9.60003027150886E-05,0.00324859922345643,0.00296434001359896
2446,-0.000710807191874355,-0.00104558473004738,-0.00126192635657734,-0.00114345037648443,-0.00131810818508336,-0.00197524504126885,-0.00236996905625445,-0.00255225608654953,-0.00269995632654127,-0.00253328325364204,-0.00245538266600359,-0.00233639539754363,-0.00247571305062196,-0.0026186625766947,-0.00257669437312071,-0.00248178170865017,-0.00231672581525287,-0.00257381215807877,-0.00283421096379017,-0.00275679475261601,-0.00282050034178257,-0.00297383845958124,-0.00315888705482993,-0.00307354485101374,-0.00308221906721236,-0.00310905796949999,-0.00564421382024967,0.000641907629895433,0.00397764726311422,0.00369122844141923
2444,-5.04667257965911E-05,-0.000417776612960339,-0.000605177514001481,-0.000515274658161108,-0.000655015941846526,-0.0013484265225654,-0.00174287377361001,-0.00192048962116063,-0.00205410028657541,-0.00188017190147635,-0.00179451558417206,-0.0016606838443961,-0.00186923933975175,-0.00201533879984979,-0.00193510013939791,-0.00184593131861061,-0.00168633762595624,-0.00193893648175567,-0.00213629425189203,-0.00210578237385558,-0.00216303807832967,-0.00236000502016676,-0.00254630902040378,-0.00243983061956404,-0.00241792461051871,-0.00249162549603539,-0.00494277520015189,0.00134301259716579,0.00466513492440059,0.00436265471159169
2442,0.000410028553352672,-8.43031292955296E-06,-0.000180458454456847,-5.91539095502818E-05,-0.000224742071382044,-0.000912333472658847,-0.00133395766001052,-0.00146677491103305,-0.00161347544999214,-0.00143342887874908,-0.00134014155212126,-0.00118496426668494,-0.00145345270105247,-0.00159045716407308,-0.00150364536832779,-0.0014219120354594,-0.00127187610574575,-0.00149088166344685,-0.00168474631019853,-0.00167352123416356,-0.00170080394299552,-0.00198200930161327,-0.00212198004344697,-0.00203243363187987,-0.00199438361563669,-0.00207223298541155,-0.004480686855674,0.00179499178736081,0.00510012201644527,0.00478638709242411
2440,0.000477465169642203,1.43114939093373E-05,-0.000136621476027348,3.06017153497856E-05,-0.000174582338039443,-0.000824472867091698,-0.00127604683030905,-0.00136648646225987,-0.00153219312628506,-0.00136404996386346,-0.0012483981562742,-0.00109940272978453,-0.00137057135015697,-0.00149078755391677,-0.00142025192346751,-0.00134957676386458,-0.00120178476741876,-0.00140459709316066,-0.0016365862742744,-0.00158911518346334,-0.00160427627544665,-0.0019244588025036,-0.00202807613104748,-0.0019905200372056,-0.00195173656595442,-0.00198350177255801,-0.00439563883762276,0.00183424450544924,0.00511740227263678,0.00483439545516076
2438,0.000196669473224217,-0.000287533731796743,-0.000413809472238563,-0.000239750677115163,-0.000463641600347304,-0.00106284387592856,-0.0015259944978297,-0.00160665757557758,-0.00177454005988019,-0.00164563308285286,-0.00149892554909495,-0.0013815478143117,-0.00160628132480114,-0.00169446741410731,-0.00165813962233832,-0.00159831509676448,-0.00142165721819746,-0.00164412732538999,-0.00192894943847437,-0.00181217322945171,-0.00184624745282114,-0.00214258151602832,-0.00224188324718357,-0.00226233132990049,-0.0022092536092175,-0.00219313591034806,-0.00462511114818403,0.00154681471499334,0.00482183793335369,0.00460690759293314
2436,5.37294476160934E-05,-0.000438793928957113,-0.000548062365173208,-0.000401340133830284,-0.000638503472631858,-0.0011747916367435,-0.00163194024809823,-0.00173893025324929,-0.00189430142861191,-0.00180553691817045,-0.0016331466157149,-0.00154838683417801,-0.00172476737107115,-0.00176511844502528,-0.00178526200820333,-0.00172100356095388,-0.00148847066932991,-0.0017466738852481,-0.00207123521307097,-0.00190742103781463,-0.0019663688087237,-0.00222156615030326,-0.00233578512182533,-0.00238497893701445,-0.00228958536355846,-0.00228296243336727,-0.00471941154409609,0.00142739949115223,0.00471479828832089,0.00455807775206422
2434,0.00049181039556183,-6.3387306279406E-06,-9.6434117201749E-05,2.06576716507292E-05,-0.00023526359929158,-0.000694914620000842,-0.00113422247037567,-0.00130265416007442,-0.00144078242935367,-0.00135389507033491,-0.00116850497832138,-0.00109868945887156,-0.00126136268301499,-0.00125979745465869,-0.0013373780419702,-0.0012533708481806,-0.00097341634458908,-0.0012586282094361,-0.00158612875797608,-0.00142572938678588,-0.00149396112840816,-0.00172183048253512,-0.00185223998824808,-0.00189708042545603,-0.00176236787398705,-0.00181775036718949,-0.00423578628072466,0.00192782796943253,0.00521999850428577,0.00508112277823355
2432,0.00133448300203667,0.00084994884449312,0.000795401431347875,0.000883837391154899,0.000629026732981998,0.000234124620114683,-0.000175192349489552,-0.000420636955376314,-0.000539982020816887,-0.000416959820397287,-0.000236927243936089,-0.000158222235384231,-0.000339428533723626,-0.000328531261685986,-0.000420974122606228,-0.000329165064909653,-3.33207523251787E-05,-0.000323974367726767,-0.000626994962583189,-0.000494716396419119,-0.000565528522789198,-0.000775568018693631,-0.000907196286524065,-0.00094216461575666,-0.000810058609439882,-0.000914385148375535,-0.00330370482319645,0.00288938769624408,0.00616150074828897,0.00601218804527267
2430,0.00204317482926154,0.00160755911342145,0.00158569003232573,0.00164307466399009,0.001417033289491,0.00103812756636943,0.000661141064161263,0.000377402549901554,0.000274535502896045,0.000426378259427532,0.000581529552326159,0.00068541637702721,0.000485451067792268,0.000467353105074093,0.000413369758469055,0.000480683257952353,0.000773833169991379,0.00050637801007001,0.000209252497025402,0.000329882517880955,0.000247136318622726,4.50879373442261E-05,-6.35547801469613E-05,-0.000101444371368514,-3.39433493210404E-06,-0.000101695894884274,-0.00247161101843465,0.00374279868722985,0.00699723969816847,0.00682971495192079
2428,0.00239874783979751,0.00202769077309452,0.00199795772659112,0.00205422748126614,0.00183835416554089,0.00143147931613698,0.00106495005690002,0.000815929609054446,0.000722256806873645,0.00086203281921523,0.00098806826530996,0.00111301830968022,0.000925498151162337,0.000854111742475897,0.000849569947908245,0.000879374741494104,0.00117183795089669,0.000953771547133614,0.000617730814704311,0.00075049802216562,0.000648609331751464,0.000434167787437095,0.000354645822761396,0.000314534391314159,0.000396619253579244,0.000329848539629778,-0.00204563637041746,0.00418977863478309,0.00745251731522859,0.00726460345897608
2426,0.00258728684211806,0.00225726383161224,0.00217747673948402,0.00229377292233366,0.00202994725335861,0.00160196601919407,0.0012137430492376,0.00103005612416396,0.000941599969036474,0.00104777010351869,0.00116026440542257,0.00128703444448187,0.00114811583087281,0.00101396124153936,0.00102828903075196,0.00104390850705616,0.00133552094233503,0.0011714754668415,0.000787593439430981,0.000930009218744868,0.000811584659753549,0.000577164896834379,0.000496638043006775,0.00047553730744383,0.000577245021789913,0.000519333231182524,-0.001883258695173,0.00438024164873848,0.00765423766273861,0.00745210728447968
2424,0.00282791328343316,0.00250041913328231,0.0023729280264909,0.00257709651675966,0.00223665208033816,0.00182376658278948,0.00140460075786736,0.00124504518442629,0.00116403878011615,0.00125718355880949,0.00136897838890928,0.00148308694145062,0.0014050380490113,0.00121338881174193,0.00122226217579535,0.00125323301229112,0.00153016100447766,0.00139804419166101,0.00101017173873418,0.00113889969450943,0.00100790050405808,0.000775455314655404,0.000656227568579184,0.000672831827706032,0.000787045638678778,0.000713352433464269,-0.00171096398365796,0.00457135966024832,0.00783836484097394,0.00764297593937232
2422,0.00331118441961029,0.00296660194680003,0.00283157054043726,0.0030826699476683,0.00269425617338448,0.00229957933563686,0.00187420843786697,0.00168704465798019,0.00161103566024368,0.00172158313011558,0.00182847952773851,0.00192246015206444,0.00188531138352597,0.00166798223809721,0.0016761612671857,0.00172483151507333,0.00197152786133261,0.00184413220371934,0.00149755691132814,0.00159661639497109,0.00145529968937275,0.00125185779996903,0.00108946332346413,0.00114437452651602,0.00121826901278833,0.00113354957885431,-0.00128334247240397,0.00498925051294129,0.00826140609040558,0.00808443578692369
2420,0.00427398505596806,0.00391858425739653,0.00380580641278011,0.0040460531628868,0.00364678693909632,0.00323057545128193,0.00283351827266102,0.00261577248889979,0.00253538799528022,0.00266503977933797,0.002766367998859,0.00282246816516748,0.00279068937397395,0.00260067400155916,0.00262150137809918,0.00266919414538012,0.00287870003642295,0.0027466192643855,0.00244539461292857,0.00252257875151774,0.00237296666187545,0.0022069527276664,0.0020201064486527,0.00210453659253399,0.00210363207488952,0.00201841259427799,-0.000374140674910686,0.00586891313327243,0.00918854164584539,0.0090047742672769
2418,0.00567846774418584,0.00532995774511912,0.0052325361986018,0.00544763238412145,0.0050412542682401,0.0045735210343496,0.00422368355389758,0.00399976395481107,0.00391350608180896,0.00403802442015735,0.00415540864534869,0.00415051867824067,0.00409824288996563,0.00396818216753028,0.00400770415553377,0.00404133469561198,0.00421769013007906,0.00408418422914431,0.00381055936632412,0.00389006844435441,0.00372890870939791,0.00359878744345085,0.00339051027163893,0.00349434061813794,0.0034528932559089,0.00335621668190531,0.000968168699679641,0.00719335849944733,0.010566127507404,0.0103344638393388
2416,0.0069750907792717,0.00664962354895046,0.00654138886816402,0.00674432974189351,0.00632385109540012,0.0058116916847026,0.00551126426704267,0.00528812188698928,0.00520650286993254,0.00530693921774408,0.00546083129074308,0.00540429861284821,0.00532575801995755,0.00523388159527856,0.00529848102917254,0.00531603127796501,0.00548454047075833,0.00534440703071412,0.00509181061361366,0.00519347171649609,0.00501236602847327,0.00491120603495705,0.0046755686139509,0.00477836536851273,0.00477321037968806,0.00464832914117726,0.0022323352326408,0.00846915623936047,0.0118442183248857,0.0115551803542589
2414,0.00759188919447386,0.00729746407241078,0.00715955121287407,0.00734491218363971,0.00692572638144402,0.00638229587478184,0.00612571404599318,0.0058998296807174,0.00582593047449415,0.00590843928990817,0.00608505088767546,0.00603323024587823,0.00593465266200834,0.00582666529978562,0.00592197049750314,0.00592182614712183,0.00613206221267167,0.00596952700020215,0.0057339209428627,0.00585554856843263,0.00565727591125337,0.00555489614304969,0.00531908283677019,0.00538864872227988,0.00546529798102277,0.00532018459659529,0.00287489418541258,0.00913548390564226,0.0124736694629096,0.0121573178785467
2412,0.00754650562398816,0.00727788555885525,0.0071071169996081,0.0072606270585667,0.00686470398320226,0.00629026367119352,0.00606393756824786,0.00584642017843555,0.00576479051059301,0.00585565937212486,0.00601899705023248,0.00603068683732817,0.00591775041169155,0.00576091720522161,0.00587442497215955,0.00585893143574611,0.00615237530510422,0.00596020952062785,0.00571981883850942,0.00583804872154384,0.005646354261153,0.00549728151120124,0.00531548935347073,0.00533417929181693,0.00546120762651505,0.00533081472216207,0.00289369634824481,0.00915618777265699,0.0124759093080605,0.0121650951717503
2410,0.00724545594378696,0.00698482871001855,0.00679179373167478,0.00692853724496808,0.00655168544032659,0.00596346469768669,0.0057419328440025,0.00554459091727111,0.00544190365483165,0.00556820302890849,0.00570000848296289,0.00578457602267811,0.00565718545250093,0.00546187433079092,0.00556429796999093,0.00555377491894173,0.00592024229352522,0.00571147301887196,0.00543972248197053,0.00553449177899752,0.00537357137556236,0.00516633306680896,0.00505773500672942,0.0050480947667958,0.00514325039379508,0.00506677253439473,0.0026771887995586,0.00890960590958124,0.0122368636281053,0.0119432560698763
2408,0.00689244865590971,0.00662125128427904,0.00642840123785976,0.00657855454770603,0.00620002419162923,0.00564255231629708,0.00539616122457065,0.00521000715029961,0.00509632340484519,0.0052643405251769,0.00537567327988126,0.00549520094647059,0.00535262982179334,0.00514799915349602,0.00522010949481753,0.00524554688011038,0.00562676551624254,0.00542215029283758,0.00511379164478871,0.00519341317346139,0.00506261128846164,0.00483655685346989,0.00476065214523318,0.00476925191845181,0.0047716626008393,0.00476860227590057,0.0024314044183692,0.00863031115305211,0.0119436735217874,0.0116688513049777
2406,0.00645153940591173,0.00616592427814687,0.0059982064507843,0.00615858928662519,0.00577816671381959,0.005272149607762,0.00498578025242543,0.00480014784708205,0.0046946898384811,0.0048816077121656,0.00499275366842188,0.00510221187650358,0.00495140012818619,0.00476109225844939,0.00480676426986662,0.0048802130668927,0.00522448935349693,0.00502988619499844,0.00470106957803144,0.00479624817923417,0.00467630089327948,0.00446885290296509,0.00437819285400001,0.00442999478816976,0.00435193542196356,0.00440608546180954,0.0020917138691168,0.00828952799443008,0.01155234583454,0.0112962039332742
2404,0.00592995880193128,0.00564135061928991,0.00550894443213719,0.0056465548669939,0.00529305440866587,0.00479921995349667,0.00448349585787208,0.00431086476034563,0.00421204341303066,0.00438498573554375,0.00451415212905442,0.00458638204806143,0.00444213763120363,0.00428510731877675,0.00431285062215297,0.00441424673155796,0.00471823381811288,0.00451669308936172,0.00418761542157007,0.0043177759055252,0.00419669908944049,0.00399827098482325,0.00389101686526193,0.00396813874985898,0.00387962682143366,0.00394192777227064,0.00161191484854149,0.00784313509820874,0.0110620799304829,0.010814390147817
2402,0.00527515337775212,0.0049893654566994,0.00488126585036994,0.00498939303359172,0.00468951729931381,0.00415550864437171,0.00383475752322549,0.00369186451922241,0.00357407866625104,0.00372243456441501,0.00388674803122083,0.00391495065429344,0.00378923227228788,0.00367984002765617,0.00368683086954121,0.00378775563904442,0.00408099909777757,0.00384905816448294,0.00353562888102544,0.00368759988720875,0.00356994264519729,0.00335473905345545,0.0032565374709167,0.00332410054069539,0.00328949728506239,0.00331043803821062,0.000938298514488354,0.00720913901765695,0.0104235093881226,0.0101685753729315
2400,0.00423026651593424,0.0039280270372157,0.00382517778984352,0.00394398165730153,0.0036913719270491,0.00311374347686817,0.00280044124423552,0.00268155531972497,0.00251862009911538,0.00266166629550928,0.00286462347423547,0.00286493070963228,0.0027564332779442,0.0026877760417858,0.00267185536070262,0.00276291744294112,0.00306851080422725,0.00280192875623706,0.00250995822727313,0.00265398930832524,0.002551313716007,0.00232709651850535,0.00224176835443178,0.00228453061821417,0.00231735862167681,0.00228295866209426,-0.000137928475592679,0.00615916223397993,0.00939304680792176,0.00913126253700025
2398,0.00272492759549763,0.00237461718108868,0.00226665028665049,0.00243648663415815,0.00219366197558576,0.00160371658615596,0.00128830813759478,0.00117994485409824,0.000965577493487625,0.00112377360876431,0.00134290884808815,0.00134879224631213,0.00124681227771006,0.00118614252119617,0.0011615100220963,0.00124638978959284,0.00156775571665443,0.00129023972296668,0.00100428830462793,0.00112491282902071,0.001049421979488,0.000844618824182556,0.000746355680181849,0.0007749536836017,0.000848764042979776,0.000779885408600504,-0.00167399045456319,0.00464035537048581,0.00789691626716366,0.00764642471120011
2396,0.00121494475643197,0.000811145286164272,0.000697874917128517,0.000915254775165275,0.000644553642362356,4.97470166040073E-05,-0.000280174002673736,-0.000374560422658836,-0.000622162279446638,-0.00045556471623573,-0.000248606809275553,-0.000214847158305478,-0.000316032138874193,-0.00039887604225455,-0.000410408643942428,-0.000337464238726919,-6.36113462859146E-06,-0.00026355363519325,-0.00057279610279207,-0.000466308349501371,-0.000506000026457017,-0.000689228835261903,-0.000821121110719562,-0.000791826639828352,-0.000704253147658553,-0.000782489322716199,-0.00323616272613953,0.00308969655411397,0.00637404290934997,0.00614430416408883
2394,0.000235895351282082,-0.000185662181508947,-0.000305522692871892,-7.3455356224277E-05,-0.000377217365422551,-0.00100490024689709,-0.00134066129530356,-0.00141655008467168,-0.00166251804543393,-0.00151173440875966,-0.00131877949663197,-0.00126839305960917,-0.00136626012596177,-0.00146798783746188,-0.00145693899866962,-0.00140907527901015,-0.00107808962579986,-0.00130364826832663,-0.00164721798064112,-0.001535549604404,-0.00154786071055747,-0.00173693385121746,-0.00189152418475982,-0.00185974097223513,-0.00176691558885669,-0.00184142790685705,-0.00426478487769708,0.00205276856616676,0.00536798511403188,0.005145774367853
2392,-0.000202207516246432,-0.000600710210461205,-0.000734948515643381,-0.00051178457858864,-0.000816277464924501,-0.00149656976234508,-0.00181529689096365,-0.00189523959030583,-0.00210734266521315,-0.00198109450632217,-0.00178167084338853,-0.00174049942991873,-0.00183788315562459,-0.00192918109506143,-0.00190359624945798,-0.00187579089723157,-0.00155732181132208,-0.00176095632944396,-0.00211910447512565,-0.00199108250585713,-0.00200638907093789,-0.00222208199421305,-0.00236518443252454,-0.00233700392280455,-0.0022389295853269,-0.00230128140566293,-0.00469144469760228,0.00159027384658905,0.00491934917260003,0.00468798657445497
2390,-0.000462710813747691,-0.000835826368690949,-0.000989727687564381,-0.000779161002023624,-0.00104205120920438,-0.00175824188382471,-0.00205373661616946,-0.00217217088471054,-0.00234223378737169,-0.00222197056526663,-0.00200747631800042,-0.00197803457609273,-0.00208931194819843,-0.00215079744486439,-0.00212778816271901,-0.00209011867334561,-0.00178479125910044,-0.00197633537401875,-0.00232917542765978,-0.00218900281763265,-0.00223625267470719,-0.00247432120864694,-0.00257914331338152,-0.00255215703706341,-0.00245356434449536,-0.00250303016544051,-0.00488270534769901,0.00135902190612896,0.00467696741478882,0.00443600433802862
2388,-0.000778031960325081,-0.00115600717686996,-0.00132150997722598,-0.00111976448175633,-0.00132130682711093,-0.00203889354173901,-0.00233392949831314,-0.002497697013847,-0.00264192810025411,-0.00250189311785331,-0.00228568124518814,-0.0022421240467897,-0.00237534413987577,-0.00241804494158956,-0.00241317544481208,-0.00233889945303715,-0.00201722570440725,-0.00219916164036466,-0.00255580973031822,-0.0024202429195984,-0.00249922192965467,-0.0027407819872325,-0.00281222610099257,-0.00276865793883633,-0.00267738485868497,-0.00273834223737161,-0.00512347229658517,0.00110976073300091,0.00441056577713233,0.00416654814982506
2386,-0.00122079858820876,-0.00162555378260701,-0.0017859645629168,-0.00158856751074548,-0.00173688678630479,-0.00243267350396064,-0.00275745582727467,-0.00294183981210991,-0.00307766441832826,-0.00290668065559968,-0.00269721987068126,-0.00261737427374257,-0.00275643023557613,-0.00280729135133526,-0.00282273052093409,-0.00271156416980863,-0.00232009347833565,-0.00250389465042822,-0.00288844220118612,-0.00277702098520057,-0.00286442585572135,-0.00308767843309483,-0.0031554039246577,-0.00306956712575432,-0.00298915681670958,-0.00310302277240516,-0.00548149221296941,0.000783507998962039,0.00407885019384731,0.00382613900430404
2384,-0.0018805403768981,-0.00231088936232808,-0.00245960640021401,-0.00226278138028208,-0.00237459029347722,-0.0030434047480309,-0.00341538678721056,-0.00359424241649767,-0.00372707880109491,-0.00352858429029901,-0.00330981582489817,-0.00319964534182606,-0.003318286196894,-0.00339272227492818,-0.00340877980339785,-0.0032715348490326,-0.00276426236764129,-0.00297798960670827,-0.00340414124340981,-0.00332639560588488,-0.00340388106670377,-0.00359615127106778,-0.00368014382892522,-0.00352799253853033,-0.00345645055605844,-0.00364485530792376,-0.00600180291481276,0.000313907605568376,0.00361186228528825,0.00333404165891361
2382,-0.00266774655091455,-0.00312178075329406,-0.0032744348115978,-0.00308305658875215,-0.003169963782977,-0.00381000182985831,-0.00424094272266098,-0.00440195050334447,-0.00454254880942663,-0.0043219181546993,-0.00406561439900859,-0.00394876937232897,-0.00404454155762595,-0.00413377060141285,-0.00411761783204474,-0.00394674127747008,-0.0033073453062012,-0.00357374435291198,-0.00405485426604834,-0.00400437000233417,-0.00406650486424132,-0.00424438454792808,-0.00433189979704065,-0.00409277864943825,-0.00402626443694799,-0.00427773661816901,-0.00663580241669155,-0.000270076159918061,0.00303065549072504,0.0027188491048674
2380,-0.00315771447912796,-0.0036455920779795,-0.00382971462929938,-0.00366130977586953,-0.00373221104973778,-0.00432275126662017,-0.0048292347915268,-0.00496533110528937,-0.00514737834475723,-0.00490405963777228,-0.00459012314828043,-0.00447983753875562,-0.00458341931405562,-0.00466220280001959,-0.00459230480048257,-0.00436205443958161,-0.00359069135817784,-0.00390441538542713,-0.00447764465163896,-0.00444081514185189,-0.00447980105372217,-0.00468908876362663,-0.00475355705550755,-0.00440664191616825,-0.00434236593310918,-0.00464359823834101,-0.00705656813170834,-0.000641718765379264,0.00266358419878693,0.00232717026692393
2378,-0.00302958416198875,-0.00355671231167298,-0.00379011558475224,-0.00365891613938004,-0.00372225501015872,-0.00421362725969296,-0.00480141672741916,-0.00490898787928758,-0.00517088570831888,-0.00489882636877065,-0.00451999699946549,-0.00440322532299575,-0.004546427711097,-0.00459174158072481,-0.00447141003320952,-0.00416602345144666,-0.00324659252627819,-0.00358533565186634,-0.00429789863317934,-0.00427069377772393,-0.00427281524224378,-0.00454553831762685,-0.00458339515604176,-0.00410707557181142,-0.00404346956480676,-0.00440635443235659,-0.006905268032017,-0.000437320872860634,0.0028734791583912,0.00253066533787795
2376,-0.00253784065890179,-0.00309611420456328,-0.00337988612863971,-0.00327572275161055,-0.00333128851599936,-0.00366797542409551,-0.00430960403454182,-0.00439893361038054,-0.00474674643236025,-0.00443795242980607,-0.00399856483662395,-0.00384350361124877,-0.00402377777564126,-0.00403148580892712,-0.00387413050571741,-0.00350288637341226,-0.00239303972880133,-0.0027474020573249,-0.00361337887782653,-0.00360901691966954,-0.00357325177242815,-0.00388664211893137,-0.0039205138949687,-0.00329655716068201,-0.00323123458607189,-0.00367425654302928,-0.0062370119387141,0.000280156980393099,0.00358912807261157,0.00324505059379843
2374,-0.00220479772268287,-0.00279580865254565,-0.00312918898813351,-0.00302445933637837,-0.00305642324142158,-0.00322202736462655,-0.00387446923156124,-0.00396624941444704,-0.00436693678791852,-0.00401567999406176,-0.0035351512964465,-0.00331412265407276,-0.00350145910199672,-0.00348711096860504,-0.00329660317377315,-0.00287552848454859,-0.0015385322244987,-0.00191630023147761,-0.00290652964383869,-0.00294662116465298,-0.00289171865542073,-0.00319535045418224,-0.00323782042568226,-0.00245583717905821,-0.0023801572085605,-0.00289891279205971,-0.00548811269194434,0.00106033643102051,0.00436280647655409,0.00399523604539749
2372,-0.00215795884361441,-0.0028076215463257,-0.00320283593585683,-0.00308689072257044,-0.00307215385643549,-0.00310214573722334,-0.00375881012789987,-0.0038650830351995,-0.00428007565600856,-0.00388631130398515,-0.00339279512065577,-0.00310007287207235,-0.00327956657491464,-0.0032578660913533,-0.00303760955189206,-0.00256608488874414,-0.00100887950991728,-0.00141088646207217,-0.00249551407671077,-0.0025935270117201,-0.00253696312942173,-0.00282373391328625,-0.00285628601859895,-0.00191544591847688,-0.00180875294034963,-0.00239144892578154,-0.00500506635907651,0.00155662380109336,0.00486614518332671,0.00443662826558837
2370,-0.00214998431409783,-0.00287781589343104,-0.00334928333015464,-0.00324771885119819,-0.00317307283939881,-0.00310867570386097,-0.00381271998554086,-0.00393529613497674,-0.00434852970956851,-0.00391584728349735,-0.00342453341518177,-0.00306867784183954,-0.00326328701559834,-0.0032276583669061,-0.00300180932507554,-0.00246958688344476,-0.000732664422805227,-0.0011476367565875,-0.00232925382544906,-0.00247957404371043,-0.0024247327605466,-0.00273883051584664,-0.00274153089943477,-0.00165013323207741,-0.00148668486934897,-0.00215095740893342,-0.00480461745117336,0.00176639509970376,0.00510053166030593,0.0045855644092157
2368,-0.00207569846397045,-0.00286511848934822,-0.00340022614797088,-0.00335241753651181,-0.00322640807189114,-0.00306936677488874,-0.00385536270081695,-0.00400582318585574,-0.00441609002174558,-0.00394357068616064,-0.00344889439698785,-0.00303075698148923,-0.0032766094543838,-0.00320604533449733,-0.00300359371167721,-0.00241774455510555,-0.000528126701335759,-0.000959421901622776,-0.00224985304683027,-0.00242874899408574,-0.00238258725785448,-0.00274464273490512,-0.00272862029936994,-0.00150495258241482,-0.00127472712522301,-0.00205303798951306,-0.00473010610348795,0.00184833595119563,0.00520358644200392,0.00461201008882686
2366,-0.00197880759703989,-0.00280388547447968,-0.00335420343855174,-0.00337433507748508,-0.00323032336742737,-0.00296328423598101,-0.00380251324451689,-0.00400153459042429,-0.00440748738489595,-0.00388940937406283,-0.00338441984794947,-0.00290134047267437,-0.00321186615710679,-0.00309723297541249,-0.00290921723291093,-0.00229994691701518,-0.000258779002215425,-0.000728156061605794,-0.0021184432842895,-0.00229382492099513,-0.00227525677201242,-0.00264615383307492,-0.00263451063950012,-0.0013096629416439,-0.00103037203739996,-0.00191585347511005,-0.00458364140387171,0.00197500820519872,0.00534113343109701,0.00469594911011326
2364,-0.00173062557897287,-0.00259557544346629,-0.0031086285862268,-0.00317330564412819,-0.00305726263738607,-0.002691391494475,-0.00351240959612949,-0.00376265021111912,-0.00416570225050196,-0.00360967625630444,-0.00309742591999647,-0.0025746012200575,-0.00292953801885504,-0.00278868998793538,-0.00256728150456368,-0.00196386726060147,0.000213053823913952,-0.000296002783208306,-0.00177029526578344,-0.00191642030642959,-0.00192780865699048,-0.00226955551596538,-0.00226498276666932,-0.000883653446034718,-0.000586936413140327,-0.00152882602179828,-0.00419096777894823,0.00229532918354851,0.00568519765728433,0.00499962800938717
2362,-0.00127714986076794,-0.00219948397808228,-0.00266148952695918,-0.00273232668392783,-0.00267047786089649,-0.00224724143240549,-0.00299649536465191,-0.00327827308904407,-0.00368360703179349,-0.00312475129608879,-0.00260456845965396,-0.00209477324989927,-0.00244894775225668,-0.00231890498004161,-0.00203065430400202,-0.00144067630818806,0.000817049250844156,0.000303787856728421,-0.00124894026189025,-0.00136234593823893,-0.00137080048271397,-0.00169501690476127,-0.00169381805005294,-0.000306414698930691,-1.22883504958621E-05,-0.000970757685448362,-0.00364807541114088,0.00273250461184558,0.00615883526825341,0.00544179255802878
2360,-0.00102224722191806,-0.00198992395070354,-0.00242967185109097,-0.00248472945996507,-0.00245951687236862,-0.00202294920897397,-0.00269539926457856,-0.00299159455329678,-0.00339877862454614,-0.00287701705556246,-0.00234355778831334,-0.00187604865530663,-0.00218147762431789,-0.00209855010275803,-0.00175923301359864,-0.00117351759778102,0.00109712793040895,0.000614864212650054,-0.000996695746418229,-0.00110101336398927,-0.00107110917290053,-0.00139575435474974,-0.00141638653615701,-6.39887131032319E-05,0.000230358070598626,-0.000737745606812785,-0.00340820524160181,0.00288894506305708,0.00631521646505537,0.00559015999309392
2358,-0.00136895937023287,-0.0023368626620642,-0.00278420133418004,-0.0028292007656305,-0.00280051041926136,-0.00239322602497002,-0.00302575188346765,-0.00332556672701847,-0.0037288587895658,-0.00325117172586605,-0.0027179214604507,-0.00227293242218036,-0.00251440655342577,-0.00249204495622548,-0.00214443135683611,-0.00155821155105906,0.000657316946966367,0.000212617726060354,-0.00139327067105946,-0.00151855523718069,-0.00145505047571572,-0.00175815822912417,-0.00182320786271419,-0.000533429364052329,-0.000224862793811785,-0.00118211036339249,-0.00379793706553986,0.00246268061785351,0.00581905224420674,0.00512507624042367
2356,-0.00203448047186398,-0.0029473459840905,-0.00339551802776192,-0.00344989313107131,-0.00339983302442416,-0.00306659109416117,-0.00371317382469248,-0.00399367399467857,-0.00438873318433821,-0.00393276661217395,-0.00343212613969152,-0.00298859829503545,-0.00320207596522289,-0.0032162872359666,-0.00289872116086231,-0.00233012878070556,-0.000262071462179866,-0.000671143752814682,-0.00217472907626897,-0.00232410924877084,-0.00226672809109256,-0.00252063906466595,-0.00261931070692904,-0.00142157826418575,-0.00109714958436855,-0.00197837991520631,-0.00453278971477351,0.00170903394183196,0.00496065584866145,0.00433722084935012
2354,-0.00238361917098798,-0.0031962437481354,-0.00361289208631093,-0.0036886554305874,-0.003631120292465,-0.00339768502523448,-0.00408492698632567,-0.00432404106717234,-0.00470131591949076,-0.00425580017472051,-0.00380541656416978,-0.00338285469768408,-0.00362021411842088,-0.00362423383235762,-0.00336303473703261,-0.00284502058629173,-0.00101457868126411,-0.00138288536386141,-0.0027100678277254,-0.00285445178568205,-0.00283632424370832,-0.0030555899098079,-0.00314956782297539,-0.00208116574839408,-0.00176268654710383,-0.00250368839257643,-0.00502890451517462,0.00119454068227739,0.00436817845914614,0.0038355443079395
2352,-0.00227378449498256,-0.00297819318516544,-0.00334742757025487,-0.00344104858500594,-0.00339309199937257,-0.00325608943425761,-0.00395806197190098,-0.00416388409102394,-0.0045059640938887,-0.0040817935733308,-0.00367414577168439,-0.00329531882390989,-0.00357201547821674,-0.00353754038061154,-0.00334014878465231,-0.00288343084904682,-0.00129672871748632,-0.00163011655250232,-0.00277362169801708,-0.00288907491230889,-0.00291290545325523,-0.00313387220353514,-0.00319509112308186,-0.0022732164557725,-0.00198470566640701,-0.00258474099734158,-0.00509969454542422,0.00114205182999578,0.00429074823787195,0.00383318985613682
2350,-0.0019617255594586,-0.00260353040864429,-0.0029446946041254,-0.00304095698008876,-0.00300876592580445,-0.00295991692000947,-0.00363338205869192,-0.00383028066022335,-0.00412917725166088,-0.00373237097701555,-0.00335767192064516,-0.00300393905159016,-0.00329755965377064,-0.00323589425451821,-0.00308235799183289,-0.00265025186831495,-0.00121649112822217,-0.00153826053676338,-0.00255325463616318,-0.00265057277358549,-0.00269847156674352,-0.00293808105930583,-0.00296418587817174,-0.00215480061710631,-0.00189533743454514,-0.00241666964134129,-0.00492396185957606,0.00140477399997749,0.00457641512261055,0.00414595949727147
2348,-0.00152909355202538,-0.00218372864240521,-0.00253774328967282,-0.00261457529296301,-0.00259901384389457,-0.00263516411551337,-0.00327110189079819,-0.0034649790214113,-0.00373602652950618,-0.00335206781305639,-0.00300471145688229,-0.00263413832915108,-0.0029175001815136,-0.00286388019964301,-0.00271375569502403,-0.00223779293150644,-0.000833564383647479,-0.00116551517203551,-0.00214204990022832,-0.00225307177306347,-0.00230113669021164,-0.00255414617056655,-0.00256237868820804,-0.00177956198729981,-0.00152638049838635,-0.00205816347601315,-0.00456913645992951,0.00189053831910909,0.00511814014628155,0.00466238054585123
2346,-0.000972515919690686,-0.00169288910362171,-0.00209964696830789,-0.00213427891098006,-0.00212882892240877,-0.00223065374346129,-0.0028700541523709,-0.00304109043694704,-0.00331735475592334,-0.00291869525654406,-0.00257974232430037,-0.00217364020659166,-0.00243460559237968,-0.00241792016160618,-0.0022320214003378,-0.00165607559747728,-0.000187247587120008,-0.000536538024045858,-0.00156767703647024,-0.00171286447129111,-0.0017397721480218,-0.00199144169356651,-0.00201464893512661,-0.00115237118172731,-0.000886073758550836,-0.00150955492778072,-0.00404015823621944,0.00253040083906523,0.00582085256337798,0.00531931628591504
2344,-0.000540922949474614,-0.00131315895198603,-0.00179019160011608,-0.00177160987056156,-0.00175856808036433,-0.00187947365409908,-0.00257804338880525,-0.00270826248478699,-0.00301527927125075,-0.00258127622212488,-0.00221420734253754,-0.00180012787722817,-0.00203903466687478,-0.00205644369128862,-0.00182523286754418,-0.00115476367706333,0.000410469649378992,4.1502080417751E-05,-0.00109160840137974,-0.00125850064757501,-0.00125973999063335,-0.00148854761197656,-0.00156613471027553,-0.000564859208107813,-0.000292573550902726,-0.00103239453133718,-0.00358238205500413,0.00303202382781678,0.00635872014751676,0.00584386686337997
2342,-0.000485257496326625,-0.00125035142801378,-0.00178130781674144,-0.00171981625470262,-0.00169334266905288,-0.00179661657459508,-0.0025617177818424,-0.00266590051601854,-0.00299765742799457,-0.0025323390871638,-0.00212087302840994,-0.00173728092282113,-0.00195698353851204,-0.00198024943480694,-0.00173109847925989,-0.00103946823494803,0.000596026680764728,0.000193352830031732,-0.00100628884821205,-0.00116360024672845,-0.00116218214672219,-0.00134553206077806,-0.00149536417982536,-0.000402609410276276,-0.000149905615372543,-0.000941580581581311,-0.00350191278688608,0.00311191129295916,0.00643838694154048,0.00596249283870602
2340,-0.000519271391895371,-0.00125082364235344,-0.00179712413328299,-0.00171067794391975,-0.00170840586563837,-0.00180359427424654,-0.00258448434313287,-0.00269570460481804,-0.0030304437606875,-0.00255605700688282,-0.00213422528692977,-0.00177101333387878,-0.00197979486540479,-0.00199696704150529,-0.0017561502058283,-0.00111395900833974,0.000547345485211057,9.75150547828865E-05,-0.00109085197861347,-0.00123117577505215,-0.00125538672000347,-0.00139274746896494,-0.00159142536806021,-0.000515411422448642,-0.000285199015086296,-0.00103886107355907,-0.00361796676295567,0.00300234055553098,0.00632147044773747,0.00588908595220236
2338,-0.000201377386198772,-0.000919723745313115,-0.00144577037973303,-0.00134173566947716,-0.00141593451529057,-0.00152590167030857,-0.00227355762580767,-0.0024035933268764,-0.00273396353514443,-0.00227294298164276,-0.00188053007115315,-0.00148780246538711,-0.0017056145842111,-0.00173642568188178,-0.00149652496996972,-0.000907192255128784,0.000743706258498673,0.000261840781776098,-0.000872810253134844,-0.00101726025473364,-0.00106538203927149,-0.00119352861611797,-0.00139701460266258,-0.000390868962954481,-0.000151685547185975,-0.000851118293943162,-0.00345374986233872,0.00316807733002246,0.00649832071233621,0.00606487598611122
2336,0.000313258210638963,-0.000402829557495238,-0.000888707346733615,-0.000771922648068372,-0.000920514390219587,-0.00104101800255919,-0.00174120391814182,-0.00187992123175568,-0.00220223034207546,-0.00177340789936154,-0.00140008682169649,-0.000951556985104386,-0.00119319369998826,-0.00125127301929325,-0.000994135562768986,-0.000414284712502166,0.00119975257549117,0.000727100494047277,-0.000367359839198809,-0.000523712354911492,-0.000563154533554031,-0.000739170657518598,-0.000909129893483029,5.87172840286376E-05,0.000330087313165565,-0.000364394843459121,-0.00295139700375685,0.00362510838788509,0.00697124951473612,0.00650653149681349
2334,0.000561156310668888,-0.000134836791658052,-0.000574367782849787,-0.000458238609462803,-0.000616215045482002,-0.000733353084333133,-0.00138402784797626,-0.00152879419911374,-0.0018209582074579,-0.00143777399567957,-0.00104105114434676,-0.00056561173946964,-0.000816887629521692,-0.000876910376668523,-0.000611286020854013,-9.83881325031258E-06,0.00155876005080989,0.00113028988851879,4.20377783216792E-05,-0.000107145288055234,-0.000105816495169354,-0.000367095859557785,-0.000476473200558989,0.00050029779006501,0.000782916493628565,6.68441782143702E-05,-0.00245103712681869,0.00405451965555689,0.00739243862405527,0.0069108960968412
2332,0.000497350677330179,-0.000164688773739925,-0.000559049503058039,-0.000454301848322761,-0.000568817887195053,-0.000687095148368623,-0.00128466843482064,-0.00144609623841103,-0.00168573472693457,-0.00134601843513513,-0.00091282491758608,-0.000467409571103017,-0.0006918868477963,-0.000712644064655073,-0.000468057847994741,0.000143001354608765,0.0016764673740196,0.00129847144343242,0.000203994701930663,7.21687720156336E-05,0.000119179255076242,-0.000216384913053959,-0.000255789583523289,0.000730041774518952,0.000980110821940981,0.000273750315140276,-0.00217681302222907,0.00429481841852263,0.0075928281484843,0.00712569423582683
2330,0.000370321906949257,-0.00026239499863745,-0.000615556469216588,-0.000521030443491385,-0.000606153482352185,-0.000732871347602528,-0.00129029759958227,-0.00146934383749287,-0.0016670717879008,-0.00135193842057409,-0.000914285896971376,-0.000539795272870081,-0.000712324093154547,-0.000685339305856777,-0.00047333580049038,0.000106774461166705,0.00160780686528908,0.00126669476060988,0.000190800713905777,5.58551649022216E-05,0.000129106999165287,-0.00023388214482092,-0.000222463369755991,0.000733957966306413,0.000932041112598136,0.000272242936809539,-0.00216443244651591,0.00432042236780403,0.00756144533406251,0.00712715222988004
2328,0.000237524118236287,-0.000371035333154501,-0.000692166516225809,-0.000611784173255745,-0.000709904137743117,-0.000830288788162528,-0.00138010994424391,-0.0015584367617025,-0.00174998894609017,-0.0014402006859053,-0.00103622818484828,-0.00073625458041131,-0.000864588477103373,-0.000821254518959655,-0.000622467643600626,-0.000107248219867255,0.00133696522626,0.00101954504542824,4.47842351457177E-06,-0.000156331029061368,-7.93164986140922E-05,-0.000426043488809515,-0.000403468310332511,0.000490744159994393,0.000653085374086403,3.96385086849795E-05,-0.00241784434002846,0.00407991060263258,0.00726716564955874,0.00686981362883348
2326,0.000155026517619716,-0.000428840978989988,-0.000736289764052427,-0.000695264120165562,-0.000811966788856251,-0.000902112751068476,-0.00146310374582068,-0.00162262936755276,-0.00182929075314167,-0.00151941384145082,-0.00116508214565921,-0.000908374743935024,-0.00102695809732401,-0.000998099158083832,-0.000792869339402324,-0.000344187677057065,0.00101148261148999,0.000715868148582118,-0.0002178527333592,-0.000399247583839426,-0.000325751008363208,-0.000642503490808977,-0.000641942704249011,0.000183567286811567,0.000333963390767676,-0.000245717075464071,-0.00271278598440505,0.00376833525255747,0.00692401830193378,0.00655451620069098
2324,0.000466126382129582,-9.55267286149792E-05,-0.000409736810815516,-0.000434840928695247,-0.000537778065893824,-0.000592755640032165,-0.00114478693783478,-0.00128763325509529,-0.00150067699974495,-0.00119463366358277,-0.000891854158254439,-0.000631093971318145,-0.000779165243602406,-0.000763524979330306,-0.000562126648527497,-0.000153181821994455,0.00110666670528442,0.00083818490686527,-3.14123817298744E-05,-0.000213586260686464,-0.000135096227372813,-0.000429744488514315,-0.000463899426242291,0.000299781680708391,0.000447189682831573,-8.98584770225641E-05,-0.00254584484447458,0.00390321565118224,0.00706172256320443,0.00669636317986543
2322,0.00134936527808251,0.000811332118339239,0.000485497056668835,0.000404683875442159,0.000333228424619425,0.00029882139118266,-0.00020960362250762,-0.00035245103294716,-0.000556420928868163,-0.000255524252514507,-8.21610022431063E-07,0.000297390246618968,9.96592244219919E-05,0.000118726486771868,0.000289122648369808,0.000684645663556859,0.00186569156706744,0.00162204090752535,0.00079097761526936,0.000613166951183783,0.000701702243069922,0.000428534973770045,0.000355372211555993,0.00106060689353465,0.00120776484841328,0.000727928614878229,-0.00170760343093145,0.00470480795949011,0.00789814108876246,0.00751792898685132
2320,0.00234011559947788,0.00184160190516652,0.00152361603325482,0.00144008765228506,0.00137440580909114,0.00134630616035446,0.000882414997389937,0.000728530886215968,0.000535036305672454,0.000832385856537777,0.00106131568233274,0.0013889209765975,0.00115851236627784,0.0011736575826858,0.00131113126523001,0.00169524732970844,0.00281157798061474,0.00257355054875749,0.00178234552404154,0.00160472851130528,0.00168504799879233,0.00144888699644186,0.00133363733295521,0.00198044910930612,0.00213965123823593,0.0017040203576924,-0.00069259237364006,0.00566665814452674,0.00891189292639752,0.00852914309626462
2318,0.00290030043694017,0.00245090862603788,0.00216618908912137,0.00213064136679286,0.00203154790657951,0.00200643077313158,0.00154572710113962,0.0013828476504532,0.00119875397365568,0.00148933840854283,0.00173704534357499,0.00204621811218641,0.00182926973011061,0.00180690062413099,0.00194744859036639,0.00230430861758016,0.00335248786792521,0.00310163160864238,0.00236398865089366,0.0022024435215025,0.00224246789794827,0.0020496946978693,0.00190652215190037,0.00250017044982225,0.00268276479192289,0.00226518305884408,-6.66244824082885E-05,0.00623159542385037,0.00953056630152918,0.00917396999904716
2316,0.00329160272294023,0.00287004235523707,0.00262243237124465,0.00264537748731098,0.00249982801987848,0.00248209991366295,0.00199002129726506,0.00182320011395926,0.00166027891509126,0.00193997989956279,0.00224005262782443,0.00248404333743374,0.00231189014588597,0.00224093452221,0.00241508419871778,0.00273368426309678,0.00370664713155813,0.00345431864279502,0.00275533060810772,0.00264221010050692,0.00263061974308618,0.00246179193196369,0.00232581467409279,0.00287493468315551,0.00306813778422488,0.00267584089363673,0.000403968613708678,0.00667657313689733,0.0100205235100834,0.00968859601932102
2314,0.00420393456319433,0.00378271418650357,0.00355512341450291,0.00362399257810231,0.00344262452236668,0.00343598012898476,0.00292585255111648,0.00275851332151151,0.00262573199835229,0.00290076641885807,0.00324666451309351,0.00341844286447794,0.00327289093252664,0.00319744033287673,0.0033912721988141,0.00366793189674936,0.00457226602782387,0.00435128944732234,0.00365775740879728,0.00360518621922847,0.00356489003066011,0.00339853268332283,0.00329481469476347,0.00380024775544552,0.00397522900658207,0.00364410910934754,0.00139810114498587,0.00770230455441482,0.0110680626736748,0.0107298309569249
2312,0.00588488819445282,0.0054703567909141,0.0052499274358852,0.00535711296020938,0.00515537829942713,0.00514680618174045,0.0046663277963448,0.0045065268562344,0.00438844746010379,0.00467121157013449,0.00502847464892687,0.00515994938051765,0.00499227872775476,0.00497627085053094,0.00515249276950874,0.00537679969897894,0.00623254167226641,0.00605344262597819,0.00536456090220337,0.00535578725443544,0.00531691439849044,0.00515595487411323,0.00507520404260955,0.00552876184052761,0.00567426114327884,0.00541247629209321,0.00318124600548704,0.00954167989307106,0.0128928660511308,0.0125399816804831
2310,0.00828374312718034,0.0079017201776706,0.00769641983631514,0.00783014104568211,0.0076256969000614,0.00757524756545604,0.00716399404101982,0.00702058322859228,0.00689010325220572,0.00718159043287743,0.00751965907623981,0.00764798865934823,0.00743540382592986,0.00749118067080735,0.00764058317802947,0.00779790222805352,0.00862419857760032,0.00845509520172028,0.00781098257079715,0.00783255556190321,0.00779930045573836,0.00765736278052375,0.00757600253700036,0.00797293096160617,0.00810726594767524,0.0078730156469715,0.00568514663695978,0.0120780645051816,0.0153925199223147,0.0150592111295494
2308,0.0116851040891043,0.0113304605580651,0.0111582035721305,0.011285823750367,0.0110973468125726,0.0109663872583273,0.0106299042884322,0.0104959826344962,0.0103477321839963,0.0106325172990422,0.010939190342034,0.0110723843402585,0.0108505226690586,0.0109146579753265,0.0110676611558804,0.0111590494691067,0.011958611960906,0.0117614662937376,0.0111915193535884,0.011250749057543,0.0112051489802798,0.0110742443022792,0.0109904073355534,0.0113377274343015,0.0114786840799613,0.0112314624812641,0.00911117534827172,0.0154992085795224,0.0187958093238061,0.0185109903256955
2306,0.0165543313761681,0.0161902955504695,0.016056401874352,0.0161452819125008,0.0159774185069992,0.0157749725462414,0.015495704829124,0.0153472118534689,0.0152023200507837,0.0154626136238956,0.0157361248668803,0.0158535432627972,0.0156858087062368,0.0156768413313606,0.0158589023518238,0.0159098818693157,0.0166634385311388,0.0164375650983854,0.0159289882407819,0.0160282741316851,0.0159605736416135,0.0158143311788285,0.015747103847779,0.0160541983517856,0.0161904572869434,0.0159426350511498,0.0138911369291521,0.0202522417970329,0.023574575476363,0.0233198224535183
2304,0.0230984236775806,0.0227097230521074,0.0225999096565936,0.0226520165561333,0.0224861144823183,0.0222669378103334,0.022030030885102,0.0218493229171191,0.021728874148981,0.0219540890037571,0.0221974089403305,0.0222802411351026,0.0222005898445793,0.0220931036519348,0.0222865328106901,0.0223332073768772,0.0230083739546374,0.0227856759756713,0.0223125855409275,0.0224300331317684,0.0223488123925731,0.0221780313118649,0.0221370780279156,0.0223995157289803,0.0225098084510265,0.0223027356325559,0.0203407990054388,0.0266658704113232,0.030039287873946,0.0297754772640091
2302,0.0317278031932362,0.0313445681145121,0.0312379517718984,0.0312821243285829,0.0310933361771442,0.0308998352958133,0.0307054901633823,0.0305040249860086,0.0304121749495059,0.0305937434227179,0.0308168778486417,0.030870199513125,0.0308576991269311,0.0306966317953011,0.0308563850983009,0.0309230192598631,0.0314949860673832,0.031304979943279,0.0308591243302377,0.0309737451487325,0.0308874837163547,0.0307142296974661,0.0306863353223818,0.0308850464478561,0.0309779042537008,0.0308184464188344,0.0290035967614353,0.0352943251559572,0.0387080080126931,0.0384241459537775
2300,0.0435680087896002,0.0432294737135671,0.0431140782306011,0.0431561833030899,0.0429377510960347,0.04276253075816,0.0426176545540613,0.0424311264399323,0.0423636920959839,0.0424954015772095,0.0427090077591656,0.0427494762938471,0.0427549972758862,0.042601770889925,0.0427002829859731,0.042785892555772,0.0432547009364334,0.04310666056614,0.0426855773110481,0.0428041890331892,0.042710005067753,0.0425594315943652,0.0425244779931881,0.0426440770555628,0.0427537171657193,0.0426042358310985,0.0409690368284401,0.0472437077402323,0.0506736759791015,0.0503881270392041
2298,0.059105596385187,0.0588304349286417,0.0587042219581269,0.0587012981112887,0.0584591571722574,0.0582796782323472,0.0581822897203057,0.0580492146436533,0.0580008453405749,0.0580941300444532,0.0582943731616263,0.0583228837916779,0.0583156968528536,0.0581931256964196,0.0582341128983951,0.058317020254795,0.0587041641569847,0.0585923608644437,0.0581876219667829,0.0583186005134344,0.0582167404582385,0.0580907332972117,0.0580348238606031,0.0580816073051124,0.0582158774224439,0.0580559566035673,0.0565482981301198,0.0628266394596353,0.0662616330929346,0.0659884150125419
2296,0.0756609483205674,0.0754639106737273,0.0753256576128338,0.0752227167209557,0.0749466493445341,0.0747695468112793,0.0747068707434175,0.0746533465091777,0.0746084671172391,0.0746949602124211,0.0748596611970386,0.074862793126699,0.0748500646632884,0.0747412371441153,0.0747346072446263,0.0747918282451095,0.0751218363515756,0.0750259917429502,0.0746545007559143,0.0747625098099788,0.0746670775227844,0.0745527876841724,0.074466814374389,0.0744687922530406,0.0745804915443172,0.0744529261337386,0.0729570574875416,0.0792315323088279,0.0826635954030646,0.0824053159727224
2294,0.0873163549673282,0.0872149602224915,0.0870614729909218,0.0868513346549964,0.0865089629317292,0.086349982534836,0.0863139608817351,0.0863362960610755,0.0862712037128067,0.0863741504985137,0.0864768279979367,0.0864627975453369,0.086468759144785,0.0863479376906825,0.0862962938516957,0.0863251728050697,0.0866093735081576,0.0864980480284027,0.086219690798703,0.0862436709594767,0.0861627716169679,0.0860492049323423,0.0859365356050195,0.0859255656373518,0.0859599401515595,0.0859271625333609,0.0843304754286338,0.0905720483634976,0.0939692684867062,0.0937364468779198
2292,0.0891622161986503,0.089138396095505,0.088970660341529,0.0887078679110666,0.0882818750294685,0.0881251877831209,0.0881214541915058,0.0881674870384658,0.0880771112970795,0.0881896321787942,0.0882171921865463,0.088231171556489,0.0882607734302375,0.0881104081992166,0.0880315862427406,0.0880497819279792,0.0882852689395395,0.088147477253505,0.0880018036725686,0.0879298459889909,0.0878463841089125,0.0877186032194583,0.0876090770135351,0.0875997851473409,0.0875673946310908,0.0876284474060864,0.0858609726114186,0.0920639332014884,0.0953766985785191,0.095178492845626
2290,0.0811204706063207,0.0811120559678429,0.080935464520387,0.0806896668205809,0.0802113423313189,0.0800321084026577,0.0800588653951532,0.0800498985365516,0.0799578847493765,0.0800687986621971,0.0800337193423216,0.0801087103585461,0.0801378188118167,0.079953079277637,0.0798879403235343,0.0799089290264004,0.0800976824045281,0.0799614061097386,0.0798994751821975,0.0797864488801967,0.0796863649289528,0.0795205325158501,0.0794538898640998,0.0794427318889761,0.0794087078773831,0.0795000292860617,0.0775352729899964,0.0837349211211968,0.086943336183409,0.0867544792291614
2288,0.0669758851115548,0.0669327468949318,0.0667548505044483,0.0665642899251498,0.0660969715817348,0.0658994338360483,0.0659209456807556,0.065813797515536,0.0657435314173074,0.0658709270741032,0.0658155993375354,0.065921491317039,0.0659222099899046,0.0657222605732864,0.0656987155485623,0.0657184020111788,0.0658870203904408,0.06577947856285,0.0656996899321238,0.065606874042851,0.0655178977763887,0.0653027498024546,0.0652908359412077,0.0652702218963851,0.0652762708599168,0.0653475704559964,0.0632105453203177,0.0694492445822982,0.0725898296410452,0.0723616642378753
2286,0.0517167364027275,0.0516327237188987,0.0514727204770189,0.0513392197358183,0.0509324173519899,0.0507254709249057,0.0506874361521799,0.0505045165778587,0.0504567353282568,0.0506289945291569,0.0506129751819367,0.0506830334356643,0.0506487787357525,0.050478407458235,0.0504847088122058,0.0504928291406384,0.050684737040265,0.0505908637843491,0.0504292813370758,0.0503835322053965,0.0503532930300641,0.0501103057035374,0.0501321001390047,0.0500958626876445,0.0501255447134159,0.0501758513203344,0.0479472102006974,0.0542379023058046,0.0573742607114201,0.0570879898313495
2284,0.0394756614678129,0.0393552091070033,0.0392475650563808,0.039158109711491,0.0388227149297732,0.0385820475967602,0.0384614000538313,0.0382466909049563,0.0382166069622318,0.0384257786245598,0.0384886382190527,0.0384984891239478,0.0384431522786973,0.0383366977255128,0.0383462970975272,0.0383440636719906,0.0385872089745604,0.0384749738327582,0.0382313957854606,0.038238479008991,0.0382743342687736,0.0380436722959931,0.0380762241214491,0.0380192404350525,0.0380337620341153,0.0380759071501973,0.0358519785668867,0.0421783940441627,0.0453452667448614,0.0450326705879406
2282,0.0317751900254485,0.0316063139854167,0.0315735717977967,0.0315236725990595,0.031247094937532,0.0309378607419724,0.0307657182998333,0.0305302984107858,0.0305261766501829,0.0307262660129232,0.0308540318381659,0.0308536529617982,0.0307986015484935,0.0307320720746768,0.0307455983026075,0.0307524779553609,0.0310382163481675,0.0309107808948666,0.0306065518474189,0.0306659319063486,0.0307209767558286,0.0305286642152354,0.0305639582234702,0.0304900316521363,0.0304686328842555,0.0304942612804746,0.0283432112880278,0.0346806039058296,0.0378607710161423,0.0375687216763393
2280,0.0274386524079664,0.0272215619539884,0.027234502048327,0.0272366965557157,0.0270096925698141,0.0266334726096613,0.0264631394371423,0.0262022502555256,0.0262284173651823,0.0263777788966268,0.0265178182445168,0.0265721833291459,0.0265432565714447,0.0264364176325468,0.0264817833249994,0.0265300701277095,0.0268247017133857,0.0267162621986954,0.0263717488936315,0.0264680843312303,0.0264901001674902,0.0263317552360329,0.0263613610575358,0.0262927883287579,0.0262335269419582,0.0262317913872824,0.0241919862004528,0.0305187815216375,0.0336729428632828,0.0334266027163834
2278,0.0246224067230851,0.0243945817344321,0.0243760266667287,0.024445827906239,0.0242690791415638,0.0238618169431141,0.0237188827186933,0.0234666427154682,0.0235014373336332,0.0235861178536309,0.0237097468167212,0.0238168059540839,0.0238427949965534,0.0236238401977519,0.0237178337145952,0.0238338286588103,0.0241081789196772,0.0240356271584741,0.0236815019690717,0.023790069500042,0.0237671255206563,0.0236167427768824,0.0236217186280007,0.0235911316525321,0.0234991859128837,0.023491535192804,0.0215735935884552,0.0278698762886074,0.0309816133691917,0.0307827853695704
2276,0.0227508841810137,0.0225473638153213,0.0224405310752651,0.0225726708656268,0.0224435826845186,0.022037438711067,0.0219094617373325,0.0217250252570743,0.0217421507129614,0.0217569061195885,0.021899416885984,0.0219930418118542,0.022086778614408,0.0217515796284629,0.0218799689466748,0.0220590138025712,0.0223064797216331,0.0222616123294264,0.0219215848096545,0.0220373454175147,0.0219893780768759,0.0218193187086961,0.0217907149159879,0.0218140266186604,0.0217081586509382,0.0217360231695455,0.0199054532489726,0.0261472408055446,0.0292349282796565,0.0290740040046677
2274,0.0221558130968759,0.0219658520714475,0.0217882908959238,0.0219551295106936,0.0218539412370557,0.0214678438080698,0.0213400257179787,0.0212322267535345,0.0212333916972964,0.0211781764491793,0.0213908757554617,0.0214303447933765,0.0215713812204917,0.0211706721236429,0.0213107297704788,0.0215103124544488,0.0217453483807444,0.0217360838289554,0.02138479013644,0.0215247128477109,0.0214683590882568,0.0212685196464827,0.02122524341816,0.0212820475832419,0.0212057234838638,0.0212781824771223,0.0194733246453643,0.0256355319428253,0.0287326570074237,0.0285847747948163
2272,0.0227842595453223,0.0225777686005432,0.0223929837368039,0.0225651952997859,0.0224543362572214,0.022107862713896,0.0219888695210076,0.0218998388415482,0.0218962087868617,0.021818711235751,0.0220872334474802,0.0221075766678515,0.0222555876006235,0.0218496424453641,0.0219894867507634,0.0221578927897037,0.022409478315447,0.0224599436031456,0.0220358715357362,0.0222039718105876,0.0221433915599996,0.0219317591939809,0.0219044782127552,0.0219435763434395,0.0219530335685531,0.0220167242469431,0.02021506702371,0.0262967312485393,0.0294367522613004,0.02926024693721
2270,0.0245336379261959,0.0243066601080226,0.0241620141659095,0.0243228253010757,0.0241631465806995,0.0238712213133474,0.0237743220200142,0.0236558320727076,0.0236248117282797,0.023632267536111,0.0238766282545235,0.0239316811497657,0.0240575700548379,0.0237018817423031,0.0238302180784224,0.0239463694717282,0.0242472969880156,0.0243399295130117,0.0238241563000941,0.0240002448279139,0.0239341692335369,0.023748920785934,0.0237514144422475,0.0237180934447907,0.0238482211528992,0.0238154751823902,0.0220704295237865,0.0281184666476647,0.0313246244626024,0.0310900065233543
2268,0.0282640117174881,0.0280249252226175,0.0279369380899557,0.0280791031521153,0.0278565921740385,0.0276308183010502,0.0275370206453202,0.0274086985167466,0.0273083593215829,0.0274842119306702,0.0276565181066651,0.0277368052544119,0.027835165797621,0.0275795781571655,0.0276810804115773,0.0277555659938021,0.0281261214443115,0.0281830255979461,0.0276416202634245,0.0278156338077022,0.0277335686445293,0.0276054963326472,0.0276256550794859,0.0274984884170286,0.0277391644554582,0.0275545847827657,0.0259633219749906,0.0320456847699467,0.0353083464257714,0.0350279882546497
2266,0.0351963596335446,0.0349300012795633,0.0349126794446404,0.0350378286695834,0.0347773329181925,0.0346588310030633,0.0345146406542594,0.0344193961316605,0.0342546810785333,0.0345744425249901,0.0347184233427484,0.0347617289833771,0.0348367669036557,0.0346988355252564,0.0347760975240898,0.0348185265468632,0.0352567536257651,0.035205522893222,0.0347297787821636,0.0349140130392793,0.0348030952859913,0.0347315108368018,0.0347433773460711,0.0345549165338086,0.0348570755476971,0.0345482013458441,0.033231328209161,0.0393728234331706,0.0426413898695185,0.0423552527124952
2264,0.0463044647144073,0.045995084130541,0.0460599998699927,0.0461840293810612,0.0459353652157636,0.0459869683569917,0.0457474697108044,0.0456900918085551,0.0455326041562417,0.0458929808795055,0.0460810293361964,0.0460504434275855,0.046107482353881,0.0460431215564972,0.046127199398654,0.0461417957977957,0.046625973789919,0.0464634752306751,0.0460897021203666,0.0462794050318578,0.0461546408625867,0.046108953224533,0.0460875491185339,0.0459111819321978,0.0462051390562541,0.0458774135495159,0.0450004247389945,0.0511658452146134,0.0543885257797455,0.0541299663371681
2262,0.064419361928109,0.0641001198243337,0.0642291423740328,0.0643638253990391,0.0641647070208347,0.0643847319816961,0.0640665235666706,0.0640326955790895,0.0639588496886447,0.0642816507699731,0.0645172346479376,0.0644384811145457,0.0644879283180351,0.0644199231810385,0.0645333232529811,0.0645490948727514,0.0650406632492662,0.0648264304013418,0.0645319373826484,0.0646825043123215,0.0645949731931284,0.0645376834906197,0.0644698524429687,0.0643757142514708,0.0645990941289833,0.0643693590787402,0.0640835146840961,0.0702270597467584,0.0734052111609724,0.073199546988535
2260,0.0961193198573087,0.0958649424316956,0.0960194988935982,0.0961270765765438,0.0959707209827914,0.0962606844930742,0.0959538806181267,0.095965475304719,0.0959915168518512,0.0962745935701908,0.0964846635023674,0.096412469567549,0.0964535209986576,0.0963548532756567,0.0964641197965413,0.0965287695005833,0.0969670145818158,0.0967874151461834,0.0965498510241897,0.0966133187499851,0.0966024445584818,0.0965152058071726,0.0964051125217153,0.0964169220477095,0.0965500780726581,0.0964618474934384,0.0967344551330591,0.102833246428066,0.106006924784667,0.105896007131911
2258,0.147183723119092,0.147055768198419,0.147220507526269,0.147191644481171,0.147030868862174,0.147332767476491,0.147170753574157,0.147277255913818,0.147372726156782,0.147635530396394,0.147745178821522,0.147724817321023,0.147718182024063,0.147647097691682,0.147672448537051,0.147787968921614,0.148086938242024,0.148046865857344,0.147890127517659,0.147848198938725,0.147891965240279,0.147787876445108,0.147653133971113,0.147743854748061,0.147822847757813,0.14782036446718,0.148318009469536,0.154319103925891,0.157477079224887,0.157507812490172
2256,0.21068380838496,0.210689941645716,0.210864041100229,0.210587444931511,0.210367564851404,0.210864093201695,0.210977425473592,0.211192182957711,0.211325450647095,0.211537793882948,0.211520481491166,0.211585368523484,0.211477699083064,0.211502412906266,0.211387691669527,0.211471647761521,0.211555813281036,0.211750991647186,0.211728980536438,0.211576999653324,0.211609518557467,0.211521363325132,0.211393324128257,0.211508645002022,0.211600295364691,0.211573918127226,0.21172645264576,0.217469872876119,0.220487595035623,0.220626785540451
2254,0.259852618740731,0.259941293188757,0.260068959793372,0.259577081880389,0.259289427042968,0.260294910977535,0.260707016679164,0.260981207490224,0.261120234225811,0.261208714587954,0.261074730537684,0.261226827915413,0.26105276520403,0.261123113639544,0.260908936506587,0.260896672122672,0.260810904116499,0.261177012374924,0.261292854837621,0.261035236966991,0.261017796130268,0.260964232933736,0.260880481643728,0.260978800582525,0.261101091652301,0.260994784932398,0.26035061519171,0.265692856479683,0.268440352354289,0.268509080582495
2252,0.269233051975215,0.269326920430256,0.269338559722275,0.268821880247727,0.268523642378311,0.269953265198072,0.270512812439903,0.270769360203367,0.270919542670632,0.270834555644689,0.270596767230695,0.270764715168619,0.27066137090232,0.2706481284652,0.270429418650874,0.270381316300655,0.270330897946605,0.27059893719114,0.270737133295452,0.270446155715439,0.270392267651995,0.270354583744869,0.270325123054889,0.270397664816275,0.270463564417041,0.270390036172968,0.268926001282765,0.274020205399388,0.276582474449638,0.276421539573212
2250,0.239625904434848,0.239638884225282,0.239585372915156,0.239253771035778,0.238995328528268,0.240461753422934,0.24097383046941,0.241156507764458,0.241361925711574,0.241134571774699,0.240841376315904,0.240937212914859,0.240967558866151,0.240857482022767,0.24070566303873,0.240664434712535,0.240837605946001,0.240838973379056,0.24084865942367,0.240657973840091,0.240586895771982,0.240536812742046,0.240535216744599,0.240585470161414,0.240537758011112,0.240635148708993,0.238533851022353,0.243637224098264,0.246250699561901,0.245914685909652
2248,0.190366341016435,0.19027406980182,0.190262149698438,0.190200098688149,0.189979671108266,0.191259557776256,0.191592835569264,0.1917139868326,0.191926999800196,0.191667517576173,0.191417339285509,0.191434181936325,0.191533780853911,0.191412831289687,0.191359247740569,0.191283840908724,0.191701592785611,0.191499752999607,0.191346021696245,0.191307279553966,0.191233907836989,0.19116594662236,0.191135454437436,0.191197209971241,0.191097243332744,0.191319281729485,0.188810575577129,0.194012859864607,0.196809510583663,0.196480841314022
2246,0.140504240627168,0.140366335743777,0.140390289279075,0.140548745747321,0.140343684978729,0.141362113942326,0.141477294127441,0.141579502294989,0.141695558293742,0.141511677977779,0.141378747320746,0.141354141792952,0.141477351355037,0.141373429741589,0.141415617955329,0.141273031199047,0.141835525636864,0.141557112547815,0.141313113971646,0.141357716204371,0.141314474016336,0.141225803887785,0.14114480417338,0.141239998419965,0.141170010164872,0.141379870593286,0.138721224753712,0.144050703642371,0.147006373897012,0.146786587101379
2244,0.0997748522298284,0.0996454103997418,0.0995912607292477,0.0998892382080081,0.099695919916827,0.100417750620845,0.100366419390336,0.100466982377403,0.100440355866638,0.100382403467684,0.100379434520215,0.100320779092078,0.100500526407837,0.10035835497145,0.100482983359032,0.100303672413227,0.100904728773674,0.100614425518315,0.100347589637111,0.100407386833342,0.100413364723447,0.100290739840905,0.100211649883969,0.100309043944756,0.100293090028185,0.100421659317845,0.0978239413902708,0.10333877695868,0.106373008072985,0.106223722104893
2242,0.0703064838603322,0.0701886682344488,0.069989346740106,0.0703564312439635,0.0701912301040451,0.0706505172836752,0.0705077476346739,0.0705899051771893,0.070464165401592,0.0705149520850526,0.0706214331446529,0.0705215637137033,0.0707736934620005,0.0705571322793856,0.0707424518490189,0.0705785225038366,0.071161317969456,0.0708819981352953,0.0706008514263896,0.070680017570629,0.0707055532586992,0.0705455793351251,0.0705230362175166,0.07057891890638,0.0705981190834963,0.0706731566742454,0.0682134513778238,0.0739417302530493,0.0769870192992329,0.0768286369352961
2240,0.0504919882030286,0.050371600936144,0.0501006029154246,0.0504772996131991,0.0503410932132268,0.0506754525679145,0.0504524455379896,0.0504964086587217,0.0503524692002058,0.0504527190237958,0.050645819695581,0.0505322167400643,0.0507862979824294,0.050547209759201,0.0507484987758717,0.0506149648712003,0.0511650639851925,0.0509269572724457,0.0506200304154643,0.0507432902843429,0.0507456844449677,0.0505617951643943,0.0505732971923184,0.0505835143066563,0.0506256604865455,0.0507073301250979,0.0483607676838124,0.0542396870695247,0.0572592746496396,0.0570657006389431
2238,0.0373780241699278,0.0372475388241642,0.0370470656455409,0.0374029692109577,0.0372535644484493,0.0376211702072578,0.0372681872167605,0.037286109742362,0.0371800373658187,0.0372774173983168,0.0375316447207614,0.0374535785672322,0.0376205163461079,0.0374508380934733,0.0376068149326167,0.0374856301880445,0.0380054136044926,0.0378339084384791,0.0375237667932781,0.0376699637538495,0.0376473626364514,0.0374572634951495,0.0374285448870858,0.0374188388428022,0.0374961907580393,0.0375978351182668,0.0353523467820982,0.0412729885168783,0.0442625393266066,0.0440628238804501
2236,0.0281301649852538,0.0279715172744228,0.0279118147614088,0.0282522897658486,0.028034820974289,0.0284795885052601,0.0279923258788237,0.0280142919281553,0.0279637148546819,0.0280398412469319,0.0283276659227121,0.0282998841188138,0.0283734695145189,0.0282998708760124,0.0283754108882553,0.0282652432022413,0.0287548944800081,0.0286423276407056,0.0283729684735387,0.0284931788355918,0.0284692651860254,0.0282910635940668,0.0281936320750352,0.0281716323055119,0.0282976827535181,0.0283633650248437,0.026247588773274,0.0321591207124611,0.0351307685744114,0.0349577142582807
2234,0.0211142501392553,0.0208963841363894,0.0209407410518104,0.0212715934820772,0.0209817952820661,0.021413743387198,0.0208959107611499,0.0209160536373964,0.0209285288998059,0.020985109645927,0.0212906182336596,0.0212977337102707,0.0213330625336487,0.0212867832830051,0.0213092307563858,0.0212379287814893,0.0216950184034918,0.0216179332438853,0.0213994555991406,0.0214759048480742,0.0214433588153738,0.0213024446188616,0.0211859263357849,0.0211342074910184,0.0213033593240681,0.0212706065959163,0.0192630965561215,0.0251961330507691,0.0281555391290192,0.0280159761618203
2232,0.0159488321734201,0.015669319854187,0.0157530387003925,0.0160541737311605,0.015748057441796,0.0160591334109898,0.0156395020998406,0.0156042328267412,0.0156903133740692,0.0157329725010511,0.0160417345719151,0.0161015176427024,0.016119087765329,0.0160102761100528,0.016044658296758,0.0160372188346401,0.0164676008695966,0.0164093535579664,0.0162124433574859,0.0162540431921456,0.0161885905979498,0.0161035318801976,0.0160275357162386,0.0159411788949251,0.0161442834185387,0.0160158422547032,0.0140070400861401,0.0199964109770339,0.0229436850058233,0.0228229182144939
2230,0.0127075427062539,0.0124074851038009,0.0124942730897914,0.0127531882825838,0.012482032166327,0.0126557997835127,0.0123667035279505,0.0122356689713168,0.0123841794412081,0.012429884142044,0.0126988337629901,0.0128647215095248,0.0128432277352465,0.0126490459619543,0.0127199874901953,0.0127901247251028,0.0132047018958952,0.0131373526860953,0.01294683883424,0.0129461393910788,0.0128710744504717,0.0128183892883995,0.0127982899162339,0.0126973092198007,0.012944707941731,0.0127730746529075,0.0106759557565868,0.0167000043062789,0.0196446251921762,0.0195215688281856
2228,0.0112547482718976,0.0109617852360816,0.0110323044142338,0.0112838966299051,0.0110452297163814,0.011150046869998,0.0109328390484893,0.01072560972633,0.0108922553515313,0.0109727304625205,0.011137399146225,0.0114187669577718,0.011371364475842,0.0111502187902161,0.0112039532755894,0.0113672164714516,0.0117709666032698,0.0116390145492772,0.0114800333598424,0.0114269747947663,0.0113991021059472,0.0113123590129393,0.011349374170406,0.0112478651965153,0.011552274587283,0.0113561999609859,0.00921763557105377,0.0152201539158559,0.0181777395506737,0.0180435572585527
2226,0.0110609920509238,0.0107490473043037,0.0107878816202601,0.0110877527007951,0.0108564964903951,0.0109613627330195,0.0107770310236533,0.0105360351677513,0.0106779061393348,0.0108105423136667,0.0108481168289321,0.0111771173879083,0.0111567465971323,0.0109885918529574,0.0109652856608238,0.0112105481810212,0.0116064042924287,0.0113752758498243,0.0112652554736197,0.0111910931307758,0.0112186079105148,0.0110459669747139,0.0111582266527719,0.0110537847565623,0.0113885556881791,0.0111371311374623,0.00907057245859531,0.015017476274936,0.0179901111445398,0.0178641707466383
2224,0.0111390931209809,0.0107808291857026,0.0107905229178724,0.0111564067324791,0.0109352436971275,0.0110572483944144,0.0109131813220765,0.0106679903292118,0.0107681920237134,0.0109346405389169,0.0109040746085216,0.0112040978604902,0.0112221166982943,0.0111462545375541,0.0110744877473258,0.0113222526443764,0.0117237122538227,0.0114403816760229,0.0113390050012763,0.0112937700166222,0.01133693485605,0.0110904142506818,0.0112615522535965,0.0111753043405862,0.0114675563560105,0.0111750396773769,0.00920676794517584,0.0151018932692756,0.0180790575728429,0.0179942350034315
2222,0.0103647929733182,0.00999062813722412,0.00998890320345102,0.010394553233185,0.0101994038143946,0.0103240351081163,0.0101857833895664,0.0099887297131048,0.0100338081541893,0.0102099621730308,0.0102076412038191,0.0104470786993153,0.0104624058583723,0.0104524868986213,0.0104364473056858,0.0105799986276025,0.011002345537668,0.0107694100549079,0.0106008487406406,0.0105931453784472,0.0106603483309366,0.0103934249694444,0.0105264589183892,0.0105152942547471,0.0106998799349091,0.0104852564378705,0.00851908248944491,0.0143845695116025,0.0173597717499361,0.0173167347059943
2220,0.00846476324385942,0.00812372871563442,0.00810640435656088,0.00853355603963544,0.00834583384490905,0.00848204993120869,0.00825061197356246,0.00818434693083591,0.00814650780829627,0.00834814894353633,0.00842659205893449,0.00858810996960088,0.0085960943477615,0.00858232026322337,0.00868894408654013,0.00870274348879462,0.00913855258960147,0.00901668020108103,0.00873657094289311,0.00874570953489177,0.00890183159493326,0.00865329047500466,0.00864448772064793,0.00874137544532151,0.00882455826845357,0.00880804295288684,0.00673344546387088,0.0125982282514759,0.0155605740056595,0.0155190417325469
2218,0.00639297530354683,0.00608084915648196,0.0060140916504359,0.00646997524611127,0.00625596785135051,0.00645471836569869,0.00607683714711984,0.00616450278944781,0.00603425680914082,0.00630322332871569,0.00645026112239969,0.00650570304632893,0.00655959788203749,0.00648674764487809,0.00668406583667321,0.00664695146616371,0.00707262334897715,0.00703085148731635,0.00666195915229751,0.00670455690222517,0.00694002764462356,0.00672032293257937,0.00657808081777839,0.00674513302041064,0.00679241126344113,0.00695293551502138,0.00474443740707918,0.0106414634739153,0.0135661460057712,0.0134943823736562
2216,0.00535305313831569,0.00503678260710523,0.00489708458419368,0.00537401162446519,0.00514686243258103,0.00545460091315433,0.00499187815290381,0.00513622163312676,0.004960256042344,0.00530478614502464,0.00548489699037534,0.0054410353407475,0.00555195052592879,0.00542673109014575,0.00564317511333935,0.00563974961487198,0.00606109751507562,0.00601372088027918,0.00562797555218224,0.00575317408580485,0.005927577711531,0.0057423565233595,0.00558218541372905,0.00574833642889393,0.00581489495008456,0.00600124442284857,0.00371442415708332,0.00967073370851114,0.0125521537969294,0.0124526082218833
2214,0.00573107320912873,0.00542604769219811,0.00523636150990553,0.00569415668397027,0.00550917756039276,0.00590907789840843,0.00545126028158704,0.00552703400268049,0.00538360804195702,0.0057597052027164,0.0059446022163634,0.00587153617489117,0.0059537988414104,0.00583923955214652,0.00603904524820467,0.00608494143862772,0.00655237006942866,0.00641724889913989,0.00608667060652464,0.0063041122290179,0.00629120242404531,0.00614289520323849,0.00605832830382703,0.00618864399652965,0.00627617120508217,0.00635655036383187,0.00407764154579353,0.0100888961370164,0.012984433295298,0.0128488473851423
2212,0.00708093329140504,0.00683636231324713,0.0066628482982241,0.00706901885640673,0.00694522809070547,0.00736455468354067,0.0069166164180815,0.00692305738690663,0.00684569134572645,0.00720775846610688,0.00737937071981912,0.00734130869236352,0.00731937168901663,0.00726709693282274,0.00744614011824377,0.0075234996785235,0.00807367103521662,0.00781290374365197,0.00755436988046109,0.00782346800650954,0.00766872389212981,0.00754139834719283,0.00750950996928058,0.0076146195150236,0.00769564184688281,0.00766854330303516,0.00547387118956461,0.0114885329848257,0.0144821288429008,0.0142572394475837
2210,0.00871569585877473,0.0085180573683153,0.00844003720576415,0.00879779144752955,0.00868786698726984,0.00906438320340353,0.00857683019891361,0.00862707505088457,0.00857631683556309,0.00891918500238428,0.00907290512333707,0.00907185059870297,0.00899163038441425,0.00897910550927844,0.00911759766999303,0.00923230381821165,0.00982851274713624,0.00947521318720629,0.00923155172852947,0.00952984575634576,0.0093851120951419,0.00925156886925108,0.00918426069586751,0.00927900783025148,0.00935123802501718,0.0093054721238839,0.00723309166328719,0.0131756032112079,0.0162870119593192,0.0159313829267225
2208,0.00986362808773974,0.00961851296517211,0.00968822844833234,0.0100169654124805,0.00986935770467968,0.0101919239944988,0.00966558349407985,0.00982502650120032,0.00973778103110525,0.0100776254062881,0.0102249283402511,0.0102588567647671,0.0102257116630858,0.0101785017358941,0.0102325107262931,0.0104060952184851,0.0109547302400214,0.0106188562194177,0.010311849682916,0.0106390737295545,0.0105871200364603,0.01042098319291,0.0102809417200738,0.0103713267043699,0.0104710187128402,0.0104895658236105,0.00851827814100752,0.0143490007723513,0.017502102460517,0.0170651461695982
2206,0.00987776106676541,0.00951995919523815,0.00971215960555575,0.0100349438164456,0.00983819062524797,0.0101429231435205,0.00964354142743339,0.00984909690179449,0.00969144031302187,0.0100353968088547,0.0101876112145397,0.0103060919878584,0.0103513632061711,0.0102208209117312,0.0101626606020715,0.0104055091226216,0.0108243384733678,0.0106370583038644,0.0102547456207033,0.0105601865390941,0.010570372512157,0.010335715414162,0.0101749316136387,0.0102855707359271,0.0104467730641996,0.010555492774986,0.00861357170035814,0.0143711321907104,0.0174543546325573,0.0170601480845861
2204,0.00895236296441813,0.00853563683285665,0.00874163052865563,0.00909292433750913,0.00884347218986065,0.00920261630360683,0.00878518764340896,0.00893892618270164,0.00871594247976896,0.00906393871843007,0.00921864607841771,0.00944909176470804,0.00951791215964805,0.00931928298435026,0.00917577661816623,0.00949239523031111,0.00975785756369546,0.00976580366375673,0.00938466560974351,0.00957601908037745,0.00959073973451327,0.00925414347386308,0.00914873469767098,0.00931851446734472,0.00952302507087509,0.00968769917890658,0.00771577101607015,0.013479937135672,0.0164285843241556,0.0161615304925131
2202,0.00813584164676856,0.00777537763203818,0.00789165962535578,0.0082939617535289,0.0079696737653419,0.00845797313824005,0.00813573086762241,0.0082166368898148,0.00795296631446738,0.0083088320728727,0.00846583782078587,0.00873140864214922,0.00877650336435572,0.00854838412596111,0.00839294004703255,0.00878051100133033,0.00892282206771391,0.00905066196605178,0.00875113558648683,0.0088212196217023,0.00880779899552884,0.00839322311713894,0.00836128488458517,0.00859313663582775,0.00877478525443728,0.00893159763030751,0.00693553373358444,0.0127413554061969,0.0155711371370618,0.0154072922419628
2200,0.0082232725718968,0.00797848163601917,0.00800087070322331,0.00841631798090835,0.00802212791199202,0.00864318786204765,0.00842540579146019,0.0084758506320432,0.00820342421225511,0.00855933546899403,0.00873486514869475,0.00892956927301817,0.0089415503246887,0.00870687530506067,0.00860988953639749,0.00902192699325128,0.00910773025661333,0.0092390967443562,0.00901320802218562,0.00909333149820786,0.0090269501578941,0.00863216719525549,0.00861951998035605,0.00886715421222802,0.00896505767162913,0.00908101903695248,0.00710131446503455,0.0129191757920983,0.0157078032901278,0.0155577146440447
2198,0.00895141284168957,0.00878916504784275,0.00878468707506548,0.00913593856050847,0.00873659499235758,0.00939408476022924,0.00928979023149402,0.0093429457323547,0.00909978410062686,0.00941924811336948,0.00962458230305792,0.00974508680804026,0.00970369761753374,0.00949649885741084,0.00946001509529988,0.0098179546562139,0.00993080031610854,0.0100035917538975,0.00977282911187351,0.0099965207888874,0.00987911713535693,0.00958247955758479,0.00952349109560476,0.00973916960114924,0.00975082982560121,0.00986764911219283,0.00791365537725438,0.0136989941931827,0.0165352523901941,0.0163215732245118
2196,0.00943260170155487,0.00929078906816195,0.00927797373064241,0.00954895085613784,0.00920487744449032,0.00980586711112719,0.00978400192442126,0.00983415246478924,0.0096548335048644,0.00990706376022412,0.0101210888166554,0.0102393266061208,0.0101203067507338,0.0100113940685763,0.00995005465186237,0.0102338456566258,0.0104290222128125,0.0104368031058705,0.0101607653364079,0.0105123588397006,0.0104095366095433,0.0101716060860993,0.0100449929885214,0.0102331467124325,0.010215763413108,0.0104005923171711,0.00844107585435866,0.0141714066183123,0.0170811286157048,0.0167887501223711
2194,0.00901724284496002,0.0088720645896921,0.00878982960650482,0.00905246807561777,0.00875540890963882,0.00932692660214603,0.00931358112401052,0.0093287846342635,0.00924381790331652,0.00944768517674023,0.00963142902883625,0.00975427827378629,0.00959861136910793,0.00963811310016763,0.00946437053106838,0.00974341064673958,0.0100196791643453,0.00994819155363341,0.00967266260319466,0.0100380165038355,0.0100181014574733,0.00974558736811284,0.00955831271667343,0.00977281890866381,0.00978646053776657,0.0100304187830825,0.00805083663542012,0.0137172285161679,0.0166430222062141,0.0163304283290364
2192,0.00762835959367892,0.00747958036648634,0.00730914770637231,0.00761432237984922,0.00732982804098578,0.00797234765292505,0.00788860715578125,0.00783877466532882,0.00787675894313785,0.00808773046387275,0.00821264944583313,0.00828308804101911,0.00819182371156093,0.00832221865834774,0.00806574650874863,0.00838895724447044,0.008723324963547,0.00854368460772133,0.00832743954824691,0.0086478530011097,0.00868115825624761,0.00837640838357988,0.00811447924366665,0.00841120508384404,0.00846693687380936,0.00868284688298736,0.00671056716185821,0.0123114559997985,0.0151973593072546,0.014954221221801
2190,0.00596284892753624,0.00578188666675401,0.00563338717130184,0.00593210506322117,0.00567923581347998,0.00642178847573507,0.00621193528959326,0.0061148132891269,0.00627651563955234,0.00652260945120906,0.00657716961047497,0.00661713068709867,0.00664140255122679,0.00671971239947774,0.0065239769975707,0.00682636768804893,0.00721852097965905,0.00695899119539019,0.00678596851125548,0.00709372508373919,0.007061192988065,0.00684355648787436,0.0064777641219879,0.00687388999552276,0.00693560104669659,0.00707774395524697,0.00512573016055327,0.0106869711441604,0.0135710441558119,0.0134176246665986
2188,0.00534685326670621,0.00508004620728825,0.0050870147180135,0.00530666981831792,0.00514338261969356,0.00592976290773665,0.00557314045142947,0.00550835870139117,0.00573560993293703,0.00598825804975632,0.00597119121753514,0.00610730470335225,0.00618070096809755,0.00613794895030954,0.00609559975835267,0.00627543845030407,0.00673357862115544,0.00650059535712594,0.00631002813086131,0.0066259070897653,0.00644451077041487,0.0064041338291149,0.00596725409917493,0.00641604884512087,0.00645272957933872,0.00658248065458963,0.00460610516500969,0.0101768923324374,0.0131385596417721,0.0129787276845513
2186,0.00663611778129635,0.00627667470038084,0.00643294609295621,0.0066018621548576,0.00652421281630613,0.00734039899423993,0.006868053240831,0.00690540423883675,0.00710081339390201,0.00732521150953993,0.00725329487105892,0.00755519699423066,0.00756966161146388,0.00750433945597857,0.00754541086344083,0.00760427379184814,0.00809614206231313,0.00796890385166515,0.00776791809224027,0.00803614232788335,0.00773758331643223,0.00782506350046789,0.00744396920812056,0.00784342365566404,0.00787283850512953,0.0080530221212368,0.00601419667269266,0.0116175426935188,0.014653930107753,0.0143823255397142
2184,0.00907010762903992,0.0086910898746013,0.00885995818601237,0.00909812617720658,0.00900726515668901,0.00991460257435224,0.00940804064216064,0.00952164648470806,0.00961149197736439,0.00982870757933488,0.00975717867337362,0.0101387489122122,0.0100442268515617,0.010101811692308,0.0100922025629831,0.0101360293259479,0.0105962016663195,0.010522569793837,0.0104069595668207,0.0105543680202569,0.0102468337365961,0.0103339953770998,0.0101409933656287,0.0103879572741215,0.0104527461589552,0.0106362528840487,0.00858895565694782,0.0142042159134204,0.0172234543120771,0.0168745961455519
2182,0.0106832863094232,0.0103621707601741,0.01044343312184,0.0108372439027669,0.0106289133308799,0.0116504059350367,0.0111807797346299,0.0112744970681023,0.0112594854404236,0.0115297278173447,0.0115397854514431,0.0118739861745827,0.0116779950239726,0.0118624298406465,0.0117814822221273,0.0118907297044774,0.0122862694177848,0.0121406265467187,0.0121664182022539,0.012189761679049,0.0119945764315806,0.011991644344971,0.0119992761266252,0.0120609486650493,0.0121628130192789,0.0122638288407591,0.0103171266631448,0.0159103617383957,0.0188563492474213,0.0185943352937339
2180,0.0103067916914458,0.0100245167863776,0.0100614638500397,0.0105943431005775,0.0102636234144123,0.0113341747084765,0.0109004517100034,0.010921130780486,0.0108737941619906,0.0112015092255673,0.0113504224710088,0.0116277457110141,0.0113414438476675,0.0115090748920938,0.0114625230721086,0.0116196190456142,0.0119836110108665,0.0117255793982571,0.0118062921704099,0.0117710631419663,0.0117762058720382,0.0116665972145381,0.0117673032493052,0.0116971132620886,0.0117895409580675,0.0118216538441723,0.010012874669849,0.0155587035353023,0.01847814747159,0.018395828922262
2178,0.00856550809216806,0.00823592329981509,0.00833425255511585,0.00892291285026943,0.00857024569269948,0.00963764919244063,0.00918923895302983,0.00915941037936227,0.00916743098904842,0.00946352435297347,0.00976437049018412,0.0100486585200942,0.00969205815557088,0.00973757950577784,0.00979132629323428,0.00995531669143271,0.0103371253731242,0.0100437092240669,0.0100454289430558,0.0100081862205723,0.0102221312007817,0.0100191145667793,0.0101251630790178,0.0100016765566518,0.0100610645793956,0.0101001682985128,0.00835418618928321,0.0138320976709653,0.0167932012039239,0.0167950465410573
2176,0.00683635143024019,0.00643218094989393,0.00663437447825027,0.00717267843408069,0.00693272376438903,0.00800507611230007,0.00750306054069744,0.00745213970895415,0.00756595060019889,0.00772604989022765,0.00815307307992619,0.00844897353712324,0.0080938142245274,0.00805385373430498,0.00814388750312688,0.00833017833279196,0.00873779094771622,0.00848169176286614,0.00837425122840147,0.00834336347394201,0.00866959193940515,0.00839601502297746,0.00852214119864842,0.00840841570882719,0.00847806094202308,0.00850754580575942,0.0067324993218075,0.0121427282661565,0.0151475372170712,0.0150700552267117
2174,0.00624252004396881,0.00583329382171012,0.00610318381913918,0.00648875089867481,0.00644688336060937,0.00752303527199657,0.00695209234515674,0.00688267218102674,0.0070983756195878,0.00710990823381843,0.00759736045105274,0.00785518768198029,0.00759758088793128,0.00755263809290622,0.00757420937515451,0.00784061886397244,0.00824164043009503,0.0080077903024438,0.00786795680508225,0.00782953173608332,0.00812018418244719,0.00781651052575563,0.00801977474884675,0.00797606563349934,0.00810491074741389,0.00801274216617638,0.00619596205251737,0.0115725264860034,0.0145717351750589,0.0143552276237055
2172,0.00735397204154939,0.00700150484025367,0.00728134100883182,0.00747485373773321,0.00761272701021514,0.00865209980266475,0.00801991030833851,0.0079513254229645,0.00821233081431682,0.00817396481078841,0.00863220970628304,0.00885462464175116,0.00872245259376753,0.00867045477285891,0.00859641658002964,0.00898818979969196,0.00934350035164298,0.00909489147951561,0.00896915646569289,0.00893612930813943,0.00910267904909774,0.00880427874203345,0.00909046941033607,0.0091760603836156,0.00931553055820072,0.00908194955311692,0.00727637558159926,0.0126477824989283,0.0155915736997026,0.0152996304690528
2170,0.0098427029695318,0.00952956011913473,0.00976582868219235,0.00981959000267721,0.010039802286874,0.01102478281118,0.0104157478990721,0.0103864555274685,0.010620214935387,0.0106384534242371,0.0110010229134738,0.0112461597402047,0.0111849978170594,0.0110749670696455,0.0109451055747559,0.0114701896399497,0.0117537350826232,0.0115132649370483,0.0113569320185843,0.0113877105587097,0.0114272083842141,0.0111385293543548,0.0114534911156127,0.0116979273294483,0.0117133538323982,0.0114836305976291,0.00973824430429266,0.0150771156664313,0.0179359562666464,0.0176411564741586
2168,0.0122456101223049,0.0119269888109366,0.0120714444920084,0.0120667320835958,0.0122780743337953,0.0132475705082101,0.0128438055281749,0.0128466698922207,0.0130151767850162,0.0131074188844504,0.0133648903624544,0.0136520728384834,0.0136080902654357,0.0134452920733748,0.013297835298647,0.0139151276519285,0.0141205527162198,0.0139351607352859,0.0137090509822085,0.0138650352131064,0.0138035054643406,0.0135089136358704,0.0137950158624001,0.0141640562159511,0.0139728806212573,0.0139052112754823,0.0122259440544441,0.0174869468140503,0.020260154042732,0.0199654544151064
2166,0.0130544322970809,0.0127198507281591,0.0127685098606631,0.0127421543687684,0.012921340329163,0.0139422922855895,0.013883287685878,0.0138639214363309,0.0139878656409118,0.0140884920007535,0.0142721906014846,0.0145557251055589,0.0145290607562213,0.0143886496108586,0.0142499762361581,0.0148479630366215,0.0150037308877786,0.0148643648457852,0.0146363167120745,0.0148988478733932,0.0147784922224353,0.0144697040251307,0.0146970785020029,0.0151091550021168,0.014773078971669,0.0148831796922608,0.0132416463463537,0.0184254074253352,0.0211629023842297,0.0208185999240434
2164,0.0124756605072253,0.0121336546720125,0.0121545858541781,0.0121196533948455,0.0122856108947161,0.0134508142737971,0.0136625706265091,0.0135969734830159,0.013728583290783,0.013775683239871,0.013909191914906,0.0141587403787806,0.0141719155495119,0.0141139508119498,0.0140236324862462,0.0144750727563325,0.0146170724464717,0.0144880419021364,0.0143673436967833,0.0146263419608623,0.0145162251600079,0.0142093301851533,0.0143705708649326,0.0147627929353908,0.0144093877553052,0.0146069317197378,0.0129858224481795,0.0181032365939813,0.0208585558864794,0.0204235348794198
2162,0.012196383050461,0.0118331935928438,0.0119009396999855,0.0119373720351415,0.0120838664190424,0.0134958388832794,0.0137566817194517,0.0136658381599779,0.0138399020586158,0.0138469197173662,0.0139297726580972,0.0141996185847256,0.0142274868804544,0.0142388368760523,0.0142532458513622,0.0145188076710009,0.0146430683603958,0.0145500330545984,0.0145447997106106,0.0147017423495146,0.0146521328075638,0.014392281954208,0.014494417940818,0.0148433802971252,0.0145362134137627,0.0147691788956239,0.0131939978005843,0.0181901711437736,0.0209377640025372,0.0204247062418658
2160,0.0131396156331711,0.0127385571085101,0.0128419541123047,0.0130900115963331,0.0131781626032074,0.0148100242954857,0.0149805475346297,0.0148386453201469,0.0150702717651633,0.0151013149019634,0.0151481586717416,0.0155185582440504,0.0154788469319231,0.0155204589134108,0.0156740158377085,0.0158303218637028,0.0159157312435662,0.0159109910965421,0.015924112233926,0.015978979021228,0.0159607199609398,0.0158115556601229,0.0158746905417589,0.016159635066367,0.0159046935307353,0.016166272929252,0.0146662180503545,0.0194877781014376,0.0221553054364871,0.0216477122807527
2158,0.0141966940554464,0.013771311057818,0.013835034573002,0.014343094527471,0.014367658568763,0.0159546904261122,0.0160668822616736,0.015786015998865,0.0160896580295478,0.0161696458331324,0.0162467906539119,0.0166918086759566,0.0165298426297867,0.0165920682951759,0.0168627521471827,0.0170215090575745,0.0170981073247115,0.0171380802186193,0.0170940172629998,0.0171137946673093,0.0170567755304167,0.0170625406847985,0.0170907358370601,0.0172854910383501,0.0171294522107604,0.0173440794612508,0.0158899009493096,0.0206377076231107,0.0232365518490005,0.0228397865932678
2156,0.0140198600057212,0.0135952899110038,0.0135873901066782,0.0142423402830498,0.0142557800667718,0.015542534532222,0.015642631477687,0.0152133873705623,0.0155761276775638,0.0156626304198433,0.0158370844442175,0.0162308958850233,0.0159905029968112,0.0160836737470929,0.0164015012149763,0.0166039447576114,0.0167418815068935,0.0167100353800454,0.0166166715137907,0.0166502920374071,0.0165507789945132,0.0166735763101502,0.0166517567020322,0.0167561864260907,0.0167845142058367,0.0168412386504089,0.0153659356683625,0.0202320295964942,0.0228617948091963,0.0225985514363639
2154,0.0125491677898194,0.0121355843619369,0.0120784323185257,0.0127486776992487,0.0127798753283149,0.013800274647903,0.0138281992514544,0.0133628371179707,0.0137210910293648,0.0137618388123901,0.0140444965962529,0.0143198420094108,0.0140610387204369,0.0142041757910019,0.0145003891146097,0.0146968066943352,0.0149368052805315,0.0147952351389955,0.0146510598137068,0.0147427576769416,0.0146278256811246,0.0147737914546449,0.0147021949488329,0.0147505836044173,0.0149821197348701,0.0148738248632643,0.0133474282541334,0.0184055590870738,0.0211229345052127,0.0209306077089766
2152,0.00976865400224092,0.00938573952893063,0.00929040306615724,0.00992233729249844,0.00996444684675564,0.0108784723174498,0.0107677274320852,0.0103829593868785,0.0106282623542422,0.0106207076193569,0.0109995569607872,0.0111885094399679,0.0109252924610769,0.0111277269093059,0.0113661525636022,0.0114960654535301,0.0118328017912038,0.0116378310641185,0.0113829443044371,0.0116193558263765,0.0114556185060224,0.0115776880734094,0.0114609528655812,0.0114844574625981,0.0118463532571225,0.0116629178166144,0.0101251148274893,0.0153289097762522,0.0180992210929048,0.0179127512571285
2150,0.00589184318062202,0.00558685143498713,0.00543208519398112,0.00602309812764844,0.00608623490044599,0.00690088150307623,0.00667695281781087,0.00640651915238044,0.00646735958833337,0.00645953111015913,0.00691703148182939,0.00708010326445453,0.00681886632044351,0.00705579811188634,0.00722049168130927,0.00728928669384197,0.00770882609929958,0.00749658595686432,0.00709468194308308,0.00752975122369969,0.00729259019882102,0.00737498931610608,0.0072389931363843,0.00723378052846229,0.00763533727916869,0.0074674978311752,0.00595246407212711,0.0112707662948434,0.0140565872272096,0.0138389927998594
2148,0.0024727559805888,0.00225344418495515,0.00203559074404171,0.00259918540107912,0.00270679185595074,0.003294723054884,0.00302651623408219,0.00286059184703337,0.00277308812109138,0.00280579806758043,0.00331318763040556,0.00348132365761691,0.00323734095038273,0.00345424946741556,0.00354625294621637,0.00361513641334157,0.00411166799194748,0.00386163271622114,0.00336317399424752,0.00390781291449007,0.00369319686643755,0.00368747459715573,0.0035897927153428,0.00353699044855083,0.00392136888452961,0.00380768272107557,0.00226627151458665,0.00771379748587089,0.0105443950259645,0.0102713320066735
2146,0.00119184956976756,0.000980698569772861,0.000743753808294604,0.00129440179573161,0.00144512762860594,0.0017544241932611,0.00148257602004938,0.00142313270710051,0.00126653505273956,0.00134366253538745,0.00186080938711801,0.00204318917985111,0.00181728173596956,0.00196600640898313,0.00200385832999336,0.00213680088457521,0.00268341458357718,0.00239253610999727,0.00188293009305608,0.00235424254318363,0.00231665303412771,0.00217426138036819,0.00215200103785716,0.00205517172986171,0.00238905439958851,0.00233350889637687,0.000680919963326455,0.00625476001342833,0.00916835077093652,0.00883637672134856
2144,0.00186431824372003,0.00157142370350765,0.00137067295509455,0.00189638241266502,0.00206892352844736,0.00218642740515249,0.00194050825175815,0.00195686857740399,0.00175956920446637,0.00188155388976212,0.0023536210435775,0.00258158924930461,0.00235524744919436,0.0024213729952698,0.00243416912092087,0.00265926921476757,0.00320021312261744,0.00291087784056207,0.00243820881757259,0.00272435273923173,0.00291013387716984,0.00266056720038738,0.00268013899391105,0.00257827401941526,0.00283975633440307,0.0028358183145339,0.00105229608174924,0.00671960489232009,0.00968238810837695,0.00933825109299546
2142,0.00276659018890864,0.00239338341834013,0.00225167932996573,0.00270282829443335,0.00289277183356417,0.00292080260873853,0.00273177381717996,0.00271741106197407,0.00248706882914621,0.0026752884713143,0.0030379429932848,0.00336114972177342,0.00312584313931084,0.00312285659452398,0.00313770173116334,0.0034452195062673,0.0039388839841619,0.00367030480305623,0.00324263221739607,0.00337983140236871,0.00368529530702201,0.00342808235128922,0.00340405026107878,0.00336723831503954,0.00355281786336636,0.00358196146750256,0.00171431556451989,0.00746205034051841,0.0104004399050789,0.0101120278798967
2140,0.00258907590471652,0.00221008599699902,0.00212793892931007,0.00246626054829318,0.00268217458575872,0.00265904697206771,0.00250166659743817,0.00236180852787919,0.00216232012070304,0.00242971716864044,0.00265509736885237,0.00306564764359431,0.00284389804311822,0.00279133722287335,0.00281982710640424,0.00318238539286175,0.00363530445489673,0.00335332039167203,0.00295964749340483,0.00306175149305215,0.00335469297292029,0.00315765692793854,0.00303617603826019,0.00313859981215284,0.0032499756936985,0.003282943099924,0.00136829364720373,0.00720588941524564,0.0101014567201116,0.00988084822645953
2138,0.00113659477608851,0.000780865200601536,0.000773565984953666,0.00102738365723985,0.00124206916593467,0.00119817959680465,0.000980568159282017,0.000738889441829145,0.000654712594997636,0.000968849595092291,0.00111981514318294,0.00150966967102929,0.00133400993907275,0.00125107046844703,0.0012864216924034,0.0016739064236553,0.00211634096875284,0.00180827492182726,0.00142232865548577,0.0015709866260946,0.00179184918690481,0.00163828516420054,0.00145838510459533,0.00172150211086389,0.00174717164801062,0.0017596160727925,-0.000192597466010367,0.00571427451233481,0.00862271314691019,0.00841740644206413
2136,-0.00122793588659918,-0.00161981958910284,-0.0015322705411696,-0.00128581286706036,-0.00113677490676507,-0.00114849029241783,-0.00149214154716692,-0.00172656370416527,-0.00169780789391079,-0.00139682069205427,-0.0011919269687724,-0.000953760269599136,-0.00107612732025653,-0.00115843953010621,-0.00113686939039806,-0.000756566525920544,-0.000303921117782968,-0.000582979508100096,-0.000991156937456915,-0.000783146264496654,-0.000641731981583049,-0.000792726822724846,-0.000933350334986423,-0.000589593841991175,-0.00063884742119791,-0.000661791120384415,-0.00261925684948299,0.00330429696964765,0.00628090754610652,0.00605840927382833
2134,-0.00355323589712999,-0.0040472866842675,-0.003884087327665,-0.00358811040257912,-0.00353988612505853,-0.00350962741864045,-0.00393625176634247,-0.00410409049893882,-0.00405525607926794,-0.00380417528101607,-0.00346702968571735,-0.00340112246716038,-0.0034949940790135,-0.00354198471103346,-0.00355388463974197,-0.00321405290486085,-0.0027357357449027,-0.0029317147235113,-0.00336867374695307,-0.00313602509444986,-0.00306182386517008,-0.00321046620561093,-0.00325740300050481,-0.00297681562806122,-0.00302109248378179,-0.00308770129169761,-0.00500185517072192,0.000919814360360312,0.0039474524232699,0.00374832627472514
2132,-0.00452358496868779,-0.00510823258093483,-0.00492525051963895,-0.00457926665980042,-0.00459616271990124,-0.00458625630563832,-0.00499338468070819,-0.00514068968804713,-0.00513815049174735,-0.00492947877180891,-0.00451209414401394,-0.00450575293089177,-0.00459748418824968,-0.00460226722857621,-0.00464621756151485,-0.0043685965026556,-0.00384568138152491,-0.00397883397247443,-0.00442899572054371,-0.00421461384440692,-0.00416748957079134,-0.00428664036508543,-0.00429246283998589,-0.00415431817341629,-0.00409353463987808,-0.00419614680921027,-0.0060697300521916,-0.000112978767442758,0.0028914635824679,0.00277112812500171
2130,-0.0038462651566399,-0.00444791224283976,-0.00428985961082586,-0.00392054485001243,-0.00394367137839778,-0.00401741135207627,-0.00435422067472948,-0.00454324337859151,-0.00457824134586753,-0.0043789692481719,-0.00399216287008091,-0.00392646417658654,-0.00401271067273861,-0.00400370715795902,-0.00405596662235918,-0.00383880993271999,-0.00327064249631258,-0.00339605543024349,-0.00385665634021349,-0.00367031517695122,-0.00360360034582292,-0.00368255256860211,-0.00375182708604663,-0.00370414595254061,-0.00351520345364365,-0.00363446182447798,-0.00551453189490577,0.000507314268145816,0.00344745637348406,0.00339609818887683
2128,-0.00276198101087843,-0.0033079106518451,-0.00319302124604381,-0.00281604143223023,-0.00282994410014141,-0.00300158766783241,-0.0032906861626336,-0.00351406479221984,-0.00357678614124846,-0.00334925673341427,-0.00304484883970044,-0.00289352232920337,-0.00294536489165017,-0.00295703070714046,-0.00299386445550439,-0.00280995074625204,-0.00223469762828783,-0.0023682766496539,-0.00285929735495704,-0.00266829377555109,-0.00257728576741688,-0.00262715353686814,-0.0028121439707309,-0.00274668957830626,-0.0024923131339577,-0.00262501698211655,-0.00452806366579503,0.00154270962616064,0.00447105199854595,0.0044210236452543
2126,-0.00266389658173887,-0.00311674821168371,-0.00306140476439619,-0.00267480912879865,-0.00271200145228668,-0.00296471831197563,-0.00325340029109633,-0.00345407769755964,-0.00357709537827193,-0.00329050685087532,-0.00303937625926228,-0.00284627361534493,-0.00284105104740595,-0.00288397374319315,-0.00290496542950151,-0.00271449582019736,-0.00218427656808069,-0.00230878891250808,-0.00283574021875613,-0.00260430571128857,-0.00252504062255848,-0.00256400629317755,-0.00281699928287421,-0.00268568871877349,-0.00243137988107718,-0.00260451353684801,-0.00450403500231687,0.00158638571554073,0.00461212916855421,0.0045037078707164
2124,-0.00369140756223706,-0.00405261619704774,-0.00408106177490175,-0.00367702662463768,-0.00376885732654785,-0.00407130456358814,-0.0043942778732925,-0.00454140729909327,-0.0047407415050481,-0.00438727158395484,-0.00414964472180432,-0.00395363719625448,-0.00390072934071165,-0.00396070041254858,-0.00398490484459815,-0.00376008147410935,-0.00329714746065985,-0.00341539578067438,-0.00394151742219492,-0.00367768452016644,-0.00362882292522601,-0.00367940185159863,-0.00390104588451429,-0.00374643406714142,-0.00350559991262094,-0.00373806834345932,-0.00562541205502876,0.000483362311616084,0.00366060612468525,0.00348685150873186
2122,-0.0050374306747845,-0.00533545914583558,-0.00545155191166585,-0.00503061073444165,-0.00516979510939711,-0.00546756804250966,-0.00583709578276889,-0.00595413492857774,-0.00617990997585379,-0.00578476566051918,-0.00556545039895148,-0.0053686047746247,-0.00530531794940714,-0.00536586305971809,-0.00539915842682735,-0.00514190647497604,-0.00473136060218205,-0.00487592011417557,-0.00534564195585099,-0.00509360791852626,-0.005049415944611,-0.00513640251590554,-0.00526502257473187,-0.00514926829368135,-0.00491679822757853,-0.00516863872389252,-0.00707135393370455,-0.000928984911394657,0.00233759768205997,0.00213983762300133
2120,-0.00599337267244498,-0.00626546319655606,-0.00642594344150945,-0.00601011224036364,-0.00616336556083991,-0.00639104853929581,-0.00679363674886258,-0.00691791510256818,-0.00710749291356704,-0.00671094983417936,-0.006532969867443,-0.00632776857882247,-0.00629551945618503,-0.00635053333247195,-0.00636763319189214,-0.00610385221101417,-0.00571930516997803,-0.0059161908431986,-0.00629341813637354,-0.00608469648660076,-0.00601862465978547,-0.00615427735541524,-0.00620056279739953,-0.00613417574162466,-0.00592831748053911,-0.00612259652908614,-0.0080509486098992,-0.00187461500021462,0.00137531676574506,0.00120929436632886
2118,-0.0061551795324368,-0.00642984926702845,-0.00656190814420858,-0.00619028942926197,-0.00633763105062528,-0.0064625994206493,-0.00686446385118638,-0.00700403149712647,-0.0071580223342177,-0.00678001303005587,-0.00663636378198419,-0.0064290765978804,-0.00645558176907401,-0.00650018814550569,-0.00647170770105739,-0.00622803227748006,-0.00584730951805607,-0.00609332706226012,-0.00637256199068708,-0.00620731594537591,-0.00612854710691548,-0.00630125456359895,-0.00631441762378648,-0.00625728136098033,-0.00609991019442033,-0.00620926116361304,-0.00813104716699421,-0.00193612689194478,0.00126383630670405,0.0011620687916119
2116,-0.00537456442536549,-0.00566169061432126,-0.00571621186265782,-0.00541071518566476,-0.00556409546413528,-0.0056022402013406,-0.00597395561516926,-0.00610953896680566,-0.00627636104232851,-0.00590374896105644,-0.00576241813528238,-0.00556087771075551,-0.00565377683369908,-0.00567727568215805,-0.00560803682087186,-0.00539192521402967,-0.00499756501574503,-0.00527076601592793,-0.00546943772568152,-0.00534443998537991,-0.00526851002252116,-0.00545685240182408,-0.00547536274518713,-0.00538649642691658,-0.00526605427297127,-0.00535006895178014,-0.00723966958099243,-0.00103978328074443,0.00215875909841638,0.00211025342243396
2114,-0.00417876236933387,-0.00447093024201199,-0.00445524680244521,-0.00419014925163382,-0.00437458649831324,-0.00435976904442135,-0.00469298937437137,-0.00481023414404358,-0.00500612392775467,-0.00462153720527505,-0.0044632592752569,-0.00426199069501847,-0.00440801753835043,-0.00440760675814883,-0.00432807236463298,-0.0041261222029222,-0.00371353441537617,-0.00398865524427078,-0.0041417746991377,-0.00406714992596587,-0.00397608246929028,-0.00417299157295706,-0.00420646151285685,-0.00407911160640603,-0.00396304885413311,-0.00409415068916701,-0.00596947761945268,0.000224570792291553,0.00345391877529153,0.00341953015213711
2112,-0.00372087508771632,-0.00400501182545906,-0.00396171471504895,-0.00368394675505972,-0.00390894484977872,-0.00388121789838308,-0.00417540836290653,-0.00428240916917581,-0.00446943880833375,-0.00408464382870148,-0.00391058238611666,-0.00370196592380962,-0.00386732599570889,-0.00386249114984694,-0.00378591245241212,-0.00357443124986706,-0.00316641095961277,-0.00341596194189589,-0.00357226571856227,-0.00354413094569102,-0.00340888378831616,-0.00361888702863314,-0.00366444367790988,-0.00351854578998126,-0.00338728434504218,-0.00356411182088948,-0.00545559117538965,0.000722684268067462,0.00394819231712512,0.00389547506504317
2110,-0.00461618097015283,-0.00488926874132378,-0.00485062053863663,-0.00453382737483468,-0.00478678610435943,-0.00480998594477765,-0.0050600472422822,-0.00517364568228714,-0.00531847557110656,-0.00496914965199596,-0.00478056288099691,-0.00457118611291387,-0.00471181536783195,-0.00473040790644492,-0.00464185402395531,-0.00440335836110531,-0.00403907843723535,-0.00423638090818837,-0.00444156243296724,-0.00441958251694326,-0.00425180095717548,-0.00446552216492183,-0.00452918384395832,-0.00438418973226524,-0.00423184724113663,-0.00439101326318145,-0.00630732390656442,-0.000134177057239746,0.00305091247541757,0.00296927802255977
2108,-0.00605693531743446,-0.00633348750016676,-0.00629944933977561,-0.00596198270728946,-0.00622451641232761,-0.00635764432925796,-0.00657052049698931,-0.00669303658413341,-0.00680913245755274,-0.00652046918847688,-0.0063131617758759,-0.00611718635088298,-0.00620614626910353,-0.0062524189865431,-0.00614617537316774,-0.00588969113706783,-0.00558317148099625,-0.00571234569647422,-0.00598857656163388,-0.00592819087767509,-0.0057777752787364,-0.00596426679920288,-0.00606386802087126,-0.00592120438702081,-0.0057431808433336,-0.00583948910777329,-0.00777849095895526,-0.00156909305092691,0.00160323178301452,0.00148651439426989
2106,-0.00674887307300383,-0.00704726776046054,-0.00700751367840925,-0.00666840269918594,-0.0069280691370689,-0.00715931767476654,-0.00736855509225377,-0.00748404215235294,-0.00759750847123486,-0.0073677811884638,-0.00714579752991978,-0.00696602224095398,-0.00701226864354901,-0.00706310794098066,-0.00696354850681264,-0.00673041126976577,-0.00645093491524733,-0.0065087957593545,-0.00685202238482196,-0.00675005042079191,-0.00665120074470738,-0.00678382486376039,-0.00693273665130109,-0.00678094242158379,-0.00658829929641204,-0.00662693811455506,-0.00858644652613183,-0.00230751262387969,0.000908344495200712,0.000738072425536029
2104,-0.00632517834811186,-0.00664529547603234,-0.00661047365835979,-0.00625572262548432,-0.00649680409609302,-0.00674906879306,-0.00699347142796598,-0.00708800347231345,-0.00719159261152359,-0.0070030463978337,-0.00677981001542566,-0.00660649459281864,-0.00664086704064341,-0.00667646188422953,-0.00660418093277301,-0.00644058991908007,-0.00614328358514969,-0.0061408665145398,-0.00652728978181115,-0.0064114703996756,-0.00636144829449347,-0.00644486689650377,-0.00663205811955081,-0.00646499312421558,-0.00629295122450834,-0.00629867946776753,-0.00825703161186481,-0.00193126049291363,0.00134198206936569,0.00110333950158144
2102,-0.00531891723181672,-0.00564167256758691,-0.0056359767939307,-0.00525113999223842,-0.00544489754537654,-0.00566454031200554,-0.00595737897030661,-0.00603720204134623,-0.00610140096479932,-0.00592898251826113,-0.00571292602210471,-0.00553995423667432,-0.00558376511476491,-0.00561090406356477,-0.0055456300629202,-0.00545836833047416,-0.00512360294188416,-0.00509569916741757,-0.00548852484447201,-0.00537016371355143,-0.00535941474189087,-0.00542602031461942,-0.00561185214390611,-0.00543913169979225,-0.00530544052872188,-0.00530784573300768,-0.00723021770718703,-0.000929506198145591,0.00236504291292602,0.00207755133477127
2100,-0.00437320672042502,-0.0046816313416842,-0.00470717158397953,-0.00431867225292949,-0.00443841459685586,-0.00464326477321164,-0.00497430617931153,-0.0050597957121163,-0.00507282923145876,-0.00488533279883146,-0.00467874947558731,-0.00450746709394738,-0.00455851743197249,-0.00460049884481529,-0.00449978800764054,-0.0044480376978231,-0.00408039469380316,-0.00407780353341193,-0.00444771501868933,-0.00430759788456637,-0.00433945590009804,-0.00441935150296255,-0.00455911524361154,-0.00439806302094004,-0.00426405008063955,-0.00430657441020459,-0.0061919285786689,2.24075225989187E-05,0.00328936297362447,0.00300804147863296
2098,-0.0040647712464524,-0.00435196622538091,-0.00438603841755,-0.00403120546044913,-0.00407959457336152,-0.00430062833412179,-0.00466033127284094,-0.00476374095292078,-0.00474263189917781,-0.00451465958470621,-0.00432745787186161,-0.00414854404602391,-0.00419855701128626,-0.00427162347341024,-0.00411722486537882,-0.00405890054632419,-0.00365766711591849,-0.00371027744051313,-0.00406164908537003,-0.00388356820364929,-0.00395265723587467,-0.00404991207273123,-0.00412403795650028,-0.00398600067447615,-0.00379826338207238,-0.00391605323111166,-0.00580107205157994,0.000325607646441859,0.00352425072411422,0.00330219207684113
2096,-0.0048836019356192,-0.00514181695098881,-0.00517872528304759,-0.00484190351351429,-0.00485745368488065,-0.00508330644364026,-0.00546665694972165,-0.00558148893721391,-0.00555528423362761,-0.0052882889692979,-0.00513258595608584,-0.0049186379883218,-0.00497167365238969,-0.00507913436727436,-0.00488657999415037,-0.00481503839018313,-0.00437212690543788,-0.00446371251346373,-0.00482994609750035,-0.00462440485229165,-0.00469542900719801,-0.00479453967403485,-0.00481832573688346,-0.00470432849458233,-0.00446906036694237,-0.00464748196036205,-0.00654597002894203,-0.000448380865194747,0.0026635772896628,0.00251552228042462
2094,-0.00647214500980073,-0.00670116054679046,-0.00676973194222376,-0.00638660656166564,-0.00642040276727886,-0.00662866017439107,-0.00702268965565591,-0.00713181136842401,-0.00712843162986186,-0.0068504205160606,-0.00671438678498561,-0.00644851837661829,-0.00651363213337244,-0.00664801416825906,-0.00644372467341763,-0.00636701234328823,-0.0058973355653269,-0.00599049385569776,-0.00639245198084937,-0.00617938521770296,-0.00620721635727549,-0.00629555687623891,-0.00630823722249555,-0.00621056572455707,-0.00598887499140278,-0.00617399622331041,-0.00805419680023651,-0.00190727757543633,0.0011488686693277,0.00104880364591108
2092,-0.00742362277757031,-0.00766013345895298,-0.00777350487790096,-0.00731154716150442,-0.007396056590856,-0.0075914901515599,-0.00797851762329128,-0.00806688088967517,-0.00810467031172784,-0.00784013890624628,-0.0076871317646506,-0.00739506971627789,-0.00746969691071184,-0.00760824001573164,-0.00741559364617481,-0.00732134288211042,-0.00687013342146068,-0.00695289559079479,-0.00736910749715229,-0.00715441720877762,-0.00712409704704844,-0.00720173341601298,-0.00724345333008745,-0.00714953768673899,-0.00697650974356737,-0.00713361252088277,-0.00898072349175885,-0.00274630619438166,0.000324240931777639,0.00023745997301215
2090,-0.00680046611366973,-0.00710810280715956,-0.00721534528833264,-0.00672053919744885,-0.00686243600646131,-0.00704727587535185,-0.00741779810797366,-0.00747834037860015,-0.00755545292477717,-0.00730441676651347,-0.00710891834688498,-0.00684284793501446,-0.00691805918916974,-0.00702785976603072,-0.00686750122712002,-0.00673426939365846,-0.00633827636884884,-0.00643106517326598,-0.00681833396911407,-0.00659685251306739,-0.00653548922661994,-0.00660606960800231,-0.00669436458266416,-0.00659561210875936,-0.00644650615054846,-0.00657189837394997,-0.00842975312642302,-0.00213964329528035,0.000989510581201316,0.000901724568925674
2088,-0.00529014274093503,-0.00569421563793798,-0.00571748756318652,-0.00526913490682215,-0.00545956438099924,-0.00561103380314475,-0.00596441876961232,-0.00600052840450866,-0.00609639226581368,-0.00584579778027071,-0.00561676862491131,-0.0054049794342214,-0.00548456699623134,-0.00554668424263189,-0.00542873475769732,-0.00525948873592385,-0.00491274496801357,-0.00503774553173803,-0.00536880012297407,-0.00513648732993024,-0.00509356970770623,-0.00515788226785547,-0.00527487363952576,-0.00517557610813618,-0.0050151169229631,-0.00509379069705751,-0.00701359893279259,-0.000734663796345666,0.00243690533008462,0.00234478504777969
2086,-0.00430449320183034,-0.00474714935337823,-0.00466607479338292,-0.00430226715380421,-0.00452147396500903,-0.00463424924945066,-0.00497655365223511,-0.00500333878467661,-0.00509886354652937,-0.00484059801958108,-0.00460192925005037,-0.00442513833681247,-0.00452853028180593,-0.00455237512349846,-0.00446842319581285,-0.00428868550639333,-0.00395422527575593,-0.00411239384150609,-0.00439112489021169,-0.00414618146201507,-0.00416289653372915,-0.00422763543380446,-0.00432969923033812,-0.00423830814521628,-0.00406675756986187,-0.00406821560248781,-0.0060451235154813,0.000184222376163487,0.00336444685862811,0.00324872483215223
2084,-0.00441475963054848,-0.00479914334565644,-0.00467628672335191,-0.00436781938311314,-0.00458805243905058,-0.00469936565321761,-0.00504713474447484,-0.00508463732107509,-0.0051822360417969,-0.00490860826678441,-0.00466641368591672,-0.00449020567633268,-0.00463249116336053,-0.00463291881940641,-0.00456942256706259,-0.00439844848193064,-0.00404751736173391,-0.00421861491878017,-0.00447368220595477,-0.00421571677921288,-0.0042969185932701,-0.00438410330413295,-0.0044351689905804,-0.0043422382967227,-0.00418154613115903,-0.00411450498102998,-0.00609821256036405,9.12850862564265E-05,0.00328195506470894,0.00311062797443328
2082,-0.00518887906937158,-0.00546272113823329,-0.0053816208871931,-0.00506955243529634,-0.00526462574348154,-0.00540311548494357,-0.00577392890782031,-0.00583286622120778,-0.00595193641948401,-0.005642983487976,-0.00538652288416391,-0.00520639955790068,-0.0053783906467452,-0.00534588017754806,-0.00530211080973028,-0.00514789617112939,-0.00477967063868264,-0.00492997681017392,-0.00520041681568258,-0.0049382535959686,-0.00504289009505434,-0.00518060418096336,-0.00518024858616792,-0.00506148082844719,-0.00491823276659631,-0.00484852661485892,-0.00679397357159546,-0.000631113861428446,0.00259712778036545,0.00236154770757419
2080,-0.00600110661011745,-0.00617936641032521,-0.00618456326282507,-0.0058280485271653,-0.00598456322880656,-0.00612936447688809,-0.00651578618002253,-0.00659307567001606,-0.00674457260992041,-0.00638089545617598,-0.00611110119905326,-0.00594965071441147,-0.00611841879171336,-0.00603720488523454,-0.00601272946675234,-0.0058878739708614,-0.00551771437076236,-0.0056137690735067,-0.00592757801857751,-0.00568412068442708,-0.00574431578264347,-0.00594614948750947,-0.00592555738092226,-0.00577684143859262,-0.00563783435417055,-0.00562247054754744,-0.00750738281402889,-0.00138533281650146,0.00188932751665076,0.00161892452535081
2078,-0.00616284919826938,-0.00628801122817217,-0.00638488305493974,-0.00597843701901239,-0.00609811060077019,-0.00622140821092458,-0.00659048047457695,-0.00667926300766105,-0.00684654323857076,-0.00643909537238971,-0.00617778584763754,-0.00604430805590543,-0.00617070636111071,-0.00607151789135188,-0.00604080697366836,-0.00595178502834267,-0.00559464789476964,-0.00563258371783062,-0.00598097470022459,-0.00578350939006716,-0.00574324355947266,-0.0059988219407952,-0.00599451934206187,-0.00585186648054791,-0.00570393597157297,-0.0057256954427337,-0.00754887492567041,-0.00147143192333283,0.00182919403667997,0.00155577950946129
2076,-0.00495819321022211,-0.00507017527605768,-0.00524252149183186,-0.00480381499514814,-0.0048918477854602,-0.00500685279250382,-0.00534280207471106,-0.00544642334344733,-0.00559056815332965,-0.00518285729063144,-0.00494719045705024,-0.00482053792539664,-0.00488325149782776,-0.00484534371793282,-0.00476802712914804,-0.00469160448331994,-0.00435106891582571,-0.00437659871403407,-0.00471377686922171,-0.00458147703288733,-0.00443031178399106,-0.00471488023171839,-0.00474260559950005,-0.00464927679919317,-0.00449062256452827,-0.00448374803270453,-0.00627164264485164,-0.00019383951792861,0.00310409597029381,0.00282427519744094
2074,-0.00257960458423116,-0.00272236289541811,-0.00292233505482284,-0.00247417529166866,-0.00252650838500201,-0.00264904812604927,-0.00297602021751463,-0.00310928998376801,-0.00319530268689343,-0.00283016717785764,-0.00261101461713236,-0.00246837438815899,-0.00247685995270602,-0.00255162159815451,-0.00241081976186832,-0.00231650360574093,-0.00197668641826976,-0.00205384363044253,-0.00233906941040363,-0.00228213516548808,-0.00205415717628752,-0.00234684444790408,-0.00238836228739043,-0.00234862152642999,-0.0021876028262036,-0.00211665857398641,-0.00390636897858785,0.00222126030516906,0.00549726564451954,0.00519447178734022
2072,-0.000582778592670499,-0.000799166716296952,-0.000944801006139359,-0.0005104798558864,-0.0005187284298298,-0.000618509252178489,-0.000957643574995533,-0.00113265955780694,-0.00115490784395466,-0.000852103202451495,-0.000628681168024706,-0.000468604467977183,-0.000458312854234373,-0.000605373025525517,-0.000418699604116277,-0.00031816598725894,5.30993462536126E-05,-9.91123196348963E-05,-0.000336805721226483,-0.000353452374018864,-0.000102269033066964,-0.000391644264866138,-0.000403011537717557,-0.000386539295359539,-0.000236305260103647,-0.000123877004859635,-0.0019226558997503,0.00423895515487344,0.00749552166333213,0.00718856871991503
2070,-0.000472810312606076,-0.000765856112507006,-0.000794709150771288,-0.000399664100591382,-0.000370080065881753,-0.000412713091041951,-0.000738128308857321,-0.000950802356341149,-0.000936144233193181,-0.000699608288671983,-0.000466699445800371,-0.000295076874862785,-0.000308733617587272,-0.000425119211461793,-0.000222498798821097,-0.000157219484787975,0.000266489930428324,7.52417788197006E-05,-0.000156645384944624,-0.000215167049564955,5.87405639009169E-06,-0.000269141341062162,-0.000219663946705719,-0.000198544957153773,-6.60246502640182E-05,4.35582108830616E-05,-0.00173919986255865,0.00438498517047264,0.00765476207527113,0.00739220136187287
2068,-0.00193590296415152,-0.00225338033122653,-0.00218379785503816,-0.00184510471545275,-0.00180665478293051,-0.00181774729796346,-0.00209096176558111,-0.00232134190331441,-0.00230339318139513,-0.0021282127531987,-0.00189692908620783,-0.00170871657601559,-0.00177166429078331,-0.00178545555108091,-0.00159523886101833,-0.00156157912534218,-0.00110675165514468,-0.00127913935478075,-0.00154428994436066,-0.00158191891650801,-0.00143160900316371,-0.00167110041377601,-0.00159143959420954,-0.0015464714447942,-0.00142555866766453,-0.00134515914194565,-0.00310144855468463,0.00294022846166636,0.00625209784709822,0.00606115189604386
2066,-0.00337832276551075,-0.00365932650624372,-0.00356977369260022,-0.00327518069377268,-0.0032652780132988,-0.00330375219236786,-0.00353699366558042,-0.00375944393439396,-0.0037537739907111,-0.00361409657006083,-0.00338695623297165,-0.00318143194397617,-0.00328783869045807,-0.00321005576591322,-0.00306149313615357,-0.0029951876354141,-0.0025604036664395,-0.00267566086284248,-0.00298914201929578,-0.00295254166579756,-0.00288836252967256,-0.00306172149208712,-0.00303329265666164,-0.00293357705668369,-0.00281794005534281,-0.00276820740161141,-0.00452102816119295,0.00146471632092965,0.00478752580705186,0.00466385064598208
2064,-0.00377329930016103,-0.00400379477628612,-0.00395620990760902,-0.00365826436592708,-0.00370489785739163,-0.00379818475832388,-0.00404156691193573,-0.00423382662941191,-0.00424222036248734,-0.00408760470915338,-0.0038474873747654,-0.0036507787038261,-0.00377177282670685,-0.00366607020134766,-0.00357421033178432,-0.00343645037275394,-0.00305103578622918,-0.00310001310068137,-0.00345596503777827,-0.0033453882954632,-0.00335106787081058,-0.00343506281316272,-0.00350765199591704,-0.00332679301836398,-0.00322543767259351,-0.00319260085392556,-0.00496356201855982,0.00103448224751303,0.00429221042301486,0.00423007974310326
2062,-0.00306979699287984,-0.00328914642375614,-0.00328869704670033,-0.00293097141987741,-0.00304285786272799,-0.00318897895379767,-0.0034620370815401,-0.0036134834341537,-0.00363903084759164,-0.00342949180253691,-0.0031582554940347,-0.00300501302133891,-0.00311298083689272,-0.00303962092680034,-0.00297559201075711,-0.00281433509818613,-0.00245914952621968,-0.0024615708715282,-0.00283095443458238,-0.00269298994946219,-0.00273331414520389,-0.00274171470893313,-0.00286651905493936,-0.00263120302016269,-0.0025579645240916,-0.0025242371533092,-0.00431655012113875,0.00175483699534029,0.00491892598804641,0.00490720887713276
2060,-0.00160802125202164,-0.00187004960638164,-0.00188511993411841,-0.00144360229129234,-0.00160649839989194,-0.00180846539275084,-0.00208638855054016,-0.0022035006683915,-0.00224495838410656,-0.00199433632883707,-0.00168916363270092,-0.00158363864595497,-0.00167478149216153,-0.00165596009798618,-0.00156454737160351,-0.00144828403846578,-0.00109049732968997,-0.00109024848946111,-0.0014256214706779,-0.00129341596096111,-0.00134766116409521,-0.00134109378035712,-0.00141517893785735,-0.00120257429623148,-0.00115205933903018,-0.00110464442875953,-0.00292603205323794,0.00323815062619026,0.00636539437357377,0.00635738502746686
2058,-0.000191435132712452,-0.000520766224330099,-0.000514729481629197,-1.58686882757702E-05,-0.000196080078067513,-0.000441405750235736,-0.00071277776737333,-0.000812343992522307,-0.00085140985796631,-0.000615032658125571,-0.000278421420849559,-0.000196031332043445,-0.000289896292736877,-0.000303841504356264,-0.000169280391060902,-9.03877602940721E-05,0.000268203986394832,0.000234430013767506,-3.78204941932021E-05,0.000107039597771263,2.76042359454556E-05,-2.37998822710715E-05,-8.9539877340939E-07,0.000131478730865911,0.0001804041993986,0.000256985170896443,-0.00160267872495597,0.00461664875337027,0.00776996563628748,0.00770998595187623
2056,-0.00012345344566016,-0.000494507123824895,-0.000442265104463646,5.15767849193333E-05,-0.000106255362210185,-0.000335907235361542,-0.000628062335482476,-0.000725800147117142,-0.000740221712199033,-0.000553866418225672,-0.000186141266594277,-0.000106638700489825,-0.000224381001546531,-0.000220489325964086,-9.14529549073996E-05,2.22578936275387E-05,0.000344254653276516,0.000283333686677561,4.71416538851975E-05,0.00024529545368183,0.000128896615533122,-1.60064625517073E-05,5.10069396121482E-05,0.000111133741348493,0.000169736042483222,0.000310404983859992,-0.00156062646724521,0.0046366433444436,0.00781620203149266,0.00770926150883402
2054,-0.00181519867950576,-0.00216547124350303,-0.00207228901602548,-0.00164487751228322,-0.00176051414659389,-0.00191514704205935,-0.00224739785492485,-0.00234958059378064,-0.00234012867791646,-0.00218401606554865,-0.0017995131304241,-0.001719047409211,-0.00185793050051631,-0.00179312142530326,-0.00173290068682646,-0.00152978378443508,-0.001279472698048,-0.00132771889440205,-0.00159596347512557,-0.00133614153552574,-0.00145556520751483,-0.00167155602549487,-0.00164703236719783,-0.00161365054403965,-0.00155612309912977,-0.00130813703631583,-0.00313799234492773,0.00297632766996088,0.00615846680188244,0.00607093527148485
2052,-0.00362517063182361,-0.00390683946439287,-0.00381457624053272,-0.00347089242312649,-0.00356416446111685,-0.00364917773239282,-0.00399510543047562,-0.00409581782778026,-0.00408246099646584,-0.0039093638929617,-0.00354989005034115,-0.00346209850687219,-0.00359307078394325,-0.00347094184020508,-0.00349546121010775,-0.00319987945857958,-0.00302602444679039,-0.00304499704863652,-0.00338988133125391,-0.00310518532727382,-0.00314895400393948,-0.00339289799914919,-0.00344207872881604,-0.00339762454092183,-0.00336665984076833,-0.00300390263728007,-0.00478424901580723,0.00125111365856276,0.00444964758288773,0.00441913248125865
2050,-0.00344919208833247,-0.00367289964494073,-0.00362593009902914,-0.00332163458073203,-0.00343469176846777,-0.00348955901838241,-0.00380999434183806,-0.00389575506993394,-0.00388132624766863,-0.00366484522676875,-0.00338108989729529,-0.00327145543462264,-0.00336418187779989,-0.00322980986257471,-0.00330954688390967,-0.00293457906776674,-0.00281403474938463,-0.0028344436416153,-0.00324215217511488,-0.00297457448682534,-0.00287757494672195,-0.00314289090161814,-0.00323142214859136,-0.00314471211829913,-0.00316544593108707,-0.00274668879161324,-0.00452524809928641,0.0014812172195161,0.00472045078335855,0.00470441792889074
2048,-0.0010997161370277,-0.00131512787796151,-0.0013172776377781,-0.000979689323565743,-0.00113140826870693,-0.00115129839256878,-0.00144052747275396,-0.00150697033584735,-0.00146414244937797,-0.00120644993940676,-0.00101568016514001,-0.000895572915321293,-0.000943513482301352,-0.000830357678956119,-0.000930892125611669,-0.000495926131957572,-0.000381852913582505,-0.000437414267704927,-0.000859816756180887,-0.000623259341064875,-0.000394626952526083,-0.000719190814217384,-0.00080144394543285,-0.000632427759359317,-0.000698619295096698,-0.000340218702429046,-0.00214467489615716,0.00387915253673354,0.00713248796134332,0.00707462441495664
2046,0.00165261553852775,0.00142724142940626,0.00140890765304034,0.00180362892053607,0.00164525174579546,0.00170613799768826,0.00142526423247299,0.00134791961064181,0.00144763907610276,0.00173334095834483,0.00187924169550962,0.00194625679839714,0.00192180748650572,0.00203507746080139,0.00193841310008926,0.00237510049994342,0.0025460810826935,0.00246691941752626,0.00208034896269573,0.00228963576149009,0.00255962891060447,0.00214878978264577,0.00208921687612282,0.00235869891575212,0.00231599514795043,0.00249494540096752,0.000697257511252226,0.00676462448274649,0.00996540983373861,0.00988103857963462
2044,0.00319317193595817,0.00299726282923012,0.00298210572459301,0.0033682129313339,0.00325563786664234,0.00340861013171374,0.00312547151768956,0.00297746385911286,0.00313355161890697,0.00342365076882178,0.00361571502599917,0.00356414515205396,0.00353270841613232,0.00369428712628654,0.00362774661961596,0.00398789780847694,0.00425457692632365,0.00418778744902618,0.00387837969100337,0.00405415161454858,0.00426196165261802,0.00380313849418112,0.00376663466123764,0.00409077149157865,0.00416401874390278,0.00412289733980883,0.00236807297626687,0.00848135574577896,0.0115873949442166,0.0115291771371729
2042,0.00318270889702102,0.00304695690275832,0.00302705953121886,0.00332134313432358,0.00327218785273072,0.00348246318925291,0.0032087296577314,0.00295359789562102,0.00314242268292498,0.00339367581972732,0.0037009345057352,0.00354173932927586,0.00348676339010355,0.00370404897140981,0.00369491303362533,0.00394678389461997,0.00428825264356666,0.00424217643391202,0.00403446284694609,0.00415408229211256,0.00425531331735756,0.00382679091371003,0.00384865181651875,0.00413590692888862,0.00434365058380614,0.00414706765360379,0.00243842492649162,0.00854903978499302,0.011560123382708,0.0115175423441438
2040,0.00175641170347816,0.00164386602191396,0.00161799380616202,0.00182477845667815,0.00180433693754031,0.00204773239389477,0.0017881258797863,0.0014622883643116,0.00164475428775873,0.00181871629412207,0.00224330835658866,0.00206812617441507,0.00199338154190281,0.00221787642558581,0.00227318870963156,0.00245051580466509,0.00280785449822081,0.00276250818935844,0.00263790963279337,0.00268287773190614,0.0026972116027886,0.00236086139284834,0.00251559515692312,0.00268314133616934,0.00293886188304794,0.00270401220650129,0.0010675377654247,0.0070696289409581,0.010010010017532,0.00991811195909446
2038,-0.000152882990403238,-0.000316712597785068,-0.000342312231661908,-0.000112676362612464,-0.000159442977364123,0.000126559718665623,-0.000133636047632958,-0.000436042048438236,-0.000324522967770198,-0.000205208924085266,0.000264961422506762,0.000176745748410439,0.000100808034252674,0.000278037375337542,0.000367794102755476,0.000528280504876263,0.000866592644982243,0.000807883969285559,0.000691630177903748,0.000672411723989591,0.000649096555329324,0.000430424833463139,0.000750334629512343,0.000763230730007392,0.000970183797915685,0.000779267633059851,-0.00072168946921708,0.0050856209491002,0.00800763141565562,0.00785353592665872
2036,-0.000361603746829138,-0.000598459010034226,-0.000647595998945254,-0.000280271312755596,-0.000384104727074774,-3.26416079581152E-05,-0.000307249627661266,-0.000518976223097771,-0.000531333758165372,-0.000387867211158217,3.4028264993455E-05,6.78010382223377E-05,1.20904413402587E-05,0.000130321336558542,0.000201811523018206,0.000383620451594062,0.000731012337409532,0.00065232021107521,0.000477399130210359,0.000431543836342107,0.000409621169770069,0.0003094932646483,0.000706893016118271,0.000592103505719881,0.00075194953581507,0.000610937039387002,-0.000752014423937977,0.00488924530411221,0.00784431080450693,0.00770692131699209
2034,0.00232250997173293,0.00206399722589576,0.00194565603245206,0.00247521898205575,0.00231247970775477,0.00274816317843482,0.00246783984684714,0.00232949711956212,0.00222431168797661,0.00243080631297133,0.00277027589725178,0.00288381007603151,0.00285655440312395,0.00293533962395341,0.00295497160809371,0.00317354131381103,0.00357650256792919,0.00345740728880652,0.00323813210407113,0.00321052598142707,0.00320203683399844,0.0032055296683972,0.00350919778578999,0.00334945108081168,0.00352189460864469,0.00341908991812652,0.00208805234654298,0.00768584444148856,0.0106574826510946,0.01062265177279
2032,0.00597411491055881,0.00574508370584545,0.00556136642239103,0.00619755696512043,0.00598407740142277,0.00649998242565768,0.0062418254019339,0.00610370415765786,0.00602380092702199,0.00623754346875553,0.00653885582995534,0.00666341499229068,0.00665016043759576,0.00670320715912507,0.00669132422580918,0.00693871064861391,0.00739724273927721,0.00721783608306401,0.00701975204620256,0.00705391917964004,0.00705867829421619,0.00711846390667251,0.00719928451170874,0.00709994901095809,0.00729496496173328,0.0072560044649229,0.00583269748766078,0.0115039460100408,0.0144245895511605,0.014495633792113
2030,0.0073561254080549,0.00712880414409443,0.00696818517763129,0.00763592410314397,0.00739862979830081,0.00794820906975743,0.00773275256287515,0.00752493556299341,0.00756749532951656,0.00771875789428813,0.00804374260317932,0.00813300981287318,0.00811452496706399,0.00813570330680398,0.00816056841953034,0.00838719274243508,0.00885358360608835,0.00863863042815327,0.00848290614997503,0.00861201911047651,0.008636779864133,0.00866751628745319,0.00853609900437421,0.00855975338258828,0.00874647095735464,0.00878188277932723,0.00723233118516512,0.013005856093047,0.0158783708546344,0.0159734582135036
2028,0.00579322526775493,0.0054777402288506,0.00544341833928796,0.00609003017790449,0.00588678440564833,0.00641826694306177,0.00623689707091785,0.00592682094326372,0.00606468245496929,0.00618085412446554,0.0065417818315989,0.00659118066555337,0.00657683986323673,0.00655248230378188,0.00667133777000064,0.00680502111384133,0.00724086250754363,0.00705709016513502,0.0068902938309055,0.00712264061480738,0.00716410795806333,0.00710507299591964,0.00686824959960997,0.00699126242956311,0.00718801517419779,0.00723124706100167,0.00561361173545008,0.0114138885182913,0.014341083908905,0.01436627720721
2026,0.00319493449833571,0.00275276395984537,0.0028841285080531,0.00347251521689347,0.00336249296100746,0.00387248230701381,0.00368945861881655,0.00328390413731233,0.00342594395025015,0.00359000650015819,0.0039668525736947,0.00399793260892962,0.00402075582158171,0.00395014650883465,0.0041575941110233,0.0041530275643282,0.00456620296920828,0.00446877176239213,0.00423723668378874,0.00455685816640371,0.0045645582243287,0.00444207374335701,0.00418491508280715,0.00433803767971248,0.00459254721035952,0.0045676529064309,0.00296027136160969,0.00868516264717164,0.0117293431789208,0.0116502369717103
2024,0.00118923405833281,0.000702054156079052,0.000977692886643622,0.00146633000703495,0.00146984913900373,0.00196799651761377,0.00175020032377362,0.00129422036286608,0.00141027281476009,0.00164290310490944,0.00202344502510073,0.00206252093014593,0.00213677586665162,0.00204529903987964,0.00228265806669922,0.00215826033948037,0.00257568069329408,0.00257984159713476,0.00228562277200614,0.00266554257184291,0.00255769332636948,0.00246239915243645,0.00222147543645601,0.00234675110620249,0.00263525664227386,0.00256026266468328,0.0010217155017055,0.00665802549632414,0.00975826924909498,0.00960092708424114
2022,0.000640096984073446,0.000244784327269412,0.000609078817655762,0.000968643333521307,0.00105626680701624,0.00151806676670869,0.00125540757763089,0.00082460359773397,0.000954784507187781,0.00119539332255515,0.00157313310673013,0.00163221709054847,0.00173366376651693,0.00167157382632883,0.00187544918967614,0.00172009797703265,0.0021438032358701,0.00223232987187486,0.00191617406429759,0.00231603961040329,0.0020669073064566,0.00207932857713236,0.00187854844577977,0.0019465492873093,0.00218186570460936,0.00213320527809223,0.000682022249577872,0.00634752211225213,0.00940325243759681,0.00920784869149475
2020,0.00217502061997105,0.00191882058244514,0.0023038674971378,0.00254089224930572,0.00267724517770965,0.00309649318190396,0.00277541705002237,0.00243986348845793,0.00260118741647074,0.00280410711043854,0.00316142840279955,0.00323256703308794,0.0033298274336372,0.00333287242617923,0.00348033895915802,0.00340515799157249,0.00380409883369148,0.00394884087703373,0.00363941016898059,0.00400567552993157,0.00370314540381316,0.00382323105227013,0.00367183001941214,0.00369086291266158,0.00384372769999303,0.00382273719655225,0.00242742216391028,0.00823699956621107,0.0112240847528249,0.0109989869306255
2018,0.00505087319130669,0.00485550662616394,0.00520043757755022,0.00535953570076073,0.00553571363263395,0.00597774632573005,0.00555845190298004,0.00535828724734556,0.00548966281583869,0.0056919785784329,0.00601373289249975,0.00608327363363962,0.00617625881277974,0.00622449809445027,0.00633173860203952,0.00639542143152888,0.00673337761990064,0.00690827349238403,0.00660884631871538,0.00689462853335597,0.00666519655306938,0.0068151391721691,0.00667719274416635,0.00671742995287112,0.00684018936069506,0.00676424996301031,0.00538255328958683,0.0112910730309049,0.0142452302268313,0.013972587944346
2016,0.00653622392481449,0.00631696750142864,0.00658078047084314,0.00674781617791161,0.00694549849912335,0.00746424988724601,0.0069150738616445,0.00686294495088218,0.00688335464660338,0.00714967004544838,0.00745546816761935,0.00751716827187804,0.00762108547103316,0.00765140707357495,0.00775745418318465,0.00792439399324685,0.00819091513123616,0.00836973154687186,0.00808592392619241,0.00827743597129161,0.0081706034462879,0.00824848645744227,0.00806854033693704,0.00824904294371532,0.0083670543721185,0.00819262268334647,0.00682394575030875,0.0126689634631352,0.0156174261592955,0.0153078761699148
2014,0.00463542799417737,0.00439857489631388,0.00457171744575104,0.00485875014272099,0.00501653238230465,0.00554715161371219,0.00490234865800848,0.00497209234157889,0.00486667690909503,0.00520205315010661,0.00553867346837769,0.00558925319242182,0.00569677747711816,0.00566924595453508,0.00581619563064351,0.00599258762557922,0.00621659617030074,0.00637073253979914,0.00611768471337683,0.00624833807088935,0.00621576196123263,0.00615646587603333,0.00593198880098451,0.00632523877141881,0.00639041299653854,0.00616988069293169,0.0048357327337213,0.0105293479156503,0.0134939201944558,0.0132098104871973
2012,0.00104773281829158,0.000845960158487205,0.000942594813836656,0.00141724928889738,0.00148150114871588,0.00192321133566533,0.00125954246510273,0.00137980981725697,0.00120584812627506,0.00156215103952674,0.00194588236457862,0.00198262972204588,0.00206399666555467,0.0020094751573774,0.0021960664725104,0.00233729653153324,0.00257109224641403,0.00267329223785026,0.00245438991458174,0.00257373158704935,0.00255540388779304,0.00237175004898779,0.00216628704526732,0.00270697301337215,0.00269032373570762,0.0024841313553724,0.00116376626834408,0.00677006946476982,0.0097776926184155,0.00958374823499123
2010,-0.00101828220241114,-0.00118055378954535,-0.00114705147967432,-0.000522111425474457,-0.000528220725864737,-0.000172839334396422,-0.000799443997559055,-0.000712108220044993,-0.000894351511211328,-0.00054189436887716,-0.000159069980467212,-0.000118130318321361,-8.9552393513291E-05,-0.000102998800358212,6.21018684740972E-05,0.00021189577051502,0.000498832035526921,0.000529310367147366,0.000322418654056236,0.000459824699096846,0.000439126131008569,0.000214673290343112,8.36082756813374E-05,0.000606001408814914,0.000560017049161244,0.000374577261290295,-0.000985871347148519,0.00462685469449177,0.00767248521857902,0.00758370180699626
2008,-0.000536583569323857,-0.000710366498851494,-0.000727787436900029,-7.88440746593503E-05,-6.37902216492002E-05,0.000261460052172974,-0.000295950323443489,-0.000293850702668993,-0.000462715723846243,-7.49905561594195E-05,0.000217832734190176,0.000311618642716821,0.000264459474810294,0.000339372375643571,0.00041644411830664,0.000635338956002123,0.000984976843833054,0.000943197100096675,0.000710969305925327,0.000880991731431514,0.000846280530468219,0.000694072896458549,0.00063592691852029,0.000980813916610828,0.000987009941239564,0.000825955131883259,-0.000594989743650328,0.00506735799329064,0.0081029451281181,0.00808070555224417
2006,0.00125050316207841,0.0010163048108497,0.000983343120195175,0.00153707378039055,0.00165098946017243,0.00191286132825001,0.00146426828583903,0.00137105249735329,0.00122060868354692,0.00169853599015666,0.00183680663372555,0.00202454881773944,0.00188563734452257,0.00204341646475595,0.00203828480580436,0.00233196416805662,0.00271308603273551,0.00262462835130869,0.00235135976333736,0.00256540554091925,0.00248803206352598,0.00247430296354698,0.00244741832426285,0.0025611911738287,0.00265980339779519,0.00255843514703759,0.00109575988589681,0.00683649019299758,0.00984627210634374,0.00981968365303563
2004,0.00290383329184363,0.00260366509184941,0.00260715576624872,0.00305993223637374,0.00326082202905387,0.00338185789913494,0.00306323564910997,0.00287647266807798,0.00276563015042447,0.00332345694086495,0.00332683869525681,0.00359183898538594,0.00338634476424572,0.00357539955359405,0.00355630538190257,0.0038936851616801,0.00427015169066321,0.00416123396465057,0.0038747813765276,0.00412272501746587,0.00401330885718936,0.00409287351294438,0.00405993333271997,0.0040229996308666,0.00420783871002013,0.00417381175695011,0.00267122377826696,0.00851405149185397,0.0115620870344657,0.0114698507916761
2002,0.00348178788223894,0.00314999998092733,0.00322229459451762,0.00365106355322224,0.00386894612610541,0.00388739461553813,0.00365138994576233,0.00336983721294736,0.00333308752237397,0.00388995691097407,0.00383553913383217,0.00412877150735483,0.00392687251098921,0.00408431056609734,0.00409456651819567,0.0044667892233447,0.00483321313407348,0.0047059209905033,0.00444572543818959,0.00467376890778794,0.00461529593704963,0.0046652565471554,0.00461540273757336,0.00456298395258668,0.00480670671680971,0.00479126650114171,0.00323957213316085,0.00915254819637377,0.0123027170021945,0.0121337815231943
2000,0.00205895663934275,0.00176623821818933,0.00188555294529828,0.00234635763339888,0.00252415643006233,0.00258032964630557,0.00233864918108923,0.00199404434421504,0.00204442111114055,0.00250445523487859,0.00247041545887826,0.00276387347120066,0.00264138207806176,0.00271984674212079,0.00274553185329017,0.00314940669181197,0.00353300829995618,0.00338396209420972,0.00315592294197813,0.00329091382504654,0.00337264016109006,0.00328788798787404,0.00322430490500654,0.00326797034725941,0.003508603224886,0.00347243399343682,0.00191086571499888,0.00782111514499739,0.0110585706276961,0.0108551381151101
1998,-0.00101598877327158,-0.00119315491123864,-0.00109665409044224,-0.000609321986864784,-0.00048577755903431,-0.000311179312279393,-0.000596249746416956,-0.000923823836627982,-0.000826656657467318,-0.000507206003483833,-0.000470370366126757,-0.00017500082476479,-0.000193557995231656,-0.000196828361138238,-0.000181611633403737,0.000210237915860031,0.00063954917186091,0.000497791647439926,0.000262935625505363,0.000284568090788021,0.000500566106544451,0.000267707091003048,0.000200285286661658,0.000387037190787354,0.000545929388752431,0.000497728772699556,-0.00100267343557614,0.00488626251358241,0.0081451411202297,0.00796916481703929
1996,-0.00326133011945051,-0.00331851155021272,-0.00329433137360964,-0.00281631733355477,-0.00272738408993525,-0.00247032010845218,-0.00274249243163075,-0.00298435297307932,-0.00291569222306616,-0.00270027552469392,-0.0025757983545123,-0.00228061636574592,-0.00224145588018189,-0.0022716899097866,-0.00226958825627558,-0.00194157526851751,-0.00147253387717846,-0.00155581326876057,-0.0018406862348003,-0.00186552671833577,-0.00162768107663026,-0.00192533771738197,-0.00198980093221948,-0.00168745662824153,-0.00162893344383745,-0.00167722010220391,-0.00310942402907098,0.00282730061616101,0.00605875335937337,0.00594155088512923
1994,-0.00262200181402029,-0.00264594629282395,-0.00266528009255785,-0.002224242179144,-0.00214558128462012,-0.00182636436428857,-0.00201873407991364,-0.00217333279411662,-0.00217863707612494,-0.00199894258749082,-0.00178953226172895,-0.00151618431538307,-0.00149512835257168,-0.00148286138378458,-0.00149030650941026,-0.00121886443402611,-0.000745143053602071,-0.000753346582341155,-0.00109053497775218,-0.00107176421081297,-0.000926005006838575,-0.00117704950980936,-0.00125112502074344,-0.000906577336406504,-0.000882269133442562,-0.000949370732428692,-0.00238233292111911,0.00365672292801474,0.00683432538757965,0.00677169772523482
1992,7.77677068415998E-05,-4.89721699405964E-06,1.34151911157596E-05,0.000405253577956548,0.000483662698617469,0.000935970243932132,0.000788402804592058,0.000678621559191166,0.000626170794616314,0.000807554609343105,0.00108803441679622,0.00132424882622388,0.00127007101779476,0.0013497046233556,0.00132860815111376,0.00160701721855068,0.00204731735962747,0.00206501078967344,0.00171118340334082,0.00180653244778291,0.00183778234173488,0.00170656232424549,0.00159282693012019,0.00189157536141318,0.00196623686271377,0.00187016564408381,0.000383971250554625,0.00648141737459806,0.00957933947948626,0.00956755146763759
1990,0.00221151872923844,0.00206050461387361,0.00215260781546412,0.00250587902243622,0.00258096952974841,0.00322189476877882,0.00298807489945281,0.00289212907832708,0.00286466705621414,0.00304527357193021,0.00336028288018509,0.00357005688997468,0.00343672873774947,0.00354567626748143,0.00352327067826532,0.0038487737080999,0.00423782791384412,0.00419933913550917,0.00386539564620506,0.00400415062095479,0.00398829243673131,0.00397860675628031,0.00381395722908465,0.00399400944735921,0.00414733613736989,0.00405648797397493,0.00252126588751016,0.00859778839200569,0.0116272064963106,0.0116635403141943
1988,0.00243774979981424,0.00225541972777386,0.00235894208617475,0.00271305074878895,0.00278067459021693,0.00357072182897991,0.00317672736092689,0.003081834146184,0.00312147326283254,0.00329933539799656,0.00359656229734034,0.00378027679847222,0.00363373033605729,0.00371144874144813,0.00372683692273436,0.00405979779069075,0.00441150510442287,0.0042709613046825,0.00397314362664423,0.00411876543596481,0.00412114587013082,0.0041698134796951,0.00399412455265826,0.00403709311711708,0.00424581230409956,0.00419466670538743,0.00260188817998128,0.00865441012830626,0.0116867104395205,0.0117343140324157
1986,0.00126779551874578,0.00104552495070559,0.00107179388995641,0.00146385159498261,0.00152880504612195,0.00242560387249356,0.00194543147829135,0.00182348709987088,0.00191391562528154,0.00211590266455107,0.00235775048381428,0.00248136078217443,0.00241024612712713,0.00242203516566091,0.00249970437512071,0.00277113809047511,0.00311159384022379,0.00288315826198652,0.0026332281897614,0.00278735853214523,0.00279781824311679,0.00282539273350945,0.00270674382653943,0.00265622188755945,0.00289311959630596,0.00286761777335943,0.00117413980186749,0.00724711500662535,0.0103477948026245,0.0103403960102682
1984,-0.000644374207980382,-0.000939017139606259,-0.00101943170450294,-0.000590933267635494,-0.000523179589177206,0.00049654307242555,7.17608786532295E-05,-0.000111359146858108,-1.18945027169481E-05,0.000250438700539423,0.000423512080551695,0.000471393059226384,0.000505508685837432,0.000450294470315083,0.000568974365565354,0.000752843783265715,0.00109612530282467,0.00082396646769713,0.000637816637201287,0.000809010316064742,0.000776035091394466,0.000726848325588682,0.000717899239039047,0.000642005347913319,0.00087818009643584,0.000844316553109941,-0.000945596747471872,0.00515665320224271,0.00832300191158689,0.00822046103397568
1982,-0.00226452849748719,-0.00259158988946728,-0.00274349917898671,-0.00230770394310358,-0.00224674220207327,-0.0011045292571999,-0.00140329814501306,-0.00163303805256968,-0.001561980207927,-0.00123698852689575,-0.00112915969921612,-0.0010900756162431,-0.0010206894816275,-0.00112099223080279,-0.00100800354946388,-0.000869210994500582,-0.000525177328669024,-0.00079646464095088,-0.000924049031663429,-0.000758907685282058,-0.000848579062129251,-0.000975875258685355,-0.000881622509457926,-0.000935673062036024,-0.000735818856016589,-0.000789399809296703,-0.00258605046981475,0.00352175083714148,0.00670644361901067,0.00652979046904923
1980,-0.00171476250030587,-0.00196485274227308,-0.00214309788910503,-0.0017016056410579,-0.00167295958220028,-0.000461175188307487,-0.000701935118280413,-0.000902851459870935,-0.000885228428712448,-0.000556998153974725,-0.000476564350592705,-0.000345570333236741,-0.000342721140211865,-0.000460436039353703,-0.000377384860406011,-0.000204960422529327,0.000135192202841762,-0.000108647559606502,-0.000214376236951007,-9.61983005388619E-05,-0.000188951478091799,-0.000339002140143704,-0.000218351183657731,-0.000242841652594382,-8.38640908922256E-05,-0.000151416366455559,-0.0018871281779413,0.00421559308284932,0.00739600896624425,0.00718353485427684
1978,0.00148720316517698,0.00135776715436318,0.00118024622621165,0.00167604767455188,0.0016479937195418,0.00291630931588113,0.00260853065501387,0.00249935557620451,0.00246319684456831,0.00270165568963003,0.00284301310015633,0.00306951929759303,0.002997280102099,0.00286810428770176,0.00293332305101861,0.00318080882897678,0.00353217248753102,0.00332364647170729,0.00320551402078947,0.00326288759188937,0.00323295793757339,0.00310665864328095,0.00317143190977338,0.00316926089845826,0.00332928708983271,0.00325230746638471,0.00152696167579985,0.00760694145068197,0.0108079226987719,0.0105456737224165
1976,0.00465121662721202,0.0045451442353112,0.00440556854013997,0.00498872604276334,0.00490221470529618,0.00627672856824835,0.0058538657528693,0.00581523595444887,0.00577047915427649,0.0058769400688025,0.00615704979171605,0.00636326699636097,0.00631283761631542,0.00615450601777228,0.00623464356127707,0.00651028719872506,0.00690030106724368,0.00673357483437829,0.00659287789099401,0.00661948358165195,0.00666944320050851,0.0065378247139347,0.00654694855011055,0.00656620332344388,0.00675696499876133,0.00668622861435901,0.00487910284462687,0.0108788254548713,0.0141409121147894,0.0137890825696308
1974,0.00453452444539662,0.00431941413224444,0.00426236650197888,0.00488382616601921,0.00477027557109934,0.00624121531306607,0.00577932448415359,0.00572931594399756,0.00574004658989318,0.0057981871484281,0.00616902753414321,0.00626069027384102,0.00630349046665911,0.00612219870707318,0.00625509168694025,0.00646507328038867,0.00688913270028733,0.00677207764982836,0.00659940700305886,0.00664478857840683,0.00674849080635362,0.00654306399422934,0.00658368033404622,0.00661611110150728,0.00680349857110692,0.00675620269878086,0.0048643762730832,0.0107659532309535,0.0141094326685767,0.0136924529245524
1972,0.00163899146388943,0.00128865923987754,0.00131354877493692,0.00189649222895604,0.00179868677303218,0.00328623869956668,0.00289452116288705,0.00280070511793407,0.00286064685318983,0.00301507641358625,0.00333197260168022,0.00333905095512432,0.00343868085251968,0.00329397594219657,0.00349274393813442,0.00360622155803163,0.00402472937546896,0.00393844033614689,0.00371336643332119,0.00381483186998295,0.00395371822420741,0.00366607242094707,0.0037976144871249,0.00382511332484909,0.00396568341906201,0.00391604276664493,0.00201076734697554,0.00788935446384483,0.0112988126965777,0.0108931226551708
1970,-0.0011928599112412,-0.00163215237793483,-0.00157092367563464,-0.00105130661908572,-0.00110780808152031,0.000397024942209971,0.000113277375592318,3.96267194880637E-05,5.82734551694498E-05,0.000358252708178479,0.000556126904190006,0.000539678737812164,0.000633823142816784,0.000594958446661149,0.000810766007925438,0.000887663873868528,0.00127946048634973,0.00117411200734549,0.000892628260947701,0.0010634625407353,0.00123677695273649,0.000927476454884413,0.00110353032174302,0.00113065844135275,0.00123650046349999,0.00113357717195971,-0.000741222780497954,0.00517016760400277,0.0086015517166498,0.00823603723410925
1968,-0.00251139968263186,-0.00300973993501651,-0.0029517914886051,-0.00247845611239629,-0.00249938988631072,-0.000879038538859715,-0.00108611282969886,-0.00105001942759423,-0.0011491757988351,-0.000806500058847515,-0.000641854686121977,-0.000693352589599555,-0.000602095296472717,-0.000533312251162993,-0.000397681392088657,-0.000275371956695142,0.000112711169160622,-4.85641588196018E-05,-0.000370109350315445,-0.000131218768439132,4.2099295564898E-05,-0.00021893761138543,-0.000105814012106409,-4.04447181501122E-05,6.65904926762584E-05,-8.27616819033173E-05,-0.00192345661449458,0.00397204857202118,0.00736309662891655,0.00701099174472505
1966,-0.00220930379494373,-0.00274689989097861,-0.00271027437640712,-0.00225130127141667,-0.00228080539551137,-0.000500766923817344,-0.000679182207153327,-0.000521858686186318,-0.000695024011220021,-0.000478402837126623,-0.000213940467449125,-0.000344023702876734,-0.000220283369911451,-0.000130404638111784,-0.000118731596224615,8.04535058180672E-05,0.000487235100505472,0.000287182671395697,-6.3882673621074E-05,0.000237545568488726,0.000335494914307657,0.000162499686460508,0.0001423041733184,0.000271524981416637,0.000382263577327511,0.000276436004762325,-0.00155292483643156,0.00426051402804775,0.00756615704470272,0.00721141530518669
1964,-0.000502859239272298,-0.0010496549191734,-0.00104598278625085,-0.000552258484281911,-0.000648724529311277,0.00123915646572863,0.00106830673513976,0.00124850037895099,0.00113520979425367,0.00114946192822468,0.00154735444519274,0.00135668032765273,0.00149286733784314,0.00152088779301509,0.00149253080154725,0.00174135969021959,0.00213849680294386,0.00195402298855424,0.0015619977611395,0.00191681257009995,0.00190106951807407,0.00183045728393892,0.00169642051264431,0.00185548821567885,0.00194898377959241,0.00194165621583373,7.6357921567216E-05,0.00584683703656653,0.00906288114627936,0.00873000592565274
1962,0.0014617591730199,0.000915022266263459,0.00088559880166418,0.00146469904157585,0.00126864657011436,0.0032482684350468,0.00309702482111446,0.00318482631714516,0.00321083161756645,0.00306277520384163,0.00354769829123636,0.0033605925056004,0.00344474848138952,0.00341506564950649,0.00346353018453929,0.00371341220639099,0.00406637877590164,0.00392574423195825,0.00348895982312906,0.00387992650482739,0.00378519921413795,0.00381254924353748,0.00363234780026057,0.00376087652563325,0.00383688833431623,0.00386924774186412,0.00193392496994078,0.00775652497408039,0.0108903312212464,0.0106039236989743
1960,0.00149023928622322,0.000920056015221214,0.000895348610056451,0.001549260382873,0.00126910837644136,0.00338397111084282,0.00327534916369079,0.00324034236780471,0.00336676390196487,0.00312340087220266,0.00366696470904225,0.00351462753393623,0.00351616090948029,0.00349186688255868,0.00363531856667493,0.00383640229579728,0.00416886984658931,0.0040616196722637,0.00360350519172313,0.00400164547318078,0.00389155891608256,0.00396198185603567,0.00380680000092208,0.00387289058574706,0.00395824702634058,0.00393254142156982,0.00195984192698854,0.00786886721468841,0.0109312806367197,0.0106857276902947
1958,-0.00125222967808078,-0.00185813860480237,-0.00182818979586578,-0.00119116690514828,-0.00148610405027595,0.000742731908686399,0.00068211806940939,0.000599404028341047,0.000726339846022017,0.000442013688082666,0.00102743557221608,0.000888838513162479,0.000837082096790875,0.00087173681675589,0.00101418448282477,0.00113570008967443,0.00151783681392914,0.00143104831611154,0.000971530401002019,0.00134865517044967,0.00126706824453073,0.00128081732803466,0.00119736166451142,0.00121424808721008,0.00134044227493969,0.00122490422677456,-0.000717921281969449,0.00524165791379988,0.00828049266846043,0.0080546143157859
1956,-0.00444016259643051,-0.00505436694740455,-0.00497895930376002,-0.00443364551160938,-0.00466606307972612,-0.00241156014083595,-0.00244892600304799,-0.00248966509908434,-0.00242256851522682,-0.00269771986166711,-0.00213272665925971,-0.00228134050449024,-0.00234662108926633,-0.00223847915553753,-0.00219370474094396,-0.00213176790210998,-0.00165787411464897,-0.00173405430551971,-0.00220508971089597,-0.00184797873126895,-0.00189238681657683,-0.00198567797020515,-0.00201799237626486,-0.00200805637190273,-0.00182903384161661,-0.00199399088428455,-0.00391210510294597,0.00206183566995488,0.00514923984075694,0.00492630378952869
1954,-0.00547239920150107,-0.00606019941361762,-0.00600857367336167,-0.00552602308816706,-0.00567510979174602,-0.0034084693552529,-0.003459343289565,-0.00345103715475031,-0.00344146251228563,-0.00366573425473039,-0.00320037651036386,-0.00334974304220166,-0.00342672287438596,-0.00325225899123266,-0.00330630845346337,-0.00325159301578687,-0.0027024102400269,-0.00280174266134821,-0.00329086242174142,-0.00293179428569751,-0.00294827767850783,-0.00310413972625197,-0.00316404769039594,-0.00311471517237522,-0.00290269355979716,-0.00307390261683069,-0.00504423049555169,0.000926681643254956,0.00409582364518925,0.00386683161222813
1952,-0.00435680351520822,-0.00490605493275771,-0.00492960607425359,-0.00442162216655759,-0.00453309457101376,-0.00217654573748252,-0.00226400350457763,-0.00226692792742615,-0.00229368019290984,-0.00245719300597504,-0.00210826083727914,-0.0022343243033379,-0.00234525773125243,-0.00212533230283289,-0.00220554677845535,-0.00212684977851616,-0.00154200004350212,-0.00171625181352752,-0.00218829570827232,-0.00181891519741907,-0.00182271776380744,-0.00197785532367361,-0.00211793796025383,-0.00200499628287819,-0.0018051619250476,-0.00195457367935207,-0.00401577928742958,0.0019274287597593,0.00515908460012888,0.00492069949888266
1950,-0.00270177555985009,-0.00321243260661764,-0.00328789417481968,-0.00270743256440389,-0.00283966895863212,-0.000351805726155129,-0.000473784288669325,-0.000532730114393202,-0.000573809289160671,-0.000711254878126892,-0.000417043816425795,-0.000506907126876458,-0.000655942647187128,-0.000438408268897719,-0.000469439450076422,-0.000377523963574178,0.000212423405386536,-5.2566619592394E-05,-0.000456274565776722,-8.9050711406969E-05,-0.00010003201599706,-0.000254467875445767,-0.000430341010060392,-0.000275812907077256,-0.000129261190361775,-0.0002228529996166,-0.00232331954597065,0.0035791995405334,0.00684768358332927,0.00659875050818611
1948,-0.001633074275363,-0.00209920094881864,-0.0021640160196937,-0.00153825748771616,-0.00169327761769168,0.000897049507721886,0.000754024266248184,0.000650862805988087,0.000631785282414152,0.00046549223605966,0.000770687619910947,0.000720642689569446,0.000561232719877413,0.000712687786392656,0.000758534211685861,0.000848279509134929,0.00142624291133922,0.0011213754485492,0.000790640599044451,0.00115178705179856,0.00111995671451271,0.000923344272377206,0.000806020898619456,0.000945430223256739,0.00103907413260079,0.00103017816669726,-0.00103934793639323,0.00484570438060531,0.00814531807927992,0.0078798402115015
1946,-0.00159868961949974,-0.00201536536372405,-0.00203839831794068,-0.00141282626583858,-0.0015389443076467,0.00116747250650435,0.00100396493990733,0.000885706755796484,0.000933406134372788,0.000700027108853919,0.00103098025068337,0.00102024089132772,0.00088821349941019,0.000927166284709487,0.00103864165288263,0.00113316115453101,0.00169311475150576,0.00141607742338979,0.0011165406813459,0.00148920282012659,0.00143360326064498,0.00119130273207556,0.00116315365736062,0.00124484781511238,0.00132239259775867,0.00139340561465318,-0.00062268785867864,0.00525823446033631,0.00857021365306285,0.0082820371457235
1944,-0.00304576167989336,-0.0034241544879857,-0.00341998289467756,-0.00281910471007311,-0.00287730857748005,2.52785300727713E-05,-0.000175865414917857,-0.000296449215726002,-0.000172646510113624,-0.00047843152923301,-0.000130265694120183,-0.000122647664778441,-0.000205093473756002,-0.000283654477637629,-0.000126868809075342,-3.18925235990775E-05,0.0005182987330845,0.000292191427263849,-7.45215606610769E-06,0.000384203186583217,0.00030013832641278,6.19362025336333E-05,6.84759932330029E-05,9.58247005770394E-05,0.000185873773120746,0.00029435297518241,-0.00167975749242233,0.00415847180773277,0.00743043220296182,0.00713679613419654
1942,-0.00538454420738025,-0.00575044259377901,-0.0057474979222605,-0.0051840950175422,-0.00519798624586896,-0.00207801088771603,-0.0023320542142675,-0.00244237840984458,-0.00230295578942794,-0.00265096302449234,-0.00228667501681702,-0.00231332986270424,-0.0023529183308113,-0.00250245904948322,-0.00232833245812919,-0.00227022390748659,-0.00171335396736093,-0.00191727900746515,-0.00221331336986986,-0.00182817016288393,-0.00195276461496445,-0.00215607336760384,-0.00216312151136207,-0.00215792559931195,-0.00206086367789061,-0.00197493960729842,-0.00394643219573803,0.0018277798544953,0.00502172145300895,0.00476930939812695
1940,-0.00651735285687545,-0.00689341019539026,-0.0069083199071693,-0.00638633497154438,-0.00640984752678585,-0.00313158955800502,-0.00343069091737448,-0.00351065106848231,-0.00343309585108478,-0.00378503814243891,-0.00341836879714299,-0.00352541750408329,-0.00354408628111214,-0.00369653306483058,-0.00355308498921898,-0.00354345633256305,-0.00298019235147112,-0.0031979780326971,-0.00348372426604448,-0.00312563116494786,-0.00329733690183261,-0.00349859157861301,-0.00349028636400609,-0.00348839045401574,-0.00340372923591271,-0.00338512016006729,-0.00542875207761984,0.0003610534247206,0.00349900390673047,0.00331548752032106
1938,-0.00546336847758766,-0.00585832167251792,-0.0058999370926723,-0.00540444570275641,-0.00545898613683186,-0.00201003901468137,-0.00232541000934272,-0.00237419129463795,-0.00237422749358118,-0.00273156730624712,-0.00239600943330776,-0.00258353587933152,-0.00259342619640721,-0.00271291281408407,-0.00265586609395817,-0.00263777148649139,-0.00209111400606685,-0.00233437681919018,-0.00262216050366505,-0.00227368526053109,-0.00248410871185702,-0.00272078163789873,-0.00265323795415772,-0.00265681858735704,-0.00259434460507632,-0.00264899854129947,-0.00482333028627511,0.00108281048558613,0.00420740977577313,0.00406187118923924
1936,-0.00356455539313057,-0.00397922727664683,-0.00405117742717878,-0.00355759944631106,-0.00363479043653951,0.000108932676602087,-0.000188505311355636,-0.000232913014722424,-0.000265274000095462,-0.000686845673002106,-0.000399134191544375,-0.000637472347163345,-0.000639133468283504,-0.000731615126442953,-0.000792557727451202,-0.000701364717940519,-0.00018972057005836,-0.000457425859650331,-0.000759451447843643,-0.000397300040046861,-0.000628686882139737,-0.000889259599366576,-0.000779637576994934,-0.000793946517731246,-0.000755801077361386,-0.000844577983924235,-0.00313413808651566,0.00288373715859477,0.00601546250900109,0.00584582084274143
1934,-0.00267299291540936,-0.00310575983560181,-0.00319658225349001,-0.00269361156069502,-0.0027879534807283,0.0013692129516126,0.00110709889171215,0.00104725158687584,0.00103244981185256,0.000460088957230639,0.000724370358304242,0.000452807916031744,0.000455591080139765,0.00037024646047632,0.000213029730126683,0.00036671163144391,0.000855900716703088,0.000560910387970793,0.000245514560034768,0.00060814351857082,0.000375315277619964,0.000126120199598468,0.000219272198813598,0.000187669135933584,0.000210759949242078,0.000152046897026228,-0.00219302219135444,0.00382951107907503,0.00697521003142109,0.0067457323874717
1932,-0.00323311750463541,-0.00368273297224195,-0.00376860269875211,-0.00325888032590182,-0.00337134123505483,0.0012698583495443,0.00102404142939712,0.000968634566536423,0.00097605068803753,0.000191486158214263,0.000470002833486769,0.00013732803376078,0.000134606287544923,5.15542493967172E-05,-0.000144671116674807,-1.59378678031959E-07,0.000500209931248908,0.000166117505533442,-0.000163894403456548,0.000165872375223637,-5.81796275877007E-05,-0.000291616106830091,-0.000238179710408539,-0.00030437346291419,-0.000264021132510801,-0.000260674553357823,-0.0026585881247816,0.00328795771259239,0.00644666028281646,0.00617958413886366
1930,-0.00448973849571043,-0.00495408014538605,-0.00501803096402287,-0.00449485215054886,-0.00461373484528265,0.000656120727412984,0.000393238605483126,0.000376615859374702,0.000373023562935928,-0.000654137426078378,-0.000349949222354358,-0.00081147193190873,-0.000820259432975487,-0.000888615061645238,-0.00109969052161049,-0.000997998174100834,-0.000470451960493384,-0.000861593639207471,-0.00121740856416331,-0.00092180015172488,-0.00114990037743388,-0.0013947001379218,-0.00134612055857808,-0.00147145044753061,-0.00137568353352369,-0.00133911985003911,-0.00387177137405505,0.00202377153540515,0.00517170823408532,0.0049173008527379
1928,-0.0057763872639657,-0.00624113043015286,-0.00627952100442864,-0.00572618126259814,-0.00582780491326626,0.000340726064383397,6.26473214271541E-05,8.6187922043753E-05,4.55988162117514E-05,-0.00126734860254886,-0.000943018819247978,-0.00159972859379641,-0.00160368884166962,-0.00164733784823478,-0.00191175584033786,-0.00181660952570913,-0.00127916939981067,-0.00174069523571471,-0.00212020236886968,-0.00182665563473457,-0.00209620716129022,-0.00236378876659404,-0.00228228484657025,-0.00248308388822892,-0.00232793200386972,-0.00230566039450414,-0.00505963562755701,0.000850704589040161,0.0039602256271805,0.00374813983548374
1926,-0.00645084785238866,-0.00688233173674737,-0.00689543305515789,-0.00631180413315413,-0.00638350678302306,0.000937530875572747,0.000694912678062822,0.000724045399700265,0.000655813846246043,-0.00101742699942422,-0.000667100660798511,-0.00154260189814213,-0.00153903110941173,-0.00156189048303903,-0.00193870755875411,-0.00180841707183425,-0.00128901363157366,-0.00181501677588633,-0.00218764137896224,-0.00188070059368378,-0.00223315410196316,-0.00249704250579178,-0.00238952465981638,-0.00266640015600924,-0.00249294590206946,-0.00249913404203957,-0.00551685498887577,0.000437329109720514,0.00352759067459933,0.00335099718354908
1924,-0.00576911706477813,-0.00613334735318477,-0.00612026337438713,-0.00552960749901796,-0.00558153181636734,0.00301322105485122,0.00285318190542841,0.00285895882642349,0.0027991482543497,0.000686488928440523,0.00107363843628021,1.52286872094144E-06,-1.28205143100202E-06,-1.71467372925803E-05,-0.000529058704733876,-0.000371533089071199,0.000123650604075112,-0.000447426818245644,-0.000780520384460106,-0.000487646574647424,-0.000938447846772493,-0.00116038591534093,-0.0010680620242873,-0.00141651759288587,-0.00126613422081718,-0.00128065514013591,-0.0045952516061709,0.00139915972810797,0.00453139748652216,0.00436477735381838
1922,-0.0039994710815726,-0.00429188835455756,-0.004256449691656,-0.00367637589653657,-0.00372649397699206,0.00617399954228373,0.00608133727519933,0.00606528930090894,0.0060485751408046,0.00345060671236058,0.00386279176032902,0.0026230715870674,0.00260585472601396,0.00257894659673,0.00194942706556122,0.00210373064034055,0.00259158529251241,0.00197954205109383,0.0016890654464451,0.00193557879580965,0.00139966151216962,0.00123636066561238,0.00128044757021366,0.000854269440478466,0.000987479567151553,0.000980936313713285,-0.00266847287293433,0.00336491953526217,0.00655903602528523,0.00638787722574641
1920,-0.0027414393248545,-0.00299079912742656,-0.00294969829314784,-0.00237492093123122,-0.00243312782246232,0.0086441429572269,0.00855341950326442,0.0085272559666483,0.00856489354967141,0.00552199012838177,0.00592493158904891,0.00454083392548027,0.00452449158324623,0.00446796609058498,0.00374808697806059,0.00389097919917941,0.00438330605610926,0.0037161470031396,0.00345042008830237,0.00365650373032444,0.0030547323757735,0.00294044959178607,0.00293577452714805,0.00242187875791733,0.00257396386901764,0.0025707079693329,-0.00137966340603371,0.00468500841191249,0.00787886015367287,0.0077119938705525
1918,-0.00321982861551307,-0.00346329245764984,-0.00344122038477207,-0.00286310309129244,-0.00293044813300764,0.00880994197372873,0.00867238885601023,0.00863861643366507,0.0087077928896868,0.00539696686574491,0.0057659715062944,0.00428951985091131,0.00429128541277419,0.00420330650911602,0.0034219809224413,0.00355980339766708,0.00404629529693714,0.00333084592102449,0.00307638064212123,0.00327506176053574,0.00262494258455344,0.00253257319769075,0.00250790852160906,0.00192227982131672,0.00210453306498272,0.00209343728651687,-0.00200827026196693,0.00405581668082389,0.0071787103497141,0.007034332776171
1916,-0.00467147911248757,-0.00492541281876849,-0.00493434747312188,-0.0043582873901258,-0.00442733821084766,0.00721395373038361,0.00703539291412986,0.00700016468378141,0.00705844384066339,0.00372789757271324,0.0040700698229539,0.00258869998727961,0.00260022283446209,0.00251007011139385,0.00170269649830161,0.00183567754957211,0.00230118996298133,0.00158267585042153,0.0013337867642071,0.00154411235745933,0.000876079493042545,0.000772188356748909,0.00076075238630392,0.000158304603677601,0.000343799223602714,0.000317742850727227,-0.00377696729949668,0.00226323450885804,0.00531973073950584,0.00520063749504412
1914,-0.00559187742315061,-0.00584986345964756,-0.00587803750607147,-0.00530727662962288,-0.00536225421395475,0.00558130426704651,0.00538584660906245,0.00536934462487387,0.00539041173313523,0.00223686178335172,0.00257651423868083,0.00117261048586764,0.00117728644299886,0.00112039190930109,0.000324478838803155,0.000462804216779243,0.000909888616194464,0.000230004318178501,-2.05509899996331E-05,0.000201237806523392,-0.000434391253815953,-0.000573605904901041,-0.000561453619188782,-0.00111215328444335,-0.00094926895339916,-0.000997840724591916,-0.00500333520378971,0.00103134425095614,0.00406880728738647,0.00395570665766332
1912,-0.00554659282492427,-0.00580026512057555,-0.00582082383587435,-0.00524177905808745,-0.00527109599411261,0.00458934958981376,0.00438006467888428,0.00439526403939991,0.00438486774543925,0.00155221047515347,0.00190692366615189,0.000642136833797835,0.000644733516924407,0.000625044815753937,-0.000118961399204498,5.41523520923993E-05,0.000498477674759803,-0.000136479830614159,-0.000394032001732798,-0.00015481601898211,-0.000704797054879168,-0.000880109153957538,-0.000860125457291224,-0.00130637872240839,-0.0011694486080678,-0.0012437758292612,-0.00507952474045904,0.000986362003502507,0.00403012015920515,0.00389489501199397
1910,-0.00482541088737469,-0.00508123954669368,-0.00506907678587887,-0.004466460099654,-0.00448139400155914,0.00398825021663787,0.00375706331799216,0.00378356290915722,0.00376547923376281,0.00138356623422236,0.0017514811180446,0.000675739827176929,0.000693076192717723,0.000679400975587424,3.32663829810723E-05,0.000255878859920795,0.000707097179601389,0.000107315189013034,-0.00015346843976873,0.000117564213678021,-0.000321858802748656,-0.000510231561810658,-0.000503295925865158,-0.000827938064015056,-0.000711313965890655,-0.000796198620235601,-0.00433891778740676,0.00177428906958299,0.00483409106214447,0.00465996039871944
1908,-0.0037252872308133,-0.00400477346324643,-0.00395187420345442,-0.00333416190980832,-0.00336413808143907,0.00357566815462729,0.00332919990441447,0.00332484142629969,0.00331153422444795,0.00145044917005506,0.00180938165486992,0.000954369224246996,0.000981212590854066,0.000945572532276231,0.000433355504913923,0.000673148444790153,0.00112967242200284,0.000573588016510776,0.000314833188295247,0.000615673263371075,0.000267882083443386,9.31193783606119E-05,8.65706766281828E-05,-0.000139700628524542,-3.97785069966187E-05,-0.000109472477423796,-0.00329461503338496,0.00285601816054252,0.00595339670731583,0.00575379924121939
1906,-0.00280969356004915,-0.00312903658217488,-0.0030454185159025,-0.00244445362986313,-0.00250352365693822,0.00303150605537998,0.0027853965404619,0.0027315205383806,0.00271277450755316,0.00134020649096973,0.00166441270627603,0.00103615569279659,0.00104464372218511,0.000992535713212985,0.000623634177707803,0.000834439696043422,0.00129689356828505,0.000809843723529001,0.000548735820134868,0.000854606208812077,0.000565844533803115,0.000410887494783881,0.000408951939062111,0.000246546413265194,0.000339719435166402,0.000289524759160847,-0.00259054025465184,0.00358409950901883,0.00672968351389155,0.00654370940726427
1904,-0.00291534652083725,-0.00326129614980265,-0.00316514699068242,-0.00260974555339338,-0.00268217005262612,0.0016795885477384,0.00143331556572373,0.0013526464853829,0.00131746210478821,0.000343915076495504,0.000628823066452316,0.000212926491258029,0.000190538740618273,0.000140574270097173,-9.66704959608246E-05,8.06618064541614E-05,0.000556532668826223,0.000149125677066111,-0.000120854149417614,0.000166992902812644,-7.24679402387948E-05,-0.000219222277117352,-0.000207263532040649,-0.000320448904139734,-0.000211632724403146,-0.000269681175190498,-0.00291261411198378,0.00327387936146451,0.00644171674064279,0.0063021730373769
1902,-0.00411623198532693,-0.00444745577550186,-0.00435783849091818,-0.00384902035127804,-0.00391386249572013,-0.000541344652401153,-0.00080490689161225,-0.000878374391702156,-0.000921513529465713,-0.00158810505270952,-0.00131804017163904,-0.00155866583340412,-0.00159286794631705,-0.0016378650375557,-0.00176504132204722,-0.00158615334587006,-0.00109570189718903,-0.00143992162324196,-0.00171718533579196,-0.00144906653123909,-0.00163114260332923,-0.001780262793351,-0.0017655886785927,-0.00182901006164138,-0.00168517882970411,-0.00178019058368488,-0.00419971617531107,0.00197482032367901,0.0051360221859838,0.00503843033943834
1900,-0.00523132795871349,-0.00551402254616741,-0.0054429753586984,-0.0049481366527855,-0.00500552650841177,-0.0024551679785796,-0.0027451948182216,-0.00280479658553959,-0.00283732230381912,-0.00327298086609851,-0.0029838917229648,-0.00310722009575965,-0.00313000091026758,-0.00317455424523667,-0.00322020286238266,-0.00301179624380723,-0.00251851292800069,-0.00282071679800175,-0.00310362349615947,-0.00284100368354421,-0.0029634450705907,-0.00311968687822765,-0.00311419777176386,-0.00313027400943134,-0.00295632194272632,-0.00308241472945529,-0.00529911914032911,0.000835088675791917,0.00400187970473116,0.00390520327506512
1898,-0.00516364413224654,-0.00540581908978073,-0.00534842984282821,-0.00482293969674534,-0.00488716162618955,-0.00294826520542797,-0.003252510812515,-0.00332093481153731,-0.00333776218626688,-0.00359438438338486,-0.00327023119241334,-0.00332646754342018,-0.00333896992305317,-0.00337123961042738,-0.00336703120463777,-0.00313188089062583,-0.00264677778987444,-0.00290921876071485,-0.00320597136046225,-0.00293618610251584,-0.00300540025047519,-0.0031780259383213,-0.00317318842278212,-0.00314868678949079,-0.00296977646423718,-0.0030848748763089,-0.00517242821380674,0.000915089370950599,0.00412240589891488,0.00398638118880962
1896,-0.00417659891418479,-0.00441779098140893,-0.00435294926109041,-0.00377531798224991,-0.00385025594498328,-0.002305309348533,-0.00260410465846451,-0.00270117159824466,-0.00271433338731906,-0.00282191876597445,-0.00247176649104373,-0.00247672696296033,-0.00249672393898209,-0.00249413414630431,-0.00246585602123839,-0.00221958965473524,-0.00174029637870021,-0.00195515899517658,-0.00227105896426188,-0.00199072511537979,-0.00201318132285738,-0.00221461420938296,-0.00219079932551433,-0.00213189665767261,-0.00196422741865302,-0.00202554918753308,-0.00405621354314899,0.00201339862843825,0.00527294290600565,0.00509279159922245
1894,-0.00326169821372253,-0.00352852024835602,-0.00343703826876116,-0.00282659285102332,-0.0028987037587413,-0.00159303142700386,-0.0018794300876109,-0.00199715457571338,-0.00201717717779968,-0.00200447793886935,-0.00165078533299751,-0.00159636949020738,-0.00163408770904378,-0.00159091225768977,-0.0015490404432349,-0.00130226781230432,-0.000819761660593594,-0.000993887508049403,-0.00131302807463548,-0.0010238238038519,-0.00101288994122904,-0.00123669961000712,-0.00119107043383307,-0.0011088542052925,-0.000939332693563547,-0.000938687672208906,-0.00293646549662254,0.00316620617113912,0.00646471561641812,0.0062686451028713
1892,-0.00292153581198135,-0.00320124835948292,-0.0030853531323225,-0.00248051716215791,-0.00253344182292215,-0.00139163087071696,-0.00167356560548973,-0.0017867018872982,-0.00180939417793481,-0.00171603757866684,-0.00137897351929028,-0.00126629509681463,-0.0013170105085235,-0.00125118939657226,-0.00118992591340855,-0.000952036700641733,-0.000462275706976679,-0.000619080295033831,-0.000917077653934837,-0.000619667322255245,-0.000602979645714272,-0.000814430190593221,-0.000770034397271895,-0.000679627653472933,-0.000483520186396081,-0.000447208891868137,-0.00242017421569172,0.0037536220984751,0.00707840865430223,0.00689595697011505
1890,-0.00315153823288142,-0.0034156201758541,-0.00329473000309909,-0.00271533241612101,-0.00274242344530883,-0.00173868528568141,-0.00202392001215722,-0.00211917519333404,-0.00213574183389543,-0.00199553864623037,-0.00168222671756123,-0.00153524959393371,-0.00158723100077135,-0.00151953877620497,-0.00143074947663092,-0.00121523329322458,-0.000716260501385626,-0.000872250854857646,-0.00114925287620113,-0.000843295308327392,-0.00084221512556316,-0.00100963698578726,-0.000992404781735594,-0.000895219908537175,-0.000675463976149459,-0.000630854691947682,-0.00259413274950581,0.00364056517700222,0.00697023256853772,0.00681122171541287
1888,-0.00391491407326257,-0.00415610991325762,-0.00404621803779908,-0.00348621880593571,-0.00348947612334698,-0.00262494828284774,-0.00291219674595305,-0.00299659090213641,-0.00300990321241746,-0.00283446951620841,-0.00253654209262305,-0.00238646997384571,-0.00242461771182047,-0.00236737098945432,-0.00225743997606416,-0.00207328403106901,-0.00155962640001422,-0.00171100537352155,-0.00199485541812466,-0.0016859732940095,-0.00168838374774831,-0.00182060374452646,-0.00183467466575645,-0.00171523014324644,-0.00150868128068937,-0.00146577272249995,-0.00339772746326879,0.00283778379433869,0.00612008384611927,0.0059819500060399
1886,-0.00476177768469646,-0.00499584214526523,-0.00490009155442826,-0.00434764298711167,-0.00433333412281609,-0.00361444358946686,-0.00390197435611486,-0.00398464961908904,-0.00400786668080671,-0.00379679884407678,-0.00349899578025796,-0.0033643390954446,-0.00337346231574506,-0.00333728493421082,-0.00322503571620643,-0.00306724368458255,-0.00254076202016512,-0.00267435256077947,-0.00298663305137825,-0.00269086420621467,-0.00266167426642586,-0.00279982849108169,-0.00282706831193398,-0.00268093131374851,-0.00251558720125029,-0.00248319660830269,-0.00431874606334206,0.00185563416390492,0.00504349402692599,0.00492139801505966
1884,-0.00477266078108347,-0.00501131813486302,-0.00492812602176231,-0.00437640619930634,-0.0043507846561034,-0.0037502111422551,-0.00404589144686532,-0.00412364537728701,-0.00416467504295812,-0.00392437892300163,-0.00361814734205308,-0.00349951485894873,-0.00347648787247073,-0.00346920722945434,-0.00336499500687774,-0.00321901681391504,-0.00269811967388613,-0.00280791943721339,-0.00314096040234754,-0.00287593144373851,-0.0027989794350064,-0.00297063357545918,-0.00298761295958377,-0.00283815189132576,-0.00269878107787202,-0.00269626399645256,-0.00440811403079499,0.00169801701002744,0.00480440404601301,0.0046884954312383
1882,-0.00370580116967326,-0.0039444941219297,-0.00387579065048665,-0.00332005046153344,-0.00328533488583122,-0.00273496955684322,-0.00305052398431769,-0.00311690992696331,-0.0031713305802211,-0.00291710854298014,-0.00260275002378803,-0.00249154359199626,-0.00245142312294978,-0.00246909320720629,-0.00236470311642178,-0.00221662643960576,-0.00172146901473128,-0.00181486074102532,-0.0021476226891984,-0.00191857927765083,-0.0018132600904166,-0.00201122385563842,-0.00200312638005308,-0.00187524724832293,-0.00172929087481295,-0.0017671180060723,-0.00340595094916307,0.00267569323359458,0.00575374646568557,0.00562799381805851
1880,-0.00248566245104067,-0.00271625018864188,-0.00266479582466556,-0.00210784311399318,-0.00206569814868032,-0.00150536829616146,-0.00184165265777716,-0.00190315474902862,-0.0019608747174429,-0.0017088367389605,-0.00138690601002467,-0.00127578315384061,-0.00124213440332116,-0.00127246998364324,-0.0011549855710788,-0.000995173491794486,-0.000527077340373967,-0.000624231796064507,-0.00094504655375783,-0.000740735498993698,-0.000639127117920567,-0.000841867355582075,-0.000809483318970642,-0.000698645681896635,-0.000541545732979844,-0.000600098384440015,-0.00223937277815103,0.00386195683179134,0.00694795482003859,0.00679879456418489
1878,-0.00214996317659645,-0.00237067796508584,-0.00233380867331017,-0.00179187997395806,-0.00175204318154258,-0.00117405531716191,-0.00151531756566324,-0.00159029509634957,-0.00164419772099958,-0.0014031672514238,-0.00107273251425556,-0.000959342578294301,-0.00094892043050492,-0.000983528973712797,-0.000853339088152352,-0.000676893312532243,-0.000218426714119281,-0.000343300363178641,-0.00065337485309008,-0.000453701652811734,-0.000372040681645058,-0.000566578864162625,-0.00052965022503647,-0.000407517720897829,-0.000264538317868223,-0.00030625494567141,-0.00198791132111861,0.00414335314108811,0.0072470535389038,0.00707270853205508
1876,-0.00263627775635563,-0.00284217764860763,-0.00281022023357911,-0.0022928904963011,-0.00226913602394343,-0.00168708739901952,-0.00201382776553951,-0.00211175770687529,-0.00216017782182553,-0.00192246632754894,-0.00158841513613879,-0.00146941771236399,-0.00148353728801432,-0.00151904085183066,-0.00138739971831053,-0.00119338002883878,-0.000729723618032577,-0.000887522939225633,-0.00119199040121418,-0.000979945382411802,-0.000912053356903461,-0.0010957326294501,-0.00107877623600363,-0.000926697059458545,-0.000809921957010271,-0.000815108993857232,-0.00255507216732092,0.00359331627829822,0.00672858220297837,0.00653793801510508
1874,-0.00320861237951658,-0.00337981518517241,-0.00333720264426724,-0.00282286194732165,-0.00281449098276605,-0.00220071938860087,-0.00250477230545577,-0.00261354821405901,-0.00265594318961603,-0.00239593090395245,-0.00206713901283152,-0.00192977345675767,-0.00195622072945374,-0.00198364281182518,-0.00185411734664899,-0.00164198476715929,-0.0011721019116639,-0.00133783816107293,-0.00163887695604966,-0.00140359643524496,-0.0013363158911214,-0.00150852810222033,-0.00151474225206338,-0.0013373047107107,-0.0012236694111565,-0.00120003220275497,-0.003000985662397,0.00315518421258487,0.00634232426215081,0.00614629426507293
1872,-0.00352120657841709,-0.00363375799552026,-0.00355984325719042,-0.0030097726937598,-0.00299301211944506,-0.00229672151016938,-0.0025819385107721,-0.00267931564426617,-0.00271276368089753,-0.0024006362819595,-0.0020768368218849,-0.00190196125835952,-0.00191913784475659,-0.00192388693012417,-0.00178620115504205,-0.0015569404387931,-0.0010809587374799,-0.00121694598101689,-0.00151346779553965,-0.0012465634214853,-0.00117120625823447,-0.00133434089375619,-0.00133898790811605,-0.00114942014624569,-0.00100770731512855,-0.000970843187792149,-0.00279157794666979,0.00336317431696658,0.00659621561544205,0.00640435742005797
1870,-0.00348858407774074,-0.0035483715116933,-0.00342861650088248,-0.00283514598466078,-0.00278006524448852,-0.00202509726757169,-0.00230338045789604,-0.00237958799048975,-0.00240203941571867,-0.00203143298587002,-0.00169671593005106,-0.00147979940754207,-0.00146615198033231,-0.00144577273906677,-0.00128966734829703,-0.0010540521365448,-0.000563817260436578,-0.000654340605571316,-0.000945141058969022,-0.000646529755383486,-0.000558488866426042,-0.000723825584844249,-0.000698536780842865,-0.000508587824200162,-0.000335127492077907,-0.000299612183761915,-0.00204189690048549,0.00408277954122464,0.00731748331358071,0.00713689438120019
1868,-0.0029319357449285,-0.00299222172081632,-0.00284080001143193,-0.00225050569296783,-0.00215586161844197,-0.0014822484323035,-0.00177067567418857,-0.0018391825509481,-0.00185491400608338,-0.00146097961603115,-0.00110016841520724,-0.000869858259114318,-0.000828012347563124,-0.000802624891917773,-0.000634446745712395,-0.000412219801594442,9.56779797158321E-05,2.32714952220943E-05,-0.000266247915144084,4.51271381777344E-05,0.000146738092521848,-3.34009105367909E-05,1.67589054009372E-05,0.000196432057991463,0.00037463139293186,0.000393090714944853,-0.00120821593484371,0.00485176985591559,0.00805128073078219,0.00788100216238229
1866,-0.00217571972734366,-0.00228694308247034,-0.00214054817946909,-0.00159602999873901,-0.00149024024472202,-0.00102000484292103,-0.00133217285183175,-0.00140595310621873,-0.0014208659145049,-0.00104835755027559,-0.000667387316362054,-0.000458971407390501,-0.000419611754994063,-0.000408981717854295,-0.000242035006623934,-4.25116874037437E-05,0.000468630758219987,0.000380307458602465,8.27669085319037E-05,0.000381130121195119,0.000490811488127005,0.000297164716430545,0.000341703004211101,0.000505125886006208,0.000667019401410843,0.000664656201551151,-0.000852971773984976,0.00514425818601753,0.0083226005755254,0.00815539290270152
1864,-0.0020738390488168,-0.00223545983349964,-0.00211664191261291,-0.00160918567128658,-0.00151180934985792,-0.00123989715639806,-0.00157767865170151,-0.00164739165804435,-0.00165903671928069,-0.00132629157123098,-0.000941557986757697,-0.000759624998577685,-0.00074640664642552,-0.000751945339774385,-0.000587316021298151,-0.000402788923245627,9.35855890686913E-05,-8.63576260907587E-06,-0.000317504716372769,-4.27257615979073E-05,6.48695764237903E-05,-0.000132338910159557,-0.000102821270453278,4.49808607589498E-05,0.000192820933388244,0.000190698640387659,-0.00133388929395199,0.00463739287424862,0.00782463684418844,0.00765759483276141
1862,-0.00288960686230839,-0.00307154332394111,-0.00297689901350564,-0.00247974175672868,-0.0023913603506737,-0.00223290076880617,-0.00258751257609231,-0.00263747660346177,-0.00263702829884363,-0.00234371337589536,-0.00196637302620157,-0.00179199438705733,-0.00180123185589307,-0.00181869143629429,-0.00165146204208184,-0.00147134029063841,-0.000995665248915626,-0.0010885809843103,-0.00140151270405567,-0.00114623534800272,-0.00105023257078738,-0.00124415435417658,-0.00121183421212935,-0.00107953001730518,-0.000935712990207254,-0.000909290426803032,-0.00247346880556838,0.00350776397219358,0.00671025484429084,0.00654446384116832
1860,-0.00386346193958007,-0.00404611813878758,-0.00396305631538651,-0.00347019750774828,-0.0033920350884116,-0.0032483194883596,-0.00360690599679387,-0.00363978156689919,-0.00362339828242783,-0.00336328713269677,-0.0030014949075635,-0.00281877213151148,-0.00283206658757212,-0.00286133985066533,-0.00269641394930213,-0.0025144257772554,-0.00205613176608915,-0.00213021900834357,-0.00243727127692291,-0.00219412030678308,-0.00211393505568496,-0.00229967468347715,-0.0022507440100139,-0.00213601445764693,-0.00198842479932042,-0.00193022909044634,-0.00352389935263538,0.00247967883071944,0.00568510115712938,0.00551660602347737
1858,-0.00409478484335999,-0.00428103266170288,-0.00420566341704202,-0.00372633751384282,-0.00366973925006214,-0.00346574922427382,-0.00381850312525444,-0.0038551373452211,-0.00383085180221277,-0.00358748144174134,-0.00325002708275225,-0.00305886654399426,-0.00306407742576054,-0.00310144901980935,-0.00295189720926623,-0.00276122625960361,-0.002317800395108,-0.00238678922783081,-0.00268622715161512,-0.00244906282218526,-0.0023818522880596,-0.00255404557796468,-0.00249727625282729,-0.00239432478643868,-0.00223817275790559,-0.00217955163320454,-0.00378738671559322,0.00222599531192383,0.00541946502318445,0.00523866707792743
1856,-0.00355268639895974,-0.0037503191741148,-0.00368725325390956,-0.00322053906085015,-0.00319176145348329,-0.00290784756971644,-0.00325077019821445,-0.00330582716730235,-0.00328759469857372,-0.00303161388792569,-0.00272012297182821,-0.00252877610594789,-0.00252450080706483,-0.00255747469547468,-0.00242501949560791,-0.00221839234231176,-0.0017893327883727,-0.00186974559279701,-0.00216731497237389,-0.0019284616628832,-0.00186737614564263,-0.0020271186419467,-0.00197887863129289,-0.00186896737449187,-0.00170474730751377,-0.00168388951788003,-0.00328327067281373,0.00272227163445849,0.00589297124112359,0.00569514416290438
1854,-0.00280257703332507,-0.00300791158416821,-0.00295503379467317,-0.00248760236913974,-0.00247155086233718,-0.0021449252308507,-0.00247824596741915,-0.00254486885931156,-0.00254127175572133,-0.00224506567590797,-0.00194729360702694,-0.00175918660670922,-0.00174469793742119,-0.00176366452284423,-0.00162978892997739,-0.00140976743231932,-0.000988767260435179,-0.00108038648028313,-0.00137808694544066,-0.00112717897777206,-0.00106639238612818,-0.00122555668849546,-0.00118930381952541,-0.00105532630578924,-0.000888108283683844,-0.000916625483124356,-0.0024780390728547,0.00352607909805329,0.00667775551123701,0.00646798360897269
1852,-0.0021932017499413,-0.00239512359186879,-0.00233488809789365,-0.00185596606154411,-0.00182606993473798,-0.00149024278943629,-0.00181572386423728,-0.00187795445099036,-0.00188853897986499,-0.00154248427757675,-0.00124185734878868,-0.0010507297601206,-0.00102274591744792,-0.00103120039781071,-0.000875837196585898,-0.000654673421913239,-0.000228335164016911,-0.000318720340223891,-0.000610232155560837,-0.000338342277162831,-0.000274243910178485,-0.00044392146490727,-0.000414369791598024,-0.000256167016970094,-8.7138807206517E-05,-0.00014518167732581,-0.00166846881541425,0.00437243955624826,0.00753424721271074,0.00731890825995157
1850,-0.00187119688542368,-0.00205987449824768,-0.0019672960331647,-0.001469297136586,-0.00141245688178447,-0.00103631510615931,-0.00135341719898885,-0.00140405921651141,-0.00142358554990977,-0.00103336916905189,-0.000722664564563049,-0.000515902696767263,-0.000474497976860933,-0.000479786946713952,-0.000303181401653289,-8.50803176148008E-05,0.000357633535775694,0.000278605622646595,1.01913804216355E-06,0.000297376045351409,0.000369070776949995,0.000192133208050869,0.000214476876164932,0.000388662603360008,0.000565142617170928,0.000510156154937073,-0.00101256418277064,0.00510292022300852,0.00831312055539932,0.00809445945416331
1848,-0.00208750174082895,-0.00225355723251658,-0.00211052263259752,-0.00158211703372462,-0.00150989025845191,-0.0010264561438777,-0.00132861323891194,-0.00136995100298925,-0.00139026131935803,-0.000967366287154949,-0.000647904636908546,-0.000414463925846215,-0.000363242329947366,-0.000363620758194876,-0.000183109219626102,4.32586242724101E-05,0.000505269134240685,0.000441488232959303,0.000181441281654354,0.000497476418765179,0.000582690946882699,0.000412991951662328,0.000422806505109774,0.0006124939648166,0.000798545334672824,0.000771454315888848,-0.00077373867107121,0.00540514304964434,0.00867383062926859,0.00845893748203577
1846,-0.00276229916567579,-0.00289991611910229,-0.00270919288766386,-0.00214906000258987,-0.00208888228507197,-0.00149508008215343,-0.00177350842292397,-0.00181028555480563,-0.00181804138167507,-0.00138352362108889,-0.00105623464543064,-0.000799910959135578,-0.000741139849580729,-0.000730270842470006,-0.000557831981580842,-0.000318143027938334,0.00016299849432989,0.000113799760404408,-0.000128581909852823,0.000188967290494382,0.000289740474962424,0.000139470436872182,0.000137256621128585,0.000342782601157104,0.000528879334448626,0.000527928496867512,-0.0010105654660353,0.00515229628820118,0.0084417130306394,0.00825124117265588
1844,-0.00300678946725157,-0.00312907514484653,-0.00291982143421125,-0.00235741725773485,-0.00233005889803733,-0.00172670736057287,-0.00198512638769353,-0.00202355716094762,-0.00200607447474979,-0.00159294568672883,-0.00125715728863306,-0.00100288004202181,-0.000941418606892291,-0.000923171468327856,-0.000750954695023575,-0.000522356167096609,-2.02074914998854E-05,-6.37494684425261E-05,-0.000293124474178432,-5.13180957369213E-07,0.000106780946743375,-2.23543126213423E-05,-3.0139082016628E-05,0.000171480986557248,0.000347647184483456,0.000339787269715859,-0.00116448524414416,0.00489949619180547,0.00815627193664647,0.00800990661846733
1842,-0.00222817023508437,-0.00236332796694613,-0.00216869354870999,-0.00163910108620539,-0.00164160775351747,-0.00112050283871465,-0.00137960845953926,-0.00142609933573835,-0.00138652184457718,-0.00101482947956948,-0.000673478683828645,-0.000443982544651416,-0.000394959412097038,-0.00037980346572879,-0.00019630642298542,-5.38782195110219E-06,0.000513503601899004,0.000460409807939114,0.000230990945005144,0.000489148187308298,0.000588868530443998,0.000475374811843636,0.000465181174635643,0.000635892229276833,0.000805662612507977,0.000765110007909081,-0.000749695717701611,0.00523350293566029,0.00844448583930611,0.0083353351255316
1840,-0.00114079808681727,-0.00130083294873385,-0.00113140805442367,-0.00063275594589172,-0.00064769156440775,-0.000211505986146461,-0.000489082622560883,-0.000542679794650595,-0.000501247020470164,-0.000158154976926762,0.000184071063427832,0.000392448888243876,0.000413989155118789,0.000426148026837985,0.000616581300280524,0.00078184579493127,0.00129814420111418,0.00122936897973936,0.000983102427986113,0.00122386753011447,0.00131032552311988,0.00120403574525174,0.00119367854517998,0.00133344908878196,0.00150210769798368,0.00144377271268621,-0.000147462077046704,0.00585310293512141,0.00904007379140714,0.00894128250332879
1838,-0.000579128099784139,-0.000749285557840729,-0.000596961113915347,-9.96053481063201E-05,-0.000110324253698302,0.000263772155400615,-3.25489148598275E-05,-8.38511439761528E-05,-6.3551981692952E-05,0.000281065624262969,0.000621830718163761,0.000828797170950614,0.000825030017649912,0.000843010773512971,0.00102866754125128,0.00120412131223221,0.00169375291731428,0.00161969223543558,0.00134651469865682,0.0015924942730871,0.00166922479805532,0.00155965143218836,0.00155715300593661,0.00168899090978498,0.0018523548143001,0.00180630315266854,0.000128866309070406,0.00622179184201001,0.0094028466741189,0.00929153290329626
1836,-0.000555978260061114,-0.000712540321681405,-0.000565740146886634,-4.55910347111648E-05,-4.04393700589011E-05,0.00028090682974817,-2.11577814034862E-05,-6.06741463876958E-05,-7.39506142697672E-05,0.000296106624198075,0.000633548194491067,0.000855126056723857,0.000845856092395192,0.000873366105452016,0.00105055387618005,0.00125754820634274,0.00171327475816981,0.0016508797066384,0.00135528510340722,0.00161426576792034,0.00168803634300567,0.00156890250162462,0.00158234801490196,0.00172374318881525,0.00188112564274714,0.00185457880568296,0.000131820098789773,0.00632242757177461,0.00950464546301599,0.00937154645359227
1834,-0.000671170323333933,-0.00079905235890875,-0.000649350587016964,-0.000100094596391462,-7.43589576267993E-05,0.000233991710071967,-5.86409857582694E-05,-8.30854936773634E-05,-0.000124052767200736,0.000277533381547452,0.000609852595686332,0.000852548977603955,0.000858923482046194,0.000891028012053962,0.00106482793997239,0.00129772167236904,0.00174012607982428,0.00169619823541313,0.0013981988013482,0.00166227582549299,0.00174064137054927,0.00161725224448882,0.00164637434732499,0.00179624589270609,0.0019645634903648,0.00194113611045244,0.000222106178188116,0.00646388960230511,0.0096533235546713,0.0095026831709239
1832,-0.00067445570203549,-0.000769274388970871,-0.000610384737287412,-3.43308059901284E-05,5.45530644548803E-06,0.000391616544234566,0.000117696274284371,0.00010785956324805,6.2378231854268E-05,0.000483471983722177,0.000815252154598533,0.0010787398378739,0.00110764831252525,0.0011398058494817,0.00131362689818608,0.00155815818051587,0.00201989026906762,0.00198353146614724,0.0017089583333947,0.00197014160928574,0.00206030541338728,0.00194440556450842,0.00198452721920674,0.00213463266641084,0.00233577128533147,0.00230889887849541,0.000628917907070691,0.00686204542964808,0.0100621409193946,0.00990788641155554
1830,-0.000363272501222646,-0.000429006485816116,-0.000257082991488092,0.000338151217203771,0.000374407230041134,0.000900571621094675,0.000646347912452465,0.000649119775617229,0.000625216630757342,0.00104217286664138,0.00138663926981805,0.00165961292255522,0.00170449094778565,0.00173827828336985,0.00190941191196509,0.00216041881229873,0.00265497269962323,0.00260698579180947,0.0023686292196026,0.00263180918738654,0.00273413824453813,0.00262933331698804,0.00268049671517845,0.00282913544604218,0.00306006914269573,0.00305350565648423,0.00142752173071195,0.00760390737776703,0.0108059621545056,0.0106605196983105
1828,0.000512669380749025,0.000456202246292228,0.00063687352500067,0.00122894483346372,0.0012454157245705,0.00185437286973638,0.00161329864309629,0.00161808687407632,0.00162309070959196,0.00201368729306734,0.00237940271853744,0.00263397309370419,0.00268609173268454,0.0027219602903237,0.00289009412893111,0.00314385110469262,0.00365514558141069,0.0035838511372537,0.00336715828408436,0.00364380799696753,0.00374384263726872,0.00364310903868473,0.00370477277774309,0.00385307526144528,0.00408209990288729,0.00412342081773183,0.00253172992427427,0.00862916455689986,0.0118183290960018,0.0116780704087567
1826,0.00159676906151121,0.00151619005523459,0.00169163118267963,0.00225149724817386,0.00224873408812507,0.00281418321564184,0.00257518379342157,0.00256214475011194,0.00257924446746796,0.00293766519865715,0.00331557456089922,0.00352675154208431,0.00357871160981769,0.00361021852722087,0.00378177968927104,0.00402457417595887,0.00453275073779961,0.00443764393494845,0.00421200961069834,0.00450481598434747,0.00458098705084643,0.00448058131768524,0.00453991867593326,0.00468514546109547,0.0048875162167373,0.00497337142194242,0.00337393567238047,0.00940931192375371,0.0125841988192263,0.0124330397884536
1824,0.00189349628801809,0.00176957194455441,0.00192562549222079,0.00244452240316332,0.00243650729312224,0.00288763032696019,0.00263976226801905,0.00259837453896297,0.00260766801944142,0.00294391613417289,0.00331745107413605,0.00349353025376631,0.00353491481857605,0.00355756382206108,0.00373433957165725,0.00395475952119771,0.00445726004791616,0.00434032014330416,0.00408706270043415,0.00438987576313208,0.00443444926683034,0.00433714950780038,0.00437826127803606,0.00452248570092481,0.00470022887497747,0.00481000239655764,0.00318876466853263,0.00920559445280714,0.0123784755468384,0.0122113610109527
1822,0.000989571446100453,0.000833593545633329,0.000964428872085859,0.0014572446764383,0.00145448144726768,0.0017920166088738,0.00152767365148145,0.00146793557151937,0.00146452355611273,0.00178912284673372,0.00214907606291568,0.0023253379101676,0.00234542967696469,0.00236442881515892,0.00253592062897652,0.00273746005141151,0.0032368229822005,0.0031000096525833,0.00282107770686194,0.00312893500812686,0.00315421106283068,0.00305633307000699,0.0030781996480084,0.00323337434243527,0.00339395642539828,0.00351849157329489,0.00189689118863404,0.00792740359412073,0.0111052570852206,0.0109362519690973
1820,-0.000442517249426169,-0.000606202032678744,-0.000497924900737371,-1.44618750566876E-05,-1.13488960466791E-05,0.000238437314857446,-4.39180586067323E-05,-0.000105134741959093,-0.000113975095889555,0.00020148638570371,0.000544324723235067,0.000747315956450864,0.000743712707276648,0.000768225779787081,0.000920586339394859,0.00111325350808194,0.00160323770247742,0.00145573075064875,0.00116190069686131,0.00147103574814834,0.00149684312385204,0.00138570737930849,0.00140001796050504,0.00157508924802361,0.00171597732795102,0.0018539177900066,0.000238135648630953,0.00628607027063194,0.00946504420185353,0.00930967320212309
1818,-0.00148403817809091,-0.00164159781111772,-0.00154721888025603,-0.00106679913784861,-0.00106011695749328,-0.000846502771781061,-0.00113876073155549,-0.00119568747966602,-0.00119987694456268,-0.000894680178627744,-0.000571653874707132,-0.000344316299226192,-0.000362956110728843,-0.000328714251730343,-0.000199639673193797,-1.03397451146291E-05,0.00046186722955728,0.000323483891175283,2.54952303687256E-05,0.000327156595650682,0.000368009875047633,0.000236058201193859,0.000251119583776905,0.000440030865265283,0.000560449718935647,0.000702992070088903,-0.000938457859235001,0.00512206888349285,0.00830064355429166,0.00815865101596109
1816,-0.00182268818178851,-0.00197107063344067,-0.00187895706606715,-0.00139790472061426,-0.00138706631585171,-0.00112189482731048,-0.00140781946143347,-0.00146520481040386,-0.00145484875832585,-0.00115855007932149,-0.000851818675404623,-0.000616140308256444,-0.000636792148616719,-0.000593678911382961,-0.000480423123924046,-0.000290206706295385,0.00016419281471529,5.62214655690741E-05,-0.000234223594632239,4.82615150441429E-05,0.000110742815889319,-3.48148946642667E-05,-2.05972107701733E-05,0.000167459824620435,0.000279968414203224,0.000412305742868705,-0.00127619303534703,0.00480412738804174,0.00799184440775492,0.0078509274217617
1814,-0.00160731858299204,-0.00174037370075442,-0.00164171422311839,-0.00115202537956297,-0.00113782895472482,-0.000745381728176255,-0.00101123006565652,-0.00107099975889797,-0.00103730361524933,-0.000746425279212323,-0.000442527651851426,-0.000203429946664704,-0.000217274932861808,-0.000165391933312117,-5.72342842340487E-05,0.000143207734912191,0.000585506506730752,0.000515338399256218,0.000245351556417041,0.000503472446567811,0.00058920132159781,0.000444186947373722,0.000453803743930517,0.0006317867456838,0.00075258443393228,0.00086292418172098,-0.000840090930027179,0.00526463102362966,0.00847142664996819,0.00832346706584834
1812,-0.0010126121427484,-0.00112288284409844,-0.00101731673240037,-0.00051466199070275,-0.00050532152415488,9.13745432757907E-06,-0.000236817685389992,-0.000294333923845807,-0.000237320891340175,5.18364474803295E-05,0.000365314566794136,0.000613345884305141,0.000608170505206989,0.000669866619037961,0.000780962673459696,0.000997907369523871,0.00143370443973988,0.00138647776445582,0.00114407113884047,0.00138334230227471,0.00148790072322131,0.00135196465821864,0.00135727485289771,0.00152456726805384,0.0016574136376855,0.00173842451423057,7.25021808909169E-05,0.00618094126351057,0.00940253196909073,0.00925071749805595
1810,-0.000424008226826255,-0.000518637722491102,-0.00041187828730321,9.60608620209925E-05,9.07834051704569E-05,0.000637838834908062,0.000398222130889764,0.000345733124047063,0.000409574175467777,0.000703129975763805,0.00102464474668718,0.00127817053050002,0.00127946785068474,0.00134715719910069,0.0014669990348951,0.0016902361632067,0.00212839424732763,0.00207560384341182,0.00185656963641377,0.00208767037487547,0.00219733113242518,0.00207036888105765,0.0020739521022689,0.0022327908690341,0.00236877112747158,0.00241981186227022,0.000792387679616506,0.0068813576548288,0.0101048869344138,0.00995696946493005
1808,-0.000458244185086076,-0.000555128193396589,-0.000447766180344853,5.44029785243264E-05,3.7428739001538E-05,0.000524656391640781,0.000279179450467241,0.000229882848875748,0.000278484769089732,0.000584699571238619,0.000906250252220081,0.00115059623553419,0.00115692766981077,0.00122148014013559,0.00135367998722214,0.00156345836699145,0.00201723656480823,0.00194073174329239,0.00173623287874714,0.00196770694996206,0.00206521221212488,0.00194351079234476,0.00194919701284803,0.0021024040170573,0.00223452203838431,0.00226783259328389,0.00063255325594463,0.00672230269941133,0.00994688583206089,0.0098056236476783
1806,-0.00119580150489709,-0.00129753809621941,-0.00117991369466016,-0.000685201138877771,-0.000697635267632788,-0.00029453323622784,-0.000545373325656248,-0.000590292970967423,-0.000562658568468601,-0.000241235578803231,8.38733349101399E-05,0.000314074462615226,0.000326671864631692,0.000382481552343147,0.000526408838285409,0.000716684025591966,0.00119165274238694,0.00109769930047934,0.000904075236275824,0.00114219067994424,0.00121865940128226,0.00109961132924414,0.00111387150211783,0.00126599537559728,0.00139838934678259,0.00143179274443623,-0.000230328035891593,0.0059066983452063,0.00914303179142249,0.00900333189794348
1804,-0.00194020859475334,-0.00202704594364372,-0.00188877670371295,-0.00139751776802835,-0.00139232077364671,-0.00103770030990588,-0.00128511222937633,-0.00131973893847727,-0.00129903592099176,-0.000971123812097802,-0.000629182336544802,-0.000398754941015881,-0.000379161439792517,-0.000329212823213881,-0.000177418467008806,7.25850593450193E-06,0.000492148524610734,0.000400006314901078,0.000215634267548981,0.000467646672274989,0.00052585805315531,0.000409419246588012,0.000437066415070378,0.000591774519592482,0.000735672210138475,0.00077557918579985,-0.000873376320692645,0.0053192998250974,0.00856523810965406,0.00841682247402163
1802,-0.00198999541335776,-0.00204284812277026,-0.00188522612326547,-0.00139834793337296,-0.00137991803090039,-0.00101775687814583,-0.00125390550879651,-0.00127605211177169,-0.00124536925577111,-0.000925069252610607,-0.000562687985247837,-0.000313197046902326,-0.000290141950183615,-0.00023944070459497,-8.27769394379249E-05,0.000113817349355218,0.000588724027226905,0.000511694375190576,0.000328174598427217,0.000599375987412821,0.000649372059901063,0.000537722968415959,0.000573958839785725,0.000730222768502774,0.000895987732199282,0.00093625344868174,-0.000651811930859066,0.00555670052896454,0.00878923015026243,0.00862334770439713
1800,-0.0014067173189617,-0.00143043127394508,-0.00126540835982678,-0.000787103738773855,-0.000773190120415171,-0.00036116766947164,-0.00058349236661653,-0.000598976151314055,-0.000556019709283358,-0.000246869173828862,0.000120392621976202,0.0003916623047005,0.000413522189010075,0.000468188014471843,0.000630232831093101,0.000841480553050954,0.00129772453531373,0.00123539017743029,0.00104148586037159,0.00132735580705963,0.00138129669569156,0.00127607018682689,0.0013092821613017,0.00146416138807137,0.00165363766830113,0.00169552926813173,0.000149251938564108,0.00636138285025842,0.00956910516630975,0.00939025624845243
1798,-0.000796372871013001,-0.000809099216435316,-0.000641532044156088,-0.000166757685381247,-0.000165345310560239,0.000306701408702466,9.65372571632948E-05,8.38763774816071E-05,0.000128927382124033,0.000442352449343717,0.00079812473213564,0.0010793423418127,0.00110320224212611,0.00116160010021566,0.00133089589392017,0.00154790342024444,0.00199575361536942,0.00194357153839638,0.00174013977304831,0.00202837468112726,0.00209506434133024,0.00199487013593421,0.00202292453324963,0.00217954995236341,0.00238420639035496,0.00244601720733409,0.000859577108640747,0.00713985418295502,0.01035244875563,0.0101796699590093
1796,-0.000446326648629441,-0.000454172340754462,-0.000274792661018431,0.000211843259895114,0.000213341976039629,0.00073964228369435,0.000537757343550693,0.000533518286090223,0.000573876017068773,0.000912219266481364,0.00125729853753165,0.00154273494307114,0.00157955795698805,0.00164224697669795,0.00181850039798353,0.00203962668106579,0.00249266155625996,0.00245283662502036,0.00225160292068941,0.00253471482223462,0.00261610254960048,0.00252012417186827,0.00255344858199009,0.00272112139199198,0.00292941618989864,0.00302357176333059,0.00134498729210705,0.00774650621141977,0.0109994516441202,0.0108474587993651
1794,-0.000403850805080178,-0.000407034201350729,-0.000211795708656448,0.000298302664255372,0.000316826304093156,0.000893989912507968,0.000692684553583212,0.000701567185076092,0.000737428513692328,0.00110672521225167,0.00144948134873546,0.00174308674839697,0.00179930811476826,0.00186353464442257,0.00204367209793938,0.00227654942103433,0.0027386078254436,0.00271406779277107,0.00251945392106392,0.00279827437794677,0.0028885120455075,0.00280080171747782,0.00284378623170449,0.00302848315472668,0.0032302433331746,0.00334067788572787,0.00161052448361876,0.00806650078597101,0.0113467579943641,0.0112096877259372
1792,-0.000880165899879484,-0.000895678139043046,-0.000707588176947149,-0.000181574571247252,-0.000147476945981948,0.000462644442513403,0.000249549574415514,0.00026047749095875,0.000292038488010954,0.000672066918230923,0.00101161844732156,0.00130886194168713,0.00137508807936352,0.00142674168301405,0.00160550950804603,0.00184831098121963,0.00231402822408211,0.00229527885929172,0.00209457731911277,0.00236981910177133,0.00245629921394001,0.00238084576948978,0.00241710260936675,0.00261209901107853,0.00279657264807982,0.00288559989602986,0.00120919622461411,0.00756233407812761,0.0108126737049703,0.0106684558378128
1790,-0.00167456293262029,-0.0017253175115363,-0.00157712327224069,-0.00105728845223819,-0.00102731965736532,-0.000422000436129796,-0.00065500489624412,-0.000662234255446464,-0.000634773351038035,-0.000276819081891661,5.19551665511639E-05,0.000332027960507547,0.000392332200293336,0.000416247580848115,0.000588370662870994,0.000821924963379383,0.00128287779404706,0.00125311325600398,0.00103255834356968,0.00129917840946535,0.00137201028304582,0.00130221860476919,0.00131191451342177,0.00150202808954577,0.00166196775725992,0.00170585086486904,0.000133954060435918,0.00632705871644767,0.00952426203961304,0.00936187554708784
1788,-0.0019991536335339,-0.0020809092981729,-0.00197305449381404,-0.0014700364258651,-0.00145351518092467,-0.000857345549519313,-0.00110549720273742,-0.00113655590034572,-0.00110661872651362,-0.000784174282122594,-0.000464568817696855,-0.000216492004531522,-0.000163588543911655,-0.000162731508559168,-1.42871553109877E-07,0.000212604548123072,0.000663333913625259,0.000618584609194611,0.00038324809981247,0.000637985901424464,0.000699028070251374,0.000621848241062709,0.000609138701127782,0.000788066661043983,0.000927453374083342,0.000930251893242361,-0.000587678836703337,0.00554565644113498,0.00872868486478214,0.00856037269431894
1786,-0.00155989007337455,-0.00164807070526928,-0.00155082297521802,-0.00105720161831962,-0.00104431570654614,-0.000408692275351191,-0.000658942791887957,-0.000702791108309046,-0.00066064801408639,-0.000364036082186955,-4.31451195697416E-05,0.000176935638151392,0.000231596673935326,0.000230080194858035,0.000381937017278702,0.000585029701227063,0.00102560640943849,0.000973873395187453,0.000739696227882654,0.000987232553297607,0.00104560685289433,0.00095302454388655,0.000938132253400749,0.00111185231645642,0.00124341990843341,0.00121605583003057,-0.000302300597523994,0.00586422614263341,0.00906627006091277,0.00890614539202533
1784,-0.000855783894608967,-0.000931946286344527,-0.000812421783766637,-0.000315305592491225,-0.000293338382256992,0.000422492405330888,0.000183819249576056,0.000143911098359188,0.000200928896793902,0.000491369749346714,0.000822701965716751,0.00102977991622125,0.00108939128987872,0.00110470731843467,0.00124627523337338,0.00146146167990771,0.00189828908127288,0.00184599163431633,0.00162591033441327,0.00187591418455997,0.0019415169647605,0.00183218525547045,0.00183212769654108,0.0020097555723801,0.00214756434422245,0.00210603185283639,0.000587237143070953,0.00678874771757097,0.0100026194615467,0.00985010250972267
1782,-0.000595360563366617,-0.000659022652701216,-0.00050276236621098,4.16971264661669E-06,3.57665528233321E-05,0.00078541746851776,0.000562794760055668,0.000539848632943604,0.00060160256359023,0.0009058478898326,0.00124904823385925,0.0014584880624105,0.0015143239154431,0.00155028880949804,0.00168633879572727,0.00192438982679697,0.00236729997882881,0.00231413941994349,0.00211151787752933,0.00237191694880168,0.0024507971332071,0.00232867696729282,0.00234704221361917,0.0025314866561111,0.00268247841354735,0.00265911718127704,0.00115789823885316,0.00735876225542964,0.010568918361894,0.0104108213497336
1780,-0.000884521510335836,-0.000940752136789509,-0.000755049585001066,-0.000239742236309633,-0.000207007004285997,0.000476485449593116,0.000258990835834094,0.000255098478524057,0.000309224614939879,0.000638337661383841,0.000989214689162218,0.00121001614402786,0.00125311021472427,0.00130019870389222,0.00144014750715412,0.00169111228990393,0.00214575753936763,0.00209241228920138,0.00190172677612541,0.0021745402689764,0.0022647445833801,0.00213925742681441,0.00216806973152457,0.0023537477356192,0.00251570113012422,0.00254175272551161,0.00103575618055653,0.00724967795467318,0.0104754101518258,0.0103024268128272
1778,-0.00130676725786272,-0.00134745803242252,-0.00113941169377987,-0.000612753954514984,-0.00057988718128161,1.98984352235211E-05,-0.000206890426904516,-0.000196929192896905,-0.000149548845913765,0.000205210603102744,0.00056301286716816,0.000801905099940501,0.000834500113965056,0.000888368984592267,0.00104215869270026,0.00129305989446936,0.00176100002827988,0.00171733290910607,0.00153276062071721,0.00181822190910924,0.00191282004128375,0.00179724438439871,0.00182947544497019,0.0020119731241741,0.00218493287800077,0.00226246526505013,0.000715385077669766,0.00699658625408445,0.0102722358329458,0.0100889293981548
1776,-0.0016766051209082,-0.00168350285649733,-0.00144707679549804,-0.000895394969739025,-0.00085332936301932,-0.000246314206158281,-0.000484935632407708,-0.000464426590968443,-0.00041181806896765,-3.5892484934602E-05,0.000335386294087004,0.000602809374408188,0.00063286342862956,0.000700965910269448,0.000876505082784219,0.00112659653740123,0.00161289000374476,0.00159349043914138,0.00141387572846796,0.00171386182583811,0.00180801545319928,0.00171531934936875,0.00175122125129682,0.00193557865950489,0.00212915111000951,0.00223614855807602,0.000670024168901468,0.00703821459360536,0.0103614252874379,0.0101798480689578
1774,-0.00194178220304431,-0.00190679029257696,-0.00163680088573892,-0.00104917410957292,-0.000992677515784714,-0.000291279443348398,-0.000529259316555697,-0.000498339387909814,-0.0004311928573177,-4.48368507279191E-05,0.000347529107257555,0.000648981186788745,0.000681278859609369,0.000769788161440551,0.000970201110136779,0.00122366904971851,0.00173514324091098,0.00174429192136246,0.00156957237228948,0.00188168606834714,0.00197611970793841,0.00191022752597318,0.00195322984651813,0.00215064634039082,0.00237384822102854,0.00248695803570449,0.000992437066014075,0.00738571775285663,0.0106982103287369,0.0105290983358893
1772,-0.00180236305221407,-0.00174729612626601,-0.0014630641699115,-0.000858180313699809,-0.000799781458460102,-4.99623908984508E-05,-0.00027208801313295,-0.000236307077532423,-0.000160816935915488,0.000216821565571173,0.000624259370307471,0.000940910438157191,0.000975753121381474,0.00107187553074386,0.00128980671886603,0.00153839919056327,0.00206838257035318,0.00208563446864965,0.00190986386121376,0.00221922205289145,0.00231817665894461,0.00226339158317689,0.00231181546532531,0.00252411925990203,0.0027650858729795,0.00288199913467102,0.00152098205530027,0.00781980517324683,0.0110493981100901,0.0108948227975401
1770,-0.00126670134690677,-0.00122979558596162,-0.000968368563694786,-0.000389857141468037,-0.000349285544066888,0.000329540018862659,0.000123110304841079,0.000149119492948103,0.000216634886997696,0.000569201569362635,0.000968164729548875,0.00126551035860832,0.0013032418417761,0.00138152477817906,0.00160175412240002,0.00182595881034482,0.00235119996836575,0.00234810621822214,0.00216099329956059,0.00244874471906966,0.00255319126998655,0.00248355953187187,0.00252899237381311,0.00273947363246826,0.00296887087653713,0.00311110408902663,0.00181558594422822,0.00796669372171294,0.0111104419940182,0.0109625756003445
1768,-0.00100930506493104,-0.00100905396355892,-0.000788016139278909,-0.000257635974909385,-0.000238318165575433,0.000357723006366156,0.00015622649527662,0.000163779270573389,0.000215909089739883,0.000542711840350887,0.000913943247570318,0.0011789119375988,0.00122091280545413,0.00127019733280142,0.00148176368660274,0.00167444630502999,0.00217832620764036,0.00215236461791581,0.00195121203927949,0.00221201295594119,0.00231910425049966,0.00222200010734451,0.00225952089818626,0.00245207226962554,0.00265430444869185,0.0028398725530291,0.00149118165314685,0.00757708542880897,0.0107021507041966,0.0105530584748698
1766,-0.00134794351093869,-0.00137783733811623,-0.00118526996697498,-0.00068674113804017,-0.000677226833794255,-8.8424109955609E-05,-0.00029058561608283,-0.000293393933861042,-0.000253052011137748,6.088613087657E-05,0.000404070596863379,0.000649738240428737,0.000696521847744756,0.000724841990667765,0.000924392848703493,0.00109831481000036,0.00158155838879348,0.00155332082345938,0.00134545382738821,0.00158765310809613,0.00169684681859236,0.00157627382726042,0.0016094707568776,0.00178593405775294,0.00196599257504671,0.00218988416783163,0.000730006320899346,0.00688112873022262,0.0100536591881094,0.00990187303899687
1764,-0.00185568136392278,-0.0019004693633161,-0.00171116266836634,-0.0012124287847516,-0.00120088436097456,-0.000579198028698405,-0.000781373875255783,-0.000777538659422559,-0.000744324893064551,-0.000423460814655956,-9.71859663231241E-05,0.000145792695481842,0.000198193190277048,0.000220011299515374,0.000408118699802899,0.000584744187628491,0.00105564353057659,0.00104469627461664,0.000838399103721121,0.00107516186684404,0.00118883845758245,0.00105731269769454,0.0010924733786289,0.00126734797101821,0.00143451541082097,0.00167178259867016,0.00011074536921113,0.00639034196670107,0.0096339694429546,0.00948230307237476
1762,-0.00204893757551782,-0.00209794985962284,-0.00189035344189752,-0.00136804089060265,-0.00135089005204414,-0.000729695134457214,-0.000931625320073805,-0.000910981953541183,-0.000884324741547496,-0.000538499563898944,-0.000219716668094339,2.57527298382329E-05,8.46841501954027E-05,0.000110595217844745,0.000289639183992748,0.000486415046692932,0.000951888910366222,0.000961979210054546,0.000758695527795521,0.00100091430031926,0.0011182031137922,0.000991773198719763,0.00103093743760277,0.00121700328450453,0.00137427004635577,0.00159363185233299,-2.95192632390861E-06,0.00634798248947936,0.00963550493671489,0.00948658452419334
1760,-0.00195453988011077,-0.00200735703880074,-0.00177725188269584,-0.00123067194556106,-0.00121387151012636,-0.000653494495589064,-0.000858514039885183,-0.000827703998071979,-0.000808356478431444,-0.000436289542100338,-0.000123750023627855,0.000119481322971291,0.000180734080629507,0.000212677467943097,0.000385466013557579,0.000604336607452909,0.00106793521222836,0.00108757816001276,0.00088351626846776,0.00113286427682781,0.00124467768798681,0.00113610682264739,0.00117570572951738,0.00137192488469842,0.00151887715934701,0.0017022004171924,0.000174667599501991,0.00647884995481221,0.00975593230681648,0.00960834577154959
1758,-0.00185969637226683,-0.0019175709097912,-0.00167812114927518,-0.00112281178027138,-0.00111269746510975,-0.000625538698950969,-0.000836946751760747,-0.000809318085270455,-0.000793311756949584,-0.000415114185018714,-0.000109691530928649,0.000129250509492517,0.000183684070466685,0.000218967034618653,0.000386362019739868,0.000611998844205847,0.00107605284706551,0.00109407017979435,0.000890640460726241,0.0011381518262824,0.00123454069262969,0.00114506972403761,0.00118174602713963,0.00137530755858387,0.00151867899202125,0.00167168151797977,0.000275002454828805,0.00651340112695034,0.00976109120585878,0.00960904291846675
1756,-0.00174740779084163,-0.00179567136601097,-0.00155471772154014,-0.000997078910150068,-0.000986583715381453,-0.000504441858948786,-0.000719811404763873,-0.000694210919878275,-0.000672458933249082,-0.000304738426795045,1.31223181543274E-06,0.000244025603845857,0.000291001276792689,0.000333925969346216,0.000495124253460736,0.000713275968742093,0.00118276221426806,0.0012030476998754,0.00101105321983749,0.00124906969708286,0.00133330346313249,0.00125769271913259,0.00129368719375922,0.00147845142949101,0.00163453250712973,0.00176927244740719,0.000460332324160836,0.00675027953266785,0.0100098563300884,0.00984812543125472
1754,-0.00153912255248285,-0.00154369535534353,-0.00128723457838772,-0.000713195302350733,-0.000680718558071634,-7.75978349513479E-05,-0.000287919738498274,-0.000247359175763415,-0.000210180445642496,0.000155993094506572,0.000480295898205916,0.000740620028966689,0.00079611824734466,0.000861816313791003,0.0010188377428918,0.00123299769062013,0.00171821646719358,0.00175722978499592,0.00158852205856171,0.00182125010212492,0.0019115270219579,0.00185010608099817,0.00189182566965977,0.00207884356227668,0.00226423865336472,0.0023811026272015,0.00108654317590997,0.00752787265772063,0.0108459592816755,0.0106741270816004
1752,-0.00154888103686124,-0.00147512000752025,-0.00117755625515001,-0.000566432499109019,-0.000489953448152321,0.000361584666184019,0.000168037922517189,0.000238164231826623,0.000297708616472165,0.000689103595680324,0.00105158783253333,0.00134264920371589,0.00142875759624652,0.00153203375049695,0.00169375915797038,0.00192244105532208,0.00243503418003174,0.00251239311599024,0.00236984064527106,0.00261005695224592,0.00273017099702061,0.00268682670321989,0.00274201654050655,0.0029517711594279,0.00317143522017266,0.00326969740421012,0.0019931341595314,0.00854707973865136,0.0119213059854598,0.0117443308697622
1750,-0.00211032992330666,-0.00196440792474599,-0.00162135056604662,-0.000974685649899224,-0.000858653380605564,0.00023582926182485,6.2091434136191E-05,0.000150643857215424,0.000232292999570522,0.000662738118480339,0.00106744057677966,0.00139095633834999,0.00150862378994065,0.00164169204656019,0.00182055116530963,0.00207713875657845,0.00261351922905231,0.00273912663703648,0.00260983189619343,0.0028635450835901,0.00302400748698836,0.00299106015723401,0.00306426030751385,0.00330478292564346,0.00354114278322604,0.00363848168915204,0.00246876156069307,0.00898961003450962,0.0123690877152108,0.0121946269293287
1748,-0.00276042297812969,-0.00260094051984938,-0.00224812005756389,-0.00160019228718426,-0.00148077693839938,-0.000336293625608388,-0.000504662509752091,-0.000431300419310882,-0.000336164705736623,0.000113637730377943,0.000535691538152953,0.000874276604349264,0.000993693799754442,0.00112471522584404,0.00132354826456217,0.00159643378783826,0.00213051370389521,0.00229363120143397,0.00215831456351135,0.00241344368076803,0.00259713270586583,0.00255560104757487,0.00264085665979741,0.00289307578740088,0.00311915012823077,0.00323637281236926,0.00221342109865897,0.0086344642863405,0.0119884843496149,0.0118196003822064
1746,-0.00293145204162815,-0.00280503487648723,-0.00248131560588398,-0.00186390170459746,-0.00176579738163003,-0.000718403407700186,-0.000896732903812431,-0.000855860260801847,-0.000755295624130807,-0.000307559635072853,0.000102069128929815,0.000435229651078746,0.000536070967270199,0.00064482769650335,0.00085521856292685,0.00112484318110901,0.00163600164444559,0.00181817040151751,0.0016707139135997,0.00191410698049645,0.00209873931172379,0.00204248880244496,0.00212645630076118,0.00236963262132299,0.00257877009146635,0.00270722191317685,0.001768837091372,0.00815694864441875,0.0115089384564616,0.0113428648162288
1744,-0.00295825788108424,-0.0028685248050919,-0.00258880998004024,-0.00201173587616273,-0.0019295946087785,-0.000953560559276566,-0.00114242428024913,-0.00112381573093018,-0.00102195626513462,-0.00057504111184555,-0.00019001536872428,0.000129839925477747,0.000222045512292237,0.000310711437013234,0.000524017500705504,0.000785752054944876,0.00127496416025506,0.00146506197796531,0.00131097393136692,0.00154463845819829,0.00172490867012906,0.00166262078769783,0.00173433002005112,0.00196883115488842,0.0021698996629375,0.00228797202476432,0.00138412319627167,0.00779998419529513,0.0111784185379342,0.011013541998816
1742,-0.00334635195601309,-0.00328003268157778,-0.00304206456148067,-0.00250186186134293,-0.00242122860660345,-0.00144829729852818,-0.00163867547541408,-0.00162199999800698,-0.00152339275335258,-0.00107097019178403,-0.000706626804437176,-0.00039512151781355,-0.000294057115727568,-0.000218528334541808,-8.06658839682848E-06,0.000252050280689398,0.000729244284489283,0.000924182828783941,0.000769552012781976,0.00100502829969004,0.00118563184210167,0.00112291837328816,0.00117923915415295,0.00141807638044651,0.00161486466210838,0.00172504890921631,0.000857237047443919,0.00731996830951158,0.0107366871464132,0.0105753466953861
1740,-0.00394676768407271,-0.00389152122520341,-0.00367902583004368,-0.00316115978417992,-0.00307501982783468,-0.00211363278890339,-0.00229832577772131,-0.00226907204447512,-0.00217719438810412,-0.00172378960458706,-0.00136654295850145,-0.00105069955706764,-0.000938549883647902,-0.000873156845948096,-0.000668913129534132,-0.000404345448794692,6.77283420405212E-05,0.000273517842215924,0.000122131603059374,0.000368321871534127,0.000550926315015107,0.000484793986641707,0.000532098421764856,0.000785287616341107,0.000974664732601082,0.00110772780752995,0.000273044823194312,0.00681520029433422,0.0102809955766912,0.0101267904091385
1738,-0.00436948747648078,-0.00430752404876646,-0.00409052952467611,-0.00356780248281309,-0.00347146644778307,-0.00255303822246896,-0.00273008320530919,-0.00268236545408106,-0.0025931476173191,-0.00214260271880103,-0.00177558272143031,-0.00144297567960421,-0.00132659202899942,-0.00126674671075313,-0.00106680740996732,-0.000793796236514894,-0.000318514123126817,-8.64637225712903E-05,-0.000228842046998837,3.06452776913307E-05,0.000212775165869913,0.000143736496812008,0.000193409543855353,0.000464796430657611,0.000652083244840355,0.000832862285911432,1.7120184382605E-05,0.0066627465585469,0.0101798978066522,0.0100355728456035
1736,-0.00471477506702324,-0.00461914307041767,-0.00436613348912872,-0.00380768536884501,-0.00369078467538912,-0.00277072172578261,-0.00294111302359287,-0.00287204357693931,-0.00277433989918893,-0.00231537509951813,-0.00192391007383696,-0.0015706976718812,-0.00144871938896794,-0.00138476010483512,-0.00117972220557184,-0.000895713899251797,-0.000398762478568687,-0.000125701816757252,-0.000250609339231919,2.24641255681671E-05,0.000204728308037816,0.000142244335071509,0.000204171898689283,0.000495556761324679,0.000701802702243596,0.000919995843432851,0.000165589183186622,0.00683255844364057,0.0103548516587036,0.0102233029468243
1734,-0.0051993256196823,-0.00506400428880828,-0.00477479320368482,-0.00417625243566424,-0.00403853466622662,-0.00305662395587983,-0.00322960073334784,-0.00314428203937778,-0.00303333236505735,-0.0025539472617497,-0.00213799171285176,-0.00177854896470343,-0.00164835714823671,-0.00157445956458277,-0.00135421980419345,-0.00106918729888835,-0.000537548496065087,-0.000233161922952261,-0.000343077106005328,-5.96685829051602E-05,0.000126528522655416,7.29539291257444E-05,0.000147929677379173,0.000450070835297676,0.000693427360004474,0.000895882131194146,0.000297733211421763,0.006797611786875,0.0102285050538146,0.0101107768549341
1732,-0.00546670400217923,-0.00533970752629288,-0.00506367888413123,-0.00446981058685974,-0.00434146505311405,-0.00338213514464282,-0.00357433121513054,-0.00349404343417066,-0.00338588719129646,-0.00290345257520209,-0.00248916766721652,-0.00214996651398126,-0.00202982415875008,-0.00195400844244214,-0.00172356841995822,-0.00146356893078832,-0.000922002306115601,-0.000628237198170417,-0.00074949604062476,-0.000463697578730495,-0.000278136464839821,-0.000340411132258903,-0.000266239032046205,1.89437296881661E-05,0.000283581672100381,0.000407169337118415,-4.62906940173777E-05,0.00622762248939997,0.00953466181415052,0.00942545453691724
1730,-0.0053571704873958,-0.00528801972942141,-0.00506602218155047,-0.00452016030881843,-0.00443150042716846,-0.00362432493668972,-0.00383700514512901,-0.00378034010699418,-0.00369503482681283,-0.00323849331314724,-0.00285349740466484,-0.00254452478261138,-0.00245684529812609,-0.00238891247852394,-0.00216331386374411,-0.00194208559428206,-0.00142874766140654,-0.00117775928165871,-0.00133505507181382,-0.00104931974221317,-0.000877766324160976,-0.000961180044015526,-0.000901356839919426,-0.00065229357387646,-0.000398115365285853,-0.000373038908713145,-0.00081357161602687,0.005383725139139,0.00864302352965277,0.00853657505664624
1728,-0.005391753884491,-0.00538250559328324,-0.00521236286277546,-0.00471834016896824,-0.00467143051067367,-0.00401049179301895,-0.00422541632249632,-0.00419394690554668,-0.00413571573717488,-0.00371326082854717,-0.00336460064382927,-0.00307870420760777,-0.00302270491086908,-0.00296444209630638,-0.00275030307797174,-0.00255930027198876,-0.00208456479520131,-0.00188236475919648,-0.00207578255572732,-0.00178696320667901,-0.00163781144288766,-0.00173549959944631,-0.00168958465937293,-0.00147263273056537,-0.00124229187582034,-0.00129756120814915,-0.00180659195298607,0.00442938393021841,0.00770375925337197,0.00759954224653517
1726,-0.00583235930680943,-0.00585542728138936,-0.0057157637327183,-0.00525532643913944,-0.00523366617249638,-0.004622856452674,-0.00482096146544859,-0.00480664038141518,-0.00476644586014898,-0.00437076531558276,-0.0040509900920019,-0.00377907103177783,-0.00373726940814006,-0.00368834482800603,-0.00348287972885537,-0.00330539530584536,-0.00285867837077792,-0.00270092365416602,-0.00291228902708436,-0.00262241421638816,-0.00249339695536052,-0.00259400650623039,-0.00255245642456835,-0.00235273260724125,-0.0021448755804633,-0.00224262711509866,-0.00283295855731136,0.00345846634674272,0.00675652663398317,0.00665447498188649
1724,-0.00631583710601068,-0.00633689701937203,-0.00620476172068614,-0.00575328653864015,-0.00573325070414747,-0.00508686743198306,-0.00526378525185519,-0.00525579059796277,-0.00521733749430379,-0.00483723106579627,-0.00453137690504607,-0.00426490059071312,-0.00422071961722008,-0.00417956001170892,-0.00397624240088734,-0.00379650930652382,-0.00336308010741553,-0.00323692647741204,-0.00344168473476538,-0.00315952797548255,-0.00304004771512394,-0.00313694386966663,-0.00309070718355922,-0.002892573553686,-0.00270082990863145,-0.00279406450582333,-0.00347244364980824,0.00288465877915241,0.00620332544546201,0.00609957031262539
1722,-0.00636998956284409,-0.00635537484970885,-0.00620596150606109,-0.00573550030664025,-0.00569079607813647,-0.00494975238946193,-0.00511276573350623,-0.00509848369502546,-0.0050419324605955,-0.00466376249859458,-0.00435184993358592,-0.00407610057342036,-0.00402257498934438,-0.00397942913283548,-0.00377018039666467,-0.00357376365650283,-0.00313813908816708,-0.00301810690886768,-0.00319624071223165,-0.00292475802794678,-0.00280290762187654,-0.00288885303764038,-0.00283470286944089,-0.00262459182655086,-0.00243789938574805,-0.00249109020866942,-0.00326044973443914,0.00320559154242319,0.00655746494802626,0.00644679824169932
1720,-0.00590794169810141,-0.00582208650611147,-0.00562173710511911,-0.00510046822773079,-0.00500360729268854,-0.00407709421245404,-0.00422683456517364,-0.00419043024693825,-0.0040940382616608,-0.00369699375276893,-0.00335350657950074,-0.0030418940708186,-0.00297407352772244,-0.00290807759549949,-0.00268220105817819,-0.00245180862910553,-0.00199027749258231,-0.00184268830883119,-0.00198417664738451,-0.0017087973084983,-0.00157629043840899,-0.00163545316691154,-0.0015718200424606,-0.00133648204649502,-0.0011356969058131,-0.00112782171426183,-0.00192560950921503,0.00464957243190726,0.0080354410180829,0.00791620914378697
1718,-0.00504562149392015,-0.00487471578876588,-0.00459647937809655,-0.00400918961954314,-0.0038487992678955,-0.00265329777878723,-0.00277797120000002,-0.00271071231485874,-0.00256312479435559,-0.002127257167383,-0.00173052781705554,-0.00136074729104304,-0.00126837406239054,-0.00116320473954811,-0.00091460619252049,-0.000638635273487351,-0.000127520961807061,6.78058221226397E-05,-4.56217621824348E-05,0.000255086880144058,0.00040167744424237,0.000382231289991645,0.000460440650386767,0.000726227248239217,0.000961275676353335,0.00105970503070162,0.000372818689993881,0.00690869108811189,0.0102663718668947,0.0101413292350766
1716,-0.00399981895836294,-0.00381296548576364,-0.00349348527355565,-0.00288913052189096,-0.00270730623880336,-0.00140299345826677,-0.0015076038117133,-0.00143483132993397,-0.00126649081868622,-0.000811075157986268,-0.00038094987046443,1.42616744055185E-05,0.000126898017995157,0.000249452845967348,0.00050012363111104,0.000796391479849473,0.00133278096344182,0.001544178353882,0.00142218865196057,0.00173494305600155,0.0018887562057915,0.00188496319904357,0.00197527583818239,0.00224586266725526,0.00250462050080339,0.0027151194439625,0.00215786388943759,0.00847665885279963,0.0117246750138693,0.0115963068961167
1714,-0.00331034112642589,-0.00319761604818919,-0.00291107372350261,-0.00235713111551516,-0.00220982858441056,-0.00109022631543969,-0.00120455497183161,-0.00116090877028517,-0.00101902187875539,-0.000594218450243243,-0.000181684561594781,0.00017400444809454,0.000278304764298084,0.000381658546102855,0.000601471697161465,0.000874815176918949,0.00137707493274716,0.0015526747373196,0.00139606176645476,0.00167973024771038,0.00182582818618033,0.00179865764063156,0.00188436383460863,0.00212482406749808,0.00236954888685074,0.00264756905914242,0.00203071388172104,0.00822601504743051,0.0114033613338834,0.0112714529837329
1712,-0.00327147015279876,-0.00323045774252243,-0.00299424107877241,-0.00249229634747898,-0.00238313669382878,-0.00148306813470438,-0.00161768942199968,-0.00159787330511836,-0.00148973629436753,-0.00111330628544161,-0.000735087687836208,-0.000432253638691168,-0.0003514369718965,-0.0002677964962201,-8.52698112525671E-05,0.000157624803880587,0.000612262287875807,0.000744017119365888,0.000565811187399155,0.000812221550003866,0.000941670349316904,0.00088929392272045,0.000963018193486046,0.00117055738276294,0.00138746506104536,0.00166469632548566,0.000896824128097041,0.00716265750074262,0.0103654206898349,0.0102318348293803
1710,-0.00362960636713714,-0.00359849962563678,-0.00338526502920981,-0.00289579303066603,-0.00280003386938845,-0.00196638939684166,-0.00210930868532787,-0.00208308594904189,-0.00198831638326929,-0.00164480062677779,-0.00128337935476999,-0.00100322699955791,-0.000936541856971977,-0.000853137330839097,-0.000693374356073013,-0.00046254433395429,-2.60487465760437E-05,8.08117675656858E-05,-9.03364393509403E-05,0.000141448251723387,0.000254638296908995,0.00019646169278214,0.000267806606018496,0.000460037962166756,0.000662084225231863,0.00090610254688905,6.59983574850887E-05,0.00647183915433547,0.00974852683316164,0.00961783991406564
1708,-0.0038194726765804,-0.00373798155293933,-0.00351574523831542,-0.00299892152187977,-0.00289570502846911,-0.0019833219094896,-0.00212260189396743,-0.00206527669528643,-0.00196141651479375,-0.00162425923186842,-0.00125362786704365,-0.000958483504305483,-0.000886592919618995,-0.00079036330130224,-0.000633238262781644,-0.000393252454251968,6.21381183134111E-05,0.000161965463051267,2.07802305402672E-05,0.000264558048189842,0.000370372520718864,0.000321330122083122,0.000403850085469992,0.000600262758762434,0.000809222319492508,0.00103732632882219,0.000241483819912723,0.00675097688073182,0.0100992472963964,0.00997535972436938
1706,-0.00340983070564172,-0.00326269749997778,-0.00301347491846401,-0.00245241263938285,-0.00233515661545111,-0.00129782848731339,-0.00143403633090751,-0.00134686980319876,-0.00122384009844823,-0.000871321188347417,-0.000477177197114477,-0.000148055702308161,-5.91358679059411E-05,4.72184389909093E-05,0.000217479736193537,0.000478965994906984,0.000972405355514778,0.00106972946330459,0.000961016601766521,0.00122715919500943,0.00134030331766192,0.00130417077806206,0.00139703378116446,0.00160948665680771,0.00184060202347746,0.00210223105354191,0.00139167013036642,0.00794137420382739,0.0113303147342462,0.0112139003433457
1704,-0.00262223785611669,-0.00243998413658981,-0.00215326367951842,-0.00155299128864238,-0.00142114312328502,-0.000254558846012713,-0.00038955642938105,-0.00029096652607448,-0.000150766308925287,0.000227778331375395,0.000641455069252878,0.00100146345154818,0.0011056793396316,0.00121345617936932,0.00140640380594175,0.00169254559363327,0.00222334584253884,0.00231368276713237,0.00222257966364088,0.00250145059222411,0.002635639723249,0.00261477639646092,0.00270104890486435,0.00293366647982512,0.00318585042246987,0.0035027483058744,0.00285580750928456,0.00941240809238977,0.0128070066558595,0.0126966330351947
1702,-0.00198854121100023,-0.00179943116815592,-0.00145500849128152,-0.000819982300848334,-0.000667263422111556,0.000697689631275844,0.000579749644168946,0.000686193770803968,0.000842275478037412,0.00125524357803203,0.00167844773687097,0.00206859128442068,0.00218617248799334,0.00229555193437885,0.00252214224191099,0.00283429374122148,0.00340049757418794,0.00348727523034722,0.00340433797585939,0.00368295174866603,0.00384606850658661,0.00384862302123007,0.00392133165841014,0.00417801168480992,0.00443774910697776,0.00475499571038561,0.00420441132625969,0.0107528397808155,0.0141225574304787,0.0140159693813091
1700,-0.00166710434367341,-0.00147505005648984,-0.00106230222112834,-0.000395393331454013,-0.000222247961399545,0.00140578346398042,0.00132781567819032,0.00145687099673766,0.00162765336493215,0.00207932827499351,0.00250347710062515,0.00293012894459825,0.00306530865555013,0.00318106282992782,0.00344652804172089,0.00378081534342434,0.00437448121154401,0.00447008156207192,0.00439836446079742,0.00467602515004266,0.00486197711456365,0.00488383121871852,0.0049650957641145,0.00524591110304737,0.00549681875938885,0.00571836295833127,0.00536431856852645,0.0118665492393674,0.0151789336728417,0.0150697172605336
1698,-0.00167454281454469,-0.00150237037703115,-0.00107438330188,-0.000408115794898053,-0.000247005728130726,0.00151462277098583,0.00146811303127047,0.00161023663185074,0.00177633597336559,0.00223634724020552,0.00264504231419816,0.00307842124517961,0.00322072595682402,0.00333289868596058,0.00360670214198436,0.00394017023372911,0.00451873184250319,0.00461334612702138,0.0045408856254432,0.00482733010704572,0.00500186424568807,0.00500733460565685,0.0051157489771283,0.00539984199572485,0.00563019151407734,0.00574184454974671,0.00558711890510921,0.0119994571308528,0.0152355005829935,0.0151141503837031
1696,-0.00217870214807872,-0.00207549764240594,-0.00171608505343038,-0.00109898075856811,-0.000987616068688035,0.000706031743669206,0.000658110910250781,0.000775519103625675,0.000911972917744147,0.00132458554697563,0.00169988850989037,0.00207653192051354,0.00219866559044378,0.00228823907769163,0.00252126902204024,0.00282564859431773,0.00334269043555143,0.00340155539684056,0.00329558577174943,0.00359549904687742,0.00371849478500827,0.00367789679522005,0.00378920847386862,0.00404658837423431,0.00425459473499378,0.00434857904418343,0.00426233058844506,0.0106007157409608,0.013785280328033,0.013650835196874
1694,-0.00280393596618304,-0.00277437307808421,-0.00250304447445449,-0.00194330187499787,-0.00187922713409794,-0.000270184746296985,-0.000330768546334555,-0.000246824571141682,-0.000136917956117218,0.000209265635103138,0.000553674602444171,0.000853369189387897,0.000947032135207028,0.00101060554816991,0.00119332363331672,0.00146307504611479,0.0019230146564492,0.00193703378622788,0.00178594588940452,0.00209346064034344,0.00216188492763388,0.00208665778653587,0.00217383717483827,0.00239721890552096,0.00259005484707131,0.00272263573803901,0.00261972651501684,0.00895875645099058,0.0121461642586999,0.0120047390091029
1692,-0.00286016258470929,-0.00285553670780495,-0.00263298275490128,-0.00210006679180583,-0.00205422064009982,-0.00043299458047431,-0.000498164127116759,-0.000422808538837555,-0.000315512468436488,-1.03652860389048E-05,0.000323268248635491,0.00057995986631123,0.000660450851342642,0.000709150224855297,0.000867828938321888,0.001116880258696,0.00155551173983204,0.0015500954840627,0.00137237867913658,0.0016781797086876,0.00172112053772221,0.00163807944916341,0.00170507339898428,0.00190727918019321,0.00209733290126544,0.00224853649070485,0.0021192830710188,0.00854862472285507,0.0117916588316018,0.0116450734034073
1690,-0.00219074086601648,-0.00215318573902055,-0.00192786423037724,-0.00138286946968702,-0.00132559954335895,0.000411437592041319,0.00035207123321625,0.000445732271771018,0.000574240788033731,0.000876865279600344,0.00122461620977171,0.0014861044433995,0.00157219033138099,0.00162197228322879,0.00178493544433111,0.00203440288678913,0.0024860966883381,0.00249255861706835,0.0023142925813909,0.00261320236699699,0.00266593320853652,0.0025943008755732,0.00265940194388209,0.00285904810015296,0.00306178208284053,0.00319102891595356,0.00305342330430808,0.00964541290276939,0.0129814504196578,0.0128264326295274
1688,-0.00127227339475583,-0.00116464675722925,-0.000891317459688615,-0.000302280601745121,-0.00021026176393842,0.00178044764580967,0.00174342699489895,0.00186997117447772,0.00203666921976452,0.00236727517141492,0.00275547573175605,0.00305870476042941,0.00316225196735928,0.00323349486972833,0.00341524813417013,0.00368846648702776,0.00418193786746854,0.00421784504959426,0.00405710088679701,0.00435607344873781,0.00444433467720557,0.00439603414991715,0.00447157436965435,0.00468973930747684,0.00492157265183048,0.005006514382071,0.00493355298584759,0.0116966837563236,0.0151310689017378,0.0149658687684469
1686,-0.0008490903907427,-0.000675576323225089,-0.000327502188629363,0.000317459935346506,0.000455790366032558,0.00288623757641354,0.00290275948210025,0.00306440060612449,0.00327618916167929,0.00364134259086997,0.00409237083032664,0.00444986075457423,0.00457495150687465,0.0046908072064354,0.00488988195648899,0.00520211879231057,0.00576044978189349,0.00582012990565414,0.00567944914475519,0.0060022864450682,0.00613052080663921,0.0061124315572489,0.00619838431920614,0.00645500844219504,0.00672395725557172,0.00678477508198881,0.00694360504571293,0.0137461013162334,0.0172146744632898,0.0170473566912115
1684,-0.00120198844635709,-0.00102592215131368,-0.000633530121141139,3.29269046808485E-05,0.000195414439375295,0.00308715232830905,0.00317712268455188,0.00336265943173154,0.00360216777978851,0.00396286037623407,0.00446380323219436,0.0048404487973576,0.00498033707863037,0.0051404871501983,0.00534086027642885,0.0056732187725636,0.00628174321547534,0.006332998472409,0.00619567501130139,0.00655968583660301,0.00670069087597189,0.00670065797671787,0.00679018369936273,0.007078651432919,0.0073643978461942,0.00747005529499512,0.00797326126491107,0.0145784480334828,0.0179506043816679,0.0177985272939652
1682,-0.00169191448852267,-0.00158367051820892,-0.00122427954528443,-0.000596226214187166,-0.000457308827292474,0.00262830154609581,0.00276372884681355,0.00295471788721799,0.00318730277022035,0.00348138744024185,0.00397770859836961,0.00430686821853574,0.00444492422083769,0.0046093472476774,0.00479051309633379,0.00510136573036192,0.00569665176804166,0.00570642747169375,0.00555464282092132,0.00593474939641888,0.00605525554068523,0.00604024998073957,0.00612909704077678,0.00640727202477944,0.0066749391956042,0.00686680297827193,0.00756144507275851,0.0139304093172163,0.0171611209938722,0.0170292101606869
1680,-0.0019588130674202,-0.00192999515240347,-0.00163802224572069,-0.00107040015783925,-0.000975464934059468,0.00216221948229066,0.0023152570144931,0.00250438208547844,0.00271672882055279,0.0029112222454668,0.00337216434010006,0.00361694254130016,0.00374259154532254,0.00388045567738694,0.00402912813257899,0.00430686522928432,0.00485015782066251,0.00481046846888798,0.00464487520010889,0.00500917557537469,0.00510121259315924,0.00505342948985804,0.00513778913501867,0.00537896316493636,0.00562171930658876,0.00586760647875649,0.00658777200036836,0.0128903195942324,0.0160612326724713,0.0159380631726591
1678,-0.00203750698092091,-0.00206276879523719,-0.0018184297312335,-0.00129904454089787,-0.00123599798781259,0.00208743305526412,0.0022663370122119,0.00246165644049953,0.00266579176235205,0.00275047586147483,0.00318600051843464,0.00334547943155663,0.00346253161106141,0.00357366860148666,0.00368558945553013,0.00394318229248154,0.00444626410864293,0.00436740437281303,0.00419883164504527,0.00454315717160415,0.00461080742294345,0.00453863709531557,0.00461330968475838,0.00482206437233905,0.00505617151925278,0.00530637264208289,0.00605930765911139,0.0124160680913734,0.0156101105061589,0.0154847646603168
1676,-0.00166099285976074,-0.00170080523934244,-0.00146279461052206,-0.000966662536033905,-0.000909158794075152,0.00283829996887746,0.00306625318245005,0.00328601980369905,0.00350541719079415,0.00347382791416248,0.00390850166258423,0.00400274148578392,0.00412726888866199,0.00422557844752958,0.00430688660545089,0.00455649564956966,0.00505669146033852,0.00496221609199293,0.0048048686837563,0.00513992665413702,0.00518905034168167,0.00511651079296622,0.00518047984697486,0.00537168622180093,0.00561810233938678,0.00583772312169047,0.00667847459417141,0.013111613535596,0.0163636620948368,0.0162306968192797
1674,-0.00071712964425535,-0.000734033427432657,-0.000468665755902422,3.19652304512003E-05,0.000109039485507174,0.00449138773289392,0.00478078549365593,0.00504294596963137,0.00529802057362709,0.00513636780723444,0.00558491854862033,0.00563915593267344,0.00578854750517737,0.00588676469618866,0.00594674496016309,0.00619162877109229,0.00672242310387924,0.0066374457994332,0.00650476821510917,0.00683546843175059,0.00687267757095338,0.00682501349660351,0.00688466369332303,0.00706218874128463,0.0073339647696248,0.00750982812577721,0.00842051893938798,0.0148925850070124,0.0181843321079919,0.0180458069729571
1672,8.24064509130965E-06,1.29238833532169E-05,0.000298868088981455,0.000817084426453894,0.000916590209765974,0.0060205892252176,0.00636389246435109,0.00666838132517866,0.00695656123993181,0.00663890642884567,0.00709104823515857,0.00710434032905897,0.00727648870641352,0.00737714399078785,0.00740526168213901,0.00764514004422972,0.00820450765985707,0.00812605812526579,0.00801836745125783,0.00833687493983196,0.00835989931390447,0.00834058295580062,0.00840418595638271,0.00854966115084893,0.00883781188450546,0.00898095385482811,0.00989105763823658,0.0163362098144899,0.0196139593874982,0.0194813782092922
1670,-0.000313750720418049,-0.000333059523838376,-7.02395477734979E-05,0.000452988252603951,0.000552624866282861,0.0062454522192246,0.00662541624322146,0.00695098024491746,0.00724419167344099,0.00676485845095826,0.00720125975793461,0.00714348727301165,0.00731426817635033,0.00741389363740935,0.00737829131042443,0.00761846042143189,0.00816942576749192,0.00806612731838664,0.0079636956693484,0.00826653342000367,0.00825849394189981,0.00824340999928784,0.00831301836341372,0.00840630767125,0.00868392469428634,0.00882161185652628,0.00971185495435083,0.0160835985739755,0.0193226642233305,0.0192057564068431
1668,-0.00110033212301167,-0.00117227316415447,-0.000959544775951368,-0.000449747832355116,-0.00036646968219395,0.00559556144802988,0.00599502609176714,0.00632220216202922,0.00659553111118652,0.00600926399349111,0.00642990569357676,0.00629314287567385,0.0064450643461637,0.00654481769812201,0.00643388486109705,0.00668257062970683,0.00719564173515214,0.00705665089519171,0.00693737593374652,0.00723655769330215,0.00718696513437943,0.00715496617098009,0.00722809252108545,0.00727644484200762,0.00752775755085769,0.00769020363085224,0.00858533190215882,0.0148992308863026,0.0181331345261137,0.0180247960327112
1666,-0.0013871642127548,-0.0014934655212792,-0.00131825514136068,-0.000828363597759931,-0.000756198918004448,0.00517155347450074,0.00557447825845369,0.00589826994975448,0.00614792317964758,0.00554391505520341,0.00596051952419577,0.00577963547269567,0.00591343717924722,0.00601644037533905,0.00585748449079278,0.0061160385810761,0.00658815075486108,0.00643768861544405,0.00629551052089597,0.00660070430374042,0.00652400439717471,0.00647527843110651,0.00654885149616326,0.00657709640320737,0.0068086664801129,0.00702107352168764,0.00794455156763683,0.014250651514298,0.0175112034045849,0.0173948491172153
1664,-0.0011399162725463,-0.00125112238258252,-0.00108622185777229,-0.00061738244023304,-0.000546598872875104,0.00523200974925347,0.00562836151512229,0.00594890565207401,0.0061840047920228,0.00562753724997948,0.00604101337111192,0.00585946927856986,0.00597856523415713,0.00608179360132357,0.00591578399451084,0.0061757327503701,0.00661640986296681,0.00647882543227012,0.00632232781393386,0.00662706124346156,0.00655246783059401,0.00649432638932868,0.00656390937762766,0.00658939659212499,0.00681473043829455,0.00708550996000162,0.00811113184010724,0.0144408822639745,0.0177129679789352,0.0175814369958888
1662,-0.000764589045050949,-0.000873224076592516,-0.000701006984020468,-0.000254007453995585,-0.000186757616536125,0.00551939485525917,0.00591013224482784,0.00622495939098591,0.0064564232244163,0.00595814246007144,0.00635923021825235,0.00619641050479814,0.006299253339151,0.00639630467391438,0.00624886364463608,0.00649761324533855,0.00692019653741604,0.00679669143504968,0.00663867133602737,0.00693094278934595,0.00687832878495135,0.0068111605619087,0.00687420365341701,0.00690021339650847,0.00712578585276288,0.00743388655760445,0.0086807080963008,0.0150470898047173,0.018304221382551,0.0181662767232687
1660,-0.000307890354918387,-0.00041790306440924,-0.000232526874167777,0.000201901132282586,0.000259014622140591,0.00600570859186828,0.00639664720538487,0.00670449933360079,0.00694082329560734,0.00647696403410421,0.00686657019580416,0.0067191284130645,0.00680907704499089,0.00690089536326673,0.00677568961876464,0.00700801203163729,0.00742883754920863,0.00731218575174046,0.00716122832861322,0.00744195771313339,0.00740944779024377,0.00733240343022737,0.00739466347217958,0.0074207178549823,0.00764797582318295,0.00795597175666293,0.00945199354430873,0.0158937114996826,0.0191606163056294,0.0190276566408478
1658,0.000328378723101617,0.000230669840145637,0.000435456184501653,0.000883323335045631,0.000937132153387633,0.00677793707498675,0.00717138626127235,0.00747682162085556,0.00772625494458866,0.00728115852867654,0.00767854018010875,0.00754304420199752,0.00763526631914774,0.00773169034949484,0.00762643241999627,0.00785079773161483,0.00828534953828898,0.00818205177556445,0.00804374458860562,0.00832667172017671,0.00830246760528665,0.00822674401482993,0.00829984636102494,0.00833021384004776,0.00856564389356313,0.0088458055891324,0.0105067140330705,0.0170887430957899,0.0204319205761695,0.020304139784497
1656,0.000852051587273863,0.000803922919555695,0.00104272591020519,0.00154287334782609,0.00161818744868272,0.00764187292533459,0.00803897664942718,0.0083494429554878,0.00862509666054627,0.0082003377926215,0.00863242568012294,0.0085144754060137,0.00863161072686807,0.00874234780479623,0.00866150619505934,0.0088980489922144,0.00935641474021588,0.00928348777465514,0.00916862551831358,0.00946742468722007,0.00944293441083867,0.00939583168499739,0.00948813749613421,0.00952943360260428,0.0097863860953225,0.0100184961594434,0.0118414763914885,0.0185818263352136,0.0220402794742004,0.021910057211265
1654,0.000730083904417778,0.000767333369246405,0.00105756913617313,0.0016467694394792,0.00177147579523897,0.00820261108452467,0.0086079673500152,0.00892649904636659,0.00924503253242314,0.0088323050866765,0.00931459966311669,0.00921710830325741,0.00937934177082612,0.00950381240242232,0.00945151154520065,0.0097241750830831,0.0102054335432192,0.010167941568176,0.0100944266975493,0.0104130219591915,0.0103808253766288,0.0103949489069174,0.0105025770150638,0.0105561302524651,0.0108425323993918,0.0110020107068936,0.0132747920484218,0.0200380978167935,0.0235482998558513,0.0234129601041703
1652,0.00027476048971693,0.000377012353283785,0.000714022517179903,0.0013857781023494,0.00154935603984362,0.00850701520327346,0.00891915168217515,0.009240023502484,0.0095971633454151,0.00915603968448479,0.00966738300629903,0.00957342923907865,0.0097779871338868,0.00990442822887722,0.00986160030048842,0.0101725603398353,0.0106610030493254,0.0106351964420452,0.0106039689061505,0.0109337522219245,0.0108834389657583,0.0109559206879388,0.0110633495035065,0.0111196325760239,0.011419242275378,0.0115178268222995,0.0145849500448426,0.0211492079865412,0.0245656874493763,0.0244340906023286
1650,0.000595153448224952,0.000703473265254402,0.00105689708305372,0.00176239704848441,0.00191977995259095,0.00914652180995863,0.00954974867356801,0.00987040655165064,0.0102308222867985,0.00973465924906433,0.0102399497752027,0.0101293956122503,0.010352404952271,0.0104777254539046,0.0104127199599719,0.0107371106173547,0.0112226315237086,0.011190955547612,0.0111700761282602,0.0115040808719247,0.0114346972373778,0.0115199994116061,0.0116241222725541,0.0116721852489174,0.011967071740594,0.0120825799267666,0.0157683251633508,0.0221685203862439,0.0254720360074056,0.0253467882280919
1648,0.0014081330063831,0.00149687601031464,0.00183850448475984,0.00253793356268985,0.00267070105340341,0.00999368164888634,0.0103775666979905,0.0107008175565477,0.0110357523781097,0.0104892930224469,0.0109770983619455,0.0108439862381906,0.0110670191481735,0.0111956272992948,0.0110960487701305,0.0114191018819892,0.0119046677502927,0.0118710473643062,0.0118312952570491,0.0121692861520376,0.0120901031281411,0.012158902339122,0.0122698680061311,0.0123007772966596,0.0125968870461559,0.0127767156903028,0.0168105944730584,0.0232206152486978,0.0264982604261087,0.0263697563642916
1646,0.00192200659624818,0.00197230699789635,0.00227052771708643,0.00291678920059803,0.00302795575832827,0.0105623877164724,0.0109281917137406,0.0112459385105409,0.011543709353127,0.010938493688299,0.01140087995544,0.0112351872890325,0.0114385007989243,0.011562874413881,0.0114278220718564,0.0117420215840215,0.0122225936688446,0.0121751196043341,0.012100700218855,0.0124367854950227,0.0123523251396362,0.0123932500623545,0.0125128883205096,0.0125113477611906,0.0128106619652344,0.0130187960227485,0.0174405115313107,0.0238908175956766,0.0271835951833724,0.0270475459039008
1644,0.0021275234507542,0.00211646921425913,0.00234996706803305,0.00289778560859024,0.00299288902668553,0.0108539966751727,0.0112064563167972,0.011502190200289,0.0117680718794141,0.0110840070726188,0.0115139519035418,0.0113037403754867,0.0114696326473742,0.0115763801653375,0.0114112614867394,0.0117046218254954,0.0121666638675307,0.012081116218483,0.0119685645357418,0.0122941175272792,0.0122009645725798,0.0122092460280513,0.0123291260029694,0.0122861227014588,0.0125723492128367,0.0127372294549447,0.0175799984722301,0.0240369494805477,0.0273584996013886,0.027221341981427
1642,0.00235220037910563,0.00229358372546442,0.00248369404939469,0.00294400658742273,0.00303617595948349,0.0111827780654886,0.0115261119626239,0.0117978536154874,0.0120514936497514,0.0112873743653481,0.0116993673740272,0.0114490650836693,0.0115842020334251,0.011674484349587,0.0114915634949569,0.0117624590045542,0.0122057146860924,0.0120837919332213,0.0119463705713462,0.0122637101079496,0.0121597017339148,0.0121476330099907,0.0122631151090396,0.0121905475358252,0.012454071456907,0.0125579350781888,0.0176587713382337,0.0241860736300324,0.0275754764845597,0.0274426834993284
1640,0.0025326135190225,0.00247518443542328,0.00267072555474269,0.00309982277709454,0.00321304768943435,0.0116325904653357,0.0119739089722976,0.0122381502872401,0.012499668000929,0.0116654681003447,0.0120893727182885,0.0118133062923627,0.0119412627610956,0.0120292105156094,0.0118389434699746,0.0121025782256476,0.0125458069382664,0.0124125763491591,0.0122720146734012,0.0125932454995381,0.0124813189303642,0.0124742950568961,0.0125888898138479,0.0125057897869015,0.0127596329358039,0.012843927202123,0.0181072110307148,0.0248077608397822,0.0282978860663694,0.0281660202228985
1638,0.00249558833244867,0.00248365003001841,0.00272860153677345,0.00318794129063589,0.00334631379684832,0.0121742905688824,0.0125249947515368,0.0128026350761987,0.0130848315729697,0.0121770235564009,0.0126347659574707,0.0123390989091961,0.012477850024514,0.0125783927865755,0.0123810292711628,0.0126557206498272,0.0131255423508896,0.0129975242612595,0.0128758902353449,0.0132133957641407,0.0130928123065978,0.0131131902431473,0.0132303078866813,0.0131467120820553,0.0134169917309654,0.0135311088647863,0.0191015750624033,0.0259472234741684,0.0294946966720241,0.0293535678608709
1636,0.00253810233548045,0.00255581521936994,0.00284677416714999,0.00336674617821302,0.00355866943900457,0.0128787252055987,0.0132408732163784,0.0135352827986066,0.0138336160236688,0.0128319903595963,0.013304620330895,0.0129730085547735,0.0131162134312471,0.0132352344889146,0.0130133124457332,0.0132948296953902,0.0138006751507002,0.0136552047745592,0.0135612649892663,0.013915811912008,0.0137690127070236,0.013810341293027,0.01392343037894,0.013832087784814,0.0141341937755171,0.0142870218228552,0.0203519584123552,0.0270666339688745,0.0305153957696592,0.0303554479059328
1634,0.00308495182289521,0.0030572824679649,0.00332830532688407,0.00387527409807673,0.0040417428524123,0.0135702920962364,0.0139213310441004,0.014206347811846,0.0144973519511386,0.0133986375634402,0.0138331336998982,0.0134408202803729,0.0135665851036932,0.0136943855285602,0.0134272568117781,0.0136846340095224,0.0141937622269752,0.0139891692983759,0.0139009880202449,0.014256527625227,0.0140646940609394,0.0140883769200482,0.0141841188136618,0.0140708651230412,0.0143818119210961,0.0145301474255495,0.0208603862403877,0.0272469650791119,0.0305220619466798,0.0303501488721753
1632,0.00362137051467148,0.00353894860496497,0.00376300053225946,0.00430304888711342,0.00442439515445068,0.0139140413497304,0.0142395678011447,0.0145027554590454,0.0147777190969514,0.0136022616591207,0.0139923543925962,0.0135427135693484,0.0136554326251735,0.0137824414078244,0.0134740793984014,0.0137026531092905,0.0141901179673518,0.0139334518119288,0.0138316367741914,0.0141804490480905,0.0139559893563302,0.0139517758777143,0.0140273857620614,0.0138974391892328,0.0141926942515432,0.0143216680907518,0.0205812944407421,0.026841086818504,0.0300740674452332,0.029905888082645
1630,0.00377945350527431,0.00369436894536066,0.00390286489141089,0.00443835342925838,0.0045433397921228,0.0140671754448786,0.014375272421468,0.0146309943657466,0.0148982224284992,0.0136574339736724,0.0140341054785414,0.0135459838933712,0.0136667358274253,0.0137910170186336,0.0134557915182858,0.013678923547661,0.0141548301887876,0.0138799367809645,0.0137679296714296,0.014116050129297,0.0138846257025844,0.0138722726332762,0.0139312443007628,0.0138005733282845,0.0140822845719592,0.0142156244975004,0.0203523333679563,0.0266804463864994,0.0299741085881124,0.0298187282278876
1628,0.00389203755444692,0.00384699429428009,0.00407857510433798,0.00461307121352579,0.00473072600196662,0.0144559902834736,0.0147572657097473,0.0150235639469906,0.0152891524008818,0.0139793630140227,0.0143683697654173,0.0138577326975608,0.0139988042914162,0.0141197866946878,0.0137689121273698,0.0140082919543254,0.0144928699666987,0.0142256162872624,0.0141132741589615,0.0144675442077411,0.0142477938240829,0.0142450578946102,0.0142925700108445,0.0141704826018593,0.0144511378371249,0.0146097531051888,0.0205872432740253,0.0269712543773257,0.0303107993044417,0.0301728589515803
1626,0.00435633209569736,0.00434733493274626,0.00461372518694746,0.00513563286793009,0.00526777362345467,0.0152983606262313,0.0155915298947368,0.0158711121342735,0.0161306909997577,0.0147218820762247,0.0151288517474615,0.0145918333072054,0.0147446511171559,0.0148630256044319,0.0144966680298345,0.0147550624300681,0.0152575998133349,0.0149997517169933,0.0148925999879435,0.0152542532653073,0.0150406914444673,0.0150506843928166,0.0150992899285366,0.0149725690712596,0.0152629259622436,0.0154475086221472,0.021030737535187,0.0273398583230928,0.0306438163916256,0.0305218244376168
1624,0.00492172408181306,0.00491171632530726,0.00518952436639859,0.00569174292621074,0.00581670897038856,0.0162127125041248,0.0164886446693143,0.0167661361146623,0.0170117097963952,0.0154373830311384,0.0158534082855859,0.0152526478186726,0.0153983464602624,0.0155172638185833,0.0151157988591881,0.0153803756631557,0.0158927223574203,0.0156187813433585,0.015518494847904,0.0158832629586488,0.0156428796305775,0.0156588648790516,0.0157243711704025,0.0155594697278069,0.0158625039233664,0.0160597108824352,0.0210099048936712,0.027203709750059,0.0304388238944965,0.0303238514986732
1622,0.00521774590560426,0.00519293267712742,0.00546009755203649,0.0059536560969332,0.0060619434594087,0.0169650060360001,0.0172238328611922,0.0174886887441748,0.0177209832101208,0.0159007676283372,0.016321864887073,0.0156090541534869,0.0157432629448436,0.0158633320408345,0.0153967778151893,0.0156635139174147,0.0161764701110315,0.0158614065100649,0.0157713302110984,0.0161341346265773,0.0158385832600995,0.0158582124648015,0.0159456346550933,0.0157185630068699,0.0160307622023931,0.0162269551342268,0.0205188234291388,0.026674057659918,0.0298817916532998,0.0297677715142944
1620,0.00556507675606178,0.00553627418385936,0.00579212743956613,0.00628491695714784,0.00638717834078383,0.0180295321465485,0.0182791548303169,0.0185349687703282,0.0187596751636056,0.0166148183008258,0.0170395263683307,0.0161748716350563,0.016304730469889,0.0164221392667255,0.0158610875783751,0.016136288745354,0.0166459046710506,0.0162798712301729,0.0162001703112288,0.0165562513460373,0.0161965474513809,0.016219822486304,0.0163213649545288,0.0160246650006125,0.0163391033632139,0.0165129430867303,0.0201299788022427,0.0262810326728751,0.0294934662493338,0.0293828615788304
1618,0.00627020806169999,0.00623549786741674,0.00648559676314716,0.00696686320513792,0.00707130102322709,0.0196706458161887,0.0199124579230278,0.020163747940937,0.0203805842072507,0.0178375442113889,0.0182515760569694,0.0172004122441413,0.0173261452928727,0.0174386166152424,0.0167562144068346,0.01703664776559,0.0175337690184658,0.0171094094723449,0.0170278529841268,0.0173741296160936,0.0169466052494205,0.0169655854165089,0.017065673036588,0.0166929606507783,0.0170008160797867,0.0171222521592181,0.0199051426790971,0.0260178481384624,0.0292299622396397,0.0291279477005003
1616,0.00678003617805113,0.00671943807330252,0.00695846232743466,0.00741499082961003,0.00751043911509469,0.0211492883275557,0.0213761844828256,0.0216163115679191,0.0218185427320715,0.0188338326019914,0.0192177021245152,0.017955030259921,0.0180659950115344,0.0181760606738146,0.01735606957003,0.0176240944528186,0.0180954199647989,0.0175978515848375,0.0174992894186847,0.017838056513466,0.0173336244650614,0.0173361837260829,0.0174215318532722,0.0169609911472763,0.017256588981366,0.0173181586639105,0.0191618954113579,0.0252444555401097,0.0284594078455431,0.0283644271432348
1614,0.00666061722106425,0.00656871525418212,0.00678267741396075,0.0072198788263631,0.00728959153341925,0.0218584801491055,0.0220710515481345,0.0222898934993997,0.0224773932072874,0.0190754058039545,0.0194280606436054,0.0179610660769664,0.0180515451879895,0.0181591116085182,0.0172069506206228,0.0174517788613105,0.0178942475814097,0.0173169114398314,0.0172038354224883,0.0175371334281584,0.0169532404374494,0.0169361946813773,0.0170050164881359,0.016455190212799,0.0167363418562547,0.0167630451260645,0.0177831243036628,0.0239108332728848,0.0271625184355952,0.0270660417040137
1612,0.00655056794364166,0.00644245598189516,0.00662079951436733,0.00705214818788499,0.00709384345423215,0.0222523151820834,0.0224656853484225,0.0226625249757595,0.0228467178359587,0.019151680720465,0.019486608772114,0.0178749566938731,0.0179519188790503,0.0180518020558792,0.0170008638859479,0.0172281552255028,0.0176485484452076,0.0170149315590943,0.0169023089439196,0.017223572623156,0.0165816871706181,0.0165504300082625,0.0166089589466295,0.015995417779912,0.0162579867418548,0.016273513074866,0.0166656023470197,0.0228903846516359,0.0262062114063028,0.0261020002934927
1610,0.00709542498372706,0.006984195898352,0.00712646156774024,0.00755784091877774,0.00758358050600781,0.0228095356204389,0.0230433918507331,0.0232271601196725,0.0234217511555223,0.0196377138984026,0.0199652033276459,0.018307031462579,0.0183822050943853,0.0184729835105115,0.0173792873829245,0.0176015659877313,0.0180058302008231,0.0173633010539787,0.0172600925013957,0.0175594610742818,0.0168995491891896,0.0168616352915382,0.0169172467916964,0.016284406092675,0.0165259813597343,0.0165350221552084,0.0164648189283744,0.0227890869801718,0.0261625494104001,0.0260534648933753
1608,0.00800851756268957,0.00789391055318067,0.00801126693324779,0.00844059306406625,0.00846424345909256,0.0233270893800329,0.0235937060863844,0.0237763727737567,0.0239867613000988,0.0202817251125872,0.0206049306735692,0.0189769701401734,0.0190566750581175,0.0191446209073421,0.0180586320210344,0.0182864679552462,0.0186761789751651,0.0180610252536958,0.0179634143150044,0.0182416849468926,0.0175945348669408,0.0175575306967577,0.0176134001633539,0.0169944642214867,0.0172230864840146,0.0172211120409847,0.0168316668300375,0.0232397535769947,0.0266365319950583,0.0265331803931883
1606,0.00868302820188307,0.0085575486762267,0.00866746704380522,0.0090892891519133,0.00911361835727818,0.0234401279700546,0.0237387555965944,0.023930120076706,0.0241516809929253,0.0205769497282146,0.0208998382476471,0.0193215405423081,0.0194020744021713,0.0194921977202243,0.0184381196485013,0.0186762784096768,0.0190528041712996,0.0184670392136785,0.0183648838877535,0.0186377718037393,0.0180097523820632,0.0179792264063289,0.0180304834151844,0.017432394660401,0.0176631962556945,0.017653904877051,0.0170743731558263,0.0235367942763916,0.0269161713750708,0.0268252016480207
1604,0.0091665290227993,0.00902262427674496,0.00913896288617958,0.00954492584577621,0.00955960732828812,0.0232082224858701,0.0235253215589936,0.0237312877010846,0.0239547738808728,0.0205291647885297,0.0208602032191539,0.0193392978441905,0.019409572079057,0.019498341636449,0.0184931814886367,0.0187388244280816,0.0191071431447515,0.0185398559269497,0.0184254741545041,0.0187108228941236,0.0181035339401113,0.0180791895164263,0.018115721090239,0.0175414436663924,0.0177816130330104,0.0177899834814229,0.0171239971668186,0.0235832203558418,0.0269201754507654,0.0268314731049081
1602,0.00981689271320668,0.0096498536785851,0.00977619751784683,0.0101574891589593,0.0101511192108715,0.0228347750273663,0.0231509146451985,0.0233708261854921,0.0235875046420008,0.0203957871631122,0.0207400192510423,0.019319150585793,0.0193690314443433,0.019452130086129,0.0185253965036873,0.0187698755426088,0.0191368606163403,0.0185960182320246,0.0184696895269454,0.0187714151808938,0.0182022513083248,0.0181765029572926,0.0181944642236282,0.0176625118664626,0.0179042719238674,0.0179747189458217,0.0172756131273772,0.0236865619667765,0.0269903805230478,0.0268807549338466
1600,0.0104692215948591,0.0102840076591106,0.0104161369983973,0.0107719486666251,0.0107460781193594,0.0222719804060091,0.0225771364438971,0.0228017072607463,0.0230081281477463,0.0201385720437239,0.0204905826619557,0.0192120392007908,0.0192419417710106,0.0193238802359166,0.018497388117919,0.0187343307333994,0.0191048757022847,0.0186109285048288,0.0184825051406983,0.018790408080784,0.0182801302202915,0.0182423568924521,0.0182533154980324,0.0177794655464384,0.018011488759128,0.0181817041810062,0.0174363709698289,0.0238299964606473,0.027137505907216,0.0269929070727048
1598,0.010885384573837,0.0107015544707409,0.0108346865320696,0.0111755785756726,0.011143936882095,0.0215971934134444,0.0218982153199939,0.0221143295801204,0.0223163776782597,0.0197714847842954,0.020120476680219,0.0189831226759714,0.0190070990200823,0.0190936617725365,0.0183626624564672,0.0185931469608383,0.0189702214694747,0.0185294204929399,0.0184122425869815,0.0187157338461559,0.0182706373794691,0.018212719049048,0.0182378681532359,0.0178169029489833,0.0180365872502184,0.0183072587054277,0.0174759199814759,0.0239264584750208,0.0272618002702054,0.0270923760822398
1596,0.0115619750038346,0.011402102271076,0.0115318531449414,0.0118737328646128,0.0118499394573994,0.0213777483634131,0.021686615735826,0.0218867025276323,0.0220963695650699,0.0198370612919584,0.0201745751668783,0.0191617921585793,0.0192029812881808,0.0192870825949014,0.018638668319367,0.018865500439981,0.0192513263935126,0.0188533746292028,0.0187514444489298,0.0190459867866909,0.0186645480758165,0.0185860607686288,0.0186411932130729,0.0182638546553166,0.0184741905247782,0.0188001473001435,0.0178869902293104,0.0244112039277309,0.0277568752958789,0.0275937566820312
1594,0.0130740213184282,0.012937389043184,0.0130547917392081,0.0134087991518249,0.013395703146082,0.02198886468823,0.0223066907765966,0.0224960959561374,0.02271592139493,0.0207367133936485,0.0210593910490305,0.02017772666713,0.020255212895811,0.0203193267626084,0.0197532174428411,0.0199726504912773,0.0203647516703216,0.0200002018991155,0.0199005016519468,0.0201807694379818,0.0198627447784999,0.019779318209973,0.0198612785733917,0.0195351941374991,0.019735252736261,0.0200490588075771,0.019116904829888,0.0256471117218742,0.028969375456761,0.0288535046330053
1592,0.014777990397411,0.0146361483532745,0.0147279238704348,0.0150909261761721,0.0150815622753229,0.0227139012601352,0.0230345920313219,0.023226412899746,0.0234386985220277,0.0217395331539053,0.0220498415868919,0.0213044614396469,0.0214166765595877,0.0214540095767135,0.020971649571417,0.0211769952470562,0.0215637444582279,0.0212332037932053,0.0211217145211449,0.0213743548765199,0.0211123802604458,0.0210537811227495,0.0211438179854798,0.020878767841222,0.0210618928323279,0.0213275794275513,0.020413172291509,0.0269023921782577,0.0302106702017715,0.0301748405367739
1590,0.0157134259265574,0.0155472950648599,0.0156036415465911,0.0159583878721436,0.0159468954951783,0.0227622493273811,0.0230874520658639,0.0232863694426882,0.023473518009676,0.0220065482197558,0.022310303563647,0.0216716383576359,0.021798809430951,0.0218209984350014,0.0214102581660275,0.0216034684624235,0.021968108939708,0.0216762617466769,0.0215603942525004,0.0217687879831644,0.0215463340486261,0.0215332790877645,0.0216192185037687,0.0214043047036186,0.0215634950594639,0.0217948639038926,0.0208540787946233,0.02733738127011,0.0306763064608755,0.0307279219675004
1588,0.0162280377920899,0.0160473762150365,0.0160674438468582,0.0163946035196978,0.0163794325569004,0.0225622488530627,0.0228911140307934,0.0230882303718997,0.0232573908157365,0.0219714526217168,0.0222700646033124,0.021708235995221,0.0218288392017364,0.0218519904579748,0.0214984144714855,0.0216905014280853,0.0220195874662468,0.021771708153764,0.0216704110334646,0.0218276210015346,0.0216366302213786,0.0216606325236308,0.0217464673586432,0.0215657322829403,0.0216975336586192,0.0219244633848513,0.0209024818244962,0.0274032776522475,0.0307817770514056,0.0308924628321278
1586,0.0170832965082573,0.0169033384157361,0.0168988658357927,0.0171967333801729,0.0171765692985002,0.0228103425547936,0.023121213222119,0.0233061093918382,0.0234785774511045,0.0223682267294333,0.0226549456714246,0.0221770538730241,0.022280101469956,0.0223161707779342,0.0220126300720593,0.0222139495596952,0.0225075306172048,0.0223076648497045,0.0222256566813643,0.0223460016015698,0.0221941164548904,0.0222231902877031,0.0223173558313038,0.02217290410798,0.0222830882889659,0.022531498838388,0.0214260811344986,0.0279089857391195,0.0312924259373707,0.0314071476414905
1584,0.0180857418264178,0.0179106748970394,0.0179046417881179,0.018195861379825,0.0181715466175133,0.0233208159794867,0.0235903315693817,0.0237646786262068,0.0239450021519419,0.0230139426296306,0.0232858215075305,0.0229083058506786,0.0229993270129871,0.0230556033702053,0.0227958012572758,0.0230100248853277,0.0232865541033285,0.023131058066333,0.0230590063133682,0.0231726995868725,0.0230661213979648,0.0230763863717902,0.0231801868395823,0.0230821814390208,0.0231880779061254,0.023478050178264,0.0223104125968421,0.0287702181739942,0.0321510308774109,0.0322347470933448
1582,0.01895966077131,0.0187997729405145,0.0188187875542366,0.0191308346633941,0.0191093008189362,0.0239041719573972,0.0241330477643109,0.0243078459541367,0.0244837536304449,0.0237115928481925,0.0239820950761243,0.02369908128362,0.0237948091217503,0.023872544268344,0.0236513591431742,0.0238780485438275,0.0241658698012641,0.0240455253630856,0.0239783082435985,0.0241157345788747,0.0240484330414295,0.0240398181266925,0.0241502150441025,0.0241001094110521,0.0242216327302056,0.0245590275494342,0.0233478020195277,0.0298316813461567,0.0332425050573357,0.0333012114681403
1580,0.0202068251420707,0.0200874905822443,0.0201556482703638,0.0205046383587593,0.0204957129500336,0.025090100544147,0.0252937513742432,0.0254783390345449,0.0256436058573643,0.0250099869241515,0.0253044508773241,0.0251014554519425,0.0252186942120454,0.0253109688351056,0.0251332089927022,0.0253684539800771,0.0256965437142048,0.0256039990453889,0.0255393615116798,0.0257272895984279,0.0256875231574576,0.0256698043843009,0.0257838744609953,0.0257797549059441,0.025930952197689,0.0262993253308208,0.0250954823833579,0.0316063773591777,0.0350530739483547,0.0351002110343974
1578,0.0221861918974887,0.0221219671988086,0.0222468889234991,0.0226330470198064,0.0226404915003059,0.0271411760468123,0.0273296949912975,0.0275227715627574,0.0276875889732178,0.0271856605870098,0.0275213146029289,0.0273895638352987,0.0275316732947142,0.0276246162400121,0.0275017891458751,0.027735554459443,0.0281206201799483,0.0280512105865093,0.0279776369378459,0.028231089037221,0.0282068549042557,0.0281852339592571,0.0282979918105769,0.0283406148975209,0.0285233801185968,0.0288882773730538,0.0277763919817493,0.0342213553916488,0.037638271427382,0.037661197035323
1576,0.0240343889051951,0.0239978680000638,0.0241560978845345,0.0245668266086948,0.0245836148050355,0.0290023719412118,0.0291766452130964,0.0293659643573644,0.0295446001179238,0.0291522018526378,0.0295177979658978,0.0294445663529204,0.0295944103577237,0.0296786199915037,0.0296086199850559,0.0298324329315842,0.030261433935684,0.0302097235459165,0.0301148404962905,0.0304164667896389,0.0303996010617871,0.0303720152160672,0.030476905157367,0.0305609964242451,0.0307629757465532,0.0310986226875448,0.0300903596175564,0.0363982775340811,0.0397147301269446,0.0396861971794072
1574,0.0249437969989536,0.0248972830767582,0.0250591981590208,0.0254841811203815,0.0255050051750262,0.0298184446933862,0.0299835018942824,0.0301627156688787,0.0303562777761777,0.0300225515498775,0.030397575519841,0.0303596338402303,0.0304996543034794,0.0305806960664392,0.0305428391239418,0.030763015439842,0.0312090908302887,0.031169247750118,0.0310600089537325,0.0313742836295686,0.0313650063096539,0.031329594876178,0.0314256741493228,0.0315351508958798,0.0317452047157873,0.0320523704289704,0.0310387323385568,0.0372875499731052,0.0405313128071863,0.0404523615289637
1572,0.0256122977373322,0.0255528005816401,0.025712420682091,0.0261489079113424,0.0261787266624249,0.0304369008881811,0.0306021651624622,0.0307807444376661,0.0309821389844334,0.0306591207266005,0.0310435077856779,0.0310196061091195,0.0311473929237435,0.0312373859143127,0.0312111031089519,0.0314414832442962,0.0318943895605404,0.0318611559037613,0.0317521082476802,0.0320629714900566,0.0320653884880438,0.0320243680755592,0.0321152680847248,0.0322329130999528,0.0324530119235435,0.0327367826888394,0.0316170877722509,0.0379130889081859,0.0411561508793981,0.0410514614736603
1570,0.0268974776916651,0.0268394012784336,0.0270015163154334,0.0274422453343826,0.0274851096871383,0.0318062293484294,0.0319715235032045,0.03216426703598,0.0323650162164861,0.0320234552924088,0.0324243949836297,0.0324002596535368,0.0325153555205791,0.0326209547292944,0.0325896107056273,0.0328347099676396,0.0332944563618632,0.0332601410295827,0.0331522960985676,0.0334625069152686,0.0334750544396669,0.033431740154074,0.0335166617585806,0.0336269096447524,0.0338626281047528,0.0341194615311904,0.0328834702526056,0.039225164543658,0.0424859865913057,0.0423709967280181
1568,0.0286132697953254,0.0285564875659055,0.0287165571636147,0.0291455809200425,0.029194669949444,0.0336435796944865,0.0337982847361068,0.034009230166973,0.0341981064172268,0.0338274486412322,0.0342327891587532,0.0342003751236868,0.0342938098148708,0.0344114109110203,0.0343597741679161,0.0346102175845982,0.0350677214486273,0.0350252980610614,0.0349119578172305,0.0352194131159396,0.0352329334752854,0.0351899119207427,0.0352616916405476,0.0353512882059976,0.0355987662023768,0.0358306196144147,0.0345212358290037,0.0408557557907567,0.0441098665049829,0.0439832726371248
1566,0.0301617277309036,0.0301001780422529,0.030253707655503,0.0306644078888721,0.0307127234496702,0.0352207184001853,0.0353622592251361,0.0355828885476277,0.0357538199493542,0.0353657500518488,0.0357529941266063,0.0357169092934133,0.0357844058690689,0.0359053882739158,0.0358315967241269,0.0360785761623706,0.0365215715640737,0.0364765480647662,0.0363650466642451,0.0366573705008481,0.0366666556470738,0.0366276668611025,0.0366827605264943,0.0367512030309717,0.0370003674070312,0.0372222729320205,0.0358649767605823,0.0422314197338743,0.0454932524699707,0.0453534559525844
1564,0.0316355266040062,0.0315890386581049,0.0317543555944582,0.0321659092776494,0.0322224759114054,0.0366842990513349,0.036826512150377,0.0370527038972339,0.037216420521643,0.0368423057420258,0.0372109103676113,0.0371929880199918,0.0372503877051202,0.0373716773798404,0.0372955669718684,0.0375453548917383,0.0379795643715741,0.0379538631588461,0.0378657142843852,0.0381390578926303,0.038151874437293,0.0381254895556562,0.0381715593898247,0.0382362116105668,0.0384855113424106,0.038714936787523,0.0373171595244298,0.0438357436036009,0.0471699163336959,0.0470249618498199
1562,0.0334962768872561,0.0335203760502037,0.0337444029862268,0.0342031667765412,0.0342929230168427,0.0386629918882048,0.0388253504127703,0.03906873269397,0.0392547085537104,0.0389441370234674,0.0393259807754016,0.0393649091394266,0.0394493607801889,0.0395769052064779,0.0395363386561691,0.0398096100544831,0.0402649430615419,0.0402925485971708,0.0402460288126548,0.040518599532184,0.0405522430294179,0.040555263292102,0.0406102724967036,0.040701892206153,0.0409642263668222,0.0412196101260582,0.0398382008226761,0.0465643545639655,0.0500110291250349,0.0498746204527766
1560,0.0357646082674456,0.035924111441357,0.0362591483633113,0.0368235770741703,0.0369688375405735,0.0412123514966905,0.0414029189129278,0.041682203322342,0.0419278348743503,0.0417458033083824,0.0421912040031964,0.0423295129600511,0.0424896524836389,0.0426330632901275,0.0426711715339413,0.0429911022050908,0.0435074160400467,0.0436196983977781,0.0436101869925434,0.0439195141621269,0.0439893175921088,0.0440415870926831,0.0441297611161436,0.0442804908153015,0.0445768781181958,0.0448828453982787,0.0436954085459457,0.0504363516174101,0.0539028797724069,0.0537911605284052
1558,0.0376586214668789,0.0379140086370134,0.0383197688796419,0.03896709090393,0.0391384704458615,0.043092393818738,0.0432863508618264,0.0435815508268881,0.0438766681354488,0.043828202968065,0.0443349272897959,0.0445458180817548,0.0447777826495347,0.0449309817075905,0.0450337267942932,0.0453848839798819,0.0459472527725994,0.0461110687368829,0.0460966517857976,0.0464496234779392,0.0465408034794398,0.0466249898392918,0.0467476093330182,0.0469422525022732,0.0472674004842672,0.0476168224580263,0.046778590287058,0.0531365838715815,0.0563993590283048,0.0563158161876083
1556,0.0390846950624902,0.0392986992718039,0.0396558018083228,0.0402648714187231,0.0404061749142039,0.0439413244215175,0.0441121096568003,0.0443671010840726,0.0446462889262062,0.0446335589416784,0.045122745917317,0.0453114012625144,0.0455346732618461,0.0456783222011092,0.0457676969246547,0.0460982527192327,0.0466328560778046,0.0467632332249569,0.0467191212570129,0.0470600957497836,0.0471410034845744,0.0472019024174205,0.0473213867284546,0.0475007136189928,0.0478141727898307,0.0481406244530962,0.0474488708277521,0.053502047522321,0.0565816979270338,0.0564996408607789
1554,0.0408178699559192,0.0409592541681506,0.0412489015491642,0.0417819346950239,0.0418928252428617,0.0451003301143891,0.0452536915040265,0.0454576493530646,0.0457033379858992,0.045682947653598,0.0461269616858785,0.0462720040941581,0.0464537073720934,0.0465877286009338,0.0466444774675041,0.0469412318222551,0.0474337216144856,0.0475114852062928,0.0474510588064542,0.0477572728882962,0.0478285202112394,0.0478510010100764,0.0479507504686625,0.0481026598433303,0.0483919185231985,0.0486573094114833,0.0478860190498501,0.0539777674534653,0.0570580469006751,0.0569529435017446
1552,0.0427209046898246,0.0428170810963479,0.043075026625939,0.0435589281019222,0.0436561768158248,0.0466704550202508,0.0468136618202479,0.046984692888467,0.0472114941603596,0.0471979133585411,0.0476132794517481,0.0477399621155607,0.0478911693670228,0.0480227882857778,0.0480706703412732,0.0483434335536296,0.0488178475009837,0.0488588939874573,0.0487901955024612,0.0490768597130376,0.0491503273975015,0.0491453769881265,0.0492327953318105,0.0493702572710941,0.0496447078567695,0.0498473897300067,0.048945403649318,0.0551715250658281,0.0583104326490568,0.0581734334432145
1550,0.0443891625370992,0.0444597840432674,0.0447135445832714,0.0451787311490867,0.0452687033853204,0.0481951669126408,0.048327707212492,0.0484874263341402,0.0487054853514735,0.0487138973855312,0.0491180039506923,0.0492505038954599,0.0493859319040932,0.0495150342072158,0.0495781564222391,0.0498363730545663,0.0503126251462636,0.0503334896675377,0.0502596706922982,0.0505440720852839,0.0506249581444672,0.0506054622803873,0.0506915011634404,0.0508213748526673,0.0510913331704615,0.0512423060647178,0.0502185003388082,0.0565273205182453,0.0597032125096448,0.059540110893809
1548,0.0458220154497151,0.0458885939729139,0.0461569115347512,0.0466289316899126,0.0467187251886181,0.0496314517845422,0.0497542007266832,0.0499233955345105,0.0501377023039237,0.0501748910786703,0.0505820768883103,0.0507393880922509,0.0508735693115566,0.0509954590063065,0.0510891755805669,0.0513435063549562,0.0518332776665589,0.0518554108286855,0.0517879116798018,0.0520785432490028,0.0521677824541475,0.0521493548075157,0.0522410316033668,0.0523689153554477,0.0526446822030145,0.052767264758012,0.0516423958131258,0.0580158764304657,0.0612277292227251,0.0610591071979161
1546,0.0473012058969717,0.0474081402056373,0.0477170899225074,0.0482245121553594,0.0483365804350545,0.0512937571785053,0.0514148568902985,0.0516103574260107,0.0518312827361664,0.0519097797828447,0.0523390758922857,0.0525416087312316,0.0526935371003704,0.0528106179670096,0.0529449949131743,0.0532106225926407,0.0537278956321065,0.0537806142242159,0.0537369515148949,0.0540386380803583,0.0541407025659014,0.0541452180066067,0.0542445174724351,0.0543871280132948,0.0546830488340234,0.0548116829788948,0.0536245446176327,0.0601263777245611,0.0634182927246038,0.063266256288597
1544,0.0488831643239657,0.0490923491648142,0.0494783820123614,0.0500554097319785,0.0502215764527936,0.053296078932464,0.05342725317562,0.0536589224737151,0.053903478605068,0.0540466832094762,0.0545198388782079,0.0547896016930336,0.0549799097812919,0.0551055575052539,0.0552881093835275,0.0555801972930864,0.0561453388221778,0.0562577027430367,0.0562499084245802,0.0565693219448542,0.0566925063080684,0.0567453225385703,0.0568518927393587,0.0570343708630658,0.0573667731486623,0.0575389155253978,0.0563617271675388,0.0630058347068586,0.0663913769065233,0.0662655459510988
1542,0.0504291193618105,0.0507635945014364,0.0512327507824678,0.051884471838851,0.0521065881547545,0.0553402218325226,0.0554870882409484,0.0557462945855399,0.0560191695766107,0.056229876756348,0.0567424965782322,0.0570753527325742,0.0573045811813943,0.0574495290130196,0.0576657838566319,0.0579818035965599,0.0585950238376512,0.058768163308309,0.0587913147741522,0.0591235875320729,0.059264035562683,0.0593704103234733,0.0594823807175642,0.0597088380354167,0.0600742229145524,0.0603020952687542,0.0592256942736947,0.0657821891489653,0.0691359855607132,0.0690266944985744
1540,0.0521529335703291,0.0525065133624689,0.0529686813727272,0.0536099011982298,0.0538173576100847,0.0570509087689976,0.0571994601786381,0.0574516215545708,0.0577200666775564,0.0579352381156845,0.0584272293114703,0.0587555571592318,0.0589780297420473,0.0591268616189942,0.0593210713229537,0.0596255549612861,0.0602281210536558,0.0603992710733916,0.0604259110771127,0.0607393065962068,0.0608662257617147,0.060971530563814,0.0610848926945078,0.0613040710380824,0.061654425679314,0.0618730950713864,0.0608752572670976,0.0670492613371512,0.0702065609247303,0.0700873208541623
1538,0.0541747871368405,0.0544497143017085,0.0548338809521296,0.0553968886982929,0.0555483790447007,0.0585897923641826,0.0587233741448654,0.0589577664199931,0.0591990966344382,0.0593779797958396,0.059819746868948,0.0601008495454695,0.0602887801682081,0.0604272536098588,0.0605758869060029,0.0608528630496464,0.0614073703240954,0.0615311365164939,0.0615432012046714,0.061828166516369,0.0619292674230855,0.0619883753875222,0.062102041172586,0.0622822847644372,0.0625920383021655,0.0627389746193172,0.0616898239957552,0.0676649884316251,0.0707300065052661,0.070589858751619
1536,0.0559818064292782,0.0562001056879637,0.0565321290795531,0.0570409661024644,0.0571678690528293,0.0600308774682154,0.0601492072931759,0.0603827325630933,0.0606103636231895,0.0607803829294817,0.0611995358454165,0.061456175619815,0.0616288697258933,0.0617676208657461,0.0618946082933459,0.0621612455176013,0.0626911238923685,0.0627848118134519,0.0627816086820553,0.0630601840485863,0.0631539992773257,0.063182249497433,0.06329606368716,0.0634614003115087,0.0637512306431337,0.0638372135186601,0.0627122120595771,0.0687545438635069,0.0718838133121787,0.0717289284873863
1534,0.0573241805161475,0.0575150744202381,0.0578266903734874,0.0583101318397777,0.0584365170634967,0.0611920669466931,0.0612994618065801,0.061535869202616,0.0617617111210579,0.0619434469369288,0.0623573247193485,0.0626084776543893,0.0627822755617186,0.0629283317658476,0.0630501573331709,0.0633161899791885,0.0638384868869437,0.0639222533254116,0.0639012284858462,0.0641837988290622,0.0642858900513995,0.0643036955650037,0.0644122682776582,0.0645834597543345,0.0648666245009173,0.0649156625262612,0.0637673773763394,0.069908952127723,0.0731280452086621,0.0729651976171912
1532,0.0584726059813874,0.0586331523779813,0.0589334374340615,0.0593962767571021,0.0595163043243528,0.0622031095575526,0.062303872492049,0.0625286712560074,0.062752306788117,0.062935264095613,0.0633373136999899,0.0635808992429262,0.0637543666398484,0.0638975354388419,0.0640146608196958,0.0642743467742357,0.0647813870348576,0.0648610161101867,0.0648219150046047,0.0650961639433991,0.0652096668346849,0.0652203680889179,0.0653150989491016,0.0654919522308093,0.06576111556135,0.0657898498853403,0.0646584509087956,0.0708373336203155,0.0741037423624838,0.0739402226795112
1530,0.0598534366894559,0.0599858665717515,0.0602851727478226,0.0607336063033801,0.0608372211979052,0.0634770038876368,0.0635761235037424,0.0637811069325221,0.0640014752953209,0.064172405123386,0.064558429333675,0.0647931066760579,0.0649623548817373,0.0650906762790159,0.0652040473401993,0.0654531133431304,0.0659400109884564,0.0660198349163812,0.0659733761868944,0.0662262242175252,0.0663484466171548,0.0663493526141958,0.066428916854132,0.0666074090767709,0.0668554991765667,0.0668828605525152,0.0657626236964284,0.0719881089201416,0.0752782649680298,0.0751191796472661
1528,0.0614706449637019,0.0616106578063543,0.0619390812524886,0.0624012479738099,0.0624992028357526,0.0651361175675085,0.0652392079243932,0.0654402356496177,0.0656652264251092,0.0658376103178744,0.0662254270830901,0.0664660569486686,0.0666416983317661,0.0667610537998768,0.0668822541672648,0.0671320819203929,0.0676198681236656,0.0677137950773885,0.0676742358796285,0.0679160504942205,0.0680491178046263,0.0680468771915648,0.0681210648340762,0.0683105156699365,0.0685496659433841,0.0685982553357878,0.067482720928596,0.0738194561767174,0.0771382396022584,0.0769819671101548
1526,0.0631515917308647,0.0633484203262566,0.0637434024189841,0.0642531994139397,0.0643665694336498,0.0670753184906858,0.067189718983948,0.0674142669661173,0.0676557126329181,0.0678577559036537,0.0682747257674352,0.0685413556844315,0.0687452806907652,0.0688730698839343,0.0690159930078287,0.0692870118866643,0.0698086041483892,0.0699366524523442,0.0699127695251763,0.0701703557797877,0.070321405759931,0.0703306015857918,0.0704133366074731,0.0706286034296453,0.0708825900759497,0.0709669653800052,0.0698945611220881,0.0763352346352569,0.0796599908164598,0.0795018452185635
1524,0.0650778615423222,0.0653580187042953,0.0658342147726234,0.0663957344999331,0.0665322585673998,0.0693837621364398,0.0695171636040326,0.0697804934602052,0.0700457015068112,0.0702891838173854,0.0707483945575371,0.0710489933172325,0.0712973055249747,0.0714435357426891,0.0716104876793286,0.0719155761430409,0.0724849468133743,0.0726613443070547,0.0726569278805121,0.0729480366367536,0.0731200850480989,0.0731515216991306,0.0732534799427008,0.0734954304240031,0.0737810514614271,0.073892821050463,0.0729158316527147,0.0793444290970798,0.0826141389569853,0.0824550931857815
1522,0.0674482907569664,0.0677912739421185,0.0683165111530298,0.0688890887111266,0.0690368111063133,0.072016890865423,0.0721660466803409,0.0724533711143106,0.0727411920518417,0.0730061859549246,0.0734925637929257,0.0738176947822669,0.0740994576593409,0.0742570444122234,0.0744348879710785,0.0747634229204428,0.0753556236904056,0.0755758693986577,0.0755911987192292,0.075902615452742,0.0760876436114611,0.0761374440382879,0.0762589664748746,0.0765082188356281,0.0768210011814445,0.0769361013394877,0.0760352273830055,0.0823661916467045,0.085564467646188,0.0854154800165042
1520,0.069667640468063,0.0700332156748605,0.0705596353471426,0.0711109056895673,0.071261753609157,0.0742453427262677,0.0743917304855906,0.074676286008311,0.0749786006563947,0.0752447438776986,0.075734786320486,0.0760720381680363,0.0763559050951109,0.0765160724214506,0.0766941333958732,0.0770212655005646,0.0776020719195151,0.0778523786052526,0.077881215035838,0.0781906580113504,0.0783768357612998,0.0784327040071088,0.0785652715591812,0.0788051983134278,0.07913143446669,0.0792533608324297,0.0783681422566343,0.0846486064528118,0.0878283407094461,0.0876987589191546
1518,0.0711024726170276,0.0714534535391198,0.0719470917547844,0.0724794422124004,0.0726304209578278,0.0754550861750482,0.0755829822260469,0.0758486926509115,0.0761469220980991,0.0764109786324045,0.0768870815509659,0.0772214618203117,0.0774802102054415,0.0776398536165594,0.0778154639295686,0.0781211176044135,0.0786725046084469,0.0789431898302078,0.0789703352707499,0.0792763074433842,0.0794516758745023,0.0795033514676591,0.0796367581575931,0.0798606834814859,0.0801905916603805,0.0803503327468623,0.0794850962864824,0.085741295922903,0.0889134438620432,0.0888007251388386
1516,0.0720400069956121,0.0723386629198425,0.072776006940305,0.0732935361838013,0.0734280878476203,0.0759924975119645,0.0761049606977272,0.0763443214625066,0.0766151018974209,0.0768727096256826,0.0773189667342277,0.0776292289524261,0.0778514190117864,0.0780027537799106,0.0781717000032165,0.0784470432339714,0.0789590109158635,0.0792387121254606,0.0792497252205756,0.0795587190087842,0.0797108368435964,0.0797513068991686,0.0798769409380701,0.08007982093369,0.0804000453870229,0.0806126620070435,0.0797815661332683,0.0860006548702001,0.0891446127430175,0.0890383986877709
1514,0.0731495752482465,0.073397836264961,0.0737925429505446,0.0743032415892654,0.074410639512935,0.0767809491377993,0.0768975175033072,0.0771192088403656,0.077362426878116,0.077616838627952,0.0780387375200745,0.0783258298096668,0.0785277732360874,0.0786679985133947,0.0788331810626017,0.0790912904562574,0.0795756441192524,0.0798605870119225,0.0798605729855548,0.0801759468951451,0.0803075177794191,0.0803423030793628,0.0804616618400516,0.0806535820826295,0.0809572622567464,0.0812163076223044,0.0803695621055807,0.0866419097462204,0.0898062558401038,0.0896978761608676
1512,0.0746036445944474,0.0748635839463951,0.0752762656428426,0.0758145002878997,0.0759141836535545,0.0782932436694479,0.0784348990665941,0.0786672404689888,0.0789119993635942,0.0791907768707688,0.0796247925423955,0.0799252842085097,0.0801446571653432,0.0802887475473293,0.0804692092723851,0.0807419667017522,0.0812417580913196,0.0815492787105629,0.0815633595326787,0.0818932867590147,0.0820286983630457,0.0820791499943471,0.0822069897828636,0.0824178278157753,0.0827195576776374,0.0830288121636352,0.0821177784952529,0.0885893342845245,0.0918648203392285,0.0917535645173823
1510,0.0762969531446653,0.0766514742632757,0.0771557247243427,0.0777705788826846,0.0779018844041097,0.080523659975674,0.0807036095642546,0.080979225615189,0.0812596821819801,0.0815994992626285,0.0820906629207592,0.0824528896919959,0.0827254468830905,0.0828965240238221,0.0831175395974388,0.083437079303058,0.0840081174835486,0.0843626142220963,0.0844199950802658,0.0847771425955162,0.0849502103742488,0.0850404346093977,0.0851950668166234,0.0854547698139068,0.085782250400676,0.0861623030168311,0.0852145233253867,0.0918885236562646,0.0952961442228796,0.095189403770101
1508,0.0782592723892505,0.0787089897891472,0.0793007171735408,0.0799785503519909,0.0801553267173706,0.0830894375498377,0.0832940256990688,0.0836052094512003,0.0839164157648606,0.084297159505105,0.0848385026956103,0.0852600348302139,0.0855695395935402,0.0857640040898596,0.086019844180366,0.0863769009203242,0.0870235829917848,0.0873997096391107,0.0874965151178521,0.0878687014511151,0.088087672402023,0.0882069758913969,0.0883823648151684,0.0886728350458064,0.0890298566621635,0.0894692502606854,0.0885625095856216,0.0950848956001445,0.0984567049397613,0.0983657424230174
1506,0.0801028424722547,0.0804771351902687,0.0809944622852814,0.0815935701278185,0.0817486931280382,0.0846215661893171,0.0847992223062815,0.0850643666686434,0.0853371171884132,0.085640839766237,0.0861269758487326,0.086501549017547,0.0867515480858432,0.0869159330264738,0.0871396461942994,0.0874555720606174,0.08805974563805,0.0883568335467512,0.0884212755691632,0.0887542673469884,0.0889571229510276,0.0890374335571825,0.0891837380684359,0.089418969418009,0.0897487841708754,0.0901597368094895,0.0892293455872283,0.0952516379163666,0.0983881773235857,0.0983087255278372
1504,0.0812220655307464,0.0814523689006807,0.0818272758119594,0.0822998537482487,0.0823916999614049,0.0849377060631978,0.0850737705325404,0.0852662358339944,0.0854817116795522,0.0856800711455802,0.0860742881757846,0.0863589943113102,0.0865252811907381,0.0866469529456893,0.0868138860023702,0.0870652253270554,0.0875673149271463,0.0877702876793317,0.0877715054140865,0.0880571795007155,0.088205212666078,0.0882305528698996,0.0883341575928975,0.0884987858484678,0.0887778799722958,0.089130447677828,0.088023628805585,0.0938776375630887,0.0969169450283835,0.0968325078695329
1502,0.0819732872065396,0.0821453101263302,0.0824514756487568,0.0828716037585513,0.0829298712080963,0.085259564271291,0.0853752851147542,0.0855372539449633,0.0857324158454649,0.0858896255618308,0.0862442109379275,0.0864873045175045,0.0866207779609032,0.0867324926871631,0.0868718596305806,0.0870976696840305,0.0875465100278995,0.0877128749435036,0.087683225574498,0.0879548402174585,0.088069530878984,0.088077550870234,0.0881660875006645,0.0883047535748174,0.0885647734541361,0.0888969458337918,0.0876066647202839,0.0936336427157636,0.0967454540907058,0.0966516781279336
1500,0.0830437242868795,0.083226345672856,0.083524166029118,0.083950383818701,0.0840076583352039,0.0862515227352229,0.0863594416254233,0.0865250103694597,0.0867230974183159,0.0868832324785083,0.0872381281960307,0.0874751902145016,0.0876135521191096,0.0877361379891845,0.0878668492811657,0.0880941693727042,0.0885337375173989,0.0886969017231628,0.0886664611135577,0.0889429887094529,0.0890470908409624,0.0890625856147835,0.0891555926015462,0.0892926538247403,0.0895595423356977,0.0898867126831593,0.0884967592756819,0.0947250112960046,0.0979309607612547,0.0978300408105486
1498,0.0850089977549839,0.0852024143316247,0.085498823083458,0.0859367480290305,0.0860027692846069,0.0881833060332881,0.0882812906190562,0.0884585487891493,0.0886547155656885,0.0888172501212933,0.0891763342166822,0.0894055348812151,0.0895553033755979,0.0896828041046178,0.0898028789857106,0.0900320374414446,0.09046937646983,0.0906225069223343,0.0905990646951104,0.0908727275487647,0.0909737872845483,0.0909923808459397,0.0910881105514213,0.0912209978596582,0.0914929088006021,0.0917911051999177,0.0903942172903848,0.0966569685728374,0.0998823748347637,0.0997763072700564
1496,0.0874723753058447,0.0876379354846986,0.0879140455909913,0.0883376908184959,0.088405372177922,0.0905017893084194,0.0905862935366936,0.0907677304820479,0.0909493713260777,0.0910897498585209,0.0914390558414174,0.0916452606874391,0.0917945949179709,0.0919109231737898,0.0920176727462911,0.0922393682388534,0.0926626552794738,0.0927852167655014,0.0927574964327998,0.0930120450350779,0.0931113032042175,0.0931136334833993,0.0931993115669323,0.0933236933017898,0.0935823854259045,0.0938269238414514,0.0924414474778882,0.0986166815074148,0.101807502741928,0.101698150907525
1494,0.0894401784868189,0.0895799421635717,0.0898485963433614,0.0902579116502199,0.0903320792910189,0.0924440894471216,0.0925249560906705,0.0927140092175308,0.0928913952208051,0.0930034132490975,0.0933485039438101,0.0935398021421417,0.0936909502063387,0.0938008938854108,0.0939078068131675,0.094130224015393,0.0945473115040605,0.0946461401817236,0.0946093372914178,0.0948522072587174,0.0949571247959937,0.0949423047997241,0.0950196744271354,0.0951490624462512,0.0953958804633195,0.0955953639504805,0.0941883199756269,0.100334195747237,0.103522486194741,0.103415003637475
1492,0.0909781248844391,0.0911326257855399,0.0914335050767819,0.0918515807485847,0.0919517202799246,0.0943318192838593,0.0944270393402636,0.0946376088028243,0.0948343878577224,0.0949174522258405,0.0952804299720785,0.0954719803616381,0.0956413984848526,0.0957634039961167,0.095880886506058,0.0961224212137527,0.0965554178825869,0.096652602801986,0.0966151014026415,0.0968716468618231,0.0969859822888064,0.0969715475502229,0.0970557093955494,0.0972016190393054,0.0974567493158837,0.0976257948614147,0.0962128731039019,0.102386995859181,0.105604320707647,0.105507912485445
1490,0.092924152690616,0.0931074224691269,0.0934548969350293,0.0938790774091161,0.0940088308846578,0.0969301502328735,0.0970520650950038,0.0972836284081757,0.0975072745359933,0.0975200072483399,0.0979083014701004,0.098080878897507,0.0982682212921697,0.0984073769582786,0.0985145357463801,0.098776520423629,0.0992274615997898,0.0993222423656478,0.0992855294735937,0.099572739366164,0.0996744479202354,0.0996739100222725,0.0997714482311823,0.0999167728695409,0.100188400656233,0.100332671752974,0.0989698113753712,0.105098271168071,0.108309620880715,0.108231961059878
1488,0.095545384835433,0.09570964681479,0.0960593794688934,0.0964480327202331,0.0965708861948196,0.100057289933705,0.100201625552009,0.100429102361427,0.100657170602825,0.100522290373888,0.100911327925041,0.10100719141495,0.101179443076643,0.101317174842801,0.101366002783309,0.101621094717788,0.102060190803913,0.102118049075087,0.102065554768813,0.102371395055905,0.102418946478108,0.102425881011881,0.102520984337463,0.102626350549026,0.102892554655921,0.103028392161673,0.10171143775454,0.107687769437679,0.11083176546179,0.11076681583457
1486,0.0982423373112947,0.0983373651759004,0.0986384894539403,0.0989699962608828,0.0990447357097134,0.102877850755029,0.103035187055836,0.103241752966061,0.103452223045039,0.103133907270339,0.103496021558058,0.103479641852978,0.103611124280281,0.103729659540124,0.103695925837363,0.103920027767108,0.104325549288317,0.104322329489997,0.104245782809226,0.104542239069141,0.104523023164844,0.104522277311963,0.104595936918367,0.104644921099978,0.10488280475841,0.105032028682124,0.1036955691119,0.109537917911798,0.112607471978015,0.112537517949815
1484,0.101007736266872,0.101033593197601,0.101281393424787,0.101579216794616,0.101598883370811,0.105644078842439,0.105816982018978,0.106011808398253,0.106206915067862,0.105730317701757,0.10606063183548,0.105943577349729,0.106044153426672,0.106142456343469,0.10603874354065,0.10623369748336,0.106612357222197,0.106559897492584,0.10647701993654,0.106746176776317,0.106682738170145,0.106670039756911,0.106719996514289,0.106725897301179,0.106937387355971,0.107101927036921,0.105723610560394,0.111512153648645,0.114537792386369,0.114449754111358
1482,0.104321173635966,0.104307577095722,0.104524801107159,0.104823694762853,0.104805208362337,0.109037859395722,0.109234402170664,0.109433310493767,0.109625262048385,0.109046352050366,0.109353457101806,0.109171014713751,0.109264882036319,0.109348918853657,0.109201146972428,0.109381788949448,0.109746983611134,0.109673705975645,0.109609839737083,0.10984627964659,0.109766176828151,0.1097475786646,0.109782157692406,0.109764643524454,0.109963052046294,0.110139073755567,0.108730372704088,0.114535535574192,0.117553845249349,0.117443310462769
1480,0.108058152963919,0.108044497197364,0.108259736202228,0.108585669362292,0.108555161946019,0.112927338181979,0.113150124204908,0.113363697916504,0.113563232550823,0.112953188785737,0.113252735217191,0.113051737144312,0.113157751014727,0.113236979971157,0.113075675852637,0.113259804611958,0.113621875685943,0.113556757303273,0.113524464743168,0.113735857777992,0.113658550227034,0.113645206252388,0.113676719799737,0.113655152496696,0.113852852597472,0.114059920535608,0.112600024846445,0.118509376335908,0.121573030966078,0.121442384089125
1478,0.111733116247745,0.111761866278464,0.112003344155399,0.112374610084522,0.112359457147658,0.116809726808275,0.117057700483529,0.11729439035465,0.11751247304116,0.116933589560474,0.117246748120548,0.117073850808367,0.117203664510929,0.117292401151396,0.117147689585562,0.117352656658981,0.117725746147588,0.117691656708858,0.117688591207044,0.117895935862972,0.117833929058066,0.117838878701945,0.117881735717011,0.117873944550395,0.118082396434406,0.118357286621668,0.116799983995976,0.122903044884526,0.126066773195088,0.12592377369909
1476,0.115797328740681,0.115900787160215,0.116186959134968,0.116612266900997,0.116631704230352,0.121189475666455,0.121466057057989,0.121733947306131,0.121982160654158,0.121462722170668,0.121804834463539,0.121688151553463,0.121852553780453,0.121962408791165,0.121853206664162,0.122088408820294,0.122491308454757,0.12249966879642,0.122521897156065,0.122746662428545,0.122709214907479,0.12274183510844,0.122806519915418,0.122821614614023,0.123051725032911,0.123393549656067,0.121750068880274,0.128041282497444,0.131307427835173,0.131163840818383
1474,0.121713368541242,0.121878270170168,0.122191123920768,0.122642376683585,0.122690181035044,0.12745641105523,0.127763002335496,0.128054753611678,0.12832939724191,0.127849631067039,0.128208168932315,0.128132660504631,0.128333146750501,0.128456218930884,0.128373182298589,0.128624147652122,0.129057503212268,0.129092643589356,0.129136805743244,0.129379357032718,0.129364593877827,0.129418347540246,0.129496435649725,0.129523627462989,0.129772864526395,0.130086169162219,0.128469817743377,0.134775493730614,0.138054126305461,0.137924206831219
1472,0.129257593718244,0.129412173302127,0.129694749856303,0.130100043031375,0.130138901437232,0.135095268939585,0.135413212049809,0.135697030115187,0.135967140555932,0.13546261603586,0.135800602086061,0.135702587392324,0.135910725525135,0.136021333069441,0.135922888828402,0.136153676059921,0.136579391349357,0.136594470320066,0.136641239521001,0.136880320147991,0.136861275212979,0.136910539837463,0.136973598246035,0.136985764681114,0.137227918603397,0.137397989908029,0.135885695879063,0.142037962595674,0.145234698834788,0.145126285627437
1470,0.136338537964503,0.136437301381436,0.136664919749766,0.136983461524027,0.136986162330266,0.142021278092768,0.142329262915483,0.142587079299005,0.142830986941405,0.142239581034777,0.142546103235364,0.142373965570009,0.142556684784215,0.142646325183832,0.142500060509271,0.142696155588902,0.14308059870542,0.14304818822091,0.143074090835779,0.143303162247653,0.143250513718385,0.143279939243595,0.143316771245275,0.143298351541853,0.143515138376488,0.14356513908035,0.142067292549764,0.148147551008976,0.151293775433083,0.151201103010126
1468,0.143310355372478,0.143372527924988,0.143572424438013,0.143816866023896,0.143784233538668,0.148908826959651,0.149210574943405,0.14945595186017,0.149682647444129,0.148973388431563,0.149266921329525,0.149012247883858,0.149167860271063,0.149246345485094,0.149049370673118,0.149224296027294,0.149569842539747,0.149505531123541,0.149512949257771,0.149741177309526,0.149650925286101,0.149666346577897,0.149692028087006,0.149641452523981,0.149842487852753,0.149869158588148,0.148275855922321,0.15444399884271,0.157615201605794,0.15752768227382
1466,0.151888023152533,0.151950054530079,0.152154747172787,0.152346991531641,0.152285734371428,0.157574906988904,0.157892087578593,0.158145462908792,0.158371894417158,0.157549000723578,0.157841605058563,0.157520318606802,0.157669300924171,0.157740876696128,0.157506148069759,0.157674191020283,0.157995456591113,0.157932570313253,0.157949097205475,0.158171422355957,0.158060485028485,0.158072470149848,0.158102803013877,0.158020444589928,0.158224430536063,0.158284628271922,0.156562561893212,0.162873763469195,0.166095618398648,0.166003854222253
1464,0.161797362171364,0.161884108877181,0.162104625655272,0.162262656224901,0.162177827863183,0.167580145241299,0.167933436922731,0.168204898015654,0.168438943749145,0.167561158678843,0.167847850487579,0.167498489334021,0.167661797415508,0.167723599111705,0.167477116860588,0.167643480288966,0.167949921630674,0.167918086071801,0.167975627914354,0.168168968407006,0.168064139091659,0.168080050211128,0.168117479645367,0.16801252083144,0.168229654635153,0.16832650389946,0.166485037516562,0.172920229408155,0.176184910548727,0.176082729567956
1462,0.171244402777673,0.171376470576901,0.171613025279277,0.171763373507245,0.171667994998176,0.176990936042763,0.17738855693113,0.177682289096334,0.177926711097022,0.177090169322316,0.177366673110167,0.177045652127952,0.177231189862257,0.177289875040864,0.17706558907341,0.177233821799241,0.177532301753573,0.177547893070774,0.177659821333047,0.177812300421535,0.177736697575216,0.177763760942981,0.177804542021731,0.177701950679146,0.177932674615488,0.178056575466768,0.176112008736059,0.182675766688938,0.185991857455333,0.185879640860734
1460,0.18118417564973,0.181398423765362,0.18166728051629,0.181841691920119,0.181760364676615,0.186848994958063,0.187295321704028,0.187625890288911,0.187892291927091,0.18717795115085,0.187455098186434,0.187217020310865,0.187426411766519,0.187502260137229,0.187328277209978,0.187506930578666,0.187807003556632,0.187881953447751,0.18804711036254,0.188175488362789,0.18814288318308,0.1881938606264,0.188243142309664,0.188170737755276,0.188417468765179,0.188593395361736,0.186598847557487,0.193315563878964,0.196706356960063,0.196589496065386
1458,0.19616033386877,0.196493568125718,0.196817246972903,0.197008333941449,0.196958618209282,0.201750756661359,0.202253828477219,0.202642495423865,0.202948328140516,0.20239649405091,0.202682132510833,0.202557864557191,0.202794402469546,0.202898747729842,0.202784138692645,0.202974233757167,0.203275453436031,0.203420152326503,0.203637599896173,0.203764289955911,0.203778835791868,0.203868567741694,0.20393564269692,0.203901403309275,0.204166894457895,0.204457107081407,0.202555344813078,0.209330828709412,0.212770394518553,0.212654848469197
1456,0.216188318621774,0.216594215520919,0.216938128765905,0.21704837969019,0.216998908904757,0.221437528699751,0.221987113854628,0.222417991964969,0.222754895152841,0.222324268726366,0.222589548974692,0.222535392485917,0.222784494214164,0.22289102082003,0.222803855075572,0.222974482231734,0.223243588502004,0.223432017079301,0.223686261035627,0.22380118919422,0.223837312104035,0.223959609637759,0.22402982125982,0.224000106616618,0.224262862343892,0.22467685013518,0.222989214511378,0.229582615795663,0.232971411151548,0.232862550270753
1454,0.232045845802665,0.232417149631367,0.232708175233138,0.232656176359704,0.232547400248423,0.236611465340473,0.23717811204151,0.23759741171974,0.237933197442242,0.23751756805061,0.237727756786312,0.237649792304541,0.237877698579497,0.237956582319472,0.237849586145968,0.23796731813204,0.238171274166168,0.238350593632791,0.238611048184819,0.238686038835354,0.238699325557577,0.238824852469786,0.238869698109114,0.238802535290288,0.239031249622919,0.239457365967404,0.237868349435844,0.244250633605441,0.247559652801252,0.247460681989752
1452,0.242361805747093,0.242679183995991,0.242912502272466,0.242728067518924,0.242545680454099,0.24629411688519,0.246874483841581,0.247263374650215,0.247593925939363,0.247145022435424,0.247306383214372,0.247176481377978,0.247372916091009,0.247434679485602,0.247299405752267,0.247370819959155,0.247514326676401,0.247676696850195,0.247939523484143,0.247972739664084,0.247951461663188,0.248067539979966,0.248088584389618,0.247979577439746,0.248177003077972,0.248527622351589,0.246900964630138,0.253261139791339,0.256557172727179,0.256467536552275
1450,0.252206323307314,0.252513449261068,0.25272832290647,0.252463649174475,0.252222128351395,0.255689275010546,0.256300670903802,0.256669579427896,0.257009822061611,0.256537001515657,0.256665606594977,0.256507001498011,0.256684487317533,0.256747226395399,0.256594398550639,0.256641810251647,0.256735943552788,0.256902882721582,0.257185649726636,0.257185455243822,0.257143669023701,0.257252174619388,0.257267004238766,0.257126816289301,0.257314103684602,0.257589911836024,0.255957323190929,0.262374076904907,0.265691417142327,0.265607821762366
1448,0.26247034492082,0.262800444121295,0.263019722648838,0.262699998142001,0.262417484715798,0.265542060217363,0.266188985791773,0.266545528928784,0.266897660680912,0.266420553265032,0.266518636199954,0.266357967501734,0.266531028716145,0.266593033776155,0.266428476909852,0.266469769274442,0.266514627151331,0.266693191740618,0.2670031164558,0.26697287720497,0.266928634477328,0.267027547085204,0.26704370123335,0.266884802080687,0.267076158780922,0.267336360364797,0.265819151754415,0.272209259090589,0.275523813729335,0.275442173616311
1446,0.269715093805192,0.270063428362973,0.270270542645332,0.269901076304965,0.26959722649162,0.272289853542234,0.272945709818967,0.273290529964304,0.2736366063501,0.273164580358222,0.273228293959749,0.273077371031868,0.273247448617012,0.273292465599339,0.273117165662581,0.273157402136569,0.27315544430558,0.273325078537739,0.27364079328155,0.273589326898216,0.27354952462068,0.273635377249178,0.273642534126066,0.273482148611761,0.27367261962486,0.273980885768766,0.272630697479137,0.278913621829618,0.282202103438697,0.282122451409905
1444,0.272862701643526,0.273218178005196,0.273398083403469,0.272993196133456,0.272685297133645,0.274989271001276,0.275626154849966,0.275966646501888,0.276296751483649,0.275833984257649,0.275874179824143,0.275736980399158,0.275896406584615,0.275922914865768,0.275744577175303,0.275778622426959,0.275750193793511,0.275897591386283,0.276196690242254,0.276145387946615,0.276103293644966,0.276187223893219,0.276176766193188,0.27602936142476,0.276207174922852,0.276564072785634,0.275310308582483,0.281565136005144,0.284857267959182,0.284784533944469
1442,0.274351935615039,0.274729304982813,0.274909152565203,0.274506695991148,0.274208684968878,0.276287688869277,0.276904901068829,0.27725489902482,0.27758031419096,0.277143410218784,0.277186655855572,0.277075508869747,0.277225613785864,0.277252133810672,0.277087827516161,0.277115802670094,0.277092402574238,0.277233741796882,0.277519446379666,0.277490078008588,0.277441661903203,0.277546699445471,0.277528027513186,0.277400697555021,0.277566605051457,0.277940390606744,0.27671843155462,0.283062045725849,0.286392061292602,0.286328764468207
1440,0.274476202668289,0.274894537300749,0.275124060909824,0.274776459022022,0.274504112734123,0.276535491719242,0.277144180313676,0.277508464990372,0.277843102161024,0.277462865656358,0.277539879985317,0.277472041877828,0.277626615136136,0.277674128706355,0.27754370607568,0.277577561108481,0.277593209395228,0.277752890953973,0.278036501274252,0.278042285281909,0.277995689222436,0.278139052184429,0.278132370117467,0.278032688122392,0.278198382862487,0.278590472121108,0.277390216485604,0.283823681648397,0.287174445740049,0.287115426232253
1438,0.271125711551782,0.271571127352218,0.271872508775415,0.271614314918945,0.271380798085732,0.273474719761737,0.274076191481435,0.27443843511863,0.274782280345759,0.274483081931565,0.274610544711278,0.274589141544068,0.274763117951357,0.274839490742315,0.274752729820416,0.274808764055739,0.274886105797278,0.2750713637454,0.275348651010712,0.275386847373314,0.275358256637009,0.275531091273893,0.275552825143711,0.275489622364324,0.27566742287981,0.276113486132211,0.274935672613034,0.281346332635825,0.284658228420656,0.284589758981385
1436,0.264731560766151,0.26515972342064,0.265492614126609,0.265300593175698,0.265102211275195,0.267250349708185,0.267831382563261,0.268167434042069,0.26850649836646,0.268279500005029,0.268439152798046,0.268446886620527,0.268640149833566,0.26873183158724,0.268675263239166,0.268757973773464,0.268884818981742,0.269081149978925,0.269336967514186,0.269385565614071,0.269383983524809,0.26955157182136,0.26959889604003,0.269568949431377,0.26976237490015,0.270264757505668,0.269106352317282,0.275423957843515,0.278673407778725,0.278581540757211
1434,0.258983601473884,0.259372856992426,0.25968390935083,0.259511694216173,0.259333564380437,0.261498041316537,0.262047158976805,0.262355240215791,0.262675996349,0.262494972484672,0.262654544903449,0.262680566093376,0.262880843306027,0.26296822122101,0.262919845428873,0.263022327771323,0.263166979009433,0.263362025076558,0.263597539866422,0.263635586289845,0.263655583165859,0.263797564544836,0.263853022685818,0.263839062316554,0.26404462746769,0.264550276375419,0.263422668029133,0.269714125908216,0.272948862442729,0.272832704008794
1432,0.255012374652875,0.255373751629098,0.255650029178114,0.255484009498984,0.255317528553903,0.25751199847665,0.258030066755565,0.258325910889441,0.25862034429117,0.258469183200071,0.258616629421055,0.258664718588775,0.25886196666175,0.258937331581598,0.258887971607762,0.259005170509188,0.259150560062755,0.259342921134203,0.25957349418601,0.259597544353759,0.25962936487178,0.259754247904938,0.259803399880676,0.259789694932622,0.260003852044871,0.260472952565074,0.259374954166066,0.265717162719495,0.268981780781461,0.268854878327959
1430,0.251752429828307,0.25210068263933,0.252356800196187,0.252202306207763,0.252043336911713,0.254266869826258,0.254765251881396,0.255060273435152,0.255327212591194,0.255190956215952,0.255330898886892,0.255397652105811,0.255584730922957,0.255651591500236,0.255603494528771,0.255728146140909,0.255870527337161,0.25605947444504,0.256295683536579,0.256312863030301,0.256347318118223,0.256467913413202,0.256505102909725,0.256484067194129,0.256702321764638,0.257133380813968,0.256024539403522,0.262426858151032,0.265721423530265,0.265605168380052
1428,0.249387304747245,0.249733154065987,0.24999005484146,0.249842828067717,0.249684577869381,0.251883570238048,0.252379814060277,0.252676059461488,0.252928669737682,0.252785787287071,0.25292357263565,0.252993191322821,0.253165812039495,0.253231529556801,0.253190387669177,0.253307145807145,0.253444693776679,0.253631050712899,0.253877241040163,0.253892093527865,0.253921208850005,0.254038385879203,0.254067353866472,0.254038109172314,0.254254813314815,0.254654087305352,0.253494054547529,0.259954664486312,0.263264708493683,0.263175056513638
1426,0.248867097265293,0.249225281506807,0.249503848908663,0.249355953579095,0.249191738261446,0.251344588046241,0.25185457466028,0.252153389407619,0.252415318247964,0.252251405753952,0.252389726242337,0.252452925439104,0.252616109295596,0.252685178414623,0.252654743424168,0.252752944552789,0.252888202549752,0.253079136288598,0.253343407502594,0.25335160300574,0.253373120746343,0.253482536912339,0.253513661290944,0.253479956572666,0.253693297816944,0.2540628232736,0.252858974457353,0.259411613590501,0.262742357693928,0.262678350876924
1424,0.249828583388554,0.25021665836528,0.250533189907345,0.250390878305679,0.250219261825767,0.252398093269601,0.252930231082796,0.253237802182657,0.253527448107196,0.253344230984996,0.253488525562893,0.253552162773631,0.253720929187536,0.253793912003082,0.253772194053082,0.253859865880396,0.254004858791917,0.254206347244821,0.254500852000345,0.254495429562488,0.254514438348627,0.254619567639983,0.254662343884186,0.254629360410492,0.254843913857824,0.255206212020864,0.253997559603589,0.260660418745623,0.264022508558653,0.263973993456111
1422,0.250824744699457,0.251250495006475,0.251607431715893,0.251485226026697,0.251308902703859,0.253606246553856,0.254160557236308,0.254482154783762,0.254803669135143,0.254611861468512,0.254768399781463,0.254842970576898,0.255032549173352,0.255110343715724,0.255087151562244,0.255184000123582,0.255352573459754,0.255559333653381,0.255888191465277,0.255870132312232,0.255893402294164,0.256006814652534,0.256063299799341,0.256032408758027,0.25625639652147,0.256659317001408,0.255488845548402,0.262181029461436,0.265549345178919,0.265514116299124
1420,0.250864530346958,0.25131274093842,0.251691692217215,0.251586486087728,0.251408107729737,0.253806692471346,0.254374042483235,0.254704081369466,0.255047240022427,0.25485507692764,0.255018104528206,0.255100492606635,0.255312129395479,0.255396686444788,0.255356346191995,0.255468664633863,0.255657038083244,0.255857871456413,0.256207609180594,0.256185471228294,0.256212882986262,0.256344679311287,0.256406193357728,0.256370116448404,0.256608491376314,0.25706766127427,0.255993141101737,0.262544415672703,0.265853847671025,0.265839860353446
1418,0.250026872188039,0.250461989359739,0.250832068294839,0.25071503646091,0.250535785808099,0.252914091254349,0.253479618397378,0.253804785411494,0.25414905726032,0.253952629743951,0.254101853523633,0.254173815013902,0.254391472823455,0.254476682278292,0.25440962776212,0.25451778398497,0.25469769997792,0.254893094798302,0.255242452296808,0.255215058617464,0.255238585756252,0.255383019465183,0.255433507363235,0.255382401816177,0.255627082837904,0.256071793380901,0.255145312644111,0.261473657839765,0.264696631173463,0.264701090828274
1416,0.248300274191626,0.248690927863376,0.249025431210303,0.248874689232332,0.248696788910291,0.251003058871352,0.251557013147046,0.251873542784205,0.252197966792378,0.251981201155373,0.252106570764639,0.252151073937356,0.25235923757431,0.252428727487864,0.2523380493371,0.252425245727451,0.252571652090914,0.252769569466667,0.253106293541037,0.253060027508578,0.253074534715912,0.25321490697458,0.253242555552602,0.253179156522422,0.253410198004138,0.253759744763079,0.252946910111309,0.259166542785981,0.262365765535732,0.262368677885366
1414,0.245037183632776,0.245373022514159,0.245654892162185,0.245475834033505,0.245303757546922,0.247595973305417,0.248136313994176,0.248451026381627,0.248745419103688,0.248493039588987,0.248607772820159,0.248616867096546,0.248812217338169,0.248856078414765,0.248749830211079,0.248823325291639,0.248935567163091,0.249130559401699,0.249446473560368,0.249381553349145,0.249389199284615,0.249512879270391,0.249517267244608,0.249455958058327,0.249657564212743,0.24991317040135,0.24910137438745,0.255366879289653,0.258620526358179,0.258610408321843
1412,0.240018891939539,0.240309787043624,0.240537854713638,0.240350820891224,0.240189122669601,0.242540547192601,0.243065459459509,0.243382605824157,0.24365149457306,0.243360583463567,0.243485541892247,0.243457630902785,0.243643395639282,0.243669751311969,0.243555987648245,0.2436311314143,0.243725248067109,0.243900852629566,0.24418430937179,0.244125174789276,0.244129481590448,0.244232348415615,0.244222350629423,0.244175657059201,0.244348043669838,0.244566653868121,0.243656315738386,0.250036631576464,0.253372108681794,0.253356158970892
1410,0.233721151790819,0.233988438460061,0.234186239575472,0.234014928974223,0.233864407176506,0.236333500683919,0.236836585843393,0.237153075311762,0.237409673099601,0.23708957308899,0.237237768858611,0.237177887805158,0.237358010878747,0.237386676074013,0.237273909701495,0.237358163743652,0.237456476547103,0.237602250659014,0.23784456979768,0.237821772088819,0.237823601331095,0.237909509824332,0.237897240800087,0.237868481172245,0.238027015913324,0.238267777250874,0.237212269603795,0.243709642925278,0.247114028040916,0.247102983008306
1408,0.226622063809733,0.226880006359013,0.227084188093676,0.226948725575151,0.226803654270443,0.229440834968385,0.229912726875166,0.230222693130684,0.230475644109634,0.23013851052091,0.230311148216058,0.230231260358248,0.230407502082557,0.230453337292376,0.230347966117652,0.230440991812708,0.230564497685549,0.23068412914286,0.230885874410602,0.230912709874288,0.230910168478185,0.230989074439837,0.230982213473722,0.230966902676062,0.231129760578106,0.231428164985641,0.230210438864223,0.23680191370819,0.240254404738598,0.240248495840942
1406,0.218878160478535,0.219119664281339,0.219347808449559,0.219255982155758,0.219108989731543,0.221924484545277,0.22235926867062,0.222659639127622,0.222905298568343,0.222559602942775,0.222751022966979,0.222665653755187,0.222836005984164,0.222897408722052,0.222799737863029,0.22290075663055,0.223059068494297,0.223163861525158,0.223329941238009,0.223397800001081,0.223387633942176,0.223467883863487,0.223466716730266,0.223459077816453,0.223632294149938,0.223981037403565,0.222602197830327,0.229249751075085,0.232736212351741,0.232728804770724
1404,0.210879828273351,0.211094631019154,0.211336893874143,0.211286260570853,0.211140827353884,0.214094395985189,0.214496209027652,0.214788787059899,0.215021611347453,0.214677089281947,0.214884391079471,0.214806019901188,0.214969091471107,0.215036580521367,0.214943912119811,0.215056600749179,0.215245847284288,0.215344477473028,0.215477641455117,0.215574828325255,0.215555420475372,0.215636068928582,0.215641193005148,0.215640057144902,0.215818546452579,0.216162132274234,0.214674785476792,0.221338303045165,0.224848901883471,0.224838888563503
1402,0.203451247136301,0.203657158754407,0.203910519761094,0.203906764451355,0.20378086429515,0.206864801544683,0.207248230233169,0.207539622801514,0.207766709089019,0.20743666394399,0.207665728062552,0.207605056640557,0.207767532438013,0.207841220083291,0.207755842660109,0.20788880628524,0.208106131296698,0.208203141176983,0.208308871192455,0.2084351859424,0.208410563567106,0.208486048186316,0.208506332985913,0.208515075187044,0.208699155286113,0.208974759713151,0.207480200144585,0.214144338249121,0.217671664299784,0.217662900670509
1400,0.197007408915778,0.197240577217572,0.197527735319414,0.197592107741069,0.197504933615048,0.200797821639798,0.201180800319398,0.201480281832138,0.201717853426942,0.201407086081184,0.201667982153825,0.201634095023568,0.201808425123513,0.20189813184058,0.201827959710636,0.201991654736996,0.202246315346869,0.202344543405048,0.202436882386403,0.202595525196735,0.202576482327776,0.202646402487257,0.202693677320415,0.202716051528609,0.202916753620848,0.203108999588593,0.201681307814791,0.208342996236202,0.211876859691521,0.211868856233252
1398,0.191098388468301,0.191362667336237,0.191697460553597,0.191843638750863,0.191797601997502,0.195350516729923,0.195740515071735,0.196051074758232,0.19630740202972,0.196004173871458,0.196296722369768,0.196291128748041,0.196481196890219,0.196589436882021,0.19653906810351,0.196735829734284,0.19703666741849,0.197134850118893,0.197227407905583,0.197411744688794,0.197410389987164,0.197478300792028,0.197553445086077,0.197589835643304,0.197814010667268,0.197963306889937,0.196586049894184,0.203200128595777,0.206712481165922,0.206701228721015
1396,0.185346679798634,0.185587655760311,0.185932717095417,0.186136650801746,0.186112425936489,0.189773086272908,0.190154499031888,0.190461714065931,0.190725668741788,0.190421567047556,0.190724825920105,0.190736630458658,0.190928149434699,0.191039707090054,0.191002438250946,0.191216073462341,0.191547998463892,0.19163983613311,0.19172900188316,0.191924077360261,0.191942556224239,0.192005715769017,0.192093175842781,0.192139996613185,0.192376302557377,0.192527615294504,0.191124532432379,0.197608357848606,0.201060969414025,0.201046899206691
1394,0.180625843033826,0.180792697034709,0.181092430793386,0.181310637008553,0.181286897468704,0.18479373890243,0.185141656360919,0.185423008640128,0.185675898551657,0.185391684625257,0.185681617012395,0.185698576086913,0.185875447729485,0.185974199910534,0.185939547124932,0.186148521405849,0.186481003871952,0.186564390267136,0.186634150419347,0.186830998360534,0.186859327947278,0.186909623826686,0.186993959308,0.187048384125326,0.187280771962977,0.187439254260738,0.185969096186502,0.192313517025907,0.195704901024169,0.195689127946695
1392,0.178258854893282,0.178364873540457,0.17861019553822,0.178824902158711,0.17879501652689,0.18205330691462,0.182361532177022,0.182608187584034,0.182842981116237,0.182611635416553,0.182886041607683,0.182908758054024,0.183071948509339,0.183159232443142,0.183126865701725,0.183327305122325,0.183648628312225,0.183731180007169,0.183776326650661,0.183975526970807,0.184005166869324,0.184042516993728,0.184123458097701,0.184187381257169,0.184415351215403,0.184580150834386,0.183055328634814,0.189354477568525,0.192725186579272,0.192700085316348
1390,0.178972615091879,0.179062098809094,0.179282310650617,0.179498800766298,0.179462227311381,0.182559892581903,0.182841411400068,0.183058623230972,0.183279770494459,0.183115411495607,0.183387591991491,0.183425896505099,0.183584423338284,0.183670203212251,0.183649804804071,0.18385040323322,0.18417108730745,0.184261942075678,0.184291679602041,0.184494951882091,0.184525907699945,0.184559500887865,0.184643457205705,0.184720591165884,0.184952240056861,0.18515159650078,0.183600802211929,0.189942402574827,0.193320007859787,0.193275349852522
1388,0.183475366688574,0.183568734466616,0.183786687451127,0.184003193007556,0.183955289186876,0.18699127192745,0.187260141375059,0.18745476679624,0.187668983768605,0.187561040814118,0.187838392578317,0.187898975450009,0.188053887505171,0.188141234220715,0.188142840808653,0.188344467581389,0.188674548659053,0.188774755407499,0.188800191883267,0.189006286833385,0.189041984496331,0.189078320107137,0.189164871185706,0.189255339195027,0.189491052052351,0.189752971176346,0.188225059509831,0.194609966872975,0.197976293691656,0.197912703256226
1386,0.193122282725114,0.193206174338425,0.193419251418902,0.193616482009223,0.193551473368068,0.196521733426152,0.196783203318355,0.196959813894701,0.197170741231595,0.197096981698534,0.197370883753001,0.197448402175862,0.19759284242169,0.197676005705758,0.19770011600258,0.197889158803553,0.19822132018584,0.19832381609167,0.198350737814484,0.198555624946758,0.198597277347118,0.198631697122551,0.198711101622394,0.198809299399211,0.199039727862167,0.199344264364949,0.197900767303317,0.204279711774485,0.207607665172488,0.207536687024041
1384,0.209802132331624,0.209867759139181,0.210068067787187,0.210222793655215,0.210138775751107,0.21297400049894,0.21323626737458,0.213405218193902,0.213614713310461,0.213554909919507,0.21381142117878,0.213891056384895,0.21402489017102,0.214100470309315,0.214136131652892,0.214300142745068,0.214614742153996,0.214716303583264,0.214751299236158,0.214947131840854,0.214994239384614,0.215019768451869,0.215082242440191,0.215180191547181,0.215399091254081,0.21569489193587,0.214339602821471,0.220717860312136,0.224036267867965,0.22396283845313
1382,0.235444421494679,0.235517522243952,0.235714976058629,0.235801615191233,0.235693634069044,0.238356300577378,0.238649746951096,0.238833214002354,0.23904781580046,0.238979362706738,0.239210939960491,0.239277316455508,0.239413548073637,0.239485814757015,0.239517022031799,0.239655749373702,0.239932607129677,0.24004355374672,0.240104712120059,0.240277788613383,0.240329549122797,0.240352818826193,0.240395749349213,0.240484344743055,0.240694615238657,0.240967925937905,0.239622887199978,0.2460701584368,0.249448720376713,0.249364739393926
1380,0.270488052522762,0.270619118940906,0.270837751498672,0.270807583464762,0.27065757185225,0.273180319765292,0.273562438851174,0.273791208197895,0.274027734777675,0.273907550884261,0.274105414158948,0.274141602817011,0.274298861813307,0.274371714046213,0.274378292424055,0.274492696146791,0.274706777268963,0.274847792486518,0.274969088310106,0.275099371320955,0.275148944601177,0.275193304931809,0.275218929910587,0.275280463211461,0.275486355085238,0.275788650847394,0.274380030006352,0.280928312940022,0.28439228682623,0.284294407695196
1378,0.309172382423219,0.309413791029666,0.30967551986474,0.309456098761661,0.309235976260292,0.311770645307356,0.312312037672021,0.312617230298163,0.312900953875675,0.312652981696769,0.312795239813045,0.31277204933293,0.312966120948284,0.31303536647305,0.312986192599348,0.313067072774378,0.313182316504625,0.313371811404389,0.313596786854052,0.31366225335407,0.313688074342974,0.313783287803683,0.31379516010902,0.313796157778059,0.313997571135181,0.314413514971813,0.312969685072762,0.319525990241847,0.322993318514814,0.322900174011535
1376,0.334254975701368,0.334625057074124,0.334928891269562,0.3344949546782,0.334193795437935,0.337088761091073,0.33782396008593,0.338217835631626,0.338563090183075,0.338103594734076,0.338170090093061,0.338048222132565,0.338281042153234,0.338339306568701,0.338198433394666,0.338238339054427,0.33823490834363,0.338466208751368,0.338812758400079,0.338807633815867,0.338780137751685,0.338937700548602,0.338940183118983,0.338848721038375,0.339045075441443,0.339608193040483,0.338239129594471,0.344616943249767,0.34793695843259,0.347875806274507
1374,0.326079665440655,0.3265167389215,0.326824465675924,0.326291595019921,0.325948559890015,0.329564515033515,0.330424111650602,0.330874954020395,0.331257448293082,0.330585042472776,0.330602404226792,0.330375570303903,0.330622112374302,0.330673475891475,0.330439653098581,0.330459226062139,0.330386630801745,0.330615373306253,0.331023606857713,0.330982700270919,0.330899059726498,0.331087125281252,0.331085642700148,0.330919879991249,0.331114746557079,0.331729905735259,0.330444226553706,0.33655849201531,0.339682503052034,0.339645763989257
1372,0.286733262517664,0.28712742805979,0.287394321779038,0.286941005936453,0.286621197217777,0.290910664957905,0.291755884103151,0.292205091076966,0.292578543692364,0.291813396667397,0.291850319134731,0.29157683338573,0.291800099235815,0.291857565400274,0.291583739933385,0.291619534411236,0.29157348147136,0.291754737790649,0.2921213964787,0.29210181533669,0.291998181253545,0.292165867676704,0.29216709375958,0.291996084903857,0.292192556245342,0.292730751100061,0.291391118312764,0.297360026969981,0.300402933427872,0.300352609609955
1370,0.237930166064294,0.238218014350005,0.238436366628174,0.238150839990229,0.237893467579385,0.242472464684582,0.243209867450667,0.243621343011317,0.243961036715956,0.243242327368931,0.243345947209578,0.243100472630275,0.243285243287005,0.243354772079501,0.243100654240274,0.243171044229682,0.243210598775832,0.243337059025363,0.243609889115433,0.243645279797777,0.243558015122808,0.243681644922395,0.243693705531494,0.243571621970791,0.243771102833159,0.244214192971961,0.242730353620432,0.248710226718702,0.251787835548504,0.251708395486366
1368,0.195809557653149,0.195996809326346,0.196191581484912,0.196074636042679,0.195889364751047,0.200422342417491,0.201034509857448,0.201406255836672,0.201713360351894,0.201119102668389,0.201297023612644,0.201123261384647,0.20128029396825,0.201361398034513,0.201158288608357,0.201266048796063,0.201400563521096,0.201491924886631,0.201681435777884,0.20177476367349,0.201720162671006,0.20180540664311,0.201835520010218,0.20177686719943,0.201984404940579,0.202393333694301,0.200771526985808,0.20684271717006,0.209991411316481,0.20989441642223
1366,0.16380771343815,0.163933713606059,0.164134897589461,0.164158945108707,0.164042027316439,0.168377014967715,0.168891195964651,0.169236667312277,0.169522583733635,0.169070820100566,0.169310700185209,0.169219386906932,0.169368333016408,0.169461165858893,0.169316429024958,0.169462816116519,0.169680467433584,0.16976132570428,0.169899892030766,0.170039331245489,0.170022237925949,0.1700857237887,0.170135224579184,0.170133639918324,0.170356431234526,0.170768739535158,0.169037698275178,0.175214321030057,0.178426004340057,0.178324498145231
1364,0.139823714935397,0.139924173859736,0.140143825255357,0.140273105826835,0.140212226846051,0.144317852322934,0.144774858836473,0.145103475582607,0.145379501006534,0.145048476820397,0.145330543513589,0.145308958473593,0.145461994382329,0.1455668048069,0.145473791591233,0.145657713870752,0.145939669195025,0.146025409513325,0.146136092484289,0.14630564361076,0.146325105934925,0.146381695383594,0.146441944262258,0.146485859784795,0.146724756619594,0.147102188900581,0.145294403572667,0.151539281238052,0.154787056692644,0.154683935945629
1362,0.122107859457996,0.122193072895613,0.122418012117094,0.122611625589993,0.12258573988329,0.126462639472237,0.126891574563947,0.127200795058964,0.127471349813324,0.127219005339726,0.127521191665237,0.127540991778064,0.127696007003365,0.12780825421117,0.127749632676488,0.12796033414234,0.128282068224859,0.128371039541579,0.128458564187527,0.128642180805173,0.128688372762255,0.128743829833152,0.128800323473797,0.1288755099816,0.12912060462239,0.12939392032275,0.127569154793302,0.133813846876087,0.137059388253073,0.136953219359964
1360,0.109849044392175,0.109910706403085,0.110120391527387,0.110348145277658,0.110335359416173,0.113998325908473,0.114406231138368,0.114691726366356,0.114952709619345,0.11473923585683,0.115044904849825,0.11507614508387,0.115224843772649,0.115336506687154,0.115289267980592,0.115510179039761,0.115846804664309,0.115926351083204,0.115989219842657,0.116173695712891,0.116230043619162,0.116280590567768,0.116326092702827,0.116414010072134,0.11665384685629,0.116822704036117,0.115041157701934,0.121237582197015,0.124450996566452,0.12434469539191
1358,0.101358670845039,0.101392000744114,0.101579901471481,0.10183344428271,0.101821262673904,0.105350726188001,0.105736544745635,0.106003719001855,0.106250192005939,0.106049752323659,0.106351584791386,0.106376652559382,0.106515258175183,0.106621962936546,0.106567251672385,0.106786533012119,0.10712155991032,0.107183279455092,0.107226065767837,0.107403962064369,0.107458012841597,0.107497021652575,0.107536263989724,0.107617830815037,0.107849392136235,0.107981701441994,0.106250046986629,0.112395122139366,0.115570805672184,0.11546877391996
1356,0.0945100977685945,0.0945194578350899,0.094692666695318,0.0949727194841259,0.0949581211645998,0.098519016046891,0.0988875802118148,0.0991464527610049,0.0993807203363166,0.0991785173792868,0.0994738899212556,0.0994888191062649,0.0996173848809079,0.0997200169284513,0.099649611854479,0.0998603699304552,0.100187613841236,0.100231818169772,0.10026110185644,0.100432590776477,0.100480661388556,0.100504262123691,0.100544756343682,0.100608086147234,0.100833216247472,0.100971526199284,0.0992566458823196,0.105364233133468,0.108510681028644,0.108411414270027
1354,0.0882584207804095,0.0882500650300758,0.0884192091634949,0.0887201572525798,0.0887036386179092,0.0924676037185163,0.0928275955852573,0.093082720398249,0.0933137494053627,0.0931041777710564,0.0933920015729342,0.0933999165909985,0.0935187568225046,0.0936194727340627,0.0935362173298736,0.09373272765659,0.0940538927636179,0.0940834657834678,0.0941006505863529,0.094273299902492,0.094315839759339,0.0943246585202399,0.0943687450520544,0.0944146609187038,0.0946334362102264,0.094758044809163,0.0930387370003653,0.0991201056594312,0.102245889470961,0.102141897423921
1352,0.0826996083945646,0.0826778091935219,0.0828499728045733,0.0831611043718719,0.0831416524139073,0.0871475614912712,0.0875041855426243,0.0877539254886217,0.0879892898100457,0.0877759925144633,0.0880591221999825,0.0880630516385603,0.0881740678999355,0.0882734639563423,0.0881862617889231,0.0883672691160828,0.0886881108461806,0.0887039615829378,0.0887067148150572,0.0888911792252345,0.0889275949621852,0.0889258927350023,0.088971645264618,0.0890112884530825,0.0892225759826563,0.0893046116452845,0.0875854136152988,0.0936604908924916,0.0967732808911689,0.0966575988451925
1350,0.0780711150236353,0.0780387460955029,0.0782142235068579,0.0785318239619077,0.0785057705920829,0.0826039241150375,0.0829575681304912,0.0832007461733652,0.0834401726918198,0.0832298393548581,0.0835159444190597,0.0835158344535154,0.0836234690386098,0.0837209711785866,0.0836366305688504,0.0838095361203303,0.0841334294879361,0.0841364667634987,0.0841239406585965,0.0843268697423888,0.0843556344028868,0.0843475836994728,0.084394132116325,0.0844378485125557,0.0846429774999233,0.0846966267526505,0.0829807204300829,0.0890856638975619,0.0921957894608637,0.0920680276931525
1348,0.0742743237866051,0.0742346615107641,0.074411431177265,0.0747439198980173,0.0747092440691433,0.0786947963198631,0.0790446879316415,0.0792841747037951,0.0795233360571013,0.079319769334371,0.0796167526696889,0.0796143839477979,0.0797226228958789,0.079817929482207,0.0797383678524939,0.0799146526429818,0.0802393507261852,0.0802349401247016,0.0802089265133097,0.0804295964892516,0.0804524371249666,0.0804397057573183,0.0804890672157473,0.0805387669110113,0.0807414604145781,0.0807986117171837,0.0790777921239061,0.0852471895644505,0.0883653527201792,0.0882317533160116
1346,0.0712071915580706,0.0711687821217586,0.0713549648868663,0.0717163799033096,0.0716786286623305,0.0754828640017244,0.0758296659143699,0.0760712294434806,0.0763108814416929,0.0761195859232991,0.0764323717677758,0.0764382157837653,0.0765502393921943,0.0766445060471753,0.0765721042710466,0.0767602749804218,0.0770839028757941,0.0770829953070856,0.0770476789504552,0.0772807190814265,0.0773048626115801,0.0772904915049701,0.077345042444699,0.0773993488592159,0.0776044109538341,0.0776680584261949,0.0759454709736443,0.0821908928977517,0.0853234969728504,0.0851922794578575
1344,0.0687484000994794,0.0687295367832088,0.068948434862627,0.0693490634510788,0.0693210993773118,0.0730493495897423,0.0733961204955595,0.0736478210334056,0.0738961461009408,0.0737310558862696,0.0740635622267098,0.0740948565082035,0.0742173910420961,0.0743142811284833,0.0742558025093928,0.0744613790779724,0.0747898585925276,0.0748059985115131,0.0747700678107209,0.0750098450731441,0.0750446022638937,0.0750378245812509,0.0750987387577013,0.0751610646763795,0.0753757603490212,0.0754337393352389,0.0737343077057624,0.0800364466139985,0.0831821862441882,0.0830588239577771
1342,0.0663612994337137,0.066381812317632,0.0666539643307035,0.067091915038895,0.067085314156267,0.0708785675480844,0.0712302715030686,0.0714997733154885,0.0717646339708012,0.0716426680078168,0.0719972800212739,0.0720662010066985,0.0722084898284722,0.0723129230587724,0.0722743392435243,0.0725011725562763,0.0728443552158966,0.0728874789846553,0.072862412286274,0.0731051221561469,0.073154577682378,0.0731661207253713,0.0732337847284264,0.0733102360272772,0.0735429951123469,0.0736075587623185,0.0719632848994266,0.0782696694211169,0.0814142253507589,0.0812995274946353
1340,0.0633767841905759,0.0634345599714014,0.0637464674289276,0.0642005191610975,0.0642150309593163,0.0680910645695268,0.0684494153558406,0.0687339579607598,0.0690117727147792,0.0689363361616153,0.0693052743353058,0.069405717280876,0.0695672847664997,0.0696794201599507,0.0696562546008599,0.0698997243033662,0.0702573391155301,0.0703240338554685,0.0703133313069788,0.0705563897693056,0.0706136519952589,0.0706416656745391,0.0707141480349384,0.0708036299944405,0.0710543104218657,0.0711510101634627,0.0695874265642024,0.0758273106168411,0.0789452410066923,0.0788364230506338
1338,0.0599370050932976,0.0599959365261305,0.0602960840194806,0.0607319149442691,0.0607537893428925,0.0645956221012408,0.0649525105691616,0.0652327349373103,0.0655060240529535,0.0654581207272218,0.0658192133865789,0.065925809174881,0.0660881538145,0.0661981268011954,0.0661749395060955,0.066416096328596,0.0667720414458075,0.0668408378317185,0.0668314787518032,0.0670721038689144,0.0671235147797684,0.0671481211432414,0.0672182489196106,0.0673097151013059,0.0675619089744044,0.0676817644988081,0.0662047061936959,0.0723496642549631,0.0754324781287447,0.075325546199934
1336,0.0569533366089885,0.05697410201045,0.057219878218416,0.0576153551059222,0.0576298406709045,0.0613363808901575,0.0616790484364057,0.061935397310059,0.0621871283150429,0.0621424089053777,0.0624756038925709,0.0625636370443298,0.0627064567764208,0.0628016471828201,0.062766911050723,0.0629859518916577,0.0633248933317368,0.0633723629903274,0.0633469166579879,0.0635829027484171,0.0636226071644064,0.0636251313655918,0.0636835337237277,0.0637678050017532,0.064002326973078,0.0641096912260066,0.0626877158035285,0.0687952585153921,0.0718778000725408,0.0717686588588692
1334,0.0547659671566226,0.0547422227871347,0.0549347308981363,0.0552923439013581,0.0552949039402459,0.0588725518247153,0.0591969756217255,0.0594294679020104,0.0596576918766034,0.0596090985232767,0.059913872893026,0.0599785029707073,0.0600996566128166,0.0601778073599553,0.0601342963083768,0.0603278493150343,0.0606505587940447,0.0606727618823895,0.06062759709517,0.0608602260490243,0.060895540293747,0.06087705746069,0.0609198277789332,0.0609980547398251,0.0612126497580584,0.0613008751248682,0.0598813535643154,0.0660268738421263,0.0691563554425445,0.0690404318503712
1332,0.0529040133842447,0.0528543860684238,0.0530165211193281,0.0533492880750224,0.053343106826529,0.0568429264588819,0.0571562221207343,0.0573788477060254,0.0575945792437644,0.0575513110539361,0.0578412885612949,0.057895155229027,0.0580045827711908,0.0580750863190263,0.0580324744328909,0.0582096136247777,0.0585254574708724,0.0585364199953624,0.0584797364663417,0.0587146459812923,0.0587553003070384,0.0587286301309031,0.058759614900504,0.0588371529095355,0.0590437113560614,0.059136987108431,0.0576936928448728,0.063880345011147,0.0670627406624257,0.0669367271210901
1330,0.050957610809399,0.0508989217231634,0.0510447616013501,0.0513636037587153,0.0513533540119564,0.0548034534669944,0.0551159266422515,0.0553395353839777,0.0555567530661367,0.0555299048312753,0.0558191003888654,0.0558794606601779,0.0559827039470685,0.0560580384851535,0.056021389613239,0.0561908898775844,0.0565044994068659,0.0565194239629165,0.0564587891977928,0.0567026157965676,0.0567499923138818,0.0567234077944474,0.056750770629883,0.0568301988703777,0.0570384043939987,0.0571503843626867,0.055700221827921,0.0618678335431997,0.0650594539040868,0.0649260356576347
1328,0.048871516040459,0.0488092129051693,0.048942038812433,0.0492573283898572,0.0492472301097854,0.0526551310644608,0.0529738647722725,0.0531999236765022,0.0534279631873251,0.0534212759023694,0.0537182249974056,0.0537956815710221,0.0538909507307806,0.0539780152833521,0.053944014513096,0.0541109024676426,0.0544200080076487,0.0544433224139448,0.0543806643879468,0.0546356479274658,0.0546834731185264,0.0546566763978373,0.0546879922466208,0.0547701928051161,0.0549787069953757,0.0551009530592464,0.0536549890925748,0.0597727266727673,0.0629284415524671,0.0627977279410829
1326,0.0466030861804036,0.046541731025895,0.0466694986072654,0.0469945240310456,0.0469895248760261,0.0503700019014826,0.0506996966404707,0.0509280151588715,0.0511703318144564,0.0511827959615525,0.0514926624466244,0.0515882655284649,0.0516778081377029,0.0517759099054772,0.0517378985589753,0.0519085263198481,0.0522115080709156,0.0522405362075656,0.0521769891902051,0.052439897217931,0.0524845102639255,0.0524568591110546,0.052495964628805,0.0525841328955217,0.0527874727182586,0.0529170956611455,0.0514271372581052,0.0575468760926908,0.0606692570708819,0.0605509937044243
1324,0.0440875347181181,0.0440392801196043,0.0441778721969574,0.0445232856377185,0.0445299848227466,0.0479069301723121,0.0482533476059798,0.0484884375394733,0.0487463948138039,0.0487798533769144,0.0491061547595891,0.0492181998384657,0.0493139285906256,0.0494195463304459,0.0493731203603826,0.0495564040202428,0.0498569060606181,0.0498927245825516,0.0498331034576066,0.0500999109348898,0.0501461817828053,0.0501220314301116,0.050169440882697,0.050267749080723,0.0504673629515761,0.0506140296406876,0.0490125241094066,0.0552021202683232,0.0583245767872853,0.0582194566324154
1322,0.0416056177356061,0.0415830217177899,0.0417436389248707,0.0421102683521468,0.0421352262373434,0.0455233765868745,0.0458923128119128,0.0461391483760586,0.0464137725798222,0.0464726741239085,0.0468149499102015,0.0469444208081138,0.047057827240105,0.0471691108365251,0.0471116353368338,0.0473128509032766,0.0476159360289211,0.047664394206755,0.0476146135064577,0.0478830679063936,0.0479390249581173,0.0479228588093659,0.0479773927620095,0.0480856843228713,0.0482902619251677,0.0484475958219204,0.0467397632771959,0.0529960021948625,0.056132227938933,0.0560343920082246
1320,0.0396465519332018,0.0396510281148375,0.0398324981423241,0.0402136821890191,0.0402588170873403,0.0436494785050913,0.0440432570859486,0.0443022958739553,0.0445919525183311,0.0446750278208586,0.0450282531353753,0.0451750728437556,0.0453051430975992,0.0454226714056084,0.0453508152719333,0.0455668888451578,0.045873027058289,0.0459366884722057,0.0458983339490529,0.0461654874582974,0.0462342495816782,0.0462251436788816,0.0462846621510443,0.0463967388782246,0.0466138416062123,0.0467559507977437,0.0450304447382951,0.0512881446574865,0.0544235246602653,0.0543309160464979
1318,0.0382012787780969,0.0382223834464166,0.0384179557738006,0.0388085154069881,0.0388676925928409,0.0422286544793436,0.0426463289278441,0.0429163267582917,0.0432159389338094,0.0433130245231625,0.0436722925884051,0.0438295942543775,0.0439647540346777,0.044089773204299,0.0440006983170128,0.0442229737915142,0.0445264272944375,0.0446008251916737,0.0445688180257114,0.0448304227792988,0.0449090234814938,0.0449026387951312,0.0449649698337371,0.0450732421676458,0.0453032198311866,0.045427402446488,0.0437561300533621,0.0499647347104674,0.0530922937066027,0.053009873193798
1316,0.0367012660019392,0.036725836004322,0.0369314629470773,0.037329746731541,0.0373919893476904,0.0406921794182727,0.0411326609367026,0.0414143009498233,0.0417189492973253,0.0418201078705367,0.0421839124328341,0.0423413329303219,0.042471975299036,0.0426035922811237,0.042497818431825,0.0427170523110007,0.0430094786514387,0.0430872804688405,0.0430523506581203,0.0433077394802079,0.0433918700187364,0.0433849190423449,0.0434491310787745,0.0435502178014823,0.0437876843309512,0.0439311306892421,0.0422943336443938,0.0484480670492632,0.051584085193728,0.0515129795601571
1314,0.0348180159737441,0.0348371794329983,0.0350495404970825,0.0354503464654039,0.0355071366771809,0.038757382803295,0.0392199902593528,0.0395130124782607,0.0398208629082309,0.0399256176689347,0.0402929830282671,0.0404455447728294,0.04057010312182,0.0407039348419486,0.0405847615402319,0.0407928738025455,0.0410680920045699,0.0411423397707178,0.0410966517719075,0.0413514449501585,0.0414381117233819,0.0414282582943134,0.0414942328562342,0.0415900290173211,0.0418285359992372,0.042019600284025,0.0403433238333299,0.0464492074833439,0.0496063127242178,0.0495342895597089
1312,0.0327640677980193,0.032774678736879,0.0329872154100003,0.0333787518108452,0.0334277690079181,0.036688340801735,0.0371713442274265,0.0374721614255779,0.0377831224681135,0.0378978042655245,0.0382655754743883,0.038416238386385,0.0385373038104222,0.0386681873500943,0.0385385112900459,0.0387308571743056,0.0389870000513206,0.0390520669209423,0.038994657563456,0.0392555774963078,0.0393422632784344,0.0393274181732288,0.0393938097895814,0.0394891713977522,0.0397246748516771,0.0399442591812193,0.0381552946907269,0.044223842434948,0.0473946149219229,0.0473049673637624
1310,0.0307947977657462,0.0307975981993673,0.0310033287694885,0.0313743537656967,0.0314170035842013,0.0347385428102767,0.0352388271307757,0.0355441599120381,0.035856939838402,0.035986168784557,0.0363510458176369,0.0365048600504119,0.0366247650331071,0.0367511206978508,0.0366126194223404,0.0367915118211284,0.0370295578411854,0.0370853415589794,0.037021518680214,0.0372900304650246,0.0373747968005997,0.0373558520717292,0.03741954352209,0.0375190384227912,0.0377515263730661,0.0379674435651686,0.0359969364099496,0.0420643832296174,0.0452423461569521,0.0451329276564361
1308,0.028968978873357,0.0289640522630628,0.029159639206799,0.0295082198157629,0.0295456551958335,0.0329049597152729,0.0334170919568975,0.0337258062963198,0.034036858520663,0.0341813895533026,0.0345420301058339,0.0347006477669762,0.0348208388803815,0.0349444959749714,0.0348002035163219,0.0349732618220965,0.0351949854214773,0.0352496848134149,0.0351834471862544,0.0354564753681186,0.0355395786392109,0.0355210627525642,0.0355797083393022,0.0356848267247981,0.0359168491119903,0.0361352104864364,0.0339375188233449,0.0400544265445272,0.0432514555138184,0.043139025093933
1306,0.0274111250988286,0.0273953448270281,0.0275811742500778,0.0279171808329112,0.0279499037076031,0.0312695685996699,0.0317836798440361,0.0320923119794823,0.0323974320723366,0.0325577292792586,0.0329138457454046,0.0330760380114884,0.033197379912798,0.0333191077912135,0.0331747166057073,0.033348561301142,0.0335580489377846,0.0336216519763876,0.0335510969354755,0.033825498865679,0.0339098447722373,0.0338949592044438,0.0339499793444469,0.0340588780713754,0.0342915877455864,0.0345446204788976,0.0321642452904571,0.0383521142138189,0.0415813656022345,0.0414847866853921
1304,0.0262279202649636,0.0262001083167634,0.0263801246494412,0.0267208744651761,0.0267505674715913,0.0299820082770372,0.030485550480953,0.0307868352860933,0.0310844686805499,0.031260706813255,0.0316130710666451,0.0317777694125967,0.0319003063167439,0.0320184273000236,0.0318792890082907,0.0320567084421716,0.0322629987932074,0.0323379078165746,0.0322606788912633,0.0325344983987981,0.0326243894839979,0.0326110279232642,0.0326672006207085,0.0327777712414949,0.0330090349453117,0.0333005548861705,0.0308844351483113,0.0371243175016402,0.0403767972444331,0.040299242283466
1302,0.0250928348089022,0.0250606116450277,0.0252426529267838,0.0256027772147274,0.0256320528548906,0.0287901753770134,0.0292744218672154,0.0295642576274843,0.0298576214091619,0.0300453679790148,0.0303978493828573,0.0305651933770385,0.0306884764821481,0.0308028916407566,0.0306705969020935,0.0308531929335371,0.0310672923008968,0.031149707704255,0.0310698639411227,0.0313416526409257,0.0314408491814969,0.0314246321705213,0.0314858384845804,0.0315989044781692,0.031826116365487,0.0321155646403851,0.0298043622436446,0.0360665536368231,0.0393162916907417,0.0392471921356007
1300,0.0234711237694095,0.0234467538547709,0.023638334159347,0.0240197876599721,0.024049767024513,0.0271597743896205,0.0276231281707232,0.0279051350776959,0.02819965929756,0.0283891904701075,0.0287475676409955,0.0289179147054117,0.0290414818151065,0.0291557281347174,0.0290293404113335,0.0292191590132023,0.0294467191188259,0.0295364186743056,0.0294608661104366,0.0297310098910126,0.0298406826134397,0.029819999346212,0.0298856342191061,0.0300040479031005,0.0302275982575255,0.0304708376740522,0.0282972876150333,0.0345549711020801,0.037782005165829,0.0377142376075997
1298,0.021354284533206,0.0213420093097539,0.0215433298259072,0.0219356345266716,0.0219648418934676,0.0250214475134564,0.0254664374212543,0.0257457787698332,0.0260436245280728,0.0262250388904719,0.0265914782009971,0.026764018218462,0.0268872163668735,0.0270041092608494,0.0268835954636892,0.027080995935136,0.0273199608074806,0.0274218519208509,0.0273516600590063,0.0276227520645283,0.0277402986703184,0.027716127422828,0.0277822967203771,0.0279070743897822,0.0281298700602347,0.0283157144032006,0.026244041655487,0.0324586562082335,0.0356601824724796,0.0355986706234129
1296,0.0193170098005007,0.0193088414164426,0.0195125907209185,0.0199050680941946,0.0199310969144769,0.0229430445977331,0.0233733977027416,0.0236495980744301,0.0239479709005641,0.0241159022209388,0.024486281663347,0.0246580165684051,0.0247804313099676,0.0248982331176878,0.0247843581217744,0.0249871694506194,0.0252332957834671,0.0253479332391476,0.0252783697940136,0.0255513082521685,0.025671619848072,0.0256448805024478,0.0257086864125686,0.0258373078092836,0.0260621230426769,0.0262053428545414,0.0242320595922457,0.0303650059196477,0.033552691606571,0.0335042509842569
1294,0.0177729666252021,0.01775920232397,0.0179592490687526,0.0183524558012377,0.0183751759731494,0.0214162370360059,0.0218365483261897,0.0221066035979657,0.0224025107471641,0.0225556000000607,0.0229242916401087,0.0230904141792887,0.0232130109517016,0.023328991820219,0.0232204557361074,0.023426450515788,0.0236789757251818,0.0237977748788522,0.0237259551988313,0.0239980275821522,0.024116333701767,0.0240884882914446,0.0241502725961212,0.0242788844182486,0.0245073296925278,0.0246232709133969,0.0227863880771342,0.028842551140715,0.0320364651275273,0.031996401502627
1292,0.0166217826488088,0.0166011592475385,0.0167989105532807,0.0172017359306394,0.017226025897917,0.0203939794716832,0.0208076582298668,0.0210732980221456,0.021367887417574,0.0215035791206013,0.0218695137667914,0.02202496882693,0.0221492794295758,0.0222650636061986,0.0221579040025784,0.0223658170940651,0.0226263106680962,0.0227386154966109,0.0226650183805818,0.0229363102163112,0.0230485960558326,0.0230229656446733,0.023084605897081,0.0232102726655876,0.0234428604401194,0.0235416363881756,0.0218453529779123,0.0278789824075856,0.0310965844340656,0.031051040311086
1290,0.0156798058852121,0.0156566208535757,0.0158576358814757,0.016275470484354,0.016310584066311,0.019648446156841,0.020054776344032,0.0203217333381047,0.020617611671207,0.0207249575356135,0.0210913452659466,0.0212304611981775,0.021355887903519,0.0214755332203374,0.0213642767289881,0.0215721802139811,0.0218399038256549,0.0219392025063299,0.0218616675409064,0.0221413925517778,0.0222418564876584,0.0222207175735426,0.0222834975483596,0.0224033080623484,0.0226384622200575,0.0227380951817181,0.0211130561464873,0.027178346156077,0.0304193782736785,0.0303601415012949
1288,0.0148905405396266,0.0148674318267722,0.0150754099297982,0.015504849425063,0.0155577698810515,0.0190589379082358,0.0194559081353013,0.0197275927590178,0.0200235782692143,0.0200787743161027,0.020448313627877,0.0205618778221228,0.0206856206531514,0.0208094000861631,0.0206856817240183,0.0208915090759483,0.0211618747768106,0.0212432734121168,0.0211567076049803,0.0214567806306737,0.0215374904077703,0.021518795635696,0.0215834451327573,0.0216925713885345,0.0219264750051529,0.0220569984452435,0.0203899629781833,0.0265044642035384,0.0297472606872738,0.0296802466378153
1286,0.0140409599689448,0.0140197460699595,0.014235889523248,0.0146691691635171,0.0147358488841546,0.018428731383696,0.0188201791957884,0.019096438260595,0.0193883530295816,0.0193620665144552,0.0197339173970889,0.0198098469977242,0.0199307497886225,0.0200544707030709,0.0199052515031432,0.0201091927765049,0.02037567005641,0.0204341603100852,0.0203389014766323,0.0206598049542097,0.020715126024523,0.020695927135175,0.0207626137694248,0.0208548072455494,0.0210846627789135,0.0212700424958646,0.0194521605975969,0.0256121196400781,0.0288309854734296,0.0287681749906836
1284,0.012855981651505,0.0128422506564924,0.0130672149636416,0.0134965801983709,0.0135621327951376,0.0175342989532739,0.0179308659841609,0.0182122741368848,0.018498783117459,0.0183770827457134,0.0187477788172218,0.0187800661462629,0.0189004260325527,0.0190208036691508,0.0188331405080252,0.0190358679989091,0.0192918219377094,0.0193282995984509,0.0192330432584729,0.0195612547724272,0.0195922524140262,0.019575047054592,0.0196415693017938,0.019712410642388,0.0199394727775491,0.0201765529565555,0.0181483202533095,0.0243497326797491,0.0275361053655584,0.0274811160506914
1282,0.0115081983802383,0.0115085457599788,0.0117412496483895,0.012159207689998,0.0122100397457946,0.0165048045477964,0.0169176004346866,0.0172067063451835,0.0174915187728445,0.0172943298504291,0.017660870129004,0.0176594459029989,0.0177813335238587,0.0178987536822138,0.017670033352034,0.017868701680165,0.0181086324616243,0.0181340967888903,0.0180471887646937,0.0183676392162319,0.0183822974496478,0.0183737362515799,0.0184354271751444,0.0184863288841555,0.0187137218504261,0.0189746225436996,0.0167705912402614,0.0229972176360516,0.0261644262047344,0.026108878254547
1280,0.0105394078897164,0.0105540452549488,0.0107897071654535,0.011192482891541,0.0112284498906394,0.0157380135383083,0.0161755667651024,0.016474167020418,0.0167629036644793,0.0165398802295631,0.0169035691586268,0.0168924469174605,0.017014662967412,0.0171313221889716,0.0168738298044548,0.0170650345220681,0.0172866515161771,0.0173153814456809,0.0172368996808967,0.0175435243752383,0.0175544086196864,0.0175568375410544,0.0176114721667382,0.0176519615733107,0.0178802967624106,0.0181387583317071,0.0158832719441618,0.0221023653389244,0.0252781359141846,0.025210790405944
1278,0.0101317511809324,0.0101540758544417,0.0103863833100342,0.0107816637941461,0.0108152609014665,0.0153312441080722,0.0158023752006153,0.0161115766405284,0.016409533509128,0.01621161945522,0.0165801272607283,0.0165824411078689,0.0167037695822485,0.0168230456439746,0.0165549674225115,0.0167431735664522,0.016948561469579,0.0169873919197905,0.0169116388035489,0.0172057566365438,0.0172263832282278,0.0172338480852901,0.0172869449214835,0.0173316916194291,0.0175595765388348,0.0178147985496446,0.0156184877347316,0.0218186684663497,0.0250345388908382,0.0249513151887798
1276,0.00987554734885937,0.00989939405385431,0.0101245633950533,0.0105321301086545,0.0105765140019206,0.0149733491993728,0.0154864929904314,0.0158099136611156,0.0161230495219736,0.0159750159456895,0.0163586098992445,0.0163836290352125,0.016507277032196,0.0166349858002082,0.0163658378384775,0.0165633912761946,0.0167569798653056,0.0168035628683013,0.0167253265927071,0.0170097520599162,0.0170492674028345,0.0170534633155844,0.0171155704426815,0.017175688078676,0.01740509403778,0.017675912512094,0.0155169827439815,0.0217383764887671,0.0250170426337565,0.0249221462322557
1274,0.00936292608879549,0.00938622171967406,0.00960400886545093,0.0100438849220714,0.0101039835527844,0.0144548553596814,0.015011464711552,0.0153547305134255,0.0156890818442624,0.0155864698303019,0.0159900000211256,0.0160341707866066,0.016165327483382,0.0163071207177867,0.0160330410794062,0.0162482050672572,0.0164335586280123,0.0164826701839391,0.0163982370818242,0.0166772142223285,0.0167359059113405,0.0167335886967465,0.0168105360978583,0.016885896455763,0.0171243036304731,0.0174211996020297,0.0151502115788045,0.0214550697269761,0.0248023086380982,0.0247029196493941
1272,0.00855975902205629,0.00858041656258709,0.00879295330055379,0.00927098647488432,0.00934452955773349,0.0138515395142489,0.0144457034786907,0.0148115178219828,0.0151692036364138,0.0150919004225121,0.0155107792983185,0.0155655263484156,0.0157049857662502,0.0158604346326094,0.0155712654327363,0.0157992589015602,0.0159770341744759,0.0160244526290876,0.0159305651028337,0.0162122711221885,0.0162822277957491,0.0162757759883695,0.0163628947086458,0.0164428648277499,0.0166978397002729,0.017006872456217,0.0144559915690382,0.0208773461493253,0.0242881884640122,0.0241904043411117
1270,0.00755390160962006,0.0075666286653175,0.00777748243507227,0.00828043044167288,0.0083626312371626,0.0131878666561801,0.0138181824110861,0.0142047099080612,0.014582550321483,0.0145072404317526,0.0149325730528653,0.0149880163729651,0.0151317693702233,0.0152941215098047,0.014981353116638,0.0152101768841604,0.0153765254418438,0.0154187127160577,0.0153151593915208,0.0156087242275858,0.015680184815998,0.0156738561278577,0.0157613346736352,0.0158337879861587,0.0161057179050828,0.0163992112265524,0.0134579147519571,0.0199868800923975,0.0234565946084074,0.0233638648151837
1268,0.00643632750097332,0.00643693660408028,0.00664890212845969,0.00715113156015381,0.00723655655228605,0.0124113801363064,0.0130903968996646,0.0134965814541367,0.0138913058222995,0.0137992855365956,0.0142264030761021,0.0142725944720809,0.0144184952668301,0.0145826255108252,0.0142404773919967,0.0144630649323873,0.0146091366982475,0.0146446616054675,0.0145369493616229,0.0148454182592483,0.0149131410293195,0.0149108831995536,0.0149942058608449,0.0150539080323778,0.015335493572572,0.0155899057011984,0.0121966959023482,0.0187975389836356,0.0223130000601254,0.0222240982834977
1266,0.00555484553344783,0.00554645731650904,0.00575836709938373,0.00623406664729968,0.00631711962264381,0.011797394618639,0.0125438547990937,0.0129746283875272,0.0133883039544819,0.0132708908129249,0.0137010573613429,0.0137319995621829,0.0138831200948897,0.0140506842275148,0.0136729219662291,0.0138898147177629,0.014004953420514,0.0140379058616028,0.0139352888543218,0.0142520431255281,0.014316052658847,0.0143209743702283,0.0144040794767799,0.0144520422468474,0.0147349636705657,0.0149369717269617,0.0110720255051122,0.0176800817888932,0.021196320330055,0.0211045016779479
1264,0.00536697244602905,0.00535907295375634,0.00556735132964383,0.00600378297306548,0.00608143439659693,0.0118423282255504,0.0126665532511096,0.0131307273878392,0.0135688403490029,0.0134266406376844,0.0138616668342757,0.0138780751548628,0.0140371726132925,0.0142113877988744,0.0137896907251193,0.0140025057508838,0.0140791745718026,0.0141186116998867,0.0140301284125608,0.0143418925658073,0.0144040948371533,0.0144168584854503,0.0145053689018513,0.0145422119673029,0.0148235131047641,0.0149752990799537,0.0106953570060992,0.0172199968638347,0.0206680537686947,0.0205666330159536
1262,0.00578361814420096,0.00578394352130519,0.00599006623111552,0.00639676863958579,0.00647160615530338,0.0125262001555378,0.0134293589699326,0.0139329616061985,0.0143982285947715,0.0142324691847494,0.0146715800818027,0.0146758753762581,0.0148396952089589,0.0150188099986106,0.0145436658647281,0.0147515740530255,0.0147857732550771,0.0148400640558895,0.014770979516836,0.0150666591854439,0.0151276324570516,0.0151454732386411,0.0152394324503822,0.0152626500133272,0.0155451745210646,0.0156772815044852,0.0111015325032045,0.0174870361513518,0.0208310740166481,0.0207231783357684
1260,0.00615317487116961,0.00616160546217961,0.00637452057781612,0.00677732727440693,0.00685595139244005,0.0132225713783555,0.0142088092175972,0.0147521791593184,0.0152433440861384,0.0150484712696025,0.0154917214934238,0.0154807076477105,0.0156438736728845,0.0158245441870781,0.0152865074054288,0.0154890446734877,0.0154765477183663,0.0155488212962357,0.0154961136509123,0.0157770138170051,0.0158340446938398,0.0158536489512835,0.0159483841254377,0.0159561348279475,0.0162441460791845,0.0164086880275971,0.0116194065353292,0.0179124663162157,0.021190147590663,0.0210896051349593
1258,0.00612106844683817,0.00613218955295255,0.00635858406152947,0.00677813116538366,0.00686512943928012,0.0135820025878045,0.0146632744600734,0.0152445534302976,0.0157616221195439,0.0155253909600272,0.0159766636084715,0.0159421372036065,0.0161049590943379,0.0162892474297425,0.0156795816803908,0.015878246542193,0.01581521561762,0.0159032467775621,0.0158543278486456,0.0161352741953881,0.0161818539333311,0.0162030057902737,0.0162951986889833,0.016288408452133,0.0165838561197078,0.0168125637302073,0.0117985871348545,0.0181137532460797,0.0213971734662495,0.0213149549474057
1256,0.00595985742698099,0.00596995748739235,0.00620470948646483,0.00663964760309688,0.00673253346489621,0.0139110013665426,0.0150995286077165,0.0157192993417837,0.0162673095953452,0.0159705648984105,0.0164344953478002,0.0163681429115196,0.0165362954258061,0.0167299212663918,0.0160406043822831,0.0162366401047103,0.0161247893029964,0.0162216841357579,0.0161631613121119,0.0164600074979802,0.0164881971302515,0.0165129269672604,0.0166034469225241,0.0165811459910328,0.0168836235355836,0.0171543148908655,0.0118646519779687,0.0182752254321031,0.0216022879056949,0.0215337093096627
1254,0.00598332212137311,0.00599405175078923,0.00622491104829199,0.00665701221712332,0.00674644252579072,0.0145520233135042,0.015853108509553,0.0165149148898582,0.0171010186874243,0.0167159105793531,0.0171935452192108,0.0170867683183485,0.0172638058888311,0.0174692567826389,0.0166930063837681,0.016885956263532,0.0167315917378974,0.0168259400003725,0.0167555101174534,0.0170718351794681,0.0170760950772045,0.0171049152594122,0.0171965778153113,0.0171513240116863,0.0174599718320193,0.0177190616636616,0.0121194271385667,0.0186104707991154,0.0219724608098037,0.0219023143379161
1252,0.00618908330838445,0.00620553069685756,0.00642583845400655,0.00683998323069866,0.0069159595379403,0.0154475392510912,0.0168569329356162,0.0175630437117168,0.018189612454154,0.0176907819854006,0.018180142160312,0.0180228896182827,0.0182063788620642,0.0184221817471958,0.0175554647830126,0.0177438357551414,0.0175499276376965,0.0176290305934227,0.017554845016162,0.0178836855335039,0.0178623364231691,0.0178930448679305,0.0179873265138765,0.0179089531669566,0.0182236566255898,0.018443156973404,0.0125053164418894,0.0190311642306914,0.0224134126742852,0.022334305522086
1250,0.00651029277966148,0.00653649489613948,0.00674955562662817,0.0071468143829253,0.00720688180121638,0.0163868076648744,0.0178871542340958,0.0186331866253626,0.019293326809729,0.0186844482228624,0.0191839906547489,0.0189725600621686,0.0191581102371147,0.0193834325939514,0.018434068936943,0.0186161595243813,0.0183807188403367,0.0184377389485995,0.0183661458402248,0.0187020063025273,0.0186570701669701,0.0186872382027298,0.0187828388054405,0.0186683081061793,0.0189895337162047,0.0191915651991739,0.0128873662376408,0.0194371572513294,0.0228443646432547,0.0227661270253261
1248,0.00689371080879953,0.00692937624785723,0.00714180373400242,0.00753508284095288,0.00758700414936796,0.0171727062946373,0.0187315031682246,0.0195049429991121,0.0201847541350544,0.0195147427257658,0.0200239077666611,0.0197733824916859,0.0199601005663334,0.0201951530412663,0.019188441472919,0.0193639510470856,0.0190896704639003,0.0191295875987129,0.0190595761973207,0.019401494626937,0.0193411559881293,0.0193705746766095,0.0194640052659691,0.0193236986695452,0.019651561917427,0.0198743461361585,0.0132303713064854,0.0198189363805939,0.0232580258356767,0.0231956590551731
1246,0.00704924645417679,0.00708987334653287,0.00730587449803157,0.00770843696243094,0.00776347477545221,0.0174473430664276,0.0190230540751437,0.0198069681302426,0.0204923710027678,0.019838229029371,0.0203547426890466,0.0201003398360896,0.0202905646006335,0.0205318755916667,0.0195063597967604,0.0196790893723353,0.019380955331451,0.0194190092150082,0.0193495910389214,0.0196922703954207,0.0196336241290186,0.0196637381028008,0.0197515325246122,0.0196062101616106,0.0199391843863441,0.0201897754948941,0.0133428547245542,0.0199633122115997,0.0234229464702249,0.0233766196990525
1244,0.00660496011867995,0.00664541216513939,0.0068685802756139,0.00729003767855659,0.00735356678230128,0.0168241788448993,0.018375408987629,0.019152934264704,0.0198334987595691,0.0192651573216252,0.019784179104999,0.0195672780534675,0.0197618452001441,0.0200012494288934,0.0189958266818387,0.0191733146593693,0.0188736013437149,0.0189258863614688,0.0188603179476395,0.019192078341437,0.0191560720159598,0.0191874866075673,0.0192690269164725,0.0191409861016544,0.0194750712282648,0.0197251167001404,0.0129162189708983,0.0195357425418618,0.0229964534933256,0.0229483308796656
1242,0.00564690146712715,0.00568562689957416,0.00592069146542838,0.00636893215243655,0.00643878466407796,0.0153783667547957,0.0168679030150902,0.0176239816339766,0.0182908042128734,0.0178507205494631,0.0183676907390209,0.0182192732587088,0.0184152472771495,0.0186457086467271,0.0176891487440027,0.0178770079555236,0.0175959540696134,0.0176700083242278,0.0176077999035541,0.0179232101760143,0.0179223816202975,0.0179536438199598,0.0180321473031992,0.0179374073444735,0.0182674563153427,0.0184886423942767,0.0120145044230858,0.018618109698867,0.0220744137390941,0.0220068804053834
1240,0.00472002639184722,0.00475959741845574,0.00500764803695654,0.00548433084062652,0.00555659933231493,0.0136897123870869,0.0150881132075022,0.0158105837389557,0.0164545626278555,0.0161567055998076,0.0166692254865498,0.0166011454912016,0.0167947037940439,0.0170151517363218,0.0161231627640841,0.016320012172569,0.0160730150848405,0.0161668693121702,0.0160993044255754,0.0164071625368536,0.0164388027922867,0.0164676447075138,0.0165476455113463,0.0164919325655788,0.0168150608955999,0.0170043652571402,0.0111464246516554,0.0177618334851245,0.021223035347088,0.021135764995931
1238,0.00418047144968751,0.00422327323999498,0.00447742986771227,0.00496822073928352,0.00504070572149657,0.0122642791216195,0.013556745893923,0.0142379854993,0.0148527241949989,0.0146857761094642,0.0151909655456552,0.0151953027138901,0.0153849251397578,0.0155978575199111,0.0147746256474052,0.0149744101428548,0.0147722827164043,0.0148813243989086,0.0148024811898416,0.0151139763262968,0.0151667919928397,0.0151917025699357,0.0152751758487737,0.0152542237431182,0.0155712583564097,0.0157391902284266,0.0106666835536516,0.0173328126275181,0.0208028841618192,0.0207080350010444
1236,0.0038989448618347,0.00394302635892306,0.00419308996993663,0.00467006742737063,0.00473952917826281,0.0111739236028569,0.0123595976415694,0.0129953624339034,0.0135787661576101,0.0135122105567147,0.0140036451665691,0.0140591010763606,0.0142441749874146,0.0144502228669817,0.0136922216248118,0.013891036134887,0.0137371409676971,0.0138591489148926,0.0137762457544139,0.0140896492356543,0.014155073777349,0.014174938176016,0.014260301829205,0.0142646955445542,0.0145764067949605,0.0147222898923212,0.0104323453253229,0.0171505704210797,0.0206131470777634,0.0205169583793654
1234,0.00365481350267313,0.00369553688431375,0.00393621059203301,0.00437828344001343,0.00443907554185263,0.010290653359827,0.0113698313651428,0.011955355013678,0.0125053771561718,0.0125051719606715,0.0129752942022599,0.0130596930102699,0.0132370799415943,0.0134336347208351,0.0127355772281894,0.0129344701086492,0.0128238013416362,0.012956518663412,0.0128819323450425,0.0131858872123632,0.0132612915118691,0.0132744709702213,0.0133590831838584,0.013380672539957,0.0136829421105835,0.0137915502472399,0.0101672551121677,0.0168935790896298,0.0203189865501641,0.0202153955746776
1232,0.00339191966547924,0.00342730869968499,0.00365885352134469,0.00407005737622599,0.00411975980527275,0.00949026639832363,0.010455677544623,0.0109849668803624,0.0114961905037141,0.0115417949427367,0.0119878425516865,0.0120901747860398,0.0122548896332227,0.0124388106603626,0.011799759173858,0.0120015496327797,0.0119281639340461,0.0120660954088964,0.0120028798294372,0.0122909232282805,0.0123760555505219,0.0123817576452809,0.0124642442599582,0.0124994803319673,0.0127848395875359,0.0128443807441079,0.00978405938193762,0.0164668477808238,0.0198356915814415,0.019719618255725
1230,0.00302412421088123,0.00305648311211683,0.00327882420286177,0.0036827920201318,0.0037282290210247,0.00858439986364963,0.00942862360862824,0.00989888821868186,0.0103663760777074,0.0104532507341227,0.0108791718295821,0.0110013538103497,0.0111515739002525,0.0113213965882962,0.0107474288709173,0.0109529737943486,0.010919064784849,0.0110570748243869,0.0109992494598611,0.0112738257412391,0.0113691828919436,0.0113697093325913,0.0114499095025539,0.0114990603769624,0.0117642270210561,0.0117793400086155,0.00925172673547531,0.0158683146863844,0.0191902993042833,0.019071408399172
1228,0.002446124002865,0.00247820950150465,0.00268979808070605,0.00310768334616409,0.00316167542797498,0.00747594641569158,0.0082025581999812,0.00861777327908394,0.00904217280528886,0.00917037052118817,0.00958288892424289,0.00972998312416537,0.00986982862830802,0.01002572517242,0.00952678598385645,0.00973484949740584,0.00974940859494174,0.00988800010469458,0.00983156918161772,0.0100966982200093,0.0102038850124239,0.0102031086898798,0.0102815962790498,0.0103464745637404,0.0105966552121654,0.0105807193096495,0.00856008232660922,0.0151136356244332,0.0184202827367417,0.0183187576008075
1226,0.00185873729046125,0.00189087436291596,0.0020949720250669,0.00253312175472664,0.00260358163823779,0.00646720323808794,0.00709025384082042,0.00745978458539359,0.00784561514842288,0.00800987219626941,0.00841466947637505,0.00858449288026763,0.00872071408393734,0.00886409404324988,0.00844560806029493,0.00865500983196798,0.00872319702384889,0.00886582527829727,0.00881110484948296,0.00906990769480239,0.00918851745353022,0.00918713724949404,0.00926581433558458,0.00934757936269028,0.00959220047326079,0.00955125747915647,0.00795368335351587,0.0144456449040489,0.0177609716997357,0.0176912060867821
1224,0.0016662552444263,0.00169798373303377,0.0019050768032234,0.00236025500088532,0.00244280880273742,0.00602056528707303,0.00655821947014149,0.00689359747651268,0.00724507113882263,0.00743269406795141,0.00783376150429631,0.00801545452161944,0.00815201913956851,0.00828587155407471,0.00793992902604954,0.00815077857450242,0.00826681713564497,0.00841199801742705,0.0083567762363236,0.00861590776519624,0.00873942508650351,0.00873409257818736,0.00881544604242239,0.00891215458190348,0.0091576567826878,0.00908860008531385,0.00780446502581425,0.0142256098352558,0.0175469911085944,0.0175074092657033
1222,0.00189955264217532,0.0019314013569015,0.00215059909996335,0.00261707573553819,0.00269900398987131,0.00612021611544432,0.00659400298788403,0.00690679185947357,0.00722920069565793,0.00742092101279476,0.00781971521546709,0.00799954227223556,0.00813591042300974,0.00826481910344453,0.00796950334748481,0.00818209989764384,0.00833254957150789,0.00847209928881842,0.00841080433864138,0.00867930754491505,0.00879764855675454,0.00878673585880252,0.00887052990322185,0.00897613266516549,0.00922355839931433,0.00913258790372702,0.00807974384051572,0.0144306279794993,0.0177434275743302,0.0177196546061663
1220,0.0021149793016712,0.00214708641899515,0.00237671559732033,0.00284575956655144,0.00291737779926838,0.00626121343938603,0.00669649849476656,0.0069962576765242,0.00729914948854838,0.00747375339348737,0.0078674667520471,0.0080348441572014,0.00816855106703719,0.00829750681891803,0.0080276901533906,0.00824026088112667,0.00841180360912846,0.00853731139074371,0.00846738424570318,0.00874929476340532,0.00885643597260093,0.00884447216214767,0.00892640583574298,0.00903367055388176,0.00928116097994619,0.00920146805610245,0.00829438920957582,0.0146046294488862,0.0179107733818223,0.0178856730087106
1218,0.00198581310027462,0.00201711487678136,0.00224749758190276,0.0027082040405937,0.00277017709306543,0.00613077399737845,0.00654985941543425,0.0068422718005309,0.00713585137163457,0.00728236187628594,0.00766589843781036,0.00781681570044404,0.0079466745005066,0.00807903119080712,0.00781893855633378,0.00802740749765624,0.00821080696838524,0.00831971149504632,0.0082428094255255,0.00853541919287628,0.00863273113885287,0.00862607073223748,0.00870204193376162,0.00880701702932819,0.0090522591467153,0.00903171067665872,0.00812468407408787,0.0144466162044737,0.0177677487401576,0.0177305240384634
1216,0.00164020539838796,0.00167067107590076,0.00189503175560836,0.00234209167281962,0.00240185292996234,0.00588650682773409,0.00630072961832928,0.00658844804353595,0.00687694989270355,0.00700480733372216,0.00737674217414244,0.00751524026336834,0.00764246550386664,0.00777818894645339,0.00752347890265924,0.00772502316763633,0.00791429405450341,0.00801107246694057,0.00792863303549392,0.00822743905307946,0.00832035300791157,0.00831964463988625,0.00839066693711296,0.00849356782604636,0.00873448736730138,0.00879435564858391,0.00772862091496667,0.0141133487885325,0.0174655175675419,0.0174165480604223
1214,0.0013447093019436,0.00137631501310964,0.00159535955413858,0.00203307190732898,0.00209550208665817,0.0057242952320697,0.00613656522853874,0.0064225385600117,0.00670565886849743,0.00683702231166072,0.00720233811770214,0.00733871527247695,0.00746587907297877,0.00760201089489083,0.00735201491879208,0.00754896520069918,0.00773936725158927,0.00783421861379507,0.0077479958321194,0.00804831889368417,0.00814246523040527,0.00814273642278237,0.00821320765386446,0.00831567340895865,0.0085512051060923,0.00866212175879726,0.00738766704578388,0.0138593281951771,0.0172339058300773,0.0171822965498766
1212,0.00121064823785525,0.00124468733870385,0.00146133731470161,0.00189633058226133,0.00196064999956351,0.00561662062870065,0.00603066131752096,0.00631978628297314,0.00660063539428831,0.00674909952169924,0.00711497649766975,0.00725957348047558,0.00738850167354421,0.00752254334938671,0.00727434518769988,0.00747287530121123,0.00766025886450073,0.00776520528626431,0.00768162749991605,0.0079765894778371,0.00807660524302906,0.00807438605115751,0.00814621857703795,0.0082495530341655,0.008480522401273,0.0085982689865907,0.00719895392731467,0.0137341462615054,0.0171058261545844,0.0170599354202165
1210,0.00129938303749603,0.00133549040255077,0.00155057779512776,0.00198442052185961,0.00205083627356696,0.00558720880096385,0.0060108256618101,0.00630820505304226,0.00659437137757884,0.00675349247934086,0.00712426618737792,0.00728033947581083,0.00741083616307628,0.00754376238873797,0.0072938904727876,0.00749820858865667,0.00767994603387456,0.0078012897171985,0.00772857054804051,0.00801203397094771,0.00812021238543085,0.00811667421534408,0.00818879790455645,0.00829394036311778,0.00852237695079152,0.00865104601253089,0.007219630374227,0.0137455943876121,0.0170904813894931,0.0170507878489941
1208,0.00163471892321915,0.00167447272801152,0.00188949377656799,0.00232209375195269,0.00239704393313171,0.0057955023656455,0.00623703100104911,0.00654590221086331,0.00684131448437789,0.00699217541135189,0.0073689274922538,0.00752962752158543,0.00766056179709162,0.00779521808077014,0.0075418659950653,0.00775085668551743,0.00792643453420306,0.00806003871955147,0.00800029370461684,0.00827213809159961,0.00838621202266898,0.00838261542312488,0.00845638087830715,0.00856177457207394,0.00878924458533208,0.00898662276461706,0.00750471732039954,0.0139380707534707,0.0172432325048296,0.0172055226325342
1206,0.00197902322771112,0.00202723983164784,0.00224647531451404,0.00268183316450765,0.00277162863276397,0.0061695591409805,0.00663521648297766,0.00695650014584947,0.00725773820592128,0.00738103340109259,0.0077627951633144,0.00791405158019967,0.00804555940394101,0.00818197339004197,0.00792200787912976,0.00813160657765336,0.0083009171906143,0.00843783277834048,0.00838747846312299,0.00865058663331452,0.00876430216817809,0.00875834594030972,0.00883843884489846,0.00893712153526473,0.00916437827487048,0.00946677516361455,0.00783606601500219,0.0141511368044792,0.0174211219508748,0.0173832397157114
1204,0.00195334622515648,0.00201233575954277,0.00223811981179382,0.00268057605256935,0.00278097103708554,0.00634547879009266,0.0068372379608735,0.00716904647563385,0.00747259856267411,0.00755364753490143,0.00793711882276039,0.00806498974552891,0.00819846185358329,0.00833276540538087,0.00805985870229392,0.0082667815076705,0.00842837113491735,0.00856464136229698,0.00852181546513446,0.008775165625072,0.00888222099709659,0.00887110618788106,0.00895827008030996,0.00904119869595091,0.00926937500400337,0.00962493241357458,0.0077964192844325,0.0140610277404744,0.0173247143515816,0.0172849482444645
1202,0.00152642074374016,0.00159089404102023,0.00181910318594473,0.00226640376362962,0.00236376129366136,0.00616186634925093,0.00667252055906599,0.00700938786051312,0.0073181053248215,0.00735049182704368,0.00773172612658476,0.00783082380501556,0.00796612141171034,0.00809533375898489,0.00780582286958111,0.00800851167777651,0.00816215191629784,0.00829965495669031,0.00826381123412807,0.00850624601930824,0.00860347905610298,0.00858800761183985,0.00867447480953733,0.00873955889586026,0.00897098944098603,0.0092723050138556,0.00730825872135485,0.0136410143477504,0.0169423080288939,0.0168929287323213
1200,0.00110950796224806,0.0011702354514217,0.00139414330962409,0.00184012092927152,0.00192439764362435,0.0059086690276335,0.00642205481304585,0.00675655648482429,0.00707548724822174,0.00706697961824009,0.00744640955939627,0.00752402724764233,0.00765781990110724,0.00778406479443042,0.00748371510997876,0.0076822024569991,0.00783363825858217,0.00797306315048297,0.00793659524863005,0.00817713918675655,0.0082651024135096,0.00824864866354001,0.00832501618940397,0.00838068795585985,0.00861833489325835,0.00880209119681881,0.00680864012032618,0.0132932578096362,0.0166603818468061,0.0165907553922019
1198,0.00106208555344124,0.00111302982255152,0.00133055576217599,0.00177389077915454,0.00184721228994404,0.00593597806811175,0.00643975491693482,0.00676633262880507,0.00709576600041779,0.0070652710026756,0.00744919088287466,0.00751994769956943,0.00764816766513081,0.00777621998382021,0.00747673254941214,0.00767343598347863,0.00783328720458568,0.00797216888512751,0.00792072155467408,0.00817556992697284,0.0082579372464151,0.00824321746661326,0.00830863411218605,0.00836606301781909,0.00861220742724192,0.0087089395437834,0.00673478521689945,0.0133734113896546,0.0167972214394876,0.0167063272020207
1196,0.00134871020588225,0.00138805080696358,0.00160231952761719,0.00204788335199049,0.00211915406209343,0.00628274191593282,0.00678045853351679,0.00709739814550949,0.00743432890842912,0.00739363064252414,0.00778816696849111,0.00786094548262427,0.00798271274918631,0.00811450859602783,0.00782202412187308,0.00802136277567544,0.00819732489140854,0.0083348935650714,0.00825965522502612,0.00853612150365629,0.00861747159459992,0.00860608452048625,0.00866807966424245,0.00873161518598872,0.00898694986869788,0.00906945287377156,0.00708990604400088,0.0138314938407175,0.0172813355676203,0.0171815268969944
1194,0.00173801515598002,0.00176531113373668,0.00197970385115143,0.0024320060751707,0.00250712378653471,0.0068094844899005,0.00731463090962726,0.00762374919578418,0.00796786443111032,0.00790198167127574,0.00830748598822267,0.00837411592626863,0.00849243064480763,0.00862668154077586,0.00833449011624087,0.00854009198054662,0.00873200144266866,0.00886913412447424,0.00877359142623534,0.00906542504443038,0.00914605616548262,0.00913917316361098,0.00920447360399911,0.00927062838651791,0.00953465945650927,0.00963899404152523,0.00762052317475845,0.0144164648117373,0.0178713848242432,0.0177758757342517
1192,0.00202686660082006,0.00204418617616655,0.00226056823383565,0.00272035896329431,0.00279990132475945,0.007399316304921,0.0079204569141473,0.00822826128136799,0.00858181583698452,0.00844375431118153,0.00885697392372113,0.00889023873919468,0.00900916757166696,0.00914597122101332,0.00883544803937919,0.00904796523624014,0.00925051904406686,0.00938281944021145,0.00927583129621441,0.00957719090654321,0.00964833544198235,0.00964559190408534,0.00971497937672616,0.0097752900176791,0.0100478191318065,0.0101549745732913,0.00809307592595077,0.0149167127817759,0.018368848711084,0.0182798507837285
1190,0.00201496810119521,0.00202919868951378,0.00224960195891408,0.00271577650064088,0.00279794602039954,0.00791376567324016,0.00845335459702846,0.00877230568873546,0.00913457744379661,0.00885582214908706,0.00927417528538144,0.00923572633299654,0.00935779203919176,0.00950013255152343,0.00914500200487045,0.00936260082197193,0.00956865697845592,0.00968550685291368,0.00957437303586811,0.00988846336380416,0.00993395380353796,0.00993333524667252,0.0100052301838185,0.0100449277372917,0.0103262740198707,0.0104009305822946,0.00828238378812079,0.0151079856903242,0.0185413125018692,0.0184547511803982
1188,0.00161468059583737,0.00163317874485261,0.00185823796561338,0.00232748598712342,0.00240896291117427,0.00824762726256219,0.00881291949644003,0.00915635142516041,0.00952193218062098,0.00903442933681895,0.00945441142324028,0.00930958254858069,0.00943575245280462,0.00958473926290353,0.00915815815873445,0.00937760714268595,0.0095772865831096,0.00967079745762783,0.00956377128315474,0.00989111166322322,0.00989561456901985,0.0098967605547204,0.00997169563497368,0.00996970176443081,0.0102578415504552,0.0102846037255418,0.00805597441592754,0.014841482170697,0.01823042548992,0.0181484692939331
1186,0.0011069817019161,0.00113036095842248,0.00135572458240045,0.00182008314253093,0.0018961087123877,0.00854342628924114,0.00914595374636354,0.00951778049612046,0.0098810880173668,0.00914970244550869,0.0095642359400495,0.00929966387973236,0.0094306739756912,0.0095817093152476,0.00906965118364348,0.00928690228689036,0.00946966853832727,0.00953967628592013,0.00944708852283233,0.00977419666908251,0.00973155027281785,0.00973745112924118,0.00981748753610563,0.00975743577670135,0.0100453276635101,0.0100356987221451,0.00766144815710347,0.014366438109735,0.0177072154409662,0.0176396371662534
1184,0.000985437966618517,0.00100800775596311,0.00122722770801726,0.0016781845316642,0.0017462828300977,0.00907413782210915,0.00971312611026117,0.0101036211906066,0.0104630245939801,0.00951784194227285,0.00992140434176869,0.00955726342741243,0.0096938248348597,0.0098404195112319,0.00925497778071897,0.00946762068468265,0.00963190459029941,0.00967922423105517,0.00960478638138313,0.00991544654654869,0.00983220941030272,0.00984465306357308,0.00993102933217641,0.00981674136474473,0.010095453389523,0.0100831675917651,0.00763116223932364,0.0142510579038194,0.0175803939719071,0.0175337563781862
1182,0.00139343839894629,0.00141039847418239,0.00162338805304207,0.00206145710512215,0.00212461716417466,0.00979375062247005,0.0104477284955327,0.0108415941160091,0.0111982389877377,0.0101377145562862,0.0105340808756262,0.0101193460990562,0.0102606664219013,0.010401650891944,0.009778969900534,0.009989765361224,0.0101483969905589,0.0101687474873576,0.0101038123329493,0.0103981445940211,0.0102915674743688,0.0103061212782562,0.0103988352487881,0.0102561665506223,0.0105222172786539,0.010556136403236,0.00818063421415795,0.0147500550056757,0.0181137086561579,0.0180835484867445
1180,0.00195651157671771,0.00196740407438061,0.00218225653291408,0.00261893901390918,0.00268162166962616,0.0102712678407928,0.0109121594226677,0.0112995069228135,0.0116530093852679,0.0106028169614569,0.011002581977924,0.0105929246652777,0.0107355375151513,0.0108760401297262,0.0102572527624798,0.0104728037193177,0.0106425913931984,0.0106329777222832,0.0105660531769353,0.0108584292270404,0.0107497244556213,0.0107589950582949,0.0108564642704054,0.0107179543413925,0.0109753814947031,0.0110977154574982,0.00892747904242296,0.0154801688334174,0.0188839060914144,0.0188576435133937
1178,0.00225924580164308,0.00226575644194639,0.00249024062363565,0.00293812694095922,0.00299939611364457,0.0101807563271034,0.0107925561070825,0.0111708772298834,0.0115172751985734,0.0105731960255495,0.0109825515644776,0.0106177826736029,0.0107572182468102,0.01090223089669,0.0103158447133841,0.0105395884040469,0.0107255557454948,0.0106944061746556,0.0106237018744993,0.0109231863235993,0.0108292619932543,0.0108313090671967,0.0109291026916132,0.0108176357840791,0.0110713613209836,0.0112833435273205,0.00935509118176021,0.0158917289179617,0.0192978364173148,0.0192618916037104
1176,0.00222931945855172,0.00223475981981486,0.0024694918080112,0.0029323685288961,0.00298617229451915,0.00962417605826591,0.0102064941297884,0.0105757880235818,0.010910754736139,0.0101070962364041,0.0105221718043294,0.0102179898277892,0.0103527624339083,0.0105016583377545,0.00995995859900157,0.0101879694228033,0.0103815962368731,0.0103476026671078,0.0102788836039173,0.010580742012758,0.0105096906911252,0.0105101672073917,0.0106024641392339,0.0105256019212573,0.0107753920125188,0.0110210088119941,0.00930708192934289,0.0158225027058062,0.0191987668410057,0.0191437761277578
1174,0.0020276107769648,0.00203845099922903,0.00228006307616253,0.00275293908967482,0.00279570978693332,0.00893463639227972,0.00949512397121504,0.00985540164841986,0.0101800327943939,0.00949858114896289,0.00991066309586543,0.00966388138649645,0.009797083788235,0.00994499349538483,0.00944776266322595,0.00967301323234909,0.00986447099078783,0.00984451661423316,0.00977965604817164,0.0100765068067539,0.0100293514549654,0.0100344637265161,0.0101190461089161,0.0100711555767344,0.0103145552386326,0.0105111843378961,0.00894747474495894,0.0154846408524514,0.0188472035398044,0.0187715680617793
1172,0.00186449158866593,0.00188719653688315,0.00213328927528403,0.00260842014790254,0.00264430472469769,0.0084191170652286,0.00896676007674426,0.00931904002923123,0.00964086120126534,0.00904584111164654,0.00944870516702356,0.00924780188595583,0.00938286759077364,0.00952570392729083,0.00906285235583641,0.00928153624304995,0.00946833464697941,0.00946732890814066,0.00940179665486246,0.00969508801124421,0.00966956912730662,0.00967939696706712,0.00975985743254542,0.00972844262538117,0.00996734791657092,0.0100693687593224,0.0085432431584701,0.0151829885630805,0.0185820910775044,0.0184926905631244
1170,0.0019887452490812,0.00202348739464982,0.00227017269985398,0.00274177918790822,0.00278041323995526,0.00832797271148959,0.0088691196589376,0.00921503140092836,0.00954102264464778,0.0090120584420676,0.00940466432429098,0.00923997401561637,0.00937515301734691,0.0095121203997448,0.0090682202498125,0.00927994935444946,0.00946363316688372,0.00947473877376164,0.00940550772966789,0.00970318987394849,0.00969444184437663,0.00970451935884208,0.00978561670759342,0.00976189609424325,0.0100024700321439,0.0100412980172098,0.00842939383621897,0.0152010386407052,0.0186673872346759,0.0185749164812038
1168,0.00254188861268274,0.00258228411929969,0.00282105132873043,0.00328893013119818,0.00334008083883672,0.00874530187310382,0.0092815767241048,0.00962173216067174,0.00995122392911555,0.00949330518464064,0.00988046653242477,0.00975073162310891,0.00988035408755411,0.0100130662212738,0.00957705532805429,0.00978193703900221,0.00996235672242202,0.00997634740880289,0.00990560376459201,0.0102137410611433,0.010214623164026,0.0102219858000043,0.0103039882083314,0.0102915865992906,0.0105384330772895,0.0105959297571394,0.00887308688374519,0.0156974204021566,0.0192106328488518,0.0191225768017747
1166,0.00328918532876835,0.00332841130018598,0.0035523885272736,0.00402446435513074,0.00409386011805202,0.00937077847081477,0.00990287791220591,0.0102380756497999,0.0105655534560526,0.0101943186245159,0.0105864013829717,0.0104977155628859,0.0106198554130998,0.0107510958348025,0.0103229511293986,0.0105225803523144,0.0106978974935381,0.0107145352913124,0.0106442107150372,0.0109634198583209,0.0109698176527787,0.0109755431067857,0.0110553203851992,0.0110665058502833,0.0113201079668341,0.0114566874513703,0.00972050670324689,0.0164838242768021,0.019998193448841,0.0199155672530363
1164,0.00374491931392869,0.00377911442308807,0.00399190850094013,0.00447896662105084,0.00456538588190464,0.00968336538253656,0.010218489874644,0.0105529436315763,0.0108775662668425,0.0105968133891321,0.0110044128767166,0.0109610795475381,0.0110814850734191,0.0112146588027781,0.0107997769199958,0.0109996349275194,0.0111681059097745,0.0111984107438912,0.0111262328055304,0.0114527691144244,0.0114690721796052,0.0114757680089159,0.0115528785853641,0.0115941121011342,0.0118534564977559,0.0120634105084986,0.0103820837414035,0.0170720557844121,0.0205720291877845,0.0204909624923885
1162,0.00367815057552278,0.00370489601618514,0.00391766447653368,0.00441935843146561,0.00451367475266893,0.00946461045212692,0.0100159182638121,0.010357509892597,0.0106856128191213,0.0104782084981736,0.0109035302830574,0.0108991517026603,0.0110256585698144,0.0111634549537464,0.0107606452375091,0.0109665613721097,0.0111255782457011,0.0111796518286794,0.0111038122571223,0.0114316001236119,0.011466345675577,0.0114750813151272,0.011553888276516,0.0116171036713977,0.0118810809325038,0.0121182233012422,0.0103870109769443,0.0171178804277038,0.0206397039258628,0.0205546193598078
1160,0.00331999068484927,0.00333885127952091,0.00355831300179827,0.00405551224674197,0.00414428117268124,0.00898867084453684,0.00956452689305786,0.00992076551213036,0.0102575786317279,0.0100957115950267,0.0105298045450729,0.0105486477874349,0.0106835448446693,0.0108256848581838,0.0104236200082702,0.0106346868716183,0.0107803464684346,0.0108537745127416,0.0107791969675511,0.0111022719300689,0.0111566657586456,0.0111667306881928,0.0112510397942901,0.011320263051589,0.0115859676696361,0.0118205043153435,0.00985310732697788,0.0167328909531903,0.0203218701016407,0.0202292813884615
1158,0.00306021993395504,0.0030760295191239,0.00330033895470309,0.00376848800115413,0.00384129683378734,0.00866616010946355,0.00926330839160595,0.00963651004083764,0.0099794251404395,0.0098421496052706,0.010271715150227,0.0102996333688646,0.0104397556892684,0.010582403607222,0.0101688982330115,0.0103771908418635,0.0105073835610765,0.0105854749251969,0.0105222150947669,0.0108364068299291,0.0109008124157251,0.0109114977107895,0.0109985922647673,0.0110627334618457,0.0113261344117465,0.0115664004057844,0.00932545925418743,0.0163205777029814,0.0199677368530062,0.0198699902213646
1156,0.00314376276515648,0.00316517519000379,0.00339209128828253,0.0038253479787026,0.00388048041429079,0.00869976718298697,0.00930904315681567,0.00969414592998361,0.010037094318892,0.00992009336376653,0.010336638821436,0.0103700586483108,0.0105125873473612,0.0106514367235571,0.0102252937866512,0.0104243371546696,0.0105419144774118,0.0106176585272928,0.0105719110046446,0.010874448006495,0.0109382787261152,0.0109501465404135,0.0110326234880296,0.0110909808461748,0.011351236309269,0.0116202234233958,0.00927651272023301,0.0162392954198521,0.0198743225186554,0.019778416328877
1154,0.00363518987293847,0.00366831275627619,0.00390090003290672,0.00431917236765609,0.00436386681713053,0.00907444666369057,0.0096882367534811,0.0100746075503806,0.0104162221659545,0.010329622655721,0.010733433711985,0.0107784129848452,0.0109229152747359,0.0110580194896963,0.0106321481646388,0.0108237091876512,0.0109363453774805,0.011016042367741,0.0109822135706293,0.0112727638885327,0.0113342966130354,0.0113486743219487,0.0114229540665871,0.0114821354471952,0.0117430609253276,0.0120509551285874,0.00980038070410153,0.0166192566039142,0.0201740922440124,0.0200842362802384
1152,0.0043726706820163,0.00441819321279406,0.00465898718784935,0.00508820263621379,0.00513456436446806,0.00958653924550521,0.0101976421709032,0.0105749347012937,0.0109190552896098,0.0108785055985551,0.011277377718362,0.0113427094473783,0.0114876999036592,0.0116253201762437,0.0112192301515881,0.0114107828915393,0.0115288039714373,0.0116170060806115,0.0115785724820493,0.0118639722956072,0.0119280301426897,0.0119455184386548,0.0120172145619208,0.0120857393138505,0.0123514410805322,0.012685653213435,0.0105767828750429,0.0172673838362601,0.0207371752930152,0.0206502487066405
1150,0.00492262663090554,0.00497803720813599,0.00522253089448016,0.005670898709958,0.00572968343441204,0.00985030681690952,0.0104495822366305,0.0108144854375152,0.011164311093748,0.0111808453434895,0.0115852033392165,0.0116769777881209,0.0118183388239589,0.0119667938662461,0.0115942213683113,0.0117917099871235,0.0119251386437974,0.0120126851810628,0.0119531343722615,0.012248185919672,0.0123179732189132,0.0123373919633781,0.0124166107673711,0.0124998360187614,0.0127704579738738,0.0130918472276709,0.0110509586365968,0.0177021694159924,0.0211345807291649,0.0210460776212097
1148,0.00489924530780925,0.00495962275214105,0.00520050940797686,0.0056578280412654,0.00573273906594429,0.00959973838868557,0.0101816512949975,0.0105391506585551,0.0108941591334597,0.0109667644580992,0.0113819252117829,0.0115009060752777,0.0116355953693928,0.0117978937141496,0.0114585670313626,0.0116628694424102,0.011817242828451,0.0118912117822342,0.0118071575883544,0.0121245530873938,0.0122000160887762,0.0122182099347588,0.0123093988566069,0.0124059597378854,0.0126789204248133,0.0129274653484084,0.0108772506082662,0.0175491359652328,0.0209868229205528,0.0208987950056325
1146,0.00442412744910466,0.00448163132574326,0.00471667309221618,0.00517301914467366,0.00525964908132994,0.0090751088695285,0.00964398610589488,0.0100012079349111,0.0103593095885129,0.0104736885939683,0.0108945887361045,0.0110344913704502,0.0111639304678666,0.0113344210406356,0.0110164500234253,0.0112248070467926,0.0113976794500726,0.011457755663994,0.0113619414767546,0.011700718297032,0.0117826235335506,0.0117949833257432,0.0118925675255848,0.0119957906566048,0.0122695191922569,0.0123973743775594,0.0102981989749819,0.0170009899427697,0.0204571784477741,0.0203745985984222
1144,0.00405276315267329,0.00410155926976811,0.00433255076150545,0.00478904693155526,0.00487990159076146,0.00886205098828814,0.00942815388999576,0.00978737404599254,0.0101474022160086,0.0102822862145159,0.0106978475377592,0.0108462095285865,0.0109743138601254,0.0111434362542052,0.0108337863399446,0.0110421626235319,0.0112240409319179,0.011281555130073,0.0111917741463557,0.0115396353059414,0.0116296135576226,0.0116320499292205,0.0117262798678507,0.0118302740777901,0.012105002146485,0.0121202045620895,0.00994519679725763,0.0166917227771735,0.0201769617528215,0.0200965824767184
1142,0.00418984171209111,0.00423318506239711,0.00445939847991745,0.00491943216575585,0.00500987101372448,0.00926091496620253,0.00983049662408021,0.0101884158853083,0.010549907468827,0.010688460374429,0.0110931292690884,0.0112377974115778,0.0113665083492903,0.0115290193916811,0.0112221162585984,0.0114268336405301,0.0116067953379788,0.0116702382985318,0.0115941652917876,0.0119412944962544,0.0120369278115181,0.0120294257184899,0.0121154520532477,0.0122192772223101,0.0124947587898741,0.0124671914762199,0.0102027653852465,0.0170319297294094,0.0205715361093294,0.0204806210904455
1140,0.00476194356028601,0.00480933387130221,0.0050280381538674,0.00548731236767046,0.00557596664601084,0.0100189743981561,0.0105905284999662,0.0109428690303027,0.0113044446134661,0.0114443486504836,0.0118439510804681,0.0119817172502948,0.0121098725044074,0.0122674075103558,0.0119649839387792,0.012164637636532,0.012336308197903,0.0124044658701725,0.0123348420814225,0.0126806057398197,0.0127747679463836,0.0127633338454549,0.0128440002453948,0.0129500418734801,0.0132236521131696,0.013240897752143,0.0109007963163501,0.017835489321828,0.0214419626678225,0.0213306627682681
1138,0.00545190733437788,0.00550724263305107,0.00572088392756483,0.00617440528836036,0.00625953757328321,0.0107054585815844,0.0112738444699721,0.0116190148095714,0.0119776020119945,0.0121325758599891,0.0125374012944488,0.0126765527237706,0.0128029237178549,0.0129585922935788,0.0126642843436707,0.0128612510082125,0.0130252252847789,0.0130935786787838,0.0130172299719489,0.0133622537293218,0.0134503671485785,0.0134437428086936,0.0135247654356737,0.0136357746660853,0.0139032057289677,0.0140205017967266,0.0116222605846569,0.0186312294296411,0.0222762922870768,0.0221471285774341
1136,0.0059776027895033,0.0060341097087098,0.00625121687273726,0.00670641176703497,0.0067852998297013,0.011073699334425,0.0116341833244238,0.0119731674780975,0.0123255740116155,0.0125160009737159,0.0129297120628263,0.0130837938815298,0.0132099715122272,0.0133629713185952,0.0130789305315467,0.013278130779546,0.0134402248763043,0.0135081469035839,0.0134186468145596,0.0137569590485314,0.0138435517760113,0.013846582017572,0.013930594129847,0.0140495470859973,0.0143082643311153,0.0145293727350069,0.0120710522387884,0.0190929044380225,0.0227279923697432,0.022590287251542
1134,0.00614834629415047,0.0061965327106314,0.00642291375315469,0.00689619578630956,0.00696871146675874,0.0110509782434105,0.0115998679063568,0.0119344770013339,0.0122807435995118,0.012519634818761,0.0129368296197731,0.0131154508426569,0.0132448605115482,0.0133924534663741,0.013119037204239,0.0133240884626892,0.0134905962148457,0.0135614536141968,0.0134633757887878,0.0137884733178707,0.013883846480931,0.0138940258113126,0.0139791312435482,0.01410909512456,0.0143624043182211,0.0146483384379906,0.0121358658401952,0.0191303857014536,0.0227307003796215,0.0225885537318146
1132,0.0059819069940526,0.00601837574544234,0.00625129905779763,0.0067493754658675,0.00681919445113651,0.0107244066625814,0.0112593078602208,0.0115911563766209,0.0119355746077142,0.012220923436568,0.0126349067003814,0.012838766106261,0.0129727013562696,0.0131160473829992,0.0128516485060404,0.0130622275960618,0.0132353800926111,0.0133129186629597,0.0132149893915017,0.0135318198504998,0.0136417576515652,0.0136521124335014,0.0137349760408504,0.0138766382831961,0.0141334658345695,0.0144313113452092,0.0119033541200941,0.0188673611115025,0.0224425115862431,0.0222914652943578
1130,0.00584545716118726,0.00587298090492677,0.00610705720355072,0.00661747816520264,0.00668778936804097,0.0104481232343094,0.0109688834775171,0.011299335017218,0.0116461707885883,0.0119639086113359,0.0123745141924159,0.0125963828429942,0.0127318300350196,0.012876454536936,0.0126177200096022,0.0128311150572834,0.0130091076865506,0.0130944285166539,0.0130002836396777,0.0133247785359396,0.0134453251332101,0.0134497128268959,0.0135291302034112,0.0136798493664708,0.0139479135381993,0.0142349808399724,0.0117250296372329,0.0186744130972409,0.0222423912017846,0.0220767375851392
1128,0.00620500968602376,0.00622969656560674,0.0064650824768514,0.00696738188040825,0.00703682495260422,0.0106656188625272,0.0111742281585654,0.0115043376785944,0.0118528688328349,0.0121836331331242,0.012595868119703,0.0128251395140846,0.0129579610376848,0.0131072666253001,0.0128514361702487,0.0130661042219547,0.013247329117401,0.0133385780420557,0.0132462564867235,0.013589271040961,0.013712827495708,0.0137091313827144,0.0137861259949043,0.0139427445132135,0.0142211901278703,0.0145313483137847,0.0120354132169857,0.0189922146221368,0.0225585724442201,0.0223799198347142
1126,0.00712040064844462,0.00715115207995524,0.00739162208039356,0.00787276459887232,0.00793703230797592,0.011443988472519,0.0119434958773367,0.0122730082485891,0.0126188151947233,0.0129427842999108,0.013358054750307,0.0135864480389217,0.0137171622552891,0.0138672497923734,0.0136143969350332,0.0138308020860308,0.0140162525486166,0.0141127931136522,0.0140235352382297,0.0143760843880563,0.014501435175962,0.0144925067308068,0.0145672426374138,0.0147278942774781,0.0150081733352668,0.0153994674411668,0.0129379439114363,0.0199184216491869,0.0234758053338297,0.0232955152320219
1124,0.00818457132818628,0.00822934471320787,0.00847402356867321,0.00893081354992275,0.00898714094334484,0.0123675769150922,0.0128608412018474,0.0131868063917645,0.0135271194669076,0.0138303125856379,0.0142413333876857,0.0144669927868096,0.0146017257514246,0.0147444010319724,0.0144967492793789,0.01471477516625,0.0149060263496057,0.0150128804185468,0.0149364638322734,0.0152742517601566,0.0154079635115827,0.0154005688632249,0.0154711789609676,0.0156332527822509,0.0159074197687771,0.0163932818966174,0.0140910750461237,0.0210719708619341,0.0246026327658197,0.0244369351328925
1122,0.00900345062060731,0.0090615378565956,0.0093039456297679,0.00973738724650551,0.00978636437758141,0.0129961008801119,0.0134835025073991,0.0138008636737973,0.0141353253177045,0.0144193455126,0.0148169185136145,0.0150438081244479,0.0151876961709232,0.0153185165395328,0.0150794539494713,0.0152968741141311,0.015495046571248,0.0156184389793666,0.0155642378672668,0.0158699584412513,0.0160170395785794,0.0160173426625571,0.0160840162734142,0.0162436539987567,0.0165099085685402,0.0170313123369446,0.0150666983864031,0.0219669687809658,0.0254477716999246,0.0253083428362896
1120,0.00952769505808293,0.0095892631053062,0.0098261099682835,0.0102413469983682,0.0102859138528505,0.0132627793910351,0.0137397267551463,0.0140445667037695,0.0143712110628378,0.0146560036744691,0.0150412361148143,0.0152742126022551,0.0154244607777884,0.0155472620712043,0.0153231967896487,0.0155378942829504,0.0157467934312813,0.0158830494648646,0.0158449888065951,0.0161265429628641,0.0162820591810293,0.0162901436540811,0.0163590679184811,0.0165156243655048,0.0167762441203495,0.0172443807545407,0.0156953453448491,0.0224323926653012,0.025856671684174,0.0257430454928068
1118,0.00993913062200408,0.00999606964079454,0.0102334851960855,0.0106437135889731,0.0106882705856966,0.0134150955664886,0.0138733807118727,0.0141651923739731,0.0144804554195809,0.0147894776529303,0.015175508888365,0.0154158250847056,0.0155633206328081,0.0156869359463688,0.0154876215021194,0.0156997513725337,0.0159266860285938,0.01606105178981,0.016016396898974,0.0163001223117565,0.0164526566086599,0.0164633454159865,0.0165423236013935,0.0167008844008214,0.0169587679168138,0.0173138253777815,0.0160948870144205,0.0226756285619215,0.0260739427568866,0.0259747588583266
1116,0.0104869341849007,0.0105407693057804,0.0107886740341221,0.0112112527094047,0.0112606597737754,0.0137954246903203,0.0142289644065768,0.0145090393408126,0.0148131627772667,0.0151516237282204,0.0155503987616543,0.0157952389895725,0.0159333914539947,0.0160640653795766,0.01589587036876,0.0161059499592549,0.0163552235052206,0.016476048352923,0.0164029675311433,0.0167073521812523,0.0168500084466007,0.0168606787672895,0.0169496971644398,0.0171155930953543,0.0173749582160541,0.0176053949814458,0.016563512875792,0.0230902479233297,0.0265136257828188,0.0264158828491981
1114,0.0114430256034466,0.0114989793698674,0.0117602128179716,0.0122045014046251,0.0122612531945951,0.0147013398210224,0.0151103423139826,0.015379946714402,0.0156781108610089,0.0160279925408029,0.0164381011412811,0.0166824013985766,0.016813012784548,0.0169498035686147,0.0168074616987674,0.0170139424594937,0.0172807765387065,0.0173903364145211,0.0172852404111868,0.017605007599571,0.0177404343251772,0.017754975686661,0.0178449112978736,0.0180171045986084,0.0182843983696047,0.0184123445621449,0.017425972617616,0.0239965909655445,0.0274736228017546,0.027370584086718
1112,0.0129027099198744,0.0129601862780168,0.0132275687796226,0.0136873169496922,0.0137490622361421,0.0161733921009989,0.016562840745142,0.0168253736045349,0.0171213860451677,0.0174583054769202,0.0178692051103811,0.0181070028147285,0.0182373782243608,0.0183747328061632,0.0182431403404451,0.0184450945250281,0.0187193293149172,0.0188266337460955,0.0187034101541626,0.0190219480044369,0.0191570183801765,0.0191789511300045,0.0192616652830594,0.0194346263429464,0.0197144873416027,0.0197713398698564,0.0187402418828972,0.0253699163122719,0.0288890093453307,0.028781027603654
1110,0.014546323796972,0.0145993978738316,0.0148638512707272,0.0153233935388376,0.0153849745746055,0.0178200613125232,0.0181955361975621,0.0184582369720678,0.0187507480411501,0.0190628942830072,0.0194686549784376,0.0196950204898118,0.0198308075828232,0.0199654858880917,0.0198317447173212,0.0200333450550447,0.020308191072333,0.0204164817034474,0.020292271374356,0.0206046931138948,0.0207433415216136,0.0207678258538748,0.0208442679810655,0.0210151972315943,0.0213049960158922,0.0213052716120083,0.0201310330004193,0.026783578862848,0.0303138929230715,0.030205037276869
1108,0.0158659095399124,0.0159101408534231,0.0161700105708824,0.0166192646094372,0.0166783256120153,0.0190950927880768,0.0194600753684931,0.0197287737148692,0.0200157743782419,0.0203072233462351,0.0207115343626882,0.0209259541526949,0.021067239883539,0.0212019908225991,0.021064130278065,0.0212724381512801,0.0215469411798316,0.0216537621915908,0.0215379935113644,0.0218552050088861,0.0219972455338783,0.0220147284918905,0.0220908621522321,0.0222620526940433,0.0225521352769282,0.0224917813219648,0.0211480709888462,0.0278018956539858,0.0313141365840674,0.0312080820134102
1106,0.016709393357907,0.0167445179830708,0.0170055596288511,0.0174497985294879,0.0175094735130097,0.0198433750734396,0.0201982069172811,0.0204699950395613,0.0207528692333082,0.0210348476757632,0.0214436518014085,0.0216509336601323,0.0217939833058832,0.0219336298814616,0.0217972745256448,0.0220145020228198,0.0222897596808577,0.022394075551152,0.0222876162930261,0.0226201222371293,0.0227640561837277,0.0227707275355419,0.0228497216278714,0.0230246414751166,0.0233046761075162,0.0232065687418572,0.0217992035696893,0.0284457397145748,0.0319124931827834,0.0318083193948142
1104,0.0174156289207823,0.0174443086040621,0.0177116247882187,0.0181666354260754,0.018231568036461,0.0204178671487251,0.0207601648071577,0.0210251409721588,0.0213050169790079,0.0215870764846621,0.0220010661527958,0.0222065089038162,0.0223480720371503,0.0224925839101522,0.0223626415175649,0.0225838210192854,0.0228614317953194,0.0229633426371993,0.0228623704810058,0.0232089088471281,0.0233532840172251,0.0233532288356581,0.0234355450146034,0.0236151862719981,0.0238810866417426,0.0238296399656269,0.022515285010879,0.0291277689502576,0.0325304388720185,0.0324213619291625
1102,0.0184103707397839,0.0184373317869187,0.0187100820263815,0.0191877273299047,0.0192577466934759,0.0212613656483921,0.0215889964326406,0.0218404211513025,0.0221139378414316,0.0223985153566642,0.0228129659583728,0.0230165030458825,0.023156341623516,0.023299281912904,0.023176859075392,0.0233966226315079,0.0236798176057335,0.0237764067647314,0.0236764861248722,0.0240299753847001,0.0241727046218141,0.0241700885519077,0.0242571492943596,0.0244392073198555,0.0246956969016114,0.0247764540303988,0.0236151286265114,0.0301779254532633,0.0335311117121683,0.0334097519003364
1100,0.0198581368775062,0.019887944419873,0.0201627840011455,0.0206626445256604,0.0207317664981618,0.0225551573513827,0.0228691454207673,0.0231089768181029,0.0233716599523851,0.0236521960457269,0.0240604366965601,0.0242573611333757,0.0243967727231771,0.0245310528474692,0.0244155069657383,0.0246339575407924,0.0249254400828258,0.0250134510695411,0.0249130897137106,0.0252696429508357,0.0254075934682993,0.0254020321616751,0.0254937050268621,0.025672922037879,0.0259296782146038,0.0261259144600782,0.0250510517867254,0.0316134355567411,0.0349691401416133,0.0348344579544127
1098,0.0216710372359356,0.0217044264460302,0.0219803434792705,0.0224946296411514,0.0225571149603048,0.0242393501958612,0.0245419314174185,0.0247759890661693,0.0250281344625787,0.0252942706451066,0.0256915360410243,0.0258785669870622,0.0260169402440025,0.0261413935086174,0.0260319193139727,0.0262516889179825,0.0265501241996417,0.0266301609376243,0.0265311953995379,0.0268891475104752,0.0270185426304307,0.0270094322018062,0.0270997441625805,0.0272705545464793,0.0275341871002917,0.0277367801256444,0.0266606016117103,0.0333068423431752,0.0367168753043037,0.036573730449573
1096,0.0235924735565018,0.0236273805325784,0.0239025694749736,0.0244227418306545,0.0244796340101748,0.0260974736623226,0.0263876008637972,0.0266189213934655,0.0268652712099803,0.0271135883236278,0.0275014634441704,0.0276796900997884,0.0278137171851497,0.0279341064312525,0.0278300186899051,0.0280507176338778,0.0283528282536338,0.0284255627632974,0.0283288867816458,0.0286853942573673,0.0288027310441952,0.0287931160713067,0.0288746209404481,0.0290369007444771,0.029305755668782,0.0294511461852798,0.0283565844548553,0.0351081031052639,0.0385827322431647,0.0384358706620861
1094,0.0252762371128193,0.0253131173107064,0.0255784309572254,0.0260923017270194,0.0261510119732117,0.0277974941253037,0.0280714699999232,0.0282992880756143,0.0285440440953482,0.02878334619763,0.0291703347196799,0.029342651713137,0.0294695039251103,0.0295939326386452,0.0294957995298142,0.0297145163881325,0.0300203169244076,0.0300824204625363,0.0299847006783159,0.030338743534214,0.0304427446073399,0.0304360427859544,0.0305085412959062,0.0306702791559983,0.0309376726636614,0.0310886325504646,0.0300283890349761,0.0368104878138284,0.0403173928559471,0.0401699646447563
1092,0.0265535694004912,0.0265949764472748,0.026837270519946,0.0273260349481832,0.0273934916653829,0.0291255126217456,0.0293825213890033,0.0296043002533231,0.0298481866852958,0.0300925381817967,0.0304859903312665,0.0306554962087865,0.0307756040098437,0.030908814135748,0.0308191071433837,0.0310344561052902,0.0313468565548705,0.0313973441750483,0.031294897121924,0.0316490382965015,0.0317429449999747,0.0317392243897585,0.031809507763696,0.0319805728602248,0.0322423473480179,0.0324933883374195,0.0315478527806652,0.0382680188328375,0.04176421256339,0.0416211578502803
1090,0.0276632491282978,0.0277068041853906,0.0279224883392005,0.0283724276999877,0.0284499860717133,0.030257037837677,0.0305003652902723,0.0307134445600115,0.0309542111040381,0.0312119948856386,0.0316091360331554,0.0317815805925099,0.0318972598113261,0.0320383628939333,0.0319593827181442,0.0321721684865379,0.0324918383256367,0.0325392089785322,0.0324347822910281,0.0327881798528905,0.0328799346262541,0.0328784071287953,0.0329517115948545,0.0331347152021984,0.0333914759977367,0.0337374335640881,0.0329684924487216,0.039601107306429,0.0430618164066172,0.042928192227262
1088,0.0290416234198713,0.0290796635819842,0.0292815468498399,0.029700210970876,0.0297855376440244,0.0316204501296589,0.0318522620022341,0.0320563795107819,0.0322908642785412,0.0325611460186863,0.0329518315640766,0.0331357299343465,0.0332483244135218,0.0333933940347506,0.0333248312976507,0.0335364270461549,0.0338607485707613,0.0339167739467613,0.033819522937224,0.0341624759941759,0.034261643192681,0.0342643298118419,0.0343408322639987,0.034529880022228,0.034782977015354,0.0351356616669324,0.0345212936857941,0.0411073723691634,0.0445368202663945,0.0444108560352499
1086,0.0308808313367399,0.0309104570565407,0.0311170703700593,0.0315283599462836,0.0316196875275013,0.0334453449581143,0.0336647619283185,0.0338639684352431,0.0340913414927878,0.0343672177531705,0.0347456317853938,0.034945772228852,0.0350558994123514,0.0352022759042017,0.0351421200510024,0.03535515168355,0.0356817185748371,0.0357506063045159,0.0356690231617753,0.0359902512834525,0.0361035028173276,0.0361134878580973,0.0361928529278301,0.0363802481056648,0.036629856238945,0.0369405257723012,0.0363409866016967,0.0429368724681596,0.0463632696000361,0.046236559953614
1084,0.0330221100172196,0.0330501127254893,0.0332698149133411,0.0336891067398432,0.0337845171120766,0.0355722785630412,0.0357813113387056,0.0359807019321667,0.0362043692926763,0.0364766628447774,0.0368462279120775,0.0370579222728406,0.0371680674796253,0.0373147378371851,0.0372622096606725,0.0374813311196946,0.0378084460385403,0.0378888949026198,0.0378263293294051,0.0381234143048279,0.0382516370708903,0.0382696174160648,0.0383533645962998,0.0385349287888797,0.0387829134786688,0.0390903957818541,0.038336001353411,0.0449809295359013,0.0484358458449982,0.0483031726430908
1082,0.0352046226605304,0.0352388158229711,0.0354673664426397,0.0358892664287837,0.035982421956368,0.0376917561199015,0.0378990202942947,0.0380992423042727,0.0383234305849104,0.0385834777835251,0.0389502623691111,0.0391631140674813,0.0392782159687044,0.0394214929160285,0.0393776781885036,0.0396061839305181,0.0399304291876647,0.0400248819341389,0.0399817377354273,0.0402594621955937,0.0403981991772662,0.040423626973621,0.0405117847754837,0.040686665001882,0.0409370590574823,0.0413004947571783,0.0403438983718791,0.0470528850571209,0.0505469480935528,0.0504113756164973
1080,0.0372468454140091,0.0372881269165423,0.0375188909391045,0.037932917442142,0.0380140158990128,0.039627412378131,0.0398411885259048,0.0400391823421372,0.0402635320241414,0.040507424041072,0.0408739696513677,0.0410815387578463,0.0412061881071542,0.0413380841459278,0.0413038693509304,0.0415396702460403,0.041858196637102,0.0419702824367914,0.0419452689716352,0.042207888524428,0.0423504632369178,0.0423841432310255,0.0424742347208327,0.0426437584075006,0.0428981555909482,0.0433324525763632,0.0422820139112717,0.0490432432056749,0.0525635253340998,0.0524299691953196
1078,0.039109892351343,0.0391569727939725,0.0393882875605014,0.0397962049104386,0.0398604542590688,0.0414457855953015,0.0416648357645581,0.0418594064414584,0.0420799788965385,0.0423116176983103,0.0426786893437815,0.0428825650524114,0.0430171414010556,0.0431321538016217,0.0431069742701353,0.0433438326083917,0.043660354996678,0.0437831193194639,0.0437682313971037,0.0440221193081254,0.0441628421792699,0.0442041871967654,0.0442950872554249,0.0444631318344123,0.0447189866962601,0.0452014606271593,0.0441911661516186,0.050975467952082,0.0545066502991642,0.0543763693752652
1076,0.0410182317746613,0.0410736342590168,0.0413071645449411,0.0417156072319125,0.0417691270657634,0.0434612903731422,0.0436766341774141,0.0438683498144833,0.0440839052775135,0.0443115724843478,0.0446808310436571,0.0448851739870624,0.0450235339155153,0.0451267833930266,0.0451095170477968,0.0453407312647407,0.045664956617404,0.0457806876906004,0.0457581505575111,0.0460203502095457,0.0461552220913692,0.0461969189737276,0.0462896353493065,0.046461175575965,0.046717035655123,0.0472174096765413,0.0462976675927011,0.053079782367479,0.0566164553286296,0.0564910798806339
1074,0.0434325252422346,0.0434972100484917,0.0437349875905109,0.0441385319560326,0.0441927045314133,0.0460896851891706,0.0462951171393355,0.0464806834651856,0.0466937838415326,0.0469219118148635,0.0472934954040499,0.0474980076649813,0.0476289927730086,0.0477337762589289,0.0477233293342852,0.0479419003048092,0.0482808657130904,0.0483758642900981,0.0483276334593451,0.0486195969468589,0.0487455826893061,0.0487752019991756,0.0488683333272632,0.049045417731756,0.0493043485604136,0.0497952462475075,0.0489786373936859,0.0557393728754033,0.0592722483331095,0.0591564234444611
1072,0.0466667651365513,0.0467340600147171,0.0469786426195883,0.0473634922000327,0.0474239203503887,0.0495219538615452,0.0497201608956692,0.0498939151674726,0.0501059174557418,0.0503304276992308,0.0507010121958588,0.05090075773894,0.0510150649369567,0.0511312382825532,0.0511253796513097,0.0513241823443701,0.0516763056508665,0.0517517202453465,0.0516760317107935,0.0520029264794249,0.052119339318989,0.0521292207449849,0.0522176988684605,0.0523977025287632,0.0526624213475238,0.0531264949091832,0.0524616974322502,0.0591715000096274,0.0626770478804097,0.0625712241870522
1070,0.0505625772852497,0.0506256533090507,0.0508787206014584,0.051242653565729,0.0513064702933492,0.0535359453697707,0.0537353255729567,0.0538993974219812,0.0541100630190164,0.0543225453179555,0.054688831948643,0.0548800456922398,0.054978691048046,0.0551061097537095,0.0551005047958148,0.0552787484092471,0.0556365410977976,0.0557044867163378,0.05562033138914,0.055963606875683,0.056074593945564,0.0560696309978874,0.0561500731709812,0.0563288146425636,0.0565964018934408,0.0570350186256406,0.0565519862993925,0.0631820679728452,0.0666423076669393,0.0665381940789323
1068,0.0547134973135444,0.0547762188214203,0.0550348968498587,0.0553928331245046,0.0554566678848618,0.0577305968279899,0.0579392701843362,0.0581064969988764,0.0583193607488909,0.0585160349795281,0.0588780062470897,0.0590623348830838,0.0591574836528432,0.0592912388849814,0.059280553020433,0.0594498944345271,0.0598051637406162,0.059878925547845,0.0598103769776393,0.0601469056539468,0.060259311810845,0.060253581165999,0.0603278811529285,0.0605033883092399,0.0607683736806802,0.0611934211041346,0.0608114381160863,0.0673746440765051,0.0708026941161641,0.0706927524949929
1066,0.0589428902094995,0.0590157283424311,0.0592736336543764,0.0596407973036282,0.0597068654339139,0.0619124259391029,0.0621352362059633,0.0623178265820265,0.0625385127832306,0.0627242072050817,0.0630825120986361,0.0632643094418115,0.0633694169232386,0.06350670419381,0.0634867034757367,0.0636646766822649,0.0640104501589847,0.0640986281834113,0.0640562737342045,0.064378549798257,0.0644950033786053,0.0645009930872829,0.0645731618189229,0.0647452646236414,0.0650056290399642,0.0654293952830695,0.0650087052241381,0.071562962309077,0.074996226303324,0.0748841619941517
1064,0.0634442530111841,0.0635307850383874,0.0637849593793648,0.0641619713736672,0.0642330672193222,0.0662448555986753,0.066482927920997,0.0666823209614878,0.0669079774333772,0.0670900293973027,0.067442105396767,0.0676214130667847,0.0677405861426909,0.0678791614683219,0.0678477107500147,0.0680422867085593,0.0683737581605332,0.0684784279528878,0.0684589620013566,0.06876946612636,0.0688853662296224,0.0689068361813582,0.0689791330201982,0.0691461675457588,0.0694029677416809,0.069848261091384,0.0693316833807218,0.0759227507288159,0.0793911476964491,0.0792866493567952
1062,0.0686277304938832,0.0687219905479874,0.0689764281716042,0.069353813164835,0.0694247218247961,0.0712060172287104,0.0714579300850679,0.0716689968735319,0.0718865658103548,0.0720652817264402,0.0724064390599204,0.0725761283617357,0.072703975589537,0.0728377717552934,0.0727945272578359,0.0729982576245125,0.0733142852172956,0.0734326891456378,0.0734328518650906,0.0737255800678225,0.0738350244873112,0.0738687814968794,0.0739416762839264,0.0740993398102825,0.0743529236817306,0.0748512266478143,0.0742836992289001,0.0809067312351072,0.084413731116618,0.084320054472434
1060,0.0750158932687643,0.0751127535519452,0.0753729563228127,0.0757428396917186,0.0758015069751153,0.077472984012893,0.0777381094614037,0.0779578486030925,0.0781589847632684,0.0783270384031313,0.0786539718418084,0.0788059203723766,0.0789359604541975,0.0790580887715658,0.0790043284581237,0.0792047100485461,0.079506381130137,0.0796367586395743,0.0796589100353711,0.0799202797236148,0.0800228902483724,0.0800649224573399,0.0801373056330611,0.0802817475774047,0.080532533543294,0.0810819055911968,0.0804902280962852,0.0871319039038618,0.0906622032490613,0.0905758890831215
1058,0.0831452218462602,0.0832470708994358,0.0835129147896046,0.0838689099985162,0.0839067572848395,0.0856405982484895,0.0859225685502462,0.0861493051904533,0.0863421043379447,0.0864944652237429,0.0868055467767282,0.0869395113198916,0.0870699273583039,0.0871800233292446,0.0871191813664579,0.0873095515151101,0.0875962142790579,0.0877415755928424,0.087783890628383,0.088013273518642,0.0881122537855323,0.0881608838260171,0.0882291668692073,0.0883607605486935,0.0886120636567961,0.0891525337504926,0.0884959537692846,0.0951894537358958,0.098724735633659,0.0986443920540757
1056,0.0933720419745651,0.0934849843903499,0.0937505401353104,0.0940781727614498,0.0940956805235873,0.0959316737756026,0.0962384224588537,0.0964677653784635,0.0966679860414283,0.0968088197680787,0.0971019927354468,0.0972262789114453,0.0973587867728798,0.0974636492017443,0.0974008389454059,0.0975784577315708,0.0978469806779438,0.098010912649697,0.0980622843667486,0.0982796086062026,0.0983751395882305,0.0984300693709819,0.0984907955399908,0.0986134345655472,0.0988691041141597,0.0993371844356136,0.0986134936003448,0.105411111847221,0.10893861625592,0.108865005442816
1054,0.105898902110045,0.106028691745214,0.106287561920372,0.106561441044746,0.106561468363547,0.108380933425986,0.108721566417391,0.108951664554391,0.10916705321061,0.109302942089373,0.109575414736635,0.109698264350173,0.109835252943468,0.109941584601949,0.109880498266552,0.110039886255277,0.110287426989555,0.110468663213384,0.110522963770904,0.110748124423903,0.110836822775682,0.11089863114222,0.110953539605628,0.111069110863013,0.111329012998299,0.111731697650323,0.111057814090223,0.117955732310116,0.121471021965128,0.12139927547877
1052,0.121150316394128,0.121304756743691,0.121554832666605,0.121747536804126,0.12172521430804,0.123419888303019,0.12380264203806,0.124042233127613,0.124273028537024,0.124400674450813,0.124650369140414,0.124772881458125,0.124916350564783,0.125025223729736,0.124964389753523,0.125099077000632,0.125322609013852,0.125518359755235,0.125590854740665,0.125820150070183,0.125900523470732,0.125972692391618,0.126027404796576,0.126131733963716,0.126393054331408,0.126792477643634,0.126311727958806,0.133242713711882,0.136748780841099,0.136670080522509
1050,0.139893935648347,0.140086264305947,0.140331840970214,0.140423110024181,0.140365062284359,0.141972207700502,0.142406596395114,0.142670668098547,0.142922261709184,0.143026460029161,0.143251828183941,0.143369896306966,0.143520969051811,0.143629054348827,0.143561330630175,0.143670294133273,0.143861345737329,0.144075011441295,0.144196299886586,0.144404040410074,0.144478435215385,0.144568297311736,0.144623875315462,0.144709554475163,0.144971010496224,0.14540035943598,0.145137168530916,0.152047977612122,0.155550809367869,0.155464881522722
1048,0.162650005206985,0.162897929018101,0.163149253271233,0.163125062388061,0.163018397704595,0.16465098063366,0.16515275461884,0.165449672372611,0.165734496682142,0.165797331044596,0.165994158369172,0.166103238833781,0.166262664394715,0.166364748773223,0.166280250031302,0.166366607776629,0.16650860387376,0.16675053230182,0.16694492634399,0.167102212645801,0.167172895908995,0.167288508568191,0.167337586845081,0.167399752592549,0.167659784364266,0.168095240163409,0.167948768876553,0.174854679071672,0.178359660779164,0.17827931335459
1046,0.188854149252126,0.189175706471615,0.18944465814219,0.189290155114524,0.189130993161874,0.190814425044612,0.191407979352562,0.19173635337357,0.192060757671844,0.192069534976578,0.192227014819029,0.19232160248487,0.192492789185084,0.192581243649704,0.192469836022405,0.192532937094757,0.192605689631562,0.192888151878128,0.193165057462254,0.193249662451751,0.193316621112661,0.193462682078193,0.19349610508661,0.19353276270062,0.193784504886747,0.194203468651482,0.194067419474053,0.201010089598833,0.204519714789706,0.204459394462597
1044,0.216308122232371,0.216714927821846,0.21700881559899,0.216709218793101,0.216503588250903,0.218141421784951,0.218852184727005,0.219210625020745,0.219566248329176,0.219514923338389,0.219616360087805,0.21968840197626,0.219878465177313,0.219944147506839,0.219796022349524,0.219830661575939,0.219818000214602,0.220152779274239,0.220516757838768,0.22051067283741,0.220574480061827,0.220752075150986,0.22076625930933,0.220773566613651,0.22100810259292,0.221428105367322,0.221277036459496,0.228242314378873,0.231748547235259,0.231712050087864
1042,0.240837947468413,0.241324711877108,0.2416442079867,0.241202043742567,0.240962048276241,0.242473658235527,0.243307358267664,0.243699282793549,0.244070298085599,0.24396220726498,0.243996087715726,0.244041235642377,0.244253843500439,0.244293309938584,0.244102237591202,0.244108641877459,0.244006742522518,0.244401123363952,0.244852713118917,0.244748488234142,0.24481193583169,0.245020219870604,0.245016666142791,0.244989945662495,0.245206671805697,0.245643275193001,0.245514335921804,0.252413247176316,0.255890472258345,0.255870461146379
1040,0.2567633580256,0.257300450533961,0.257641529666624,0.257098480383733,0.256839599029762,0.258306137923845,0.259227580157457,0.259651496522324,0.26002553421092,0.25987913838642,0.259857286098786,0.259883346997742,0.260109889239298,0.260133603771381,0.259905326665755,0.259895626430564,0.259724544681321,0.260167209800897,0.260680720645789,0.260503002089733,0.260567844777408,0.260801501416185,0.260785531119805,0.260729823689007,0.260938513984978,0.261364343144855,0.261292319759915,0.268029928053515,0.271451226809627,0.271433246179769
1038,0.259496996841341,0.260038664381849,0.260391488917838,0.259827935048608,0.259568166299256,0.261222302756491,0.262160764344018,0.262601798693987,0.262971392717802,0.262814231441596,0.262777551613538,0.262798658565422,0.263023068850252,0.263052959496292,0.262808175130073,0.262799049629953,0.262608501837997,0.263061378973475,0.263575321886507,0.263387384312136,0.263452001264024,0.263696383713846,0.263680487254811,0.263615861797447,0.263827044084688,0.264203923891358,0.264156635720972,0.270723733769423,0.274096287619521,0.274061554918529
1036,0.248715482656096,0.249220121965517,0.249567413235411,0.249071890959627,0.248830591595377,0.250900009274348,0.251786611860462,0.252223270962125,0.25258256772845,0.25242860475493,0.252426229506747,0.252445635807629,0.252658841961702,0.252714047525991,0.252474884172161,0.252478104452173,0.252329879613019,0.252748210944911,0.253198994512831,0.253071089458361,0.253132154487298,0.253365938031874,0.253365929630565,0.253315334410599,0.253535733404704,0.253849049179786,0.253694265416354,0.260196270202764,0.263566149173808,0.263501474973511
1034,0.22829101864143,0.228733972035306,0.229059861523044,0.228696253126272,0.228491233079311,0.231066863491751,0.231866489199752,0.232280540013385,0.232625639184319,0.232458810754013,0.232521007258794,0.232526045262896,0.232727665921362,0.23281291986352,0.232585347255138,0.232608882114612,0.232544782646641,0.232903780686104,0.233264059959635,0.233233909025934,0.233286939771731,0.233492490665757,0.233513828860361,0.233487963292096,0.23372506645183,0.233960863745541,0.233534359886315,0.240128273822386,0.243540606663309,0.243450518311002
1032,0.203323818348052,0.203698020714795,0.204000787442143,0.203794298910906,0.203636296073715,0.206691357235555,0.207402488840618,0.207781094522732,0.208111560845544,0.207891438573071,0.208023171126278,0.207995780867882,0.208183874648949,0.208290520010409,0.208062656314768,0.208113668465177,0.208139711474371,0.20843393073857,0.208711495865455,0.208774679565573,0.208814206519185,0.208984611804367,0.20901929267288,0.209015372090114,0.20927475031691,0.209414006157491,0.208663646030022,0.215450311568234,0.218918554272393,0.218819915508176
1030,0.177766373266131,0.178077585319849,0.178367329286255,0.178306534125654,0.178194459353531,0.181702193088921,0.182339448475733,0.182677245429244,0.182995541821423,0.182676578303312,0.182868249400702,0.182793422340633,0.182963042418168,0.183078248961605,0.182832467027771,0.182914155043368,0.183011492354897,0.183239101928464,0.183453738926932,0.183580905275706,0.183605233864218,0.183743091889049,0.183783646317614,0.183792541999985,0.184068910916165,0.18413226158635,0.183174526803488,0.190124974798647,0.19363427247034,0.193537530419221
1028,0.153835438680074,0.154092201972609,0.154375129922255,0.154427232390128,0.154350736794765,0.158339982199262,0.158919490856721,0.159222579859499,0.159532398728567,0.159086218477178,0.159325384096588,0.159193529721055,0.159344846078078,0.159460086332592,0.159184390831096,0.159294138952562,0.159441041043755,0.159601019075485,0.159770223873961,0.159931450412633,0.159946297432634,0.160058656535343,0.160108588668505,0.160120680961139,0.160401055614777,0.160465739318834,0.159480381612738,0.16645307180747,0.169968998538636,0.169871615415404
1026,0.132407675583635,0.132611347250713,0.132882623687587,0.1330154042341,0.132963779543649,0.137429771183027,0.137962886171601,0.138245958412546,0.138549507358888,0.137984299062291,0.138261923623262,0.13807464492068,0.138214308873502,0.13832744489096,0.138020429717403,0.138153651838867,0.138339666125071,0.138439862819923,0.138574713363574,0.138756796437095,0.138769986386891,0.13886441550964,0.138931450598379,0.138941435051089,0.139219330010254,0.13937201615945,0.138464208000127,0.145298861666181,0.148771778258014,0.148669527299405
1024,0.113664596416635,0.113812229158456,0.114066201426919,0.114260992680479,0.114229076472795,0.119020875128558,0.119515047764759,0.119791303571226,0.120086397122999,0.119452479831901,0.119763901571977,0.119541492153275,0.119675059908568,0.119786795113045,0.11945863204366,0.119611650129232,0.119837214969814,0.119895869723927,0.119999254750648,0.12020682109399,0.120220702931534,0.120303912259895,0.120388089742822,0.120399096324212,0.120679457964973,0.120958687515382,0.120125430834508,0.126741069182474,0.130128621326094,0.130024168133056
1022,0.0976314178192118,0.0977296653650258,0.0979712630713636,0.0982201964121906,0.0982069593613522,0.103073984359359,0.103537315918199,0.103811674366245,0.104092552051978,0.103463062733765,0.103803991749631,0.103580589773256,0.103709496116095,0.103819969183347,0.103488663472321,0.103657258915374,0.103923657561205,0.103962627608725,0.104033063961901,0.104274070255187,0.104287705356973,0.104365670155293,0.104458182184696,0.10448018944847,0.104768937517159,0.105145738828423,0.10432866316931,0.110760045566239,0.114061436717546,0.113957636079199
1020,0.0843915169284813,0.0844617838625789,0.084702899209039,0.0850006271841697,0.085006408815067,0.0897787668418256,0.0902219189349062,0.0904932904598711,0.0907557690226228,0.0901902247455569,0.0905517823651416,0.090355571324756,0.0904829316703129,0.0905924535858286,0.0902731479464514,0.0904523009271717,0.0907522635311149,0.0907915866623885,0.0908331115069438,0.0911038771002691,0.0911216820576377,0.0911993567828874,0.0912906121520777,0.0913321331993434,0.0916272902919292,0.0920265619203135,0.0911654448890896,0.0975217027785167,0.100778485994101,0.100669408518866
1018,0.0739067922565568,0.0739725833985183,0.074219715500898,0.0745594456063576,0.0745867824567667,0.0792748518926282,0.0797072563380615,0.0799741166752561,0.0802193581637578,0.0797363017563332,0.0801064710318038,0.0799430016943745,0.0800762281767152,0.0801874613799618,0.0798811657143485,0.0800681797685627,0.0803857443051883,0.0804402815165802,0.0804660343364705,0.080751542858231,0.0807832900751905,0.0808627681507759,0.080948257213783,0.0810091386843908,0.0813062092013641,0.0816546864393479,0.0807174354732661,0.087099780699337,0.0903521630848738,0.0902277234381805
1016,0.0657219049747619,0.0657946602747996,0.0660447561148444,0.0664160202863039,0.066469242762592,0.0711932008397359,0.0716188885601791,0.0718812769081581,0.0721146991011058,0.0716932136698858,0.0720645501026605,0.0719202966944659,0.0720638289403867,0.0721806933818188,0.0718745013938054,0.0720692471802115,0.0723886009611442,0.0724621199745009,0.0724847751347702,0.0727713389580843,0.0728213430009076,0.072900207684769,0.0729803073613121,0.0730526543164703,0.0733538585842358,0.0736269703000884,0.0726295743819792,0.0790672641767695,0.0823182207097476,0.0821767085899103
1014,0.0590415288697844,0.0591213164445606,0.0593693158182188,0.0597560892744406,0.059834852595458,0.0647148503898593,0.0651341555765752,0.0653928549590732,0.0656214332017609,0.0652303922928497,0.0656039587523529,0.0654662339954536,0.0656152578088799,0.065739492207635,0.0654209637915471,0.0656209694131548,0.0659353091833903,0.0660181538190651,0.0660397105954687,0.0663242442226299,0.0663854800921105,0.0664586465292557,0.0665363043325024,0.0666118664496526,0.0669242666749468,0.067144954735606,0.0661417116272885,0.0725915661932957,0.0758208351517801,0.0756719612911939
1012,0.0532232012062974,0.0533075912950643,0.0535544203626072,0.0539412178553329,0.0540348398803738,0.0591378604146092,0.0595526812683644,0.0598093417064502,0.0600398820333011,0.059674021713074,0.0600541981882779,0.0599277737451171,0.0600734882386783,0.0602037659728635,0.0598755661502691,0.0600741583702736,0.0603862802338404,0.0604652494785712,0.0604801489885768,0.0607686461907422,0.0608310829913167,0.0608956118005648,0.0609744016043149,0.0610518152066522,0.0613777810286897,0.0615614769266075,0.0605977469399196,0.067006521270185,0.0702079406243145,0.0700623888990574
1010,0.04808979947739,0.0481764147314618,0.0484283777328448,0.0488126430021987,0.048904673213867,0.0541850946047209,0.0546011520771262,0.0548594749780596,0.0550961696232996,0.054788693561454,0.0551769843747823,0.0550825521671199,0.0552219550976873,0.0553562481375532,0.0550345603240531,0.0552270297961254,0.0555426595247299,0.0556145476485182,0.0556202722816375,0.0559213243944997,0.0559827961330332,0.0560405154797275,0.0561233605611379,0.0562098631718617,0.0565438410263636,0.0566669659081266,0.0557499883857349,0.0621203983394617,0.0653138498997487,0.0651727667355007
1008,0.0437288098424394,0.0438131900220597,0.0440749220425382,0.0444682634592814,0.0445473522488733,0.0497821622191439,0.0502076879559658,0.0504731920326323,0.0507153795323982,0.0505128917771005,0.0509085546759357,0.0508662533740059,0.0510038100134123,0.0511409166384078,0.0508387060741491,0.0510279423064536,0.0513489079309158,0.0514217634459719,0.0514223424774703,0.0517409535261056,0.0518071494406961,0.0518623702469846,0.0519513558447579,0.0520572932837093,0.052391562466972,0.0524409174533767,0.0515633698744547,0.0579570141158516,0.0611723254513187,0.0610287408849134
1006,0.0401900689751843,0.0402681069289667,0.0405370472897773,0.0409496750668161,0.0410143675134247,0.0458950403036242,0.0463393319535508,0.046616785305595,0.0468615766543565,0.0467838838955387,0.0471864302742832,0.0472007533800752,0.0473423724015704,0.0474810346477487,0.0471943586317571,0.0473868754085889,0.0477088779399581,0.047791907277737,0.0477933408179403,0.0481251990979875,0.0482027025116414,0.0482585701845863,0.0483544227634472,0.048484434722669,0.0488148552742739,0.0488481843958914,0.0480124334406129,0.0544885853105859,0.0577474772041557,0.057596685404106
1004,0.0374423975431315,0.037514618427069,0.0377831602721589,0.0382123292736164,0.0382668001175826,0.0426587991603408,0.0431305420842372,0.0434209282171369,0.0436691380331559,0.0436954467605815,0.0441026587917264,0.044162304159033,0.0443108606495936,0.0444491193082043,0.0441613234536942,0.0443591880660765,0.044674765376926,0.0447713806086968,0.0447782650130147,0.0451086009478247,0.0452016989443741,0.0452593656694627,0.0453589976623212,0.0455087530827782,0.0458350656523476,0.0459481384201452,0.045149414935946,0.0517087989081215,0.0550124063787982,0.0548584105516151
1002,0.0353600783647011,0.0354298905413889,0.0356938695758435,0.0361313422244153,0.0361809210801968,0.0402492936360588,0.0407534043711614,0.041053377030625,0.0413102751465742,0.0414024109406522,0.0418091092747379,0.0418988190496086,0.0420542880045567,0.0421903623900734,0.0418885945589772,0.0420887228469683,0.0423932417719592,0.0425025002543173,0.0425181985243264,0.0428309162799403,0.0429421773517814,0.0430019246762071,0.0430979376116439,0.043260179537386,0.0435837120610729,0.0438132088901108,0.0430358068757188,0.0496278929794022,0.0529486145148557,0.0527985535031339
1000,0.0335823833311519,0.0336517206951557,0.0339155414160134,0.0343572205785297,0.0344086168042671,0.0384013981602257,0.0389373438999031,0.0392422818628719,0.0395117883985953,0.0396415799369119,0.0400454027562636,0.0401550908098529,0.0403155220153266,0.0404483055567434,0.040134020943386,0.0403341460962952,0.040629948844673,0.0407491278022248,0.0407746383433048,0.0410659485307734,0.0411944266751994,0.0412559380649646,0.0413430166141301,0.041514258402359,0.041836627376309,0.0421268105980803,0.0413987943857437,0.0479726096375367,0.051265102222817,0.0511183680363931
998,0.0316132879564682,0.0316832439790381,0.0319538589662973,0.0323937011044774,0.0324543828015137,0.0363974140791847,0.0369613304748535,0.0372694467477554,0.0375509463711663,0.0377041569214949,0.038111213638546,0.0382351731808569,0.0383973876102467,0.0385260140611573,0.0382100977032047,0.0384113069879897,0.0387052826464612,0.0388301609927276,0.038861649739177,0.0391436757285508,0.0392825708121279,0.0393447680555859,0.0394272607119097,0.0396059171503954,0.0399289314181137,0.0402014176216439,0.0396290059425673,0.0461624667925929,0.0493975248729439,0.0492443948728148
996,0.0292781319891202,0.0293513139412975,0.0296279515425964,0.0300519291709853,0.0301250930931292,0.0338359524308875,0.0344227432805665,0.0347362825185227,0.0350285665876311,0.0351971071710303,0.0356170665065668,0.0357506237939511,0.0359123529598487,0.036036939157612,0.0357273233256882,0.0359304956596505,0.0362267386246283,0.0363528907500332,0.0363824647657066,0.0366726939260803,0.036812856377206,0.0368746971415612,0.036963222739328,0.0371443684130324,0.0374704857595671,0.0377019324339184,0.0373881972701478,0.0438690667674136,0.0470546101299578,0.04688796230862
994,0.0269398362166691,0.0270177569795103,0.0272921553611548,0.0276930811996174,0.0277744416053342,0.0311642832968615,0.0317673552003631,0.0320905897450506,0.0323953358051046,0.0325795693399413,0.0330153698482359,0.0331568023176214,0.0333186766107218,0.033442287413844,0.033137023287429,0.0333404559859005,0.0336355414246924,0.0337601447550724,0.0337797182067986,0.0340888616967819,0.0342258506859517,0.0342866418573018,0.0343853225689618,0.0345633460617014,0.03489590848351,0.0351198815801806,0.0350346914446118,0.0414337750226338,0.0445943449656074,0.0444189998826664
992,0.025108472109647,0.0251885754279004,0.0254558739287422,0.025850489783552,0.0259325708554993,0.0291669006561993,0.0297811467382233,0.0301184685681344,0.0304376384534768,0.0306511953216525,0.0310974561246262,0.0312505825662009,0.0314149549965768,0.0315433687696083,0.0312321739388677,0.0314340159191627,0.0317185757183847,0.0318396704941232,0.0318440810394529,0.0321731109761292,0.0323093137093773,0.0323673453132316,0.0324686656540158,0.0326446646756238,0.0329863713019751,0.0332463555817559,0.0332113238927057,0.0394978752895713,0.042644631739723,0.0424704342877371
990,0.023940212599174,0.0240197174379968,0.02428354322422,0.0246996240773923,0.0247788805359694,0.0280974391956137,0.0287263169813983,0.0290810418125982,0.0294138177687173,0.0296718528754354,0.0301228981937563,0.0302925340435114,0.0304605523694863,0.0305985101658442,0.0302679840318731,0.0304685015376469,0.0307319255521361,0.0308480378264464,0.0308368836225455,0.0311796508401296,0.0313201708753378,0.0313723181893385,0.0314666136317828,0.0316469644998952,0.0319971323771296,0.0323111244037177,0.0321329973582545,0.03832092390694,0.0414583029054612,0.0412865756300015
988,0.0231716851906497,0.0232522608586039,0.0235166724742151,0.0239627299103721,0.0240411182463969,0.0275083349296094,0.0281616433048899,0.0285328184762053,0.0288766029285229,0.0291772858107106,0.0296324842683479,0.0298169246531095,0.0299873952153855,0.0301352702928279,0.0297755205111014,0.0299757697844234,0.0302116322294876,0.0303249119353217,0.0303032826533358,0.0306486847836157,0.0307973071270098,0.0308415091929915,0.0309265973822508,0.0311131561661789,0.0314674464046445,0.0318168875315921,0.0314281978481677,0.0375894687426911,0.0407409150169286,0.0405648181602778
986,0.022335680415403,0.0224197817350908,0.0226825294079043,0.0231428444607281,0.0232233029740704,0.0267097069953274,0.0273853914279895,0.0277638024161456,0.0281141152790174,0.0284388843562549,0.0288995125247984,0.0290904108679398,0.0292604006338964,0.029414963805462,0.0290272845535411,0.0292273428560577,0.0294396124626832,0.0295564708035654,0.0295316473858585,0.0298676197024038,0.0300254762963087,0.0300625712477648,0.0301407563092334,0.0303285132639875,0.0306821187060227,0.0310203553459899,0.0305000808556746,0.0367123750701851,0.0399109349916162,0.0397294462954831
984,0.0209680653367238,0.0210531801894234,0.0213121808371804,0.0217701748515422,0.0218524875021807,0.025189836653352,0.0258604675856951,0.0262300672083457,0.0265769516750267,0.0269062490705465,0.027370562710417,0.0275595059818591,0.0277248918689386,0.027882159152274,0.0274824765481756,0.0276816963150107,0.0278868146976131,0.0280108179995804,0.0279859405315697,0.0283068639413848,0.0284707247883861,0.028502378573406,0.0285736751061277,0.0287595762132474,0.0291091445646088,0.0293952525413365,0.0288921254195482,0.0351698610791096,0.0384177182667227,0.0382416047235
982,0.018925034579183,0.0190072546821951,0.0192686442741983,0.0197197913905232,0.0198012568167057,0.0228947821794531,0.0235220319855468,0.0238680041216962,0.0241970227456921,0.0245158246758892,0.0249781124383533,0.02515997018429,0.0253168273194416,0.0254729431353727,0.0250849777953518,0.0252824471802755,0.0255003233160302,0.0256261091408701,0.0255994821569567,0.0259095329029803,0.0260702553954299,0.0260965642605698,0.026161130950116,0.0263480198321969,0.0266892993132824,0.0269256244443687,0.0265766735015648,0.0328660709524527,0.0361269466854157,0.0359675872458447
980,0.0166783910606592,0.0167596707615775,0.0170320772777784,0.0174739089599636,0.0175534784716017,0.0203939776875712,0.0209570777352628,0.0212721401723591,0.0215730018852632,0.0218644925004434,0.0223168755198421,0.0224881063093293,0.0226355630220779,0.0227858742335843,0.0224290466258647,0.0226239135171898,0.0228642797757877,0.022983031251914,0.0229561294459283,0.0232631406376094,0.0234094215277444,0.0234307492197635,0.0234943391254045,0.0236828757757557,0.024009032736873,0.0242352544826631,0.0241255083217833,0.0303769526587477,0.0336223530003237,0.0334808381642444
978,0.0150182742065366,0.0151034224943076,0.0153866835593104,0.015815620404549,0.0158970928501611,0.0185352378516546,0.0190372382395482,0.0193201259311651,0.0195920532377452,0.0198423917246577,0.0202782326127939,0.0204378977894241,0.0205791187442695,0.0207188686775961,0.0204033771069162,0.0205970441124612,0.020858139429977,0.0209674393196448,0.0209495473619839,0.0212572583431847,0.0213839148895392,0.0214035671494566,0.0214732123317311,0.0216577581135187,0.0219638457322322,0.0222114701643793,0.0223651812102895,0.0286024392219881,0.03184957635367,0.031720966688552
976,0.014265902735307,0.0143531364385924,0.014639393581685,0.0150641941492132,0.0151547026303337,0.0176599433255796,0.018108304176954,0.0183599909048671,0.0186072004878415,0.0188211055186588,0.0192399345260308,0.0193936870743813,0.0195327473713892,0.0196602152762062,0.0193909004118174,0.0195889380293618,0.0198699875295727,0.0199738468168854,0.0199732398524922,0.0202815078589142,0.0203934807894115,0.0204152957641419,0.0204904876319455,0.0206690003413305,0.0209584216350387,0.0212266548502093,0.0216056892775291,0.0279122764100701,0.0312013529582513,0.0310831012045127
974,0.0139735086479717,0.0140546963630667,0.0143391469455981,0.0147807396536779,0.0148847925563229,0.017309494474639,0.0177034201699158,0.0179275818292017,0.0181541051841329,0.0183514700143201,0.0187603883945593,0.0189172141686491,0.0190556511907679,0.0191742433646462,0.0189525007901148,0.0191613230928955,0.0194695921939759,0.019570797122386,0.0195830231981251,0.019892189196408,0.0199991292536299,0.0200228550517023,0.0200967208526541,0.020277850612944,0.0205616544293094,0.0208382278563746,0.0213394408876879,0.0277780127115505,0.0311206403980354,0.0310099985752868
972,0.0134923976638478,0.0135632701765115,0.0138474074999294,0.0143157691892094,0.0144303775091354,0.0168430463683612,0.0171832588320757,0.0173873064089468,0.0175989902776884,0.0177858977391268,0.0181929030261219,0.0183530908741458,0.0184903866239925,0.0186063149401552,0.0184253510236044,0.0186457839783877,0.0189874676711276,0.0190849468012787,0.0190957377797537,0.0194057462672195,0.0195131546271493,0.0195354153593864,0.0196039289645202,0.0197952505974508,0.0200833981237186,0.0203662484405131,0.0208392013684866,0.0273936466105128,0.0307562492846061,0.0306438781750748
970,0.0125430332283773,0.0126075243214129,0.0128930985896448,0.0133771195934809,0.0134932795664294,0.0160488605029512,0.0163476941737629,0.0165388406562888,0.0167450235112223,0.016896194229546,0.0173022365588523,0.0174514382643353,0.0175871747624743,0.0177042004069447,0.0175465078304914,0.0177726455543245,0.0181426056111913,0.0182343375987598,0.0182340010561047,0.0185397653232021,0.0186459445180843,0.0186656778084001,0.0187300085450492,0.0189225098957195,0.0192165257696999,0.0195062941189954,0.0198157654195774,0.0264122695267629,0.0297453906195724,0.029620768077485
968,0.0111701037237433,0.0112346394379401,0.0115220719255908,0.0120095685460323,0.0121182046645133,0.0150100469534195,0.015283170742446,0.0154637257561191,0.0156712594794522,0.0157512240693416,0.0161513565841798,0.0162713342889239,0.016404768569331,0.0165213252048246,0.0163661743022314,0.016590940221643,0.0169770881586614,0.0170592798852959,0.0170488325900721,0.0173415596615176,0.0174413606445773,0.0174606195634699,0.0175209356996329,0.0176944927978096,0.0179886927745619,0.0182803634829667,0.0183848680642536,0.0249552074747892,0.0282288301483817,0.0280922535448209
966,0.00960265348505795,0.00967254822485515,0.00996531548412336,0.0104579568719375,0.0105544160504247,0.0138255596159736,0.0140800242444977,0.0142491171863583,0.0144571129160188,0.0144566766380469,0.0148475281386094,0.0149331587300647,0.0150619543173221,0.0151740690950203,0.0150095612385323,0.0152290478255755,0.0156226881871216,0.0156872664861674,0.0156703901488435,0.0159461774352549,0.0160355966775976,0.0160543115850964,0.0161080694871427,0.0162525615437233,0.0165409461977734,0.0168357079687198,0.0168064117065113,0.0233224987197041,0.0265384131270765,0.0264003795029508
964,0.00834793858245218,0.00842966255251749,0.00873189446809756,0.00923065071153897,0.00931587512153561,0.0127549107726569,0.0129921706422999,0.013151294720695,0.013355742136452,0.0133038302097303,0.0136861245095423,0.0137504641892277,0.0138726582931206,0.0139797008374581,0.013808509652202,0.0140209551617478,0.0144171364222564,0.0144578047958448,0.0144336690090517,0.014698974909127,0.0147771816219904,0.0147911280766471,0.0148390224831867,0.0149633217734105,0.0152447585844091,0.0155556596258709,0.0155190203790064,0.0219775190847042,0.0251605931220586,0.0250273191212046
962,0.00795744277972272,0.00805625516486672,0.00836389859874579,0.00885640554026774,0.00893654262588829,0.012212436228527,0.0124365893048701,0.0125906279034806,0.0127909263973929,0.012736648635208,0.0131118877873879,0.013176472482733,0.0132935799139743,0.0133999315592029,0.0132359484413196,0.013440512526197,0.0138330024269607,0.0138556397226385,0.013822983052115,0.0140896291679877,0.0141598554589386,0.0141657207972687,0.0142133783372764,0.0143339342210669,0.0146120954446515,0.0149481863834023,0.0150352293004513,0.0214295124823791,0.0246084969617662,0.0244738640977563
960,0.0083896675592443,0.00850125739470294,0.00880332128611292,0.009280982275898,0.00936464206706481,0.0122402968919448,0.0124545761864892,0.0126078996687515,0.0128047193086996,0.0127923213742579,0.013162309227366,0.0132446641074159,0.0133607637554681,0.0134710303052426,0.0133313187486555,0.0135298709245812,0.0139146411176509,0.0139362747794513,0.0138995027218228,0.0141746372740307,0.0142443433985912,0.0142435386414316,0.0142947708855336,0.0144225194661081,0.0147021609374958,0.0150598892391142,0.0154034361343933,0.0217202417179689,0.0249078074212606,0.024762666468151
958,0.00892790842864525,0.00903822257540466,0.00933072732408107,0.00980644934907351,0.00989867194126131,0.0123053798206215,0.0125047360758959,0.0126591220065112,0.0128499370394151,0.0129013926862596,0.0132709402376652,0.0133784329529635,0.0134962593463487,0.0136098511667656,0.0135053378890108,0.0137026811873823,0.01408509880431,0.0141201102929726,0.0140863429881617,0.0143680459494858,0.0144455867711172,0.014440896211766,0.0144939257334474,0.0146324067640642,0.0149153550632664,0.0152911614626035,0.0159900111105679,0.0222278081009955,0.0254142032684277,0.0252598031550568
956,0.00896824337928194,0.00906620946825322,0.00935840267575067,0.00985089804217383,0.00994992770128381,0.0119405689055066,0.0121173716570465,0.0122739256330912,0.0124564684609033,0.0125666722494118,0.0129415851505096,0.0130723400381871,0.0131920541725915,0.0133041381271295,0.01323309761832,0.0134336041611231,0.0138241517825308,0.0138745074042335,0.0138461883807314,0.0141287361292282,0.0142169026703797,0.0142086323229954,0.0142617348435146,0.0144102567132388,0.0146941993004033,0.0150872156701431,0.0161064248889926,0.0222881655445686,0.0254568025477035,0.0253052380263274
954,0.00855156570240428,0.00863848824477819,0.00893979801816619,0.00944821179048953,0.00955097529428217,0.0112665858571804,0.0114236948735625,0.0115845146832847,0.0117620689159029,0.0119092719195601,0.0122905210288301,0.012438114372916,0.0125596168922726,0.0126670987961539,0.0126172221567467,0.0128233675597876,0.0132256737811841,0.0132850808195057,0.0132591344127937,0.0135408968853011,0.0136340667070012,0.0136229621203307,0.0136795640886403,0.013834560969485,0.0141154110212581,0.0145047870406151,0.0156569282360908,0.021819901338371,0.0249688054600133,0.0248312979405543
952,0.00799869324624841,0.00808252241937739,0.00838829595271411,0.00889660887201917,0.00900534803556202,0.0106536641933616,0.0108060455606807,0.0109733667832235,0.0111514465259517,0.0113123429725733,0.0116956638030155,0.0118525579014327,0.0119766777738011,0.0120813271328671,0.0120389194409126,0.0122533256813632,0.0126622283858299,0.012724942331726,0.0126986214946007,0.0129821300680393,0.0130716992249864,0.0130631882612245,0.0131277061689627,0.0132843482982682,0.0135592935061035,0.0138923335538145,0.0149981655715631,0.0211694656944285,0.024313506462626,0.0241902955775079
950,0.00754635823249471,0.0076311914795722,0.00792730281135072,0.0084251632676281,0.00854367236188675,0.0103226516043733,0.0104863343310874,0.0106611575921896,0.0108415915669698,0.0109931489825663,0.0113742302225921,0.0115306897508557,0.011657718875615,0.01176331902274,0.0117193567445004,0.0119438377944891,0.0123543864688137,0.0124178960835235,0.0123924229100246,0.0126766924392923,0.0127591987389977,0.0127598948730659,0.0128315160414223,0.0129858313104491,0.0132540203479341,0.013474715477909,0.0145184154646496,0.02070179061619,0.023855780597201,0.02373622479704
948,0.00751217994372919,0.00759635458755016,0.00787486853629475,0.0083594831437383,0.00848481953672977,0.0105213601632457,0.0107038148146552,0.0108850355975766,0.0110682707113636,0.0111798384079891,0.0115564024630738,0.0116985452460898,0.0118274346905599,0.0119361757294425,0.0118839192241264,0.0121147897622608,0.0125263947609709,0.0125886072561637,0.0125659237355163,0.0128440328561723,0.0129218058388313,0.0129317837027769,0.0130057704876189,0.0131532736383194,0.0134151187854436,0.0135089285854865,0.0145429620297845,0.0207373892439992,0.0239053700263802,0.0237759443169893
946,0.00819455683811666,0.00827439327636743,0.00853931757796043,0.00900656613039921,0.00913242201990271,0.0115193537171335,0.0117169128094228,0.0119006295723893,0.012090125785285,0.012129663348488,0.0125002699592502,0.0126138898103357,0.0127430730911412,0.0128557854073391,0.0127878988456028,0.0130168077443174,0.0134288745067371,0.0134841647312043,0.0134607078381741,0.0137305196371775,0.0138040628916698,0.0138159999309402,0.0138884921494349,0.0140220526216318,0.0142798508805062,0.0142952778149316,0.0152109117963567,0.0214468753297918,0.0246319588152131,0.0244848327922018
944,0.00934167442430614,0.00941305421040123,0.00967346349309266,0.010125501202665,0.0102541877739306,0.0130715312652865,0.0132703021968247,0.0134510334689561,0.0136486935552782,0.0136059839670455,0.0139729766932724,0.0140517439046066,0.0141788105598121,0.0142964654443534,0.0142095546875491,0.01443176696365,0.0148429485256192,0.0148799463643595,0.0148444898655901,0.0151198173482999,0.0151825580882212,0.0151886809193481,0.0152567706190264,0.0153705188582906,0.0156293622237976,0.0156621701072282,0.0161936144745839,0.0225383132118473,0.0257560814865901,0.0255925184983899
942,0.010334073659316,0.0103938364620811,0.0106570764397533,0.0111128527031302,0.0112547770560092,0.0144609625507754,0.0146434066135684,0.0148179033444763,0.0150179874829021,0.0149147529123232,0.015288028099917,0.0153369399042513,0.0154572482115624,0.015579980515304,0.0154804651218047,0.0156986684930105,0.0161121299648398,0.016118029467846,0.0160577264982671,0.0163612793196609,0.0164045936271605,0.0164018107341009,0.0164616499139556,0.0165572094739249,0.016822759534703,0.0169609988775674,0.0169856761220455,0.0234878632200987,0.0267594191680542,0.0265867118312845
940,0.0111617133503257,0.0112114762152459,0.0114822954862499,0.0119632118657968,0.0121206179272717,0.0154739082291458,0.0156315975201179,0.0158006418799123,0.0159958049464365,0.0158660086758449,0.01625654916788,0.0162876296660344,0.0163955832541849,0.0165212339863671,0.0164224328372,0.0166400186075495,0.0170632105335288,0.0170347653323401,0.0169459998284325,0.0172881211789454,0.0173111917944202,0.0172993961133597,0.0173492919278633,0.0174342201810884,0.017708268122211,0.0179621511283232,0.0177071581239759,0.024330241409897,0.0276584872520379,0.0274840897449213
938,0.0125711333102902,0.0126178101932519,0.0128993964375339,0.0134090654813202,0.0135689095508357,0.0167805362613008,0.0169196095467582,0.0170847136313255,0.0172764450921087,0.017144374748074,0.0175520761384139,0.0175802323282035,0.0176735790832953,0.0177992675167439,0.0177130567546041,0.0179289358879528,0.0183659818700864,0.0183148455999215,0.0182084294326763,0.0185772914562696,0.0185900238458716,0.0185690124482253,0.0186142232324564,0.018695147394975,0.0189743131301895,0.0192615790451628,0.0191216539355358,0.0257532814859406,0.0291119905107402,0.0289403575889806
936,0.0151254574027191,0.0151760541714562,0.0154704498695942,0.0160032392294701,0.0161523886561456,0.0191224430361439,0.0192531910816472,0.0194139182262161,0.0196095630498503,0.0194923318342757,0.0199059796794309,0.0199482968384113,0.0200309101462439,0.0201555975086597,0.0200893961955084,0.0203036305683224,0.0207521756970652,0.0206951216844253,0.020589337252124,0.0209641245171287,0.0209798916611705,0.0209503025571821,0.0210008075805322,0.0210828086306836,0.0213619561455116,0.0215861589583724,0.0217819204848169,0.0283283637971337,0.0316809619370206,0.0315143284401196
934,0.0190700689041941,0.0191284240482336,0.0194369934905589,0.0199979535256383,0.0201385433275967,0.0229616653264664,0.0230868509750666,0.0232439115169053,0.0234445496323788,0.023361503594805,0.0237726917884535,0.0238431572542897,0.0239232707152575,0.024047180838944,0.0240064689416966,0.0242251642909827,0.0246809172639597,0.0246262026694711,0.0245335058763781,0.0249029486558037,0.0249287351361703,0.0248940329090612,0.0249561963532458,0.0250470164315603,0.0253228778743335,0.0254645491419878,0.0259378673052589,0.0323986658198426,0.0357263532241707,0.0355662345667127
932,0.0253756374239336,0.0254450519667947,0.0257674210870846,0.0263635090150151,0.0265059166845419,0.0292636184311153,0.0293815431464727,0.029539406288913,0.0297382837930701,0.0297036318808522,0.0301151663564604,0.0302145898000773,0.0303001616077643,0.03042245827642,0.0304111225913322,0.0306387638218379,0.0310980872667241,0.0310455365323053,0.0309650320230584,0.0313311583560059,0.0313641237947389,0.0313288693908275,0.0314010931423702,0.0315084393331211,0.0317798725515635,0.0318862895341061,0.0324760044360176,0.0389028456694836,0.0422073176480567,0.0420548185987268
930,0.0358547691170784,0.0359396352105812,0.0362706818895257,0.036884883093019,0.0370314080509204,0.0396943039479969,0.0398082632065932,0.0399703467199151,0.040163106791321,0.0401752755163907,0.0405930524254357,0.0407085502125654,0.0408030258401834,0.0409223581775489,0.0409394894724564,0.0411697532557856,0.0416269385107723,0.0415783344115173,0.0414999082524271,0.0418685250384106,0.0419011228150907,0.0418675461756426,0.0419441568354966,0.0420672965931208,0.0423336650859557,0.0424309138163236,0.0430617670562133,0.049452883755937,0.0527319203653163,0.0525878014807612
928,0.0520871244674118,0.0521913838452439,0.0525215493840994,0.0531098007278757,0.053252292309984,0.0557938519935152,0.0559141993781979,0.0560786582216724,0.0562687380601437,0.0563152714275196,0.0567352824228783,0.0568533792004717,0.0569540390398997,0.0570712944110864,0.0571083603283717,0.0573283696197743,0.0577732194051961,0.0577362016454145,0.0576536983199065,0.0580233662290889,0.058051347235005,0.0580197919036858,0.0580961620171676,0.0582242898728837,0.0584841255927978,0.0585486249165461,0.0592755111567482,0.065546818051108,0.0687790764347841,0.0686442664386748
926,0.0755983645158288,0.0757302540852959,0.0760524130288797,0.0765572224538167,0.0766829545114634,0.0791547557773842,0.0793017142692049,0.0794702918279482,0.0796654313535311,0.0797293225148465,0.0801321514385783,0.0802475806566396,0.0803486941347206,0.0804663837189078,0.080505496458985,0.0807052245789068,0.0811197257333604,0.0811047157881958,0.0810331733683417,0.0813859896256881,0.0814114722746551,0.0813857406175702,0.0814578134149174,0.0815759258939373,0.0818251885098398,0.0818558697983323,0.0828177590860529,0.0888907923322582,0.0920526666128022,0.0919292837889426
924,0.108879684728558,0.109063446218204,0.10937884827343,0.10972447229591,0.109812195492901,0.112224685719091,0.112441893781201,0.112634891198268,0.112845896966442,0.112896281017823,0.113248589641491,0.113354619195745,0.113455347647972,0.113572379396591,0.113586366774829,0.113755348400724,0.114105548377793,0.114128765914372,0.114114818900737,0.114411742974433,0.114438212990301,0.114430850926168,0.114490807438418,0.11458160178249,0.114812142933048,0.114887956305786,0.116209534676171,0.122098921883841,0.12518910374264,0.125082135941818
922,0.152148286048547,0.152421372511212,0.152735184875731,0.152822562818344,0.152837863163261,0.155047795126714,0.155403410485925,0.15565618807408,0.155898737253902,0.155886615253333,0.156150139255227,0.156226156483513,0.156335896271931,0.156444388174726,0.156405324988454,0.15652303747892,0.156761284157534,0.1568496141388,0.156956563715876,0.15714960733829,0.157175391665003,0.15720603958521,0.157240879220458,0.157283309820403,0.157486487098094,0.157713763578756,0.159325539441493,0.165109943837991,0.168145807005335,0.168062479120589
920,0.194364313488378,0.194737236506608,0.195047655033689,0.194829821992561,0.194751899394771,0.196611489165426,0.197142299319365,0.197469012372514,0.197752678104974,0.197647951611891,0.197810284366855,0.197836670679169,0.197967637614395,0.198058530960609,0.197962441198791,0.198012009674382,0.19812063287172,0.198291533753282,0.198543641373995,0.198617430941786,0.198638901308397,0.198719291521355,0.198718327435599,0.198703220034999,0.198882569027513,0.199283728641006,0.200735999322711,0.206460484728416,0.209454705167079,0.209393982644106
918,0.210973353389648,0.211375913281219,0.211672588634941,0.211306006955883,0.211181669009029,0.212861044047534,0.213474772853979,0.213825250438593,0.214129168189157,0.213981979101732,0.21410219184114,0.21410082480917,0.214248290682524,0.214323797525216,0.214215479683141,0.214225585962037,0.214287242535732,0.21450203461695,0.214816292628109,0.214836203150655,0.214861183932818,0.214969676697847,0.214940821586704,0.214904803495261,0.215086729886373,0.21554876499774,0.216184104681509,0.221843837534584,0.224804671838758,0.224739991852196
916,0.18656265620167,0.186883543844921,0.187162806919635,0.18695134771012,0.186876064940409,0.188813677993369,0.189325391321919,0.189617798027614,0.189899377636386,0.189811681926473,0.189991366952745,0.190021411836889,0.190161401059841,0.190236211884809,0.190177049626748,0.190218784685368,0.190377808534288,0.19055250839652,0.190786348120017,0.190858904259158,0.190905815954101,0.190992143161265,0.190963835152461,0.190974778727082,0.19118830553553,0.191559524483935,0.19121351089064,0.196857332048681,0.199819600881484,0.199711305881306
914,0.137063663517701,0.137264290919555,0.137535632921861,0.13762232281333,0.137636749613818,0.140048255115032,0.140372104740968,0.140581571610414,0.140822965325472,0.140836094935542,0.141114661859728,0.141205300279896,0.141324162031459,0.141408729810079,0.141413161172876,0.141525586799403,0.141838693241857,0.141933422592318,0.142031614711817,0.142198422877,0.14227291670451,0.142307575480564,0.14230193345951,0.14238619908369,0.142631914747806,0.14285066979293,0.142038124306653,0.147785181533117,0.150806679986448,0.150644194586785
912,0.0901648881388726,0.0902816433878757,0.0905549093009836,0.0908695611439834,0.0909453143427027,0.0937062318074453,0.0938905755871581,0.0940505692733872,0.0942634112331237,0.0943499794984855,0.0946930258762863,0.0948280268739703,0.0949333910161402,0.0950284800730078,0.0950715890060078,0.0952411246811853,0.0956606873559016,0.0956989372140523,0.0957036935216417,0.0959389520462271,0.0960288354512516,0.0960208875131682,0.0960399405910285,0.0961721263528677,0.0964315550777245,0.0965188527480388,0.0958184637168183,0.101750015072524,0.104871582692749,0.104677896293864
910,0.0592434026436582,0.0593221160271564,0.0596000117350319,0.0600314215802676,0.0601302622249379,0.0630005622109378,0.0631235601750501,0.0632731696047218,0.0634720151193958,0.0635960645779525,0.0639576336138768,0.064112479000528,0.0642166863896258,0.0643216434970182,0.0643784356759757,0.0645786714420592,0.0650399989331994,0.0650578048479437,0.0650230967405075,0.0652936283968274,0.0653845035081122,0.0653585114012182,0.0653943172776452,0.0655415556870397,0.0658006045844069,0.0658100083393565,0.0655084667097818,0.0716145243673301,0.074835265825708,0.0746391483181943
908,0.0421819932519942,0.0422489306516367,0.0425294047305842,0.0430207775520518,0.0431239735196475,0.0459054649056832,0.0460118565916277,0.0461682860344675,0.046360535664469,0.0464993138285087,0.0468580484062081,0.0470214717230127,0.0471276818210986,0.0472441103922567,0.0473023567883481,0.0475188248043593,0.0479880471298809,0.0480029077009887,0.0479510934266841,0.048241528424393,0.0483273537404581,0.0483014795470171,0.0483464680853892,0.0484932371715437,0.0487493495526775,0.0487366892531089,0.0488580500457569,0.0550498625474993,0.0583158897515202,0.0581302518617205
906,0.0321888746873476,0.0322558527583717,0.0325371387641014,0.0330710708312529,0.0331718696593593,0.0357785733225682,0.035879873825811,0.0360400137766985,0.0362309873567375,0.0363680977536868,0.036725081538347,0.0368950705803813,0.0369970890268538,0.0371247852679495,0.0371801840646135,0.037407135303936,0.0378756897438714,0.0378901376998566,0.0378213988511467,0.0381267564768211,0.0382080515326098,0.0381863731449084,0.0382365141190895,0.0383794415026262,0.0386357968802099,0.0386289919321823,0.0390525375820649,0.0452026229499131,0.0484171501461304,0.0482358269335765
904,0.0255565148346506,0.0256309536530115,0.0259144511283538,0.0264699055945578,0.0265621920621336,0.0290183773841163,0.0291156182992459,0.0292715733706956,0.0294662320096476,0.0295926059861188,0.0299543820902143,0.030127838289914,0.0302193380447323,0.0303525667111974,0.0304057032248057,0.030635870383401,0.0310995094940466,0.031115246114282,0.03103268306132,0.0313469630504922,0.0314241594134753,0.0314030424241227,0.0314561577315648,0.0315912064581605,0.0318496532432204,0.0318470241674919,0.0324279302054245,0.0384332336840335,0.0415082418560854,0.0413205321043767
902,0.0212623693923626,0.0213462583798478,0.0216345945109491,0.0221842712430623,0.0222674144606433,0.0246206667163833,0.0247138964803706,0.0248643513424914,0.0250625060936664,0.0251842518162768,0.0255546127264807,0.0257270493529216,0.0258080349138805,0.0259389284259567,0.0259959353776181,0.026221325273145,0.0266764249915893,0.026695997784495,0.026611678167802,0.0269268568913912,0.0270001233463218,0.0269779889961979,0.0270316092972034,0.0271554941353024,0.0274163202273363,0.0274261677804795,0.0280913982679651,0.0339374565888542,0.0368595815851031,0.0366646692715516
900,0.0179882148886924,0.0180729844199627,0.0183659285123014,0.0188996390992403,0.0189844707839056,0.0212290529012386,0.0213149699815944,0.0214631309792961,0.0216605944015305,0.0217905331726603,0.0221707631965106,0.0223421198631695,0.0224171161343674,0.0225420903781543,0.0226088199503185,0.0228276964706748,0.023278715036149,0.0232989552866369,0.023222007380573,0.0235317855442558,0.0236053109262205,0.0235832189485026,0.0236347117996807,0.023754373464107,0.0240190451299806,0.0240748406906531,0.0248478254645224,0.0306241886850377,0.0334726461583532,0.0332769776033171
898,0.0146373276280597,0.0147083806219776,0.0150035649237968,0.0155294291278661,0.015627681130143,0.0177477005270117,0.0178238944397223,0.0179696989974924,0.018165682241481,0.0183059147511795,0.0186919054082805,0.0188665243318338,0.0189403454742319,0.0190610822205849,0.0191339038286147,0.0193507456366859,0.0198054995052939,0.0198191649623721,0.0197494073389733,0.0200512521985276,0.020130806559393,0.0201066966795819,0.0201545338450633,0.020284126697724,0.0205537135368587,0.0206684114674578,0.0216059224604749,0.0274364113557139,0.0303247107833157,0.0301291100574236
896,0.0118613322284942,0.0119108435337483,0.0122105297336233,0.012736157105723,0.0128471429730199,0.0149122336668702,0.0149830613853579,0.0151221418105546,0.0153184122943985,0.0154633226924771,0.0158452227172378,0.0160260075522391,0.0161024167783571,0.0162211166075701,0.0162902433831535,0.0165100624255181,0.0169677985649751,0.0169714302948368,0.0169047039114083,0.0172021073351616,0.0172875617910773,0.017256219571861,0.0173003941101709,0.0174469246318148,0.0177186060153514,0.0178485253482788,0.0189526573619892,0.0248900839559759,0.0278807545273794,0.0276761748208537
894,0.0105957246717591,0.0106305068360023,0.0109438599392022,0.0114696278658856,0.0115847466454231,0.0137275252530261,0.0137976865548194,0.0139284798424983,0.0141209233474912,0.0142740506249504,0.0146472954110633,0.0148317791435,0.0149133444844748,0.0150300034157686,0.0150932130696582,0.0153191662597997,0.0157725494894934,0.0157677066939008,0.0157009008450079,0.0160039095133381,0.0160897039196648,0.0160498394088081,0.0160913160808332,0.0162488335346973,0.0165171527725717,0.0166000153817664,0.017798584267814,0.0238008982111195,0.0268782700815787,0.0266561994773071
892,0.010120977758472,0.0101585068391805,0.0104914477332973,0.0110153342789853,0.0111314628321862,0.0134159666052259,0.0134820020831012,0.0136100446457008,0.0137908654331535,0.0139605868272499,0.0143348829508981,0.0145153514078593,0.0146019896056898,0.0147169079164164,0.0147821373823404,0.0150153834753278,0.0154623331899212,0.0154513212279762,0.0153830327731767,0.0157007996854187,0.0157845120042537,0.0157418097342123,0.0157818813026558,0.0159395027189478,0.0162007671170167,0.0162179949465846,0.0174156886496522,0.0234270226828108,0.0265416828556343,0.0263064877125799
890,0.00918585953787958,0.00924226853260802,0.00958642268898924,0.0101024697924932,0.0102237196600469,0.0126027491496479,0.0126594137333645,0.0127911055967687,0.0129623424728572,0.0131403576780551,0.0135292780150425,0.0136959504779776,0.0137845964375575,0.0139001591176271,0.0139726016863071,0.0142098780341559,0.0146546754208308,0.0146401130438398,0.0145721063157789,0.0149025163078927,0.0149871483298295,0.0149481177973877,0.0149881556742701,0.015138487861746,0.0153919359342276,0.0153769699858745,0.0165021655973673,0.022519767761068,0.0256371902039287,0.0254053161252768
888,0.00789582497660985,0.00797493306215524,0.00831376944468175,0.00881203045622781,0.00894161922777263,0.0113750476916307,0.0114268682900964,0.0115605810307426,0.0117356504795938,0.0118999807495048,0.0123024122681957,0.0124504506836236,0.0125384569788466,0.012655854760217,0.0127310877019231,0.0129649251791781,0.0134087924969838,0.0133957516007227,0.0133324676896695,0.0136635768090736,0.0137494361626938,0.0137152912826049,0.0137570928485531,0.0138970567439382,0.0141430533671262,0.0141411863413518,0.0151579578270325,0.0211888326719284,0.0242907612610885,0.024076193367402
886,0.00699022485640838,0.00708231458908938,0.00740878063595703,0.00788796305089226,0.00802550151440067,0.0105750332683533,0.0106323824545883,0.0107603846874414,0.0109470620279777,0.011092187350597,0.0114921862223236,0.0116285548654663,0.0117170813895928,0.011833196647379,0.0119066632484728,0.012132650268008,0.0125716777561292,0.0125656366995947,0.012507146899929,0.0128306360355452,0.0129110327016,0.0128803076801148,0.0129261632475014,0.0130557462626409,0.0132959758068042,0.013329342507552,0.0142486583009583,0.0202264922387902,0.0232874423257733,0.0230889171283963
884,0.00633144133513931,0.00642231040235375,0.00674309761508995,0.00721730702348778,0.00736227274832158,0.0101167847745065,0.010182079452264,0.010301178025843,0.0104915799285663,0.0106375254376802,0.0110226664600972,0.0111639066858237,0.0112557814120048,0.0113663566982371,0.0114405101978045,0.0116631114731374,0.0120955742241063,0.01209828395342,0.0120361331907844,0.0123546932734551,0.0124238901659429,0.012397610809221,0.0124482582026463,0.0125718507781795,0.0128100803382823,0.0128651178320068,0.0137547339041046,0.019553684986134,0.0225402803176692,0.0223442192442895
882,0.00554102987766921,0.00562236202226287,0.00594387633022297,0.00642759433751317,0.00657952215100481,0.00952717571704193,0.0095928471118253,0.00970815736396094,0.00989150054742729,0.0100548315767349,0.0104277643627743,0.0105876836838629,0.0106816723905046,0.010787036829667,0.0108635398673393,0.0110913593091999,0.0115201590213302,0.0115291499547067,0.0114556184144811,0.0117754301910157,0.0118371101158235,0.0118165500708467,0.0118681097406895,0.0119943360325762,0.0122325602581153,0.0122686275744038,0.0132049122750431,0.0187542592959806,0.0216510136608535,0.0214455399664898
880,0.00512418100521198,0.00519637071202093,0.00551627428633178,0.00600927830940039,0.00616533149384154,0.00918804401371565,0.00924741354580139,0.0093643909520728,0.00954209215447597,0.00971327891754862,0.0100841902929923,0.0102632913003066,0.0103528777375845,0.0104579985944249,0.0105310059765704,0.0107674080316471,0.0111948852935411,0.0112054211617616,0.0111254370006598,0.011446133652225,0.0115097655921694,0.011490590104569,0.0115358298199651,0.0116722623585215,0.0119063830021119,0.0118964955096511,0.0128633686118395,0.0182311018707759,0.0210587966283178,0.0208408881630703
878,0.00553033304732486,0.00559897191375265,0.00591704922566296,0.00641241407908941,0.00656836258355962,0.00954303001090424,0.00959644403115319,0.00971530366354778,0.00989557177783626,0.0100549821111927,0.0104291407549942,0.0106158857284359,0.0106955862991447,0.0108044610659702,0.010868910771538,0.0111099667203138,0.0115358817930681,0.0115425921722849,0.0114694435108662,0.0117848199723347,0.0118555506717877,0.0118296954574283,0.0118655487932579,0.01201225003357,0.0122369571972316,0.0122084669899827,0.0130563335849972,0.0184096381195655,0.0212155057251361,0.0209838324878528
876,0.0059447688715586,0.00601768007603649,0.00634615890771763,0.00684452553160635,0.00699657132142748,0.00987741150339569,0.00992883683859676,0.0100509254176202,0.010234122592989,0.0103766775681625,0.0107524342599452,0.0109324828106025,0.0110045250909769,0.0111168260788016,0.0111772694617853,0.0114171190750678,0.0118418874860675,0.0118422869595436,0.0117820326526006,0.0120883522117079,0.0121631681887316,0.012127595102773,0.0121610039170877,0.0123094937371669,0.0125286497381332,0.0125332660143583,0.0130777870151981,0.0185675609548187,0.0213964264230632,0.021144333872937
874,0.00536646407846409,0.00545166644174895,0.00580471776390822,0.00631148703471965,0.00645570140505783,0.00929013669277718,0.00934473433133322,0.0094785443209151,0.00965733687624492,0.00979032323495576,0.0101651761854941,0.0103300660297789,0.0104032214634755,0.0105166949917354,0.0105810237344213,0.0108165468612054,0.0112417958054229,0.0112406801253371,0.0111876610128972,0.0114896064291163,0.0115611655474691,0.0115209953698729,0.0115637298283987,0.0117039447018627,0.0119305793608866,0.011959790386287,0.0121493991676907,0.0178194694623098,0.0206868038584443,0.0204095842463645
872,0.00417718779242204,0.00427808006521437,0.0046544128577308,0.00517154866906985,0.00530653968733824,0.00819306080417466,0.00825714550049715,0.00840999214304123,0.00858249255004261,0.00871062668714791,0.00908562333481596,0.00923756514242979,0.00931933665158047,0.00943319651791359,0.00950340683501252,0.00973559895571775,0.0101620595245694,0.0101685658095001,0.0101165146905288,0.0104265997760362,0.010488644098589,0.0104503418131954,0.0105063417741444,0.0106369083447294,0.0108798225098308,0.0108517461353163,0.0108470202339664,0.0166257526158729,0.0195136992142469,0.0192199516258579
870,0.00342912982856396,0.00354032431041141,0.00392487544402112,0.00445504373179396,0.00458838702191556,0.00758768270351188,0.00766343003532658,0.0078291128745698,0.00800384919689874,0.00812912397346387,0.00850772856149254,0.00865840903450881,0.00874901244935644,0.00886406509741992,0.00894060994336136,0.00917396494897515,0.00960331234978037,0.00961972527136119,0.00956961994213507,0.00990087915879809,0.00995254455200572,0.00991718568881919,0.00997753244298055,0.0101085414170694,0.0103635907825341,0.0102303848070854,0.0103145950534406,0.0160842170354626,0.0189676689078081,0.0186748125639482
868,0.00328472459557895,0.00339569596506855,0.00377645024485652,0.00432565544345296,0.00447099576022712,0.00754298050071313,0.00762241933914505,0.00778517119115642,0.00797166804439875,0.0080993679897131,0.00848289535676034,0.00864435237554254,0.00873705698584648,0.00885444656513009,0.00894322330374888,0.00918161505480648,0.00961930155206205,0.0096346668582929,0.00958914421562142,0.00994421386837525,0.00999158844629523,0.00995561272009406,0.0100081921285908,0.0101509466464123,0.0104089008150679,0.0102481755399771,0.0106437156628466,0.016331244552295,0.0192092439869882,0.0189265715772902
866,0.00331017982382151,0.00341415105670993,0.00378981694549244,0.00435460815440189,0.00451561683298225,0.0075753488851166,0.00764609790919512,0.00779750908602173,0.0079967939161624,0.00812809368732395,0.00851256100034936,0.00868610420986851,0.00877141076651371,0.00889269053084322,0.00899700624145797,0.00923764576068848,0.00968887175972846,0.0096863384069487,0.00964283637961636,0.0100099899395911,0.0100608186408207,0.0100195406218256,0.0100620823808995,0.010216051983938,0.0104741941461958,0.0104315162056198,0.0111736922861635,0.0167931361347264,0.0196900915889736,0.019412180270324
864,0.00352190405988644,0.0036197054668513,0.00399276072201647,0.00455335596184884,0.00471506250142955,0.00775071629813575,0.0078092617009554,0.00795481343656688,0.00816125131416047,0.00828286105189603,0.00866224498193046,0.00883693522630824,0.00890769182263425,0.00903493229547818,0.00914310028608905,0.00937765390745145,0.00984079621034472,0.00981022962814457,0.00976319383043705,0.0101278737630271,0.0101820812020302,0.0101314097490434,0.010172622444358,0.0103254571498799,0.0105870900950503,0.0107369791940927,0.0117022696798585,0.0173229342495486,0.0202597012335395,0.0199772800067749
862,0.00394353551015627,0.00403989780934233,0.00441029098412185,0.00494832507198641,0.00509183153647944,0.00817296387853529,0.00822758771002427,0.0083758153390486,0.00858599699871279,0.00867601638240528,0.00904990013177129,0.0092115809362296,0.009268082334118,0.00940242453732104,0.00949319273775607,0.00971844039590712,0.0101863614383408,0.0101297029392109,0.0100749469380501,0.0104354723906435,0.0104840680046796,0.0104233375945377,0.0104722086536966,0.0106123512362616,0.0108795712620893,0.0111697001592055,0.0122058957631792,0.017893939790919,0.0208673736834596,0.0205775609720428
860,0.00388589660537467,0.00398536716527499,0.00435164122166879,0.00486889376678155,0.00499199145609041,0.00816613303674621,0.00822708519943667,0.00838058307716989,0.00859801611357411,0.00864000424754701,0.00901602897801137,0.00915499701309185,0.00920680616135566,0.00934741585816753,0.0094081015471575,0.00963232504337111,0.0100993317436204,0.0100280807889687,0.00996195626403283,0.0103284226960421,0.0103650741492773,0.0103004113357908,0.010357715345462,0.0104831742364533,0.0107560432804745,0.0110676127369355,0.0120723920735949,0.0178612361280002,0.0208539900394883,0.0205573884793462
858,0.00288693586080526,0.00299215900277822,0.00335223783280074,0.00386418437939642,0.0039812155555416,0.00726282931469116,0.00733572966502058,0.00749602775822426,0.0077264501778045,0.00771172582936852,0.00809891206829065,0.0082090389685497,0.00826911755746208,0.00841453993882583,0.00844765684530825,0.00868180584201974,0.00914621246685078,0.00907567523860826,0.00899426399528425,0.00937188226924686,0.00940202260822108,0.00934268194826989,0.00940316897210459,0.00951800622269012,0.00979724662648729,0.0100257622359937,0.0109166662094278,0.01679810295537,0.0197950129874023,0.0194907883512975
856,0.00174293623140934,0.00185128058993165,0.00220068694319692,0.00272078653209108,0.00284486985207712,0.00636622944241723,0.00645555195532515,0.00662841288735642,0.00687161428787513,0.00678400820442632,0.00718526235682316,0.00725741759979023,0.00733170612870682,0.00748175959146639,0.00749303889329716,0.007737554095616,0.00819974302184942,0.00813969495523413,0.00804243824051036,0.00842345085087152,0.00845554347464734,0.00840438510912939,0.00846337118622669,0.00856872961681773,0.00885287226588517,0.00894999894130986,0.00963520401878053,0.0155467880075897,0.0185326828415554,0.0182222762589173
854,0.00150451866474304,0.00160523889389985,0.00193900313338175,0.00247724466031994,0.00260935053462209,0.00671927075823699,0.00683102732296767,0.00701991457032371,0.00726886697763242,0.00705720180550592,0.00746898417999811,0.0074802306942188,0.00756386851828367,0.00771911591013841,0.00770087415774018,0.00794616005633614,0.00840858915934524,0.00835213475781087,0.00824374299347022,0.00861878425537469,0.00864539989856883,0.00859727526247733,0.00865237576423274,0.00873841252258931,0.0090211931733306,0.0090064681968574,0.00944606698838972,0.0152850675677928,0.0182371253261914,0.0179272293110362
852,0.00202076566041892,0.00210072083690096,0.00241851984082569,0.00298203301050059,0.00311617689355343,0.00823626286486538,0.00837269860621672,0.00857206865691107,0.00882059575844914,0.00837837267323881,0.00879449602821781,0.0086971371017659,0.00878234973477891,0.00894166550257093,0.00886485318377247,0.00910364526995606,0.00957146636517867,0.00949223067475548,0.00937846313730978,0.00974889689958837,0.00974060502676437,0.00969253646172443,0.00974170420829911,0.0097825244325255,0.0100602684013828,0.0100054766316228,0.0102770753809011,0.0159691887199001,0.0188670492713637,0.0185628274723634
850,0.00246827599698239,0.00252367648185813,0.00283121846579733,0.00341176431611077,0.00354451971534981,0.00987331162927096,0.0100274533743362,0.0102298273465211,0.0104769776383605,0.00967493110122883,0.0100893664966379,0.00982164111724359,0.00990759265279319,0.0100671795905979,0.00989040059942185,0.0101246720522219,0.0106020763443826,0.0104682684100823,0.010351657030743,0.0107247156723312,0.010648030343279,0.0106051766970908,0.0106480372890716,0.0106096540982614,0.0108896163505734,0.0108729800395641,0.0111145983670094,0.0166766445671578,0.0195219310711415,0.0192217408472905
848,0.00265237030545554,0.0026922608607565,0.00299846736771523,0.00356916794778121,0.00370311670717397,0.010999139824318,0.0111576531732491,0.011363860716039,0.0116079199644039,0.0104040328467519,0.0108138716111889,0.0103504830594928,0.0104425356046312,0.0105981959056207,0.0102990908436498,0.010534497543182,0.0110206963574198,0.0108204210724962,0.0107019428534012,0.0110774019120976,0.0109240342604604,0.0108905841164465,0.0109319392213207,0.0108013232228547,0.0110949493122993,0.011159044808197,0.0114404493308046,0.0169527188340314,0.0197717170247824,0.0194750447086315
846,0.00274838190035168,0.00278515751639464,0.00309936044611338,0.00364064603208707,0.00378132490026174,0.0113776304784639,0.0115290589687482,0.0117432123998922,0.0119768100016767,0.0105230941671067,0.0109308794798329,0.0103387644929524,0.0104385469651838,0.0105890239901965,0.0102006005267934,0.0104388768693345,0.0109299837267787,0.0106885280224201,0.0105719132556651,0.010940438670406,0.0107416624163618,0.010711276714033,0.0107582186657171,0.0105707268923093,0.0108787738007968,0.0110249186350023,0.0113196154689796,0.0168432943177802,0.019670691436223,0.0193864036089704
844,0.00245256937030621,0.00249306805426892,0.00282071142868328,0.00334398810189894,0.00349301623745624,0.0105880752735233,0.0107291358612723,0.0109457904553466,0.0111643172100332,0.00976584507039527,0.0101754514126117,0.00960064631709394,0.00970081495337624,0.00984801287234219,0.00945701269495452,0.00969620911397461,0.0101887943233838,0.00995955210815733,0.00985216320765466,0.0102071816818939,0.0100166952656647,0.00997987965762982,0.0100327442904358,0.00985830601944782,0.0101701395308917,0.0103685568099806,0.0106480984024265,0.0162117118121413,0.0190784915920942,0.018814746461289
842,0.00156951579383586,0.00161678977655646,0.00195330186445946,0.0024846054128962,0.00263506688893265,0.00876169023589775,0.00889835021042078,0.00910477264047691,0.00931711229013176,0.00822613158404545,0.00863517727876367,0.00820432738988797,0.00829544561049126,0.00844044228143185,0.00813148829540148,0.00837085522147751,0.00886082961748183,0.00869099992239702,0.00860029316767296,0.0089475270881455,0.00880365706522305,0.00876149337715216,0.00881175753318564,0.00870188921963867,0.0090092894038495,0.00920242372913769,0.00948543839482616,0.0151488507430088,0.0180830790544669,0.0178298305169016
840,0.000857440257778107,0.000914568215657116,0.00124759886386636,0.00179489584360887,0.00193711584486339,0.0072620497884011,0.00740439697906191,0.00759555774235437,0.0078188935483886,0.00705595325942817,0.00745770024107265,0.00718603454694027,0.0072666200696855,0.00740630076618295,0.00720269312349389,0.00744437132249448,0.00792629297907414,0.00782516191703414,0.00775282377410649,0.00810710691648145,0.00800788954990357,0.00797031374431031,0.0080114470918084,0.00796306038747986,0.00826627969890633,0.00839053885904063,0.00866664970950048,0.0145263000842058,0.0175482829260468,0.0172802151419612
838,0.00111955977116436,0.00118634047479776,0.00151017448524505,0.002062922780281,0.00219604414544117,0.0073146835539883,0.0074680490540073,0.00764932921343269,0.00789442368773523,0.00728315617868425,0.00767792157397439,0.00748206956621418,0.00755926580631608,0.0076889986324566,0.00755329581710431,0.00779914759353261,0.00827206900484377,0.00821316887189818,0.00815034978863828,0.00852407800581263,0.00843916507198846,0.00841155122217484,0.00844875008479559,0.00842339243786168,0.00872341652018128,0.00875457866026679,0.00891856312556843,0.015003068696794,0.0181045589953574,0.0178042339566885
836,0.00195147116909559,0.00202143711472333,0.00234629543423609,0.00290044341779404,0.00303288343596277,0.00842895001922249,0.00858975018635096,0.00876406197167043,0.00903023956372501,0.0083892145179443,0.00878748093832619,0.00858019273036229,0.00866110523979296,0.00878083035962031,0.00866575770984209,0.00891318957960955,0.00938553835490196,0.00933832219754225,0.00926786815329062,0.00966116589363598,0.00956622323283987,0.00954527265011073,0.00958952775398865,0.00955729420174489,0.00985214175844847,0.00981999006033754,0.00974009651741237,0.0159377389729672,0.0190688412196058,0.0187408878274444
834,0.00239141772580852,0.00245752912241906,0.0027989951371982,0.0033635494885228,0.00349957655337652,0.00923076797970482,0.00939262389551379,0.00955592738872117,0.00983553674653241,0.00911597120983266,0.0095262137510917,0.00928473090633142,0.00936900600866993,0.00948394016021648,0.00936936368885697,0.00961094350170802,0.0100946955797097,0.0100476004338519,0.00995520094916153,0.0103559690936941,0.0102530229283244,0.0102340069871873,0.0102880201061802,0.0102448626265876,0.0105362713253395,0.0104861759183098,0.0101321793319274,0.0162749216907213,0.0193706200299426,0.0190325321626269
832,0.00227064538506498,0.00233161259247592,0.00269400779903813,0.00327366820238322,0.00340588447012768,0.0092833698737462,0.00944605798352658,0.00960040882736289,0.00988031678293306,0.00913848780178477,0.00955739960944034,0.00930741892009796,0.00938848081621474,0.00950262559095087,0.00938682409362594,0.00961602221857517,0.0101156662929691,0.0100671439781996,0.00995155614901095,0.0103473522536958,0.0102540130388612,0.0102334252025452,0.0102884262522147,0.0102416836773715,0.0105364010002324,0.0104942024854918,0.00997609064935886,0.0159912435266472,0.0190259896756238,0.0186920402346117
830,0.00199684908119192,0.00205353678004248,0.00243018779114786,0.00301691212971732,0.00313616562004074,0.00905171991727084,0.00922084092992999,0.00938230428095875,0.00964537369628458,0.0089327274520114,0.00935273114910415,0.00911344384191769,0.00918527006919002,0.00929834025778315,0.00917348388948331,0.00939201204600931,0.00990122058132389,0.00984044172592764,0.00971085314023565,0.0101024507294613,0.0100283651950689,0.00999945737035369,0.0100460246139372,0.0099991500612042,0.0102994086738644,0.0102774981132019,0.00976565937260239,0.0157067534050629,0.01871619429841,0.0183921397643557
828,0.00159846003294127,0.00164771559146566,0.00203309036044206,0.00261638998492311,0.00272260823407584,0.00868481386189861,0.00886398815611269,0.00904878007629822,0.00928575091817027,0.00859828753512194,0.00901940319259093,0.00878264172954089,0.0088441790523934,0.00895920746802838,0.00880872147035208,0.00902634602512505,0.00953377837183185,0.00944354454616309,0.00930839068815564,0.00970945308885417,0.00964737432825213,0.00960260794318304,0.00963958006485054,0.00959171580566835,0.00989258654965333,0.00989708406424614,0.00951305375674537,0.015444602302299,0.0184761611193802,0.0181609102025602
826,0.00101298359658694,0.0010514464284317,0.00144220545395893,0.00201622143203077,0.00211506556562404,0.00806946001804544,0.00825770865134805,0.00846493864597605,0.00868575092000139,0.00800201392152999,0.00842896921417133,0.0081821449444546,0.00823719480565467,0.00836718649497731,0.00818206741451758,0.00840738836975417,0.00890387437963349,0.00877966884773156,0.00864196559321889,0.0090638492360307,0.00899999054418797,0.00894138733048301,0.00897320481151228,0.00892384347311034,0.00922441241408949,0.00924154705883087,0.0089989078693719,0.0148960372939666,0.0179391715742404,0.0176247550054164
824,0.000770386822669952,0.000801299039286366,0.00118709375010116,0.00174851697062812,0.00184579224885637,0.00763751247037008,0.00783371850977599,0.00804877907344521,0.00827284010276907,0.00760269657946397,0.00803353065969862,0.00778377638119582,0.00784000128614901,0.00799784178608546,0.00778687879307554,0.00801981128881749,0.00850365709163763,0.00835875525723199,0.00822042802238599,0.0086596971005963,0.00858836774473747,0.00852809227824055,0.00855870236218967,0.00851113183454224,0.00881883316470288,0.00882858930761004,0.00864858793101117,0.0144307143266601,0.0174181948380927,0.0170924404826501
822,0.00128292198512191,0.00131064102966906,0.0016773393362635,0.00222932302116729,0.00233500713276899,0.00786440742463457,0.00806831515148587,0.00827962156982215,0.00851472059579025,0.00789485303582904,0.00832017937400923,0.00809157989537699,0.00815921177160034,0.00833917014430215,0.00812301004042344,0.00835796501478658,0.00883702591765957,0.00868958195035238,0.00855382401136368,0.00899663658162958,0.0089251539109054,0.00887157254693231,0.00890396468680761,0.00886849503767019,0.00918510806413213,0.00920337803426323,0.00899135832447255,0.0146281104440306,0.0175164513488113,0.0171715523887807
820,0.00193023198685705,0.00194969448538236,0.00229592000130191,0.00285341935154343,0.00298043635575652,0.00830118313117572,0.00850927860190212,0.00871497993998731,0.00895560477375064,0.00840478697655928,0.00881816667555578,0.00863035835952412,0.00871687831023013,0.00889447581221244,0.00869096449052212,0.00892464047593108,0.00941015809697607,0.0092733417052302,0.00914260131314393,0.00957881851167418,0.00951894788036066,0.00946747530699225,0.00950589061320157,0.0094948566909238,0.00980708106961967,0.00987006097522376,0.00959140735972757,0.0151456218699739,0.0179708307852562,0.017606809174237
818,0.00191297731769162,0.00191525873082916,0.00225588022738473,0.0028331470770018,0.00298057986596437,0.00823634619027682,0.00844358573620098,0.00864604609762406,0.00889080388784381,0.00837830811614722,0.00878281261370814,0.00863041865133539,0.00873320921675291,0.00888889439648054,0.00870047913274903,0.00893304840726362,0.00942796704313381,0.00930748342600154,0.0091854415639687,0.00961612598996181,0.00956888635421069,0.00950962632842208,0.00955852546969598,0.0095695040927166,0.00986376840343478,0.00994933939977556,0.00963618640846639,0.0152047480537676,0.018037903882486,0.0176556788836802
816,0.00148969764398071,0.00147940434287073,0.00182803330927845,0.00241987481029805,0.00256597587082997,0.00788495002420336,0.00809330414556837,0.00829564405501904,0.00855202746162201,0.00801124051865093,0.00841772108161104,0.00826579364296285,0.00837240030894383,0.00851010099178113,0.0083239653820327,0.00855456981947449,0.0090515155791253,0.00893924570049915,0.00883433326613466,0.00926857144858821,0.00921768888627516,0.00914648755273846,0.00920716126479065,0.00921602219560743,0.00949693815911555,0.00951665936731396,0.00922035867106661,0.0148478865087607,0.0177130221414479,0.0173117880058667
814,0.00136338559569536,0.00135934690860122,0.00171554142882385,0.00230377184218402,0.00242882854226793,0.00784689280138126,0.00806517677135856,0.00827161667562106,0.00854095301727939,0.00791651011569797,0.00833950217565246,0.00814489911229677,0.00824315452964958,0.00838035667202305,0.00818444330033567,0.00840990743635925,0.00890412816228564,0.00877680821009,0.00869511655924059,0.00914329127613126,0.00906791766175827,0.00898685617408669,0.00905470903861292,0.00903726779292276,0.0093210902285479,0.00923098048686895,0.00899901863527175,0.0146530092364066,0.017515811259922,0.0171034200000243
812,0.00145840777521531,0.00147188335653684,0.00182930425740657,0.00240797008652001,0.00251732083031971,0.00792386599100139,0.0081531558681454,0.00836567251962159,0.00863641288404516,0.00792768931345404,0.00837894988980471,0.00812804092419427,0.00821387679167305,0.00835935800373759,0.00815839268977609,0.00837668616607661,0.00887540936559835,0.00871528288480115,0.0086481417281527,0.00911605705727001,0.00901155313480639,0.00892455081061304,0.00898860365611032,0.00894826013327939,0.00924200301489065,0.00911771899591533,0.00900509456166698,0.0146296174904973,0.0174563418213013,0.0170535412082482
810,0.00135476603123249,0.00137571853525382,0.00173376625498843,0.00231367381516616,0.00242503591462975,0.00759085557979489,0.00781423159677096,0.00802982975586577,0.00829051353442956,0.00756114434345142,0.0080396195588165,0.0077679248815438,0.00784200816413392,0.0079913460941345,0.00780305399250117,0.00801555360316023,0.00852838098604038,0.00834782191974545,0.00827586146794862,0.00875916095043533,0.00864284732026888,0.00855495871100143,0.00860293801398552,0.00856742794311962,0.00886428025233774,0.00882581863984135,0.00887631292359392,0.0144594132288113,0.0172544236628915,0.0168759336351179
808,0.00130019348517503,0.00131224139674443,0.00167313165928875,0.00225887255534549,0.00237474352677882,0.00708579902477583,0.00727956700329179,0.00749557430553095,0.00774474591154123,0.00709249118003424,0.00758105350941125,0.00734976255533978,0.00741179463644727,0.00756042226882058,0.00739821401619048,0.00760866291832594,0.00813315056957741,0.00796719091325447,0.00788162970272417,0.00836314697580735,0.00826043563628472,0.00817705364233695,0.00820530576012382,0.00819835995641006,0.00849136006157599,0.00859281524099624,0.00879869287920711,0.0143744403469529,0.0171580966944281,0.0167918415389085
806,0.00167190983203508,0.00167392725733037,0.00203496011580572,0.00261266905761138,0.00272321976487227,0.00687984370826961,0.00703402380496726,0.00725232447243803,0.00749315668580126,0.00699822633230862,0.00747567261267644,0.00732681553017752,0.0073782530941552,0.00752724445581277,0.00739472314531425,0.00760744298348359,0.0081322376676941,0.00800514078352391,0.00791683759512849,0.00837266179381244,0.00830290210740395,0.00822603218201868,0.00824180107948468,0.00826911233918099,0.00856006592641801,0.00879017739938413,0.00912248829192618,0.0147076361038504,0.0174860340388688,0.0171040730396011
804,0.0020287706270222,0.00203284860368037,0.00238925060322279,0.00294462331291678,0.00305307377680892,0.00664380517479653,0.00676652810203706,0.00698599457513663,0.00722232905901252,0.00690504738857548,0.0073614779608275,0.00729765169587181,0.00734560860107266,0.00749350216253247,0.0073949652780164,0.00761260194702819,0.00813257508667676,0.00804183899733099,0.00796357706120798,0.00837787104180104,0.00835222603959167,0.00828025811632935,0.00828911096065153,0.00834856177779709,0.0086448288762791,0.00897961084162233,0.00947318007717528,0.0150307209877581,0.0177978308813771,0.0173887949746307
802,0.00183275081516227,0.00184609492550641,0.00219825268018026,0.00273543015489841,0.00285856853474115,0.00594206306524375,0.00604583210326641,0.00625480972364923,0.00649510029421084,0.00631105147615267,0.00674975518588758,0.00674985459279,0.00680080520029463,0.00694097046354831,0.00688506154216482,0.0071059383183839,0.00762594197449567,0.00755615979158723,0.00748530014573671,0.00786367674653349,0.00788442114502934,0.0078163521116221,0.00781207523158794,0.00789954903432806,0.00821080396454005,0.00860055604512603,0.00933769257283237,0.0148322631483505,0.017584388864975,0.0171622444379036
800,0.00153098391225504,0.00155089746534794,0.00190297854821741,0.00243722875116635,0.00257801892096485,0.00535638071898342,0.0054475768912947,0.00563293752492699,0.00588534363809121,0.00576252015827846,0.00619130470955418,0.00623148302364821,0.00628348623734437,0.00641540281757062,0.00640213959864891,0.00662163227474732,0.00714571757364853,0.00708252604490262,0.00701051333626518,0.00737818282380975,0.00743203648242493,0.00736753527154612,0.00734394690834703,0.00744463953870149,0.00778134865001739,0.00812290585156009,0.00908349287224595,0.0145594072063255,0.0173012718743749,0.0168790154483278
798,0.00181776478986668,0.00184355525595849,0.00219725627424212,0.00273685839193582,0.00287501701968111,0.00568718833141145,0.00577037731612899,0.00593203804811048,0.00619095208775297,0.00607394313822329,0.00650032425682712,0.00655605540293855,0.00660465681230667,0.00673944560062826,0.0067503341545992,0.00696730259250336,0.00749198334521701,0.0074226024774996,0.00735381832881087,0.0077363193167733,0.00779433220385592,0.00773004754154667,0.00769877041374919,0.00778887876847579,0.00815360581247864,0.00834479073951039,0.00933273943489953,0.0148935948748585,0.0176437895847331,0.017213461498569
796,0.00243892509654541,0.00247789752149709,0.00283214213906871,0.00337451501969921,0.00348962908924709,0.00662875668691901,0.00671331683553584,0.00686150754762643,0.00711024466655921,0.00696857681214429,0.00740013431125586,0.00744149793696468,0.00748997705554343,0.0076370149759692,0.00764374046481965,0.00786320307757807,0.00838286223060167,0.00830031109010618,0.00824865232227508,0.00865233121353597,0.00868455935853008,0.0086168842593505,0.00859935540978463,0.00866563205127296,0.00904375485918512,0.00905727846394316,0.0098464519430039,0.0155446694526197,0.0183320944991113,0.0178796184449515
794,0.0027976089565211,0.00285541076860439,0.00321093412045369,0.00374955030812243,0.00384026681226554,0.0074170384489175,0.00751273536167285,0.00765316232045567,0.00788389842628015,0.00769179628498472,0.00813264459155812,0.00813320415167756,0.00818690590148987,0.00833983198963489,0.00832128087461677,0.00854773078208043,0.00906058928201965,0.00897159444359196,0.00894117007978243,0.00935352690623001,0.0093449924353164,0.00927633034223402,0.0092776066295814,0.00932613112508881,0.00969316706695786,0.00956820824093414,0.0100920801557487,0.0158713323180589,0.0187050924215141,0.0182321880209189
792,0.00307046202409891,0.003141588845124,0.00350295467544416,0.00403119442884757,0.00410980180738423,0.00812665534743162,0.00823476309221981,0.00836570215541706,0.00858606894193715,0.0083208455258972,0.00876579922173295,0.00871916043087888,0.00877198553532345,0.00891535288211664,0.00886794394931711,0.00909899379309604,0.0096059104169796,0.00952102188651405,0.00950143207985149,0.0099098707698006,0.00986383533745383,0.00979817517717559,0.00980264226840759,0.00984289806862242,0.0101856256981279,0.0099789268312984,0.0103257878695448,0.0160964457196418,0.0189422391914474,0.018461045259619
790,0.00370393282313577,0.0037761485166005,0.00414975647744856,0.00466401360923872,0.00474641166690639,0.00917984144613473,0.00929385332075933,0.0094174115566797,0.0096348234199024,0.00930612923228466,0.00974276548646237,0.00966633911403915,0.00970572559592571,0.00983279101566548,0.00977133922176759,0.0100024556703275,0.0105052874663918,0.010418770545481,0.010397809824064,0.0108045454582854,0.0107375026200561,0.0106691367247493,0.010665092952376,0.0106970579002104,0.0110250669447356,0.0107948793730875,0.0110656911190528,0.0168125731252978,0.0196244619795077,0.0191393063997745
788,0.00450279635682544,0.00456849272716807,0.00495906429057962,0.0054656112849779,0.00556857255019779,0.0102759661584807,0.0103904091197015,0.0105172509966151,0.010729749131485,0.0103933244465687,0.0108122323364353,0.0107346392126214,0.0107616693524255,0.0108788140340353,0.010828209127603,0.0110608690093038,0.0115657946829959,0.0114589849592038,0.0114284291560908,0.0118469564892848,0.0117829972596313,0.011698551040898,0.0116925564344264,0.0117185022508708,0.0120541255211573,0.0118393774587754,0.0120991432879447,0.0178742263668822,0.0206468536751961,0.0201564585468895
786,0.00519599693256411,0.00525663089286414,0.00566376123970993,0.00617905845460564,0.00631082980333782,0.0109796958929366,0.0110938695117378,0.0112334603102187,0.0114414214789052,0.0111631696404361,0.0115658617145192,0.0115117010340641,0.0115438895898735,0.0116598327177265,0.0116374985922172,0.0118756550972011,0.0123952911994719,0.0122620832702716,0.0122109983984274,0.0126527664508391,0.0126139998125408,0.0125074017158754,0.0125090985219746,0.0125474793144859,0.0129059227145161,0.0126805693399728,0.013021110140216,0.018829911087122,0.021587740502562,0.0211009365364243
784,0.00619287061298941,0.0062534825521409,0.00667164912431227,0.00720809926627346,0.00735433235382259,0.0117207679450328,0.0118344291275705,0.0119851768370159,0.012200703237566,0.012004869738335,0.0124022281057834,0.0123832692886375,0.0124327648016335,0.0125513833654102,0.0125525425035527,0.0127911573877507,0.0133379836603318,0.0131933517092943,0.0131094102480952,0.0135751781952388,0.0135688798297586,0.0134457565801485,0.0134533858867967,0.0135260400482763,0.0139030846997232,0.0136041654977197,0.0141286185803566,0.0198667908772395,0.0226014280293319,0.0221333023838627
782,0.00780237645500648,0.00786388946386412,0.00828779778325341,0.0088395547464866,0.00896983459041822,0.0130602553818884,0.0131717156203976,0.0133227902740804,0.0135599986720479,0.01341854919023,0.0138220007209569,0.013834710639082,0.0138945702213431,0.0140186432567901,0.0140221412331326,0.0142472127715135,0.0148217761739885,0.0146824840850255,0.0145672140092821,0.0150459850647005,0.0150619947074421,0.0149282099834813,0.0149381255454189,0.0150452995181115,0.0154209051484035,0.0150694792415616,0.0157630459541034,0.021303847746552,0.0239660156444657,0.0235149749505013
780,0.00940675733419634,0.00946485708696076,0.0098935894894699,0.0104434384981203,0.0105388377644883,0.0145780595457228,0.0146894988279228,0.0148308028605696,0.0150932240252278,0.0149598784253556,0.0153730050949506,0.0154028722097202,0.0154603308303471,0.0155949291554256,0.0155854228757457,0.0157897476971402,0.0163760250186021,0.0162474415923534,0.0161220560107446,0.0165958354297759,0.0166184951980345,0.0164760337143093,0.0164927421851053,0.0166126499568648,0.0169674346716621,0.0167051497539554,0.0173971540577264,0.0227362555681093,0.0253114756892303,0.0248539796835125
778,0.0104156057708525,0.010467005463824,0.0109007068889753,0.0114433387716024,0.0115111717047668,0.0156355625829355,0.0157561551285768,0.0158883166673459,0.016169206601546,0.0160140727125331,0.0164325272078772,0.0164655170194377,0.0165177873078296,0.0166666799137968,0.0166477849225486,0.0168422257343259,0.0174178844587163,0.0173032133112731,0.017190478394486,0.0176467863147708,0.0176649340610652,0.0175230903633457,0.0175472081762632,0.017662459021927,0.0179930940684174,0.0179401566009577,0.0184655953905776,0.0237466637181042,0.0263017427563178,0.0258173385484497
776,0.0113867176737495,0.0114341851390528,0.0118701014922465,0.0124235019523242,0.0124838464579719,0.016659756458099,0.0167993877118318,0.0169360348338394,0.0172240922403278,0.0170419771175614,0.0174624587374288,0.0174958573209198,0.0175444244375246,0.0177075766104127,0.0176937681612245,0.0178976609135133,0.0184513268578221,0.0183578875671265,0.0182611181370174,0.0187062336548291,0.0187108585417495,0.018587766446702,0.0186054350037261,0.0187209518406037,0.0190394360914132,0.0191690971253854,0.0195466187365979,0.0249279071862067,0.0275467609966014,0.0270390164945539
774,0.013219755130243,0.0132687884585926,0.0137060329824119,0.0142950428076143,0.0143630717316314,0.0185265690769233,0.0186878632456318,0.0188440795463302,0.0191272891039407,0.0189278680413122,0.0193548621472608,0.0193959515730695,0.0194349666411742,0.019611206033494,0.0196130577491944,0.0198350345101243,0.0203717524463557,0.0203009551437356,0.0202071488096873,0.0206615522534462,0.020643933245254,0.0205472906159353,0.0205468266622547,0.0206759933099975,0.0209962349165102,0.021214449954238,0.021627217362744,0.0271400379708827,0.0298334508795889,0.0293176810596582
772,0.0159059584272071,0.0159590248959302,0.0164049333871018,0.0170347622790635,0.0171177250957142,0.0212378121000118,0.0214159495276932,0.0215920994704042,0.021864558002091,0.021656825678936,0.0220958962173817,0.0221493087652837,0.022171555509287,0.0223574109260899,0.0223754445360675,0.0226075934953686,0.0231357176455929,0.0230796460094116,0.0229798366990159,0.0234538737709408,0.0234139972930487,0.0233312431765713,0.0233217886043329,0.023459640542321,0.0237918080962152,0.0240742474357263,0.024707876197817,0.0302618373090972,0.0329742235287523,0.0324525279349072
770,0.0191124710579408,0.0191715819014773,0.0196362496341456,0.0202841908345083,0.02038123563945,0.0244183155413284,0.0246047929997832,0.024788694776157,0.0250555495419823,0.0248313842292226,0.0252770635938085,0.0253347373528136,0.0253437695233997,0.0255270159667111,0.0255503900704193,0.0257795951529091,0.0262967850260643,0.0262511998711502,0.0261497895259828,0.0266277056337252,0.0265786039610529,0.0264978006746497,0.026495030096529,0.0266119771908765,0.0269699645834308,0.0273211555941027,0.0282559347590976,0.0337612869921189,0.0364494494561848,0.0359104620031745
768,0.0232994766065249,0.0233733729801968,0.0238579332305734,0.024487381402,0.0245851600849795,0.0285600680761811,0.0287442415172186,0.0289336554692777,0.0292011386341504,0.0289306156939794,0.0293677933119612,0.0294102079929483,0.0294159147409062,0.0295789155773489,0.0295841806177881,0.0298043939845891,0.0303014858470453,0.0302699927627779,0.0301760691567823,0.0306305640436929,0.030585917515288,0.0305172407492496,0.0305164304639343,0.0305794813212324,0.0309798571420399,0.0313071284753391,0.0325153424652951,0.0379681541734785,0.0406339803837169,0.0400753682013134
766,0.0291527085052453,0.0292539706943034,0.0297504266645629,0.0303280227774496,0.0304075274334445,0.0345055100531577,0.0346799004436728,0.0348919981805551,0.0351539189911181,0.0348062894803333,0.0352251114256641,0.0352294313864093,0.0352357566028041,0.0353734053984872,0.0353319161171315,0.0355452204660867,0.0360191589380585,0.0359992608779973,0.0359194556876234,0.0363381124530734,0.0362988289098649,0.0362613171029457,0.0362419099646198,0.0362402913272237,0.0366818835379875,0.0368383534358992,0.038211123949369,0.0436649950344308,0.0463187823376853,0.0457573901702207
764,0.036634245911947,0.0367674809094972,0.0372695030568562,0.0377726193640004,0.0378271183992303,0.0422405300106651,0.0424144110615464,0.042662271677159,0.0429091167235186,0.0424862113192231,0.0428892162649359,0.0428391430288119,0.042846295581953,0.042975849543572,0.0428724887324105,0.0430831121908138,0.0435364829854304,0.0435165332552723,0.0434597593507193,0.0438507353663745,0.0438099064382338,0.0438031416117033,0.0437567029181078,0.0437086588458462,0.0441592442970646,0.0441116272071488,0.0455085674289139,0.0510043934688563,0.053644176120737,0.0530990362795004
762,0.0458442250880236,0.0460051979236478,0.0465115131990737,0.0469311096825491,0.0469672090611216,0.0515815112233308,0.0517873632388595,0.0520575896778998,0.0522984736787718,0.051845890539394,0.0522380670855739,0.0521362424226586,0.0521503858286722,0.052293918564218,0.052140641120091,0.052349732979019,0.0527788659251946,0.0527575414651686,0.0527372647939527,0.0531154334505576,0.053070706725552,0.0530749997057486,0.0530112988873461,0.0529514903323826,0.0533675011308349,0.0532205232961393,0.0545756452190609,0.0601190365466419,0.0627606410041557,0.0622329817167799
760,0.0581433595761773,0.0583342728658106,0.0588413529913863,0.0591822611369408,0.0591980043187131,0.0635873426197821,0.0638622323866309,0.0641325145226832,0.0643909839858768,0.0639727805747199,0.0643509126823577,0.0642273291702439,0.0642565779924575,0.0644148711855279,0.0642437815888579,0.0644456967916134,0.0648407049133678,0.0648357883294312,0.0648592866169518,0.0652366579284179,0.0651892892145863,0.0651900240219238,0.0651187063889958,0.0650797289178825,0.0654399191963577,0.0652965024187118,0.0666864556130857,0.0722667014755858,0.0749581847514751,0.0744336855236778
758,0.0749575820007754,0.0751953295325035,0.0756956213701619,0.0759667695211161,0.0759421700633681,0.0797453231466844,0.0800990011767754,0.0803717150938461,0.0806552829608318,0.0803158497655434,0.0806708572084584,0.0805715635785887,0.0806150008410594,0.0807680440980345,0.0806108549871821,0.0807912209716771,0.0811520359020829,0.0811794393042043,0.0812377831034534,0.081621654855519,0.0815698792301608,0.0815643522660656,0.0814910585256378,0.0814888803888054,0.081803361054117,0.0817019430989445,0.0832433067411443,0.0888458063458593,0.0916239518806799,0.0910910980778899
756,0.0955625136515043,0.0958621110789492,0.0963516140043293,0.0965543166038997,0.0964757822279559,0.0996735047229195,0.100075451671403,0.100373867319965,0.100662842529604,0.100409179902873,0.100733641814,0.100690690120208,0.10074111062507,0.100875733145771,0.100748068219558,0.100889822588447,0.101233952973546,0.10128925817927,0.101362702903505,0.101749690271755,0.101695962656793,0.101676637234151,0.1016164293122,0.101643803877658,0.101935935362614,0.101929972896919,0.10359087702808,0.109196680554966,0.112038123573716,0.111499249469491
754,0.11677293542591,0.117121799441324,0.117600431829743,0.11774197015253,0.117630396701707,0.120441305228914,0.120837324113727,0.121168903676253,0.121439807727652,0.121253488312255,0.121545636131808,0.121557064006248,0.121610073501607,0.121738615388729,0.121637884187141,0.121737812951612,0.122087174107859,0.122155881650717,0.122224478964602,0.122599584136841,0.12256210848951,0.122513169141865,0.122482139222653,0.122515968041485,0.122806410024168,0.122985252464351,0.124559073478273,0.130146781637932,0.132973861133713,0.132438110911637
752,0.134342769947109,0.134695151635376,0.135155814326568,0.13528719953825,0.135191601623898,0.13786580229641,0.138203893968399,0.138546590885812,0.13879092936496,0.138652852712344,0.138922826934724,0.138966890354264,0.139015605143185,0.139162268548333,0.139077361292486,0.139159543960179,0.139526227703672,0.139595894593879,0.139638242090453,0.13999788546222,0.139998307979636,0.139916998368477,0.139902352901642,0.139927631394274,0.14023235112466,0.140609713859344,0.141891922501636,0.147430827959733,0.150161686936603,0.149629504188527
750,0.144297417852458,0.144594809607192,0.145023871442938,0.145245128433952,0.145210510464805,0.147992741285759,0.148237820988553,0.14856377148395,0.148780617584106,0.148680585282666,0.148958972388366,0.149022722926413,0.149051400351498,0.149226316936351,0.149151764102367,0.149258276643695,0.149649572635964,0.149697433796098,0.149685901305442,0.150062305641491,0.150096833907677,0.149999606065909,0.149966288640143,0.149996999339014,0.150325501883516,0.15079950005585,0.151691809061907,0.15712705922813,0.159721441170172,0.159178291096552
748,0.144249805899412,0.144448801250754,0.144845600974501,0.145245110342552,0.145290657245605,0.148379534611383,0.148517194613647,0.148805165568603,0.148999887996047,0.148920654971454,0.149252159626684,0.149330789129128,0.149333707445208,0.149527869330262,0.149468121980245,0.149630065150435,0.150061694848593,0.150051305929388,0.149964089614746,0.15040358135012,0.150441614542202,0.150335996948311,0.150277538468386,0.150344954006918,0.150695562234272,0.151168167204824,0.151573912779353,0.156851049070292,0.159326596733577,0.158753765995345
746,0.134908001463669,0.135000431913608,0.135385568363588,0.135979522904891,0.136095598738254,0.139491552759091,0.139528299825122,0.13975300658426,0.139947961105473,0.139855536527811,0.140273866535643,0.140347593948671,0.140346542297228,0.140545431962282,0.140502827134346,0.140720845587075,0.141216541820282,0.141132538415946,0.140970911751444,0.141484841450161,0.14150153908911,0.141371680474649,0.141321703315285,0.141439250299086,0.141804200686658,0.142242477293748,0.142055739179423,0.147186688915068,0.149603927676334,0.148993874810507
744,0.119958574594041,0.119974392700728,0.120370820756672,0.121115101780541,0.121269847646668,0.124809816433889,0.124768731268234,0.124913191907987,0.125126957423012,0.124997843014503,0.125505924616443,0.125545974303622,0.125565001026803,0.125757597388065,0.1257231995043,0.125974463201039,0.126553501206745,0.126424699130468,0.12620693157537,0.126766624728774,0.126762973737574,0.12659707552313,0.126575935908903,0.126725619305432,0.127101003320143,0.127464961748313,0.126799288453956,0.131873552525411,0.134295125952119,0.133654442122307
742,0.103375011752131,0.103358250960094,0.103772328395501,0.104613515238359,0.104773229932901,0.108386563969479,0.108300560406525,0.108383457968308,0.108595333634743,0.108449219659715,0.109021538220919,0.109026287122581,0.10905711385436,0.10923755552319,0.109202661118288,0.109461142980979,0.110126458442608,0.109993121632902,0.109734113697977,0.110315250970437,0.110304555971556,0.11011783016465,0.11010332963411,0.110257350268996,0.110644078404568,0.110880064238989,0.110147719140481,0.115249137585258,0.11770161891887,0.117043424337646
740,0.0870343570363471,0.0870080097874735,0.0874327958276889,0.0883314146663245,0.0884842952095401,0.0922460824502906,0.0921538494106786,0.0922168134426371,0.0923859316152483,0.0922716038405935,0.0928704490079786,0.0928757472681305,0.0928909688470803,0.0930614527015165,0.0930326921501694,0.093283854493667,0.0940166372926349,0.0938867847938752,0.0935953434113283,0.0942069764209198,0.0941961158228112,0.0940131935093054,0.0939784436037117,0.0941230923855966,0.0945266711446726,0.0946516484818972,0.0942645873070782,0.0994022752159192,0.101876620792069,0.101214278761196
738,0.0714579582425637,0.0714175006293136,0.0718463716068513,0.0727746927642864,0.0729272744020163,0.0768268687975716,0.0767630882588578,0.0768329970337797,0.0769567263411896,0.0769018999711148,0.0774977131876379,0.0775421001904338,0.0775331136229587,0.0777048839056064,0.0776986665404137,0.0779413580795014,0.0787091811269517,0.0785609714897966,0.0782528271907245,0.0789203360351563,0.0789081643413357,0.0787359825132778,0.078685726516614,0.0788240736947322,0.0792586752271475,0.0793487514804906,0.0794163389679576,0.084560466549888,0.0870430049140798,0.0863862172687664
736,0.0575333414283003,0.0574769523309442,0.0579098222393901,0.0588543672973474,0.0590039356294219,0.0628659662127676,0.0628405632101343,0.0629286026591793,0.0630494328906845,0.0630369357060693,0.0636256779720562,0.0637143639522514,0.0636921921468824,0.0638793321776632,0.0639045304233733,0.0641424390900869,0.0649209595003056,0.0647357951260646,0.064434246826558,0.0651674559202388,0.0651521550263152,0.0649809247753386,0.0649347877859622,0.0650793185456294,0.0655575292085755,0.0656332571311165,0.0660337430917825,0.0711896752699449,0.0736836383401707,0.0730323038746448
734,0.0460945538360004,0.0460457829384042,0.0464864948169125,0.0474440380551593,0.047571301677443,0.0512983643359554,0.0512886411836483,0.0514164463646129,0.0515644479581737,0.0515606937062429,0.0521613196987886,0.0522690738158,0.0522334086827273,0.0524439551042918,0.0524967780306916,0.0527301020654619,0.0535136841067269,0.0532946597196126,0.0530159704735919,0.0537944289457958,0.0537772179786796,0.0536008987423035,0.053563989548591,0.053730439858322,0.0542377737972317,0.0542278294647529,0.0548797097427143,0.0600896794122226,0.0626104440463095,0.0619537267180608
732,0.036852866740068,0.0368427145355733,0.0372933914570633,0.0382467158914121,0.0383431563711147,0.0420752307497689,0.0420530559219838,0.0422410709406936,0.0424031946231343,0.0423968080808334,0.0430221085885481,0.0431233624167374,0.0430589539725543,0.0432890050593769,0.0433596390009249,0.0435886145846282,0.0443700072664102,0.0441378311540946,0.0438853667640656,0.0446639924061304,0.0446492630389302,0.0444760093415033,0.0444430482689864,0.0446403855747937,0.0451333667850086,0.0449572686748486,0.0458955755335057,0.0511796759370034,0.0537424557569352,0.053071530517929
730,0.0292906133184511,0.0293260987426483,0.0297841004860057,0.0306923818488736,0.0307799153238775,0.0346836616150207,0.0346498760061792,0.0348743713063668,0.0350341526541094,0.035040728623078,0.0356714670625454,0.0357614654064595,0.0356715858563876,0.0359038931359292,0.0359772303081293,0.0362122772034707,0.0369600530828386,0.0367441987077237,0.0365169446502056,0.0372480632578466,0.037242485741449,0.0370863433458823,0.03705692914217,0.0372769822458919,0.0377230548072422,0.0373593378185169,0.0386021862137444,0.0439435250356383,0.046558387083476,0.0458801121476605
728,0.023816290668401,0.0238774594482197,0.0243411540409919,0.0251744936091136,0.0252849299142301,0.0292866338120906,0.0292653005293218,0.0294642377254604,0.0296397036591966,0.0296796921127414,0.030278015258845,0.030370524781743,0.0302908020154213,0.0305025892971242,0.0305550007311518,0.0308129683089387,0.0314907600198338,0.0313191484653234,0.0311151508822463,0.031777384123592,0.031787870252423,0.031654468252544,0.0316259466970544,0.0318497292284328,0.0322608146559835,0.0317533335067127,0.0332413366599091,0.0386422359965988,0.0413134910702989,0.0406432071342183
726,0.0206581700705182,0.0207189570629965,0.0211979918549253,0.0219727365563722,0.0221154171864471,0.02597774324009,0.0259797598139365,0.0261199346048502,0.026338134674538,0.0264166163586241,0.0269651610956606,0.0270767179294384,0.0270415312548085,0.027222978137873,0.027232629476411,0.0275170911291364,0.0281283789734224,0.0280103625855027,0.0278215844918575,0.0284280355543728,0.0284594756800802,0.0283394329909865,0.0282992475355449,0.0285156702520797,0.0289264727634099,0.028393677725525,0.0300575737201877,0.0355725692705785,0.0382991088909117,0.0376379542210265
724,0.0185793974347681,0.0186212591275108,0.019132099362526,0.0198902641139764,0.0200495364917933,0.0236558180338734,0.0236713275408049,0.02378260236967,0.0240399347522828,0.024137208357589,0.0246534721860962,0.0247886330370579,0.024795839072924,0.0249629144958614,0.0249282778898089,0.0252234162971736,0.0258162718410689,0.0257302124597678,0.0255480817414351,0.026120525133804,0.0261736708961852,0.026048940485125,0.0259955319974169,0.0262022701186354,0.0266262569417052,0.0262508562382381,0.028006202194668,0.0336788936052013,0.0364539638186854,0.0357833350647953
722,0.0162238420896131,0.0162396611395785,0.0167826424821481,0.0175438088115532,0.0177001276680264,0.0211354722165721,0.0211666754172204,0.0212931043313884,0.0215675489370903,0.0216414725008851,0.0221532963190685,0.0223006370685313,0.0223202524218655,0.0225021759463582,0.0224429617885251,0.0227380745676144,0.0233531576237337,0.0232564262693783,0.023086285705753,0.0236310825578714,0.0236998715367096,0.0235588316439059,0.0235182446648363,0.0237019572526588,0.0241303936385704,0.0240552521758086,0.025727954038907,0.0314965440735061,0.034298419242315,0.0336028922906887
720,0.0138578042567833,0.0138596010854085,0.0144096946750477,0.0151666422129532,0.0153096824924703,0.0186831338093736,0.0187561203080461,0.0189029414164207,0.0191889880873408,0.0191994211911597,0.0197201012186546,0.0198626333792801,0.0198702184727368,0.0200800895100191,0.0200183470035096,0.0203289298629006,0.0209558783434293,0.0208167270642664,0.0206718092225653,0.0211939275495006,0.0212672027056662,0.0211135876422343,0.0211093756017974,0.0212466276978254,0.0216803993032367,0.0218938395068818,0.0233224824072774,0.0290193694239011,0.0317966401462861,0.0310846897639645
718,0.0123211813832181,0.0123374035580892,0.0128722724030276,0.0136261216666884,0.0137535852523739,0.0170569783732869,0.0171829873960298,0.0173350251354973,0.0176409522925319,0.0175865966356206,0.0181155866555112,0.0182469304652955,0.0182391639541262,0.0184610246097966,0.0184095622292308,0.018754699016986,0.019352895715932,0.0191811671843383,0.0190549602283963,0.0195815371237515,0.0196540279239715,0.0194981594180896,0.0195103142872952,0.0196037340603894,0.0200539710355315,0.0204212552324507,0.0217006882404049,0.0271744514497064,0.0298564269498752,0.0291509328862729
716,0.0112553019741631,0.0113034497037233,0.0118326228859328,0.012599542540565,0.012715301059079,0.0158858985386968,0.016033764490087,0.0161955616451098,0.0165200152296591,0.0164445295245814,0.0169763737297429,0.0171058506756893,0.017092370276393,0.0172990626638256,0.0172675411415191,0.0176305811745734,0.0181826154062751,0.0180276784024776,0.0178886971988446,0.0184520628839563,0.018532588416795,0.0183759910288646,0.0183572527724315,0.0184530854141214,0.0189106716035817,0.0192976253316092,0.0207603858189667,0.0259995355869057,0.0285444978807663,0.0278599393115952
714,0.00999136169064272,0.0100585559105615,0.0106063572216075,0.0113875744640976,0.0115003606051035,0.0145577875344911,0.0146873731397877,0.0148696596767729,0.0152053956408883,0.0151588828299034,0.015686103943739,0.0158293743403809,0.0158195589331152,0.0159966600594506,0.0159946568439737,0.0163300667325375,0.0168612077606412,0.0167678533836026,0.0165941104908162,0.0171962142930347,0.01729547467571,0.0171307040715415,0.0170629339653993,0.0172107627165699,0.0176484741120478,0.0179581843035386,0.0198053216704088,0.0249332782062059,0.0273670568662227,0.0267040515513023
712,0.00905644834890594,0.00912233776227901,0.00968657966617956,0.0104615138243012,0.0105794023981384,0.0136664274935215,0.0137712512192048,0.0139588600896224,0.0143052122804385,0.0143098403256549,0.014831310174127,0.0149988363792856,0.014992763353657,0.0151436941154686,0.0151719797669825,0.0154557755247781,0.0160097084048597,0.0159694593575728,0.0157753297898897,0.0163935723572711,0.0165035192947603,0.0163281268742514,0.0162380139810467,0.0164421387885066,0.0168553529382996,0.0170071909207519,0.019064877520549,0.0242158025194302,0.0266097481893464,0.0259615841338636
710,0.00905794702536628,0.00912902248477324,0.00967617301338269,0.0104327520826837,0.0105601263058363,0.0138395993434619,0.0139331961208911,0.01410413740933,0.0144520237074765,0.014509050570422,0.0150422880141105,0.01523268865088,0.0152209887685516,0.0153583692930554,0.0154064402393441,0.0156615373206188,0.0162688041846264,0.0162241581844075,0.0160406194317082,0.0166660048483279,0.0167621631672601,0.0165847710067654,0.0165030329285899,0.0167315329661967,0.0171510805671081,0.0171419963620508,0.0190905739862844,0.0242941601694208,0.0267016907241193,0.0260530334227455
708,0.00910751798815984,0.00920769404652185,0.00971095580474078,0.0104606934087246,0.0106012044154173,0.0140786457744873,0.014156003351118,0.0143234307729187,0.0146423631646555,0.0147532421825257,0.015323553400286,0.0155215180634678,0.0155003469630087,0.0156364565692661,0.0156934632215142,0.0159577719883404,0.0166210009665133,0.016528247974728,0.0163657626115669,0.0170090003689004,0.0170763024173886,0.0169067777723489,0.0168381160933485,0.0170695948390245,0.0175252004061001,0.0174881393261946,0.0192566032247642,0.0244499631784814,0.0268745555626253,0.0262008254286519
706,0.00816062979247099,0.0082921259882052,0.00875689351689195,0.00951433669922415,0.00967011030692893,0.0131282316936543,0.0131743830957539,0.0133755654496855,0.0136427098887105,0.0138067071870059,0.014413498065529,0.0145982627981372,0.0145839183281182,0.0147216510154673,0.0147824463151173,0.0150688427836517,0.015766819701458,0.0156450674372862,0.0154870448616929,0.016146735115805,0.0161903854184447,0.0160301604926055,0.01597378081966,0.01621009746046,0.0167052020205591,0.0167870942888171,0.0185941664712484,0.0237408413164685,0.0261686812182111,0.025453794499109
704,0.00695053822059744,0.00708983410723176,0.00753842671318165,0.00830603728778342,0.00847276770472902,0.0116598750933039,0.0116906178590029,0.0119359722331019,0.012169342212713,0.0123731664239378,0.0129805740554058,0.0131461543839464,0.013161399019376,0.0132906717553463,0.0133504412121218,0.0136480101368707,0.0143542512911435,0.0142578494440832,0.014081738816419,0.0147383183659046,0.0147633372555611,0.0146075310157533,0.0145808189332097,0.0148208666528884,0.0153516881065555,0.0155372893566693,0.0175893712643647,0.0227525543875635,0.0251981408991063,0.024453499524402
702,0.00672534752489391,0.00685992787373388,0.00730889595775686,0.0080850947492407,0.0082559029293281,0.0111675152514163,0.0112243434258948,0.0114856439238324,0.0117240028120263,0.011953081000437,0.0125284851805998,0.0126913079870575,0.0127363026887791,0.0128464742850855,0.0129016754112769,0.0131980599828325,0.0138999697350377,0.0138551389065884,0.0136484880457635,0.0142970369816482,0.0142933358593403,0.0141349303967111,0.0141541754787551,0.0143896421339212,0.0149581197055734,0.0151150305023862,0.0174052097035728,0.022674950515359,0.0251749857458725,0.0244273279796525
700,0.00706001796092274,0.00720238649107539,0.00765929094751528,0.00844006519026233,0.00861340522623039,0.0115267353320673,0.0116243634002974,0.0118719934219946,0.0121309090590515,0.012382711542654,0.0129360427692928,0.0131100654750502,0.0131648563337786,0.0132621366405379,0.01331846229103,0.0136059239503735,0.0143071710599142,0.0142957488564244,0.0140629470505697,0.0147209574326474,0.0146812637357779,0.0145089417884916,0.0145615767438425,0.0148018531462881,0.0153928235686086,0.0154582515661801,0.0178489036229107,0.023217332562339,0.0257823010875615,0.0250425323226056
698,0.00687966915757931,0.00703719658978614,0.00750152806787318,0.00827392954595623,0.00844636322743354,0.0116604154535032,0.0117681035759551,0.0119956760109654,0.0122660368720381,0.0125356821728398,0.0131075244463478,0.0132788930755466,0.0133362438104801,0.013439667090897,0.0135048253019339,0.0137798395034427,0.0144913334916366,0.0144811462975359,0.0142478323090579,0.0149210664757195,0.0148606075831312,0.0146622071268059,0.0147180710452294,0.0149837725782706,0.0155586956251521,0.0155582194233493,0.0179100327682458,0.0232664134577625,0.025854126033921,0.0251117218752379
696,0.00654923512408359,0.00670454065254605,0.00716495644158278,0.00792485200120357,0.00807758802841713,0.0116949318918057,0.0117785611875249,0.011995772617987,0.0122711795661988,0.0125351253906109,0.0131508838868217,0.0133008513081661,0.0133706778318581,0.0134914875143474,0.0135558594569679,0.0138304569779046,0.0145682748062266,0.0145329230193375,0.0143283215683098,0.015001629294788,0.0149460475364758,0.0147232184235549,0.0147636721616386,0.0150433082049923,0.0155814672775247,0.015508701911819,0.0176815081420803,0.0229410058183555,0.0254906721697447,0.024738433750407
694,0.00686399782746178,0.00699669739137423,0.00744238093535618,0.0082208147245583,0.00833150673756313,0.0123013049194213,0.0123579657029946,0.012585733299329,0.0128608701163023,0.0130982587205078,0.013743210019122,0.0138970040608985,0.0139689829251614,0.0141085780169608,0.0141497178510964,0.0144500756398648,0.0152346075294945,0.0151573950417404,0.0149752757211937,0.0156486493122215,0.0156122076498549,0.0153852104350773,0.0154055869532506,0.0156538840184442,0.0161766067694016,0.0160271360871878,0.0178766681897104,0.0230778623609363,0.0255709290141895,0.0248182092009393
692,0.00708557441155275,0.00719325771977923,0.00763340277170743,0.00847521839129576,0.00854682491720018,0.0127953642937886,0.0128350758882019,0.0131031974432268,0.0133553014574742,0.0135782548410544,0.0142166983652649,0.0144333800755326,0.0144680899788951,0.0146363238766583,0.0146511504420581,0.0149893596210403,0.0158268834796747,0.0157177607280854,0.0155133010887442,0.0162083283465917,0.0161940044570051,0.0159828501181659,0.0159795896567263,0.0161828862424188,0.0167095581973797,0.0166209082986765,0.0181061490171581,0.0233543131112864,0.0258340369225039,0.0250895123946623
690,0.00625236364999465,0.00633781458728295,0.0067969642693467,0.00770469313714894,0.00776262941963348,0.0122061050026707,0.0122262209811603,0.0125446115034729,0.0127541825325818,0.0129892911212141,0.0136024754784577,0.013893114446399,0.0138791650056082,0.0140879746469208,0.0141019413324726,0.0144637119613983,0.0153287751015445,0.0152295460448858,0.0149767088091651,0.0156875464485429,0.0156915516895597,0.0154966743740053,0.0154768783353784,0.0156889668544244,0.0161920830867794,0.0163454844101737,0.017626649081739,0.0229735887376007,0.025493157112084,0.0247488027042756
688,0.00533311175038885,0.00539108212630006,0.0058845231652468,0.00680807092727895,0.00686272156720643,0.0113793200929026,0.0113776170788194,0.0117059886095239,0.0118988524565162,0.0121397412337906,0.0127426727285642,0.0130261176464209,0.013022421491765,0.0132477613182961,0.0132794096398512,0.0136532307907946,0.0145104748768671,0.0144491128205332,0.0141784044202793,0.0148577573998428,0.0148565225707203,0.0146671689795551,0.0146618800252437,0.014941120455309,0.0153822380346498,0.0157304842762039,0.0171040193300521,0.0225226352244327,0.025083679791886,0.024321805964193
686,0.00567019493767391,0.00570304259951164,0.00623307801603665,0.00712021320273377,0.0071527102959339,0.01163649162822,0.0116335308033903,0.0119061672500934,0.0121415028529534,0.0123458969348822,0.0129667043898737,0.0131424290235719,0.0132214122186291,0.0134013641846158,0.0134356771436529,0.0138313042382722,0.0146804004471191,0.0146243798239863,0.0143736423390337,0.0149963028644652,0.0149490273162212,0.0147660444509344,0.0148011500213756,0.0151331424631012,0.0155319605066617,0.0158213248013693,0.0175196669737405,0.0229776329854144,0.025540129652876,0.0247433879102222
684,0.00642972744856043,0.00646094118470484,0.00703077127794617,0.00786824942132925,0.00786175078791038,0.0122755530967096,0.0123035130778344,0.0124918782046725,0.0127973247511481,0.0129334185008578,0.0135799439112695,0.0136376491068217,0.0137864731535813,0.0138904977636811,0.0139045009511576,0.014320835269216,0.0151999299785069,0.0150899029295742,0.0148412335125324,0.0154406088174778,0.0153338405164781,0.0151719936238899,0.0152220400427337,0.0155449803086905,0.0159717927976629,0.0160877684941145,0.0181211251408192,0.023616303777714,0.0261685965216849,0.0253206088062353
682,0.00620317163698552,0.00626077270280256,0.00686227772111921,0.00767227751685766,0.00763777993427061,0.0119823360332273,0.012057969747591,0.0121928962071415,0.0125335194789561,0.0126091081051652,0.0132659022751161,0.0132945037407677,0.0134080370548293,0.013491671318055,0.0134884978930917,0.0138924935694696,0.0148262335911106,0.0146509855638025,0.014360952737689,0.0149683934924283,0.0148432309366264,0.0147103185823762,0.0147137741667556,0.0150089356692796,0.0155055224546236,0.0155851674722184,0.0177889389443775,0.023293780715693,0.0258683032355902,0.0249654275337899
680,0.00579141367264119,0.00588978150065264,0.0064805303505796,0.00730501777186339,0.0072720765560257,0.0115789475712246,0.0116981756396311,0.0118367439095318,0.0121535801619973,0.0122009159100876,0.0128593582629453,0.0129571426387544,0.0129367942292951,0.0130940147729175,0.0130890220575922,0.0134638086933973,0.0144226108336351,0.0142235216375693,0.0138983390383752,0.0144946027448916,0.0144000527742012,0.0142845620626699,0.0142152187922849,0.0145272663626858,0.0150639744544106,0.0152016257348692,0.0174403139303719,0.0228595716987818,0.025455179976086,0.0245313735195717
678,0.00661213508739534,0.00675518010189679,0.00728564647997441,0.0081666887309067,0.00817120501713061,0.0125678549352048,0.012712358483043,0.012904509934146,0.0131713594055877,0.0132208219262418,0.013894861813307,0.0140939272498118,0.0139394999583653,0.0141996228967968,0.0141891894360155,0.0145822908672008,0.0155040525642238,0.0153122924332798,0.0150017166236898,0.0155765494331969,0.0155094860530802,0.0153902752707759,0.0152843979734832,0.0156533198978362,0.0161703558220808,0.0162383568382711,0.0185289661313782,0.023762467236189,0.0262901331673565,0.0254105936280483
676,0.00772715345920256,0.00790788545702897,0.00838060986993626,0.00931664198799648,0.00939693058121955,0.0140696737023049,0.0142083238675507,0.0144843154110885,0.0147269160764468,0.0147873150198868,0.0154896585563314,0.0157559665597373,0.0155606994532693,0.0158523173827389,0.0158247943173778,0.0163028143431274,0.0171535666151102,0.016965075252954,0.01668402261456,0.0172983308031151,0.0172231918345899,0.0170827932598668,0.0169771083533728,0.0173928364872471,0.0178743204516404,0.0177508299655156,0.0201529206127138,0.0251901522634052,0.0275612721561859,0.026760166727465
674,0.00759687858931492,0.00778449809242374,0.0082483240390852,0.00917548549738029,0.009349800836985,0.0143730952990954,0.014474047702105,0.0148341687333363,0.0150991466041939,0.0151418662390029,0.0158673207469543,0.0161448607302235,0.0160122974580545,0.0162338277315784,0.0162015553549726,0.0167722459278891,0.0175851270107254,0.0173975002194264,0.0171053921976654,0.0178243490270174,0.0177404463233883,0.0175639413452851,0.0174426607716783,0.0178845679570235,0.0183840298532703,0.0181458094450515,0.020602346848677,0.0255132303446364,0.0277648571977448,0.0269935182437604
672,0.00722970751482501,0.00737953665241487,0.0078600560173079,0.00870982360682574,0.00895129483777797,0.0142307939606609,0.0142841962427507,0.01469705162527,0.0150038678826779,0.0149677064626635,0.015717871829135,0.0159617478221909,0.0159378708381442,0.0160376094342737,0.0160291649202447,0.0166543718194626,0.0175158886970385,0.0173412778863072,0.0170041250478014,0.0177985621744961,0.0177405463026442,0.017510750727946,0.0173505759138667,0.0178314985110191,0.0184288897608102,0.0181796565319435,0.0205913613768078,0.0254413116925672,0.0276995646935817,0.0268541390806378
670,0.00847300665516973,0.00856649770650222,0.00904093425265687,0.00981099090924888,0.0100679964911354,0.0154365304618481,0.0154623645959183,0.0158808580371378,0.0161985428410335,0.0160384377692621,0.016831850294732,0.0170195400716909,0.0170757399154679,0.0170836850868324,0.0171031512992886,0.0177631123507129,0.0187501193100003,0.0185847992649964,0.0182203946583543,0.0189850423511652,0.0189548932007075,0.018661765871,0.0185116487533272,0.0190522525441615,0.0197768679262198,0.0194791563385674,0.0219218539655881,0.0267413779134546,0.0290515755194039,0.0280495357417437
668,0.0102267877129106,0.0102986830070717,0.0107542816583046,0.0115036081037053,0.0117561488725904,0.0170270405893172,0.0170598442082945,0.017441061266478,0.0177227760901189,0.0174874128779857,0.0182928678908205,0.0184333622046809,0.0184884529205626,0.0185152000631233,0.0185235276002384,0.0192142780993797,0.0202881314924696,0.0201047171056188,0.0197818515152704,0.0204467934034358,0.0203814238473646,0.020049362919973,0.0200183327214768,0.020582588839333,0.021348281160943,0.0209757756541964,0.0236988164763876,0.0285070794604162,0.0307410532329754,0.0296040972317382
666,0.00999419186468711,0.0100911499897675,0.0105599285692818,0.0113349510571138,0.011596036534995,0.0165642033658908,0.0166276403805274,0.0169520004758704,0.0172060772686863,0.0170326854318275,0.0177268052221343,0.0178453936771823,0.01784448195087,0.017991872339681,0.017955289538337,0.0186323401775469,0.0196272850074466,0.0194114338376834,0.0192237804759037,0.0198036253771737,0.0196664348143941,0.0193588617979286,0.0194687178695325,0.019964138632758,0.0206442107845351,0.0203304378598856,0.0233973329223802,0.0281823745350923,0.0302166689355611,0.0290849754145743
664,0.00914532764074802,0.0092734624203767,0.00974693986457794,0.0105738273108822,0.0108292258840598,0.0153864319677536,0.0154799417311343,0.0157536256668504,0.0160317864179696,0.0160225642196811,0.0165280735682701,0.0166153824326912,0.0165800449075803,0.0168403841033844,0.0167766133213279,0.0173717975876629,0.0181976677444307,0.0179641351814025,0.0179708811823672,0.0184748281584974,0.0183217938516212,0.0180959085234587,0.018236990020122,0.0185993264209201,0.0191953982877768,0.01897017673906,0.02217660416516,0.0268731220504609,0.0287919178602427,0.0277952873224194
662,0.0101709033303943,0.0103175977240929,0.0107316625983641,0.0116609185922994,0.0118820391514067,0.0161239055785545,0.0162284654133752,0.0164752989816571,0.0167922705385505,0.016957861181846,0.0173446331068634,0.0173686485334438,0.0173338962484547,0.0176479815356379,0.0175933503741762,0.0180817146263769,0.0188287161165198,0.0185944082797339,0.0187568177603827,0.0191754464938956,0.0190555695098845,0.018946530459892,0.0190132306595592,0.0192262660556019,0.0198449609078748,0.0195304552740994,0.0227714266729737,0.0273578028880227,0.0293291369750374,0.0284923932006189
660,0.0119806684326536,0.0121431659810757,0.0124790574331596,0.0135372158012335,0.0137566937505617,0.0179381517998021,0.018014314779359,0.0182742672109558,0.0185933751378177,0.0188873796393636,0.019298346772159,0.0192479313048079,0.0192108821539057,0.0195529544264657,0.0195366022455715,0.0199408817745819,0.0207535790869135,0.0205413019734628,0.0207000024472672,0.0211009152573816,0.0209927606997251,0.0210071473316534,0.0209641320731411,0.0210370797775178,0.0217455062959781,0.0212616696353119,0.0246201156641375,0.0292063766945956,0.0312904383133499,0.0305477162547561
658,0.0121892089349363,0.0123567797662237,0.0126866934723877,0.0137875935368287,0.0141003996196877,0.0184723485483635,0.0184680151423458,0.0187653534099571,0.0190567475493039,0.0194007919043642,0.0199238416775103,0.0198249209282792,0.0197777015719934,0.0201528100648418,0.0201902719611693,0.0205307320891024,0.0214600700308687,0.0213022754580492,0.0212740297263334,0.021802566611398,0.0216557322736466,0.0217358123211646,0.0215995989424868,0.0215917614520501,0.0223500020692034,0.0218986326974596,0.0253502439452557,0.0301125868294911,0.032250548402396,0.0314816978355798
656,0.011550167460175,0.0116657710220371,0.0120693642419174,0.0130687798412226,0.0135194269037124,0.0181535358026715,0.0180498660504835,0.0183598584887854,0.0186351397625165,0.0189582447645657,0.0195580929435506,0.0194860485417247,0.0194665596437048,0.0198471086580317,0.0199092243233896,0.0201931572074926,0.021191517686965,0.0210663154160566,0.0208395343100274,0.0215679195261299,0.0213684811376242,0.0214001786700613,0.0212081127897653,0.0212472620641199,0.0219819878979761,0.021782217113381,0.0250600449657031,0.0300139085209085,0.0321715515235126,0.0312872420358703
654,0.012278455827849,0.0122579572639706,0.0127379520031743,0.0135934422336617,0.0141337151725979,0.0189371095391235,0.0187637104402116,0.0190521557707858,0.019327231236947,0.019626478629851,0.0202226338389814,0.0202894872938719,0.0203478722767222,0.0206667153080837,0.0206682284447747,0.0209304601613466,0.0219841682460492,0.0217915347814913,0.0215308093660674,0.0223745227485397,0.0221490667741659,0.0220573084192096,0.021848311998376,0.0220557971502766,0.0227674872997823,0.0227544174347921,0.0256877564167213,0.0306098224423954,0.0328396797132899,0.0318621252015516
652,0.0132936829696664,0.0131085799210253,0.0136428313495707,0.0144258226940388,0.0150132735182843,0.0198473621544608,0.0196604160103722,0.0199258804101142,0.0202072674785637,0.020521841630145,0.0210872701324482,0.0213823894645937,0.0214941735083256,0.0217313058178326,0.0216039965778972,0.0219006212779035,0.0230580902783963,0.0227167462917785,0.0225552975534956,0.0233913809043989,0.023168184059899,0.0229809851014233,0.0227914901707492,0.0231803412876272,0.0239091119325171,0.0239164292453366,0.0266626646900013,0.0313310163677975,0.0336426290865738,0.0326667043063416
650,0.0124138750016271,0.0121383262844269,0.0127399363722521,0.013523449923248,0.0141452719428973,0.0189174738743942,0.0188160216042411,0.0190461611452922,0.0193864898094895,0.0196839535535971,0.0202416551753049,0.020742009759093,0.0208040157462314,0.0210059553444482,0.020821062016792,0.0211686005752598,0.0224074411559676,0.0219419437404591,0.0218995808571042,0.0226649859016378,0.0224760087647439,0.0222695135696755,0.0221316280439233,0.0225783740343274,0.023336589386532,0.0233419033746025,0.0261482845108194,0.0305351299715215,0.0328021702295163,0.0318842458553819
