4.999550e+002,4.341793e-002
5.004372e+002,4.298687e-002
5.009193e+002,4.266447e-002
5.014014e+002,4.250522e-002
5.018835e+002,4.236852e-002
5.023656e+002,4.254038e-002
5.028477e+002,4.286786e-002
5.033299e+002,4.334135e-002
5.038120e+002,4.395778e-002
5.042941e+002,4.459146e-002
5.047762e+002,4.513131e-002
5.052583e+002,4.547892e-002
5.057404e+002,4.589091e-002
5.062226e+002,4.582545e-002
5.067047e+002,4.574689e-002
5.071868e+002,4.556011e-002
5.076689e+002,4.542900e-002
5.081510e+002,4.530512e-002
5.086331e+002,4.525876e-002
5.091153e+002,4.534250e-002
5.095974e+002,4.530294e-002
5.100795e+002,4.490871e-002
5.105616e+002,4.446832e-002
5.110437e+002,4.445478e-002
5.115258e+002,4.397668e-002
5.120079e+002,4.361743e-002
5.124901e+002,4.359053e-002
5.129722e+002,4.383129e-002
5.134543e+002,4.388799e-002
5.139364e+002,4.408303e-002
5.144185e+002,4.435654e-002
5.149006e+002,4.462890e-002
5.153828e+002,4.482039e-002
5.158649e+002,4.488509e-002
5.163470e+002,4.499779e-002
5.168291e+002,4.511711e-002
5.173112e+002,4.508219e-002
5.177933e+002,4.540875e-002
5.182755e+002,4.551166e-002
5.187576e+002,4.616315e-002
5.192397e+002,4.705573e-002
5.197218e+002,4.793113e-002
5.202039e+002,4.863474e-002
5.206860e+002,4.905638e-002
5.211682e+002,4.916472e-002
5.216503e+002,4.900286e-002
5.221324e+002,4.867313e-002
5.226145e+002,4.822813e-002
5.230966e+002,4.798428e-002
5.235787e+002,4.781553e-002
5.240609e+002,4.760319e-002
5.245430e+002,4.755681e-002
5.250251e+002,4.754671e-002
5.255072e+002,4.754794e-002
5.259893e+002,4.778436e-002
5.264714e+002,4.814768e-002
5.269536e+002,4.861663e-002
5.274357e+002,4.896689e-002
5.279178e+002,4.939798e-002
5.283999e+002,4.983597e-002
5.288820e+002,5.016019e-002
5.293641e+002,5.036433e-002
5.298463e+002,5.047996e-002
5.303284e+002,5.056202e-002
5.308105e+002,5.066298e-002
5.312926e+002,5.081902e-002
5.317747e+002,5.103703e-002
5.322568e+002,5.129983e-002
5.327390e+002,5.157837e-002
5.332211e+002,5.185205e-002
5.337032e+002,5.212277e-002
5.341853e+002,5.240452e-002
5.346674e+002,5.272039e-002
5.351495e+002,5.309276e-002
5.356317e+002,5.352362e-002
5.361138e+002,5.398738e-002
5.365959e+002,5.443107e-002
5.370780e+002,5.479168e-002
5.375601e+002,5.501915e-002
5.380422e+002,5.508190e-002
5.385244e+002,5.498429e-002
5.390065e+002,5.493842e-002
5.394886e+002,5.479946e-002
5.399707e+002,5.463831e-002
5.404528e+002,5.464418e-002
5.409349e+002,5.488710e-002
5.414171e+002,5.519604e-002
5.418992e+002,5.579723e-002
5.423813e+002,5.659187e-002
5.428634e+002,5.738511e-002
5.433455e+002,5.805597e-002
5.438276e+002,5.857644e-002
5.443098e+002,5.875080e-002
5.447919e+002,5.862433e-002
5.452740e+002,5.819422e-002
5.457561e+002,5.762186e-002
5.462382e+002,5.697154e-002
5.467203e+002,5.617051e-002
5.472025e+002,5.533978e-002
5.476846e+002,5.450396e-002
5.481667e+002,5.368916e-002
5.486488e+002,5.297711e-002
5.491309e+002,5.223744e-002
5.496130e+002,5.154114e-002
5.500952e+002,5.090696e-002
5.505773e+002,5.036748e-002
5.510594e+002,4.996710e-002
5.515415e+002,4.975884e-002
5.520236e+002,4.973568e-002
5.525057e+002,4.989672e-002
5.529879e+002,5.034746e-002
5.534700e+002,5.103910e-002
5.539521e+002,5.177250e-002
5.544342e+002,5.250347e-002
5.549163e+002,5.318243e-002
5.553984e+002,5.374162e-002
5.558806e+002,5.415544e-002
5.563627e+002,5.448929e-002
5.568448e+002,5.469754e-002
5.573269e+002,5.480140e-002
5.578090e+002,5.482957e-002
5.582911e+002,5.481780e-002
5.587733e+002,5.498096e-002
5.592554e+002,5.516711e-002
5.597375e+002,5.526928e-002
5.602196e+002,5.545283e-002
5.607017e+002,5.571767e-002
5.611838e+002,5.604181e-002
5.616660e+002,5.624853e-002
5.621481e+002,5.670780e-002
5.626302e+002,5.735354e-002
5.631123e+002,5.813374e-002
5.635944e+002,5.904721e-002
5.640765e+002,6.005824e-002
5.645587e+002,6.110304e-002
5.650408e+002,6.209727e-002
5.655229e+002,6.296379e-002
5.660050e+002,6.365773e-002
5.664871e+002,6.417680e-002
5.669692e+002,6.456114e-002
5.674514e+002,6.487047e-002
5.679335e+002,6.516087e-002
5.684156e+002,6.555565e-002
5.688977e+002,6.584083e-002
5.693798e+002,6.617119e-002
5.698619e+002,6.631679e-002
5.703441e+002,6.637366e-002
5.708262e+002,6.645010e-002
5.713083e+002,6.656073e-002
5.717904e+002,6.677472e-002
5.722725e+002,6.713009e-002
5.727546e+002,6.770696e-002
5.732368e+002,6.827842e-002
5.737189e+002,6.884937e-002
5.742010e+002,6.934967e-002
5.746831e+002,6.973041e-002
5.751652e+002,6.998041e-002
5.756473e+002,7.011778e-002
5.761295e+002,7.017386e-002
5.766116e+002,7.017543e-002
5.770937e+002,7.013940e-002
5.775758e+002,7.008000e-002
5.780579e+002,7.001873e-002
5.785400e+002,6.999602e-002
5.790222e+002,7.006916e-002
5.795043e+002,7.029285e-002
5.799864e+002,7.070588e-002
5.804685e+002,7.131141e-002
5.809506e+002,7.207808e-002
5.814327e+002,7.295034e-002
5.819149e+002,7.387380e-002
5.823970e+002,7.481089e-002
5.828791e+002,7.574266e-002
5.833612e+002,7.666244e-002
5.838433e+002,7.755943e-002
5.843254e+002,7.840765e-002
5.848076e+002,7.917175e-002
5.852897e+002,7.981791e-002
5.857718e+002,8.033636e-002
5.862539e+002,8.074981e-002
5.867360e+002,8.111152e-002
5.872181e+002,8.147968e-002
5.877003e+002,8.188494e-002
5.881824e+002,8.231576e-002
5.886645e+002,8.270968e-002
5.891466e+002,8.297307e-002
5.896287e+002,8.300605e-002
5.901108e+002,8.274774e-002
5.905930e+002,8.219466e-002
5.910751e+002,8.140416e-002
5.915572e+002,8.046436e-002
5.920393e+002,7.946717e-002
5.925214e+002,7.847630e-002
5.930035e+002,7.751665e-002
5.934857e+002,7.658882e-002
5.939678e+002,7.568943e-002
5.944499e+002,7.483014e-002
5.949320e+002,7.404733e-002
5.954141e+002,7.339381e-002
5.958962e+002,7.292412e-002
5.963784e+002,7.268491e-002
5.968605e+002,7.270174e-002
5.973426e+002,7.298208e-002
5.978247e+002,7.352014e-002
5.983068e+002,7.430287e-002
5.987889e+002,7.530989e-002
5.992711e+002,7.650876e-002
5.997532e+002,7.785348e-002
6.002353e+002,7.927618e-002
6.007174e+002,8.069217e-002
6.011995e+002,8.201443e-002
6.016816e+002,8.315121e-002
6.021638e+002,8.401901e-002
6.026459e+002,8.454452e-002
6.031280e+002,8.465778e-002
6.036101e+002,8.430634e-002
6.040922e+002,8.346645e-002
6.045743e+002,8.216448e-002
6.050565e+002,8.048700e-002
6.055386e+002,7.858172e-002
6.060207e+002,7.663868e-002
6.065028e+002,7.483269e-002
6.069849e+002,7.330541e-002
6.074670e+002,7.213115e-002
6.079492e+002,7.131416e-002
6.084313e+002,7.081125e-002
6.089134e+002,7.056384e-002
6.093955e+002,7.053211e-002
6.098776e+002,7.070915e-002
6.103597e+002,7.112053e-002
6.108419e+002,7.180231e-002
6.113240e+002,7.277529e-002
6.118061e+002,7.402371e-002
6.122882e+002,7.549002e-002
6.127703e+002,7.708380e-002
6.132524e+002,7.871222e-002
6.137346e+002,8.028964e-002
6.142167e+002,8.174821e-002
6.146988e+002,8.303679e-002
6.151809e+002,8.410220e-002
6.156630e+002,8.488686e-002
6.161451e+002,8.534053e-002
6.166273e+002,8.543703e-002
6.171094e+002,8.519995e-002
6.175915e+002,8.470619e-002
6.180736e+002,8.407588e-002
6.185557e+002,8.342554e-002
6.190378e+002,8.283444e-002
6.195200e+002,8.231576e-002
6.200021e+002,8.181373e-002
6.204842e+002,8.122135e-002
6.209663e+002,8.041704e-002
6.214484e+002,7.931356e-002
6.219305e+002,7.787454e-002
6.224127e+002,7.612668e-002
6.228948e+002,7.414094e-002
6.233769e+002,7.201815e-002
6.238590e+002,6.985974e-002
6.243411e+002,6.775002e-002
6.248232e+002,6.575638e-002
6.253054e+002,6.391978e-002
6.257875e+002,6.226113e-002
6.262696e+002,6.078595e-002
6.267517e+002,5.948945e-002
6.272338e+002,5.836134e-002
6.277159e+002,5.738995e-002
6.281981e+002,5.656584e-002
6.286802e+002,5.588184e-002
6.291623e+002,5.533217e-002
6.296444e+002,5.490931e-002
6.301265e+002,5.459921e-002
6.306086e+002,5.437814e-002
6.310908e+002,5.421567e-002
6.315729e+002,5.407557e-002
6.320550e+002,5.392814e-002
6.325371e+002,5.375675e-002
6.330192e+002,5.356207e-002
6.335013e+002,5.335919e-002
6.339835e+002,5.316862e-002
6.344656e+002,5.300567e-002
6.349477e+002,5.287073e-002
6.354298e+002,5.274840e-002
6.359119e+002,5.261336e-002
6.363940e+002,5.244400e-002
6.368762e+002,5.223116e-002
6.373583e+002,5.198490e-002
6.378404e+002,5.172996e-002
6.383225e+002,5.149798e-002
6.388046e+002,5.131454e-002
6.392867e+002,5.119130e-002
6.397689e+002,5.112489e-002
6.402510e+002,5.110237e-002
6.407331e+002,5.110930e-002
6.412152e+002,5.113678e-002
6.416973e+002,5.118446e-002
6.421794e+002,5.125620e-002
6.426616e+002,5.135275e-002
6.431437e+002,5.146738e-002
6.436258e+002,5.158291e-002
6.441079e+002,5.167846e-002
6.445900e+002,5.173865e-002
6.450721e+002,5.176030e-002
6.455543e+002,5.175667e-002
6.460364e+002,5.175331e-002
6.465185e+002,5.178392e-002
6.470006e+002,5.187896e-002
6.474827e+002,5.206272e-002
6.479648e+002,5.235136e-002
6.484470e+002,5.275188e-002
6.489291e+002,5.326332e-002
6.494112e+002,5.387339e-002
6.498933e+002,5.455522e-002
6.503754e+002,5.525890e-002
6.508575e+002,5.591317e-002
6.513397e+002,5.644134e-002
6.518218e+002,5.677254e-002
6.523039e+002,5.687080e-002
6.527860e+002,5.674846e-002
6.532681e+002,5.647003e-002
6.537502e+002,5.613364e-002
6.542324e+002,5.584504e-002
6.547145e+002,5.569476e-002
6.551966e+002,5.572518e-002
6.556787e+002,5.592613e-002
6.561608e+002,5.624032e-002
6.566429e+002,5.659248e-002
6.571251e+002,5.690913e-002
6.576072e+002,5.714200e-002
6.580893e+002,5.727694e-002
6.585714e+002,5.732648e-002
6.590535e+002,5.731734e-002
6.595356e+002,5.727366e-002
6.600178e+002,5.720950e-002
6.604999e+002,5.712507e-002
6.609820e+002,5.701362e-002
6.614641e+002,5.687065e-002
6.619462e+002,5.670189e-002
6.624283e+002,5.652595e-002
6.629105e+002,5.637184e-002
6.633926e+002,5.626780e-002
6.638747e+002,5.623573e-002
6.643568e+002,5.628420e-002
6.648389e+002,5.640902e-002
6.653210e+002,5.658919e-002
6.658032e+002,5.679089e-002
6.662853e+002,5.697497e-002
6.667674e+002,5.712361e-002
6.672495e+002,5.726559e-002
6.677316e+002,5.746351e-002
6.682137e+002,5.775379e-002
6.686959e+002,5.808806e-002
6.691780e+002,5.839048e-002
6.696601e+002,5.862428e-002
6.701422e+002,5.880329e-002
6.706243e+002,5.894641e-002
6.711064e+002,5.905751e-002
6.715886e+002,5.912736e-002
6.720707e+002,5.913720e-002
6.725528e+002,5.907680e-002
6.730349e+002,5.895322e-002
6.735170e+002,5.879757e-002
6.739991e+002,5.865438e-002
6.744813e+002,5.856901e-002
6.749634e+002,5.857968e-002
6.754455e+002,5.870561e-002
6.759276e+002,5.894759e-002
6.764097e+002,5.928853e-002
6.768918e+002,5.969940e-002
6.773740e+002,6.014251e-002
6.778561e+002,6.057416e-002
6.783382e+002,6.095207e-002
6.788203e+002,6.123414e-002
6.793024e+002,6.138613e-002
6.797845e+002,6.139138e-002
6.802667e+002,6.125613e-002
6.807488e+002,6.101388e-002
6.812309e+002,6.071660e-002
6.817130e+002,6.043029e-002
6.821951e+002,6.021444e-002
6.826772e+002,6.011129e-002
6.831594e+002,6.014127e-002
6.836415e+002,6.029844e-002
6.841236e+002,6.055753e-002
6.846057e+002,6.087926e-002
6.850878e+002,6.122414e-002
6.855699e+002,6.155474e-002
6.860521e+002,6.184171e-002
6.865342e+002,6.206682e-002
6.870163e+002,6.222207e-002
6.874984e+002,6.231155e-002
6.879805e+002,6.234969e-002
6.884626e+002,6.236064e-002
6.889448e+002,6.236953e-002
6.894269e+002,6.239535e-002
6.899090e+002,6.244500e-002
6.903911e+002,6.251068e-002
6.908732e+002,6.257437e-002
6.913553e+002,6.261618e-002
6.918375e+002,6.262589e-002
6.923196e+002,6.261001e-002
6.928017e+002,6.259373e-002
6.932838e+002,6.261266e-002
6.937659e+002,6.270378e-002
6.942480e+002,6.289242e-002
6.947302e+002,6.318405e-002
6.952123e+002,6.356408e-002
6.956944e+002,6.400409e-002
6.961765e+002,6.447262e-002
6.966586e+002,6.494080e-002
6.971407e+002,6.539141e-002
6.976229e+002,6.581690e-002
6.981050e+002,6.621604e-002
6.985871e+002,6.659099e-002
6.990692e+002,6.694502e-002
6.995513e+002,6.728416e-002
7.000334e+002,6.761868e-002
7.005156e+002,6.796462e-002
7.009977e+002,6.834149e-002
7.014798e+002,6.876537e-002
7.019619e+002,6.924418e-002
7.024440e+002,6.977212e-002
7.029261e+002,7.033063e-002
7.034083e+002,7.089223e-002
7.038904e+002,7.143079e-002
7.043725e+002,7.193000e-002
7.048546e+002,7.238698e-002
7.053367e+002,7.281244e-002
7.058188e+002,7.322505e-002
7.063010e+002,7.364573e-002
7.067831e+002,7.408963e-002
7.072652e+002,7.456671e-002
7.077473e+002,7.508191e-002
7.082294e+002,7.563802e-002
7.087115e+002,7.623788e-002
7.091937e+002,7.688338e-002
7.096758e+002,7.757169e-002
7.101579e+002,7.829148e-002
7.106400e+002,7.902043e-002
7.111221e+002,7.972885e-002
7.116042e+002,8.038326e-002
7.120864e+002,8.095876e-002
7.125685e+002,8.144447e-002
7.130506e+002,8.184704e-002
7.135327e+002,8.218621e-002
7.140148e+002,8.248627e-002
7.144969e+002,8.276290e-002
7.149791e+002,8.301162e-002
7.154612e+002,8.320148e-002
7.159433e+002,8.327733e-002
7.164254e+002,8.317512e-002
7.169075e+002,8.283138e-002
7.173896e+002,8.220743e-002
7.178718e+002,8.130244e-002
7.183539e+002,8.016166e-002
7.188360e+002,7.886751e-002
7.193181e+002,7.752436e-002
7.198002e+002,7.623979e-002
7.202823e+002,7.509031e-002
7.207645e+002,7.411522e-002
7.212466e+002,7.331216e-002
7.217287e+002,7.265212e-002
7.222108e+002,7.209458e-002
7.226929e+002,7.160664e-002
7.231750e+002,7.117322e-002
7.236572e+002,7.079521e-002
7.241393e+002,7.048330e-002
7.246214e+002,7.024704e-002
7.251035e+002,7.008850e-002
7.255856e+002,6.999972e-002
7.260677e+002,6.996739e-002
7.265499e+002,6.997958e-002
7.270320e+002,7.003244e-002
7.275141e+002,7.012966e-002
7.279962e+002,7.027795e-002
7.284783e+002,7.047869e-002
7.289604e+002,7.072048e-002
7.294426e+002,7.097595e-002
7.299247e+002,7.120911e-002
7.304068e+002,7.138058e-002
7.308889e+002,7.146148e-002
7.313710e+002,7.144158e-002
7.318531e+002,7.133139e-002
7.323353e+002,7.115815e-002
7.328174e+002,7.095850e-002
7.332995e+002,7.077190e-002
7.337816e+002,7.063000e-002
7.342637e+002,7.055388e-002
7.347458e+002,7.055239e-002
7.352280e+002,7.062236e-002
7.357101e+002,7.075017e-002
7.361922e+002,7.091557e-002
7.366743e+002,7.109804e-002
7.371564e+002,7.128040e-002
7.376385e+002,7.145482e-002
7.381207e+002,7.162528e-002
7.386028e+002,7.180727e-002
7.390849e+002,7.202157e-002
7.395670e+002,7.228697e-002
7.400491e+002,7.261402e-002
7.405313e+002,7.299981e-002
7.410134e+002,7.342963e-002
7.414955e+002,7.388138e-002
7.419776e+002,7.433464e-002
7.424597e+002,7.477525e-002
7.429418e+002,7.519792e-002
7.434240e+002,7.560439e-002
7.439061e+002,7.599951e-002
7.443882e+002,7.638713e-002
7.448703e+002,7.676940e-002
7.453524e+002,7.714928e-002
7.458345e+002,7.753405e-002
7.463167e+002,7.793723e-002
7.467988e+002,7.837801e-002
7.472809e+002,7.887409e-002
7.477630e+002,7.943515e-002
7.482451e+002,8.005814e-002
7.487272e+002,8.072724e-002
7.492094e+002,8.141929e-002
7.496915e+002,8.211285e-002
7.501736e+002,8.279762e-002
7.506557e+002,8.347697e-002
7.511378e+002,8.416440e-002
7.516199e+002,8.487438e-002
7.521021e+002,8.561288e-002
7.525842e+002,8.637059e-002
7.530663e+002,8.712539e-002
7.535484e+002,8.784787e-002
7.540305e+002,8.851524e-002
7.545126e+002,8.911964e-002
7.549948e+002,8.967049e-002
7.554769e+002,9.018840e-002
7.559590e+002,9.069395e-002
7.564411e+002,9.119521e-002
7.569232e+002,9.168135e-002
7.574053e+002,9.212318e-002
7.578875e+002,9.248307e-002
7.583696e+002,9.273271e-002
7.588517e+002,9.286410e-002
7.593338e+002,9.289935e-002
7.598159e+002,9.288534e-002
7.602980e+002,9.288349e-002
7.607802e+002,9.295505e-002
7.612623e+002,9.313337e-002
7.617444e+002,9.341417e-002
7.622265e+002,9.375273e-002
7.627086e+002,9.407484e-002
7.631907e+002,9.429243e-002
7.636729e+002,9.433650e-002
7.641550e+002,9.417024e-002
7.646371e+002,9.380346e-002
7.651192e+002,9.328518e-002
7.656013e+002,9.269387e-002
7.660834e+002,9.211153e-002
7.665656e+002,9.159890e-002
7.670477e+002,9.118944e-002
7.675298e+002,9.088329e-002
7.680119e+002,9.066008e-002
7.684940e+002,9.049231e-002
7.689761e+002,9.036279e-002
7.694583e+002,9.027020e-002
7.699404e+002,9.022908e-002
7.704225e+002,9.025899e-002
7.709046e+002,9.037484e-002
7.713867e+002,9.057777e-002
7.718688e+002,9.085438e-002
7.723510e+002,9.118161e-002
7.728331e+002,9.153545e-002
7.733152e+002,9.190102e-002
7.737973e+002,9.227337e-002
7.742794e+002,9.265551e-002
7.747615e+002,9.305067e-002
7.752437e+002,9.345450e-002
7.757258e+002,9.385205e-002
7.762079e+002,9.422052e-002
7.766900e+002,9.453563e-002
7.771721e+002,9.478252e-002
7.776542e+002,9.496077e-002
7.781364e+002,9.508573e-002
7.786185e+002,9.518083e-002
7.791006e+002,9.527145e-002
7.795827e+002,9.537408e-002
7.800648e+002,9.549168e-002
7.805469e+002,9.561459e-002
7.810291e+002,9.572570e-002
7.815112e+002,9.580886e-002
7.819933e+002,9.585551e-002
7.824754e+002,9.586899e-002
7.829575e+002,9.586397e-002
7.834396e+002,9.586441e-002
7.839218e+002,9.589558e-002
7.844039e+002,9.597790e-002
7.848860e+002,9.612276e-002
7.853681e+002,9.632845e-002
7.858502e+002,9.658136e-002
7.863323e+002,9.686014e-002
7.868145e+002,9.714374e-002
7.872966e+002,9.741616e-002
7.877787e+002,9.767347e-002
7.882608e+002,9.792414e-002
7.887429e+002,9.818684e-002
7.892250e+002,9.848169e-002
7.897072e+002,9.882173e-002
7.901893e+002,9.920578e-002
7.906714e+002,9.961584e-002
7.911535e+002,1.000200e-001
7.916356e+002,1.003776e-001
7.921177e+002,1.006540e-001
7.925999e+002,1.008267e-001
7.930820e+002,1.008914e-001
7.935641e+002,1.008621e-001
7.940462e+002,1.007698e-001
7.945283e+002,1.006545e-001
7.950104e+002,1.005569e-001
7.954926e+002,1.005180e-001
7.959747e+002,1.005713e-001
7.964568e+002,1.007402e-001
7.969389e+002,1.010395e-001
7.974210e+002,1.014735e-001
7.979031e+002,1.020392e-001
7.983853e+002,1.027292e-001
7.988674e+002,1.035376e-001
7.993495e+002,1.044616e-001
7.998316e+002,1.055027e-001
8.003137e+002,1.066630e-001
8.007958e+002,1.079396e-001
8.012780e+002,1.093177e-001
8.017601e+002,1.107704e-001
8.022422e+002,1.122554e-001
8.027243e+002,1.137242e-001
8.032064e+002,1.151325e-001
8.036885e+002,1.164426e-001
8.041707e+002,1.176311e-001
8.046528e+002,1.186857e-001
8.051349e+002,1.195986e-001
8.056170e+002,1.203624e-001
8.060991e+002,1.209670e-001
8.065812e+002,1.214015e-001
8.070634e+002,1.216608e-001
8.075455e+002,1.217494e-001
8.080276e+002,1.216838e-001
8.085097e+002,1.214860e-001
8.089918e+002,1.211787e-001
8.094739e+002,1.207776e-001
8.099561e+002,1.202893e-001
8.104382e+002,1.197174e-001
8.109203e+002,1.190697e-001
8.114024e+002,1.183665e-001
8.118845e+002,1.176443e-001
8.123666e+002,1.169487e-001
8.128488e+002,1.163233e-001
8.133309e+002,1.158000e-001
8.138130e+002,1.153894e-001
8.142951e+002,1.150824e-001
8.147772e+002,1.148596e-001
8.152593e+002,1.147051e-001
8.157415e+002,1.146156e-001
8.162236e+002,1.146050e-001
8.167057e+002,1.146970e-001
8.171878e+002,1.149143e-001
8.176699e+002,1.152638e-001
8.181520e+002,1.157290e-001
8.186342e+002,1.162682e-001
8.191163e+002,1.168265e-001
8.195984e+002,1.173486e-001
8.200805e+002,1.177894e-001
8.205626e+002,1.181254e-001
8.210447e+002,1.183521e-001
8.215269e+002,1.184795e-001
8.220090e+002,1.185217e-001
8.224911e+002,1.184927e-001
8.229732e+002,1.184021e-001
8.234553e+002,1.182548e-001
8.239374e+002,1.180541e-001
8.244196e+002,1.178016e-001
8.249017e+002,1.174956e-001
8.253838e+002,1.171276e-001
8.258659e+002,1.166794e-001
8.263480e+002,1.161246e-001
8.268301e+002,1.154328e-001
8.273123e+002,1.145836e-001
8.277944e+002,1.135784e-001
8.282765e+002,1.124540e-001
8.287586e+002,1.112811e-001
8.292407e+002,1.101643e-001
8.297228e+002,1.092244e-001
8.302050e+002,1.085653e-001
8.306871e+002,1.082639e-001
8.311692e+002,1.083455e-001
8.316513e+002,1.087856e-001
8.321334e+002,1.095193e-001
8.326155e+002,1.104675e-001
8.330977e+002,1.115649e-001
8.335798e+002,1.127749e-001
8.340619e+002,1.141017e-001
8.345440e+002,1.155817e-001
8.350261e+002,1.172656e-001
8.355082e+002,1.191910e-001
8.359904e+002,1.213644e-001
8.364725e+002,1.237496e-001
8.369546e+002,1.262746e-001
8.374367e+002,1.288373e-001
8.379188e+002,1.313253e-001
8.384009e+002,1.336375e-001
8.388831e+002,1.356808e-001
8.393652e+002,1.373814e-001
8.398473e+002,1.386845e-001
8.403294e+002,1.395510e-001
8.408115e+002,1.399690e-001
8.412936e+002,1.399594e-001
8.417758e+002,1.395882e-001
8.422579e+002,1.389555e-001
8.427400e+002,1.381899e-001
8.432221e+002,1.374237e-001
8.437042e+002,1.367541e-001
8.441863e+002,1.362299e-001
8.446685e+002,1.358319e-001
8.451506e+002,1.354807e-001
8.456327e+002,1.350406e-001
8.461148e+002,1.343484e-001
8.465969e+002,1.332452e-001
8.470790e+002,1.315800e-001
8.475612e+002,1.292454e-001
8.480433e+002,1.261880e-001
8.485254e+002,1.224164e-001
8.490075e+002,1.180084e-001
8.494896e+002,1.131078e-001
8.499717e+002,1.079176e-001
8.504539e+002,1.026543e-001
8.509360e+002,9.754013e-002
8.514181e+002,9.276648e-002
8.519002e+002,8.846063e-002
8.523823e+002,8.469531e-002
8.528644e+002,8.148131e-002
8.533466e+002,7.878524e-002
8.538287e+002,7.654648e-002
8.543108e+002,7.469940e-002
8.547929e+002,7.318738e-002
8.552750e+002,7.196502e-002
8.557571e+002,7.099998e-002
8.562393e+002,7.026413e-002
8.567214e+002,6.972419e-002
8.572035e+002,6.934096e-002
8.576856e+002,6.906691e-002
8.581677e+002,6.885254e-002
8.586498e+002,6.865851e-002
8.591320e+002,6.845904e-002
8.596141e+002,6.824812e-002
8.600962e+002,6.803700e-002
8.605783e+002,6.784809e-002
8.610604e+002,6.770524e-002
8.615425e+002,6.762454e-002
8.620247e+002,6.760979e-002
8.625068e+002,6.765100e-002
8.629889e+002,6.772830e-002
8.634710e+002,6.781805e-002
8.639531e+002,6.790236e-002
8.644352e+002,6.797314e-002
8.649174e+002,6.803506e-002
8.653995e+002,6.810301e-002
8.658816e+002,6.819716e-002
8.663637e+002,6.833601e-002
8.668458e+002,6.852940e-002
8.673279e+002,6.877539e-002
8.678101e+002,6.905985e-002
8.682922e+002,6.936152e-002
8.687743e+002,6.965458e-002
8.692564e+002,6.991818e-002
8.697385e+002,7.013999e-002
8.702206e+002,7.031842e-002
8.707028e+002,7.046243e-002
8.711849e+002,7.058746e-002
8.716670e+002,7.071184e-002
8.721491e+002,7.084925e-002
8.726312e+002,7.100662e-002
8.731133e+002,7.118238e-002
8.735955e+002,7.136763e-002
8.740776e+002,7.154917e-002
8.745597e+002,7.171418e-002
8.750418e+002,7.185519e-002
8.755239e+002,7.197144e-002
8.760060e+002,7.206909e-002
8.764882e+002,7.215877e-002
8.769703e+002,7.225184e-002
8.774524e+002,7.235596e-002
8.779345e+002,7.247238e-002
8.784166e+002,7.259594e-002
8.788987e+002,7.271794e-002
8.793809e+002,7.283004e-002
8.798630e+002,7.292885e-002
8.803451e+002,7.301870e-002
8.808272e+002,7.311281e-002
8.813093e+002,7.323026e-002
8.817914e+002,7.338995e-002
8.822736e+002,7.360701e-002
8.827557e+002,7.388620e-002
8.832378e+002,7.421978e-002
8.837199e+002,7.458738e-002
8.842020e+002,7.496123e-002
8.846841e+002,7.531156e-002
8.851663e+002,7.561184e-002
8.856484e+002,7.584655e-002
8.861305e+002,7.601205e-002
8.866126e+002,7.611679e-002
8.870947e+002,7.617651e-002
8.875768e+002,7.621060e-002
8.880590e+002,7.623769e-002
8.885411e+002,7.627174e-002
8.890232e+002,7.632494e-002
8.895053e+002,7.640930e-002
8.899874e+002,7.653850e-002
8.904695e+002,7.673042e-002
8.909517e+002,7.700192e-002
8.914338e+002,7.736308e-002
8.919159e+002,7.780893e-002
8.923980e+002,7.831550e-002
8.928801e+002,7.883844e-002
8.933622e+002,7.931887e-002
8.938444e+002,7.970197e-002
8.943265e+002,7.994573e-002
8.948086e+002,8.003527e-002
8.952907e+002,7.998750e-002
8.957728e+002,7.984732e-002
8.962549e+002,7.967463e-002
8.967371e+002,7.952680e-002
8.972192e+002,7.945030e-002
8.977013e+002,7.946851e-002
8.981834e+002,7.958279e-002
8.986655e+002,7.977832e-002
8.991476e+002,8.003281e-002
8.996298e+002,8.032414e-002
9.001119e+002,8.063423e-002
9.005940e+002,8.095113e-002
9.010761e+002,8.126560e-002
9.015582e+002,8.156776e-002
9.020403e+002,8.184735e-002
9.025225e+002,8.209181e-002
9.030046e+002,8.228965e-002
9.034867e+002,8.243444e-002
9.039688e+002,8.252656e-002
9.044509e+002,8.257561e-002
9.049330e+002,8.259978e-002
9.054152e+002,8.262581e-002
9.058973e+002,8.268300e-002
9.063794e+002,8.279952e-002
9.068615e+002,8.299687e-002
9.073436e+002,8.328303e-002
9.078257e+002,8.364973e-002
9.083079e+002,8.407242e-002
9.087900e+002,8.451810e-002
9.092721e+002,8.495048e-002
9.097542e+002,8.534233e-002
9.102363e+002,8.568304e-002
9.107184e+002,8.597964e-002
9.112006e+002,8.625325e-002
9.116827e+002,8.652811e-002
9.121648e+002,8.682374e-002
9.126469e+002,8.714475e-002
9.131290e+002,8.748196e-002
9.136111e+002,8.781654e-002
9.140933e+002,8.813161e-002
9.145754e+002,8.842029e-002
9.150575e+002,8.869128e-002
9.155396e+002,8.896463e-002
9.160217e+002,8.926518e-002
9.165038e+002,8.961064e-002
9.169860e+002,9.000358e-002
9.174681e+002,9.043075e-002
9.179502e+002,9.086800e-002
9.184323e+002,9.129370e-002
9.189144e+002,9.169685e-002
9.193965e+002,9.208632e-002
9.198787e+002,9.248782e-002
9.203608e+002,9.293968e-002
9.208429e+002,9.347731e-002
9.213250e+002,9.412490e-002
9.218071e+002,9.488907e-002
9.222892e+002,9.575975e-002
9.227714e+002,9.671582e-002
9.232535e+002,9.773396e-002
9.237356e+002,9.879918e-002
9.242177e+002,9.990604e-002
9.246998e+002,1.010593e-001
9.251819e+002,1.022682e-001
9.256641e+002,1.035398e-001
9.261462e+002,1.048730e-001
9.266283e+002,1.062570e-001
9.271104e+002,1.076714e-001
9.275925e+002,1.090921e-001
9.280746e+002,1.104971e-001
9.285568e+002,1.118686e-001
9.290389e+002,1.131973e-001
9.295210e+002,1.144792e-001
9.300031e+002,1.157121e-001
9.304852e+002,1.168891e-001
9.309673e+002,1.179934e-001
9.314495e+002,1.189951e-001
9.319316e+002,1.198545e-001
9.324137e+002,1.205216e-001
9.328958e+002,1.209491e-001
9.333779e+002,1.211000e-001
9.338600e+002,1.209531e-001
9.343422e+002,1.205089e-001
9.348243e+002,1.197882e-001
9.353064e+002,1.188303e-001
9.357885e+002,1.176827e-001
9.362706e+002,1.163982e-001
9.367527e+002,1.150302e-001
9.372349e+002,1.136238e-001
9.377170e+002,1.122176e-001
9.381991e+002,1.108396e-001
9.386812e+002,1.095061e-001
9.391633e+002,1.082257e-001
9.396454e+002,1.070004e-001
9.401276e+002,1.058312e-001
9.406097e+002,1.047210e-001
9.410918e+002,1.036763e-001
9.415739e+002,1.027048e-001
9.420560e+002,1.018140e-001
9.425381e+002,1.010060e-001
9.430203e+002,1.002783e-001
9.435024e+002,9.962522e-002
9.439845e+002,9.904446e-002
9.444666e+002,9.854332e-002
9.449487e+002,9.814275e-002
9.454308e+002,9.787400e-002
9.459130e+002,9.777656e-002
9.463951e+002,9.788514e-002
9.468772e+002,9.821942e-002
9.473593e+002,9.877902e-002
9.478414e+002,9.954256e-002
9.483235e+002,1.004736e-001
9.488057e+002,1.015272e-001
9.492878e+002,1.026639e-001
9.497699e+002,1.038534e-001
9.502520e+002,1.050754e-001
9.507341e+002,1.063180e-001
9.512162e+002,1.075673e-001
9.516984e+002,1.088006e-001
9.521805e+002,1.099828e-001
9.526626e+002,1.110613e-001
9.531447e+002,1.119712e-001
9.536268e+002,1.126446e-001
9.541089e+002,1.130118e-001
9.545911e+002,1.130159e-001
9.550732e+002,1.126204e-001
9.555553e+002,1.118145e-001
9.560374e+002,1.106196e-001
9.565195e+002,1.090892e-001
9.570016e+002,1.073082e-001
9.574838e+002,1.053740e-001
9.579659e+002,1.033900e-001
9.584480e+002,1.014501e-001
9.589301e+002,9.962027e-002
9.594122e+002,9.794190e-002
9.598943e+002,9.642923e-002
9.603765e+002,9.507770e-002
9.608586e+002,9.387387e-002
9.613407e+002,9.280528e-002
9.618228e+002,9.186520e-002
9.623049e+002,9.105226e-002
9.627870e+002,9.036639e-002
9.632692e+002,8.980296e-002
9.637513e+002,8.934666e-002
9.642334e+002,8.897256e-002
9.647155e+002,8.864801e-002
9.651976e+002,8.834000e-002
9.656797e+002,8.802550e-002
9.661619e+002,8.769558e-002
9.666440e+002,8.735937e-002
9.671261e+002,8.703870e-002
9.676082e+002,8.676470e-002
9.680903e+002,8.656625e-002
9.685724e+002,8.646183e-002
9.690546e+002,8.645672e-002
9.695367e+002,8.654071e-002
9.700188e+002,8.669272e-002
9.705009e+002,8.688410e-002
9.709830e+002,8.708713e-002
9.714651e+002,8.727907e-002
9.719473e+002,8.744454e-002
9.724294e+002,8.757871e-002
9.729115e+002,8.768608e-002
9.733936e+002,8.777960e-002
9.738757e+002,8.787739e-002
9.743578e+002,8.800170e-002
9.748400e+002,8.817386e-002
9.753221e+002,8.840994e-002
9.758042e+002,8.871851e-002
9.762863e+002,8.909739e-002
9.767684e+002,8.953331e-002
9.772505e+002,9.000306e-002
9.777327e+002,9.047961e-002
9.782148e+002,9.093607e-002
9.786969e+002,9.135066e-002
9.791790e+002,9.171250e-002
9.796611e+002,9.202255e-002
9.801432e+002,9.229328e-002
9.806254e+002,9.254412e-002
9.811075e+002,9.279839e-002
9.815896e+002,9.307734e-002
9.820717e+002,9.339419e-002
9.825538e+002,9.375349e-002
9.830359e+002,9.414946e-002
9.835181e+002,9.456848e-002
9.840002e+002,9.499222e-002
9.844823e+002,9.540245e-002
9.849644e+002,9.578481e-002
9.854465e+002,9.613020e-002
9.859286e+002,9.643589e-002
9.864108e+002,9.670467e-002
9.868929e+002,9.694327e-002
9.873750e+002,9.716138e-002
9.878571e+002,9.737229e-002
9.883392e+002,9.759407e-002
9.888214e+002,9.784821e-002
9.893035e+002,9.816157e-002
9.897856e+002,9.856135e-002
9.902677e+002,9.906889e-002
9.907498e+002,9.969442e-002
9.912319e+002,1.004306e-001
9.917141e+002,1.012516e-001
9.921962e+002,1.021129e-001
9.926783e+002,1.029640e-001
9.931604e+002,1.037550e-001
9.936425e+002,1.044459e-001
9.941246e+002,1.050163e-001
9.946068e+002,1.054651e-001
9.950889e+002,1.058079e-001
9.955710e+002,1.060697e-001
9.960531e+002,1.062798e-001
9.965352e+002,1.064644e-001
9.970173e+002,1.066425e-001
9.974995e+002,1.068281e-001
9.979816e+002,1.070292e-001
9.984637e+002,1.072505e-001
9.989458e+002,1.074964e-001
9.994279e+002,1.077716e-001
9.999100e+002,1.080823e-001
1.000392e+003,1.084379e-001
1.000874e+003,1.088488e-001
1.001356e+003,1.093270e-001
1.001839e+003,1.098833e-001
1.002321e+003,1.105238e-001
1.002803e+003,1.112481e-001
1.003285e+003,1.120484e-001
1.003767e+003,1.129120e-001
1.004249e+003,1.138234e-001
1.004731e+003,1.147702e-001
1.005213e+003,1.157463e-001
1.005695e+003,1.167521e-001
1.006178e+003,1.177923e-001
1.006660e+003,1.188714e-001
1.007142e+003,1.199888e-001
1.007624e+003,1.211363e-001
1.008106e+003,1.222990e-001
1.008588e+003,1.234586e-001
1.009070e+003,1.246012e-001
1.009552e+003,1.257209e-001
1.010034e+003,1.268234e-001
1.010517e+003,1.279239e-001
1.010999e+003,1.290448e-001
1.011481e+003,1.302085e-001
1.011963e+003,1.314316e-001
1.012445e+003,1.327235e-001
1.012927e+003,1.340835e-001
1.013409e+003,1.355012e-001
1.013891e+003,1.369564e-001
1.014374e+003,1.384200e-001
1.014856e+003,1.398539e-001
1.015338e+003,1.412087e-001
1.015820e+003,1.424312e-001
1.016302e+003,1.434617e-001
1.016784e+003,1.442401e-001
1.017266e+003,1.447152e-001
1.017748e+003,1.448442e-001
1.018230e+003,1.445997e-001
1.018713e+003,1.439738e-001
1.019195e+003,1.429791e-001
1.019677e+003,1.416498e-001
1.020159e+003,1.400418e-001
1.020641e+003,1.382343e-001
1.021123e+003,1.363162e-001
1.021605e+003,1.343810e-001
1.022087e+003,1.325154e-001
1.022569e+003,1.307812e-001
1.023052e+003,1.292140e-001
1.023534e+003,1.278216e-001
1.024016e+003,1.265916e-001
1.024498e+003,1.255012e-001
1.024980e+003,1.245258e-001
1.025462e+003,1.236443e-001
1.025944e+003,1.228348e-001
1.026426e+003,1.220708e-001
1.026909e+003,1.213186e-001
1.027391e+003,1.205340e-001
1.027873e+003,1.196736e-001
1.028355e+003,1.187023e-001
1.028837e+003,1.176029e-001
1.029319e+003,1.163820e-001
1.029801e+003,1.150675e-001
1.030283e+003,1.137021e-001
1.030766e+003,1.123290e-001
1.031248e+003,1.109889e-001
1.031730e+003,1.097141e-001
1.032212e+003,1.085272e-001
1.032694e+003,1.074462e-001
1.033176e+003,1.064843e-001
1.033658e+003,1.056474e-001
1.034140e+003,1.049329e-001
1.034622e+003,1.043268e-001
1.035104e+003,1.038055e-001
1.035587e+003,1.033407e-001
1.036069e+003,1.029095e-001
1.036551e+003,1.025007e-001
1.037033e+003,1.021184e-001
1.037515e+003,1.017787e-001
1.037997e+003,1.015028e-001
1.038479e+003,1.013078e-001
1.038961e+003,1.011994e-001
1.039444e+003,1.011720e-001
1.039926e+003,1.012125e-001
1.040408e+003,1.013073e-001
1.040890e+003,1.014464e-001
1.041372e+003,1.016261e-001
1.041854e+003,1.018440e-001
1.042336e+003,1.020944e-001
1.042818e+003,1.023627e-001
1.043301e+003,1.026269e-001
1.043783e+003,1.028597e-001
1.044265e+003,1.030406e-001
1.044747e+003,1.031605e-001
1.045229e+003,1.032278e-001
1.045711e+003,1.032634e-001
1.046193e+003,1.032966e-001
1.046675e+003,1.033529e-001
1.047157e+003,1.034478e-001
1.047640e+003,1.035841e-001
1.048122e+003,1.037555e-001
1.048604e+003,1.039520e-001
1.049086e+003,1.041656e-001
1.049568e+003,1.043943e-001
1.050050e+003,1.046403e-001
1.050532e+003,1.049060e-001
1.051014e+003,1.051896e-001
1.051496e+003,1.054827e-001
1.051979e+003,1.057706e-001
1.052461e+003,1.060396e-001
1.052943e+003,1.062795e-001
1.053425e+003,1.064904e-001
1.053907e+003,1.066816e-001
1.054389e+003,1.068687e-001
1.054871e+003,1.070666e-001
1.055353e+003,1.072820e-001
1.055836e+003,1.075094e-001
1.056318e+003,1.077312e-001
1.056800e+003,1.079221e-001
1.057282e+003,1.080554e-001
1.057764e+003,1.081139e-001
1.058246e+003,1.080931e-001
1.058728e+003,1.080053e-001
1.059210e+003,1.078741e-001
1.059693e+003,1.077310e-001
1.060175e+003,1.076066e-001
1.060657e+003,1.075218e-001
1.061139e+003,1.074855e-001
1.061621e+003,1.074926e-001
1.062103e+003,1.075271e-001
1.062585e+003,1.075655e-001
1.063067e+003,1.075837e-001
1.063549e+003,1.075626e-001
1.064031e+003,1.074919e-001
1.064514e+003,1.073735e-001
1.064996e+003,1.072221e-001
1.065478e+003,1.070650e-001
1.065960e+003,1.069330e-001
1.066442e+003,1.068576e-001
1.066924e+003,1.068613e-001
1.067406e+003,1.069501e-001
1.067888e+003,1.071126e-001
1.068371e+003,1.073209e-001
1.068853e+003,1.075419e-001
1.069335e+003,1.077433e-001
1.069817e+003,1.079065e-001
1.070299e+003,1.080307e-001
1.070781e+003,1.081310e-001
1.071263e+003,1.082301e-001
1.071745e+003,1.083490e-001
1.072228e+003,1.084990e-001
1.072710e+003,1.086765e-001
1.073192e+003,1.088680e-001
1.073674e+003,1.090562e-001
1.074156e+003,1.092303e-001
1.074638e+003,1.093899e-001
1.075120e+003,1.095441e-001
1.075602e+003,1.097063e-001
1.076084e+003,1.098856e-001
1.076567e+003,1.100813e-001
1.077049e+003,1.102821e-001
1.077531e+003,1.104705e-001
1.078013e+003,1.106310e-001
1.078495e+003,1.107578e-001
1.078977e+003,1.108582e-001
1.079459e+003,1.109500e-001
1.079941e+003,1.110561e-001
1.080423e+003,1.111981e-001
1.080906e+003,1.113895e-001
1.081388e+003,1.116355e-001
1.081870e+003,1.119359e-001
1.082352e+003,1.122874e-001
1.082834e+003,1.126870e-001
1.083316e+003,1.131309e-001
1.083798e+003,1.136123e-001
1.084280e+003,1.141185e-001
1.084763e+003,1.146302e-001
1.085245e+003,1.151239e-001
1.085727e+003,1.155769e-001
1.086209e+003,1.159744e-001
1.086691e+003,1.163132e-001
1.087173e+003,1.166029e-001
1.087655e+003,1.168610e-001
1.088137e+003,1.171077e-001
1.088620e+003,1.173592e-001
1.089102e+003,1.176225e-001
1.089584e+003,1.178959e-001
1.090066e+003,1.181707e-001
1.090548e+003,1.184374e-001
1.091030e+003,1.186896e-001
1.091512e+003,1.189283e-001
1.091994e+003,1.191618e-001
1.092476e+003,1.194053e-001
1.092958e+003,1.196762e-001
1.093441e+003,1.199899e-001
1.093923e+003,1.203572e-001
1.094405e+003,1.207807e-001
1.094887e+003,1.212544e-001
1.095369e+003,1.217645e-001
1.095851e+003,1.222941e-001
1.096333e+003,1.228243e-001
1.096815e+003,1.233377e-001
1.097298e+003,1.238210e-001
1.097780e+003,1.242620e-001
1.098262e+003,1.246504e-001
1.098744e+003,1.249753e-001
1.099226e+003,1.252251e-001
1.099708e+003,1.253897e-001
1.100190e+003,1.254632e-001
1.100672e+003,1.254452e-001
1.101155e+003,1.253423e-001
1.101637e+003,1.251646e-001
1.102119e+003,1.249232e-001
1.102601e+003,1.246248e-001
1.103083e+003,1.242713e-001
1.103565e+003,1.238622e-001
1.104047e+003,1.233986e-001
1.104529e+003,1.228898e-001
1.105011e+003,1.223564e-001
1.105494e+003,1.218278e-001
1.105976e+003,1.213392e-001
1.106458e+003,1.209208e-001
1.106940e+003,1.205921e-001
1.107422e+003,1.203598e-001
1.107904e+003,1.202190e-001
1.108386e+003,1.201586e-001
1.108868e+003,1.201671e-001
1.109350e+003,1.202361e-001
1.109833e+003,1.203592e-001
1.110315e+003,1.205291e-001
1.110797e+003,1.207354e-001
1.111279e+003,1.209618e-001
1.111761e+003,1.211898e-001
1.112243e+003,1.214027e-001
1.112725e+003,1.215889e-001
1.113207e+003,1.217455e-001
1.113690e+003,1.218766e-001
1.114172e+003,1.219912e-001
1.114654e+003,1.220995e-001
1.115136e+003,1.222120e-001
1.115618e+003,1.223393e-001
1.116100e+003,1.224924e-001
1.116582e+003,1.226824e-001
1.117064e+003,1.229177e-001
1.117547e+003,1.231981e-001
1.118029e+003,1.235114e-001
1.118511e+003,1.238320e-001
1.118993e+003,1.241281e-001
1.119475e+003,1.243680e-001
1.119957e+003,1.245326e-001
1.120439e+003,1.246229e-001
1.120921e+003,1.246606e-001
1.121403e+003,1.246807e-001
1.121885e+003,1.247204e-001
1.122368e+003,1.248091e-001
1.122850e+003,1.249590e-001
1.123332e+003,1.251661e-001
1.123814e+003,1.254150e-001
1.124296e+003,1.256890e-001
1.124778e+003,1.259733e-001
1.125260e+003,1.262606e-001
1.125742e+003,1.265488e-001
1.126225e+003,1.268383e-001
1.126707e+003,1.271304e-001
1.127189e+003,1.274268e-001
1.127671e+003,1.277313e-001
1.128153e+003,1.280502e-001
1.128635e+003,1.283905e-001
1.129117e+003,1.287562e-001
1.129599e+003,1.291436e-001
1.130082e+003,1.295382e-001
1.130564e+003,1.299173e-001
1.131046e+003,1.302591e-001
1.131528e+003,1.305493e-001
1.132010e+003,1.307910e-001
1.132492e+003,1.310047e-001
1.132974e+003,1.312243e-001
1.133456e+003,1.314860e-001
1.133938e+003,1.318151e-001
1.134421e+003,1.322214e-001
1.134903e+003,1.326970e-001
1.135385e+003,1.332224e-001
1.135867e+003,1.337728e-001
1.136349e+003,1.343267e-001
1.136831e+003,1.348676e-001
1.137313e+003,1.353819e-001
1.137795e+003,1.358583e-001
1.138277e+003,1.362845e-001
1.138760e+003,1.366501e-001
1.139242e+003,1.369511e-001
1.139724e+003,1.371933e-001
1.140206e+003,1.373945e-001
1.140688e+003,1.375778e-001
1.141170e+003,1.377694e-001
1.141652e+003,1.379880e-001
1.142134e+003,1.382438e-001
1.142617e+003,1.385404e-001
1.143099e+003,1.388794e-001
1.143581e+003,1.392664e-001
1.144063e+003,1.397123e-001
1.144545e+003,1.402282e-001
1.145027e+003,1.408188e-001
1.145509e+003,1.414753e-001
1.145991e+003,1.421751e-001
1.146474e+003,1.428849e-001
1.146956e+003,1.435721e-001
1.147438e+003,1.442178e-001
1.147920e+003,1.448205e-001
1.148402e+003,1.453962e-001
1.148884e+003,1.459689e-001
1.149366e+003,1.465612e-001
1.149848e+003,1.471842e-001
1.150330e+003,1.478367e-001
1.150813e+003,1.485107e-001
1.151295e+003,1.492002e-001
1.151777e+003,1.499075e-001
1.152259e+003,1.506459e-001
1.152741e+003,1.514335e-001
1.153223e+003,1.522862e-001
1.153705e+003,1.532114e-001
1.154187e+003,1.542074e-001
1.154669e+003,1.552666e-001
1.155152e+003,1.563847e-001
1.155634e+003,1.575655e-001
1.156116e+003,1.588209e-001
1.156598e+003,1.601628e-001
1.157080e+003,1.615944e-001
1.157562e+003,1.630983e-001
1.158044e+003,1.646385e-001
1.158526e+003,1.661638e-001
1.159009e+003,1.676196e-001
1.159491e+003,1.689661e-001
1.159973e+003,1.701825e-001
1.160455e+003,1.712714e-001
1.160937e+003,1.722503e-001
1.161419e+003,1.731447e-001
1.161901e+003,1.739787e-001
1.162383e+003,1.747706e-001
1.162865e+003,1.755369e-001
1.163348e+003,1.762929e-001
1.163830e+003,1.770545e-001
1.164312e+003,1.778376e-001
1.164794e+003,1.786523e-001
1.165276e+003,1.794987e-001
1.165758e+003,1.803667e-001
1.166240e+003,1.812407e-001
1.166722e+003,1.821069e-001
1.167204e+003,1.829617e-001
1.167687e+003,1.838150e-001
1.168169e+003,1.846906e-001
1.168651e+003,1.856174e-001
1.169133e+003,1.866191e-001
1.169615e+003,1.877098e-001
1.170097e+003,1.888888e-001
1.170579e+003,1.901458e-001
1.171061e+003,1.914642e-001
1.171544e+003,1.928293e-001
1.172026e+003,1.942303e-001
1.172508e+003,1.956592e-001
1.172990e+003,1.971074e-001
1.173472e+003,1.985617e-001
1.173954e+003,1.999993e-001
1.174436e+003,2.013906e-001
1.174918e+003,2.026954e-001
1.175401e+003,2.038662e-001
1.175883e+003,2.048528e-001
1.176365e+003,2.055967e-001
1.176847e+003,2.060382e-001
1.177329e+003,2.061217e-001
1.177811e+003,2.057945e-001
1.178293e+003,2.050184e-001
1.178775e+003,2.037701e-001
1.179257e+003,2.020394e-001
1.179740e+003,1.998297e-001
1.180222e+003,1.971522e-001
1.180704e+003,1.940263e-001
1.181186e+003,1.904806e-001
1.181668e+003,1.865583e-001
1.182150e+003,1.823220e-001
1.182632e+003,1.778488e-001
1.183114e+003,1.732348e-001
1.183596e+003,1.685848e-001
1.184079e+003,1.639991e-001
1.184561e+003,1.595846e-001
1.185043e+003,1.554260e-001
1.185525e+003,1.515916e-001
1.186007e+003,1.481331e-001
1.186489e+003,1.450749e-001
1.186971e+003,1.424143e-001
1.187453e+003,1.401210e-001
1.187936e+003,1.381459e-001
1.188418e+003,1.364295e-001
1.188900e+003,1.349166e-001
1.189382e+003,1.335688e-001
1.189864e+003,1.323673e-001
1.190346e+003,1.313127e-001
1.190828e+003,1.304150e-001
1.191310e+003,1.296847e-001
1.191792e+003,1.291226e-001
1.192275e+003,1.287178e-001
1.192757e+003,1.284493e-001
1.193239e+003,1.282929e-001
1.193721e+003,1.282256e-001
1.194203e+003,1.282279e-001
1.194685e+003,1.282832e-001
1.195167e+003,1.283710e-001
1.195649e+003,1.284621e-001
1.196131e+003,1.285201e-001
1.196614e+003,1.285008e-001
1.197096e+003,1.283598e-001
1.197578e+003,1.280629e-001
1.198060e+003,1.275891e-001
1.198542e+003,1.269357e-001
1.199024e+003,1.261171e-001
1.199506e+003,1.251629e-001
1.199988e+003,1.241125e-001
1.200471e+003,1.230094e-001
1.200953e+003,1.219016e-001
1.201435e+003,1.208303e-001
1.201917e+003,1.198285e-001
1.202399e+003,1.189161e-001
1.202881e+003,1.180982e-001
1.203363e+003,1.173682e-001
1.203845e+003,1.167131e-001
1.204328e+003,1.161217e-001
1.204810e+003,1.155889e-001
1.205292e+003,1.151167e-001
1.205774e+003,1.147108e-001
1.206256e+003,1.143752e-001
1.206738e+003,1.141057e-001
1.207220e+003,1.138888e-001
1.207702e+003,1.137038e-001
1.208184e+003,1.135314e-001
1.208667e+003,1.133598e-001
1.209149e+003,1.131898e-001
1.209631e+003,1.130336e-001
1.210113e+003,1.129100e-001
1.210595e+003,1.128368e-001
1.211077e+003,1.128227e-001
1.211559e+003,1.128656e-001
1.212041e+003,1.129537e-001
1.212523e+003,1.130719e-001
1.213006e+003,1.132049e-001
1.213488e+003,1.133442e-001
1.213970e+003,1.134859e-001
1.214452e+003,1.136318e-001
1.214934e+003,1.137854e-001
1.215416e+003,1.139510e-001
1.215898e+003,1.141329e-001
1.216380e+003,1.143357e-001
1.216863e+003,1.145643e-001
1.217345e+003,1.148239e-001
1.217827e+003,1.151173e-001
1.218309e+003,1.154446e-001
1.218791e+003,1.158017e-001
1.219273e+003,1.161812e-001
1.219755e+003,1.165733e-001
1.220237e+003,1.169669e-001
1.220719e+003,1.173507e-001
1.221202e+003,1.177109e-001
1.221684e+003,1.180318e-001
1.222166e+003,1.182966e-001
1.222648e+003,1.184888e-001
1.223130e+003,1.185989e-001
1.223612e+003,1.186290e-001
1.224094e+003,1.185964e-001
1.224576e+003,1.185305e-001
1.225058e+003,1.184700e-001
1.225541e+003,1.184545e-001
1.226023e+003,1.185131e-001
1.226505e+003,1.186631e-001
1.226987e+003,1.189063e-001
1.227469e+003,1.192320e-001
1.227951e+003,1.196204e-001
1.228433e+003,1.200473e-001
1.228915e+003,1.204882e-001
1.229398e+003,1.209182e-001
1.229880e+003,1.213175e-001
1.230362e+003,1.216713e-001
1.230844e+003,1.219732e-001
1.231326e+003,1.222259e-001
1.231808e+003,1.224408e-001
1.232290e+003,1.226340e-001
1.232772e+003,1.228190e-001
1.233255e+003,1.230046e-001
1.233737e+003,1.231916e-001
1.234219e+003,1.233758e-001
1.234701e+003,1.235542e-001
1.235183e+003,1.237312e-001
1.235665e+003,1.239205e-001
1.236147e+003,1.241443e-001
1.236629e+003,1.244233e-001
1.237111e+003,1.247695e-001
1.237594e+003,1.251785e-001
1.238076e+003,1.256311e-001
1.238558e+003,1.260973e-001
1.239040e+003,1.265480e-001
1.239522e+003,1.269653e-001
1.240004e+003,1.273454e-001
1.240486e+003,1.276976e-001
1.240968e+003,1.280358e-001
1.241450e+003,1.283695e-001
1.241933e+003,1.286978e-001
1.242415e+003,1.290107e-001
1.242897e+003,1.292935e-001
1.243379e+003,1.295363e-001
1.243861e+003,1.297402e-001
1.244343e+003,1.299186e-001
1.244825e+003,1.300907e-001
1.245307e+003,1.302753e-001
1.245790e+003,1.304825e-001
1.246272e+003,1.307092e-001
1.246754e+003,1.309432e-001
1.247236e+003,1.311682e-001
1.247718e+003,1.313732e-001
1.248200e+003,1.315571e-001
1.248682e+003,1.317303e-001
1.249164e+003,1.319112e-001
1.249646e+003,1.321224e-001
1.250129e+003,1.323825e-001
1.250611e+003,1.327019e-001
1.251093e+003,1.330813e-001
1.251575e+003,1.335118e-001
1.252057e+003,1.339773e-001
1.252539e+003,1.344561e-001
1.253021e+003,1.349280e-001
1.253503e+003,1.353756e-001
1.253985e+003,1.357887e-001
1.254468e+003,1.361667e-001
1.254950e+003,1.365176e-001
1.255432e+003,1.368556e-001
1.255914e+003,1.371944e-001
1.256396e+003,1.375442e-001
1.256878e+003,1.379052e-001
1.257360e+003,1.382686e-001
1.257842e+003,1.386176e-001
1.258325e+003,1.389341e-001
1.258807e+003,1.392031e-001
1.259289e+003,1.394171e-001
1.259771e+003,1.395784e-001
1.260253e+003,1.396966e-001
1.260735e+003,1.397875e-001
1.261217e+003,1.398684e-001
1.261699e+003,1.399592e-001
1.262182e+003,1.400797e-001
1.262664e+003,1.402486e-001
1.263146e+003,1.404823e-001
1.263628e+003,1.407921e-001
1.264110e+003,1.411805e-001
1.264592e+003,1.416423e-001
1.265074e+003,1.421648e-001
1.265556e+003,1.427321e-001
1.266038e+003,1.433293e-001
1.266521e+003,1.439464e-001
1.267003e+003,1.445795e-001
1.267485e+003,1.452296e-001
1.267967e+003,1.459005e-001
1.268449e+003,1.465950e-001
1.268931e+003,1.473128e-001
1.269413e+003,1.480484e-001
1.269895e+003,1.487902e-001
1.270377e+003,1.495196e-001
1.270860e+003,1.502135e-001
1.271342e+003,1.508431e-001
1.271824e+003,1.513807e-001
1.272306e+003,1.518052e-001
1.272788e+003,1.521056e-001
1.273270e+003,1.522878e-001
1.273752e+003,1.523720e-001
1.274234e+003,1.523890e-001
1.274717e+003,1.523676e-001
1.275199e+003,1.523252e-001
1.275681e+003,1.522586e-001
1.276163e+003,1.521461e-001
1.276645e+003,1.519507e-001
1.277127e+003,1.516366e-001
1.277609e+003,1.511831e-001
1.278091e+003,1.505909e-001
1.278573e+003,1.498847e-001
1.279056e+003,1.491021e-001
1.279538e+003,1.482848e-001
1.280020e+003,1.474634e-001
1.280502e+003,1.466522e-001
1.280984e+003,1.458519e-001
1.281466e+003,1.450547e-001
1.281948e+003,1.442533e-001
1.282430e+003,1.434467e-001
1.282912e+003,1.426409e-001
1.283395e+003,1.418460e-001
1.283877e+003,1.410725e-001
1.284359e+003,1.403267e-001
1.284841e+003,1.396132e-001
1.285323e+003,1.389361e-001
1.285805e+003,1.383025e-001
1.286287e+003,1.377254e-001
1.286769e+003,1.372207e-001
1.287252e+003,1.368033e-001
1.287734e+003,1.364843e-001
1.288216e+003,1.362656e-001
1.288698e+003,1.361406e-001
1.289180e+003,1.360963e-001
1.289662e+003,1.361176e-001
1.290144e+003,1.361884e-001
1.290626e+003,1.362940e-001
1.291109e+003,1.364223e-001
1.291591e+003,1.365615e-001
1.292073e+003,1.367022e-001
1.292555e+003,1.368378e-001
1.293037e+003,1.369665e-001
1.293519e+003,1.370901e-001
1.294001e+003,1.372133e-001
1.294483e+003,1.373414e-001
1.294965e+003,1.374761e-001
1.295448e+003,1.376164e-001
1.295930e+003,1.377573e-001
1.296412e+003,1.378949e-001
1.296894e+003,1.380271e-001
1.297376e+003,1.381566e-001
1.297858e+003,1.382883e-001
1.298340e+003,1.384262e-001
1.298822e+003,1.385703e-001
1.299304e+003,1.387141e-001
1.299787e+003,1.388464e-001
1.300269e+003,1.389553e-001
1.300751e+003,1.390349e-001
1.301233e+003,1.390875e-001
1.301715e+003,1.391239e-001
1.302197e+003,1.391590e-001
1.302679e+003,1.392055e-001
1.303161e+003,1.392683e-001
1.303644e+003,1.393420e-001
1.304126e+003,1.394133e-001
1.304608e+003,1.394680e-001
1.305090e+003,1.394955e-001
1.305572e+003,1.394954e-001
1.306054e+003,1.394777e-001
1.306536e+003,1.394598e-001
1.307018e+003,1.394615e-001
1.307500e+003,1.394977e-001
1.307983e+003,1.395779e-001
1.308465e+003,1.397034e-001
1.308947e+003,1.398701e-001
1.309429e+003,1.400698e-001
1.309911e+003,1.402935e-001
1.310393e+003,1.405294e-001
1.310875e+003,1.407631e-001
1.311357e+003,1.409790e-001
1.311839e+003,1.411611e-001
1.312322e+003,1.412980e-001
1.312804e+003,1.413864e-001
1.313286e+003,1.414339e-001
1.313768e+003,1.414578e-001
1.314250e+003,1.414798e-001
1.314732e+003,1.415208e-001
1.315214e+003,1.415928e-001
1.315696e+003,1.416959e-001
1.316179e+003,1.418178e-001
1.316661e+003,1.419388e-001
1.317143e+003,1.420389e-001
1.317625e+003,1.421049e-001
1.318107e+003,1.421352e-001
1.318589e+003,1.421423e-001
1.319071e+003,1.421479e-001
1.319553e+003,1.421743e-001
1.320036e+003,1.422406e-001
1.320518e+003,1.423563e-001
1.321000e+003,1.425215e-001
1.321482e+003,1.427266e-001
1.321964e+003,1.429577e-001
1.322446e+003,1.432008e-001
1.322928e+003,1.434441e-001
1.323410e+003,1.436817e-001
1.323892e+003,1.439142e-001
1.324375e+003,1.441470e-001
1.324857e+003,1.443864e-001
1.325339e+003,1.446386e-001
1.325821e+003,1.449062e-001
1.326303e+003,1.451867e-001
1.326785e+003,1.454740e-001
1.327267e+003,1.457592e-001
1.327749e+003,1.460352e-001
1.328231e+003,1.462976e-001
1.328714e+003,1.465483e-001
1.329196e+003,1.467925e-001
1.329678e+003,1.470379e-001
1.330160e+003,1.472895e-001
1.330642e+003,1.475463e-001
1.331124e+003,1.478014e-001
1.331606e+003,1.480450e-001
1.332088e+003,1.482698e-001
1.332571e+003,1.484773e-001
1.333053e+003,1.486817e-001
1.333535e+003,1.489086e-001
1.334017e+003,1.491900e-001
1.334499e+003,1.495537e-001
1.334981e+003,1.500162e-001
1.335463e+003,1.505756e-001
1.335945e+003,1.512126e-001
1.336427e+003,1.518943e-001
1.336910e+003,1.525854e-001
1.337392e+003,1.532570e-001
1.337874e+003,1.538898e-001
1.338356e+003,1.544726e-001
1.338838e+003,1.549960e-001
1.339320e+003,1.554471e-001
1.339802e+003,1.558079e-001
1.340284e+003,1.560663e-001
1.340766e+003,1.562278e-001
1.341249e+003,1.563223e-001
1.341731e+003,1.563984e-001
1.342213e+003,1.565133e-001
1.342695e+003,1.567182e-001
1.343177e+003,1.570459e-001
1.343659e+003,1.575031e-001
1.344141e+003,1.580713e-001
1.344623e+003,1.587139e-001
1.345106e+003,1.593940e-001
1.345588e+003,1.600858e-001
1.346070e+003,1.607833e-001
1.346552e+003,1.614973e-001
1.347034e+003,1.622479e-001
1.347516e+003,1.630496e-001
1.347998e+003,1.639044e-001
1.348480e+003,1.648007e-001
1.348963e+003,1.657194e-001
1.349445e+003,1.666464e-001
1.349927e+003,1.675804e-001
1.350409e+003,1.685369e-001
1.350891e+003,1.695444e-001
1.351373e+003,1.706372e-001
1.351855e+003,1.718453e-001
1.352337e+003,1.731883e-001
1.352819e+003,1.746752e-001
1.353302e+003,1.763067e-001
1.353784e+003,1.780816e-001
1.354266e+003,1.800013e-001
1.354748e+003,1.820717e-001
1.355230e+003,1.843050e-001
1.355712e+003,1.867154e-001
1.356194e+003,1.893143e-001
1.356676e+003,1.921025e-001
1.357158e+003,1.950668e-001
1.357641e+003,1.981769e-001
1.358123e+003,2.013783e-001
1.358605e+003,2.046062e-001
1.359087e+003,2.077862e-001
1.359569e+003,2.108373e-001
1.360051e+003,2.136891e-001
1.360533e+003,2.162828e-001
1.361015e+003,2.185844e-001
1.361498e+003,2.205869e-001
1.361980e+003,2.223215e-001
1.362462e+003,2.238440e-001
1.362944e+003,2.252070e-001
1.363426e+003,2.264659e-001
1.363908e+003,2.276570e-001
1.364390e+003,2.287995e-001
1.364872e+003,2.298833e-001
1.365354e+003,2.308736e-001
1.365837e+003,2.317100e-001
1.366319e+003,2.323081e-001
1.366801e+003,2.325850e-001
1.367283e+003,2.324708e-001
1.367765e+003,2.319249e-001
1.368247e+003,2.309435e-001
1.368729e+003,2.295596e-001
1.369211e+003,2.278318e-001
1.369693e+003,2.258238e-001
1.370176e+003,2.235948e-001
1.370658e+003,2.211829e-001
1.371140e+003,2.186029e-001
1.371622e+003,2.158577e-001
1.372104e+003,2.129608e-001
1.372586e+003,2.099661e-001
1.373068e+003,2.069960e-001
1.373550e+003,2.042131e-001
1.374033e+003,2.017811e-001
1.374515e+003,1.998086e-001
1.374997e+003,1.983187e-001
1.375479e+003,1.972686e-001
1.375961e+003,1.965766e-001
1.376443e+003,1.961609e-001
1.376925e+003,1.959362e-001
1.377407e+003,1.958282e-001
1.377890e+003,1.957764e-001
1.378372e+003,1.957214e-001
1.378854e+003,1.956120e-001
1.379336e+003,1.954049e-001
1.379818e+003,1.950740e-001
1.380300e+003,1.946213e-001
1.380782e+003,1.940823e-001
1.381264e+003,1.935275e-001
1.381746e+003,1.930435e-001
1.382229e+003,1.927182e-001
1.382711e+003,1.926202e-001
1.383193e+003,1.927850e-001
1.383675e+003,1.932234e-001
1.384157e+003,1.939350e-001
1.384639e+003,1.949258e-001
1.385121e+003,1.962105e-001
1.385603e+003,1.978065e-001
1.386085e+003,1.997058e-001
1.386568e+003,2.018511e-001
1.387050e+003,2.041239e-001
1.387532e+003,2.063704e-001
1.388014e+003,2.084403e-001
1.388496e+003,2.102274e-001
1.388978e+003,2.116650e-001
1.389460e+003,2.127119e-001
1.389942e+003,2.133501e-001
1.390425e+003,2.135626e-001
1.390907e+003,2.133413e-001
1.391389e+003,2.126896e-001
1.391871e+003,2.116314e-001
1.392353e+003,2.102214e-001
1.392835e+003,2.085510e-001
1.393317e+003,2.067666e-001
1.393799e+003,2.050256e-001
1.394281e+003,2.034443e-001
1.394764e+003,2.020468e-001
1.395246e+003,2.007492e-001
1.395728e+003,1.994040e-001
1.396210e+003,1.978570e-001
1.396692e+003,1.960166e-001
1.397174e+003,1.938767e-001
1.397656e+003,1.915498e-001
1.398138e+003,1.892434e-001
1.398620e+003,1.872194e-001
1.399103e+003,1.856825e-001
1.399585e+003,1.847032e-001
1.400067e+003,1.842283e-001
1.400549e+003,1.841211e-001
1.401031e+003,1.842168e-001
1.401513e+003,1.843235e-001
1.401995e+003,1.842603e-001
1.402477e+003,1.838488e-001
1.402960e+003,1.829413e-001
1.403442e+003,1.814656e-001
1.403924e+003,1.794546e-001
1.404406e+003,1.770501e-001
1.404888e+003,1.744479e-001
1.405370e+003,1.718649e-001
1.405852e+003,1.694787e-001
1.406334e+003,1.674035e-001
1.406817e+003,1.657004e-001
1.407299e+003,1.643865e-001
1.407781e+003,1.634548e-001
1.408263e+003,1.628863e-001
1.408745e+003,1.626594e-001
1.409227e+003,1.627452e-001
1.409709e+003,1.631004e-001
1.410191e+003,1.636648e-001
1.410673e+003,1.643629e-001
1.411156e+003,1.651181e-001
1.411638e+003,1.658757e-001
1.412120e+003,1.666119e-001
1.412602e+003,1.673410e-001
1.413084e+003,1.681046e-001
1.413566e+003,1.689542e-001
1.414048e+003,1.699292e-001
1.414530e+003,1.710424e-001
1.415012e+003,1.722674e-001
1.415495e+003,1.735448e-001
1.415977e+003,1.747889e-001
1.416459e+003,1.758986e-001
1.416941e+003,1.767889e-001
1.417423e+003,1.774247e-001
1.417905e+003,1.778560e-001
1.418387e+003,1.781886e-001
1.418869e+003,1.785432e-001
1.419352e+003,1.789838e-001
1.419834e+003,1.795152e-001
1.420316e+003,1.801228e-001
1.420798e+003,1.807778e-001
1.421280e+003,1.814370e-001
1.421762e+003,1.820212e-001
1.422244e+003,1.824603e-001
1.422726e+003,1.827268e-001
1.423208e+003,1.828585e-001
1.423691e+003,1.829362e-001
1.424173e+003,1.830471e-001
1.424655e+003,1.832470e-001
1.425137e+003,1.835460e-001
1.425619e+003,1.839274e-001
1.426101e+003,1.843628e-001
1.426583e+003,1.848346e-001
1.427065e+003,1.853303e-001
1.427547e+003,1.858541e-001
1.428030e+003,1.864182e-001
1.428512e+003,1.870355e-001
1.428994e+003,1.877074e-001
1.429476e+003,1.884250e-001
1.429958e+003,1.891914e-001
1.430440e+003,1.900275e-001
1.430922e+003,1.909746e-001
1.431404e+003,1.920767e-001
1.431887e+003,1.933599e-001
1.432369e+003,1.948109e-001
1.432851e+003,1.963735e-001
1.433333e+003,1.979729e-001
1.433815e+003,1.995190e-001
1.434297e+003,2.009463e-001
1.434779e+003,2.022480e-001
1.435261e+003,2.035014e-001
1.435744e+003,2.048353e-001
1.436226e+003,2.063269e-001
1.436708e+003,2.079507e-001
1.437190e+003,2.095839e-001
1.437672e+003,2.111230e-001
1.438154e+003,2.125359e-001
1.438636e+003,2.138539e-001
1.439118e+003,2.151213e-001
1.439600e+003,2.163789e-001
1.440083e+003,2.176664e-001
1.440565e+003,2.190139e-001
1.441047e+003,2.204396e-001
1.441529e+003,2.219470e-001
1.442011e+003,2.235309e-001
1.442493e+003,2.251830e-001
1.442975e+003,2.268994e-001
1.443457e+003,2.286807e-001
1.443939e+003,2.305306e-001
1.444422e+003,2.324510e-001
1.444904e+003,2.344379e-001
1.445386e+003,2.364888e-001
1.445868e+003,2.386043e-001
1.446350e+003,2.407935e-001
1.446832e+003,2.430614e-001
1.447314e+003,2.454037e-001
1.447796e+003,2.477961e-001
1.448279e+003,2.501968e-001
1.448761e+003,2.525766e-001
1.449243e+003,2.549326e-001
1.449725e+003,2.572921e-001
1.450207e+003,2.596900e-001
1.450689e+003,2.621603e-001
1.451171e+003,2.647221e-001
1.451653e+003,2.673671e-001
1.452135e+003,2.700669e-001
1.452618e+003,2.727771e-001
1.453100e+003,2.754435e-001
1.453582e+003,2.780236e-001
1.454064e+003,2.804697e-001
1.454546e+003,2.827225e-001
1.455028e+003,2.847059e-001
1.455510e+003,2.863287e-001
1.455992e+003,2.875238e-001
1.456474e+003,2.882347e-001
1.456957e+003,2.883766e-001
1.457439e+003,2.877841e-001
1.457921e+003,2.863322e-001
1.458403e+003,2.840292e-001
1.458885e+003,2.810186e-001
1.459367e+003,2.774960e-001
1.459849e+003,2.736561e-001
1.460331e+003,2.696624e-001
1.460814e+003,2.656271e-001
1.461296e+003,2.615926e-001
1.461778e+003,2.575217e-001
1.462260e+003,2.533425e-001
1.462742e+003,2.490116e-001
1.463224e+003,2.445823e-001
1.463706e+003,2.402565e-001
1.464188e+003,2.363101e-001
1.464671e+003,2.329494e-001
1.465153e+003,2.302273e-001
1.465635e+003,2.280567e-001
1.466117e+003,2.263107e-001
1.466599e+003,2.248898e-001
1.467081e+003,2.237585e-001
1.467563e+003,2.229179e-001
1.468045e+003,2.223790e-001
1.468527e+003,2.221352e-001
1.469010e+003,2.221386e-001
1.469492e+003,2.222955e-001
1.469974e+003,2.224886e-001
1.470456e+003,2.225990e-001
1.470938e+003,2.225648e-001
1.471420e+003,2.224083e-001
1.471902e+003,2.222188e-001
1.472384e+003,2.220421e-001
1.472866e+003,2.218208e-001
1.473349e+003,2.214395e-001
1.473831e+003,2.208152e-001
1.474313e+003,2.199225e-001
1.474795e+003,2.187780e-001
1.475277e+003,2.174329e-001
1.475759e+003,2.159522e-001
1.476241e+003,2.143973e-001
1.476723e+003,2.127988e-001
1.477206e+003,2.111561e-001
1.477688e+003,2.094407e-001
1.478170e+003,2.076176e-001
1.478652e+003,2.056471e-001
1.479134e+003,2.035052e-001
1.479616e+003,2.011910e-001
1.480098e+003,1.987346e-001
1.480580e+003,1.961847e-001
1.481063e+003,1.935882e-001
1.481545e+003,1.909741e-001
1.482027e+003,1.883410e-001
1.482509e+003,1.856686e-001
1.482991e+003,1.829245e-001
1.483473e+003,1.800744e-001
1.483955e+003,1.770824e-001
1.484437e+003,1.739267e-001
1.484919e+003,1.706095e-001
1.485401e+003,1.671786e-001
1.485884e+003,1.637201e-001
1.486366e+003,1.603303e-001
1.486848e+003,1.570933e-001
1.487330e+003,1.540336e-001
1.487812e+003,1.511079e-001
1.488294e+003,1.482248e-001
1.488776e+003,1.453206e-001
1.489258e+003,1.424106e-001
1.489741e+003,1.396094e-001
1.490223e+003,1.370725e-001
1.490705e+003,1.349440e-001
1.491187e+003,1.333087e-001
1.491669e+003,1.321838e-001
1.492151e+003,1.315195e-001
1.492633e+003,1.312158e-001
1.493115e+003,1.311581e-001
1.493598e+003,1.312180e-001
1.494080e+003,1.313010e-001
1.494562e+003,1.313572e-001
1.495044e+003,1.313872e-001
1.495526e+003,1.314211e-001
1.496008e+003,1.314878e-001
1.496490e+003,1.315909e-001
1.496972e+003,1.317012e-001
1.497454e+003,1.317974e-001
1.497937e+003,1.318881e-001
1.498419e+003,1.320089e-001
1.498901e+003,1.322043e-001
1.499383e+003,1.325073e-001
1.499865e+003,1.329336e-001
1.500347e+003,1.334888e-001
1.500829e+003,1.341796e-001
1.501311e+003,1.350212e-001
1.501793e+003,1.360270e-001
1.502276e+003,1.372094e-001
1.502758e+003,1.385671e-001
1.503240e+003,1.400663e-001
1.503722e+003,1.416450e-001
1.504204e+003,1.431780e-001
1.504686e+003,1.444749e-001
1.505168e+003,1.453424e-001
1.505650e+003,1.457710e-001
1.506133e+003,1.460492e-001
1.506615e+003,1.464486e-001
1.507097e+003,1.469000e-001
1.507579e+003,1.471028e-001
1.508061e+003,1.469290e-001
1.508543e+003,1.464539e-001
1.509025e+003,1.458249e-001
1.509507e+003,1.451608e-001
1.509990e+003,1.445491e-001
1.510472e+003,1.440714e-001
1.510954e+003,1.438015e-001
1.511436e+003,1.437892e-001
1.511918e+003,1.440412e-001
1.512400e+003,1.445239e-001
1.512882e+003,1.451721e-001
1.513364e+003,1.459127e-001
1.513846e+003,1.466583e-001
1.514328e+003,1.473265e-001
1.514811e+003,1.478538e-001
1.515293e+003,1.482242e-001
1.515775e+003,1.484818e-001
1.516257e+003,1.487007e-001
1.516739e+003,1.489459e-001
1.517221e+003,1.492250e-001
1.517703e+003,1.495176e-001
1.518185e+003,1.497913e-001
1.518668e+003,1.500237e-001
1.519150e+003,1.501792e-001
1.519632e+003,1.502520e-001
1.520114e+003,1.503185e-001
1.520596e+003,1.505573e-001
1.521078e+003,1.511234e-001
1.521560e+003,1.519742e-001
1.522042e+003,1.529104e-001
1.522525e+003,1.537215e-001
1.523007e+003,1.542977e-001
1.523489e+003,1.545839e-001
1.523971e+003,1.545757e-001
1.524453e+003,1.543049e-001
1.524935e+003,1.538599e-001
1.525417e+003,1.533623e-001
1.525899e+003,1.529274e-001
1.526381e+003,1.526117e-001
1.526864e+003,1.523999e-001
1.527346e+003,1.522562e-001
1.527828e+003,1.521687e-001
1.528310e+003,1.521696e-001
1.528792e+003,1.523216e-001
1.529274e+003,1.526826e-001
1.529756e+003,1.532719e-001
1.530238e+003,1.540305e-001
1.530720e+003,1.548313e-001
1.531203e+003,1.555005e-001
1.531685e+003,1.558865e-001
1.532167e+003,1.559634e-001
1.532649e+003,1.558951e-001
1.533131e+003,1.559543e-001
1.533613e+003,1.562973e-001
1.534095e+003,1.569301e-001
1.534577e+003,1.577712e-001
1.535060e+003,1.587645e-001
1.535542e+003,1.598470e-001
1.536024e+003,1.609543e-001
1.536506e+003,1.620250e-001
1.536988e+003,1.629826e-001
1.537470e+003,1.637651e-001
1.537952e+003,1.643255e-001
1.538434e+003,1.646817e-001
1.538917e+003,1.649266e-001
1.539399e+003,1.652181e-001
1.539881e+003,1.656513e-001
1.540363e+003,1.661578e-001
1.540845e+003,1.666140e-001
1.541327e+003,1.669385e-001
1.541809e+003,1.671064e-001
1.542291e+003,1.670696e-001
1.542773e+003,1.667730e-001
1.543255e+003,1.662074e-001
1.543738e+003,1.654516e-001
1.544220e+003,1.646747e-001
1.544702e+003,1.640651e-001
1.545184e+003,1.637698e-001
1.545666e+003,1.638377e-001
1.546148e+003,1.642393e-001
1.546630e+003,1.648830e-001
1.547112e+003,1.656645e-001
1.547595e+003,1.664741e-001
1.548077e+003,1.672460e-001
1.548559e+003,1.679825e-001
1.549041e+003,1.687487e-001
1.549523e+003,1.696097e-001
1.550005e+003,1.705690e-001
1.550487e+003,1.715853e-001
1.550969e+003,1.726087e-001
1.551452e+003,1.736266e-001
1.551934e+003,1.746632e-001
1.552416e+003,1.757938e-001
1.552898e+003,1.771225e-001
1.553380e+003,1.787512e-001
1.553862e+003,1.807201e-001
1.554344e+003,1.829856e-001
1.554826e+003,1.854323e-001
1.555308e+003,1.879308e-001
1.555791e+003,1.903290e-001
1.556273e+003,1.924335e-001
1.556755e+003,1.939860e-001
1.557237e+003,1.946996e-001
1.557719e+003,1.945967e-001
1.558201e+003,1.942924e-001
1.558683e+003,1.945347e-001
1.559165e+003,1.951465e-001
1.559647e+003,1.955004e-001
1.560130e+003,1.955098e-001
1.560612e+003,1.955255e-001
1.561094e+003,1.957951e-001
1.561576e+003,1.962954e-001
1.562058e+003,1.968664e-001
1.562540e+003,1.972883e-001
1.563022e+003,1.973906e-001
1.563504e+003,1.971029e-001
1.563987e+003,1.964653e-001
1.564469e+003,1.955915e-001
1.564951e+003,1.945885e-001
1.565433e+003,1.935186e-001
1.565915e+003,1.923644e-001
1.566397e+003,1.910488e-001
1.566879e+003,1.894591e-001
1.567361e+003,1.875177e-001
1.567844e+003,1.852605e-001
1.568326e+003,1.829187e-001
1.568808e+003,1.808449e-001
1.569290e+003,1.793582e-001
1.569772e+003,1.785555e-001
1.570254e+003,1.783197e-001
1.570736e+003,1.784795e-001
1.571218e+003,1.789060e-001
1.571700e+003,1.795264e-001
1.572182e+003,1.802424e-001
1.572665e+003,1.809269e-001
1.573147e+003,1.814215e-001
1.573629e+003,1.815364e-001
1.574111e+003,1.811264e-001
1.574593e+003,1.801765e-001
1.575075e+003,1.789064e-001
1.575557e+003,1.776922e-001
1.576039e+003,1.768740e-001
1.576522e+003,1.765402e-001
1.577004e+003,1.765487e-001
1.577486e+003,1.767011e-001
1.577968e+003,1.768451e-001
1.578450e+003,1.769104e-001
1.578932e+003,1.768732e-001
1.579414e+003,1.767771e-001
1.579896e+003,1.767157e-001
1.580379e+003,1.768064e-001
1.580861e+003,1.771396e-001
1.581343e+003,1.777470e-001
1.581825e+003,1.785998e-001
1.582307e+003,1.796323e-001
1.582789e+003,1.807797e-001
1.583271e+003,1.820022e-001
1.583753e+003,1.832903e-001
1.584235e+003,1.846458e-001
1.584718e+003,1.860621e-001
1.585200e+003,1.875115e-001
1.585682e+003,1.889467e-001
1.586164e+003,1.903207e-001
1.586646e+003,1.916059e-001
1.587128e+003,1.928038e-001
1.587610e+003,1.939435e-001
1.588092e+003,1.950633e-001
1.588574e+003,1.961915e-001
1.589057e+003,1.973287e-001
1.589539e+003,1.984492e-001
1.590021e+003,1.995159e-001
1.590503e+003,2.005021e-001
1.590985e+003,2.014042e-001
1.591467e+003,2.022427e-001
1.591949e+003,2.030499e-001
1.592431e+003,2.038522e-001
1.592914e+003,2.046547e-001
1.593396e+003,2.054413e-001
1.593878e+003,2.061888e-001
1.594360e+003,2.068858e-001
1.594842e+003,2.075446e-001
1.595324e+003,2.082010e-001
1.595806e+003,2.088902e-001
1.596288e+003,2.096242e-001
1.596771e+003,2.103724e-001
1.597253e+003,2.110666e-001
1.597735e+003,2.116102e-001
1.598217e+003,2.119021e-001
1.598699e+003,2.118690e-001
1.599181e+003,2.114667e-001
1.599663e+003,2.106800e-001
1.600145e+003,2.095066e-001
1.600627e+003,2.079406e-001
1.601109e+003,2.059727e-001
1.601592e+003,2.036077e-001
1.602074e+003,2.008961e-001
1.602556e+003,1.979457e-001
1.603038e+003,1.949102e-001
1.603520e+003,1.919591e-001
1.604002e+003,1.892158e-001
1.604484e+003,1.867380e-001
1.604966e+003,1.845145e-001
1.605449e+003,1.824955e-001
1.605931e+003,1.806282e-001
1.606413e+003,1.788917e-001
1.606895e+003,1.773046e-001
1.607377e+003,1.759080e-001
1.607859e+003,1.747309e-001
1.608341e+003,1.737671e-001
1.608823e+003,1.729763e-001
1.609306e+003,1.723118e-001
1.609788e+003,1.717520e-001
1.610270e+003,1.713159e-001
1.610752e+003,1.710563e-001
1.611234e+003,1.710279e-001
1.611716e+003,1.712548e-001
1.612198e+003,1.717083e-001
1.612680e+003,1.723000e-001
1.613162e+003,1.728939e-001
1.613645e+003,1.733468e-001
1.614127e+003,1.735250e-001
1.614609e+003,1.733713e-001
1.615091e+003,1.729553e-001
1.615573e+003,1.725012e-001
1.616055e+003,1.722800e-001
1.616537e+003,1.724396e-001
1.617019e+003,1.729511e-001
1.617501e+003,1.736760e-001
1.617984e+003,1.744939e-001
1.618466e+003,1.753236e-001
1.618948e+003,1.761154e-001
1.619430e+003,1.767943e-001
1.619912e+003,1.772615e-001
1.620394e+003,1.774295e-001
1.620876e+003,1.772371e-001
1.621358e+003,1.767137e-001
1.621841e+003,1.760017e-001
1.622323e+003,1.753585e-001
1.622805e+003,1.750190e-001
1.623287e+003,1.750758e-001
1.623769e+003,1.754703e-001
1.624251e+003,1.760562e-001
1.624733e+003,1.766827e-001
1.625215e+003,1.772127e-001
1.625698e+003,1.775578e-001
1.626180e+003,1.776641e-001
1.626662e+003,1.775397e-001
1.627144e+003,1.772466e-001
1.627626e+003,1.768905e-001
1.628108e+003,1.765741e-001
1.628590e+003,1.763645e-001
1.629072e+003,1.763098e-001
1.629554e+003,1.764396e-001
1.630036e+003,1.767720e-001
1.630519e+003,1.772998e-001
1.631001e+003,1.779916e-001
1.631483e+003,1.787853e-001
1.631965e+003,1.795810e-001
1.632447e+003,1.802636e-001
1.632929e+003,1.807073e-001
1.633411e+003,1.808151e-001
1.633893e+003,1.805837e-001
1.634376e+003,1.801824e-001
1.634858e+003,1.799254e-001
1.635340e+003,1.800253e-001
1.635822e+003,1.804140e-001
1.636304e+003,1.807963e-001
1.636786e+003,1.809368e-001
1.637268e+003,1.807707e-001
1.637750e+003,1.803583e-001
1.638233e+003,1.797887e-001
1.638715e+003,1.791428e-001
1.639197e+003,1.785098e-001
1.639679e+003,1.779833e-001
1.640161e+003,1.776499e-001
1.640643e+003,1.775567e-001
1.641125e+003,1.777088e-001
1.641607e+003,1.780696e-001
1.642089e+003,1.785858e-001
1.642572e+003,1.791974e-001
1.643054e+003,1.798496e-001
1.643536e+003,1.804930e-001
1.644018e+003,1.810582e-001
1.644500e+003,1.814636e-001
1.644982e+003,1.816465e-001
1.645464e+003,1.816400e-001
1.645946e+003,1.816031e-001
1.646428e+003,1.817359e-001
1.646911e+003,1.821271e-001
1.647393e+003,1.826813e-001
1.647875e+003,1.832721e-001
1.648357e+003,1.838281e-001
1.648839e+003,1.843351e-001
1.649321e+003,1.847168e-001
1.649803e+003,1.848080e-001
1.650285e+003,1.843671e-001
1.650768e+003,1.830488e-001
1.651250e+003,1.805781e-001
1.651732e+003,1.771404e-001
1.652214e+003,1.739258e-001
1.652696e+003,1.724705e-001
1.653178e+003,1.730092e-001
1.653660e+003,1.743571e-001
1.654142e+003,1.754664e-001
1.654625e+003,1.760938e-001
1.655107e+003,1.763667e-001
1.655589e+003,1.764362e-001
1.656071e+003,1.763702e-001
1.656553e+003,1.762266e-001
1.657035e+003,1.760820e-001
1.657517e+003,1.760210e-001
1.657999e+003,1.761098e-001
1.658481e+003,1.763702e-001
1.658964e+003,1.767723e-001
1.659446e+003,1.772429e-001
1.659928e+003,1.776866e-001
1.660410e+003,1.780069e-001
1.660892e+003,1.781465e-001
1.661374e+003,1.781092e-001
1.661856e+003,1.779753e-001
1.662338e+003,1.778443e-001
1.662820e+003,1.778002e-001
1.663303e+003,1.778774e-001
1.663785e+003,1.780814e-001
1.664267e+003,1.784166e-001
1.664749e+003,1.788754e-001
1.665231e+003,1.794353e-001
1.665713e+003,1.800166e-001
1.666195e+003,1.805150e-001
1.666677e+003,1.808186e-001
1.667160e+003,1.808401e-001
1.667642e+003,1.805618e-001
1.668124e+003,1.800676e-001
1.668606e+003,1.795440e-001
1.669088e+003,1.791729e-001
1.669570e+003,1.790622e-001
1.670052e+003,1.791966e-001
1.670534e+003,1.794785e-001
1.671016e+003,1.797860e-001
1.671499e+003,1.799956e-001
1.671981e+003,1.799972e-001
1.672463e+003,1.796505e-001
1.672945e+003,1.788515e-001
1.673427e+003,1.776069e-001
1.673909e+003,1.761305e-001
1.674391e+003,1.748156e-001
1.674873e+003,1.740495e-001
1.675355e+003,1.739975e-001
1.675838e+003,1.745267e-001
1.676320e+003,1.753795e-001
1.676802e+003,1.763106e-001
1.677284e+003,1.771719e-001
1.677766e+003,1.778732e-001
1.678248e+003,1.784157e-001
1.678730e+003,1.788902e-001
1.679212e+003,1.794420e-001
1.679695e+003,1.801908e-001
1.680177e+003,1.811527e-001
1.680659e+003,1.822142e-001
1.681141e+003,1.831458e-001
1.681623e+003,1.836424e-001
1.682105e+003,1.833894e-001
1.682587e+003,1.822821e-001
1.683069e+003,1.806732e-001
1.683552e+003,1.793119e-001
1.684034e+003,1.786437e-001
1.684516e+003,1.784819e-001
1.684998e+003,1.783957e-001
1.685480e+003,1.782143e-001
1.685962e+003,1.779532e-001
1.686444e+003,1.776426e-001
1.686926e+003,1.772652e-001
1.687408e+003,1.767686e-001
1.687891e+003,1.761309e-001
1.688373e+003,1.753720e-001
1.688855e+003,1.745618e-001
1.689337e+003,1.737892e-001
1.689819e+003,1.731574e-001
1.690301e+003,1.727676e-001
1.690783e+003,1.726858e-001
1.691265e+003,1.729266e-001
1.691747e+003,1.734299e-001
1.692230e+003,1.740810e-001
1.692712e+003,1.747057e-001
1.693194e+003,1.751323e-001
1.693676e+003,1.752722e-001
1.694158e+003,1.752145e-001
1.694640e+003,1.752746e-001
1.695122e+003,1.758304e-001
1.695604e+003,1.770494e-001
1.696087e+003,1.786939e-001
1.696569e+003,1.803087e-001
1.697051e+003,1.814358e-001
1.697533e+003,1.817504e-001
1.698015e+003,1.810301e-001
1.698497e+003,1.793087e-001
1.698979e+003,1.770777e-001
1.699461e+003,1.753014e-001
1.699943e+003,1.747761e-001
1.700426e+003,1.754435e-001
1.700908e+003,1.766682e-001
1.701390e+003,1.778835e-001
1.701872e+003,1.788630e-001
1.702354e+003,1.795000e-001
1.702836e+003,1.797332e-001
1.703318e+003,1.795323e-001
1.703800e+003,1.789528e-001
1.704282e+003,1.781564e-001
1.704765e+003,1.773571e-001
1.705247e+003,1.767109e-001
1.705729e+003,1.762220e-001
1.706211e+003,1.758118e-001
1.706693e+003,1.754021e-001
1.707175e+003,1.749838e-001
1.707657e+003,1.746002e-001
1.708139e+003,1.743247e-001
1.708622e+003,1.742259e-001
1.709104e+003,1.743420e-001
1.709586e+003,1.746709e-001
1.710068e+003,1.751768e-001
1.710550e+003,1.758104e-001
1.711032e+003,1.765333e-001
1.711514e+003,1.773310e-001
1.711996e+003,1.782085e-001
1.712479e+003,1.791795e-001
1.712961e+003,1.802413e-001
1.713443e+003,1.813493e-001
1.713925e+003,1.823994e-001
1.714407e+003,1.832258e-001
1.714889e+003,1.836254e-001
1.715371e+003,1.834252e-001
1.715853e+003,1.825648e-001
1.716335e+003,1.811993e-001
1.716818e+003,1.796885e-001
1.717300e+003,1.784613e-001
1.717782e+003,1.777424e-001
1.718264e+003,1.774972e-001
1.718746e+003,1.775489e-001
1.719228e+003,1.777258e-001
1.719710e+003,1.778993e-001
1.720192e+003,1.779729e-001
1.720674e+003,1.779004e-001
1.721157e+003,1.776596e-001
1.721639e+003,1.772806e-001
1.722121e+003,1.768314e-001
1.722603e+003,1.764010e-001
1.723085e+003,1.760541e-001
1.723567e+003,1.758091e-001
1.724049e+003,1.756534e-001
1.724531e+003,1.755657e-001
1.725014e+003,1.755415e-001
1.725496e+003,1.755985e-001
1.725978e+003,1.757730e-001
1.726460e+003,1.761037e-001
1.726942e+003,1.766243e-001
1.727424e+003,1.773617e-001
1.727906e+003,1.783346e-001
1.728388e+003,1.795499e-001
1.728870e+003,1.809834e-001
1.729353e+003,1.825631e-001
1.729835e+003,1.841564e-001
1.730317e+003,1.855821e-001
1.730799e+003,1.866076e-001
1.731281e+003,1.869929e-001
1.731763e+003,1.865419e-001
1.732245e+003,1.852244e-001
1.732727e+003,1.833578e-001
1.733209e+003,1.816424e-001
1.733692e+003,1.807963e-001
1.734174e+003,1.809670e-001
1.734656e+003,1.817807e-001
1.735138e+003,1.827597e-001
1.735620e+003,1.836418e-001
1.736102e+003,1.842819e-001
1.736584e+003,1.845828e-001
1.737066e+003,1.844865e-001
1.737549e+003,1.839942e-001
1.738031e+003,1.832276e-001
1.738513e+003,1.823930e-001
1.738995e+003,1.817085e-001
1.739477e+003,1.812666e-001
1.739959e+003,1.810345e-001
1.740441e+003,1.809256e-001
1.740923e+003,1.808861e-001
1.741406e+003,1.809134e-001
1.741888e+003,1.810409e-001
1.742370e+003,1.813045e-001
1.742852e+003,1.817153e-001
1.743334e+003,1.822459e-001
1.743816e+003,1.828428e-001
1.744298e+003,1.834539e-001
1.744780e+003,1.840540e-001
1.745262e+003,1.846538e-001
1.745745e+003,1.852792e-001
1.746227e+003,1.859505e-001
1.746709e+003,1.866548e-001
1.747191e+003,1.873345e-001
1.747673e+003,1.878937e-001
1.748155e+003,1.882288e-001
1.748637e+003,1.882698e-001
1.749119e+003,1.880156e-001
1.749601e+003,1.875454e-001
1.750084e+003,1.869965e-001
1.750566e+003,1.864999e-001
1.751048e+003,1.861439e-001
1.751530e+003,1.859463e-001
1.752012e+003,1.858764e-001
1.752494e+003,1.858802e-001
1.752976e+003,1.858977e-001
1.753458e+003,1.858625e-001
1.753941e+003,1.856962e-001
1.754423e+003,1.853522e-001
1.754905e+003,1.848416e-001
1.755387e+003,1.842673e-001
1.755869e+003,1.837803e-001
1.756351e+003,1.835322e-001
1.756833e+003,1.835883e-001
1.757315e+003,1.839052e-001
1.757797e+003,1.843719e-001
1.758280e+003,1.848559e-001
1.758762e+003,1.852441e-001
1.759244e+003,1.854352e-001
1.759726e+003,1.853855e-001
1.760208e+003,1.851270e-001
1.760690e+003,1.847799e-001
1.761172e+003,1.844924e-001
1.761654e+003,1.843782e-001
1.762136e+003,1.844699e-001
1.762619e+003,1.847254e-001
1.763101e+003,1.850839e-001
1.763583e+003,1.854941e-001
1.764065e+003,1.859302e-001
1.764547e+003,1.863611e-001
1.765029e+003,1.867594e-001
1.765511e+003,1.871169e-001
1.765993e+003,1.874544e-001
1.766476e+003,1.878308e-001
1.766958e+003,1.883170e-001
1.767440e+003,1.889720e-001
1.767922e+003,1.897902e-001
1.768404e+003,1.906983e-001
1.768886e+003,1.915571e-001
1.769368e+003,1.922015e-001
1.769850e+003,1.924573e-001
1.770333e+003,1.922121e-001
1.770815e+003,1.914956e-001
1.771297e+003,1.905205e-001
1.771779e+003,1.895907e-001
1.772261e+003,1.889088e-001
1.772743e+003,1.885251e-001
1.773225e+003,1.883684e-001
1.773707e+003,1.883531e-001
1.774189e+003,1.884069e-001
1.774672e+003,1.884914e-001
1.775154e+003,1.885941e-001
1.775636e+003,1.887197e-001
1.776118e+003,1.888811e-001
1.776600e+003,1.890793e-001
1.777082e+003,1.892914e-001
1.777564e+003,1.894826e-001
1.778046e+003,1.896221e-001
1.778528e+003,1.897158e-001
1.779011e+003,1.898119e-001
1.779493e+003,1.899921e-001
1.779975e+003,1.903106e-001
1.780457e+003,1.907406e-001
1.780939e+003,1.911704e-001
1.781421e+003,1.914436e-001
1.781903e+003,1.914253e-001
1.782385e+003,1.910390e-001
1.782868e+003,1.903153e-001
1.783350e+003,1.893877e-001
1.783832e+003,1.884712e-001
1.784314e+003,1.877663e-001
1.784796e+003,1.873984e-001
1.785278e+003,1.873658e-001
1.785760e+003,1.875667e-001
1.786242e+003,1.878607e-001
1.786724e+003,1.881334e-001
1.787207e+003,1.883333e-001
1.787689e+003,1.884592e-001
1.788171e+003,1.885478e-001
1.788653e+003,1.886453e-001
1.789135e+003,1.887899e-001
1.789617e+003,1.890039e-001
1.790099e+003,1.893066e-001
1.790581e+003,1.897275e-001
1.791063e+003,1.902856e-001
1.791546e+003,1.909621e-001
1.792028e+003,1.916668e-001
1.792510e+003,1.922603e-001
1.792992e+003,1.926183e-001
1.793474e+003,1.926873e-001
1.793956e+003,1.925023e-001
1.794438e+003,1.921483e-001
1.794920e+003,1.917408e-001
1.795403e+003,1.913962e-001
1.795885e+003,1.912114e-001
1.796367e+003,1.912353e-001
1.796849e+003,1.914564e-001
1.797331e+003,1.918052e-001
1.797813e+003,1.921861e-001
1.798295e+003,1.925072e-001
1.798777e+003,1.927134e-001
1.799260e+003,1.928012e-001
1.799742e+003,1.928087e-001
1.800224e+003,1.927853e-001
1.800706e+003,1.927561e-001
1.801188e+003,1.927238e-001
1.801670e+003,1.926766e-001
1.802152e+003,1.926103e-001
1.802634e+003,1.925335e-001
1.803116e+003,1.924692e-001
1.803599e+003,1.924402e-001
1.804081e+003,1.924578e-001
1.804563e+003,1.925225e-001
1.805045e+003,1.926229e-001
1.805527e+003,1.927490e-001
1.806009e+003,1.928975e-001
1.806491e+003,1.930749e-001
1.806973e+003,1.932905e-001
1.807455e+003,1.935428e-001
1.807938e+003,1.938105e-001
1.808420e+003,1.940536e-001
1.808902e+003,1.942278e-001
1.809384e+003,1.943072e-001
1.809866e+003,1.943021e-001
1.810348e+003,1.942562e-001
1.810830e+003,1.942311e-001
1.811312e+003,1.942663e-001
1.811795e+003,1.943612e-001
1.812277e+003,1.944727e-001
1.812759e+003,1.945428e-001
1.813241e+003,1.945155e-001
1.813723e+003,1.943637e-001
1.814205e+003,1.941051e-001
1.814687e+003,1.937952e-001
1.815169e+003,1.935159e-001
1.815651e+003,1.933400e-001
1.816134e+003,1.933145e-001
1.816616e+003,1.934392e-001
1.817098e+003,1.936758e-001
1.817580e+003,1.939702e-001
1.818062e+003,1.942786e-001
1.818544e+003,1.945795e-001
1.819026e+003,1.948714e-001
1.819508e+003,1.951629e-001
1.819990e+003,1.954589e-001
1.820473e+003,1.957508e-001
1.820955e+003,1.960213e-001
1.821437e+003,1.962499e-001
1.821919e+003,1.964238e-001
1.822401e+003,1.965516e-001
1.822883e+003,1.966665e-001
1.823365e+003,1.968250e-001
1.823847e+003,1.970830e-001
1.824330e+003,1.974782e-001
1.824812e+003,1.979962e-001
1.825294e+003,1.985788e-001
1.825776e+003,1.991468e-001
1.826258e+003,1.996310e-001
1.826740e+003,1.999726e-001
1.827222e+003,2.001233e-001
1.827704e+003,2.000742e-001
1.828187e+003,1.998784e-001
1.828669e+003,1.996720e-001
1.829151e+003,1.996118e-001
1.829633e+003,1.998188e-001
1.830115e+003,2.002893e-001
1.830597e+003,2.009136e-001
1.831079e+003,2.015425e-001
1.831561e+003,2.020496e-001
1.832043e+003,2.023555e-001
1.832526e+003,2.024079e-001
1.833008e+003,2.022050e-001
1.833490e+003,2.017814e-001
1.833972e+003,2.012016e-001
1.834454e+003,2.005264e-001
1.834936e+003,1.998013e-001
1.835418e+003,1.990503e-001
1.835900e+003,1.982929e-001
1.836382e+003,1.975819e-001
1.836865e+003,1.970206e-001
1.837347e+003,1.967433e-001
1.837829e+003,1.968884e-001
1.838311e+003,1.975371e-001
1.838793e+003,1.986798e-001
1.839275e+003,2.002095e-001
1.839757e+003,2.019530e-001
1.840239e+003,2.037028e-001
1.840722e+003,2.052408e-001
1.841204e+003,2.064019e-001
1.841686e+003,2.070955e-001
1.842168e+003,2.073454e-001
1.842650e+003,2.072787e-001
1.843132e+003,2.070983e-001
1.843614e+003,2.069806e-001
1.844096e+003,2.069823e-001
1.844578e+003,2.070555e-001
1.845061e+003,2.070951e-001
1.845543e+003,2.070148e-001
1.846025e+003,2.067634e-001
1.846507e+003,2.063439e-001
1.846989e+003,2.058021e-001
1.847471e+003,2.052240e-001
1.847953e+003,2.047155e-001
1.848435e+003,2.043802e-001
1.848917e+003,2.042850e-001
1.849400e+003,2.044352e-001
1.849882e+003,2.047793e-001
1.850364e+003,2.052290e-001
1.850846e+003,2.056959e-001
1.851328e+003,2.061099e-001
1.851810e+003,2.064433e-001
1.852292e+003,2.067118e-001
1.852774e+003,2.069612e-001
1.853257e+003,2.072394e-001
1.853739e+003,2.075711e-001
1.854221e+003,2.079498e-001
1.854703e+003,2.083418e-001
1.855185e+003,2.087037e-001
1.855667e+003,2.089996e-001
1.856149e+003,2.092195e-001
1.856631e+003,2.093826e-001
1.857114e+003,2.095297e-001
1.857596e+003,2.097082e-001
1.858078e+003,2.099634e-001
1.858560e+003,2.103308e-001
1.859042e+003,2.108312e-001
1.859524e+003,2.114716e-001
1.860006e+003,2.122391e-001
1.860488e+003,2.130948e-001
1.860970e+003,2.139732e-001
1.861453e+003,2.147946e-001
1.861935e+003,2.154829e-001
1.862417e+003,2.159849e-001
1.862899e+003,2.162933e-001
1.863381e+003,2.164532e-001
1.863863e+003,2.165514e-001
1.864345e+003,2.166868e-001
1.864827e+003,2.169446e-001
1.865309e+003,2.173649e-001
1.865792e+003,2.179353e-001
1.866274e+003,2.186047e-001
1.866756e+003,2.193166e-001
1.867238e+003,2.200388e-001
1.867720e+003,2.207799e-001
1.868202e+003,2.215567e-001
1.868684e+003,2.223574e-001
1.869166e+003,2.231265e-001
1.869649e+003,2.237851e-001
1.870131e+003,2.242708e-001
1.870613e+003,2.245590e-001
1.871095e+003,2.246816e-001
1.871577e+003,2.247084e-001
1.872059e+003,2.247371e-001
1.872541e+003,2.248617e-001
1.873023e+003,2.251474e-001
1.873505e+003,2.256009e-001
1.873988e+003,2.261764e-001
1.874470e+003,2.267954e-001
1.874952e+003,2.273947e-001
1.875434e+003,2.279576e-001
1.875916e+003,2.285282e-001
1.876398e+003,2.291856e-001
1.876880e+003,2.300057e-001
1.877362e+003,2.310195e-001
1.877844e+003,2.321908e-001
1.878327e+003,2.334245e-001
1.878809e+003,2.345975e-001
1.879291e+003,2.356143e-001
1.879773e+003,2.364268e-001
1.880255e+003,2.370508e-001
1.880737e+003,2.375419e-001
1.881219e+003,2.379694e-001
1.881701e+003,2.383860e-001
1.882184e+003,2.388223e-001
1.882666e+003,2.393001e-001
1.883148e+003,2.398471e-001
1.883630e+003,2.405073e-001
1.884112e+003,2.413315e-001
1.884594e+003,2.423448e-001
1.885076e+003,2.435261e-001
1.885558e+003,2.447897e-001
1.886041e+003,2.460128e-001
1.886523e+003,2.470527e-001
1.887005e+003,2.478095e-001
1.887487e+003,2.482731e-001
1.887969e+003,2.485476e-001
1.888451e+003,2.488139e-001
1.888933e+003,2.492452e-001
1.889415e+003,2.499484e-001
1.889897e+003,2.509080e-001
1.890380e+003,2.520220e-001
1.890862e+003,2.531571e-001
1.891344e+003,2.542225e-001
1.891826e+003,2.551901e-001
1.892308e+003,2.560939e-001
1.892790e+003,2.570066e-001
1.893272e+003,2.579948e-001
1.893754e+003,2.590825e-001
1.894236e+003,2.602320e-001
1.894719e+003,2.613652e-001
1.895201e+003,2.624043e-001
1.895683e+003,2.633221e-001
1.896165e+003,2.641624e-001
1.896647e+003,2.650286e-001
1.897129e+003,2.660431e-001
1.897611e+003,2.673050e-001
1.898093e+003,2.688480e-001
1.898576e+003,2.706339e-001
1.899058e+003,2.725657e-001
1.899540e+003,2.745387e-001
1.900022e+003,2.764712e-001
1.900504e+003,2.783375e-001
1.900986e+003,2.801709e-001
1.901468e+003,2.820542e-001
1.901950e+003,2.840924e-001
1.902432e+003,2.863825e-001
1.902915e+003,2.890064e-001
1.903397e+003,2.920144e-001
1.903879e+003,2.954255e-001
1.904361e+003,2.992303e-001
1.904843e+003,3.033959e-001
1.905325e+003,3.078657e-001
1.905807e+003,3.125600e-001
1.906289e+003,3.173930e-001
1.906771e+003,3.222724e-001
1.907254e+003,3.271046e-001
1.907736e+003,3.318007e-001
1.908218e+003,3.362662e-001
1.908700e+003,3.404090e-001
1.909182e+003,3.441572e-001
1.909664e+003,3.474820e-001
1.910146e+003,3.504166e-001
1.910628e+003,3.530524e-001
1.911111e+003,3.555222e-001
1.911593e+003,3.579519e-001
1.912075e+003,3.604294e-001
1.912557e+003,3.629850e-001
1.913039e+003,3.655951e-001
1.913521e+003,3.682008e-001
1.914003e+003,3.707325e-001
1.914485e+003,3.731328e-001
1.914968e+003,3.753488e-001
1.915450e+003,3.773278e-001
1.915932e+003,3.790158e-001
1.916414e+003,3.803733e-001
1.916896e+003,3.814091e-001
1.917378e+003,3.821957e-001
1.917860e+003,3.828794e-001
1.918342e+003,3.836179e-001
1.918824e+003,3.845391e-001
1.919307e+003,3.857184e-001
1.919789e+003,3.871724e-001
1.920271e+003,3.888784e-001
1.920753e+003,3.908101e-001
1.921235e+003,3.929828e-001
1.921717e+003,3.954614e-001
1.922199e+003,3.983265e-001
1.922681e+003,4.015910e-001
1.923163e+003,4.051449e-001
1.923646e+003,4.087362e-001
1.924128e+003,4.120406e-001
1.924610e+003,4.147085e-001
1.925092e+003,4.164949e-001
1.925574e+003,4.173206e-001
1.926056e+003,4.172760e-001
1.926538e+003,4.165646e-001
1.927020e+003,4.154040e-001
1.927503e+003,4.139420e-001
1.927985e+003,4.122140e-001
1.928467e+003,4.101883e-001
1.928949e+003,4.078454e-001
1.929431e+003,4.052368e-001
1.929913e+003,4.025016e-001
1.930395e+003,3.998052e-001
1.930877e+003,3.972456e-001
1.931359e+003,3.947943e-001
1.931842e+003,3.922859e-001
1.932324e+003,3.894806e-001
1.932806e+003,3.861401e-001
1.933288e+003,3.821319e-001
1.933770e+003,3.774499e-001
1.934252e+003,3.721829e-001
1.934734e+003,3.664404e-001
1.935216e+003,3.603059e-001
1.935698e+003,3.538191e-001
1.936181e+003,3.470037e-001
1.936663e+003,3.399088e-001
1.937145e+003,3.326306e-001
1.937627e+003,3.252893e-001
1.938109e+003,3.180114e-001
1.938591e+003,3.108913e-001
1.939073e+003,3.039896e-001
1.939555e+003,2.973655e-001
1.940038e+003,2.910872e-001
1.940520e+003,2.852353e-001
1.941002e+003,2.798679e-001
1.941484e+003,2.749711e-001
1.941966e+003,2.704333e-001
1.942448e+003,2.660787e-001
1.942930e+003,2.617698e-001
1.943412e+003,2.574819e-001
1.943895e+003,2.533397e-001
1.944377e+003,2.495589e-001
1.944859e+003,2.463637e-001
1.945341e+003,2.438613e-001
1.945823e+003,2.419838e-001
1.946305e+003,2.404908e-001
1.946787e+003,2.390657e-001
1.947269e+003,2.374307e-001
1.947751e+003,2.354340e-001
1.948234e+003,2.330937e-001
1.948716e+003,2.305485e-001
1.949198e+003,2.279664e-001
1.949680e+003,2.254421e-001
1.950162e+003,2.229625e-001
1.950644e+003,2.204296e-001
1.951126e+003,2.177412e-001
1.951608e+003,2.148667e-001
1.952090e+003,2.118951e-001
1.952573e+003,2.090060e-001
1.953055e+003,2.064133e-001
1.953537e+003,2.042646e-001
1.954019e+003,2.025847e-001
1.954501e+003,2.012646e-001
1.954983e+003,2.000973e-001
1.955465e+003,1.988307e-001
1.955947e+003,1.972093e-001
1.956430e+003,1.950445e-001
1.956912e+003,1.922182e-001
1.957394e+003,1.887122e-001
1.957876e+003,1.846140e-001
1.958358e+003,1.801387e-001
1.958840e+003,1.756258e-001
1.959322e+003,1.714632e-001
1.959804e+003,1.680411e-001
1.960286e+003,1.656083e-001
1.960769e+003,1.642073e-001
1.961251e+003,1.636740e-001
1.961733e+003,1.637253e-001
1.962215e+003,1.640669e-001
1.962697e+003,1.644632e-001
1.963179e+003,1.647973e-001
1.963661e+003,1.650300e-001
1.964143e+003,1.651487e-001
1.964625e+003,1.651187e-001
1.965108e+003,1.648637e-001
1.965590e+003,1.643000e-001
1.966072e+003,1.634008e-001
1.966554e+003,1.622397e-001
1.967036e+003,1.609786e-001
1.967518e+003,1.597879e-001
1.968000e+003,1.587598e-001
1.968482e+003,1.578313e-001
1.968965e+003,1.568065e-001
1.969447e+003,1.554149e-001
1.969929e+003,1.534521e-001
1.970411e+003,1.508688e-001
1.970893e+003,1.478259e-001
1.971375e+003,1.446331e-001
1.971857e+003,1.416652e-001
1.972339e+003,1.392179e-001
1.972822e+003,1.374227e-001
1.973304e+003,1.362740e-001
1.973786e+003,1.356926e-001
1.974268e+003,1.356081e-001
1.974750e+003,1.359887e-001
1.975232e+003,1.368240e-001
1.975714e+003,1.380563e-001
1.976196e+003,1.395126e-001
1.976678e+003,1.409061e-001
1.977161e+003,1.418856e-001
1.977643e+003,1.421350e-001
1.978125e+003,1.415206e-001
1.978607e+003,1.401450e-001
1.979089e+003,1.383625e-001
1.979571e+003,1.366444e-001
1.980053e+003,1.354848e-001
1.980535e+003,1.352377e-001
1.981017e+003,1.360166e-001
1.981500e+003,1.376768e-001
1.981982e+003,1.398333e-001
1.982464e+003,1.419678e-001
1.982946e+003,1.435227e-001
1.983428e+003,1.441044e-001
1.983910e+003,1.435727e-001
1.984392e+003,1.420740e-001
1.984874e+003,1.399805e-001
1.985357e+003,1.378004e-001
1.985839e+003,1.360386e-001
1.986321e+003,1.350146e-001
1.986803e+003,1.348037e-001
1.987285e+003,1.352035e-001
1.987767e+003,1.358575e-001
1.988249e+003,1.363657e-001
1.988731e+003,1.364616e-001
1.989214e+003,1.360924e-001
1.989696e+003,1.354290e-001
1.990178e+003,1.347938e-001
1.990660e+003,1.345300e-001
1.991142e+003,1.348797e-001
1.991624e+003,1.358638e-001
1.992106e+003,1.372864e-001
1.992588e+003,1.387885e-001
1.993070e+003,1.399902e-001
1.993552e+003,1.405403e-001
1.994035e+003,1.402034e-001
1.994517e+003,1.388998e-001
1.994999e+003,1.366967e-001
1.995481e+003,1.337990e-001
1.995963e+003,1.304984e-001
1.996445e+003,1.271665e-001
1.996927e+003,1.241705e-001
1.997409e+003,1.218190e-001
1.997892e+003,1.203322e-001
1.998374e+003,1.197817e-001
1.998856e+003,1.201022e-001
1.999338e+003,1.211105e-001
1.999820e+003,1.225725e-001
2.000302e+003,1.242091e-001
2.000784e+003,1.257098e-001
2.001266e+003,1.267644e-001
2.001749e+003,1.270474e-001
2.002231e+003,1.262916e-001
2.002713e+003,1.243788e-001
2.003195e+003,1.214101e-001
2.003677e+003,1.177444e-001
2.004159e+003,1.139387e-001
2.004641e+003,1.106782e-001
2.005123e+003,1.085188e-001
2.005605e+003,1.077229e-001
2.006088e+003,1.081444e-001
2.006570e+003,1.093099e-001
2.007052e+003,1.105828e-001
2.007534e+003,1.114233e-001
2.008016e+003,1.115985e-001
2.008498e+003,1.112076e-001
2.008980e+003,1.106213e-001
2.009462e+003,1.102769e-001
2.009944e+003,1.105372e-001
2.010427e+003,1.115469e-001
2.010909e+003,1.132380e-001
2.011391e+003,1.154103e-001
2.011873e+003,1.178453e-001
2.012355e+003,1.203670e-001
2.012837e+003,1.228199e-001
2.013319e+003,1.250420e-001
2.013801e+003,1.268030e-001
2.014284e+003,1.278111e-001
2.014766e+003,1.278109e-001
2.015248e+003,1.266734e-001
2.015730e+003,1.245058e-001
2.016212e+003,1.216442e-001
2.016694e+003,1.186118e-001
2.017176e+003,1.159324e-001
2.017658e+003,1.139554e-001
2.018141e+003,1.128047e-001
2.018623e+003,1.123809e-001
2.019105e+003,1.124833e-001
2.019587e+003,1.129122e-001
2.020069e+003,1.135652e-001
2.020551e+003,1.144278e-001
2.021033e+003,1.155114e-001
2.021515e+003,1.167903e-001
2.021997e+003,1.181663e-001
2.022479e+003,1.195035e-001
2.022962e+003,1.207147e-001
2.023444e+003,1.218135e-001
2.023926e+003,1.229323e-001
2.024408e+003,1.242501e-001
2.024890e+003,1.258992e-001
2.025372e+003,1.278452e-001
2.025854e+003,1.298666e-001
2.026336e+003,1.315828e-001
2.026819e+003,1.326001e-001
2.027301e+003,1.326285e-001
2.027783e+003,1.315473e-001
2.028265e+003,1.294315e-001
2.028747e+003,1.264915e-001
2.029229e+003,1.230009e-001
2.029711e+003,1.192103e-001
2.030193e+003,1.153796e-001
2.030676e+003,1.118033e-001
2.031158e+003,1.088207e-001
2.031640e+003,1.068377e-001
2.032122e+003,1.061859e-001
2.032604e+003,1.069840e-001
2.033086e+003,1.090399e-001
2.033568e+003,1.118668e-001
2.034050e+003,1.148243e-001
2.034532e+003,1.172874e-001
2.035015e+003,1.188937e-001
2.035497e+003,1.196017e-001
2.035979e+003,1.196872e-001
2.036461e+003,1.195731e-001
2.036943e+003,1.196845e-001
2.037425e+003,1.202823e-001
2.037907e+003,1.214079e-001
2.038389e+003,1.229430e-001
2.038871e+003,1.247168e-001
2.039354e+003,1.266147e-001
2.039836e+003,1.286291e-001
2.040318e+003,1.308489e-001
2.040800e+003,1.333819e-001
2.041282e+003,1.362735e-001
2.041764e+003,1.394497e-001
2.042246e+003,1.427111e-001
2.042728e+003,1.457703e-001
2.043211e+003,1.483496e-001
2.043693e+003,1.502250e-001
2.044175e+003,1.512933e-001
2.044657e+003,1.515871e-001
2.045139e+003,1.512596e-001
2.045621e+003,1.505458e-001
2.046103e+003,1.497046e-001
2.046585e+003,1.490027e-001
2.047068e+003,1.486492e-001
2.047550e+003,1.487558e-001
2.048032e+003,1.493170e-001
2.048514e+003,1.502125e-001
2.048996e+003,1.512473e-001
2.049478e+003,1.522101e-001
2.049960e+003,1.529618e-001
2.050442e+003,1.534608e-001
2.050924e+003,1.537858e-001
2.051406e+003,1.540909e-001
2.051889e+003,1.545650e-001
2.052371e+003,1.553526e-001
2.052853e+003,1.564964e-001
2.053335e+003,1.579236e-001
2.053817e+003,1.594599e-001
2.054299e+003,1.608864e-001
2.054781e+003,1.619757e-001
2.055263e+003,1.625659e-001
2.055746e+003,1.625798e-001
2.056228e+003,1.620329e-001
2.056710e+003,1.610172e-001
2.057192e+003,1.596881e-001
2.057674e+003,1.582448e-001
2.058156e+003,1.568861e-001
2.058638e+003,1.558087e-001
2.059120e+003,1.551606e-001
2.059603e+003,1.550092e-001
2.060084e+003,1.553406e-001
2.060567e+003,1.560636e-001
2.061049e+003,1.570474e-001
2.061531e+003,1.581415e-001
2.062013e+003,1.592171e-001
2.062495e+003,1.601738e-001
2.062977e+003,1.609295e-001
2.063459e+003,1.614189e-001
2.063941e+003,1.615745e-001
2.064424e+003,1.613290e-001
2.064906e+003,1.606373e-001
2.065388e+003,1.595017e-001
2.065870e+003,1.580060e-001
2.066352e+003,1.563106e-001
2.066834e+003,1.546529e-001
2.067316e+003,1.532876e-001
2.067798e+003,1.524169e-001
2.068281e+003,1.521543e-001
2.068763e+003,1.524796e-001
2.069245e+003,1.532498e-001
2.069727e+003,1.542135e-001
2.070209e+003,1.550948e-001
2.070691e+003,1.556455e-001
2.071173e+003,1.557080e-001
2.071655e+003,1.552617e-001
2.072137e+003,1.544235e-001
2.072620e+003,1.534160e-001
2.073102e+003,1.524870e-001
2.073584e+003,1.518645e-001
2.074066e+003,1.516790e-001
2.074548e+003,1.519326e-001
2.075030e+003,1.525068e-001
2.075512e+003,1.532101e-001
2.075994e+003,1.538498e-001
2.076477e+003,1.542727e-001
2.076959e+003,1.544225e-001
2.077441e+003,1.543357e-001
2.077923e+003,1.541237e-001
2.078405e+003,1.539247e-001
2.078887e+003,1.538709e-001
2.079369e+003,1.540654e-001
2.079851e+003,1.545706e-001
2.080333e+003,1.554190e-001
2.080816e+003,1.566190e-001
2.081298e+003,1.581508e-001
2.081780e+003,1.599525e-001
2.082262e+003,1.619125e-001
2.082744e+003,1.638798e-001
2.083226e+003,1.656638e-001
2.083708e+003,1.670895e-001
2.084190e+003,1.680270e-001
2.084673e+003,1.684126e-001
2.085155e+003,1.682664e-001
2.085637e+003,1.676791e-001
2.086119e+003,1.667912e-001
2.086601e+003,1.657477e-001
2.087083e+003,1.646890e-001
2.087565e+003,1.637343e-001
2.088047e+003,1.629709e-001
2.088530e+003,1.624680e-001
2.089011e+003,1.622621e-001
2.089494e+003,1.623486e-001
2.089976e+003,1.626739e-001
2.090458e+003,1.631403e-001
2.090940e+003,1.636304e-001
2.091422e+003,1.640304e-001
2.091904e+003,1.642719e-001
2.092386e+003,1.643355e-001
2.092868e+003,1.642483e-001
2.093351e+003,1.640488e-001
2.093833e+003,1.637576e-001
2.094315e+003,1.633566e-001
2.094797e+003,1.627978e-001
2.095279e+003,1.620388e-001
2.095761e+003,1.610918e-001
2.096243e+003,1.600465e-001
2.096725e+003,1.590743e-001
2.097208e+003,1.583681e-001
2.097690e+003,1.580673e-001
2.098172e+003,1.581998e-001
2.098654e+003,1.586569e-001
2.099136e+003,1.592218e-001
2.099618e+003,1.596381e-001
2.100100e+003,1.597214e-001
2.100582e+003,1.594078e-001
2.101064e+003,1.587811e-001
2.101547e+003,1.580206e-001
2.102029e+003,1.573395e-001
2.102511e+003,1.568891e-001
2.102993e+003,1.567014e-001
2.103475e+003,1.566909e-001
2.103957e+003,1.567003e-001
2.104439e+003,1.565777e-001
2.104921e+003,1.562341e-001
2.105404e+003,1.556924e-001
2.105886e+003,1.550736e-001
2.106368e+003,1.545678e-001
2.106850e+003,1.543575e-001
2.107332e+003,1.545801e-001
2.107814e+003,1.552972e-001
2.108296e+003,1.564911e-001
2.108778e+003,1.580811e-001
2.109260e+003,1.599474e-001
2.109743e+003,1.619663e-001
2.110225e+003,1.640053e-001
2.110707e+003,1.659389e-001
2.111189e+003,1.676499e-001
2.111671e+003,1.690220e-001
2.112153e+003,1.699602e-001
2.112635e+003,1.704119e-001
2.113117e+003,1.703807e-001
2.113600e+003,1.699386e-001
2.114082e+003,1.692188e-001
2.114564e+003,1.684004e-001
2.115046e+003,1.676551e-001
2.115528e+003,1.671324e-001
2.116010e+003,1.669248e-001
2.116492e+003,1.670497e-001
2.116974e+003,1.674576e-001
2.117457e+003,1.680494e-001
2.117938e+003,1.687112e-001
2.118421e+003,1.693316e-001
2.118903e+003,1.698314e-001
2.119385e+003,1.701704e-001
2.119867e+003,1.703463e-001
2.120349e+003,1.703853e-001
2.120831e+003,1.703297e-001
2.121313e+003,1.702270e-001
2.121795e+003,1.701109e-001
2.122278e+003,1.699931e-001
2.122760e+003,1.698564e-001
2.123242e+003,1.696552e-001
2.123724e+003,1.693241e-001
2.124206e+003,1.687980e-001
2.124688e+003,1.680433e-001
2.125170e+003,1.670842e-001
2.125652e+003,1.660191e-001
2.126135e+003,1.650086e-001
2.126617e+003,1.642614e-001
2.127099e+003,1.639649e-001
2.127581e+003,1.642371e-001
2.128063e+003,1.650744e-001
2.128545e+003,1.663406e-001
2.129027e+003,1.677778e-001
2.129509e+003,1.690571e-001
2.129991e+003,1.698843e-001
2.130474e+003,1.700389e-001
2.130956e+003,1.694496e-001
2.131438e+003,1.681981e-001
2.131920e+003,1.665113e-001
2.132402e+003,1.646915e-001
2.132884e+003,1.630339e-001
2.133366e+003,1.617859e-001
2.133848e+003,1.610808e-001
2.134331e+003,1.609337e-001
2.134813e+003,1.612522e-001
2.135295e+003,1.618806e-001
2.135777e+003,1.626326e-001
2.136259e+003,1.633335e-001
2.136741e+003,1.638678e-001
2.137223e+003,1.641798e-001
2.137705e+003,1.642750e-001
2.138188e+003,1.641972e-001
2.138670e+003,1.640053e-001
2.139152e+003,1.637468e-001
2.139634e+003,1.634479e-001
2.140116e+003,1.631161e-001
2.140598e+003,1.627549e-001
2.141080e+003,1.623798e-001
2.141562e+003,1.620276e-001
2.142044e+003,1.617470e-001
2.142527e+003,1.615750e-001
2.143009e+003,1.615096e-001
2.143491e+003,1.614885e-001
2.143973e+003,1.613877e-001
2.144455e+003,1.610441e-001
2.144937e+003,1.603151e-001
2.145419e+003,1.591135e-001
2.145901e+003,1.574609e-001
2.146384e+003,1.554862e-001
2.146865e+003,1.534293e-001
2.147348e+003,1.515696e-001
2.147830e+003,1.501533e-001
2.148312e+003,1.493455e-001
2.148794e+003,1.491610e-001
2.149276e+003,1.494582e-001
2.149758e+003,1.499391e-001
2.150240e+003,1.502298e-001
2.150722e+003,1.499298e-001
2.151205e+003,1.487168e-001
2.151687e+003,1.464504e-001
2.152169e+003,1.432114e-001
2.152651e+003,1.393107e-001
2.153133e+003,1.351881e-001
2.153615e+003,1.313760e-001
2.154097e+003,1.283440e-001
2.154579e+003,1.264028e-001
2.155062e+003,1.256742e-001
2.155544e+003,1.260848e-001
2.156026e+003,1.274237e-001
2.156508e+003,1.293962e-001
2.156990e+003,1.317055e-001
2.157472e+003,1.340402e-001
2.157954e+003,1.360656e-001
2.158436e+003,1.374647e-001
2.158918e+003,1.379563e-001
2.159401e+003,1.373928e-001
2.159883e+003,1.358285e-001
2.160365e+003,1.335445e-001
2.160847e+003,1.310026e-001
2.161329e+003,1.287193e-001
2.161811e+003,1.272030e-001
2.162293e+003,1.267925e-001
2.162775e+003,1.276114e-001
2.163258e+003,1.295888e-001
2.163740e+003,1.325363e-001
2.164222e+003,1.362313e-001
2.164704e+003,1.404755e-001
2.165186e+003,1.451155e-001
2.165668e+003,1.499844e-001
2.166150e+003,1.548491e-001
2.166632e+003,1.594168e-001
2.167115e+003,1.633286e-001
2.167597e+003,1.662497e-001
2.168079e+003,1.679677e-001
2.168561e+003,1.684233e-001
2.169043e+003,1.677419e-001
2.169525e+003,1.661864e-001
2.170007e+003,1.641003e-001
2.170489e+003,1.617916e-001
2.170971e+003,1.594815e-001
2.171454e+003,1.572938e-001
2.171936e+003,1.552704e-001
2.172418e+003,1.534345e-001
2.172900e+003,1.518336e-001
2.173382e+003,1.505501e-001
2.173864e+003,1.496896e-001
2.174346e+003,1.493352e-001
2.174828e+003,1.494991e-001
2.175311e+003,1.501132e-001
2.175792e+003,1.510314e-001
2.176275e+003,1.520778e-001
2.176757e+003,1.530651e-001
2.177239e+003,1.538538e-001
2.177721e+003,1.543682e-001
2.178203e+003,1.546137e-001
2.178685e+003,1.546721e-001
2.179167e+003,1.546903e-001
2.179649e+003,1.548579e-001
2.180132e+003,1.553552e-001
2.180614e+003,1.563306e-001
2.181096e+003,1.578602e-001
2.181578e+003,1.599262e-001
2.182060e+003,1.624181e-001
2.182542e+003,1.651518e-001
2.183024e+003,1.679083e-001
2.183506e+003,1.704356e-001
2.183989e+003,1.724945e-001
2.184471e+003,1.738786e-001
2.184953e+003,1.744286e-001
2.185435e+003,1.740846e-001
2.185917e+003,1.728981e-001
2.186399e+003,1.710496e-001
2.186881e+003,1.687964e-001
2.187363e+003,1.664490e-001
2.187845e+003,1.642925e-001
2.188328e+003,1.625140e-001
2.188810e+003,1.611952e-001
2.189292e+003,1.603072e-001
2.189774e+003,1.597613e-001
2.190256e+003,1.594557e-001
2.190738e+003,1.593267e-001
2.191220e+003,1.593542e-001
2.191702e+003,1.595398e-001
2.192185e+003,1.598696e-001
2.192667e+003,1.602901e-001
2.193149e+003,1.607103e-001
2.193631e+003,1.610480e-001
2.194113e+003,1.612692e-001
2.194595e+003,1.614263e-001
2.195077e+003,1.616394e-001
2.195559e+003,1.620519e-001
2.196042e+003,1.627515e-001
2.196524e+003,1.637177e-001
2.197006e+003,1.648015e-001
2.197488e+003,1.657806e-001
2.197970e+003,1.664492e-001
2.198452e+003,1.666801e-001
2.198934e+003,1.664816e-001
2.199416e+003,1.659717e-001
2.199898e+003,1.653249e-001
2.200381e+003,1.646806e-001
2.200863e+003,1.641039e-001
2.201345e+003,1.635753e-001
2.201827e+003,1.630379e-001
2.202309e+003,1.624578e-001
2.202791e+003,1.618803e-001
2.203273e+003,1.614241e-001
2.203755e+003,1.612579e-001
2.204238e+003,1.615125e-001
2.204719e+003,1.622268e-001
2.205202e+003,1.633161e-001
2.205684e+003,1.645997e-001
2.206166e+003,1.658556e-001
2.206648e+003,1.668702e-001
2.207130e+003,1.675057e-001
2.207612e+003,1.677043e-001
2.208094e+003,1.674866e-001
2.208576e+003,1.669296e-001
2.209059e+003,1.661549e-001
2.209541e+003,1.653216e-001
2.210023e+003,1.646022e-001
2.210505e+003,1.641981e-001
2.210987e+003,1.642964e-001
2.211469e+003,1.650292e-001
2.211951e+003,1.664413e-001
2.212433e+003,1.684625e-001
2.212916e+003,1.709135e-001
2.213398e+003,1.735285e-001
2.213880e+003,1.760337e-001
2.214362e+003,1.781826e-001
2.214844e+003,1.797903e-001
2.215326e+003,1.807632e-001
2.215808e+003,1.810853e-001
2.216290e+003,1.808169e-001
2.216772e+003,1.800705e-001
2.217255e+003,1.790117e-001
2.217737e+003,1.778353e-001
2.218219e+003,1.767322e-001
2.218701e+003,1.758818e-001
2.219183e+003,1.754083e-001
2.219665e+003,1.753642e-001
2.220147e+003,1.757317e-001
2.220629e+003,1.764408e-001
2.221112e+003,1.773923e-001
2.221594e+003,1.784776e-001
2.222076e+003,1.795956e-001
2.222558e+003,1.806442e-001
2.223040e+003,1.815116e-001
2.223522e+003,1.820939e-001
2.224004e+003,1.823025e-001
2.224486e+003,1.820993e-001
2.224969e+003,1.815180e-001
2.225451e+003,1.806710e-001
2.225933e+003,1.797221e-001
2.226415e+003,1.788401e-001
2.226897e+003,1.781686e-001
2.227379e+003,1.777866e-001
2.227861e+003,1.777166e-001
2.228343e+003,1.779519e-001
2.228825e+003,1.784845e-001
2.229308e+003,1.793210e-001
2.229790e+003,1.804582e-001
2.230272e+003,1.818466e-001
2.230754e+003,1.833530e-001
2.231236e+003,1.847547e-001
2.231718e+003,1.858000e-001
2.232200e+003,1.862639e-001
2.232682e+003,1.860555e-001
2.233165e+003,1.852689e-001
2.233646e+003,1.841858e-001
2.234129e+003,1.831834e-001
2.234611e+003,1.826110e-001
2.235093e+003,1.826930e-001
2.235575e+003,1.834378e-001
2.236057e+003,1.846550e-001
2.236539e+003,1.860233e-001
2.237021e+003,1.872357e-001
2.237503e+003,1.880713e-001
2.237986e+003,1.884676e-001
2.238468e+003,1.885080e-001
2.238950e+003,1.883750e-001
2.239432e+003,1.882678e-001
2.239914e+003,1.883337e-001
2.240396e+003,1.886484e-001
2.240878e+003,1.892132e-001
2.241360e+003,1.899776e-001
2.241843e+003,1.908641e-001
2.242325e+003,1.917871e-001
2.242807e+003,1.926574e-001
2.243289e+003,1.933760e-001
2.243771e+003,1.938489e-001
2.244253e+003,1.939897e-001
2.244735e+003,1.937403e-001
2.245217e+003,1.930922e-001
2.245699e+003,1.920950e-001
2.246182e+003,1.908549e-001
2.246664e+003,1.895100e-001
2.247146e+003,1.882171e-001
2.247628e+003,1.871116e-001
2.248110e+003,1.862813e-001
2.248592e+003,1.857602e-001
2.249074e+003,1.855167e-001
2.249556e+003,1.854717e-001
2.250039e+003,1.855158e-001
2.250521e+003,1.855576e-001
2.251003e+003,1.855492e-001
2.251485e+003,1.855102e-001
2.251967e+003,1.855231e-001
2.252449e+003,1.857048e-001
2.252931e+003,1.861515e-001
2.253413e+003,1.868878e-001
2.253896e+003,1.878383e-001
2.254378e+003,1.888394e-001
2.254860e+003,1.897058e-001
2.255342e+003,1.902784e-001
2.255824e+003,1.905031e-001
2.256306e+003,1.904453e-001
2.256788e+003,1.902755e-001
2.257270e+003,1.901916e-001
2.257752e+003,1.903590e-001
2.258235e+003,1.908522e-001
2.258717e+003,1.916361e-001
2.259199e+003,1.925884e-001
2.259681e+003,1.935491e-001
2.260163e+003,1.943831e-001
2.260645e+003,1.950049e-001
2.261127e+003,1.953961e-001
2.261609e+003,1.955952e-001
2.262092e+003,1.956771e-001
2.262573e+003,1.957312e-001
2.263056e+003,1.958402e-001
2.263538e+003,1.960740e-001
2.264020e+003,1.964675e-001
2.264502e+003,1.970082e-001
2.264984e+003,1.976208e-001
2.265466e+003,1.981843e-001
2.265948e+003,1.985469e-001
2.266430e+003,1.985802e-001
2.266913e+003,1.982329e-001
2.267395e+003,1.975582e-001
2.267877e+003,1.967124e-001
2.268359e+003,1.959011e-001
2.268841e+003,1.953363e-001
2.269323e+003,1.951558e-001
2.269805e+003,1.953885e-001
2.270287e+003,1.959607e-001
2.270770e+003,1.967376e-001
2.271252e+003,1.975770e-001
2.271734e+003,1.983677e-001
2.272216e+003,1.990584e-001
2.272698e+003,1.996402e-001
2.273180e+003,2.001238e-001
2.273662e+003,2.005176e-001
2.274144e+003,2.008233e-001
2.274626e+003,2.010499e-001
2.275109e+003,2.012288e-001
2.275591e+003,2.014257e-001
2.276073e+003,2.017218e-001
2.276555e+003,2.021788e-001
2.277037e+003,2.028035e-001
2.277519e+003,2.035252e-001
2.278001e+003,2.042084e-001
2.278483e+003,2.046814e-001
2.278966e+003,2.048109e-001
2.279448e+003,2.045384e-001
2.279930e+003,2.039135e-001
2.280412e+003,2.030703e-001
2.280894e+003,2.022037e-001
2.281376e+003,2.015045e-001
2.281858e+003,2.011032e-001
2.282340e+003,2.010576e-001
2.282823e+003,2.013379e-001
2.283305e+003,2.018547e-001
2.283787e+003,2.024811e-001
2.284269e+003,2.030975e-001
2.284751e+003,2.036212e-001
2.285233e+003,2.040243e-001
2.285715e+003,2.043419e-001
2.286197e+003,2.046579e-001
2.286679e+003,2.050789e-001
2.287162e+003,2.056842e-001
2.287644e+003,2.064940e-001
2.288126e+003,2.074450e-001
2.288608e+003,2.084080e-001
2.289090e+003,2.092145e-001
2.289572e+003,2.097257e-001
2.290054e+003,2.098903e-001
2.290536e+003,2.097684e-001
2.291019e+003,2.095221e-001
2.291500e+003,2.093538e-001
2.291983e+003,2.094525e-001
2.292465e+003,2.099095e-001
2.292947e+003,2.106970e-001
2.293429e+003,2.116736e-001
2.293911e+003,2.126497e-001
2.294393e+003,2.134387e-001
2.294875e+003,2.139151e-001
2.295357e+003,2.140431e-001
2.295840e+003,2.138644e-001
2.296322e+003,2.134669e-001
2.296804e+003,2.129421e-001
2.297286e+003,2.123737e-001
2.297768e+003,2.118263e-001
2.298250e+003,2.113554e-001
2.298732e+003,2.110254e-001
2.299214e+003,2.109003e-001
2.299697e+003,2.110305e-001
2.300179e+003,2.114303e-001
2.300661e+003,2.120622e-001
2.301143e+003,2.128357e-001
2.301625e+003,2.136264e-001
2.302107e+003,2.143231e-001
2.302589e+003,2.148473e-001
2.303071e+003,2.151822e-001
2.303553e+003,2.153638e-001
2.304036e+003,2.154636e-001
2.304518e+003,2.155547e-001
2.305000e+003,2.156835e-001
2.305482e+003,2.158641e-001
2.305964e+003,2.160831e-001
2.306446e+003,2.163152e-001
2.306928e+003,2.165375e-001
2.307410e+003,2.167391e-001
2.307893e+003,2.169190e-001
2.308375e+003,2.170744e-001
2.308857e+003,2.171979e-001
2.309339e+003,2.172690e-001
2.309821e+003,2.172627e-001
2.310303e+003,2.171577e-001
2.310785e+003,2.169486e-001
2.311267e+003,2.166537e-001
2.311750e+003,2.163168e-001
2.312232e+003,2.160063e-001
2.312714e+003,2.157998e-001
2.313196e+003,2.157669e-001
2.313678e+003,2.159592e-001
2.314160e+003,2.163899e-001
2.314642e+003,2.170345e-001
2.315124e+003,2.178316e-001
2.315606e+003,2.187071e-001
2.316089e+003,2.195920e-001
2.316571e+003,2.204446e-001
2.317053e+003,2.212639e-001
2.317535e+003,2.220778e-001
2.318017e+003,2.229187e-001
2.318499e+003,2.237953e-001
2.318981e+003,2.246676e-001
2.319463e+003,2.254491e-001
2.319946e+003,2.260392e-001
2.320427e+003,2.263600e-001
2.320910e+003,2.263996e-001
2.321392e+003,2.262252e-001
2.321874e+003,2.259699e-001
2.322356e+003,2.257737e-001
2.322838e+003,2.257451e-001
2.323320e+003,2.259284e-001
2.323802e+003,2.263012e-001
2.324284e+003,2.268049e-001
2.324767e+003,2.273795e-001
2.325249e+003,2.279981e-001
2.325731e+003,2.286567e-001
2.326213e+003,2.293587e-001
2.326695e+003,2.300828e-001
2.327177e+003,2.307558e-001
2.327659e+003,2.312665e-001
2.328141e+003,2.315025e-001
2.328624e+003,2.313933e-001
2.329106e+003,2.309561e-001
2.329588e+003,2.303004e-001
2.330070e+003,2.296083e-001
2.330552e+003,2.290514e-001
2.331034e+003,2.287535e-001
2.331516e+003,2.287440e-001
2.331998e+003,2.289627e-001
2.332480e+003,2.292929e-001
2.332963e+003,2.296117e-001
2.333445e+003,2.298336e-001
2.333927e+003,2.299004e-001
2.334409e+003,2.297947e-001
2.334891e+003,2.295224e-001
2.335373e+003,2.291241e-001
2.335855e+003,2.286674e-001
2.336337e+003,2.282503e-001
2.336820e+003,2.279848e-001
2.337302e+003,2.279506e-001
2.337784e+003,2.281608e-001
2.338266e+003,2.285390e-001
2.338748e+003,2.289455e-001
2.339230e+003,2.292186e-001
2.339712e+003,2.292414e-001
2.340194e+003,2.289973e-001
2.340677e+003,2.286028e-001
2.341159e+003,2.282812e-001
2.341641e+003,2.282512e-001
2.342123e+003,2.285884e-001
2.342605e+003,2.291685e-001
2.343087e+003,2.297657e-001
2.343569e+003,2.302018e-001
2.344051e+003,2.304315e-001
2.344533e+003,2.305317e-001
2.345016e+003,2.306293e-001
2.345498e+003,2.308055e-001
2.345980e+003,2.310508e-001
2.346462e+003,2.312641e-001
2.346944e+003,2.313281e-001
2.347426e+003,2.311632e-001
2.347908e+003,2.307807e-001
2.348390e+003,2.302752e-001
2.348873e+003,2.297748e-001
2.349354e+003,2.294064e-001
2.349837e+003,2.292513e-001
2.350319e+003,2.293234e-001
2.350801e+003,2.295462e-001
2.351283e+003,2.297753e-001
2.351765e+003,2.298516e-001
2.352247e+003,2.296802e-001
2.352729e+003,2.293040e-001
2.353211e+003,2.288800e-001
2.353694e+003,2.285590e-001
2.354176e+003,2.283863e-001
2.354658e+003,2.282880e-001
2.355140e+003,2.281558e-001
2.355622e+003,2.279435e-001
2.356104e+003,2.277346e-001
2.356586e+003,2.276954e-001
2.357068e+003,2.279305e-001
2.357551e+003,2.283422e-001
2.358033e+003,2.286751e-001
2.358515e+003,2.287171e-001
2.358997e+003,2.285347e-001
2.359479e+003,2.284615e-001
2.359961e+003,2.288367e-001
2.360443e+003,2.296104e-001
2.360925e+003,2.303260e-001
2.361407e+003,2.304977e-001
2.361890e+003,2.299224e-001
2.362372e+003,2.287185e-001
2.362854e+003,2.272145e-001
2.363336e+003,2.257956e-001
2.363818e+003,2.247414e-001
2.364300e+003,2.241477e-001
2.364782e+003,2.239997e-001
2.365264e+003,2.242668e-001
2.365747e+003,2.249000e-001
2.366229e+003,2.258083e-001
2.366711e+003,2.268464e-001
2.367193e+003,2.278631e-001
2.367675e+003,2.287184e-001
2.368157e+003,2.293335e-001
2.368639e+003,2.297086e-001
2.369121e+003,2.299019e-001
2.369604e+003,2.299769e-001
2.370086e+003,2.299533e-001
2.370568e+003,2.297984e-001
2.371050e+003,2.294598e-001
2.371532e+003,2.289149e-001
2.372014e+003,2.282120e-001
2.372496e+003,2.274681e-001
2.372978e+003,2.268407e-001
2.373460e+003,2.264724e-001
2.373943e+003,2.264308e-001
2.374425e+003,2.266984e-001
2.374907e+003,2.271824e-001
2.375389e+003,2.277645e-001
2.375871e+003,2.283301e-001
2.376353e+003,2.288087e-001
2.376835e+003,2.291765e-001
2.377317e+003,2.294425e-001
2.377800e+003,2.296330e-001
2.378281e+003,2.297721e-001
2.378764e+003,2.298809e-001
2.379246e+003,2.299750e-001
2.379728e+003,2.300721e-001
2.380210e+003,2.301904e-001
2.380692e+003,2.303444e-001
2.381174e+003,2.305405e-001
2.381656e+003,2.307768e-001
2.382138e+003,2.310497e-001
2.382621e+003,2.313659e-001
2.383103e+003,2.317521e-001
2.383585e+003,2.322489e-001
2.384067e+003,2.329048e-001
2.384549e+003,2.337454e-001
2.385031e+003,2.347508e-001
2.385513e+003,2.358425e-001
2.385995e+003,2.368954e-001
2.386478e+003,2.377668e-001
2.386960e+003,2.383321e-001
2.387442e+003,2.385303e-001
2.387924e+003,2.383777e-001
2.388406e+003,2.379621e-001
2.388888e+003,2.374040e-001
2.389370e+003,2.368258e-001
2.389852e+003,2.363116e-001
2.390334e+003,2.358893e-001
2.390817e+003,2.355391e-001
2.391299e+003,2.352159e-001
2.391781e+003,2.348762e-001
2.392263e+003,2.344978e-001
2.392745e+003,2.340884e-001
2.393227e+003,2.336788e-001
2.393709e+003,2.333137e-001
2.394191e+003,2.330346e-001
2.394674e+003,2.328767e-001
2.395156e+003,2.328653e-001
2.395638e+003,2.330175e-001
2.396120e+003,2.333400e-001
2.396602e+003,2.338238e-001
2.397084e+003,2.344389e-001
2.397566e+003,2.351213e-001
2.398048e+003,2.357791e-001
2.398531e+003,2.363119e-001
2.399013e+003,2.366206e-001
2.399495e+003,2.366473e-001
2.399977e+003,2.363917e-001
2.400459e+003,2.359307e-001
2.400941e+003,2.353556e-001
2.401423e+003,2.347912e-001
2.401905e+003,2.343474e-001
2.402387e+003,2.340778e-001
2.402870e+003,2.339714e-001
2.403352e+003,2.339582e-001
2.403834e+003,2.339510e-001
2.404316e+003,2.338763e-001
2.404798e+003,2.337188e-001
2.405280e+003,2.335268e-001
2.405762e+003,2.334027e-001
2.406244e+003,2.334569e-001
2.406727e+003,2.337569e-001
2.407208e+003,2.342986e-001
2.407691e+003,2.349979e-001
2.408173e+003,2.357148e-001
2.408655e+003,2.362956e-001
2.409137e+003,2.366354e-001
2.409619e+003,2.366995e-001
2.410101e+003,2.365335e-001
2.410583e+003,2.362296e-001
2.411065e+003,2.358974e-001
2.411548e+003,2.356174e-001
2.412030e+003,2.354203e-001
2.412512e+003,2.352943e-001
2.412994e+003,2.352042e-001
2.413476e+003,2.351228e-001
2.413958e+003,2.350469e-001
2.414440e+003,2.350025e-001
2.414922e+003,2.350308e-001
2.415405e+003,2.351669e-001
2.415887e+003,2.354179e-001
2.416369e+003,2.357552e-001
2.416851e+003,2.361128e-001
2.417333e+003,2.364133e-001
2.417815e+003,2.365748e-001
2.418297e+003,2.365375e-001
2.418779e+003,2.362793e-001
2.419261e+003,2.358241e-001
2.419744e+003,2.352422e-001
2.420226e+003,2.346406e-001
2.420708e+003,2.341564e-001
2.421190e+003,2.339205e-001
2.421672e+003,2.340247e-001
2.422154e+003,2.344968e-001
2.422636e+003,2.352796e-001
2.423118e+003,2.362348e-001
2.423601e+003,2.371688e-001
2.424083e+003,2.378996e-001
2.424565e+003,2.382910e-001
2.425047e+003,2.383052e-001
2.425529e+003,2.380088e-001
2.426011e+003,2.375592e-001
2.426493e+003,2.371512e-001
2.426975e+003,2.369470e-001
2.427458e+003,2.370407e-001
2.427940e+003,2.374195e-001
2.428422e+003,2.379769e-001
2.428904e+003,2.385395e-001
2.429386e+003,2.389342e-001
2.429868e+003,2.390371e-001
2.430350e+003,2.388092e-001
2.430832e+003,2.383120e-001
2.431314e+003,2.376894e-001
2.431797e+003,2.371270e-001
2.432279e+003,2.367849e-001
2.432761e+003,2.367675e-001
2.433243e+003,2.370849e-001
2.433725e+003,2.376599e-001
2.434207e+003,2.383496e-001
2.434689e+003,2.389999e-001
2.435171e+003,2.394964e-001
2.435654e+003,2.397862e-001
2.436135e+003,2.398892e-001
2.436618e+003,2.398704e-001
2.437100e+003,2.398040e-001
2.437582e+003,2.397311e-001
2.438064e+003,2.396459e-001
2.438546e+003,2.395046e-001
2.439028e+003,2.392583e-001
2.439510e+003,2.388889e-001
2.439992e+003,2.384380e-001
2.440475e+003,2.379974e-001
2.440957e+003,2.376934e-001
2.441439e+003,2.376355e-001
2.441921e+003,2.378754e-001
2.442403e+003,2.383939e-001
2.442885e+003,2.391098e-001
2.443367e+003,2.399132e-001
2.443849e+003,2.406956e-001
2.444332e+003,2.413890e-001
2.444814e+003,2.419650e-001
2.445296e+003,2.424247e-001
2.445778e+003,2.427799e-001
2.446260e+003,2.430349e-001
2.446742e+003,2.431864e-001
2.447224e+003,2.432329e-001
2.447706e+003,2.431911e-001
2.448188e+003,2.431042e-001
2.448671e+003,2.430311e-001
2.449153e+003,2.430324e-001
2.449635e+003,2.431366e-001
2.450117e+003,2.433270e-001
2.450599e+003,2.435374e-001
2.451081e+003,2.436805e-001
2.451563e+003,2.436797e-001
2.452045e+003,2.434993e-001
2.452528e+003,2.431673e-001
2.453010e+003,2.427701e-001
2.453492e+003,2.424299e-001
2.453974e+003,2.422573e-001
2.454456e+003,2.423283e-001
2.454938e+003,2.426533e-001
2.455420e+003,2.431778e-001
2.455902e+003,2.437916e-001
2.456385e+003,2.443613e-001
2.456867e+003,2.447651e-001
2.457349e+003,2.449140e-001
2.457831e+003,2.447796e-001
2.458313e+003,2.443944e-001
2.458795e+003,2.438444e-001
2.459277e+003,2.432381e-001
2.459759e+003,2.426889e-001
2.460241e+003,2.422862e-001
2.460724e+003,2.420758e-001
2.461206e+003,2.420632e-001
2.461688e+003,2.422219e-001
2.462170e+003,2.425123e-001
2.462652e+003,2.428924e-001
2.463134e+003,2.433295e-001
2.463616e+003,2.437952e-001
2.464098e+003,2.442571e-001
2.464581e+003,2.446758e-001
2.465063e+003,2.450049e-001
2.465545e+003,2.452030e-001
2.466027e+003,2.452507e-001
2.466509e+003,2.451604e-001
2.466991e+003,2.449792e-001
2.467473e+003,2.447696e-001
2.467955e+003,2.445948e-001
2.468438e+003,2.444963e-001
2.468919e+003,2.444869e-001
2.469402e+003,2.445570e-001
2.469884e+003,2.446947e-001
2.470366e+003,2.449011e-001
2.470848e+003,2.452008e-001
2.471330e+003,2.456283e-001
2.471812e+003,2.462103e-001
2.472294e+003,2.469381e-001
2.472776e+003,2.477582e-001
2.473259e+003,2.485726e-001
2.473741e+003,2.492556e-001
2.474223e+003,2.496978e-001
2.474705e+003,2.498194e-001
2.475187e+003,2.495957e-001
2.475669e+003,2.490566e-001
2.476151e+003,2.482830e-001
2.476633e+003,2.473895e-001
2.477115e+003,2.465018e-001
2.477598e+003,2.457537e-001
2.478080e+003,2.452576e-001
2.478562e+003,2.450841e-001
2.479044e+003,2.452456e-001
2.479526e+003,2.456839e-001
2.480008e+003,2.462747e-001
2.480490e+003,2.468497e-001
2.480972e+003,2.472554e-001
2.481455e+003,2.473852e-001
2.481937e+003,2.472142e-001
2.482419e+003,2.468015e-001
2.482901e+003,2.462640e-001
2.483383e+003,2.457329e-001
2.483865e+003,2.453051e-001
2.484347e+003,2.450346e-001
2.484829e+003,2.449317e-001
2.485312e+003,2.449915e-001
2.485793e+003,2.452204e-001
2.486276e+003,2.456425e-001
2.486758e+003,2.462822e-001
2.487240e+003,2.471284e-001
2.487722e+003,2.481069e-001
2.488204e+003,2.490673e-001
2.488686e+003,2.498106e-001
2.489168e+003,2.501624e-001
2.489650e+003,2.500177e-001
2.490133e+003,2.493958e-001
2.490615e+003,2.484268e-001
2.491097e+003,2.473284e-001
2.491579e+003,2.463259e-001
2.492061e+003,2.455837e-001
2.492543e+003,2.451863e-001
2.493025e+003,2.451278e-001
2.493507e+003,2.453450e-001
2.493990e+003,2.457481e-001
2.494472e+003,2.462506e-001
2.494954e+003,2.467669e-001
2.495436e+003,2.472000e-001
2.495918e+003,2.474433e-001
2.496400e+003,2.473827e-001
2.496882e+003,2.469327e-001
2.497364e+003,2.460780e-001
2.497846e+003,2.449005e-001
2.498329e+003,2.435764e-001
2.498811e+003,2.423236e-001
2.499293e+003,2.413593e-001
2.499775e+003,2.408221e-001
2.500257e+003,2.407417e-001
2.500739e+003,2.410512e-001
2.501221e+003,2.416315e-001
2.501703e+003,2.423649e-001
2.502186e+003,2.431770e-001
2.502668e+003,2.440505e-001
2.503150e+003,2.450016e-001
2.503632e+003,2.460378e-001
2.504114e+003,2.471271e-001
2.504596e+003,2.481809e-001
2.505078e+003,2.490785e-001
2.505560e+003,2.497127e-001
2.506042e+003,2.500193e-001
2.506525e+003,2.500089e-001
2.507007e+003,2.497535e-001
2.507489e+003,2.493698e-001
2.507971e+003,2.489723e-001
2.508453e+003,2.486507e-001
2.508935e+003,2.484645e-001
2.509417e+003,2.484405e-001
2.509899e+003,2.485912e-001
2.510382e+003,2.489215e-001
2.510864e+003,2.494297e-001
2.511346e+003,2.500985e-001
2.511828e+003,2.508845e-001
2.512310e+003,2.517223e-001
2.512792e+003,2.525230e-001
2.513274e+003,2.531978e-001
2.513756e+003,2.536760e-001
2.514239e+003,2.539138e-001
2.514720e+003,2.539027e-001
2.515203e+003,2.536657e-001
2.515685e+003,2.532516e-001
2.516167e+003,2.527237e-001
2.516649e+003,2.521577e-001
2.517131e+003,2.516361e-001
2.517613e+003,2.512306e-001
2.518095e+003,2.509960e-001
2.518577e+003,2.509526e-001
2.519060e+003,2.510798e-001
2.519542e+003,2.513180e-001
2.520024e+003,2.515883e-001
2.520506e+003,2.518201e-001
2.520988e+003,2.519696e-001
2.521470e+003,2.520343e-001
2.521952e+003,2.520477e-001
2.522434e+003,2.520648e-001
2.522917e+003,2.521337e-001
2.523399e+003,2.522834e-001
2.523881e+003,2.525181e-001
2.524363e+003,2.528270e-001
2.524845e+003,2.531945e-001
2.525327e+003,2.536121e-001
2.525809e+003,2.540771e-001
2.526291e+003,2.545826e-001
2.526773e+003,2.551048e-001
2.527256e+003,2.555993e-001
2.527738e+003,2.560036e-001
2.528220e+003,2.562589e-001
2.528702e+003,2.563317e-001
2.529184e+003,2.562255e-001
2.529666e+003,2.559803e-001
2.530148e+003,2.556541e-001
2.530630e+003,2.552974e-001
2.531113e+003,2.549285e-001
2.531595e+003,2.545296e-001
2.532077e+003,2.540593e-001
2.532559e+003,2.534868e-001
2.533041e+003,2.528169e-001
2.533523e+003,2.521164e-001
2.534005e+003,2.514966e-001
2.534487e+003,2.510998e-001
2.534969e+003,2.510480e-001
2.535452e+003,2.514015e-001
2.535934e+003,2.521437e-001
2.536416e+003,2.531802e-001
2.536898e+003,2.543680e-001
2.537380e+003,2.555477e-001
2.537862e+003,2.565943e-001
2.538344e+003,2.574362e-001
2.538826e+003,2.580603e-001
2.539309e+003,2.585002e-001
2.539791e+003,2.588150e-001
2.540273e+003,2.590633e-001
2.540755e+003,2.592826e-001
2.541237e+003,2.594901e-001
2.541719e+003,2.596848e-001
2.542201e+003,2.598586e-001
2.542683e+003,2.600037e-001
2.543166e+003,2.601178e-001
2.543647e+003,2.601995e-001
2.544130e+003,2.602462e-001
2.544612e+003,2.602467e-001
2.545094e+003,2.601846e-001
2.545576e+003,2.600421e-001
2.546058e+003,2.598129e-001
2.546540e+003,2.595087e-001
2.547022e+003,2.591641e-001
2.547504e+003,2.588296e-001
2.547987e+003,2.585664e-001
2.548469e+003,2.584319e-001
2.548951e+003,2.584670e-001
2.549433e+003,2.586965e-001
2.549915e+003,2.591240e-001
2.550397e+003,2.597347e-001
2.550879e+003,2.604949e-001
2.551362e+003,2.613532e-001
2.551844e+003,2.622355e-001
2.552326e+003,2.630469e-001
2.552808e+003,2.636865e-001
2.553290e+003,2.640629e-001
2.553772e+003,2.641188e-001
2.554254e+003,2.638559e-001
2.554736e+003,2.633429e-001
2.555219e+003,2.627108e-001
2.555700e+003,2.621125e-001
2.556183e+003,2.617015e-001
2.556665e+003,2.615806e-001
2.557147e+003,2.617790e-001
2.557629e+003,2.622522e-001
2.558111e+003,2.629044e-001
2.558593e+003,2.636220e-001
2.559075e+003,2.642997e-001
2.559557e+003,2.648746e-001
2.560040e+003,2.653239e-001
2.560522e+003,2.656585e-001
2.561004e+003,2.659042e-001
2.561486e+003,2.660849e-001
2.561968e+003,2.662148e-001
2.562450e+003,2.662964e-001
2.562932e+003,2.663278e-001
2.563414e+003,2.663115e-001
2.563896e+003,2.662571e-001
2.564379e+003,2.661827e-001
2.564861e+003,2.661083e-001
2.565343e+003,2.660515e-001
2.565825e+003,2.660240e-001
2.566307e+003,2.660316e-001
2.566789e+003,2.660765e-001
2.567271e+003,2.661600e-001
2.567753e+003,2.662826e-001
2.568236e+003,2.664415e-001
2.568718e+003,2.666278e-001
2.569200e+003,2.668258e-001
2.569682e+003,2.670130e-001
2.570164e+003,2.671655e-001
2.570646e+003,2.672656e-001
2.571128e+003,2.673060e-001
2.571610e+003,2.672949e-001
2.572093e+003,2.672507e-001
2.572575e+003,2.672003e-001
2.573057e+003,2.671655e-001
2.573539e+003,2.671593e-001
2.574021e+003,2.671797e-001
2.574503e+003,2.672155e-001
2.574985e+003,2.672489e-001
2.575467e+003,2.672717e-001
2.575949e+003,2.672892e-001
2.576432e+003,2.673267e-001
2.576914e+003,2.674211e-001
2.577396e+003,2.676055e-001
2.577878e+003,2.678936e-001
2.578360e+003,2.682620e-001
2.578842e+003,2.686503e-001
2.579324e+003,2.689658e-001
2.579806e+003,2.691168e-001
2.580289e+003,2.690412e-001
2.580771e+003,2.687318e-001
2.581253e+003,2.682462e-001
2.581735e+003,2.676957e-001
2.582217e+003,2.672199e-001
2.582699e+003,2.669330e-001
2.583181e+003,2.669038e-001
2.583663e+003,2.671319e-001
2.584146e+003,2.675567e-001
2.584627e+003,2.680759e-001
2.585110e+003,2.685837e-001
2.585592e+003,2.690018e-001
2.586074e+003,2.692871e-001
2.586556e+003,2.694396e-001
2.587038e+003,2.694890e-001
2.587520e+003,2.694828e-001
2.588002e+003,2.694724e-001
2.588484e+003,2.695088e-001
2.588967e+003,2.696425e-001
2.589449e+003,2.699138e-001
2.589931e+003,2.703471e-001
2.590413e+003,2.709376e-001
2.590895e+003,2.716413e-001
2.591377e+003,2.723702e-001
2.591859e+003,2.730079e-001
2.592341e+003,2.734421e-001
2.592823e+003,2.735876e-001
2.593306e+003,2.734215e-001
2.593788e+003,2.729928e-001
2.594270e+003,2.724217e-001
2.594752e+003,2.718574e-001
2.595234e+003,2.714483e-001
2.595716e+003,2.713022e-001
2.596198e+003,2.714551e-001
2.596680e+003,2.718679e-001
2.597163e+003,2.724349e-001
2.597645e+003,2.730219e-001
2.598127e+003,2.734852e-001
2.598609e+003,2.737135e-001
2.599091e+003,2.736524e-001
2.599573e+003,2.733074e-001
2.600055e+003,2.727433e-001
2.600537e+003,2.720620e-001
2.601020e+003,2.713891e-001
2.601502e+003,2.708386e-001
2.601984e+003,2.705017e-001
2.602466e+003,2.704406e-001
2.602948e+003,2.706830e-001
2.603430e+003,2.712308e-001
2.603912e+003,2.720629e-001
2.604394e+003,2.731389e-001
2.604876e+003,2.743914e-001
2.605359e+003,2.757255e-001
2.605841e+003,2.770298e-001
2.606323e+003,2.781764e-001
2.606805e+003,2.790568e-001
2.607287e+003,2.796088e-001
2.607769e+003,2.798307e-001
2.608251e+003,2.797882e-001
2.608733e+003,2.795942e-001
2.609216e+003,2.793833e-001
2.609698e+003,2.792587e-001
2.610180e+003,2.792740e-001
2.610662e+003,2.794225e-001
2.611144e+003,2.796515e-001
2.611626e+003,2.798901e-001
2.612108e+003,2.800815e-001
2.612590e+003,2.802020e-001
2.613073e+003,2.802588e-001
2.613554e+003,2.802727e-001
2.614037e+003,2.802518e-001
2.614519e+003,2.801780e-001
2.615001e+003,2.800058e-001
2.615483e+003,2.796833e-001
2.615965e+003,2.791756e-001
2.616447e+003,2.784937e-001
2.616929e+003,2.777015e-001
2.617411e+003,2.769104e-001
2.617894e+003,2.762414e-001
2.618376e+003,2.758041e-001
2.618858e+003,2.756661e-001
2.619340e+003,2.758379e-001
2.619822e+003,2.762790e-001
2.620304e+003,2.769091e-001
2.620786e+003,2.776366e-001
2.621268e+003,2.783637e-001
2.621750e+003,2.790097e-001
2.622233e+003,2.795184e-001
2.622715e+003,2.798583e-001
2.623197e+003,2.800286e-001
2.623679e+003,2.800545e-001
2.624161e+003,2.799832e-001
2.624643e+003,2.798686e-001
2.625125e+003,2.797642e-001
2.625607e+003,2.797099e-001
2.626090e+003,2.797247e-001
2.626572e+003,2.798105e-001
2.627054e+003,2.799579e-001
2.627536e+003,2.801540e-001
2.628018e+003,2.803868e-001
2.628500e+003,2.806424e-001
2.628982e+003,2.809028e-001
2.629464e+003,2.811396e-001
2.629947e+003,2.813186e-001
2.630429e+003,2.814119e-001
2.630911e+003,2.814091e-001
2.631393e+003,2.813344e-001
2.631875e+003,2.812468e-001
2.632357e+003,2.812302e-001
2.632839e+003,2.813606e-001
2.633321e+003,2.816861e-001
2.633803e+003,2.821997e-001
2.634286e+003,2.828414e-001
2.634768e+003,2.835087e-001
2.635250e+003,2.840935e-001
2.635732e+003,2.845192e-001
2.636214e+003,2.847566e-001
2.636696e+003,2.848338e-001
2.637178e+003,2.848171e-001
2.637660e+003,2.847898e-001
2.638143e+003,2.848165e-001
2.638625e+003,2.849304e-001
2.639107e+003,2.851317e-001
2.639589e+003,2.853982e-001
2.640071e+003,2.857032e-001
2.640553e+003,2.860288e-001
2.641035e+003,2.863717e-001
2.641517e+003,2.867369e-001
2.642000e+003,2.871260e-001
2.642481e+003,2.875273e-001
2.642964e+003,2.879094e-001
2.643446e+003,2.882276e-001
2.643928e+003,2.884365e-001
2.644410e+003,2.885028e-001
2.644892e+003,2.884180e-001
2.645374e+003,2.882025e-001
2.645856e+003,2.879043e-001
2.646338e+003,2.875846e-001
2.646821e+003,2.873093e-001
2.647303e+003,2.871369e-001
2.647785e+003,2.871034e-001
2.648267e+003,2.872224e-001
2.648749e+003,2.874821e-001
2.649231e+003,2.878501e-001
2.649713e+003,2.882810e-001
2.650195e+003,2.887256e-001
2.650677e+003,2.891438e-001
2.651160e+003,2.895083e-001
2.651642e+003,2.898105e-001
2.652124e+003,2.900602e-001
2.652606e+003,2.902792e-001
2.653088e+003,2.904917e-001
2.653570e+003,2.907181e-001
2.654052e+003,2.909681e-001
2.654534e+003,2.912390e-001
2.655017e+003,2.915174e-001
2.655499e+003,2.917843e-001
2.655981e+003,2.920213e-001
2.656463e+003,2.922148e-001
2.656945e+003,2.923593e-001
2.657427e+003,2.924584e-001
2.657909e+003,2.925241e-001
2.658391e+003,2.925748e-001
2.658874e+003,2.926328e-001
2.659356e+003,2.927224e-001
2.659838e+003,2.928637e-001
2.660320e+003,2.930706e-001
2.660802e+003,2.933443e-001
2.661284e+003,2.936727e-001
2.661766e+003,2.940285e-001
2.662248e+003,2.943731e-001
2.662730e+003,2.946661e-001
2.663213e+003,2.948700e-001
2.663695e+003,2.949607e-001
2.664177e+003,2.949335e-001
2.664659e+003,2.948027e-001
2.665141e+003,2.945986e-001
2.665623e+003,2.943605e-001
2.666105e+003,2.941332e-001
2.666587e+003,2.939567e-001
2.667070e+003,2.938658e-001
2.667552e+003,2.938878e-001
2.668034e+003,2.940400e-001
2.668516e+003,2.943284e-001
2.668998e+003,2.947458e-001
2.669480e+003,2.952697e-001
2.669962e+003,2.958607e-001
2.670444e+003,2.964661e-001
2.670927e+003,2.970312e-001
2.671408e+003,2.975033e-001
2.671891e+003,2.978448e-001
2.672373e+003,2.980385e-001
2.672855e+003,2.980856e-001
2.673337e+003,2.980008e-001
2.673819e+003,2.978053e-001
2.674301e+003,2.975211e-001
2.674783e+003,2.971694e-001
2.675265e+003,2.967730e-001
2.675748e+003,2.963645e-001
2.676230e+003,2.959832e-001
2.676712e+003,2.956772e-001
2.677194e+003,2.954903e-001
2.677676e+003,2.954490e-001
2.678158e+003,2.955515e-001
2.678640e+003,2.957649e-001
2.679122e+003,2.960364e-001
2.679604e+003,2.963049e-001
2.680087e+003,2.965267e-001
2.680569e+003,2.966876e-001
2.681051e+003,2.968051e-001
2.681533e+003,2.969154e-001
2.682015e+003,2.970553e-001
2.682497e+003,2.972439e-001
2.682979e+003,2.974695e-001
2.683461e+003,2.976952e-001
2.683944e+003,2.978728e-001
2.684426e+003,2.979662e-001
2.684908e+003,2.979667e-001
2.685390e+003,2.978977e-001
2.685872e+003,2.978048e-001
2.686354e+003,2.977415e-001
2.686836e+003,2.977463e-001
2.687318e+003,2.978326e-001
2.687801e+003,2.979885e-001
2.688283e+003,2.981884e-001
2.688765e+003,2.984080e-001
2.689247e+003,2.986362e-001
2.689729e+003,2.988797e-001
2.690211e+003,2.991569e-001
2.690693e+003,2.994839e-001
2.691175e+003,2.998627e-001
2.691657e+003,3.002754e-001
2.692140e+003,3.006855e-001
2.692622e+003,3.010512e-001
2.693104e+003,3.013344e-001
2.693586e+003,3.015143e-001
2.694068e+003,3.015911e-001
2.694550e+003,3.015842e-001
2.695032e+003,3.015240e-001
2.695514e+003,3.014447e-001
2.695997e+003,3.013831e-001
2.696479e+003,3.013708e-001
2.696961e+003,3.014394e-001
2.697443e+003,3.016179e-001
2.697925e+003,3.019265e-001
2.698407e+003,3.023722e-001
2.698889e+003,3.029391e-001
2.699371e+003,3.035883e-001
2.699854e+003,3.042547e-001
2.700335e+003,3.048638e-001
2.700818e+003,3.053489e-001
2.701300e+003,3.056667e-001
2.701782e+003,3.058144e-001
2.702264e+003,3.058323e-001
2.702746e+003,3.057966e-001
2.703228e+003,3.057955e-001
2.703710e+003,3.059087e-001
2.704192e+003,3.061863e-001
2.704675e+003,3.066357e-001
2.705157e+003,3.072238e-001
2.705639e+003,3.078907e-001
2.706121e+003,3.085749e-001
2.706603e+003,3.092279e-001
2.707085e+003,3.098313e-001
2.707567e+003,3.103963e-001
2.708049e+003,3.109560e-001
2.708531e+003,3.115467e-001
2.709014e+003,3.121920e-001
2.709496e+003,3.128926e-001
2.709978e+003,3.136226e-001
2.710460e+003,3.143364e-001
2.710942e+003,3.149741e-001
2.711424e+003,3.154815e-001
2.711906e+003,3.158122e-001
2.712388e+003,3.159386e-001
2.712871e+003,3.158557e-001
2.713353e+003,3.155855e-001
2.713835e+003,3.151753e-001
2.714317e+003,3.146915e-001
2.714799e+003,3.142167e-001
2.715281e+003,3.138296e-001
2.715763e+003,3.135869e-001
2.716245e+003,3.135153e-001
2.716728e+003,3.135993e-001
2.717210e+003,3.137916e-001
2.717692e+003,3.140229e-001
2.718174e+003,3.142307e-001
2.718656e+003,3.143722e-001
2.719138e+003,3.144347e-001
2.719620e+003,3.144311e-001
2.720102e+003,3.143880e-001
2.720584e+003,3.143287e-001
2.721067e+003,3.142609e-001
2.721549e+003,3.141796e-001
2.722031e+003,3.140773e-001
2.722513e+003,3.139573e-001
2.722995e+003,3.138456e-001
2.723477e+003,3.137870e-001
2.723959e+003,3.138331e-001
2.724441e+003,3.140204e-001
2.724924e+003,3.143497e-001
2.725406e+003,3.147786e-001
2.725888e+003,3.152279e-001
2.726370e+003,3.156114e-001
2.726852e+003,3.158569e-001
2.727334e+003,3.159350e-001
2.727816e+003,3.158687e-001
2.728298e+003,3.157276e-001
2.728781e+003,3.156027e-001
2.729262e+003,3.155742e-001
2.729745e+003,3.156899e-001
2.730227e+003,3.159444e-001
2.730709e+003,3.162825e-001
2.731191e+003,3.166092e-001
2.731673e+003,3.168259e-001
2.732155e+003,3.168519e-001
2.732637e+003,3.166532e-001
2.733119e+003,3.162556e-001
2.733602e+003,3.157437e-001
2.734084e+003,3.152449e-001
2.734566e+003,3.148876e-001
2.735048e+003,3.147801e-001
2.735530e+003,3.149725e-001
2.736012e+003,3.154436e-001
2.736494e+003,3.161058e-001
2.736976e+003,3.168339e-001
2.737458e+003,3.175054e-001
2.737941e+003,3.180248e-001
2.738423e+003,3.183577e-001
2.738905e+003,3.185259e-001
2.739387e+003,3.185925e-001
2.739869e+003,3.186284e-001
2.740351e+003,3.186885e-001
2.740833e+003,3.187941e-001
2.741315e+003,3.189317e-001
2.741798e+003,3.190698e-001
2.742280e+003,3.191773e-001
2.742762e+003,3.192408e-001
2.743244e+003,3.192682e-001
2.743726e+003,3.192822e-001
2.744208e+003,3.193076e-001
2.744690e+003,3.193606e-001
2.745172e+003,3.194443e-001
2.745655e+003,3.195525e-001
2.746137e+003,3.196788e-001
2.746619e+003,3.198211e-001
2.747101e+003,3.199836e-001
2.747583e+003,3.201700e-001
2.748065e+003,3.203751e-001
2.748547e+003,3.205811e-001
2.749029e+003,3.207605e-001
2.749511e+003,3.208906e-001
2.749994e+003,3.209656e-001
2.750476e+003,3.210060e-001
2.750958e+003,3.210560e-001
2.751440e+003,3.211743e-001
2.751922e+003,3.214045e-001
2.752404e+003,3.217618e-001
2.752886e+003,3.222174e-001
2.753368e+003,3.227088e-001
2.753851e+003,3.231558e-001
2.754333e+003,3.234861e-001
2.754815e+003,3.236608e-001
2.755297e+003,3.236846e-001
2.755779e+003,3.236038e-001
2.756261e+003,3.234849e-001
2.756743e+003,3.234015e-001
2.757225e+003,3.234090e-001
2.757708e+003,3.235314e-001
2.758189e+003,3.237633e-001
2.758672e+003,3.240753e-001
2.759154e+003,3.244295e-001
2.759636e+003,3.247875e-001
2.760118e+003,3.251267e-001
2.760600e+003,3.254409e-001
2.761082e+003,3.257382e-001
2.761564e+003,3.260343e-001
2.762046e+003,3.263402e-001
2.762529e+003,3.266535e-001
2.763011e+003,3.269533e-001
2.763493e+003,3.272001e-001
2.763975e+003,3.273448e-001
2.764457e+003,3.273478e-001
2.764939e+003,3.271909e-001
2.765421e+003,3.268928e-001
2.765903e+003,3.265100e-001
2.766385e+003,3.261334e-001
2.766868e+003,3.258584e-001
2.767350e+003,3.257676e-001
2.767832e+003,3.259093e-001
2.768314e+003,3.262834e-001
2.768796e+003,3.268453e-001
2.769278e+003,3.275190e-001
2.769760e+003,3.282265e-001
2.770242e+003,3.288994e-001
2.770725e+003,3.294970e-001
2.771207e+003,3.300094e-001
2.771689e+003,3.304470e-001
2.772171e+003,3.308296e-001
2.772653e+003,3.311734e-001
2.773135e+003,3.314862e-001
2.773617e+003,3.317670e-001
2.774099e+003,3.320145e-001
2.774582e+003,3.322338e-001
2.775064e+003,3.324392e-001
2.775546e+003,3.326571e-001
2.776028e+003,3.329171e-001
2.776510e+003,3.332430e-001
2.776992e+003,3.336461e-001
2.777474e+003,3.341197e-001
2.777956e+003,3.346431e-001
2.778438e+003,3.351825e-001
2.778921e+003,3.357027e-001
2.779403e+003,3.361734e-001
2.779885e+003,3.365718e-001
2.780367e+003,3.368878e-001
2.780849e+003,3.371244e-001
2.781331e+003,3.372972e-001
2.781813e+003,3.374341e-001
2.782295e+003,3.375735e-001
2.782778e+003,3.377640e-001
2.783260e+003,3.380516e-001
2.783742e+003,3.384787e-001
2.784224e+003,3.390696e-001
2.784706e+003,3.398252e-001
2.785188e+003,3.407196e-001
2.785670e+003,3.417033e-001
2.786152e+003,3.427166e-001
2.786635e+003,3.436898e-001
2.787116e+003,3.445623e-001
2.787599e+003,3.452869e-001
2.788081e+003,3.458304e-001
2.788563e+003,3.461772e-001
2.789045e+003,3.463262e-001
2.789527e+003,3.462927e-001
2.790009e+003,3.461059e-001
2.790491e+003,3.458093e-001
2.790973e+003,3.454580e-001
2.791456e+003,3.451088e-001
2.791938e+003,3.448154e-001
2.792420e+003,3.446206e-001
2.792902e+003,3.445462e-001
2.793384e+003,3.445983e-001
2.793866e+003,3.447656e-001
2.794348e+003,3.450288e-001
2.794830e+003,3.453591e-001
2.795313e+003,3.457250e-001
2.795795e+003,3.460904e-001
2.796277e+003,3.464131e-001
2.796759e+003,3.466569e-001
2.797241e+003,3.467947e-001
2.797723e+003,3.468244e-001
2.798205e+003,3.467741e-001
2.798687e+003,3.466994e-001
2.799169e+003,3.466699e-001
2.799652e+003,3.467397e-001
2.800134e+003,3.469290e-001
2.800616e+003,3.472089e-001
2.801098e+003,3.475120e-001
2.801580e+003,3.477521e-001
2.802062e+003,3.478677e-001
2.802544e+003,3.478498e-001
2.803026e+003,3.477547e-001
2.803509e+003,3.476842e-001
2.803991e+003,3.477525e-001
2.804473e+003,3.480433e-001
2.804955e+003,3.485705e-001
2.805437e+003,3.492748e-001
2.805919e+003,3.500420e-001
2.806401e+003,3.507560e-001
2.806883e+003,3.513292e-001
2.807365e+003,3.517424e-001
2.807848e+003,3.520405e-001
2.808330e+003,3.523138e-001
2.808812e+003,3.526541e-001
2.809294e+003,3.531187e-001
2.809776e+003,3.537149e-001
2.810258e+003,3.544041e-001
2.810740e+003,3.551215e-001
2.811222e+003,3.558038e-001
2.811705e+003,3.564127e-001
2.812187e+003,3.569376e-001
2.812669e+003,3.573903e-001
2.813151e+003,3.577873e-001
2.813633e+003,3.581419e-001
2.814115e+003,3.584571e-001
2.814597e+003,3.587323e-001
2.815079e+003,3.589711e-001
2.815562e+003,3.591903e-001
2.816043e+003,3.594162e-001
2.816526e+003,3.596795e-001
2.817008e+003,3.600023e-001
2.817490e+003,3.603885e-001
2.817972e+003,3.608208e-001
2.818454e+003,3.612658e-001
2.818936e+003,3.616814e-001
2.819418e+003,3.620273e-001
2.819900e+003,3.622797e-001
2.820383e+003,3.624315e-001
2.820865e+003,3.625012e-001
2.821347e+003,3.625302e-001
2.821829e+003,3.625823e-001
2.822311e+003,3.627315e-001
2.822793e+003,3.630457e-001
2.823275e+003,3.635727e-001
2.823757e+003,3.643203e-001
2.824240e+003,3.652511e-001
2.824722e+003,3.662861e-001
2.825204e+003,3.673333e-001
2.825686e+003,3.683078e-001
2.826168e+003,3.691596e-001
2.826650e+003,3.698891e-001
2.827132e+003,3.705360e-001
2.827614e+003,3.711596e-001
2.828096e+003,3.718072e-001
2.828579e+003,3.724975e-001
2.829061e+003,3.732134e-001
2.829543e+003,3.739188e-001
2.830025e+003,3.745815e-001
2.830507e+003,3.751964e-001
2.830989e+003,3.757957e-001
2.831471e+003,3.764401e-001
2.831953e+003,3.771926e-001
2.832436e+003,3.780927e-001
2.832918e+003,3.791414e-001
2.833400e+003,3.803020e-001
2.833882e+003,3.815158e-001
2.834364e+003,3.827280e-001
2.834846e+003,3.839122e-001
2.835328e+003,3.850741e-001
2.835810e+003,3.862430e-001
2.836292e+003,3.874482e-001
2.836775e+003,3.887018e-001
2.837257e+003,3.899851e-001
2.837739e+003,3.912564e-001
2.838221e+003,3.924630e-001
2.838703e+003,3.935729e-001
2.839185e+003,3.945847e-001
2.839667e+003,3.955384e-001
2.840149e+003,3.964983e-001
2.840632e+003,3.975386e-001
2.841114e+003,3.987184e-001
2.841596e+003,4.000607e-001
2.842078e+003,4.015488e-001
2.842560e+003,4.031284e-001
2.843042e+003,4.047287e-001
2.843524e+003,4.062708e-001
2.844006e+003,4.076960e-001
2.844489e+003,4.089791e-001
2.844970e+003,4.101350e-001
2.845453e+003,4.112139e-001
2.845935e+003,4.122878e-001
2.846417e+003,4.134336e-001
2.846899e+003,4.147035e-001
2.847381e+003,4.161120e-001
2.847863e+003,4.176274e-001
2.848345e+003,4.191884e-001
2.848827e+003,4.207166e-001
2.849310e+003,4.221482e-001
2.849792e+003,4.234563e-001
2.850274e+003,4.246534e-001
2.850756e+003,4.257816e-001
2.851238e+003,4.268896e-001
2.851720e+003,4.280111e-001
2.852202e+003,4.291497e-001
2.852684e+003,4.302794e-001
2.853167e+003,4.313618e-001
2.853649e+003,4.323671e-001
2.854131e+003,4.332928e-001
2.854613e+003,4.341679e-001
2.855095e+003,4.350398e-001
2.855577e+003,4.359590e-001
2.856059e+003,4.369584e-001
2.856541e+003,4.380423e-001
2.857023e+003,4.391921e-001
2.857506e+003,4.403787e-001
2.857988e+003,4.415833e-001
2.858470e+003,4.428012e-001
2.858952e+003,4.440475e-001
2.859434e+003,4.453407e-001
2.859916e+003,4.466917e-001
2.860398e+003,4.480907e-001
2.860880e+003,4.495074e-001
2.861363e+003,4.508969e-001
2.861845e+003,4.522174e-001
2.862327e+003,4.534357e-001
2.862809e+003,4.545324e-001
2.863291e+003,4.554908e-001
2.863773e+003,4.562891e-001
2.864255e+003,4.568913e-001
2.864737e+003,4.572526e-001
2.865219e+003,4.573316e-001
2.865702e+003,4.571142e-001
2.866184e+003,4.566296e-001
2.866666e+003,4.559570e-001
2.867148e+003,4.552038e-001
2.867630e+003,4.544777e-001
2.868112e+003,4.538561e-001
2.868594e+003,4.533482e-001
2.869076e+003,4.528971e-001
2.869559e+003,4.523880e-001
2.870041e+003,4.517025e-001
2.870523e+003,4.507447e-001
2.871005e+003,4.494881e-001
2.871487e+003,4.479818e-001
2.871969e+003,4.463424e-001
2.872451e+003,4.447154e-001
2.872933e+003,4.432284e-001
2.873416e+003,4.419683e-001
2.873897e+003,4.409578e-001
2.874380e+003,4.401678e-001
2.874862e+003,4.395425e-001
2.875344e+003,4.390361e-001
2.875826e+003,4.386332e-001
2.876308e+003,4.383562e-001
2.876790e+003,4.382470e-001
2.877272e+003,4.383432e-001
2.877754e+003,4.386459e-001
2.878237e+003,4.391115e-001
2.878719e+003,4.396475e-001
2.879201e+003,4.401442e-001
2.879683e+003,4.405120e-001
2.880165e+003,4.407017e-001
2.880647e+003,4.407251e-001
2.881129e+003,4.406411e-001
2.881611e+003,4.405347e-001
2.882094e+003,4.404748e-001
2.882576e+003,4.404944e-001
2.883058e+003,4.405792e-001
2.883540e+003,4.406838e-001
2.884022e+003,4.407555e-001
2.884504e+003,4.407628e-001
2.884986e+003,4.407149e-001
2.885468e+003,4.406606e-001
2.885950e+003,4.406680e-001
2.886433e+003,4.407938e-001
2.886915e+003,4.410640e-001
2.887397e+003,4.414572e-001
2.887879e+003,4.419175e-001
2.888361e+003,4.423706e-001
2.888843e+003,4.427581e-001
2.889325e+003,4.430569e-001
2.889807e+003,4.432886e-001
2.890290e+003,4.435042e-001
2.890772e+003,4.437688e-001
2.891254e+003,4.441330e-001
2.891736e+003,4.446118e-001
2.892218e+003,4.451804e-001
2.892700e+003,4.457805e-001
2.893182e+003,4.463420e-001
2.893664e+003,4.467925e-001
2.894146e+003,4.470804e-001
2.894629e+003,4.471783e-001
2.895111e+003,4.470827e-001
2.895593e+003,4.468099e-001
2.896075e+003,4.463908e-001
2.896557e+003,4.458702e-001
2.897039e+003,4.452964e-001
2.897521e+003,4.447221e-001
2.898003e+003,4.441943e-001
2.898486e+003,4.437407e-001
2.898968e+003,4.433615e-001
2.899450e+003,4.430241e-001
2.899932e+003,4.426692e-001
2.900414e+003,4.422217e-001
2.900896e+003,4.416142e-001
2.901378e+003,4.408112e-001
2.901860e+003,4.398202e-001
2.902343e+003,4.386913e-001
2.902824e+003,4.375004e-001
2.903307e+003,4.363295e-001
2.903789e+003,4.352339e-001
2.904271e+003,4.342300e-001
2.904753e+003,4.332914e-001
2.905235e+003,4.323654e-001
2.905717e+003,4.313908e-001
2.906199e+003,4.303223e-001
2.906681e+003,4.291459e-001
2.907164e+003,4.278810e-001
2.907646e+003,4.265732e-001
2.908128e+003,4.252776e-001
2.908610e+003,4.240542e-001
2.909092e+003,4.229563e-001
2.909574e+003,4.220289e-001
2.910056e+003,4.213156e-001
2.910538e+003,4.208493e-001
2.911021e+003,4.206489e-001
2.911503e+003,4.207045e-001
2.911985e+003,4.209682e-001
2.912467e+003,4.213529e-001
2.912949e+003,4.217403e-001
2.913431e+003,4.220176e-001
2.913913e+003,4.220986e-001
2.914395e+003,4.219559e-001
2.914877e+003,4.216279e-001
2.915360e+003,4.212075e-001
2.915842e+003,4.208029e-001
2.916324e+003,4.204917e-001
2.916806e+003,4.202898e-001
2.917288e+003,4.201332e-001
2.917770e+003,4.198957e-001
2.918252e+003,4.194221e-001
2.918734e+003,4.185946e-001
2.919217e+003,4.173713e-001
2.919699e+003,4.158126e-001
2.920181e+003,4.140629e-001
2.920663e+003,4.123214e-001
2.921145e+003,4.107820e-001
2.921627e+003,4.095682e-001
2.922109e+003,4.087190e-001
2.922591e+003,4.081782e-001
2.923073e+003,4.078360e-001
2.923556e+003,4.075607e-001
2.924038e+003,4.072593e-001
2.924520e+003,4.069017e-001
2.925002e+003,4.065187e-001
2.925484e+003,4.061762e-001
2.925966e+003,4.059389e-001
2.926448e+003,4.058361e-001
2.926930e+003,4.058448e-001
2.927413e+003,4.058960e-001
2.927895e+003,4.059020e-001
2.928377e+003,4.057979e-001
2.928859e+003,4.055605e-001
2.929341e+003,4.052196e-001
2.929823e+003,4.048395e-001
2.930305e+003,4.044981e-001
2.930787e+003,4.042502e-001
2.931270e+003,4.041103e-001
2.931751e+003,4.040543e-001
2.932234e+003,4.040329e-001
2.932716e+003,4.039977e-001
2.933198e+003,4.039189e-001
2.933680e+003,4.038060e-001
2.934162e+003,4.036748e-001
2.934644e+003,4.035723e-001
2.935126e+003,4.035455e-001
2.935608e+003,4.036371e-001
2.936091e+003,4.038759e-001
2.936573e+003,4.042774e-001
2.937055e+003,4.048447e-001
2.937537e+003,4.055695e-001
2.938019e+003,4.064355e-001
2.938501e+003,4.074140e-001
2.938983e+003,4.084740e-001
2.939465e+003,4.095877e-001
2.939948e+003,4.107333e-001
2.940430e+003,4.119031e-001
2.940912e+003,4.130914e-001
2.941394e+003,4.142860e-001
2.941876e+003,4.154560e-001
2.942358e+003,4.165434e-001
2.942840e+003,4.174719e-001
2.943322e+003,4.181734e-001
2.943804e+003,4.186100e-001
2.944287e+003,4.188004e-001
2.944769e+003,4.188241e-001
2.945251e+003,4.188123e-001
2.945733e+003,4.188997e-001
2.946215e+003,4.191825e-001
2.946697e+003,4.196845e-001
2.947179e+003,4.203406e-001
2.947661e+003,4.210117e-001
2.948144e+003,4.215136e-001
2.948626e+003,4.216853e-001
2.949108e+003,4.214133e-001
2.949590e+003,4.206648e-001
2.950072e+003,4.194896e-001
2.950554e+003,4.180011e-001
2.951036e+003,4.163471e-001
2.951518e+003,4.146663e-001
2.952000e+003,4.130789e-001
2.952483e+003,4.116560e-001
2.952965e+003,4.104174e-001
2.953447e+003,4.093342e-001
2.953929e+003,4.083436e-001
2.954411e+003,4.073627e-001
2.954893e+003,4.063078e-001
2.955375e+003,4.051202e-001
2.955857e+003,4.037719e-001
2.956340e+003,4.022707e-001
2.956822e+003,4.006487e-001
2.957304e+003,3.989531e-001
2.957786e+003,3.972262e-001
2.958268e+003,3.954987e-001
2.958750e+003,3.937906e-001
2.959232e+003,3.921163e-001
2.959714e+003,3.904904e-001
2.960197e+003,3.889293e-001
2.960678e+003,3.874449e-001
2.961161e+003,3.860328e-001
2.961643e+003,3.846628e-001
2.962125e+003,3.832844e-001
2.962607e+003,3.818388e-001
2.963089e+003,3.802807e-001
2.963571e+003,3.786021e-001
2.964053e+003,3.768359e-001
2.964535e+003,3.750477e-001
2.965018e+003,3.733055e-001
2.965500e+003,3.716595e-001
2.965982e+003,3.701193e-001
2.966464e+003,3.686593e-001
2.966946e+003,3.672366e-001
2.967428e+003,3.658232e-001
2.967910e+003,3.644231e-001
2.968392e+003,3.630772e-001
2.968875e+003,3.618401e-001
2.969357e+003,3.607510e-001
2.969839e+003,3.598066e-001
2.970321e+003,3.589534e-001
2.970803e+003,3.580967e-001
2.971285e+003,3.571362e-001
2.971767e+003,3.560038e-001
2.972249e+003,3.546805e-001
2.972731e+003,3.531990e-001
2.973214e+003,3.516188e-001
2.973696e+003,3.500058e-001
2.974178e+003,3.484018e-001
2.974660e+003,3.468273e-001
2.975142e+003,3.452936e-001
2.975624e+003,3.438264e-001
2.976106e+003,3.424823e-001
2.976588e+003,3.413495e-001
2.977071e+003,3.405189e-001
2.977553e+003,3.400572e-001
2.978035e+003,3.399732e-001
2.978517e+003,3.402119e-001
2.978999e+003,3.406617e-001
2.979481e+003,3.411935e-001
2.979963e+003,3.417106e-001
2.980445e+003,3.421678e-001
2.980927e+003,3.425905e-001
2.981410e+003,3.430534e-001
2.981892e+003,3.436538e-001
2.982374e+003,3.444646e-001
2.982856e+003,3.455122e-001
2.983338e+003,3.467661e-001
2.983820e+003,3.481530e-001
2.984302e+003,3.495786e-001
2.984784e+003,3.509538e-001
2.985267e+003,3.522186e-001
2.985749e+003,3.533466e-001
2.986231e+003,3.543378e-001
2.986713e+003,3.552052e-001
2.987195e+003,3.559622e-001
2.987677e+003,3.566128e-001
2.988159e+003,3.571521e-001
2.988641e+003,3.575762e-001
2.989124e+003,3.578934e-001
2.989605e+003,3.581355e-001
2.990088e+003,3.583615e-001
2.990570e+003,3.586453e-001
2.991052e+003,3.590608e-001
2.991534e+003,3.596590e-001
2.992016e+003,3.604425e-001
2.992498e+003,3.613572e-001
2.992980e+003,3.622898e-001
2.993462e+003,3.631024e-001
2.993945e+003,3.636441e-001
2.994427e+003,3.638017e-001
2.994909e+003,3.635263e-001
2.995391e+003,3.628465e-001
2.995873e+003,3.618661e-001
2.996355e+003,3.607385e-001
2.996837e+003,3.596458e-001
2.997319e+003,3.587458e-001
2.997802e+003,3.581428e-001
2.998284e+003,3.578653e-001
2.998766e+003,3.578570e-001
2.999248e+003,3.579861e-001
2.999730e+003,3.580712e-001
3.000212e+003,3.579388e-001
3.000694e+003,3.574451e-001
3.001176e+003,3.565230e-001
3.001658e+003,3.551921e-001
3.002141e+003,3.535525e-001
3.002623e+003,3.517500e-001
3.003105e+003,3.499315e-001
3.003587e+003,3.482180e-001
3.004069e+003,3.466678e-001
3.004551e+003,3.452867e-001
3.005033e+003,3.440474e-001
3.005515e+003,3.429223e-001
3.005998e+003,3.419094e-001
3.006480e+003,3.410414e-001
3.006962e+003,3.403690e-001
3.007444e+003,3.399384e-001
3.007926e+003,3.397583e-001
3.008408e+003,3.397871e-001
3.008890e+003,3.399354e-001
3.009372e+003,3.400919e-001
3.009854e+003,3.401591e-001
3.010337e+003,3.400733e-001
3.010819e+003,3.398208e-001
3.011301e+003,3.394294e-001
3.011783e+003,3.389468e-001
3.012265e+003,3.384182e-001
3.012747e+003,3.378688e-001
3.013229e+003,3.373021e-001
3.013711e+003,3.367091e-001
3.014194e+003,3.360735e-001
3.014676e+003,3.353821e-001
3.015158e+003,3.346257e-001
3.015640e+003,3.337932e-001
3.016122e+003,3.328673e-001
3.016604e+003,3.318258e-001
3.017086e+003,3.306422e-001
3.017568e+003,3.292996e-001
3.018051e+003,3.277975e-001
3.018532e+003,3.261576e-001
3.019015e+003,3.244230e-001
3.019497e+003,3.226529e-001
3.019979e+003,3.209218e-001
3.020461e+003,3.193030e-001
3.020943e+003,3.178711e-001
3.021425e+003,3.166891e-001
3.021907e+003,3.157955e-001
3.022389e+003,3.151913e-001
3.022872e+003,3.148313e-001
3.023354e+003,3.146325e-001
3.023836e+003,3.144795e-001
3.024318e+003,3.142658e-001
3.024800e+003,3.139277e-001
3.025282e+003,3.134623e-001
3.025764e+003,3.129357e-001
3.026246e+003,3.124603e-001
3.026729e+003,3.121639e-001
3.027211e+003,3.121356e-001
3.027693e+003,3.124027e-001
3.028175e+003,3.129156e-001
3.028657e+003,3.135741e-001
3.029139e+003,3.142428e-001
3.029621e+003,3.147978e-001
3.030103e+003,3.151571e-001
3.030585e+003,3.152835e-001
3.031068e+003,3.151842e-001
3.031550e+003,3.148937e-001
3.032032e+003,3.144608e-001
3.032514e+003,3.139348e-001
3.032996e+003,3.133629e-001
3.033478e+003,3.127876e-001
3.033960e+003,3.122443e-001
3.034442e+003,3.117582e-001
3.034925e+003,3.113424e-001
3.035407e+003,3.109977e-001
3.035889e+003,3.107208e-001
3.036371e+003,3.105129e-001
3.036853e+003,3.103849e-001
3.037335e+003,3.103551e-001
3.037817e+003,3.104390e-001
3.038299e+003,3.106339e-001
3.038781e+003,3.109042e-001
3.039264e+003,3.111857e-001
3.039746e+003,3.114017e-001
3.040228e+003,3.114870e-001
3.040710e+003,3.114212e-001
3.041192e+003,3.112379e-001
3.041674e+003,3.110231e-001
3.042156e+003,3.108793e-001
3.042638e+003,3.108925e-001
3.043121e+003,3.111000e-001
3.043603e+003,3.114760e-001
3.044085e+003,3.119441e-001
3.044567e+003,3.124094e-001
3.045049e+003,3.128008e-001
3.045531e+003,3.130844e-001
3.046013e+003,3.132761e-001
3.046495e+003,3.134188e-001
3.046978e+003,3.135617e-001
3.047459e+003,3.137313e-001
3.047942e+003,3.139237e-001
3.048424e+003,3.141146e-001
3.048906e+003,3.142797e-001
3.049388e+003,3.144146e-001
3.049870e+003,3.145426e-001
3.050352e+003,3.147084e-001
3.050834e+003,3.149590e-001
3.051316e+003,3.153251e-001
3.051799e+003,3.158061e-001
3.052281e+003,3.163711e-001
3.052763e+003,3.169756e-001
3.053245e+003,3.175816e-001
3.053727e+003,3.181746e-001
3.054209e+003,3.187688e-001
3.054691e+003,3.194010e-001
3.055173e+003,3.201133e-001
3.055656e+003,3.209310e-001
3.056138e+003,3.218483e-001
3.056620e+003,3.228211e-001
3.057102e+003,3.237786e-001
3.057584e+003,3.246329e-001
3.058066e+003,3.252995e-001
3.058548e+003,3.257237e-001
3.059030e+003,3.258849e-001
3.059512e+003,3.258073e-001
3.059995e+003,3.255537e-001
3.060477e+003,3.252155e-001
3.060959e+003,3.248837e-001
3.061441e+003,3.246306e-001
3.061923e+003,3.244930e-001
3.062405e+003,3.244641e-001
3.062887e+003,3.245076e-001
3.063369e+003,3.245800e-001
3.063852e+003,3.246601e-001
3.064334e+003,3.247693e-001
3.064816e+003,3.249774e-001
3.065298e+003,3.253713e-001
3.065780e+003,3.260324e-001
3.066262e+003,3.269857e-001
3.066744e+003,3.281779e-001
3.067226e+003,3.294709e-001
3.067708e+003,3.306778e-001
3.068191e+003,3.316157e-001
3.068673e+003,3.321449e-001
3.069155e+003,3.322222e-001
3.069637e+003,3.318983e-001
3.070119e+003,3.312989e-001
3.070601e+003,3.305669e-001
3.071083e+003,3.298247e-001
3.071565e+003,3.291384e-001
3.072048e+003,3.285126e-001
3.072530e+003,3.279157e-001
3.073012e+003,3.273146e-001
3.073494e+003,3.267014e-001
3.073976e+003,3.261066e-001
3.074458e+003,3.255856e-001
3.074940e+003,3.251856e-001
3.075422e+003,3.249260e-001
3.075905e+003,3.247816e-001
3.076386e+003,3.246951e-001
3.076869e+003,3.246038e-001
3.077351e+003,3.244767e-001
3.077833e+003,3.243297e-001
3.078315e+003,3.242250e-001
3.078797e+003,3.242343e-001
3.079279e+003,3.244111e-001
3.079761e+003,3.247496e-001
3.080243e+003,3.251819e-001
3.080726e+003,3.255875e-001
3.081208e+003,3.258353e-001
3.081690e+003,3.258303e-001
3.082172e+003,3.255295e-001
3.082654e+003,3.249575e-001
3.083136e+003,3.241865e-001
3.083618e+003,3.233205e-001
3.084100e+003,3.224587e-001
3.084583e+003,3.216906e-001
3.085065e+003,3.210912e-001
3.085547e+003,3.207150e-001
3.086029e+003,3.205952e-001
3.086511e+003,3.207318e-001
3.086993e+003,3.210789e-001
3.087475e+003,3.215395e-001
3.087957e+003,3.219785e-001
3.088439e+003,3.222636e-001
3.088922e+003,3.222975e-001
3.089404e+003,3.220628e-001
3.089886e+003,3.216321e-001
3.090368e+003,3.211526e-001
3.090850e+003,3.207835e-001
3.091332e+003,3.206479e-001
3.091814e+003,3.207821e-001
3.092296e+003,3.211260e-001
3.092779e+003,3.215424e-001
3.093261e+003,3.218687e-001
3.093743e+003,3.219838e-001
3.094225e+003,3.218292e-001
3.094707e+003,3.214270e-001
3.095189e+003,3.208506e-001
3.095671e+003,3.201996e-001
3.096153e+003,3.195627e-001
3.096635e+003,3.190097e-001
3.097118e+003,3.186052e-001
3.097600e+003,3.184141e-001
3.098082e+003,3.185099e-001
3.098564e+003,3.189614e-001
3.099046e+003,3.198019e-001
3.099528e+003,3.209975e-001
3.100010e+003,3.224290e-001
3.100492e+003,3.239160e-001
3.100975e+003,3.252357e-001
3.101457e+003,3.261881e-001
3.101939e+003,3.266477e-001
3.102421e+003,3.265750e-001
3.102903e+003,3.260234e-001
3.103385e+003,3.251082e-001
3.103867e+003,3.239835e-001
3.104349e+003,3.228043e-001
3.104832e+003,3.217120e-001
3.105313e+003,3.208329e-001
3.105796e+003,3.202595e-001
3.106278e+003,3.200480e-001
3.106760e+003,3.202043e-001
3.107242e+003,3.206792e-001
3.107724e+003,3.213681e-001
3.108206e+003,3.221363e-001
3.108688e+003,3.228625e-001
3.109170e+003,3.234578e-001
3.109653e+003,3.238951e-001
3.110135e+003,3.242046e-001
3.110617e+003,3.244475e-001
3.111099e+003,3.246787e-001
3.111581e+003,3.249189e-001
3.112063e+003,3.251432e-001
3.112545e+003,3.252985e-001
3.113027e+003,3.253300e-001
3.113510e+003,3.252128e-001
3.113992e+003,3.249686e-001
3.114474e+003,3.246612e-001
3.114956e+003,3.243755e-001
3.115438e+003,3.241833e-001
3.115920e+003,3.241290e-001
3.116402e+003,3.242156e-001
3.116884e+003,3.244180e-001
3.117366e+003,3.246886e-001
3.117849e+003,3.249744e-001
3.118331e+003,3.252233e-001
3.118813e+003,3.253821e-001
3.119295e+003,3.254057e-001
3.119777e+003,3.252658e-001
3.120259e+003,3.249623e-001
3.120741e+003,3.245309e-001
3.121223e+003,3.240465e-001
3.121706e+003,3.236006e-001
3.122188e+003,3.232653e-001
3.122670e+003,3.230728e-001
3.123152e+003,3.229969e-001
3.123634e+003,3.229686e-001
3.124116e+003,3.229064e-001
3.124598e+003,3.227638e-001
3.125080e+003,3.225597e-001
3.125563e+003,3.223850e-001
3.126045e+003,3.223712e-001
3.126527e+003,3.226415e-001
3.127009e+003,3.232682e-001
3.127491e+003,3.242361e-001
3.127973e+003,3.254476e-001
3.128455e+003,3.267449e-001
3.128937e+003,3.279736e-001
3.129419e+003,3.289993e-001
3.129902e+003,3.297439e-001
3.130384e+003,3.301857e-001
3.130866e+003,3.303415e-001
3.131348e+003,3.302467e-001
3.131830e+003,3.299366e-001
3.132312e+003,3.294494e-001
3.132794e+003,3.288251e-001
3.133276e+003,3.281141e-001
3.133759e+003,3.273837e-001
3.134240e+003,3.267030e-001
3.134723e+003,3.261382e-001
3.135205e+003,3.257357e-001
3.135687e+003,3.255142e-001
3.136169e+003,3.254654e-001
3.136651e+003,3.255569e-001
3.137133e+003,3.257454e-001
3.137615e+003,3.259786e-001
3.138097e+003,3.262057e-001
3.138580e+003,3.263876e-001
3.139062e+003,3.264978e-001
3.139544e+003,3.265349e-001
3.140026e+003,3.265191e-001
3.140508e+003,3.264910e-001
3.140990e+003,3.264897e-001
3.141472e+003,3.265431e-001
3.141954e+003,3.266478e-001
3.142437e+003,3.267732e-001
3.142919e+003,3.268730e-001
3.143401e+003,3.269115e-001
3.143883e+003,3.268898e-001
3.144365e+003,3.268580e-001
3.144847e+003,3.269064e-001
3.145329e+003,3.271330e-001
3.145811e+003,3.276134e-001
3.146293e+003,3.283591e-001
3.146776e+003,3.293106e-001
3.147258e+003,3.303443e-001
3.147740e+003,3.313146e-001
3.148222e+003,3.320929e-001
3.148704e+003,3.325995e-001
3.149186e+003,3.328261e-001
3.149668e+003,3.328302e-001
3.150150e+003,3.327121e-001
3.150633e+003,3.325767e-001
3.151115e+003,3.325165e-001
3.151597e+003,3.325865e-001
3.152079e+003,3.327955e-001
3.152561e+003,3.331131e-001
3.153043e+003,3.334805e-001
3.153525e+003,3.338311e-001
3.154007e+003,3.341043e-001
3.154490e+003,3.342672e-001
3.154972e+003,3.343188e-001
3.155454e+003,3.342868e-001
3.155936e+003,3.342083e-001
3.156418e+003,3.341045e-001
3.156900e+003,3.339634e-001
3.157382e+003,3.337329e-001
3.157864e+003,3.333381e-001
3.158346e+003,3.327197e-001
3.158829e+003,3.318751e-001
3.159311e+003,3.308888e-001
3.159793e+003,3.299285e-001
3.160275e+003,3.291948e-001
3.160757e+003,3.288786e-001
3.161239e+003,3.290789e-001
3.161721e+003,3.297698e-001
3.162203e+003,3.307985e-001
3.162686e+003,3.319470e-001
3.163167e+003,3.329957e-001
3.163650e+003,3.337936e-001
3.164132e+003,3.343102e-001
3.164614e+003,3.346251e-001
3.165096e+003,3.348864e-001
3.165578e+003,3.352281e-001
3.166060e+003,3.357243e-001
3.166542e+003,3.363449e-001
3.167024e+003,3.369786e-001
3.167507e+003,3.374633e-001
3.167989e+003,3.376616e-001
3.168471e+003,3.375106e-001
3.168953e+003,3.370471e-001
3.169435e+003,3.363941e-001
3.169917e+003,3.357265e-001
3.170399e+003,3.352200e-001
3.170881e+003,3.349886e-001
3.171364e+003,3.350645e-001
3.171846e+003,3.353861e-001
3.172328e+003,3.358364e-001
3.172810e+003,3.362689e-001
3.173292e+003,3.365621e-001
3.173774e+003,3.366593e-001
3.174256e+003,3.365719e-001
3.174738e+003,3.363727e-001
3.175220e+003,3.361616e-001
3.175703e+003,3.360338e-001
3.176185e+003,3.360384e-001
3.176667e+003,3.361762e-001
3.177149e+003,3.364090e-001
3.177631e+003,3.366892e-001
3.178113e+003,3.369913e-001
3.178595e+003,3.373248e-001
3.179077e+003,3.377255e-001
3.179560e+003,3.382303e-001
3.180042e+003,3.388406e-001
3.180524e+003,3.395099e-001
3.181006e+003,3.401426e-001
3.181488e+003,3.406334e-001
3.181970e+003,3.409157e-001
3.182452e+003,3.409926e-001
3.182934e+003,3.409476e-001
3.183417e+003,3.409119e-001
3.183899e+003,3.410186e-001
3.184381e+003,3.413332e-001
3.184863e+003,3.418281e-001
3.185345e+003,3.423829e-001
3.185827e+003,3.428403e-001
3.186309e+003,3.430564e-001
3.186791e+003,3.429658e-001
3.187273e+003,3.426043e-001
3.187756e+003,3.420976e-001
3.188238e+003,3.416164e-001
3.188720e+003,3.413071e-001
3.189202e+003,3.412659e-001
3.189684e+003,3.415082e-001
3.190166e+003,3.419825e-001
3.190648e+003,3.425944e-001
3.191130e+003,3.432465e-001
3.191613e+003,3.438542e-001
3.192094e+003,3.443525e-001
3.192577e+003,3.447032e-001
3.193059e+003,3.448845e-001
3.193541e+003,3.448943e-001
3.194023e+003,3.447523e-001
3.194505e+003,3.445072e-001
3.194987e+003,3.442344e-001
3.195469e+003,3.440179e-001
3.195951e+003,3.439471e-001
3.196434e+003,3.440855e-001
3.196916e+003,3.444597e-001
3.197398e+003,3.450539e-001
3.197880e+003,3.458109e-001
3.198362e+003,3.466372e-001
3.198844e+003,3.474037e-001
3.199326e+003,3.479770e-001
3.199808e+003,3.482240e-001
3.200291e+003,3.480497e-001
3.200773e+003,3.474338e-001
3.201255e+003,3.464563e-001
3.201737e+003,3.453001e-001
3.202219e+003,3.442014e-001
3.202701e+003,3.434141e-001
3.203183e+003,3.431092e-001
3.203665e+003,3.433254e-001
3.204147e+003,3.439470e-001
3.204630e+003,3.447509e-001
3.205112e+003,3.454857e-001
3.205594e+003,3.459563e-001
3.206076e+003,3.461083e-001
3.206558e+003,3.460373e-001
3.207040e+003,3.459488e-001
3.207522e+003,3.460448e-001
3.208004e+003,3.464480e-001
3.208487e+003,3.471234e-001
3.208969e+003,3.478915e-001
3.209451e+003,3.484753e-001
3.209933e+003,3.486109e-001
3.210415e+003,3.481512e-001
3.210897e+003,3.471021e-001
3.211379e+003,3.456293e-001
3.211861e+003,3.439937e-001
3.212344e+003,3.424933e-001
3.212826e+003,3.413581e-001
3.213308e+003,3.407222e-001
3.213790e+003,3.406084e-001
3.214272e+003,3.409502e-001
3.214754e+003,3.416229e-001
3.215236e+003,3.424769e-001
3.215718e+003,3.433768e-001
3.216200e+003,3.441971e-001
3.216683e+003,3.448491e-001
3.217165e+003,3.452953e-001
3.217647e+003,3.455574e-001
3.218129e+003,3.457175e-001
3.218611e+003,3.458925e-001
3.219093e+003,3.462069e-001
3.219575e+003,3.467348e-001
3.220057e+003,3.474758e-001
3.220540e+003,3.483421e-001
3.221021e+003,3.491980e-001
3.221504e+003,3.498921e-001
3.221986e+003,3.503155e-001
3.222468e+003,3.504421e-001
3.222950e+003,3.503312e-001
3.223432e+003,3.501032e-001
3.223914e+003,3.498892e-001
3.224396e+003,3.497963e-001
3.224878e+003,3.498724e-001
3.225361e+003,3.501055e-001
3.225843e+003,3.504408e-001
3.226325e+003,3.508135e-001
3.226807e+003,3.511673e-001
3.227289e+003,3.514599e-001
3.227771e+003,3.516661e-001
3.228253e+003,3.517616e-001
3.228735e+003,3.517218e-001
3.229218e+003,3.515272e-001
3.229700e+003,3.511704e-001
3.230182e+003,3.506627e-001
3.230664e+003,3.500330e-001
3.231146e+003,3.493187e-001
3.231628e+003,3.485497e-001
3.232110e+003,3.477416e-001
3.232592e+003,3.469077e-001
3.233074e+003,3.460722e-001
3.233557e+003,3.452960e-001
3.234039e+003,3.446925e-001
3.234521e+003,3.443960e-001
3.235003e+003,3.445327e-001
3.235485e+003,3.451630e-001
3.235967e+003,3.462391e-001
3.236449e+003,3.475955e-001
3.236931e+003,3.489813e-001
3.237414e+003,3.501507e-001
3.237896e+003,3.509186e-001
3.238378e+003,3.512314e-001
3.238860e+003,3.511723e-001
3.239342e+003,3.509253e-001
3.239824e+003,3.506866e-001
3.240306e+003,3.505842e-001
3.240788e+003,3.506338e-001
3.241271e+003,3.507389e-001
3.241753e+003,3.507385e-001
3.242235e+003,3.504811e-001
3.242717e+003,3.499041e-001
3.243199e+003,3.490563e-001
3.243681e+003,3.480918e-001
3.244163e+003,3.471946e-001
3.244645e+003,3.465313e-001
3.245127e+003,3.461885e-001
3.245610e+003,3.461625e-001
3.246092e+003,3.463822e-001
3.246574e+003,3.467569e-001
3.247056e+003,3.472163e-001
3.247538e+003,3.477193e-001
3.248020e+003,3.482529e-001
3.248502e+003,3.488055e-001
3.248984e+003,3.493435e-001
3.249467e+003,3.498124e-001
3.249948e+003,3.501516e-001
3.250431e+003,3.503283e-001
3.250913e+003,3.503631e-001
3.251395e+003,3.503354e-001
3.251877e+003,3.503598e-001
3.252359e+003,3.505327e-001
3.252841e+003,3.508957e-001
3.253323e+003,3.514002e-001
3.253805e+003,3.519239e-001
3.254288e+003,3.523031e-001
3.254770e+003,3.524015e-001
3.255252e+003,3.521599e-001
3.255734e+003,3.516182e-001
3.256216e+003,3.509009e-001
3.256698e+003,3.501713e-001
3.257180e+003,3.495784e-001
3.257662e+003,3.491966e-001
3.258145e+003,3.490181e-001
3.258627e+003,3.489610e-001
3.259109e+003,3.489273e-001
3.259591e+003,3.488434e-001
3.260073e+003,3.487095e-001
3.260555e+003,3.486078e-001
3.261037e+003,3.486866e-001
3.261519e+003,3.491041e-001
3.262001e+003,3.499645e-001
3.262484e+003,3.512744e-001
3.262966e+003,3.529166e-001
3.263448e+003,3.546686e-001
3.263930e+003,3.562450e-001
3.264412e+003,3.573954e-001
3.264894e+003,3.579547e-001
3.265376e+003,3.579015e-001
3.265858e+003,3.573507e-001
3.266341e+003,3.565299e-001
3.266823e+003,3.556968e-001
3.267305e+003,3.550484e-001
3.267787e+003,3.546817e-001
3.268269e+003,3.545593e-001
3.268751e+003,3.545451e-001
3.269233e+003,3.544554e-001
3.269715e+003,3.541509e-001
3.270198e+003,3.535870e-001
3.270680e+003,3.528426e-001
3.271162e+003,3.520846e-001
3.271644e+003,3.515207e-001
3.272126e+003,3.513189e-001
3.272608e+003,3.515382e-001
3.273090e+003,3.521095e-001
3.273572e+003,3.528479e-001
3.274054e+003,3.535246e-001
3.274537e+003,3.539112e-001
3.275019e+003,3.538667e-001
3.275501e+003,3.533697e-001
3.275983e+003,3.525250e-001
3.276465e+003,3.515297e-001
3.276947e+003,3.506261e-001
3.277429e+003,3.500619e-001
3.277911e+003,3.500172e-001
3.278394e+003,3.505831e-001
3.278875e+003,3.517413e-001
3.279358e+003,3.533704e-001
3.279840e+003,3.552545e-001
3.280322e+003,3.571174e-001
3.280804e+003,3.586875e-001
3.281286e+003,3.597088e-001
3.281768e+003,3.600097e-001
3.282250e+003,3.595346e-001
3.282732e+003,3.583596e-001
3.283215e+003,3.566863e-001
3.283697e+003,3.548026e-001
3.284179e+003,3.530528e-001
3.284661e+003,3.517346e-001
3.285143e+003,3.510504e-001
3.285625e+003,3.510574e-001
3.286107e+003,3.516540e-001
3.286589e+003,3.526045e-001
3.287072e+003,3.536074e-001
3.287554e+003,3.544116e-001
3.288036e+003,3.548672e-001
3.288518e+003,3.549895e-001
3.289000e+003,3.549313e-001
3.289482e+003,3.549339e-001
3.289964e+003,3.552125e-001
3.290446e+003,3.558718e-001
3.290928e+003,3.568615e-001
3.291411e+003,3.579961e-001
3.291893e+003,3.590273e-001
3.292375e+003,3.597380e-001
3.292857e+003,3.600455e-001
3.293339e+003,3.600322e-001
3.293821e+003,3.599247e-001
3.294303e+003,3.599896e-001
3.294785e+003,3.604570e-001
3.295268e+003,3.614132e-001
3.295750e+003,3.627725e-001
3.296232e+003,3.642916e-001
3.296714e+003,3.656565e-001
3.297196e+003,3.665885e-001
3.297678e+003,3.669027e-001
3.298160e+003,3.665735e-001
3.298642e+003,3.657203e-001
3.299125e+003,3.645772e-001
3.299607e+003,3.634099e-001
3.300089e+003,3.624727e-001
3.300571e+003,3.619618e-001
3.301053e+003,3.619732e-001
3.301535e+003,3.624985e-001
3.302017e+003,3.634237e-001
3.302499e+003,3.645587e-001
3.302981e+003,3.656491e-001
3.303464e+003,3.664401e-001
3.303946e+003,3.667386e-001
3.304428e+003,3.664401e-001
3.304910e+003,3.655728e-001
3.305392e+003,3.642828e-001
3.305874e+003,3.628113e-001
3.306356e+003,3.614126e-001
3.306838e+003,3.603007e-001
3.307321e+003,3.596034e-001
3.307802e+003,3.593307e-001
3.308285e+003,3.594017e-001
3.308767e+003,3.596762e-001
3.309249e+003,3.600165e-001
3.309731e+003,3.603064e-001
3.310213e+003,3.604825e-001
3.310695e+003,3.605292e-001
3.311177e+003,3.604682e-001
3.311659e+003,3.603414e-001
3.312142e+003,3.602020e-001
3.312624e+003,3.601044e-001
3.313106e+003,3.600979e-001
3.313588e+003,3.602198e-001
3.314070e+003,3.604897e-001
3.314552e+003,3.609011e-001
3.315034e+003,3.614200e-001
3.315516e+003,3.619874e-001
3.315999e+003,3.625367e-001
3.316481e+003,3.629944e-001
3.316963e+003,3.632938e-001
3.317445e+003,3.633800e-001
3.317927e+003,3.632044e-001
3.318409e+003,3.627261e-001
3.318891e+003,3.619211e-001
3.319373e+003,3.607894e-001
3.319855e+003,3.593726e-001
3.320338e+003,3.577665e-001
3.320820e+003,3.561271e-001
3.321302e+003,3.546389e-001
3.321784e+003,3.534988e-001
3.322266e+003,3.528739e-001
3.322748e+003,3.528537e-001
3.323230e+003,3.534386e-001
3.323712e+003,3.545275e-001
3.324195e+003,3.559482e-001
3.324677e+003,3.574755e-001
3.325159e+003,3.588938e-001
3.325641e+003,3.600463e-001
3.326123e+003,3.608565e-001
3.326605e+003,3.613545e-001
3.327087e+003,3.616552e-001
3.327569e+003,3.619386e-001
3.328052e+003,3.623809e-001
3.328534e+003,3.631170e-001
3.329016e+003,3.642020e-001
3.329498e+003,3.655952e-001
3.329980e+003,3.671671e-001
3.330462e+003,3.687315e-001
3.330944e+003,3.701048e-001
3.331426e+003,3.711235e-001
3.331908e+003,3.716917e-001
3.332391e+003,3.717904e-001
3.332873e+003,3.714726e-001
3.333355e+003,3.708464e-001
3.333837e+003,3.700510e-001
3.334319e+003,3.692423e-001
3.334801e+003,3.685498e-001
3.335283e+003,3.680622e-001
3.335765e+003,3.678013e-001
3.336248e+003,3.677136e-001
3.336729e+003,3.676735e-001
3.337212e+003,3.675119e-001
3.337694e+003,3.670791e-001
3.338176e+003,3.662801e-001
3.338658e+003,3.651279e-001
3.339140e+003,3.637453e-001
3.339622e+003,3.623499e-001
3.340104e+003,3.611831e-001
3.340586e+003,3.604342e-001
3.341069e+003,3.602006e-001
3.341551e+003,3.604561e-001
3.342033e+003,3.610770e-001
3.342515e+003,3.618847e-001
3.342997e+003,3.627175e-001
3.343479e+003,3.634566e-001
3.343961e+003,3.640414e-001
3.344443e+003,3.644604e-001
3.344926e+003,3.647226e-001
3.345408e+003,3.648409e-001
3.345890e+003,3.648288e-001
3.346372e+003,3.647210e-001
3.346854e+003,3.645860e-001
3.347336e+003,3.645313e-001
3.347818e+003,3.646928e-001
3.348300e+003,3.651846e-001
3.348782e+003,3.660612e-001
3.349265e+003,3.672839e-001
3.349747e+003,3.687246e-001
3.350229e+003,3.701874e-001
3.350711e+003,3.714537e-001
3.351193e+003,3.723503e-001
3.351675e+003,3.727655e-001
3.352157e+003,3.726712e-001
3.352639e+003,3.721139e-001
3.353122e+003,3.711984e-001
3.353604e+003,3.700635e-001
3.354086e+003,3.688544e-001
3.354568e+003,3.677232e-001
3.355050e+003,3.667937e-001
3.355532e+003,3.661450e-001
3.356014e+003,3.657985e-001
3.356496e+003,3.657118e-001
3.356979e+003,3.657960e-001
3.357461e+003,3.659469e-001
3.357943e+003,3.660958e-001
3.358425e+003,3.662293e-001
3.358907e+003,3.663973e-001
3.359389e+003,3.666769e-001
3.359871e+003,3.671257e-001
3.360353e+003,3.677320e-001
3.360835e+003,3.684008e-001
3.361318e+003,3.689671e-001
3.361800e+003,3.692700e-001
3.362282e+003,3.692214e-001
3.362764e+003,3.688500e-001
3.363246e+003,3.683032e-001
3.363728e+003,3.677989e-001
3.364210e+003,3.675539e-001
3.364692e+003,3.676894e-001
3.365175e+003,3.682097e-001
3.365656e+003,3.690053e-001
3.366139e+003,3.699293e-001
3.366621e+003,3.708581e-001
3.367103e+003,3.717570e-001
3.367585e+003,3.726858e-001
3.368067e+003,3.737688e-001
3.368549e+003,3.751187e-001
3.369031e+003,3.767749e-001
3.369513e+003,3.786574e-001
3.369996e+003,3.805802e-001
3.370478e+003,3.822887e-001
3.370960e+003,3.835035e-001
3.371442e+003,3.840116e-001
3.371924e+003,3.836843e-001
3.372406e+003,3.825067e-001
3.372888e+003,3.805699e-001
3.373370e+003,3.780667e-001
3.373853e+003,3.752652e-001
3.374335e+003,3.724566e-001
3.374817e+003,3.699461e-001
3.375299e+003,3.679804e-001
3.375781e+003,3.667053e-001
3.376263e+003,3.661488e-001
3.376745e+003,3.662199e-001
3.377227e+003,3.667510e-001
3.377709e+003,3.675413e-001
3.378192e+003,3.684322e-001
3.378674e+003,3.693367e-001
3.379156e+003,3.702388e-001
3.379638e+003,3.711687e-001
3.380120e+003,3.721592e-001
3.380602e+003,3.732034e-001
3.381084e+003,3.742464e-001
3.381566e+003,3.751986e-001
3.382049e+003,3.759729e-001
3.382531e+003,3.765292e-001
3.383013e+003,3.768894e-001
3.383495e+003,3.771335e-001
3.383977e+003,3.773630e-001
3.384459e+003,3.776760e-001
3.384941e+003,3.781286e-001
3.385423e+003,3.787307e-001
3.385906e+003,3.794603e-001
3.386388e+003,3.802844e-001
3.386870e+003,3.811710e-001
3.387352e+003,3.820952e-001
3.387834e+003,3.830350e-001
3.388316e+003,3.839598e-001
3.388798e+003,3.848262e-001
3.389280e+003,3.855879e-001
3.389762e+003,3.862031e-001
3.390245e+003,3.866466e-001
3.390727e+003,3.869141e-001
3.391209e+003,3.870080e-001
3.391691e+003,3.869211e-001
3.392173e+003,3.866247e-001
3.392655e+003,3.860829e-001
3.393137e+003,3.852758e-001
3.393619e+003,3.842357e-001
3.394102e+003,3.830712e-001
3.394583e+003,3.819524e-001
3.395066e+003,3.810846e-001
3.395548e+003,3.806421e-001
3.396030e+003,3.806968e-001
3.396512e+003,3.811923e-001
3.396994e+003,3.819441e-001
3.397476e+003,3.826998e-001
3.397958e+003,3.831921e-001
3.398440e+003,3.832291e-001
3.398923e+003,3.827315e-001
3.399405e+003,3.817326e-001
3.399887e+003,3.803538e-001
3.400369e+003,3.787618e-001
3.400851e+003,3.771354e-001
3.401333e+003,3.756248e-001
3.401815e+003,3.743649e-001
3.402297e+003,3.734712e-001
3.402780e+003,3.730395e-001
3.403262e+003,3.731396e-001
3.403744e+003,3.737808e-001
3.404226e+003,3.748968e-001
3.404708e+003,3.763183e-001
3.405190e+003,3.778024e-001
3.405672e+003,3.790802e-001
3.406154e+003,3.799017e-001
3.406636e+003,3.801206e-001
3.407119e+003,3.797262e-001
3.407601e+003,3.788533e-001
3.408083e+003,3.777347e-001
3.408565e+003,3.766623e-001
3.409047e+003,3.759134e-001
3.409529e+003,3.756762e-001
3.410011e+003,3.760441e-001
3.410493e+003,3.770055e-001
3.410976e+003,3.784162e-001
3.411458e+003,3.800780e-001
3.411940e+003,3.817637e-001
3.412422e+003,3.832540e-001
3.412904e+003,3.843535e-001
3.413386e+003,3.849375e-001
3.413868e+003,3.849689e-001
3.414350e+003,3.845127e-001
3.414833e+003,3.837114e-001
3.415315e+003,3.827607e-001
3.415797e+003,3.818531e-001
3.416279e+003,3.811119e-001
3.416761e+003,3.805662e-001
3.417243e+003,3.801472e-001
3.417725e+003,3.797420e-001
3.418207e+003,3.792510e-001
3.418689e+003,3.786723e-001
3.419172e+003,3.781179e-001
3.419654e+003,3.778101e-001
3.420136e+003,3.779823e-001
3.420618e+003,3.787922e-001
3.421100e+003,3.802499e-001
3.421582e+003,3.821991e-001
3.422064e+003,3.843556e-001
3.422546e+003,3.863833e-001
3.423029e+003,3.880208e-001
3.423510e+003,3.891171e-001
3.423993e+003,3.896653e-001
3.424475e+003,3.897588e-001
3.424957e+003,3.895361e-001
3.425439e+003,3.891113e-001
3.425921e+003,3.885442e-001
3.426403e+003,3.878650e-001
3.426885e+003,3.871117e-001
3.427367e+003,3.863622e-001
3.427850e+003,3.857452e-001
3.428332e+003,3.853819e-001
3.428814e+003,3.853278e-001
3.429296e+003,3.855045e-001
3.429778e+003,3.857095e-001
3.430260e+003,3.856561e-001
3.430742e+003,3.850896e-001
3.431224e+003,3.839154e-001
3.431707e+003,3.822533e-001
3.432189e+003,3.804317e-001
3.432671e+003,3.788626e-001
3.433153e+003,3.779382e-001
3.433635e+003,3.778701e-001
3.434117e+003,3.786481e-001
3.434599e+003,3.800611e-001
3.435081e+003,3.818133e-001
3.435563e+003,3.836400e-001
3.436046e+003,3.853835e-001
3.436528e+003,3.870181e-001
3.437010e+003,3.885785e-001
3.437492e+003,3.900611e-001
3.437974e+003,3.913541e-001
3.438456e+003,3.922232e-001
3.438938e+003,3.923903e-001
3.439420e+003,3.916687e-001
3.439903e+003,3.900639e-001
3.440385e+003,3.878276e-001
3.440867e+003,3.853754e-001
3.441349e+003,3.832001e-001
3.441831e+003,3.816654e-001
3.442313e+003,3.809157e-001
3.442795e+003,3.808608e-001
3.443277e+003,3.812635e-001
3.443760e+003,3.818476e-001
3.444242e+003,3.824290e-001
3.444724e+003,3.829840e-001
3.445206e+003,3.836231e-001
3.445688e+003,3.844988e-001
3.446170e+003,3.856822e-001
3.446652e+003,3.871039e-001
3.447134e+003,3.885624e-001
3.447616e+003,3.898173e-001
3.448099e+003,3.906591e-001
3.448581e+003,3.910134e-001
3.449063e+003,3.909428e-001
3.449545e+003,3.906203e-001
3.450027e+003,3.902446e-001
3.450509e+003,3.899796e-001
3.450991e+003,3.899082e-001
3.451473e+003,3.900203e-001
3.451956e+003,3.902397e-001
3.452438e+003,3.904613e-001
3.452920e+003,3.905860e-001
3.453402e+003,3.905242e-001
3.453884e+003,3.902105e-001
3.454366e+003,3.896132e-001
3.454848e+003,3.887619e-001
3.455330e+003,3.877742e-001
3.455813e+003,3.868618e-001
3.456294e+003,3.863257e-001
3.456777e+003,3.864549e-001
3.457259e+003,3.874357e-001
3.457741e+003,3.892551e-001
3.458223e+003,3.916634e-001
3.458705e+003,3.941964e-001
3.459187e+003,3.962888e-001
3.459669e+003,3.974894e-001
3.460151e+003,3.975612e-001
3.460634e+003,3.965954e-001
3.461116e+003,3.949523e-001
3.461598e+003,3.931705e-001
3.462080e+003,3.917514e-001
3.462562e+003,3.910028e-001
3.463044e+003,3.909750e-001
3.463526e+003,3.914617e-001
3.464008e+003,3.921013e-001
3.464490e+003,3.924811e-001
3.464973e+003,3.923036e-001
3.465455e+003,3.914386e-001
3.465937e+003,3.899574e-001
3.466419e+003,3.880836e-001
3.466901e+003,3.861462e-001
3.467383e+003,3.844934e-001
3.467865e+003,3.834062e-001
3.468347e+003,3.830869e-001
3.468830e+003,3.836091e-001
3.469312e+003,3.849196e-001
3.469794e+003,3.868534e-001
3.470276e+003,3.891814e-001
3.470758e+003,3.916613e-001
3.471240e+003,3.940720e-001
3.471722e+003,3.962643e-001
3.472204e+003,3.981447e-001
3.472687e+003,3.996522e-001
3.473168e+003,4.007322e-001
3.473651e+003,4.013108e-001
3.474133e+003,4.013081e-001
3.474615e+003,4.006727e-001
3.475097e+003,3.994280e-001
3.475579e+003,3.976999e-001
3.476061e+003,3.956926e-001
3.476543e+003,3.936632e-001
3.477025e+003,3.918305e-001
3.477508e+003,3.903175e-001
3.477990e+003,3.891356e-001
3.478472e+003,3.882075e-001
3.478954e+003,3.874390e-001
3.479436e+003,3.867960e-001
3.479918e+003,3.863350e-001
3.480400e+003,3.861904e-001
3.480882e+003,3.864921e-001
3.481365e+003,3.872714e-001
3.481847e+003,3.884124e-001
3.482329e+003,3.896553e-001
3.482811e+003,3.907025e-001
3.483293e+003,3.912791e-001
3.483775e+003,3.912545e-001
3.484257e+003,3.906630e-001
3.484739e+003,3.896781e-001
3.485221e+003,3.885206e-001
3.485704e+003,3.873713e-001
3.486186e+003,3.863230e-001
3.486668e+003,3.853766e-001
3.487150e+003,3.845051e-001
3.487632e+003,3.837280e-001
3.488114e+003,3.831518e-001
3.488596e+003,3.829554e-001
3.489078e+003,3.833163e-001
3.489561e+003,3.843157e-001
3.490043e+003,3.858691e-001
3.490525e+003,3.877179e-001
3.491007e+003,3.895184e-001
3.491489e+003,3.909066e-001
3.491971e+003,3.916522e-001
3.492453e+003,3.917147e-001
3.492935e+003,3.912459e-001
3.493417e+003,3.905090e-001
3.493900e+003,3.897869e-001
3.494382e+003,3.892877e-001
3.494864e+003,3.890756e-001
3.495346e+003,3.890921e-001
3.495828e+003,3.891942e-001
3.496310e+003,3.892342e-001
3.496792e+003,3.890886e-001
3.497274e+003,3.886956e-001
3.497757e+003,3.880501e-001
3.498239e+003,3.871919e-001
3.498721e+003,3.861995e-001
3.499203e+003,3.851829e-001
3.499685e+003,3.843054e-001
3.500167e+003,3.837514e-001
3.500649e+003,3.837065e-001
3.501131e+003,3.843063e-001
3.501614e+003,3.855647e-001
3.502095e+003,3.873416e-001
3.502578e+003,3.893451e-001
3.503060e+003,3.912159e-001
3.503542e+003,3.925666e-001
3.504024e+003,3.931010e-001
3.504506e+003,3.926879e-001
3.504988e+003,3.913673e-001
3.505470e+003,3.893629e-001
3.505952e+003,3.870174e-001
3.506435e+003,3.847508e-001
3.506917e+003,3.829255e-001
3.507399e+003,3.817737e-001
3.507881e+003,3.813424e-001
3.508363e+003,3.814912e-001
3.508845e+003,3.819610e-001
3.509327e+003,3.824857e-001
3.509809e+003,3.829151e-001
3.510292e+003,3.832536e-001
3.510774e+003,3.836614e-001
3.511256e+003,3.843620e-001
3.511738e+003,3.855515e-001
3.512220e+003,3.872785e-001
3.512702e+003,3.894037e-001
3.513184e+003,3.916041e-001
3.513666e+003,3.934910e-001
3.514148e+003,3.947308e-001
3.514631e+003,3.951461e-001
3.515113e+003,3.947926e-001
3.515595e+003,3.939289e-001
3.516077e+003,3.929306e-001
3.516559e+003,3.921292e-001
3.517041e+003,3.917298e-001
3.517523e+003,3.917460e-001
3.518005e+003,3.920394e-001
3.518488e+003,3.923876e-001
3.518970e+003,3.925930e-001
3.519452e+003,3.925652e-001
3.519934e+003,3.923355e-001
3.520416e+003,3.920300e-001
3.520898e+003,3.918020e-001
3.521380e+003,3.917621e-001
3.521862e+003,3.919175e-001
3.522344e+003,3.921763e-001
3.522827e+003,3.923745e-001
3.523309e+003,3.923527e-001
3.523791e+003,3.919968e-001
3.524273e+003,3.912776e-001
3.524755e+003,3.902576e-001
3.525237e+003,3.890813e-001
3.525719e+003,3.879438e-001
3.526201e+003,3.870367e-001
3.526684e+003,3.865302e-001
3.527166e+003,3.865107e-001
3.527648e+003,3.869593e-001
3.528130e+003,3.877469e-001
3.528612e+003,3.886633e-001
3.529094e+003,3.894540e-001
3.529576e+003,3.898704e-001
3.530058e+003,3.897508e-001
3.530541e+003,3.890420e-001
3.531022e+003,3.878218e-001
3.531505e+003,3.862657e-001
3.531987e+003,3.846117e-001
3.532469e+003,3.830959e-001
3.532951e+003,3.818902e-001
3.533433e+003,3.810934e-001
3.533915e+003,3.807147e-001
3.534397e+003,3.807040e-001
3.534879e+003,3.809945e-001
3.535362e+003,3.815406e-001
3.535844e+003,3.823439e-001
3.536326e+003,3.834548e-001
3.536808e+003,3.849440e-001
3.537290e+003,3.868704e-001
3.537772e+003,3.892444e-001
3.538254e+003,3.920152e-001
3.538736e+003,3.950634e-001
3.539219e+003,3.982205e-001
3.539701e+003,4.013105e-001
3.540183e+003,4.041466e-001
3.540665e+003,4.065662e-001
3.541147e+003,4.084401e-001
3.541629e+003,4.096665e-001
3.542111e+003,4.101908e-001
3.542593e+003,4.100166e-001
3.543075e+003,4.092299e-001
3.543558e+003,4.079857e-001
3.544040e+003,4.065037e-001
3.544522e+003,4.050299e-001
3.545004e+003,4.037538e-001
3.545486e+003,4.027855e-001
3.545968e+003,4.021198e-001
3.546450e+003,4.016613e-001
3.546932e+003,4.012646e-001
3.547415e+003,4.007886e-001
3.547897e+003,4.001524e-001
3.548379e+003,3.993260e-001
3.548861e+003,3.983506e-001
3.549343e+003,3.973124e-001
3.549825e+003,3.963312e-001
3.550307e+003,3.955024e-001
3.550789e+003,3.948864e-001
3.551271e+003,3.944953e-001
3.551754e+003,3.942914e-001
3.552236e+003,3.942238e-001
3.552718e+003,3.942382e-001
3.553200e+003,3.942975e-001
3.553682e+003,3.943682e-001
3.554164e+003,3.944300e-001
3.554646e+003,3.944878e-001
3.555128e+003,3.945819e-001
3.555611e+003,3.947955e-001
3.556093e+003,3.952354e-001
3.556575e+003,3.960114e-001
3.557057e+003,3.971712e-001
3.557539e+003,3.986639e-001
3.558021e+003,4.003233e-001
3.558503e+003,4.019204e-001
3.558985e+003,4.032331e-001
3.559468e+003,4.041467e-001
3.559949e+003,4.047161e-001
3.560432e+003,4.051670e-001
3.560914e+003,4.058201e-001
3.561396e+003,4.069592e-001
3.561878e+003,4.087232e-001
3.562360e+003,4.110054e-001
3.562842e+003,4.134556e-001
3.563324e+003,4.155048e-001
3.563806e+003,4.165785e-001
3.564289e+003,4.163126e-001
3.564771e+003,4.147591e-001
3.565253e+003,4.123815e-001
3.565735e+003,4.098700e-001
3.566217e+003,4.078165e-001
3.566699e+003,4.064350e-001
3.567181e+003,4.056200e-001
3.567663e+003,4.050781e-001
3.568146e+003,4.045362e-001
3.568628e+003,4.037912e-001
3.569110e+003,4.027767e-001
3.569592e+003,4.015449e-001
3.570074e+003,4.002067e-001
3.570556e+003,3.988947e-001
3.571038e+003,3.977163e-001
3.571520e+003,3.967469e-001
3.572002e+003,3.960117e-001
3.572485e+003,3.955072e-001
3.572967e+003,3.952206e-001
3.573449e+003,3.951387e-001
3.573931e+003,3.952599e-001
3.574413e+003,3.955866e-001
3.574895e+003,3.961257e-001
3.575377e+003,3.968677e-001
3.575859e+003,3.977742e-001
3.576342e+003,3.987715e-001
3.576824e+003,3.997308e-001
3.577306e+003,4.004958e-001
3.577788e+003,4.009250e-001
3.578270e+003,4.009349e-001
3.578752e+003,4.005597e-001
3.579234e+003,3.999734e-001
3.579716e+003,3.994842e-001
3.580198e+003,3.994393e-001
3.580681e+003,4.001607e-001
3.581163e+003,4.018384e-001
3.581645e+003,4.044739e-001
3.582127e+003,4.078541e-001
3.582609e+003,4.115855e-001
3.583091e+003,4.152010e-001
3.583573e+003,4.181928e-001
3.584055e+003,4.201659e-001
3.584538e+003,4.209322e-001
3.585020e+003,4.205808e-001
3.585502e+003,4.194162e-001
3.585984e+003,4.178121e-001
3.586466e+003,4.160772e-001
3.586948e+003,4.143321e-001
3.587430e+003,4.125992e-001
3.587912e+003,4.109123e-001
3.588395e+003,4.093907e-001
3.588876e+003,4.082196e-001
3.589359e+003,4.075942e-001
3.589841e+003,4.076495e-001
3.590323e+003,4.083766e-001
3.590805e+003,4.096062e-001
3.591287e+003,4.110455e-001
3.591769e+003,4.123235e-001
3.592251e+003,4.131165e-001
3.592733e+003,4.132367e-001
3.593216e+003,4.126893e-001
3.593698e+003,4.116391e-001
3.594180e+003,4.103418e-001
3.594662e+003,4.090498e-001
3.595144e+003,4.079058e-001
3.595626e+003,4.069100e-001
3.596108e+003,4.059220e-001
3.596590e+003,4.047393e-001
3.597073e+003,4.031541e-001
3.597555e+003,4.010783e-001
3.598037e+003,3.985987e-001
3.598519e+003,3.960110e-001
3.599001e+003,3.937386e-001
3.599483e+003,3.922026e-001
3.599965e+003,3.917410e-001
3.600447e+003,3.924884e-001
3.600929e+003,3.943840e-001
3.601412e+003,3.971996e-001
3.601894e+003,4.006327e-001
3.602376e+003,4.043102e-001
3.602858e+003,4.078204e-001
3.603340e+003,4.107947e-001
3.603822e+003,4.128872e-001
3.604304e+003,4.138815e-001
3.604786e+003,4.137740e-001
3.605269e+003,4.128679e-001
3.605751e+003,4.117560e-001
3.606233e+003,4.111496e-001
3.606715e+003,4.116916e-001
3.607197e+003,4.136045e-001
3.607679e+003,4.166058e-001
3.608161e+003,4.199806e-001
3.608643e+003,4.228930e-001
3.609125e+003,4.245994e-001
3.609608e+003,4.246583e-001
3.610090e+003,4.230865e-001
3.610572e+003,4.203336e-001
3.611054e+003,4.171875e-001
3.611536e+003,4.144400e-001
3.612018e+003,4.126883e-001
3.612500e+003,4.120680e-001
3.612982e+003,4.123108e-001
3.613465e+003,4.129218e-001
3.613947e+003,4.134393e-001
3.614429e+003,4.135713e-001
3.614911e+003,4.132202e-001
3.615393e+003,4.124967e-001
3.615875e+003,4.116426e-001
3.616357e+003,4.109564e-001
3.616839e+003,4.106209e-001
3.617322e+003,4.106556e-001
3.617803e+003,4.108722e-001
3.618286e+003,4.109642e-001
3.618768e+003,4.106457e-001
3.619250e+003,4.097926e-001
3.619732e+003,4.084963e-001
3.620214e+003,4.070467e-001
3.620696e+003,4.058723e-001
3.621178e+003,4.054559e-001
3.621660e+003,4.062537e-001
3.622143e+003,4.085836e-001
3.622625e+003,4.125369e-001
3.623107e+003,4.178789e-001
3.623589e+003,4.240720e-001
3.624071e+003,4.302344e-001
3.624553e+003,4.352146e-001
3.625035e+003,4.378430e-001
3.625517e+003,4.371400e-001
3.626000e+003,4.329309e-001
3.626482e+003,4.262410e-001
3.626964e+003,4.193590e-001
3.627446e+003,4.145401e-001
3.627928e+003,4.126049e-001
3.628410e+003,4.127648e-001
3.628892e+003,4.135158e-001
3.629374e+003,4.137169e-001
3.629856e+003,4.128517e-001
3.630339e+003,4.109983e-001
3.630821e+003,4.084639e-001
3.631303e+003,4.056656e-001
3.631785e+003,4.030053e-001
3.632267e+003,4.007826e-001
3.632749e+003,3.991125e-001
3.633231e+003,3.979083e-001
3.633713e+003,3.970188e-001
3.634196e+003,3.963243e-001
3.634678e+003,3.958206e-001
3.635160e+003,3.955882e-001
3.635642e+003,3.957269e-001
3.636124e+003,3.962655e-001
3.636606e+003,3.971057e-001
3.637088e+003,3.980432e-001
3.637570e+003,3.988281e-001
3.638052e+003,3.992582e-001
3.638535e+003,3.992745e-001
3.639017e+003,3.989864e-001
3.639499e+003,3.986584e-001
3.639981e+003,3.986069e-001
3.640463e+003,3.991414e-001
3.640945e+003,4.004557e-001
3.641427e+003,4.025910e-001
3.641909e+003,4.054520e-001
3.642392e+003,4.088595e-001
3.642874e+003,4.126109e-001
3.643356e+003,4.164807e-001
3.643838e+003,4.202819e-001
3.644320e+003,4.238512e-001
3.644802e+003,4.270422e-001
3.645284e+003,4.296821e-001
3.645766e+003,4.315298e-001
3.646249e+003,4.322375e-001
3.646730e+003,4.314237e-001
3.647213e+003,4.288786e-001
3.647695e+003,4.248129e-001
3.648177e+003,4.198858e-001
3.648659e+003,4.150456e-001
3.649141e+003,4.110868e-001
3.649623e+003,4.083802e-001
3.650105e+003,4.069245e-001
3.650587e+003,4.064695e-001
3.651070e+003,4.066917e-001
3.651552e+003,4.072147e-001
3.652034e+003,4.077532e-001
3.652516e+003,4.080372e-001
3.652998e+003,4.079199e-001
3.653480e+003,4.074522e-001
3.653962e+003,4.069075e-001
3.654444e+003,4.066290e-001
3.654927e+003,4.067337e-001
3.655409e+003,4.070879e-001
3.655891e+003,4.073629e-001
3.656373e+003,4.073103e-001
3.656855e+003,4.068799e-001
3.657337e+003,4.062224e-001
3.657819e+003,4.055465e-001
3.658301e+003,4.049845e-001
3.658783e+003,4.045596e-001
3.659266e+003,4.041830e-001
3.659748e+003,4.037206e-001
3.660230e+003,4.030822e-001
3.660712e+003,4.022871e-001
3.661194e+003,4.014820e-001
3.661676e+003,4.008731e-001
3.662158e+003,4.006792e-001
3.662640e+003,4.010419e-001
3.663123e+003,4.020027e-001
3.663605e+003,4.035121e-001
3.664087e+003,4.054618e-001
3.664569e+003,4.077096e-001
3.665051e+003,4.100324e-001
3.665533e+003,4.121345e-001
3.666015e+003,4.136263e-001
3.666497e+003,4.141169e-001
3.666979e+003,4.134373e-001
3.667462e+003,4.119292e-001
3.667944e+003,4.105273e-001
3.668426e+003,4.102851e-001
3.668908e+003,4.119079e-001
3.669390e+003,4.152842e-001
3.669872e+003,4.197154e-001
3.670354e+003,4.242775e-001
3.670836e+003,4.281550e-001
3.671319e+003,4.306911e-001
3.671801e+003,4.312233e-001
3.672283e+003,4.294321e-001
3.672765e+003,4.256958e-001
3.673247e+003,4.214647e-001
3.673729e+003,4.185078e-001
3.674211e+003,4.177761e-001
3.674693e+003,4.185053e-001
3.675176e+003,4.189319e-001
3.675657e+003,4.176170e-001
3.676140e+003,4.141861e-001
3.676622e+003,4.091923e-001
3.677104e+003,4.035648e-001
3.677586e+003,3.982954e-001
3.678068e+003,3.941230e-001
3.678550e+003,3.914172e-001
3.679032e+003,3.901091e-001
3.679514e+003,3.898866e-001
3.679997e+003,3.904443e-001
3.680479e+003,3.916832e-001
3.680961e+003,3.937364e-001
3.681443e+003,3.968500e-001
3.681925e+003,4.011714e-001
3.682407e+003,4.065818e-001
3.682889e+003,4.126300e-001
3.683371e+003,4.186726e-001
3.683854e+003,4.239455e-001
3.684336e+003,4.277958e-001
3.684818e+003,4.298217e-001
3.685300e+003,4.299429e-001
3.685782e+003,4.284589e-001
3.686264e+003,4.259711e-001
3.686746e+003,4.232602e-001
3.687228e+003,4.208630e-001
3.687710e+003,4.189507e-001
3.688193e+003,4.173936e-001
3.688675e+003,4.160272e-001
3.689157e+003,4.148252e-001
3.689639e+003,4.138835e-001
3.690121e+003,4.132991e-001
3.690603e+003,4.130293e-001
3.691085e+003,4.128983e-001
3.691567e+003,4.127011e-001
3.692050e+003,4.122707e-001
3.692532e+003,4.115937e-001
3.693014e+003,4.108223e-001
3.693496e+003,4.102243e-001
3.693978e+003,4.100846e-001
3.694460e+003,4.106047e-001
3.694942e+003,4.118326e-001
3.695424e+003,4.136319e-001
3.695906e+003,4.157428e-001
3.696389e+003,4.178527e-001
3.696871e+003,4.196943e-001
3.697353e+003,4.210235e-001
3.697835e+003,4.216396e-001
3.698317e+003,4.214036e-001
3.698799e+003,4.202737e-001
3.699281e+003,4.183747e-001
3.699763e+003,4.159927e-001
3.700246e+003,4.135760e-001
3.700728e+003,4.115515e-001
3.701210e+003,4.102562e-001
3.701692e+003,4.099106e-001
3.702174e+003,4.106041e-001
3.702656e+003,4.123234e-001
3.703138e+003,4.149541e-001
3.703620e+003,4.183332e-001
3.704103e+003,4.222011e-001
3.704584e+003,4.262330e-001
3.705067e+003,4.300815e-001
3.705549e+003,4.333368e-001
3.706031e+003,4.355946e-001
3.706513e+003,4.365040e-001
3.706995e+003,4.358238e-001
3.707477e+003,4.335006e-001
3.707959e+003,4.297268e-001
3.708441e+003,4.250076e-001
3.708924e+003,4.200397e-001
3.709406e+003,4.155940e-001
3.709888e+003,4.122904e-001
3.710370e+003,4.103527e-001
3.710852e+003,4.096143e-001
3.711334e+003,4.096310e-001
3.711816e+003,4.099316e-001
3.712298e+003,4.101602e-001
3.712781e+003,4.101769e-001
3.713263e+003,4.100420e-001
3.713745e+003,4.098812e-001
3.714227e+003,4.098625e-001
3.714709e+003,4.101361e-001
3.715191e+003,4.107987e-001
3.715673e+003,4.118726e-001
3.716155e+003,4.132821e-001
3.716637e+003,4.148553e-001
3.717120e+003,4.163474e-001
3.717602e+003,4.175163e-001
3.718084e+003,4.182095e-001
3.718566e+003,4.184314e-001
3.719048e+003,4.183582e-001
3.719530e+003,4.182862e-001
3.720012e+003,4.184934e-001
3.720494e+003,4.191400e-001
3.720977e+003,4.201513e-001
3.721459e+003,4.212483e-001
3.721941e+003,4.220431e-001
3.722423e+003,4.222359e-001
3.722905e+003,4.217460e-001
3.723387e+003,4.207815e-001
3.723869e+003,4.197762e-001
3.724351e+003,4.192640e-001
3.724833e+003,4.196709e-001
3.725316e+003,4.211043e-001
3.725798e+003,4.233752e-001
3.726280e+003,4.260907e-001
3.726762e+003,4.288859e-001
3.727244e+003,4.315004e-001
3.727726e+003,4.338638e-001
3.728208e+003,4.360641e-001
3.728690e+003,4.382383e-001
3.729173e+003,4.405181e-001
3.729655e+003,4.429322e-001
3.730137e+003,4.453470e-001
3.730619e+003,4.473864e-001
3.731101e+003,4.484973e-001
3.731583e+003,4.481093e-001
3.732065e+003,4.459047e-001
3.732547e+003,4.420147e-001
3.733030e+003,4.371302e-001
3.733511e+003,4.322885e-001
3.733994e+003,4.285483e-001
3.734476e+003,4.264433e-001
3.734958e+003,4.257464e-001
3.735440e+003,4.257396e-001
3.735922e+003,4.256956e-001
3.736404e+003,4.252805e-001
3.736886e+003,4.246095e-001
3.737368e+003,4.241363e-001
3.737851e+003,4.243848e-001
3.738333e+003,4.257205e-001
3.738815e+003,4.282243e-001
3.739297e+003,4.316143e-001
3.739779e+003,4.352760e-001
3.740261e+003,4.384450e-001
3.740743e+003,4.402799e-001
3.741225e+003,4.402735e-001
3.741708e+003,4.386739e-001
3.742190e+003,4.368608e-001
3.742672e+003,4.366322e-001
3.743154e+003,4.387733e-001
3.743636e+003,4.423646e-001
3.744118e+003,4.455164e-001
3.744600e+003,4.469351e-001
3.745082e+003,4.464498e-001
3.745564e+003,4.447221e-001
3.746047e+003,4.424427e-001
3.746529e+003,4.401333e-001
3.747011e+003,4.381126e-001
3.747493e+003,4.365425e-001
3.747975e+003,4.353626e-001
3.748457e+003,4.342363e-001
3.748939e+003,4.327559e-001
3.749421e+003,4.306827e-001
3.749904e+003,4.281552e-001
3.750386e+003,4.256313e-001
3.750868e+003,4.235456e-001
3.751350e+003,4.220651e-001
3.751832e+003,4.210395e-001
3.752314e+003,4.201824e-001
3.752796e+003,4.192384e-001
3.753278e+003,4.180963e-001
3.753760e+003,4.168638e-001
3.754243e+003,4.157439e-001
3.754725e+003,4.149736e-001
3.755207e+003,4.146872e-001
3.755689e+003,4.148506e-001
3.756171e+003,4.152146e-001
3.756653e+003,4.154204e-001
3.757135e+003,4.151972e-001
3.757617e+003,4.145271e-001
3.758100e+003,4.136811e-001
3.758582e+003,4.131020e-001
3.759064e+003,4.131267e-001
3.759546e+003,4.138497e-001
3.760028e+003,4.150842e-001
3.760510e+003,4.165049e-001
3.760992e+003,4.177348e-001
3.761474e+003,4.184742e-001
3.761957e+003,4.186241e-001
3.762438e+003,4.182951e-001
3.762921e+003,4.178327e-001
3.763403e+003,4.176391e-001
3.763885e+003,4.180278e-001
3.764367e+003,4.189803e-001
3.764849e+003,4.201762e-001
3.765331e+003,4.211204e-001
3.765813e+003,4.213770e-001
3.766295e+003,4.206670e-001
3.766778e+003,4.189629e-001
3.767260e+003,4.165495e-001
3.767742e+003,4.139777e-001
3.768224e+003,4.118724e-001
3.768706e+003,4.105870e-001
3.769188e+003,4.101442e-001
3.769670e+003,4.102537e-001
3.770152e+003,4.105500e-001
3.770635e+003,4.107199e-001
3.771117e+003,4.106346e-001
3.771599e+003,4.103609e-001
3.772081e+003,4.100956e-001
3.772563e+003,4.101098e-001
3.773045e+003,4.106278e-001
3.773527e+003,4.117239e-001
3.774009e+003,4.132488e-001
3.774491e+003,4.148303e-001
3.774974e+003,4.159537e-001
3.775456e+003,4.161590e-001
3.775938e+003,4.151799e-001
3.776420e+003,4.131279e-001
3.776902e+003,4.104828e-001
3.777384e+003,4.080091e-001
3.777866e+003,4.063888e-001
3.778348e+003,4.059059e-001
3.778831e+003,4.063919e-001
3.779313e+003,4.073482e-001
3.779795e+003,4.082516e-001
3.780277e+003,4.087159e-001
3.780759e+003,4.086435e-001
3.781241e+003,4.081546e-001
3.781723e+003,4.075105e-001
3.782205e+003,4.069800e-001
3.782688e+003,4.067429e-001
3.783170e+003,4.068020e-001
3.783652e+003,4.069927e-001
3.784134e+003,4.071106e-001
3.784616e+003,4.070361e-001
3.785098e+003,4.068116e-001
3.785580e+003,4.066109e-001
3.786062e+003,4.066460e-001
3.786544e+003,4.070609e-001
3.787027e+003,4.078749e-001
3.787509e+003,4.089829e-001
3.787991e+003,4.102220e-001
3.788473e+003,4.114531e-001
3.788955e+003,4.126329e-001
3.789437e+003,4.138137e-001
3.789919e+003,4.151018e-001
3.790401e+003,4.165703e-001
3.790884e+003,4.182090e-001
3.791365e+003,4.198987e-001
3.791848e+003,4.214689e-001
3.792330e+003,4.227377e-001
3.792812e+003,4.236234e-001
3.793294e+003,4.242114e-001
3.793776e+003,4.247941e-001
3.794258e+003,4.257541e-001
3.794740e+003,4.273985e-001
3.795222e+003,4.297895e-001
3.795705e+003,4.326610e-001
3.796187e+003,4.355230e-001
3.796669e+003,4.377638e-001
3.797151e+003,4.388414e-001
3.797633e+003,4.382424e-001
3.798115e+003,4.357494e-001
3.798597e+003,4.317178e-001
3.799079e+003,4.273523e-001
3.799562e+003,4.243259e-001
3.800044e+003,4.238044e-001
3.800526e+003,4.258136e-001
3.801008e+003,4.291979e-001
3.801490e+003,4.324984e-001
3.801972e+003,4.345428e-001
3.802454e+003,4.347896e-001
3.802936e+003,4.330257e-001
3.803418e+003,4.293306e-001
3.803901e+003,4.241860e-001
3.804383e+003,4.185685e-001
3.804865e+003,4.137699e-001
3.805347e+003,4.107252e-001
3.805829e+003,4.096486e-001
3.806311e+003,4.098667e-001
3.806793e+003,4.104078e-001
3.807275e+003,4.105780e-001
3.807758e+003,4.102805e-001
3.808240e+003,4.098867e-001
3.808722e+003,4.099386e-001
3.809204e+003,4.109319e-001
3.809686e+003,4.131269e-001
3.810168e+003,4.164494e-001
3.810650e+003,4.205215e-001
3.811132e+003,4.247445e-001
3.811615e+003,4.284510e-001
3.812097e+003,4.311254e-001
3.812579e+003,4.325207e-001
3.813061e+003,4.328757e-001
3.813543e+003,4.328792e-001
3.814025e+003,4.335216e-001
3.814507e+003,4.354354e-001
3.814989e+003,4.385101e-001
3.815471e+003,4.420482e-001
3.815954e+003,4.452474e-001
3.816436e+003,4.475408e-001
3.816918e+003,4.485189e-001
3.817400e+003,4.479489e-001
3.817882e+003,4.457197e-001
3.818364e+003,4.421938e-001
3.818846e+003,4.383134e-001
3.819328e+003,4.354473e-001
3.819811e+003,4.345099e-001
3.820292e+003,4.352901e-001
3.820775e+003,4.367754e-001
3.821257e+003,4.378474e-001
3.821739e+003,4.378901e-001
3.822221e+003,4.367131e-001
3.822703e+003,4.345064e-001
3.823185e+003,4.316576e-001
3.823667e+003,4.287088e-001
3.824149e+003,4.262547e-001
3.824632e+003,4.248150e-001
3.825114e+003,4.246471e-001
3.825596e+003,4.255939e-001
3.826078e+003,4.272197e-001
3.826560e+003,4.289919e-001
3.827042e+003,4.305261e-001
3.827524e+003,4.315927e-001
3.828006e+003,4.321608e-001
3.828489e+003,4.323387e-001
3.828971e+003,4.323228e-001
3.829453e+003,4.323316e-001
3.829935e+003,4.325408e-001
3.830417e+003,4.330813e-001
3.830899e+003,4.340082e-001
3.831381e+003,4.353562e-001
3.831863e+003,4.371498e-001
3.832345e+003,4.394045e-001
3.832828e+003,4.420526e-001
3.833310e+003,4.448945e-001
3.833792e+003,4.476250e-001
3.834274e+003,4.498229e-001
3.834756e+003,4.510818e-001
3.835238e+003,4.511350e-001
3.835720e+003,4.499493e-001
3.836202e+003,4.477142e-001
3.836685e+003,4.447296e-001
3.837167e+003,4.413322e-001
3.837649e+003,4.377627e-001
3.838131e+003,4.342064e-001
3.838613e+003,4.308110e-001
3.839095e+003,4.277078e-001
3.839577e+003,4.249660e-001
3.840059e+003,4.225874e-001
3.840542e+003,4.205489e-001
3.841024e+003,4.188340e-001
3.841506e+003,4.174860e-001
3.841988e+003,4.165926e-001
3.842470e+003,4.162937e-001
3.842952e+003,4.166967e-001
3.843434e+003,4.178376e-001
3.843916e+003,4.196776e-001
3.844398e+003,4.221271e-001
3.844881e+003,4.250928e-001
3.845363e+003,4.285181e-001
3.845845e+003,4.324432e-001
3.846327e+003,4.369753e-001
3.846809e+003,4.422373e-001
3.847291e+003,4.482804e-001
3.847773e+003,4.549514e-001
3.848255e+003,4.617886e-001
3.848738e+003,4.680255e-001
3.849219e+003,4.725290e-001
3.849702e+003,4.740864e-001
3.850184e+003,4.719053e-001
3.850666e+003,4.664452e-001
3.851148e+003,4.597641e-001
3.851630e+003,4.546224e-001
3.852112e+003,4.526751e-001
3.852594e+003,4.531791e-001
3.853076e+003,4.539937e-001
3.853559e+003,4.533064e-001
3.854041e+003,4.506487e-001
3.854523e+003,4.465357e-001
3.855005e+003,4.418924e-001
3.855487e+003,4.376193e-001
3.855969e+003,4.343073e-001
3.856451e+003,4.321842e-001
3.856933e+003,4.311615e-001
3.857416e+003,4.309360e-001
3.857898e+003,4.311580e-001
3.858380e+003,4.315498e-001
3.858862e+003,4.319488e-001
3.859344e+003,4.322737e-001
3.859826e+003,4.324478e-001
3.860308e+003,4.323466e-001
3.860790e+003,4.318288e-001
3.861272e+003,4.308818e-001
3.861755e+003,4.297886e-001
3.862237e+003,4.291269e-001
3.862719e+003,4.296481e-001
3.863201e+003,4.318809e-001
3.863683e+003,4.357956e-001
3.864165e+003,4.407541e-001
3.864647e+003,4.457293e-001
3.865129e+003,4.497001e-001
3.865612e+003,4.517880e-001
3.866094e+003,4.515881e-001
3.866576e+003,4.492696e-001
3.867058e+003,4.457655e-001
3.867540e+003,4.425146e-001
3.868022e+003,4.409551e-001
3.868504e+003,4.416131e-001
3.868986e+003,4.436904e-001
3.869469e+003,4.456404e-001
3.869951e+003,4.460827e-001
3.870433e+003,4.444884e-001
3.870915e+003,4.410591e-001
3.871397e+003,4.366160e-001
3.871879e+003,4.322567e-001
3.872361e+003,4.290848e-001
3.872843e+003,4.277322e-001
3.873325e+003,4.281857e-001
3.873808e+003,4.299291e-001
3.874290e+003,4.322916e-001
3.874772e+003,4.347419e-001
3.875254e+003,4.369567e-001
3.875736e+003,4.388049e-001
3.876218e+003,4.401448e-001
3.876700e+003,4.408224e-001
3.877182e+003,4.407393e-001
3.877665e+003,4.399964e-001
3.878146e+003,4.389576e-001
3.878629e+003,4.380966e-001
3.879111e+003,4.378446e-001
3.879593e+003,4.382975e-001
3.880075e+003,4.392304e-001
3.880557e+003,4.402061e-001
3.881039e+003,4.408034e-001
3.881521e+003,4.406871e-001
3.882003e+003,4.397062e-001
3.882486e+003,4.380522e-001
3.882968e+003,4.363002e-001
3.883450e+003,4.352870e-001
3.883932e+003,4.355942e-001
3.884414e+003,4.372427e-001
3.884896e+003,4.395530e-001
3.885378e+003,4.416051e-001
3.885860e+003,4.427083e-001
3.886343e+003,4.426933e-001
3.886825e+003,4.418128e-001
3.887307e+003,4.404528e-001
3.887789e+003,4.390179e-001
3.888271e+003,4.378236e-001
3.888753e+003,4.370821e-001
3.889235e+003,4.368180e-001
3.889717e+003,4.369156e-001
3.890199e+003,4.371541e-001
3.890682e+003,4.373108e-001
3.891164e+003,4.373024e-001
3.891646e+003,4.371881e-001
3.892128e+003,4.371051e-001
3.892610e+003,4.371195e-001
3.893092e+003,4.371838e-001
3.893574e+003,4.371687e-001
3.894056e+003,4.368832e-001
3.894539e+003,4.362035e-001
3.895021e+003,4.351270e-001
3.895503e+003,4.338256e-001
3.895985e+003,4.326041e-001
3.896467e+003,4.318753e-001
3.896949e+003,4.320529e-001
3.897431e+003,4.333777e-001
3.897913e+003,4.358506e-001
3.898396e+003,4.391470e-001
3.898878e+003,4.427000e-001
3.899360e+003,4.457656e-001
3.899842e+003,4.476197e-001
3.900324e+003,4.477571e-001
3.900806e+003,4.459794e-001
3.901288e+003,4.425396e-001
3.901770e+003,4.380822e-001
3.902252e+003,4.335146e-001
3.902735e+003,4.296159e-001
3.903217e+003,4.268409e-001
3.903699e+003,4.252347e-001
3.904181e+003,4.245238e-001
3.904663e+003,4.243143e-001
3.905145e+003,4.242507e-001
3.905627e+003,4.241447e-001
3.906109e+003,4.239259e-001
3.906592e+003,4.236512e-001
3.907073e+003,4.234406e-001
3.907556e+003,4.234329e-001
3.908038e+003,4.237414e-001
3.908520e+003,4.244331e-001
3.909002e+003,4.255477e-001
3.909484e+003,4.270795e-001
3.909966e+003,4.289817e-001
3.910448e+003,4.311478e-001
3.910930e+003,4.334198e-001
3.911413e+003,4.355877e-001
3.911895e+003,4.374303e-001
3.912377e+003,4.387824e-001
3.912859e+003,4.395490e-001
3.913341e+003,4.397462e-001
3.913823e+003,4.394771e-001
3.914305e+003,4.388909e-001
3.914787e+003,4.381013e-001
3.915270e+003,4.371273e-001
3.915752e+003,4.359244e-001
3.916234e+003,4.344566e-001
3.916716e+003,4.328078e-001
3.917198e+003,4.312393e-001
3.917680e+003,4.301186e-001
3.918162e+003,4.298013e-001
3.918644e+003,4.304612e-001
3.919126e+003,4.319990e-001
3.919609e+003,4.340240e-001
3.920091e+003,4.359636e-001
3.920573e+003,4.372825e-001
3.921055e+003,4.375943e-001
3.921537e+003,4.368436e-001
3.922019e+003,4.353134e-001
3.922501e+003,4.335675e-001
3.922983e+003,4.321949e-001
3.923466e+003,4.315908e-001
3.923948e+003,4.318609e-001
3.924430e+003,4.328179e-001
3.924912e+003,4.341267e-001
3.925394e+003,4.354398e-001
3.925876e+003,4.365411e-001
3.926358e+003,4.373261e-001
3.926840e+003,4.378053e-001
3.927323e+003,4.380540e-001
3.927805e+003,4.381603e-001
3.928287e+003,4.381832e-001
3.928769e+003,4.381329e-001
3.929251e+003,4.379943e-001
3.929733e+003,4.377402e-001
3.930215e+003,4.373593e-001
3.930697e+003,4.368668e-001
3.931179e+003,4.362899e-001
3.931662e+003,4.356586e-001
3.932144e+003,4.349977e-001
3.932626e+003,4.343206e-001
3.933108e+003,4.336176e-001
3.933590e+003,4.328499e-001
3.934072e+003,4.319675e-001
3.934554e+003,4.309095e-001
3.935036e+003,4.296584e-001
3.935519e+003,4.282695e-001
3.936000e+003,4.268980e-001
3.936483e+003,4.257628e-001
3.936965e+003,4.250793e-001
3.937447e+003,4.250079e-001
3.937929e+003,4.255758e-001
3.938411e+003,4.266639e-001
3.938893e+003,4.280267e-001
3.939375e+003,4.294055e-001
3.939857e+003,4.306034e-001
3.940340e+003,4.315812e-001
3.940822e+003,4.324352e-001
3.941304e+003,4.333486e-001
3.941786e+003,4.344578e-001
3.942268e+003,4.357691e-001
3.942750e+003,4.371511e-001
3.943232e+003,4.383875e-001
3.943714e+003,4.392733e-001
3.944197e+003,4.396457e-001
3.944679e+003,4.394613e-001
3.945161e+003,4.387802e-001
3.945643e+003,4.377298e-001
3.946125e+003,4.364231e-001
3.946607e+003,4.349282e-001
3.947089e+003,4.332570e-001
3.947571e+003,4.314024e-001
3.948053e+003,4.294207e-001
3.948536e+003,4.274725e-001
3.949018e+003,4.257975e-001
3.949500e+003,4.246663e-001
3.949982e+003,4.242707e-001
3.950464e+003,4.246522e-001
3.950946e+003,4.256722e-001
3.951428e+003,4.270554e-001
3.951910e+003,4.284776e-001
3.952393e+003,4.296374e-001
3.952875e+003,4.303656e-001
3.953357e+003,4.306458e-001
3.953839e+003,4.306082e-001
3.954321e+003,4.304619e-001
3.954803e+003,4.304413e-001
3.955285e+003,4.307316e-001
3.955767e+003,4.314102e-001
3.956250e+003,4.324470e-001
3.956732e+003,4.337008e-001
3.957214e+003,4.349755e-001
3.957696e+003,4.360476e-001
3.958178e+003,4.367447e-001
3.958660e+003,4.369915e-001
3.959142e+003,4.368291e-001
3.959624e+003,4.363977e-001
3.960106e+003,4.358800e-001
3.960589e+003,4.354418e-001
3.961071e+003,4.351462e-001
3.961553e+003,4.349489e-001
3.962035e+003,4.347221e-001
3.962517e+003,4.343325e-001
3.962999e+003,4.337021e-001
3.963481e+003,4.328641e-001
3.963963e+003,4.319508e-001
3.964446e+003,4.311542e-001
3.964927e+003,4.306402e-001
3.965410e+003,4.304819e-001
3.965892e+003,4.306403e-001
3.966374e+003,4.309883e-001
3.966856e+003,4.313771e-001
3.967338e+003,4.316940e-001
3.967820e+003,4.319068e-001
3.968302e+003,4.320441e-001
3.968784e+003,4.321455e-001
3.969267e+003,4.322107e-001
3.969749e+003,4.321635e-001
3.970231e+003,4.318761e-001
3.970713e+003,4.312359e-001
3.971195e+003,4.302020e-001
3.971677e+003,4.288620e-001
3.972159e+003,4.274121e-001
3.972641e+003,4.261194e-001
3.973124e+003,4.252216e-001
3.973606e+003,4.248603e-001
3.974088e+003,4.250586e-001
3.974570e+003,4.257337e-001
3.975052e+003,4.267463e-001
3.975534e+003,4.279502e-001
3.976016e+003,4.292368e-001
3.976498e+003,4.305293e-001
3.976980e+003,4.317711e-001
3.977463e+003,4.329144e-001
3.977945e+003,4.339102e-001
3.978427e+003,4.347259e-001
3.978909e+003,4.353687e-001
3.979391e+003,4.358933e-001
3.979873e+003,4.363883e-001
3.980355e+003,4.369363e-001
3.980837e+003,4.375812e-001
3.981320e+003,4.382875e-001
3.981802e+003,4.389538e-001
3.982284e+003,4.394370e-001
3.982766e+003,4.396232e-001
3.983248e+003,4.394656e-001
3.983730e+003,4.390142e-001
3.984212e+003,4.383937e-001
3.984694e+003,4.377780e-001
3.985177e+003,4.373336e-001
3.985659e+003,4.371749e-001
3.986141e+003,4.373564e-001
3.986623e+003,4.378655e-001
3.987105e+003,4.386373e-001
3.987587e+003,4.395586e-001
3.988069e+003,4.404911e-001
3.988551e+003,4.412839e-001
3.989033e+003,4.417881e-001
3.989516e+003,4.419026e-001
3.989998e+003,4.415951e-001
3.990480e+003,4.409315e-001
3.990962e+003,4.400550e-001
3.991444e+003,4.391695e-001
3.991926e+003,4.384744e-001
3.992408e+003,4.380966e-001
3.992890e+003,4.380654e-001
3.993373e+003,4.383005e-001
3.993854e+003,4.386525e-001
3.994337e+003,4.389550e-001
3.994819e+003,4.390903e-001
3.995301e+003,4.390229e-001
3.995783e+003,4.387973e-001
3.996265e+003,4.385087e-001
3.996747e+003,4.382589e-001
3.997229e+003,4.381140e-001
3.997711e+003,4.380780e-001
3.998194e+003,4.380911e-001
3.998676e+003,4.380504e-001
3.999158e+003,4.378505e-001
3.999640e+003,4.374086e-001
4.000122e+003,4.367074e-001
